time_start_sec,duration_sec,pitch,velocity,track,instrument,track_new,time_start_tick,duration_tick
0.0,0.20833325,75,82,Jeux dEau - Maurice Ravel,Acoustic Grand Piano _ 1,Piano 1,0,60
0.20833325,0.20833325,80,82,Jeux dEau - Maurice Ravel,Acoustic Grand Piano _ 1,Piano 1,60,60
0.4166665,0.20833324999999997,87,82,Jeux dEau - Maurice Ravel,Acoustic Grand Piano _ 1,Piano 1,120,60
0.62499975,0.20833325000000003,90,82,Jeux dEau - Maurice Ravel,Acoustic Grand Piano _ 1,Piano 1,180,60
0.833333,0.20833325000000003,87,82,Jeux dEau - Maurice Ravel,Acoustic Grand Piano _ 1,Piano 1,240,60
1.04166625,0.20833324999999991,80,82,Jeux dEau - Maurice Ravel,Acoustic Grand Piano _ 1,Piano 1,300,60
1.2499995,0.10416662499999996,73,82,Jeux dEau - Maurice Ravel,Acoustic Grand Piano _ 1,Piano 1,360,30
1.3541661249999999,0.10416662499999996,80,82,Jeux dEau - Maurice Ravel,Acoustic Grand Piano _ 1,Piano 1,390,30
1.4583327499999998,0.10416662500000018,85,82,Jeux dEau - Maurice Ravel,Acoustic Grand Piano _ 1,Piano 1,420,30
1.562499375,0.10416662499999996,88,82,Jeux dEau - Maurice Ravel,Acoustic Grand Piano _ 1,Piano 1,450,30
1.666666,0.20833324999999991,75,82,Jeux dEau - Maurice Ravel,Acoustic Grand Piano _ 1,Piano 1,480,60
1.87499925,0.20833325000000014,80,82,Jeux dEau - Maurice Ravel,Acoustic Grand Piano _ 1,Piano 1,540,60
2.0833325,0.20833324999999991,87,82,Jeux dEau - Maurice Ravel,Acoustic Grand Piano _ 1,Piano 1,600,60
2.29166575,0.20833324999999991,90,82,Jeux dEau - Maurice Ravel,Acoustic Grand Piano _ 1,Piano 1,660,60
2.499999,0.20833324999999991,87,82,Jeux dEau - Maurice Ravel,Acoustic Grand Piano _ 1,Piano 1,720,60
2.7083322499999998,0.20833324999999991,80,82,Jeux dEau - Maurice Ravel,Acoustic Grand Piano _ 1,Piano 1,780,60
2.9166654999999997,0.10416662499999996,73,82,Jeux dEau - Maurice Ravel,Acoustic Grand Piano _ 1,Piano 1,840,30
3.0208321249999996,0.1041666250000004,80,82,Jeux dEau - Maurice Ravel,Acoustic Grand Piano _ 1,Piano 1,870,30
3.12499875,0.10416662499999996,85,82,Jeux dEau - Maurice Ravel,Acoustic Grand Piano _ 1,Piano 1,900,30
3.229165375,0.10416662499999996,88,82,Jeux dEau - Maurice Ravel,Acoustic Grand Piano _ 1,Piano 1,930,30
3.333332,0.20833337500000004,75,82,Jeux dEau - Maurice Ravel,Acoustic Grand Piano _ 1,Piano 1,960,30
3.541665375,0.20833337500000004,80,82,Jeux dEau - Maurice Ravel,Acoustic Grand Piano _ 1,Piano 1,990,30
3.74999875,0.20833337500000004,87,82,Jeux dEau - Maurice Ravel,Acoustic Grand Piano _ 1,Piano 1,1020,30
3.958332125,0.2083333749999996,90,82,Jeux dEau - Maurice Ravel,Acoustic Grand Piano _ 1,Piano 1,1050,30
4.1666655,0.2083333749999996,80,82,Jeux dEau - Maurice Ravel,Acoustic Grand Piano _ 1,Piano 1,1080,30
4.374998874999999,0.2083333750000005,87,82,Jeux dEau - Maurice Ravel,Acoustic Grand Piano _ 1,Piano 1,1110,30
4.58333225,0.2083333750000005,92,82,Jeux dEau - Maurice Ravel,Acoustic Grand Piano _ 1,Piano 1,1140,30
4.791665625,0.2083333749999996,95,82,Jeux dEau - Maurice Ravel,Acoustic Grand Piano _ 1,Piano 1,1170,30
4.999999,0.20833350000000017,80,82,Jeux dEau - Maurice Ravel,Acoustic Grand Piano _ 1,Piano 1,1200,120
5.2083325,0.20833350000000017,85,82,Jeux dEau - Maurice Ravel,Acoustic Grand Piano _ 1,Piano 1,1320,120
5.416666,0.20833349999999928,92,82,Jeux dEau - Maurice Ravel,Acoustic Grand Piano _ 1,Piano 1,1440,120
5.6249994999999995,0.20833350000000017,97,82,Jeux dEau - Maurice Ravel,Acoustic Grand Piano _ 1,Piano 1,1560,120
5.833333,0.20833350000000017,92,82,Jeux dEau - Maurice Ravel,Acoustic Grand Piano _ 1,Piano 1,1680,120
6.0416665,0.20833350000000017,85,82,Jeux dEau - Maurice Ravel,Acoustic Grand Piano _ 1,Piano 1,1800,120
6.25,0.10416675000000009,78,82,Jeux dEau - Maurice Ravel,Acoustic Grand Piano _ 1,Piano 1,1920,60
6.35416675,0.10416675000000009,84,82,Jeux dEau - Maurice Ravel,Acoustic Grand Piano _ 1,Piano 1,1980,60
6.4583335,0.1041667499999992,88,82,Jeux dEau - Maurice Ravel,Acoustic Grand Piano _ 1,Piano 1,2040,60
6.562500249999999,0.10416675000000009,92,82,Jeux dEau - Maurice Ravel,Acoustic Grand Piano _ 1,Piano 1,2100,60
6.6666669999999995,0.20833350000000017,80,82,Jeux dEau - Maurice Ravel,Acoustic Grand Piano _ 1,Piano 1,2160,120
6.8750005,0.20833350000000017,85,82,Jeux dEau - Maurice Ravel,Acoustic Grand Piano _ 1,Piano 1,2280,120
7.083334,0.20833349999999928,92,82,Jeux dEau - Maurice Ravel,Acoustic Grand Piano _ 1,Piano 1,2400,120
7.291667499999999,0.20833350000000017,97,82,Jeux dEau - Maurice Ravel,Acoustic Grand Piano _ 1,Piano 1,2520,120
7.500000999999999,0.20833350000000017,92,82,Jeux dEau - Maurice Ravel,Acoustic Grand Piano _ 1,Piano 1,2640,120
7.708334499999999,0.20833350000000017,85,82,Jeux dEau - Maurice Ravel,Acoustic Grand Piano _ 1,Piano 1,2760,120
7.916668,0.1041667499999992,78,82,Jeux dEau - Maurice Ravel,Acoustic Grand Piano _ 1,Piano 1,2880,60
8.020834749999999,0.10416675000000097,84,82,Jeux dEau - Maurice Ravel,Acoustic Grand Piano _ 1,Piano 1,2940,60
8.1250015,0.10416675000000097,88,82,Jeux dEau - Maurice Ravel,Acoustic Grand Piano _ 1,Piano 1,3000,60
8.22916825,0.1041667499999992,92,82,Jeux dEau - Maurice Ravel,Acoustic Grand Piano _ 1,Piano 1,3060,60
8.333335,0.2083332500000008,80,82,Jeux dEau - Maurice Ravel,Acoustic Grand Piano _ 1,Piano 1,3120,60
8.54166825,0.20833324999999903,85,82,Jeux dEau - Maurice Ravel,Acoustic Grand Piano _ 1,Piano 1,3180,60
8.7500015,0.2083332500000008,92,82,Jeux dEau - Maurice Ravel,Acoustic Grand Piano _ 1,Piano 1,3240,60
8.95833475,0.20833324999999903,97,82,Jeux dEau - Maurice Ravel,Acoustic Grand Piano _ 1,Piano 1,3300,60
9.166668,0.2083332500000008,78,82,Jeux dEau - Maurice Ravel,Acoustic Grand Piano _ 1,Piano 1,3360,60
9.37500125,0.20833324999999903,84,82,Jeux dEau - Maurice Ravel,Acoustic Grand Piano _ 1,Piano 1,3420,60
9.5833345,0.2083332500000008,88,82,Jeux dEau - Maurice Ravel,Acoustic Grand Piano _ 1,Piano 1,3480,60
9.79166775,0.20833324999999903,92,82,Jeux dEau - Maurice Ravel,Acoustic Grand Piano _ 1,Piano 1,3540,60
10.000001,0.10416662500000129,75,82,Jeux dEau - Maurice Ravel,Acoustic Grand Piano _ 1,Piano 1,3600,30
10.104167625,0.10416662499999951,80,82,Jeux dEau - Maurice Ravel,Acoustic Grand Piano _ 1,Piano 1,3630,30
10.20833425,0.10416662499999951,84,82,Jeux dEau - Maurice Ravel,Acoustic Grand Piano _ 1,Piano 1,3660,30
10.312500875,0.10416662499999951,88,82,Jeux dEau - Maurice Ravel,Acoustic Grand Piano _ 1,Piano 1,3690,30
10.416667499999999,0.10416662500000129,85,82,Jeux dEau - Maurice Ravel,Acoustic Grand Piano _ 1,Piano 1,3720,30
10.520834125,0.10416662499999951,81,82,Jeux dEau - Maurice Ravel,Acoustic Grand Piano _ 1,Piano 1,3750,30
10.62500075,0.10416662499999951,77,82,Jeux dEau - Maurice Ravel,Acoustic Grand Piano _ 1,Piano 1,3780,30
10.729167375,0.10416662500000129,71,82,Jeux dEau - Maurice Ravel,Acoustic Grand Piano _ 1,Piano 1,3810,30
10.833334,0.10416662499999951,68,82,Jeux dEau - Maurice Ravel,Acoustic Grand Piano _ 1,Piano 1,3840,30
10.937500625,0.10416662499999951,74,82,Jeux dEau - Maurice Ravel,Acoustic Grand Piano _ 1,Piano 1,3870,30
11.04166725,0.10416662499999951,78,82,Jeux dEau - Maurice Ravel,Acoustic Grand Piano _ 1,Piano 1,3900,30
11.145833875,0.10416662499999951,82,82,Jeux dEau - Maurice Ravel,Acoustic Grand Piano _ 1,Piano 1,3930,30
11.250000499999999,0.10416662500000129,79,82,Jeux dEau - Maurice Ravel,Acoustic Grand Piano _ 1,Piano 1,3960,30
11.354167125,0.10416662499999951,74,82,Jeux dEau - Maurice Ravel,Acoustic Grand Piano _ 1,Piano 1,3990,30
11.45833375,0.10416662499999951,71,82,Jeux dEau - Maurice Ravel,Acoustic Grand Piano _ 1,Piano 1,4020,30
11.562500374999999,0.10416662500000129,65,82,Jeux dEau - Maurice Ravel,Acoustic Grand Piano _ 1,Piano 1,4050,30
11.666667,0.20833324999999903,62,82,Jeux dEau - Maurice Ravel,Acoustic Grand Piano _ 1,Piano 1,4080,60
11.87500025,0.2083332500000008,68,82,Jeux dEau - Maurice Ravel,Acoustic Grand Piano _ 1,Piano 1,4140,60
12.0833335,0.20833324999999903,72,82,Jeux dEau - Maurice Ravel,Acoustic Grand Piano _ 1,Piano 1,4200,60
12.29166675,0.2083332500000008,76,82,Jeux dEau - Maurice Ravel,Acoustic Grand Piano _ 1,Piano 1,4260,60
12.5,0.20833324999999903,72,82,Jeux dEau - Maurice Ravel,Acoustic Grand Piano _ 1,Piano 1,4320,60
12.708333249999999,0.2083332500000008,68,82,Jeux dEau - Maurice Ravel,Acoustic Grand Piano _ 1,Piano 1,4380,60
12.9166665,0.10416662499999951,67,82,Jeux dEau - Maurice Ravel,Acoustic Grand Piano _ 1,Piano 1,4440,30
13.020833125,0.10416662500000129,71,82,Jeux dEau - Maurice Ravel,Acoustic Grand Piano _ 1,Piano 1,4470,30
13.12499975,0.10416662499999774,74,82,Jeux dEau - Maurice Ravel,Acoustic Grand Piano _ 1,Piano 1,4500,30
13.229166374999998,0.10416662500000129,79,82,Jeux dEau - Maurice Ravel,Acoustic Grand Piano _ 1,Piano 1,4530,30
13.333333,0.20833324999999903,62,82,Jeux dEau - Maurice Ravel,Acoustic Grand Piano _ 1,Piano 1,4560,60
13.541666249999999,0.2083332500000008,68,82,Jeux dEau - Maurice Ravel,Acoustic Grand Piano _ 1,Piano 1,4620,60
13.7499995,0.2083332500000008,72,82,Jeux dEau - Maurice Ravel,Acoustic Grand Piano _ 1,Piano 1,4680,60
13.95833275,0.20833324999999903,76,82,Jeux dEau - Maurice Ravel,Acoustic Grand Piano _ 1,Piano 1,4740,60
14.166666,0.20833324999999903,72,82,Jeux dEau - Maurice Ravel,Acoustic Grand Piano _ 1,Piano 1,4800,60
14.374999249999998,0.20833325000000258,68,82,Jeux dEau - Maurice Ravel,Acoustic Grand Piano _ 1,Piano 1,4860,60
14.583332500000001,0.10416662499999774,67,82,Jeux dEau - Maurice Ravel,Acoustic Grand Piano _ 1,Piano 1,4920,30
14.687499124999999,0.10416662500000129,71,82,Jeux dEau - Maurice Ravel,Acoustic Grand Piano _ 1,Piano 1,4950,30
14.79166575,0.10416662499999951,74,82,Jeux dEau - Maurice Ravel,Acoustic Grand Piano _ 1,Piano 1,4980,30
14.895832375,0.10416662499999951,79,82,Jeux dEau - Maurice Ravel,Acoustic Grand Piano _ 1,Piano 1,5010,30
14.999998999999999,0.20833350000000017,62,82,Jeux dEau - Maurice Ravel,Acoustic Grand Piano _ 1,Piano 1,5040,120
15.2083325,0.20833350000000017,68,82,Jeux dEau - Maurice Ravel,Acoustic Grand Piano _ 1,Piano 1,5160,120
15.416666,0.20833350000000017,72,82,Jeux dEau - Maurice Ravel,Acoustic Grand Piano _ 1,Piano 1,5280,120
15.6249995,0.20833350000000017,76,82,Jeux dEau - Maurice Ravel,Acoustic Grand Piano _ 1,Piano 1,5400,120
15.833333,0.2083334999999984,72,82,Jeux dEau - Maurice Ravel,Acoustic Grand Piano _ 1,Piano 1,5520,120
16.041666499999998,0.20833350000000195,68,82,Jeux dEau - Maurice Ravel,Acoustic Grand Piano _ 1,Piano 1,5640,120
16.25,0.2083334999999984,62,82,Jeux dEau - Maurice Ravel,Acoustic Grand Piano _ 1,Piano 1,5760,120
16.4583335,0.20833350000000195,64,82,Jeux dEau - Maurice Ravel,Acoustic Grand Piano _ 1,Piano 1,5880,120
16.666667,0.10416674999999742,62,82,Jeux dEau - Maurice Ravel,Acoustic Grand Piano _ 1,Piano 1,6000,60
16.770833749999998,0.10416675000000097,60,82,Jeux dEau - Maurice Ravel,Acoustic Grand Piano _ 1,Piano 1,6060,60
16.8750005,0.10416675000000097,62,82,Jeux dEau - Maurice Ravel,Acoustic Grand Piano _ 1,Piano 1,6120,60
16.97916725,0.10416675000000097,64,82,Jeux dEau - Maurice Ravel,Acoustic Grand Piano _ 1,Piano 1,6180,60
17.187500749999998,0.10416675000000097,68,82,Jeux dEau - Maurice Ravel,Acoustic Grand Piano _ 1,Piano 1,6300,60
17.2916675,0.10416675000000097,70,82,Jeux dEau - Maurice Ravel,Acoustic Grand Piano _ 1,Piano 1,6360,60
17.39583425,0.10416674999999742,72,82,Jeux dEau - Maurice Ravel,Acoustic Grand Piano _ 1,Piano 1,6420,60
17.500000999999997,0.10416675000000097,74,82,Jeux dEau - Maurice Ravel,Acoustic Grand Piano _ 1,Piano 1,6480,60
17.60416775,0.10416675000000097,76,82,Jeux dEau - Maurice Ravel,Acoustic Grand Piano _ 1,Piano 1,6540,60
17.7083345,0.10416674999999742,78,82,Jeux dEau - Maurice Ravel,Acoustic Grand Piano _ 1,Piano 1,6600,60
17.812501249999997,0.10416675000000097,80,82,Jeux dEau - Maurice Ravel,Acoustic Grand Piano _ 1,Piano 1,6660,60
17.916667999999998,0.05208337500000226,71,82,Jeux dEau - Maurice Ravel,Acoustic Grand Piano _ 1,Piano 1,6720,30
17.968751375,0.05208337499999871,73,82,Jeux dEau - Maurice Ravel,Acoustic Grand Piano _ 1,Piano 1,6750,30
18.02083475,0.05208337499999871,75,82,Jeux dEau - Maurice Ravel,Acoustic Grand Piano _ 1,Piano 1,6780,30
18.072918124999998,0.05208337500000226,77,82,Jeux dEau - Maurice Ravel,Acoustic Grand Piano _ 1,Piano 1,6810,30
18.1250015,0.05208337499999871,80,82,Jeux dEau - Maurice Ravel,Acoustic Grand Piano _ 1,Piano 1,6840,30
18.177084875,0.05208337500000226,81,82,Jeux dEau - Maurice Ravel,Acoustic Grand Piano _ 1,Piano 1,6870,30
18.22916825,0.05208337499999871,83,82,Jeux dEau - Maurice Ravel,Acoustic Grand Piano _ 1,Piano 1,6900,30
18.281251625,0.05208337499999871,85,82,Jeux dEau - Maurice Ravel,Acoustic Grand Piano _ 1,Piano 1,6930,30
18.333334999999998,0.20833324999999903,75,82,Jeux dEau - Maurice Ravel,Acoustic Grand Piano _ 1,Piano 1,6960,60
18.541668249999997,0.20833325000000258,80,82,Jeux dEau - Maurice Ravel,Acoustic Grand Piano _ 1,Piano 1,7020,60
18.7500015,0.20833324999999903,87,82,Jeux dEau - Maurice Ravel,Acoustic Grand Piano _ 1,Piano 1,7080,60
18.95833475,0.20833324999999903,90,82,Jeux dEau - Maurice Ravel,Acoustic Grand Piano _ 1,Piano 1,7140,60
19.166667999999998,0.20833324999999903,87,82,Jeux dEau - Maurice Ravel,Acoustic Grand Piano _ 1,Piano 1,7200,60
19.375001249999997,0.20833325000000258,80,82,Jeux dEau - Maurice Ravel,Acoustic Grand Piano _ 1,Piano 1,7260,60
19.5833345,0.10416662499999774,73,82,Jeux dEau - Maurice Ravel,Acoustic Grand Piano _ 1,Piano 1,7320,30
19.687501124999997,0.10416662500000129,80,82,Jeux dEau - Maurice Ravel,Acoustic Grand Piano _ 1,Piano 1,7350,30
19.79166775,0.10416662500000129,85,82,Jeux dEau - Maurice Ravel,Acoustic Grand Piano _ 1,Piano 1,7380,30
19.895834375,0.10416662499999774,88,82,Jeux dEau - Maurice Ravel,Acoustic Grand Piano _ 1,Piano 1,7410,30
20.000000999999997,0.20833324999999903,75,82,Jeux dEau - Maurice Ravel,Acoustic Grand Piano _ 1,Piano 1,7440,60
20.208334249999997,0.20833325000000258,80,82,Jeux dEau - Maurice Ravel,Acoustic Grand Piano _ 1,Piano 1,7500,60
20.4166675,0.20833324999999903,87,82,Jeux dEau - Maurice Ravel,Acoustic Grand Piano _ 1,Piano 1,7560,60
20.625000749999998,0.20833324999999903,90,82,Jeux dEau - Maurice Ravel,Acoustic Grand Piano _ 1,Piano 1,7620,60
20.833333999999997,0.20833324999999903,87,82,Jeux dEau - Maurice Ravel,Acoustic Grand Piano _ 1,Piano 1,7680,60
21.041667249999996,0.20833325000000258,80,82,Jeux dEau - Maurice Ravel,Acoustic Grand Piano _ 1,Piano 1,7740,60
21.2500005,0.10416662499999774,73,82,Jeux dEau - Maurice Ravel,Acoustic Grand Piano _ 1,Piano 1,7800,30
21.354167124999996,0.10416662500000129,80,82,Jeux dEau - Maurice Ravel,Acoustic Grand Piano _ 1,Piano 1,7830,30
21.458333749999998,0.10416662500000129,85,82,Jeux dEau - Maurice Ravel,Acoustic Grand Piano _ 1,Piano 1,7860,30
21.562500375,0.10416662499999774,88,82,Jeux dEau - Maurice Ravel,Acoustic Grand Piano _ 1,Piano 1,7890,30
21.666666999999997,0.2083333749999987,75,82,Jeux dEau - Maurice Ravel,Acoustic Grand Piano _ 1,Piano 1,7920,30
21.875000374999996,0.20833337500000226,80,82,Jeux dEau - Maurice Ravel,Acoustic Grand Piano _ 1,Piano 1,7950,30
22.083333749999998,0.2083333749999987,87,82,Jeux dEau - Maurice Ravel,Acoustic Grand Piano _ 1,Piano 1,7980,30
22.291667124999996,0.2083333749999987,90,82,Jeux dEau - Maurice Ravel,Acoustic Grand Piano _ 1,Piano 1,8010,30
22.500000499999995,0.20833337500000226,80,82,Jeux dEau - Maurice Ravel,Acoustic Grand Piano _ 1,Piano 1,8040,30
22.708333874999997,0.2083333749999987,87,82,Jeux dEau - Maurice Ravel,Acoustic Grand Piano _ 1,Piano 1,8070,30
22.916667249999996,0.20833337500000226,92,82,Jeux dEau - Maurice Ravel,Acoustic Grand Piano _ 1,Piano 1,8100,30
23.125000625,0.2083333749999987,95,82,Jeux dEau - Maurice Ravel,Acoustic Grand Piano _ 1,Piano 1,8130,30
23.333333999999997,0.20833324999999903,88,82,Jeux dEau - Maurice Ravel,Acoustic Grand Piano _ 1,Piano 1,8160,60
23.541667249999996,0.20833325000000258,83,82,Jeux dEau - Maurice Ravel,Acoustic Grand Piano _ 1,Piano 1,8220,60
23.7500005,0.20833324999999903,76,82,Jeux dEau - Maurice Ravel,Acoustic Grand Piano _ 1,Piano 1,8280,60
23.958333749999998,0.20833324999999903,71,82,Jeux dEau - Maurice Ravel,Acoustic Grand Piano _ 1,Piano 1,8340,60
24.166666999999997,0.20833324999999903,81,82,Jeux dEau - Maurice Ravel,Acoustic Grand Piano _ 1,Piano 1,8400,60
24.375000249999996,0.20833325000000258,76,82,Jeux dEau - Maurice Ravel,Acoustic Grand Piano _ 1,Piano 1,8460,60
24.5833335,0.10416662499999774,69,82,Jeux dEau - Maurice Ravel,Acoustic Grand Piano _ 1,Piano 1,8520,30
24.687500124999996,0.10416662500000129,64,82,Jeux dEau - Maurice Ravel,Acoustic Grand Piano _ 1,Piano 1,8550,30
24.791666749999997,0.10416662500000129,69,82,Jeux dEau - Maurice Ravel,Acoustic Grand Piano _ 1,Piano 1,8580,30
24.895833375,0.10416662499999774,76,82,Jeux dEau - Maurice Ravel,Acoustic Grand Piano _ 1,Piano 1,8610,30
24.999999999999996,0.20833324999999903,88,82,Jeux dEau - Maurice Ravel,Acoustic Grand Piano _ 1,Piano 1,8640,60
25.208333249999995,0.20833325000000258,83,82,Jeux dEau - Maurice Ravel,Acoustic Grand Piano _ 1,Piano 1,8700,60
25.416666499999998,0.20833324999999903,76,82,Jeux dEau - Maurice Ravel,Acoustic Grand Piano _ 1,Piano 1,8760,60
25.624999749999997,0.20833324999999903,71,82,Jeux dEau - Maurice Ravel,Acoustic Grand Piano _ 1,Piano 1,8820,60
25.833332999999996,0.20833325000000258,81,82,Jeux dEau - Maurice Ravel,Acoustic Grand Piano _ 1,Piano 1,8880,60
26.04166625,0.20833324999999903,76,82,Jeux dEau - Maurice Ravel,Acoustic Grand Piano _ 1,Piano 1,8940,60
26.249999499999998,0.10416662499999774,69,82,Jeux dEau - Maurice Ravel,Acoustic Grand Piano _ 1,Piano 1,9000,30
26.354166124999995,0.10416662500000129,64,82,Jeux dEau - Maurice Ravel,Acoustic Grand Piano _ 1,Piano 1,9030,30
26.458332749999997,0.10416662500000129,69,82,Jeux dEau - Maurice Ravel,Acoustic Grand Piano _ 1,Piano 1,9060,30
26.562499374999998,0.10416662499999774,76,82,Jeux dEau - Maurice Ravel,Acoustic Grand Piano _ 1,Piano 1,9090,30
26.666665999999996,0.2083333749999987,88,82,Jeux dEau - Maurice Ravel,Acoustic Grand Piano _ 1,Piano 1,9120,30
26.874999374999994,0.20833337500000226,83,82,Jeux dEau - Maurice Ravel,Acoustic Grand Piano _ 1,Piano 1,9150,30
27.083332749999997,0.2083333749999987,76,82,Jeux dEau - Maurice Ravel,Acoustic Grand Piano _ 1,Piano 1,9180,30
27.291666124999995,0.2083333749999987,71,82,Jeux dEau - Maurice Ravel,Acoustic Grand Piano _ 1,Piano 1,9210,30
27.499999499999994,0.20833337500000226,81,82,Jeux dEau - Maurice Ravel,Acoustic Grand Piano _ 1,Piano 1,9240,30
27.708332874999996,0.2083333749999987,76,82,Jeux dEau - Maurice Ravel,Acoustic Grand Piano _ 1,Piano 1,9270,30
27.916666249999995,0.2083333749999987,69,82,Jeux dEau - Maurice Ravel,Acoustic Grand Piano _ 1,Piano 1,9300,30
28.124999624999994,0.20833337500000226,64,82,Jeux dEau - Maurice Ravel,Acoustic Grand Piano _ 1,Piano 1,9330,30
28.333332999999996,0.2083333749999987,66,82,Jeux dEau - Maurice Ravel,Acoustic Grand Piano _ 1,Piano 1,9360,30
28.541666374999995,0.2083333749999987,68,82,Jeux dEau - Maurice Ravel,Acoustic Grand Piano _ 1,Piano 1,9390,30
28.749999749999994,0.20833337500000226,73,82,Jeux dEau - Maurice Ravel,Acoustic Grand Piano _ 1,Piano 1,9420,30
28.958333124999996,0.2083333749999987,78,82,Jeux dEau - Maurice Ravel,Acoustic Grand Piano _ 1,Piano 1,9450,30
29.166666499999994,0.20833337500000226,68,82,Jeux dEau - Maurice Ravel,Acoustic Grand Piano _ 1,Piano 1,9480,30
29.374999874999997,0.2083333749999987,73,82,Jeux dEau - Maurice Ravel,Acoustic Grand Piano _ 1,Piano 1,9510,30
29.583333249999995,0.2083333749999987,78,82,Jeux dEau - Maurice Ravel,Acoustic Grand Piano _ 1,Piano 1,9540,30
29.791666624999994,0.20833337500000226,85,82,Jeux dEau - Maurice Ravel,Acoustic Grand Piano _ 1,Piano 1,9570,30
30.208333499999995,0.20833350000000195,80,82,Jeux dEau - Maurice Ravel,Acoustic Grand Piano _ 1,Piano 1,9780,180
30.416666999999997,0.2083334999999984,92,82,Jeux dEau - Maurice Ravel,Acoustic Grand Piano _ 1,Piano 1,9960,180
30.625000499999995,0.20833350000000195,80,82,Jeux dEau - Maurice Ravel,Acoustic Grand Piano _ 1,Piano 1,10140,180
30.937500749999995,0.10416675000000097,85,82,Jeux dEau - Maurice Ravel,Acoustic Grand Piano _ 1,Piano 1,10410,90
31.041667499999996,0.10416675000000097,92,82,Jeux dEau - Maurice Ravel,Acoustic Grand Piano _ 1,Piano 1,10500,90
31.145834249999997,0.10416675000000097,97,82,Jeux dEau - Maurice Ravel,Acoustic Grand Piano _ 1,Piano 1,10590,90
31.250000999999997,0.10416674999999742,104,82,Jeux dEau - Maurice Ravel,Acoustic Grand Piano _ 1,Piano 1,10680,90
31.354167749999995,0.10416675000000097,97,82,Jeux dEau - Maurice Ravel,Acoustic Grand Piano _ 1,Piano 1,10770,90
31.458334499999996,0.10416675000000097,92,82,Jeux dEau - Maurice Ravel,Acoustic Grand Piano _ 1,Piano 1,10860,90
31.562501249999997,0.10416674999999742,85,82,Jeux dEau - Maurice Ravel,Acoustic Grand Piano _ 1,Piano 1,10950,90
31.805556999999997,0.13888899999999893,78,82,Jeux dEau - Maurice Ravel,Acoustic Grand Piano _ 1,Piano 1,11160,120
31.944445999999996,0.13888900000000248,80,82,Jeux dEau - Maurice Ravel,Acoustic Grand Piano _ 1,Piano 1,11280,120
32.083335,0.13888899999999893,85,82,Jeux dEau - Maurice Ravel,Acoustic Grand Piano _ 1,Piano 1,11400,120
32.222224,0.13888899999999893,90,82,Jeux dEau - Maurice Ravel,Acoustic Grand Piano _ 1,Piano 1,11520,120
32.361112999999996,0.13888899999999893,85,82,Jeux dEau - Maurice Ravel,Acoustic Grand Piano _ 1,Piano 1,11640,120
32.500001999999995,0.10416675000000453,80,82,Jeux dEau - Maurice Ravel,Acoustic Grand Piano _ 1,Piano 1,11760,90
32.60416875,0.10416674999999742,85,82,Jeux dEau - Maurice Ravel,Acoustic Grand Piano _ 1,Piano 1,11850,90
32.7083355,0.10416674999999742,80,82,Jeux dEau - Maurice Ravel,Acoustic Grand Piano _ 1,Piano 1,11940,90
32.812502249999994,0.10416675000000453,85,82,Jeux dEau - Maurice Ravel,Acoustic Grand Piano _ 1,Piano 1,12030,90
32.916669,0.10416674999999742,90,82,Jeux dEau - Maurice Ravel,Acoustic Grand Piano _ 1,Piano 1,12120,90
33.020835749999996,0.10416674999999742,97,82,Jeux dEau - Maurice Ravel,Acoustic Grand Piano _ 1,Piano 1,12210,90
33.125002499999994,0.10416675000000453,90,82,Jeux dEau - Maurice Ravel,Acoustic Grand Piano _ 1,Piano 1,12300,90
33.22916925,0.10416674999999742,97,82,Jeux dEau - Maurice Ravel,Acoustic Grand Piano _ 1,Piano 1,12390,90
33.541669375,0.20833337499999516,80,82,Jeux dEau - Maurice Ravel,Acoustic Grand Piano _ 1,Piano 1,12510,30
33.75000274999999,0.20833337500000226,92,82,Jeux dEau - Maurice Ravel,Acoustic Grand Piano _ 1,Piano 1,12540,30
33.958336124999995,0.20833337500000226,80,82,Jeux dEau - Maurice Ravel,Acoustic Grand Piano _ 1,Piano 1,12570,30
34.270836124999995,0.10416662500000484,74,82,Jeux dEau - Maurice Ravel,Acoustic Grand Piano _ 1,Piano 1,12630,30
34.37500275,0.10416662499999774,81,82,Jeux dEau - Maurice Ravel,Acoustic Grand Piano _ 1,Piano 1,12660,30
34.479169375,0.10416662499999774,86,82,Jeux dEau - Maurice Ravel,Acoustic Grand Piano _ 1,Piano 1,12690,30
34.583335999999996,0.10416662500000484,93,85,Jeux dEau - Maurice Ravel,Acoustic Grand Piano _ 1,Piano 1,12720,30
34.687502625,0.10416662499999774,86,85,Jeux dEau - Maurice Ravel,Acoustic Grand Piano _ 1,Piano 1,12750,30
34.79166925,0.10416662499999774,81,85,Jeux dEau - Maurice Ravel,Acoustic Grand Piano _ 1,Piano 1,12780,30
34.895835874999996,0.10416662500000484,74,85,Jeux dEau - Maurice Ravel,Acoustic Grand Piano _ 1,Piano 1,12810,30
35.208335749999996,0.20833325000000258,85,87,Jeux dEau - Maurice Ravel,Acoustic Grand Piano _ 1,Piano 1,12900,60
35.416669,0.20833324999999547,97,90,Jeux dEau - Maurice Ravel,Acoustic Grand Piano _ 1,Piano 1,12960,60
35.625002249999994,0.20833325000000258,85,90,Jeux dEau - Maurice Ravel,Acoustic Grand Piano _ 1,Piano 1,13020,60
35.937502124999995,0.10416662500000484,81,92,Jeux dEau - Maurice Ravel,Acoustic Grand Piano _ 1,Piano 1,13110,30
36.04166875,0.10416662499999774,86,92,Jeux dEau - Maurice Ravel,Acoustic Grand Piano _ 1,Piano 1,13140,30
36.145835375,0.10416662499999774,93,92,Jeux dEau - Maurice Ravel,Acoustic Grand Piano _ 1,Piano 1,13170,30
36.250001999999995,0.10416662500000484,98,95,Jeux dEau - Maurice Ravel,Acoustic Grand Piano _ 1,Piano 1,13200,30
36.354168625,0.10416662499999774,93,95,Jeux dEau - Maurice Ravel,Acoustic Grand Piano _ 1,Piano 1,13230,30
36.45833525,0.10416662499999774,86,95,Jeux dEau - Maurice Ravel,Acoustic Grand Piano _ 1,Piano 1,13260,30
36.562501874999995,0.10416662500000484,81,95,Jeux dEau - Maurice Ravel,Acoustic Grand Piano _ 1,Piano 1,13290,30
36.875001749999996,0.20833325000000258,92,97,Jeux dEau - Maurice Ravel,Acoustic Grand Piano _ 1,Piano 1,13380,60
37.083335,0.20833325000000258,104,100,Jeux dEau - Maurice Ravel,Acoustic Grand Piano _ 1,Piano 1,13440,60
37.29166825,0.20833324999999547,92,100,Jeux dEau - Maurice Ravel,Acoustic Grand Piano _ 1,Piano 1,13500,60
37.604168125,0.10416662499999774,86,101,Jeux dEau - Maurice Ravel,Acoustic Grand Piano _ 1,Piano 1,13590,30
37.70833475,0.10416662499999774,93,101,Jeux dEau - Maurice Ravel,Acoustic Grand Piano _ 1,Piano 1,13620,30
37.812501375,0.10416662499999774,98,101,Jeux dEau - Maurice Ravel,Acoustic Grand Piano _ 1,Piano 1,13650,30
37.916667999999994,0.10416662500000484,105,100,Jeux dEau - Maurice Ravel,Acoustic Grand Piano _ 1,Piano 1,13680,30
38.020834625,0.10416662499999774,98,100,Jeux dEau - Maurice Ravel,Acoustic Grand Piano _ 1,Piano 1,13710,30
38.12500125,0.10416662499999774,93,100,Jeux dEau - Maurice Ravel,Acoustic Grand Piano _ 1,Piano 1,13740,30
38.229167874999995,0.10416662500000484,86,100,Jeux dEau - Maurice Ravel,Acoustic Grand Piano _ 1,Piano 1,13770,30
38.437501125,0.10416662499999774,81,99,Jeux dEau - Maurice Ravel,Acoustic Grand Piano _ 1,Piano 1,13830,30
38.541667749999995,0.10416662500000484,86,99,Jeux dEau - Maurice Ravel,Acoustic Grand Piano _ 1,Piano 1,13860,30
38.645834375,0.10416662499999774,93,99,Jeux dEau - Maurice Ravel,Acoustic Grand Piano _ 1,Piano 1,13890,30
38.750001,0.10416662499999774,98,97,Jeux dEau - Maurice Ravel,Acoustic Grand Piano _ 1,Piano 1,13920,30
38.854167624999995,0.10416662500000484,93,97,Jeux dEau - Maurice Ravel,Acoustic Grand Piano _ 1,Piano 1,13950,30
38.95833425,0.10416662499999774,86,97,Jeux dEau - Maurice Ravel,Acoustic Grand Piano _ 1,Piano 1,13980,30
39.062500875,0.10416662499999774,81,97,Jeux dEau - Maurice Ravel,Acoustic Grand Piano _ 1,Piano 1,14010,30
39.270834125,0.10416662499999774,74,96,Jeux dEau - Maurice Ravel,Acoustic Grand Piano _ 1,Piano 1,14070,30
39.37500075,0.10416662499999774,81,96,Jeux dEau - Maurice Ravel,Acoustic Grand Piano _ 1,Piano 1,14100,30
39.479167374999996,0.10416662499999774,86,96,Jeux dEau - Maurice Ravel,Acoustic Grand Piano _ 1,Piano 1,14130,30
39.583333999999994,0.10416662500000484,93,95,Jeux dEau - Maurice Ravel,Acoustic Grand Piano _ 1,Piano 1,14160,30
39.687500625,0.10416662499999774,86,95,Jeux dEau - Maurice Ravel,Acoustic Grand Piano _ 1,Piano 1,14190,30
39.791667249999996,0.10416662499999774,81,95,Jeux dEau - Maurice Ravel,Acoustic Grand Piano _ 1,Piano 1,14220,30
39.895833874999994,0.10416662500000484,74,95,Jeux dEau - Maurice Ravel,Acoustic Grand Piano _ 1,Piano 1,14250,30
40.104167125,0.10416662499999774,69,93,Jeux dEau - Maurice Ravel,Acoustic Grand Piano _ 1,Piano 1,14310,30
40.208333749999994,0.10416662500000484,74,93,Jeux dEau - Maurice Ravel,Acoustic Grand Piano _ 1,Piano 1,14340,30
40.312500375,0.10416662499999774,81,93,Jeux dEau - Maurice Ravel,Acoustic Grand Piano _ 1,Piano 1,14370,30
40.416667,0.10416662499999774,86,92,Jeux dEau - Maurice Ravel,Acoustic Grand Piano _ 1,Piano 1,14400,30
40.520833624999995,0.10416662500000484,81,92,Jeux dEau - Maurice Ravel,Acoustic Grand Piano _ 1,Piano 1,14430,30
40.62500025,0.10416662499999774,74,92,Jeux dEau - Maurice Ravel,Acoustic Grand Piano _ 1,Piano 1,14460,30
40.729166875,0.10416662499999774,69,92,Jeux dEau - Maurice Ravel,Acoustic Grand Piano _ 1,Piano 1,14490,30
40.972222499999994,0.13888899999999893,73,99,Jeux dEau - Maurice Ravel,Acoustic Grand Piano _ 1,Piano 1,14580,60
41.11111149999999,0.13888899999999893,80,99,Jeux dEau - Maurice Ravel,Acoustic Grand Piano _ 1,Piano 1,14640,60
41.3888895,0.13888899999999893,73,99,Jeux dEau - Maurice Ravel,Acoustic Grand Piano _ 1,Piano 1,14760,60
41.5277785,0.13888899999999893,80,99,Jeux dEau - Maurice Ravel,Acoustic Grand Piano _ 1,Piano 1,14820,60
41.805556499999994,0.13888899999999893,73,99,Jeux dEau - Maurice Ravel,Acoustic Grand Piano _ 1,Piano 1,14940,60
41.94444549999999,0.13888899999999893,80,99,Jeux dEau - Maurice Ravel,Acoustic Grand Piano _ 1,Piano 1,15000,60
42.22222349999999,0.13888900000000604,73,99,Jeux dEau - Maurice Ravel,Acoustic Grand Piano _ 1,Piano 1,15120,60
42.3611125,0.13888899999999893,80,99,Jeux dEau - Maurice Ravel,Acoustic Grand Piano _ 1,Piano 1,15180,60
42.638890499999995,0.13888899999999893,73,99,Jeux dEau - Maurice Ravel,Acoustic Grand Piano _ 1,Piano 1,15300,60
42.777779499999994,0.13888899999999893,80,99,Jeux dEau - Maurice Ravel,Acoustic Grand Piano _ 1,Piano 1,15360,60
43.05555749999999,0.13888900000000604,73,99,Jeux dEau - Maurice Ravel,Acoustic Grand Piano _ 1,Piano 1,15480,60
43.1944465,0.13888899999999893,80,99,Jeux dEau - Maurice Ravel,Acoustic Grand Piano _ 1,Piano 1,15540,60
43.472224499999996,0.13888899999999893,73,99,Jeux dEau - Maurice Ravel,Acoustic Grand Piano _ 1,Piano 1,15660,60
43.611113499999995,0.13888899999999893,80,99,Jeux dEau - Maurice Ravel,Acoustic Grand Piano _ 1,Piano 1,15720,60
43.88889149999999,0.13888899999999893,73,99,Jeux dEau - Maurice Ravel,Acoustic Grand Piano _ 1,Piano 1,15840,60
44.02778049999999,0.13888900000000604,80,99,Jeux dEau - Maurice Ravel,Acoustic Grand Piano _ 1,Piano 1,15900,60
44.270836124999995,0.10416662500000484,61,97,Jeux dEau - Maurice Ravel,Acoustic Grand Piano _ 1,Piano 1,15990,30
44.37500275,0.10416662499999774,68,97,Jeux dEau - Maurice Ravel,Acoustic Grand Piano _ 1,Piano 1,16020,30
44.479169375,0.10416662499999774,73,97,Jeux dEau - Maurice Ravel,Acoustic Grand Piano _ 1,Piano 1,16050,30
44.583335999999996,0.10416662500000484,80,96,Jeux dEau - Maurice Ravel,Acoustic Grand Piano _ 1,Piano 1,16080,30
44.687502625,0.10416662499999774,73,96,Jeux dEau - Maurice Ravel,Acoustic Grand Piano _ 1,Piano 1,16110,30
44.79166925,0.10416662499999774,68,96,Jeux dEau - Maurice Ravel,Acoustic Grand Piano _ 1,Piano 1,16140,30
44.895835874999996,0.10416662500000484,61,96,Jeux dEau - Maurice Ravel,Acoustic Grand Piano _ 1,Piano 1,16170,30
45.104169125,0.10416662499999774,61,95,Jeux dEau - Maurice Ravel,Acoustic Grand Piano _ 1,Piano 1,16230,30
45.208335749999996,0.10416662499999774,68,95,Jeux dEau - Maurice Ravel,Acoustic Grand Piano _ 1,Piano 1,16260,30
45.312502374999994,0.10416662500000484,73,95,Jeux dEau - Maurice Ravel,Acoustic Grand Piano _ 1,Piano 1,16290,30
45.416669,0.10416662499999774,80,93,Jeux dEau - Maurice Ravel,Acoustic Grand Piano _ 1,Piano 1,16320,30
45.520835625,0.10416662499999774,73,93,Jeux dEau - Maurice Ravel,Acoustic Grand Piano _ 1,Piano 1,16350,30
45.625002249999994,0.10416662500000484,68,93,Jeux dEau - Maurice Ravel,Acoustic Grand Piano _ 1,Piano 1,16380,30
45.729168875,0.10416662499999774,61,93,Jeux dEau - Maurice Ravel,Acoustic Grand Piano _ 1,Piano 1,16410,30
45.937502124999995,0.10416662500000484,61,92,Jeux dEau - Maurice Ravel,Acoustic Grand Piano _ 1,Piano 1,16470,30
46.04166875,0.10416662499999774,68,92,Jeux dEau - Maurice Ravel,Acoustic Grand Piano _ 1,Piano 1,16500,30
46.145835375,0.10416662499999774,73,92,Jeux dEau - Maurice Ravel,Acoustic Grand Piano _ 1,Piano 1,16530,30
46.250001999999995,0.10416662500000484,80,91,Jeux dEau - Maurice Ravel,Acoustic Grand Piano _ 1,Piano 1,16560,30
46.354168625,0.10416662499999774,73,91,Jeux dEau - Maurice Ravel,Acoustic Grand Piano _ 1,Piano 1,16590,30
46.45833525,0.10416662499999774,68,91,Jeux dEau - Maurice Ravel,Acoustic Grand Piano _ 1,Piano 1,16620,30
46.562501874999995,0.10416662500000484,61,91,Jeux dEau - Maurice Ravel,Acoustic Grand Piano _ 1,Piano 1,16650,30
46.770835125,0.10416662499999774,61,90,Jeux dEau - Maurice Ravel,Acoustic Grand Piano _ 1,Piano 1,16710,30
46.875001749999996,0.10416662500000484,68,90,Jeux dEau - Maurice Ravel,Acoustic Grand Piano _ 1,Piano 1,16740,30
46.979168375,0.10416662499999774,73,90,Jeux dEau - Maurice Ravel,Acoustic Grand Piano _ 1,Piano 1,16770,30
47.083335,0.10416662499999774,80,88,Jeux dEau - Maurice Ravel,Acoustic Grand Piano _ 1,Piano 1,16800,30
47.187501624999996,0.10416662500000484,73,88,Jeux dEau - Maurice Ravel,Acoustic Grand Piano _ 1,Piano 1,16830,30
47.29166825,0.10416662499999774,68,88,Jeux dEau - Maurice Ravel,Acoustic Grand Piano _ 1,Piano 1,16860,30
47.395834875,0.10416662499999774,61,88,Jeux dEau - Maurice Ravel,Acoustic Grand Piano _ 1,Piano 1,16890,30
47.604168125,0.10416662499999774,49,88,Jeux dEau - Maurice Ravel,Acoustic Grand Piano _ 1,Piano 1,16950,30
47.70833475,0.10416662499999774,56,88,Jeux dEau - Maurice Ravel,Acoustic Grand Piano _ 1,Piano 1,16980,30
47.812501375,0.10416662499999774,61,88,Jeux dEau - Maurice Ravel,Acoustic Grand Piano _ 1,Piano 1,17010,30
48.020834625,0.10416662499999774,56,88,Jeux dEau - Maurice Ravel,Acoustic Grand Piano _ 1,Piano 1,17070,30
48.12500125,0.10416662499999774,61,88,Jeux dEau - Maurice Ravel,Acoustic Grand Piano _ 1,Piano 1,17100,30
48.229167874999995,0.10416662500000484,68,88,Jeux dEau - Maurice Ravel,Acoustic Grand Piano _ 1,Piano 1,17130,30
48.437501125,0.10416662499999774,61,88,Jeux dEau - Maurice Ravel,Acoustic Grand Piano _ 1,Piano 1,17190,30
48.541667749999995,0.10416662500000484,68,88,Jeux dEau - Maurice Ravel,Acoustic Grand Piano _ 1,Piano 1,17220,30
48.645834375,0.10416662499999774,73,88,Jeux dEau - Maurice Ravel,Acoustic Grand Piano _ 1,Piano 1,17250,30
48.854167624999995,0.10416662500000484,68,88,Jeux dEau - Maurice Ravel,Acoustic Grand Piano _ 1,Piano 1,17310,30
48.95833425,0.10416662499999774,73,88,Jeux dEau - Maurice Ravel,Acoustic Grand Piano _ 1,Piano 1,17340,30
49.062500875,0.10416662499999774,80,88,Jeux dEau - Maurice Ravel,Acoustic Grand Piano _ 1,Piano 1,17370,30
49.270834125,0.10416662499999774,73,97,Jeux dEau - Maurice Ravel,Acoustic Grand Piano _ 1,Piano 1,17430,30
49.37500075,0.10416662499999774,80,97,Jeux dEau - Maurice Ravel,Acoustic Grand Piano _ 1,Piano 1,17460,30
49.479167374999996,0.10416662499999774,85,97,Jeux dEau - Maurice Ravel,Acoustic Grand Piano _ 1,Piano 1,17490,30
49.687500625,0.10416662499999774,73,96,Jeux dEau - Maurice Ravel,Acoustic Grand Piano _ 1,Piano 1,17550,30
49.791667249999996,0.10416662499999774,80,96,Jeux dEau - Maurice Ravel,Acoustic Grand Piano _ 1,Piano 1,17580,30
49.895833874999994,0.10416662500000484,85,96,Jeux dEau - Maurice Ravel,Acoustic Grand Piano _ 1,Piano 1,17610,30
50.104167125,0.10416662499999774,73,95,Jeux dEau - Maurice Ravel,Acoustic Grand Piano _ 1,Piano 1,17670,30
50.208333749999994,0.10416662500000484,80,95,Jeux dEau - Maurice Ravel,Acoustic Grand Piano _ 1,Piano 1,17700,30
50.312500375,0.10416662499999774,85,95,Jeux dEau - Maurice Ravel,Acoustic Grand Piano _ 1,Piano 1,17730,30
50.520833624999995,0.10416662500000484,73,93,Jeux dEau - Maurice Ravel,Acoustic Grand Piano _ 1,Piano 1,17790,30
50.62500025,0.10416662499999774,80,93,Jeux dEau - Maurice Ravel,Acoustic Grand Piano _ 1,Piano 1,17820,30
50.729166875,0.10416662499999774,85,93,Jeux dEau - Maurice Ravel,Acoustic Grand Piano _ 1,Piano 1,17850,30
50.937500125,0.10416662499999774,73,92,Jeux dEau - Maurice Ravel,Acoustic Grand Piano _ 1,Piano 1,17910,30
51.04166675,0.10416662499999774,80,92,Jeux dEau - Maurice Ravel,Acoustic Grand Piano _ 1,Piano 1,17940,30
51.145833374999995,0.10416662500000484,85,92,Jeux dEau - Maurice Ravel,Acoustic Grand Piano _ 1,Piano 1,17970,30
51.354166625,0.10416662499999774,73,91,Jeux dEau - Maurice Ravel,Acoustic Grand Piano _ 1,Piano 1,18030,30
51.458333249999995,0.10416662500000484,80,91,Jeux dEau - Maurice Ravel,Acoustic Grand Piano _ 1,Piano 1,18060,30
51.562499875,0.10416662499999774,85,91,Jeux dEau - Maurice Ravel,Acoustic Grand Piano _ 1,Piano 1,18090,30
51.770833124999996,0.10416662500000484,73,90,Jeux dEau - Maurice Ravel,Acoustic Grand Piano _ 1,Piano 1,18150,30
51.87499975,0.10416662499999774,80,90,Jeux dEau - Maurice Ravel,Acoustic Grand Piano _ 1,Piano 1,18180,30
51.979166375,0.10416662499999774,85,90,Jeux dEau - Maurice Ravel,Acoustic Grand Piano _ 1,Piano 1,18210,30
52.187499625,0.10416662499999774,73,88,Jeux dEau - Maurice Ravel,Acoustic Grand Piano _ 1,Piano 1,18270,30
52.29166625,0.10416662499999774,80,88,Jeux dEau - Maurice Ravel,Acoustic Grand Piano _ 1,Piano 1,18300,30
52.395832874999996,0.10416662500000484,85,88,Jeux dEau - Maurice Ravel,Acoustic Grand Piano _ 1,Piano 1,18330,30
52.4999995,0.03472225000000151,59,88,Jeux dEau - Maurice Ravel,Acoustic Grand Piano _ 1,Piano 1,18360,30
52.53472175,0.03472225000000151,61,88,Jeux dEau - Maurice Ravel,Acoustic Grand Piano _ 1,Piano 1,18390,30
52.569444000000004,0.0347222499999944,64,88,Jeux dEau - Maurice Ravel,Acoustic Grand Piano _ 1,Piano 1,18420,30
52.60416625,0.03472225000000151,66,88,Jeux dEau - Maurice Ravel,Acoustic Grand Piano _ 1,Piano 1,18450,30
52.6388885,0.03472225000000151,71,88,Jeux dEau - Maurice Ravel,Acoustic Grand Piano _ 1,Piano 1,18480,30
52.67361075,0.03472225000000151,78,88,Jeux dEau - Maurice Ravel,Acoustic Grand Piano _ 1,Piano 1,18510,30
52.708333,0.13888899999999893,83,82,Jeux dEau - Maurice Ravel,Acoustic Grand Piano _ 1,Piano 1,18540,60
52.847222,0.13888899999999893,78,82,Jeux dEau - Maurice Ravel,Acoustic Grand Piano _ 1,Piano 1,18600,60
52.986111,0.13888899999999893,71,82,Jeux dEau - Maurice Ravel,Acoustic Grand Piano _ 1,Piano 1,18660,60
53.125,0.13888900000000604,71,82,Jeux dEau - Maurice Ravel,Acoustic Grand Piano _ 1,Piano 1,18720,60
53.263889000000006,0.13888899999999893,78,82,Jeux dEau - Maurice Ravel,Acoustic Grand Piano _ 1,Piano 1,18780,60
53.402778000000005,0.13888899999999893,83,82,Jeux dEau - Maurice Ravel,Acoustic Grand Piano _ 1,Piano 1,18840,60
53.541667000000004,0.13888899999999893,83,82,Jeux dEau - Maurice Ravel,Acoustic Grand Piano _ 1,Piano 1,18900,60
53.680556,0.13888899999999893,78,82,Jeux dEau - Maurice Ravel,Acoustic Grand Piano _ 1,Piano 1,18960,60
53.819445,0.13888899999999893,71,82,Jeux dEau - Maurice Ravel,Acoustic Grand Piano _ 1,Piano 1,19020,60
53.958334,0.13888899999999893,71,82,Jeux dEau - Maurice Ravel,Acoustic Grand Piano _ 1,Piano 1,19080,60
54.097223,0.13888900000000604,78,82,Jeux dEau - Maurice Ravel,Acoustic Grand Piano _ 1,Piano 1,19140,60
54.236112000000006,0.13888899999999893,83,82,Jeux dEau - Maurice Ravel,Acoustic Grand Piano _ 1,Piano 1,19200,60
54.375001000000005,0.13888899999999893,83,82,Jeux dEau - Maurice Ravel,Acoustic Grand Piano _ 1,Piano 1,19260,60
54.51389,0.13888899999999893,78,82,Jeux dEau - Maurice Ravel,Acoustic Grand Piano _ 1,Piano 1,19320,60
54.652779,0.13888899999999893,71,82,Jeux dEau - Maurice Ravel,Acoustic Grand Piano _ 1,Piano 1,19380,60
54.791668,0.13888899999999893,71,82,Jeux dEau - Maurice Ravel,Acoustic Grand Piano _ 1,Piano 1,19440,60
54.930557,0.13888899999999893,78,82,Jeux dEau - Maurice Ravel,Acoustic Grand Piano _ 1,Piano 1,19500,60
55.069446,0.13888900000000604,83,82,Jeux dEau - Maurice Ravel,Acoustic Grand Piano _ 1,Piano 1,19560,60
55.208335000000005,0.13888899999999893,83,81,Jeux dEau - Maurice Ravel,Acoustic Grand Piano _ 1,Piano 1,19620,60
55.347224000000004,0.13888899999999893,78,81,Jeux dEau - Maurice Ravel,Acoustic Grand Piano _ 1,Piano 1,19680,60
55.486113,0.13888899999999893,71,78,Jeux dEau - Maurice Ravel,Acoustic Grand Piano _ 1,Piano 1,19740,60
55.625002,0.13888899999999893,71,78,Jeux dEau - Maurice Ravel,Acoustic Grand Piano _ 1,Piano 1,19800,60
55.763891,0.13888899999999893,78,76,Jeux dEau - Maurice Ravel,Acoustic Grand Piano _ 1,Piano 1,19860,60
55.90278,0.13888899999999893,83,76,Jeux dEau - Maurice Ravel,Acoustic Grand Piano _ 1,Piano 1,19920,60
56.041669,0.13888900000000604,83,76,Jeux dEau - Maurice Ravel,Acoustic Grand Piano _ 1,Piano 1,19980,60
56.180558000000005,0.13888899999999893,78,76,Jeux dEau - Maurice Ravel,Acoustic Grand Piano _ 1,Piano 1,20040,60
56.319447000000004,0.13888899999999893,71,76,Jeux dEau - Maurice Ravel,Acoustic Grand Piano _ 1,Piano 1,20100,60
56.458336,0.13888899999999893,71,76,Jeux dEau - Maurice Ravel,Acoustic Grand Piano _ 1,Piano 1,20160,60
56.597225,0.13888899999999893,78,76,Jeux dEau - Maurice Ravel,Acoustic Grand Piano _ 1,Piano 1,20220,60
56.736114,0.13888899999999893,83,76,Jeux dEau - Maurice Ravel,Acoustic Grand Piano _ 1,Piano 1,20280,60
56.875003,0.13888899999999893,83,76,Jeux dEau - Maurice Ravel,Acoustic Grand Piano _ 1,Piano 1,20340,60
57.013892,0.13888900000000604,78,76,Jeux dEau - Maurice Ravel,Acoustic Grand Piano _ 1,Piano 1,20400,60
57.152781000000004,0.13888899999999893,71,76,Jeux dEau - Maurice Ravel,Acoustic Grand Piano _ 1,Piano 1,20460,60
57.29167,0.13888899999999893,71,76,Jeux dEau - Maurice Ravel,Acoustic Grand Piano _ 1,Piano 1,20520,60
57.430559,0.13888899999999893,78,76,Jeux dEau - Maurice Ravel,Acoustic Grand Piano _ 1,Piano 1,20580,60
57.569448,0.13888899999999893,83,76,Jeux dEau - Maurice Ravel,Acoustic Grand Piano _ 1,Piano 1,20640,60
57.708337,0.13888900000000604,83,76,Jeux dEau - Maurice Ravel,Acoustic Grand Piano _ 1,Piano 1,20700,60
57.847226000000006,0.13888899999999893,78,76,Jeux dEau - Maurice Ravel,Acoustic Grand Piano _ 1,Piano 1,20760,60
57.986115000000005,0.13888899999999893,71,76,Jeux dEau - Maurice Ravel,Acoustic Grand Piano _ 1,Piano 1,20820,60
58.125004000000004,0.13888899999999893,71,76,Jeux dEau - Maurice Ravel,Acoustic Grand Piano _ 1,Piano 1,20880,60
58.263893,0.13888899999999893,78,76,Jeux dEau - Maurice Ravel,Acoustic Grand Piano _ 1,Piano 1,20940,60
58.402782,0.13888899999999893,83,76,Jeux dEau - Maurice Ravel,Acoustic Grand Piano _ 1,Piano 1,21000,60
58.541671,0.13888899999999893,83,73,Jeux dEau - Maurice Ravel,Acoustic Grand Piano _ 1,Piano 1,21060,60
58.68056,0.13888900000000604,78,73,Jeux dEau - Maurice Ravel,Acoustic Grand Piano _ 1,Piano 1,21120,60
58.819449000000006,0.13888899999999893,71,71,Jeux dEau - Maurice Ravel,Acoustic Grand Piano _ 1,Piano 1,21180,60
58.958338000000005,0.13888899999999893,71,71,Jeux dEau - Maurice Ravel,Acoustic Grand Piano _ 1,Piano 1,21240,60
59.097227000000004,0.13888899999999893,78,68,Jeux dEau - Maurice Ravel,Acoustic Grand Piano _ 1,Piano 1,21300,60
59.236116,0.13888899999999893,83,68,Jeux dEau - Maurice Ravel,Acoustic Grand Piano _ 1,Piano 1,21360,60
59.375005,0.41666649999999805,85,81,Jeux dEau - Maurice Ravel,Acoustic Grand Piano _ 1,Piano 1,21420,120
59.7916715,0.41666650000000516,87,83,Jeux dEau - Maurice Ravel,Acoustic Grand Piano _ 1,Piano 1,21540,120
60.208338000000005,0.41666649999999805,85,86,Jeux dEau - Maurice Ravel,Acoustic Grand Piano _ 1,Piano 1,21660,120
60.6250045,0.20833324999999547,90,88,Jeux dEau - Maurice Ravel,Acoustic Grand Piano _ 1,Piano 1,21780,60
60.83333775,0.20833325000000258,87,91,Jeux dEau - Maurice Ravel,Acoustic Grand Piano _ 1,Piano 1,21840,60
61.041671,0.41666649999999805,85,91,Jeux dEau - Maurice Ravel,Acoustic Grand Piano _ 1,Piano 1,21900,120
61.4583375,0.41666650000000516,80,86,Jeux dEau - Maurice Ravel,Acoustic Grand Piano _ 1,Piano 1,22020,120
61.875004000000004,0.41666649999999805,80,81,Jeux dEau - Maurice Ravel,Acoustic Grand Piano _ 1,Piano 1,22140,120
62.2916705,0.41666649999999805,78,78,Jeux dEau - Maurice Ravel,Acoustic Grand Piano _ 1,Piano 1,22260,120
62.708337,0.41666649999999805,76,78,Jeux dEau - Maurice Ravel,Acoustic Grand Piano _ 1,Piano 1,22380,120
63.1250035,0.20833325000000258,78,78,Jeux dEau - Maurice Ravel,Acoustic Grand Piano _ 1,Piano 1,22500,60
63.33333675,0.20833325000000258,76,78,Jeux dEau - Maurice Ravel,Acoustic Grand Piano _ 1,Piano 1,22560,60
63.54167,0.8333330000000032,73,78,Jeux dEau - Maurice Ravel,Acoustic Grand Piano _ 1,Piano 1,22620,240
64.375003,0.41666649999999095,76,78,Jeux dEau - Maurice Ravel,Acoustic Grand Piano _ 1,Piano 1,22860,120
64.7916695,0.20833325000000968,78,78,Jeux dEau - Maurice Ravel,Acoustic Grand Piano _ 1,Piano 1,22980,60
65.00000275000001,0.20833324999999547,76,78,Jeux dEau - Maurice Ravel,Acoustic Grand Piano _ 1,Piano 1,23040,60
65.208336,0.20833324999999547,73,78,Jeux dEau - Maurice Ravel,Acoustic Grand Piano _ 1,Piano 1,23100,60
65.41666925,0.20833325000000968,71,78,Jeux dEau - Maurice Ravel,Acoustic Grand Piano _ 1,Piano 1,23160,60
65.62500250000001,0.41666649999999095,73,78,Jeux dEau - Maurice Ravel,Acoustic Grand Piano _ 1,Piano 1,23220,120
66.041669,0.41666650000000516,76,78,Jeux dEau - Maurice Ravel,Acoustic Grand Piano _ 1,Piano 1,23340,120
66.4583355,0.41666649999999095,78,81,Jeux dEau - Maurice Ravel,Acoustic Grand Piano _ 1,Piano 1,23460,120
66.875002,0.41666650000000516,76,83,Jeux dEau - Maurice Ravel,Acoustic Grand Piano _ 1,Piano 1,23580,120
67.2916685,0.41666650000000516,73,86,Jeux dEau - Maurice Ravel,Acoustic Grand Piano _ 1,Piano 1,23700,120
67.708335,0.8333329999999961,71,88,Jeux dEau - Maurice Ravel,Acoustic Grand Piano _ 1,Piano 1,23820,240
68.541668,0.8333329999999961,73,91,Jeux dEau - Maurice Ravel,Acoustic Grand Piano _ 1,Piano 1,24060,240
69.375001,0.41666650000000516,73,82,Jeux dEau - Maurice Ravel,Acoustic Grand Piano _ 1,Piano 1,24300,120
69.7916675,0.41666650000000516,75,82,Jeux dEau - Maurice Ravel,Acoustic Grand Piano _ 1,Piano 1,24420,120
70.20833400000001,0.41666649999999095,76,82,Jeux dEau - Maurice Ravel,Acoustic Grand Piano _ 1,Piano 1,24540,120
70.6250005,0.41666650000000516,81,82,Jeux dEau - Maurice Ravel,Acoustic Grand Piano _ 1,Piano 1,24660,120
71.041667,0.20833324999999547,73,82,Jeux dEau - Maurice Ravel,Acoustic Grand Piano _ 1,Piano 1,24780,60
71.25000025,0.20833324999999547,75,82,Jeux dEau - Maurice Ravel,Acoustic Grand Piano _ 1,Piano 1,24840,60
71.4583335,0.20833325000000968,73,82,Jeux dEau - Maurice Ravel,Acoustic Grand Piano _ 1,Piano 1,24900,60
71.66666675,0.20833324999999547,75,82,Jeux dEau - Maurice Ravel,Acoustic Grand Piano _ 1,Piano 1,24960,60
71.875,0.41666650000000516,76,82,Jeux dEau - Maurice Ravel,Acoustic Grand Piano _ 1,Piano 1,25020,120
72.2916665,0.41666649999999095,81,82,Jeux dEau - Maurice Ravel,Acoustic Grand Piano _ 1,Piano 1,25140,120
72.708333,0.41666650000000516,85,82,Jeux dEau - Maurice Ravel,Acoustic Grand Piano _ 1,Piano 1,25260,120
73.1249995,0.41666650000000516,87,85,Jeux dEau - Maurice Ravel,Acoustic Grand Piano _ 1,Piano 1,25380,120
73.541666,0.41666649999999095,88,87,Jeux dEau - Maurice Ravel,Acoustic Grand Piano _ 1,Piano 1,25500,120
73.9583325,0.41666650000000516,93,90,Jeux dEau - Maurice Ravel,Acoustic Grand Piano _ 1,Piano 1,25620,120
74.374999,0.20833324999999547,97,92,Jeux dEau - Maurice Ravel,Acoustic Grand Piano _ 1,Piano 1,25740,60
74.58333225,0.20833324999999547,99,92,Jeux dEau - Maurice Ravel,Acoustic Grand Piano _ 1,Piano 1,25800,60
74.7916655,0.20833325000000968,97,95,Jeux dEau - Maurice Ravel,Acoustic Grand Piano _ 1,Piano 1,25860,60
74.99999875,0.20833324999999547,99,95,Jeux dEau - Maurice Ravel,Acoustic Grand Piano _ 1,Piano 1,25920,60
75.208332,0.41666650000000516,100,97,Jeux dEau - Maurice Ravel,Acoustic Grand Piano _ 1,Piano 1,25980,120
75.6249985,0.41666649999999095,105,100,Jeux dEau - Maurice Ravel,Acoustic Grand Piano _ 1,Piano 1,26100,120
76.041665,0.8333334999999948,86,101,Jeux dEau - Maurice Ravel,Acoustic Grand Piano _ 1,Piano 1,26220,120
76.87499849999999,0.833333500000009,91,101,Jeux dEau - Maurice Ravel,Acoustic Grand Piano _ 1,Piano 1,26340,120
77.708332,0.8333334999999948,86,101,Jeux dEau - Maurice Ravel,Acoustic Grand Piano _ 1,Piano 1,26460,120
78.5416655,0.8333334999999948,91,101,Jeux dEau - Maurice Ravel,Acoustic Grand Piano _ 1,Piano 1,26580,120
79.479165625,0.10416662499999063,79,101,Jeux dEau - Maurice Ravel,Acoustic Grand Piano _ 1,Piano 1,26730,30
79.58333224999998,0.10416662500000484,86,101,Jeux dEau - Maurice Ravel,Acoustic Grand Piano _ 1,Piano 1,26760,30
79.68749887499999,0.10416662500000484,91,101,Jeux dEau - Maurice Ravel,Acoustic Grand Piano _ 1,Piano 1,26790,30
79.89583212499998,0.10416662500000484,91,101,Jeux dEau - Maurice Ravel,Acoustic Grand Piano _ 1,Piano 1,26850,30
79.99999874999999,0.10416662500000484,86,101,Jeux dEau - Maurice Ravel,Acoustic Grand Piano _ 1,Piano 1,26880,30
80.104165375,0.10416662499999063,79,101,Jeux dEau - Maurice Ravel,Acoustic Grand Piano _ 1,Piano 1,26910,30
80.31249862499999,0.10416662500000484,79,101,Jeux dEau - Maurice Ravel,Acoustic Grand Piano _ 1,Piano 1,26970,30
80.41666525,0.10416662499999063,74,101,Jeux dEau - Maurice Ravel,Acoustic Grand Piano _ 1,Piano 1,27000,30
80.52083187499998,0.10416662500000484,67,101,Jeux dEau - Maurice Ravel,Acoustic Grand Piano _ 1,Piano 1,27030,30
80.729165125,0.10416662499999063,67,101,Jeux dEau - Maurice Ravel,Acoustic Grand Piano _ 1,Piano 1,27090,30
80.83333174999999,0.10416662500000484,62,101,Jeux dEau - Maurice Ravel,Acoustic Grand Piano _ 1,Piano 1,27120,30
80.93749837499999,0.10416662500000484,55,101,Jeux dEau - Maurice Ravel,Acoustic Grand Piano _ 1,Piano 1,27150,30
81.14583162499999,0.10416662500000484,55,101,Jeux dEau - Maurice Ravel,Acoustic Grand Piano _ 1,Piano 1,27210,30
81.24999824999999,0.10416662500000484,62,101,Jeux dEau - Maurice Ravel,Acoustic Grand Piano _ 1,Piano 1,27240,30
81.354164875,0.10416662499999063,67,101,Jeux dEau - Maurice Ravel,Acoustic Grand Piano _ 1,Piano 1,27270,30
81.56249812499999,0.10416662500000484,67,101,Jeux dEau - Maurice Ravel,Acoustic Grand Piano _ 1,Piano 1,27330,30
81.66666475,0.10416662499999063,74,101,Jeux dEau - Maurice Ravel,Acoustic Grand Piano _ 1,Piano 1,27360,30
81.77083137499999,0.10416662500000484,79,101,Jeux dEau - Maurice Ravel,Acoustic Grand Piano _ 1,Piano 1,27390,30
81.97916462499998,0.10416662500000484,79,101,Jeux dEau - Maurice Ravel,Acoustic Grand Piano _ 1,Piano 1,27450,30
82.08333124999999,0.10416662500000484,86,101,Jeux dEau - Maurice Ravel,Acoustic Grand Piano _ 1,Piano 1,27480,30
82.18749787499999,0.10416662499999063,91,101,Jeux dEau - Maurice Ravel,Acoustic Grand Piano _ 1,Piano 1,27510,30
82.39583112499999,0.10416662500000484,91,101,Jeux dEau - Maurice Ravel,Acoustic Grand Piano _ 1,Piano 1,27570,30
82.49999774999999,0.10416662499999063,86,101,Jeux dEau - Maurice Ravel,Acoustic Grand Piano _ 1,Piano 1,27600,30
82.60416437499998,0.10416662500000484,79,101,Jeux dEau - Maurice Ravel,Acoustic Grand Piano _ 1,Piano 1,27630,30
82.81249762499999,0.10416662499999063,79,101,Jeux dEau - Maurice Ravel,Acoustic Grand Piano _ 1,Piano 1,27690,30
82.91666424999998,0.10416662500000484,86,101,Jeux dEau - Maurice Ravel,Acoustic Grand Piano _ 1,Piano 1,27720,30
83.02083087499999,0.10416662500000484,91,101,Jeux dEau - Maurice Ravel,Acoustic Grand Piano _ 1,Piano 1,27750,30
83.22916412499998,0.10416662500000484,91,99,Jeux dEau - Maurice Ravel,Acoustic Grand Piano _ 1,Piano 1,27810,30
83.33333074999999,0.10416662500000484,86,99,Jeux dEau - Maurice Ravel,Acoustic Grand Piano _ 1,Piano 1,27840,30
83.43749737499999,0.10416662499999063,79,99,Jeux dEau - Maurice Ravel,Acoustic Grand Piano _ 1,Piano 1,27870,30
83.64583062499999,0.10416662500000484,79,99,Jeux dEau - Maurice Ravel,Acoustic Grand Piano _ 1,Piano 1,27930,30
83.74999724999999,0.10416662499999063,86,96,Jeux dEau - Maurice Ravel,Acoustic Grand Piano _ 1,Piano 1,27960,30
83.85416387499998,0.10416662500000484,91,96,Jeux dEau - Maurice Ravel,Acoustic Grand Piano _ 1,Piano 1,27990,30
84.062497125,0.10416662499999063,91,96,Jeux dEau - Maurice Ravel,Acoustic Grand Piano _ 1,Piano 1,28050,30
84.16666374999998,0.10416662500000484,86,96,Jeux dEau - Maurice Ravel,Acoustic Grand Piano _ 1,Piano 1,28080,30
84.27083037499999,0.10416662500000484,79,93,Jeux dEau - Maurice Ravel,Acoustic Grand Piano _ 1,Piano 1,28110,30
84.48529112499999,0.11029412500001001,79,93,Jeux dEau - Maurice Ravel,Acoustic Grand Piano _ 1,Piano 1,28170,30
84.59558525,0.1102941249999958,86,93,Jeux dEau - Maurice Ravel,Acoustic Grand Piano _ 1,Piano 1,28200,30
84.705879375,0.1102941249999958,91,93,Jeux dEau - Maurice Ravel,Acoustic Grand Piano _ 1,Piano 1,28230,30
85.03676175,0.2205882499999916,86,93,Jeux dEau - Maurice Ravel,Acoustic Grand Piano _ 1,Piano 1,28320,60
85.47793825,0.22058825000000581,86,93,Jeux dEau - Maurice Ravel,Acoustic Grand Piano _ 1,Piano 1,28440,60
85.6985265,0.2205882499999916,91,93,Jeux dEau - Maurice Ravel,Acoustic Grand Piano _ 1,Piano 1,28500,60
85.91911474999999,0.22058825000000581,86,93,Jeux dEau - Maurice Ravel,Acoustic Grand Piano _ 1,Piano 1,28560,60
86.139703,0.20833337499999516,80,82,Jeux dEau - Maurice Ravel,Acoustic Grand Piano _ 1,Piano 1,28620,30
86.34803637499999,0.20833337500000937,82,82,Jeux dEau - Maurice Ravel,Acoustic Grand Piano _ 1,Piano 1,28650,30
86.55636975,0.20833337499999516,82,82,Jeux dEau - Maurice Ravel,Acoustic Grand Piano _ 1,Piano 1,28680,30
86.764703125,0.20833337499999516,80,82,Jeux dEau - Maurice Ravel,Acoustic Grand Piano _ 1,Piano 1,28710,30
86.97303649999999,0.20833337500000937,78,82,Jeux dEau - Maurice Ravel,Acoustic Grand Piano _ 1,Piano 1,28740,30
87.181369875,0.20833337499999516,80,82,Jeux dEau - Maurice Ravel,Acoustic Grand Piano _ 1,Piano 1,28770,30
87.38970325,0.20833337499999516,80,82,Jeux dEau - Maurice Ravel,Acoustic Grand Piano _ 1,Piano 1,28800,30
87.59803662499999,0.20833337500000937,78,82,Jeux dEau - Maurice Ravel,Acoustic Grand Piano _ 1,Piano 1,28830,30
87.80637,0.20833337499999516,80,82,Jeux dEau - Maurice Ravel,Acoustic Grand Piano _ 1,Piano 1,28860,30
88.014703375,0.20833337499999516,82,82,Jeux dEau - Maurice Ravel,Acoustic Grand Piano _ 1,Piano 1,28890,30
88.22303674999999,0.20833337500000937,82,82,Jeux dEau - Maurice Ravel,Acoustic Grand Piano _ 1,Piano 1,28920,30
88.431370125,0.20833337499999516,80,82,Jeux dEau - Maurice Ravel,Acoustic Grand Piano _ 1,Piano 1,28950,30
88.6397035,0.20833337499999516,78,82,Jeux dEau - Maurice Ravel,Acoustic Grand Piano _ 1,Piano 1,28980,30
88.84803687499999,0.20833337500000937,80,82,Jeux dEau - Maurice Ravel,Acoustic Grand Piano _ 1,Piano 1,29010,30
89.05637025,0.20833337499999516,80,82,Jeux dEau - Maurice Ravel,Acoustic Grand Piano _ 1,Piano 1,29040,30
89.264703625,0.20833337499999516,78,82,Jeux dEau - Maurice Ravel,Acoustic Grand Piano _ 1,Piano 1,29070,30
89.47303699999999,0.20833337500000937,80,82,Jeux dEau - Maurice Ravel,Acoustic Grand Piano _ 1,Piano 1,29100,30
89.681370375,0.20833337499999516,82,82,Jeux dEau - Maurice Ravel,Acoustic Grand Piano _ 1,Piano 1,29130,30
89.88970375,0.20833337499999516,82,82,Jeux dEau - Maurice Ravel,Acoustic Grand Piano _ 1,Piano 1,29160,30
90.09803712499999,0.20833337500000937,80,82,Jeux dEau - Maurice Ravel,Acoustic Grand Piano _ 1,Piano 1,29190,30
90.3063705,0.20833337499999516,78,82,Jeux dEau - Maurice Ravel,Acoustic Grand Piano _ 1,Piano 1,29220,30
90.514703875,0.20833337499999516,80,82,Jeux dEau - Maurice Ravel,Acoustic Grand Piano _ 1,Piano 1,29250,30
90.72303724999999,0.20833337500000937,80,82,Jeux dEau - Maurice Ravel,Acoustic Grand Piano _ 1,Piano 1,29280,30
90.931370625,0.20833337499999516,78,82,Jeux dEau - Maurice Ravel,Acoustic Grand Piano _ 1,Piano 1,29310,30
91.139704,0.20833337499999516,76,82,Jeux dEau - Maurice Ravel,Acoustic Grand Piano _ 1,Piano 1,29340,30
91.34803737499999,0.20833337500000937,78,82,Jeux dEau - Maurice Ravel,Acoustic Grand Piano _ 1,Piano 1,29370,30
91.55637075,0.20833337499999516,78,82,Jeux dEau - Maurice Ravel,Acoustic Grand Piano _ 1,Piano 1,29400,30
91.764704125,0.20833337500000937,76,82,Jeux dEau - Maurice Ravel,Acoustic Grand Piano _ 1,Piano 1,29430,30
91.9730375,0.20833337499999516,75,82,Jeux dEau - Maurice Ravel,Acoustic Grand Piano _ 1,Piano 1,29460,30
92.181370875,0.20833337499999516,77,82,Jeux dEau - Maurice Ravel,Acoustic Grand Piano _ 1,Piano 1,29490,30
92.38970425,0.20833337499999516,77,82,Jeux dEau - Maurice Ravel,Acoustic Grand Piano _ 1,Piano 1,29520,30
92.59803762499999,0.20833337500000937,75,82,Jeux dEau - Maurice Ravel,Acoustic Grand Piano _ 1,Piano 1,29550,30
92.806371,0.20833337499999516,82,82,Jeux dEau - Maurice Ravel,Acoustic Grand Piano _ 1,Piano 1,29580,30
93.22303775,0.20833337499999516,78,82,Jeux dEau - Maurice Ravel,Acoustic Grand Piano _ 1,Piano 1,29640,30
93.6397045,0.20833337500000937,80,82,Jeux dEau - Maurice Ravel,Acoustic Grand Piano _ 1,Piano 1,29700,30
94.05637125,0.20833337499999516,80,82,Jeux dEau - Maurice Ravel,Acoustic Grand Piano _ 1,Piano 1,29760,30
94.264704625,0.20833337500000937,78,82,Jeux dEau - Maurice Ravel,Acoustic Grand Piano _ 1,Piano 1,29790,30
94.473038,0.20833337499999516,82,82,Jeux dEau - Maurice Ravel,Acoustic Grand Piano _ 1,Piano 1,29820,30
94.88970474999999,0.20833337500000937,78,82,Jeux dEau - Maurice Ravel,Acoustic Grand Piano _ 1,Piano 1,29880,30
95.3063715,0.20833337499999516,80,82,Jeux dEau - Maurice Ravel,Acoustic Grand Piano _ 1,Piano 1,29940,30
95.72303825,0.20833337499999516,80,82,Jeux dEau - Maurice Ravel,Acoustic Grand Piano _ 1,Piano 1,30000,30
95.931371625,0.20833337499999516,78,82,Jeux dEau - Maurice Ravel,Acoustic Grand Piano _ 1,Piano 1,30030,30
96.13970499999999,0.20833337500000937,82,82,Jeux dEau - Maurice Ravel,Acoustic Grand Piano _ 1,Piano 1,30060,30
96.55637175,0.20833337499999516,78,82,Jeux dEau - Maurice Ravel,Acoustic Grand Piano _ 1,Piano 1,30120,30
96.9730385,0.20833337499999516,80,82,Jeux dEau - Maurice Ravel,Acoustic Grand Piano _ 1,Piano 1,30180,30
97.38970524999999,0.20833337500000937,76,82,Jeux dEau - Maurice Ravel,Acoustic Grand Piano _ 1,Piano 1,30240,30
97.806372,0.20833337499999516,78,80,Jeux dEau - Maurice Ravel,Acoustic Grand Piano _ 1,Piano 1,30300,30
98.22303875,0.20833337499999516,74,80,Jeux dEau - Maurice Ravel,Acoustic Grand Piano _ 1,Piano 1,30360,30
98.63970549999999,0.20833337500000937,77,77,Jeux dEau - Maurice Ravel,Acoustic Grand Piano _ 1,Piano 1,30420,30
98.848038875,0.20833337499999516,65,77,Jeux dEau - Maurice Ravel,Acoustic Grand Piano _ 1,Piano 1,30450,30
99.05637225,0.20833337499999516,62,77,Jeux dEau - Maurice Ravel,Acoustic Grand Piano _ 1,Piano 1,30480,30
99.26470562499999,0.20833337500000937,65,77,Jeux dEau - Maurice Ravel,Acoustic Grand Piano _ 1,Piano 1,30510,30
99.473039,0.20833337499999516,78,77,Jeux dEau - Maurice Ravel,Acoustic Grand Piano _ 1,Piano 1,30540,30
99.88970574999999,0.20833337500000937,74,74,Jeux dEau - Maurice Ravel,Acoustic Grand Piano _ 1,Piano 1,30600,30
100.3063725,0.20833337499999516,77,74,Jeux dEau - Maurice Ravel,Acoustic Grand Piano _ 1,Piano 1,30660,30
100.72303925,0.20833337499999516,62,74,Jeux dEau - Maurice Ravel,Acoustic Grand Piano _ 1,Piano 1,30720,30
100.931372625,0.20833337499999516,65,74,Jeux dEau - Maurice Ravel,Acoustic Grand Piano _ 1,Piano 1,30750,30
101.13970599999999,0.20833337500000937,79,72,Jeux dEau - Maurice Ravel,Acoustic Grand Piano _ 1,Piano 1,30780,30
101.55637275,0.20833337499999516,74,69,Jeux dEau - Maurice Ravel,Acoustic Grand Piano _ 1,Piano 1,30840,30
101.9730395,0.20833337499999516,77,69,Jeux dEau - Maurice Ravel,Acoustic Grand Piano _ 1,Piano 1,30900,30
102.38970624999999,0.20833337500000937,62,69,Jeux dEau - Maurice Ravel,Acoustic Grand Piano _ 1,Piano 1,30960,30
102.598039625,0.20833337499999516,65,69,Jeux dEau - Maurice Ravel,Acoustic Grand Piano _ 1,Piano 1,30990,30
102.806373,0.20833349999999484,66,69,Jeux dEau - Maurice Ravel,Acoustic Grand Piano _ 1,Piano 1,31020,180
103.01470649999999,0.20833350000000905,68,72,Jeux dEau - Maurice Ravel,Acoustic Grand Piano _ 1,Piano 1,31200,180
103.22304,0.10416674999999032,71,74,Jeux dEau - Maurice Ravel,Acoustic Grand Piano _ 1,Piano 1,31380,90
103.32720674999999,0.10416675000000453,62,74,Jeux dEau - Maurice Ravel,Acoustic Grand Piano _ 1,Piano 1,31470,90
103.43137349999999,0.20833349999999484,74,77,Jeux dEau - Maurice Ravel,Acoustic Grand Piano _ 1,Piano 1,31560,180
103.63970699999999,0.20833350000000905,78,80,Jeux dEau - Maurice Ravel,Acoustic Grand Piano _ 1,Piano 1,31740,180
103.8480405,0.20833349999999484,80,82,Jeux dEau - Maurice Ravel,Acoustic Grand Piano _ 1,Piano 1,31920,180
104.05637399999999,0.10416675000000453,83,85,Jeux dEau - Maurice Ravel,Acoustic Grand Piano _ 1,Piano 1,32100,90
104.16054075,0.10416675000000453,74,85,Jeux dEau - Maurice Ravel,Acoustic Grand Piano _ 1,Piano 1,32190,90
104.2647075,0.20833349999999484,86,87,Jeux dEau - Maurice Ravel,Acoustic Grand Piano _ 1,Piano 1,32280,180
104.473041,0.20833349999999484,90,91,Jeux dEau - Maurice Ravel,Acoustic Grand Piano _ 1,Piano 1,32460,180
104.68137449999999,0.20833350000000905,92,91,Jeux dEau - Maurice Ravel,Acoustic Grand Piano _ 1,Piano 1,32640,180
104.889708,0.10416674999999032,95,91,Jeux dEau - Maurice Ravel,Acoustic Grand Piano _ 1,Piano 1,32820,90
104.99387474999999,0.10416675000000453,86,91,Jeux dEau - Maurice Ravel,Acoustic Grand Piano _ 1,Piano 1,32910,90
105.0980415,0.20833349999999484,98,91,Jeux dEau - Maurice Ravel,Acoustic Grand Piano _ 1,Piano 1,33000,180
105.30637499999999,0.06944450000000302,101,91,Jeux dEau - Maurice Ravel,Acoustic Grand Piano _ 1,Piano 1,33180,60
105.37581949999999,0.06944450000000302,98,91,Jeux dEau - Maurice Ravel,Acoustic Grand Piano _ 1,Piano 1,33240,60
105.445264,0.06944450000000302,94,91,Jeux dEau - Maurice Ravel,Acoustic Grand Piano _ 1,Piano 1,33300,60
105.5147085,0.0694444999999888,89,91,Jeux dEau - Maurice Ravel,Acoustic Grand Piano _ 1,Piano 1,33360,60
105.58415299999999,0.06944450000000302,86,91,Jeux dEau - Maurice Ravel,Acoustic Grand Piano _ 1,Piano 1,33420,60
105.65359749999999,0.06944450000000302,82,91,Jeux dEau - Maurice Ravel,Acoustic Grand Piano _ 1,Piano 1,33480,60
105.72304199999999,0.06944450000000302,77,91,Jeux dEau - Maurice Ravel,Acoustic Grand Piano _ 1,Piano 1,33540,60
105.7924865,0.06944450000000302,82,91,Jeux dEau - Maurice Ravel,Acoustic Grand Piano _ 1,Piano 1,33600,60
105.861931,0.0694444999999888,86,91,Jeux dEau - Maurice Ravel,Acoustic Grand Piano _ 1,Piano 1,33660,60
105.93137549999999,0.06944450000000302,89,91,Jeux dEau - Maurice Ravel,Acoustic Grand Piano _ 1,Piano 1,33720,60
106.00081999999999,0.06944450000000302,94,91,Jeux dEau - Maurice Ravel,Acoustic Grand Piano _ 1,Piano 1,33780,60
106.0702645,0.06944450000000302,98,91,Jeux dEau - Maurice Ravel,Acoustic Grand Piano _ 1,Piano 1,33840,60
106.139709,0.10416674999999032,102,91,Jeux dEau - Maurice Ravel,Acoustic Grand Piano _ 1,Piano 1,33900,90
106.24387574999999,0.10416675000000453,98,91,Jeux dEau - Maurice Ravel,Acoustic Grand Piano _ 1,Piano 1,33990,90
106.34804249999999,0.10416675000000453,95,91,Jeux dEau - Maurice Ravel,Acoustic Grand Piano _ 1,Piano 1,34080,90
106.45220925,0.10416674999999032,90,91,Jeux dEau - Maurice Ravel,Acoustic Grand Piano _ 1,Piano 1,34170,90
106.55637599999999,0.10416675000000453,104,91,Jeux dEau - Maurice Ravel,Acoustic Grand Piano _ 1,Piano 1,34260,90
106.66054274999999,0.10416675000000453,98,91,Jeux dEau - Maurice Ravel,Acoustic Grand Piano _ 1,Piano 1,34350,90
106.7647095,0.10416675000000453,95,91,Jeux dEau - Maurice Ravel,Acoustic Grand Piano _ 1,Piano 1,34440,90
106.86887625,0.10416674999999032,92,91,Jeux dEau - Maurice Ravel,Acoustic Grand Piano _ 1,Piano 1,34530,90
106.97304299999999,0.06944450000000302,101,91,Jeux dEau - Maurice Ravel,Acoustic Grand Piano _ 1,Piano 1,34620,60
107.0424875,0.06944450000000302,98,91,Jeux dEau - Maurice Ravel,Acoustic Grand Piano _ 1,Piano 1,34680,60
107.111932,0.06944450000000302,94,91,Jeux dEau - Maurice Ravel,Acoustic Grand Piano _ 1,Piano 1,34740,60
107.1813765,0.0694444999999888,89,91,Jeux dEau - Maurice Ravel,Acoustic Grand Piano _ 1,Piano 1,34800,60
107.25082099999999,0.06944450000000302,86,91,Jeux dEau - Maurice Ravel,Acoustic Grand Piano _ 1,Piano 1,34860,60
107.32026549999999,0.06944450000000302,82,91,Jeux dEau - Maurice Ravel,Acoustic Grand Piano _ 1,Piano 1,34920,60
107.38971,0.06944450000000302,77,91,Jeux dEau - Maurice Ravel,Acoustic Grand Piano _ 1,Piano 1,34980,60
107.4591545,0.0694444999999888,74,91,Jeux dEau - Maurice Ravel,Acoustic Grand Piano _ 1,Piano 1,35040,60
107.52859899999999,0.06944450000000302,70,91,Jeux dEau - Maurice Ravel,Acoustic Grand Piano _ 1,Piano 1,35100,60
107.59804349999999,0.06944450000000302,65,91,Jeux dEau - Maurice Ravel,Acoustic Grand Piano _ 1,Piano 1,35160,60
107.66748799999999,0.06944450000000302,70,91,Jeux dEau - Maurice Ravel,Acoustic Grand Piano _ 1,Piano 1,35220,60
107.7369325,0.06944450000000302,74,91,Jeux dEau - Maurice Ravel,Acoustic Grand Piano _ 1,Piano 1,35280,60
107.806377,0.10416674999999032,78,91,Jeux dEau - Maurice Ravel,Acoustic Grand Piano _ 1,Piano 1,35340,90
107.91054374999999,0.10416675000000453,74,91,Jeux dEau - Maurice Ravel,Acoustic Grand Piano _ 1,Piano 1,35430,90
108.01471049999999,0.10416675000000453,71,91,Jeux dEau - Maurice Ravel,Acoustic Grand Piano _ 1,Piano 1,35520,90
108.11887725,0.10416674999999032,66,91,Jeux dEau - Maurice Ravel,Acoustic Grand Piano _ 1,Piano 1,35610,90
108.22304399999999,0.10416675000000453,80,91,Jeux dEau - Maurice Ravel,Acoustic Grand Piano _ 1,Piano 1,35700,90
108.32721074999999,0.10416675000000453,74,91,Jeux dEau - Maurice Ravel,Acoustic Grand Piano _ 1,Piano 1,35790,90
108.4313775,0.10416674999999032,71,91,Jeux dEau - Maurice Ravel,Acoustic Grand Piano _ 1,Piano 1,35880,90
108.53554424999999,0.10416675000000453,68,91,Jeux dEau - Maurice Ravel,Acoustic Grand Piano _ 1,Piano 1,35970,90
108.63971099999999,0.10416675000000453,77,91,Jeux dEau - Maurice Ravel,Acoustic Grand Piano _ 1,Piano 1,36060,90
108.74387775,0.10416674999999032,74,91,Jeux dEau - Maurice Ravel,Acoustic Grand Piano _ 1,Piano 1,36150,90
108.84804449999999,0.10416675000000453,70,91,Jeux dEau - Maurice Ravel,Acoustic Grand Piano _ 1,Piano 1,36240,90
108.95221124999999,0.10416675000000453,65,91,Jeux dEau - Maurice Ravel,Acoustic Grand Piano _ 1,Piano 1,36330,90
109.056378,0.10416674999999032,62,91,Jeux dEau - Maurice Ravel,Acoustic Grand Piano _ 1,Piano 1,36420,90
109.16054474999999,0.10416675000000453,58,91,Jeux dEau - Maurice Ravel,Acoustic Grand Piano _ 1,Piano 1,36510,90
109.26471149999999,0.10416675000000453,53,91,Jeux dEau - Maurice Ravel,Acoustic Grand Piano _ 1,Piano 1,36600,90
109.36887825,0.10416674999999032,46,91,Jeux dEau - Maurice Ravel,Acoustic Grand Piano _ 1,Piano 1,36690,90
109.47304499999998,0.20833350000000905,59,91,Jeux dEau - Maurice Ravel,Acoustic Grand Piano _ 1,Piano 1,36780,180
109.6813785,0.20833349999999484,61,91,Jeux dEau - Maurice Ravel,Acoustic Grand Piano _ 1,Piano 1,36960,180
109.88971199999999,0.10416675000000453,62,91,Jeux dEau - Maurice Ravel,Acoustic Grand Piano _ 1,Piano 1,37140,90
109.99387875,0.10416675000000453,54,91,Jeux dEau - Maurice Ravel,Acoustic Grand Piano _ 1,Piano 1,37230,90
110.0980455,0.20833349999999484,66,91,Jeux dEau - Maurice Ravel,Acoustic Grand Piano _ 1,Piano 1,37320,180
110.30637899999999,0.20833349999999484,71,91,Jeux dEau - Maurice Ravel,Acoustic Grand Piano _ 1,Piano 1,37500,180
110.51471249999999,0.20833350000000905,73,91,Jeux dEau - Maurice Ravel,Acoustic Grand Piano _ 1,Piano 1,37680,180
110.723046,0.10416674999999032,74,91,Jeux dEau - Maurice Ravel,Acoustic Grand Piano _ 1,Piano 1,37860,90
110.82721274999999,0.10416675000000453,66,91,Jeux dEau - Maurice Ravel,Acoustic Grand Piano _ 1,Piano 1,37950,90
110.93137949999999,0.20833349999999484,78,91,Jeux dEau - Maurice Ravel,Acoustic Grand Piano _ 1,Piano 1,38040,180
111.13971299999999,0.20833350000000905,83,91,Jeux dEau - Maurice Ravel,Acoustic Grand Piano _ 1,Piano 1,38220,180
111.3480465,0.20833349999999484,85,91,Jeux dEau - Maurice Ravel,Acoustic Grand Piano _ 1,Piano 1,38400,180
111.55637999999999,0.10416675000000453,86,91,Jeux dEau - Maurice Ravel,Acoustic Grand Piano _ 1,Piano 1,38580,90
111.66054675,0.10416675000000453,78,91,Jeux dEau - Maurice Ravel,Acoustic Grand Piano _ 1,Piano 1,38670,90
111.7647135,0.20833349999999484,90,91,Jeux dEau - Maurice Ravel,Acoustic Grand Piano _ 1,Piano 1,38760,180
111.973047,0.06944450000000302,98,91,Jeux dEau - Maurice Ravel,Acoustic Grand Piano _ 1,Piano 1,38940,60
112.0424915,0.0694444999999888,95,91,Jeux dEau - Maurice Ravel,Acoustic Grand Piano _ 1,Piano 1,39000,60
112.11193599999999,0.06944450000000302,91,91,Jeux dEau - Maurice Ravel,Acoustic Grand Piano _ 1,Piano 1,39060,60
112.18138049999999,0.06944450000000302,86,91,Jeux dEau - Maurice Ravel,Acoustic Grand Piano _ 1,Piano 1,39120,60
112.25082499999999,0.06944450000000302,83,91,Jeux dEau - Maurice Ravel,Acoustic Grand Piano _ 1,Piano 1,39180,60
112.3202695,0.06944450000000302,79,91,Jeux dEau - Maurice Ravel,Acoustic Grand Piano _ 1,Piano 1,39240,60
112.389714,0.0694444999999888,74,91,Jeux dEau - Maurice Ravel,Acoustic Grand Piano _ 1,Piano 1,39300,60
112.45915849999999,0.06944450000000302,79,91,Jeux dEau - Maurice Ravel,Acoustic Grand Piano _ 1,Piano 1,39360,60
112.52860299999999,0.06944450000000302,83,91,Jeux dEau - Maurice Ravel,Acoustic Grand Piano _ 1,Piano 1,39420,60
112.59804749999999,0.06944450000000302,86,91,Jeux dEau - Maurice Ravel,Acoustic Grand Piano _ 1,Piano 1,39480,60
112.667492,0.0694444999999888,91,91,Jeux dEau - Maurice Ravel,Acoustic Grand Piano _ 1,Piano 1,39540,60
112.73693649999998,0.06944450000000302,95,91,Jeux dEau - Maurice Ravel,Acoustic Grand Piano _ 1,Piano 1,39600,60
112.80638099999999,0.10416675000000453,99,91,Jeux dEau - Maurice Ravel,Acoustic Grand Piano _ 1,Piano 1,39660,90
112.91054774999999,0.10416675000000453,94,91,Jeux dEau - Maurice Ravel,Acoustic Grand Piano _ 1,Piano 1,39750,90
113.0147145,0.10416674999999032,90,91,Jeux dEau - Maurice Ravel,Acoustic Grand Piano _ 1,Piano 1,39840,90
113.11888124999999,0.10416675000000453,87,91,Jeux dEau - Maurice Ravel,Acoustic Grand Piano _ 1,Piano 1,39930,90
113.22304799999999,0.10416675000000453,101,91,Jeux dEau - Maurice Ravel,Acoustic Grand Piano _ 1,Piano 1,40020,90
113.32721475,0.10416674999999032,94,91,Jeux dEau - Maurice Ravel,Acoustic Grand Piano _ 1,Piano 1,40110,90
113.43138149999999,0.10416675000000453,90,91,Jeux dEau - Maurice Ravel,Acoustic Grand Piano _ 1,Piano 1,40200,90
113.53554824999999,0.10416675000000453,89,91,Jeux dEau - Maurice Ravel,Acoustic Grand Piano _ 1,Piano 1,40290,90
113.639715,0.06944450000000302,98,91,Jeux dEau - Maurice Ravel,Acoustic Grand Piano _ 1,Piano 1,40380,60
113.7091595,0.0694444999999888,95,91,Jeux dEau - Maurice Ravel,Acoustic Grand Piano _ 1,Piano 1,40440,60
113.77860399999999,0.06944450000000302,91,91,Jeux dEau - Maurice Ravel,Acoustic Grand Piano _ 1,Piano 1,40500,60
113.84804849999999,0.06944450000000302,86,91,Jeux dEau - Maurice Ravel,Acoustic Grand Piano _ 1,Piano 1,40560,60
113.917493,0.06944450000000302,83,91,Jeux dEau - Maurice Ravel,Acoustic Grand Piano _ 1,Piano 1,40620,60
113.9869375,0.0694444999999888,79,91,Jeux dEau - Maurice Ravel,Acoustic Grand Piano _ 1,Piano 1,40680,60
114.05638199999999,0.06944450000000302,74,91,Jeux dEau - Maurice Ravel,Acoustic Grand Piano _ 1,Piano 1,40740,60
114.12582649999999,0.06944450000000302,71,91,Jeux dEau - Maurice Ravel,Acoustic Grand Piano _ 1,Piano 1,40800,60
114.19527099999999,0.06944450000000302,67,91,Jeux dEau - Maurice Ravel,Acoustic Grand Piano _ 1,Piano 1,40860,60
114.2647155,0.06944450000000302,62,91,Jeux dEau - Maurice Ravel,Acoustic Grand Piano _ 1,Piano 1,40920,60
114.33416,0.0694444999999888,67,91,Jeux dEau - Maurice Ravel,Acoustic Grand Piano _ 1,Piano 1,40980,60
114.40360449999999,0.06944450000000302,71,91,Jeux dEau - Maurice Ravel,Acoustic Grand Piano _ 1,Piano 1,41040,60
114.47304899999999,0.10416675000000453,75,91,Jeux dEau - Maurice Ravel,Acoustic Grand Piano _ 1,Piano 1,41100,90
114.57721575,0.10416674999999032,70,91,Jeux dEau - Maurice Ravel,Acoustic Grand Piano _ 1,Piano 1,41190,90
114.68138249999998,0.10416675000000453,66,91,Jeux dEau - Maurice Ravel,Acoustic Grand Piano _ 1,Piano 1,41280,90
114.78554924999999,0.10416675000000453,63,91,Jeux dEau - Maurice Ravel,Acoustic Grand Piano _ 1,Piano 1,41370,90
114.88971599999999,0.10416675000000453,77,91,Jeux dEau - Maurice Ravel,Acoustic Grand Piano _ 1,Piano 1,41460,90
114.99388275,0.10416674999999032,70,91,Jeux dEau - Maurice Ravel,Acoustic Grand Piano _ 1,Piano 1,41550,90
115.09804949999999,0.10416675000000453,66,91,Jeux dEau - Maurice Ravel,Acoustic Grand Piano _ 1,Piano 1,41640,90
115.20221624999999,0.10416675000000453,65,91,Jeux dEau - Maurice Ravel,Acoustic Grand Piano _ 1,Piano 1,41730,90
115.306383,0.0694444999999888,74,91,Jeux dEau - Maurice Ravel,Acoustic Grand Piano _ 1,Piano 1,41820,60
115.37582749999999,0.06944450000000302,71,91,Jeux dEau - Maurice Ravel,Acoustic Grand Piano _ 1,Piano 1,41880,60
115.44527199999999,0.06944450000000302,67,91,Jeux dEau - Maurice Ravel,Acoustic Grand Piano _ 1,Piano 1,41940,60
115.51471649999999,0.06944450000000302,62,91,Jeux dEau - Maurice Ravel,Acoustic Grand Piano _ 1,Piano 1,42000,60
115.584161,0.06944450000000302,59,91,Jeux dEau - Maurice Ravel,Acoustic Grand Piano _ 1,Piano 1,42060,60
115.6536055,0.0694444999999888,55,91,Jeux dEau - Maurice Ravel,Acoustic Grand Piano _ 1,Piano 1,42120,60
115.72304999999999,0.10416675000000453,50,91,Jeux dEau - Maurice Ravel,Acoustic Grand Piano _ 1,Piano 1,42180,90
115.82721674999999,0.10416675000000453,55,91,Jeux dEau - Maurice Ravel,Acoustic Grand Piano _ 1,Piano 1,42270,90
115.9313835,0.10416674999999032,59,91,Jeux dEau - Maurice Ravel,Acoustic Grand Piano _ 1,Piano 1,42360,90
116.03555024999999,0.10416675000000453,62,91,Jeux dEau - Maurice Ravel,Acoustic Grand Piano _ 1,Piano 1,42450,90
116.13971699999999,0.07894737499999849,58,91,Jeux dEau - Maurice Ravel,Acoustic Grand Piano _ 1,Piano 1,42540,30
116.21866437499999,0.07894737499999849,59,91,Jeux dEau - Maurice Ravel,Acoustic Grand Piano _ 1,Piano 1,42570,30
116.29761174999999,0.07894737499999849,61,91,Jeux dEau - Maurice Ravel,Acoustic Grand Piano _ 1,Piano 1,42600,30
116.37655912499999,0.07894737499999849,62,91,Jeux dEau - Maurice Ravel,Acoustic Grand Piano _ 1,Piano 1,42630,30
116.45550649999998,0.0789473750000127,66,91,Jeux dEau - Maurice Ravel,Acoustic Grand Piano _ 1,Piano 1,42660,30
116.534453875,0.07894737499999849,67,91,Jeux dEau - Maurice Ravel,Acoustic Grand Piano _ 1,Piano 1,42690,30
116.61340125,0.07894737499999849,70,91,Jeux dEau - Maurice Ravel,Acoustic Grand Piano _ 1,Piano 1,42720,30
116.692348625,0.07894737499999849,71,91,Jeux dEau - Maurice Ravel,Acoustic Grand Piano _ 1,Piano 1,42750,30
116.77129599999999,0.07894737499999849,73,91,Jeux dEau - Maurice Ravel,Acoustic Grand Piano _ 1,Piano 1,42780,30
116.85024337499999,0.07894737499999849,74,91,Jeux dEau - Maurice Ravel,Acoustic Grand Piano _ 1,Piano 1,42810,30
116.92919074999999,0.07894737499999849,78,91,Jeux dEau - Maurice Ravel,Acoustic Grand Piano _ 1,Piano 1,42840,30
117.00813812499999,0.07894737499999849,80,91,Jeux dEau - Maurice Ravel,Acoustic Grand Piano _ 1,Piano 1,42870,30
117.08708549999999,0.07894737499999849,82,91,Jeux dEau - Maurice Ravel,Acoustic Grand Piano _ 1,Piano 1,42900,30
117.16603287499998,0.0789473750000127,83,91,Jeux dEau - Maurice Ravel,Acoustic Grand Piano _ 1,Piano 1,42930,30
117.24498025,0.07894737499999849,85,91,Jeux dEau - Maurice Ravel,Acoustic Grand Piano _ 1,Piano 1,42960,30
117.323927625,0.07894737499999849,86,91,Jeux dEau - Maurice Ravel,Acoustic Grand Piano _ 1,Piano 1,42990,30
117.402875,0.113636249999999,86,91,Jeux dEau - Maurice Ravel,Acoustic Grand Piano _ 1,Piano 1,43020,90
117.51651125,0.113636249999999,79,91,Jeux dEau - Maurice Ravel,Acoustic Grand Piano _ 1,Piano 1,43110,90
117.63014749999999,0.113636249999999,77,91,Jeux dEau - Maurice Ravel,Acoustic Grand Piano _ 1,Piano 1,43200,90
117.74378374999999,0.113636249999999,74,91,Jeux dEau - Maurice Ravel,Acoustic Grand Piano _ 1,Piano 1,43290,90
117.85741999999999,0.113636249999999,85,91,Jeux dEau - Maurice Ravel,Acoustic Grand Piano _ 1,Piano 1,43380,90
117.97105624999999,0.113636249999999,79,91,Jeux dEau - Maurice Ravel,Acoustic Grand Piano _ 1,Piano 1,43470,90
118.08469249999999,0.113636249999999,77,91,Jeux dEau - Maurice Ravel,Acoustic Grand Piano _ 1,Piano 1,43560,90
118.19832874999999,0.1136362500000132,74,91,Jeux dEau - Maurice Ravel,Acoustic Grand Piano _ 1,Piano 1,43650,90
118.311965,0.113636249999999,79,91,Jeux dEau - Maurice Ravel,Acoustic Grand Piano _ 1,Piano 1,43740,90
118.42560125,0.113636249999999,77,91,Jeux dEau - Maurice Ravel,Acoustic Grand Piano _ 1,Piano 1,43830,90
118.5392375,0.113636249999999,71,91,Jeux dEau - Maurice Ravel,Acoustic Grand Piano _ 1,Piano 1,43920,90
118.65287375,0.113636249999999,67,91,Jeux dEau - Maurice Ravel,Acoustic Grand Piano _ 1,Piano 1,44010,90
118.76651,0.113636249999999,80,91,Jeux dEau - Maurice Ravel,Acoustic Grand Piano _ 1,Piano 1,44100,90
118.88014625,0.113636249999999,77,91,Jeux dEau - Maurice Ravel,Acoustic Grand Piano _ 1,Piano 1,44190,90
118.9937825,0.113636249999999,71,91,Jeux dEau - Maurice Ravel,Acoustic Grand Piano _ 1,Piano 1,44280,90
119.10741875,0.113636249999999,68,91,Jeux dEau - Maurice Ravel,Acoustic Grand Piano _ 1,Piano 1,44370,90
119.22105499999999,0.113636249999999,83,91,Jeux dEau - Maurice Ravel,Acoustic Grand Piano _ 1,Piano 1,44460,90
119.33469124999999,0.113636249999999,79,91,Jeux dEau - Maurice Ravel,Acoustic Grand Piano _ 1,Piano 1,44550,90
119.44832749999999,0.113636249999999,76,91,Jeux dEau - Maurice Ravel,Acoustic Grand Piano _ 1,Piano 1,44640,90
119.56196374999999,0.113636249999999,71,91,Jeux dEau - Maurice Ravel,Acoustic Grand Piano _ 1,Piano 1,44730,90
119.67559999999999,0.113636249999999,75,91,Jeux dEau - Maurice Ravel,Acoustic Grand Piano _ 1,Piano 1,44820,90
119.78923624999999,0.1136362500000132,76,91,Jeux dEau - Maurice Ravel,Acoustic Grand Piano _ 1,Piano 1,44910,90
119.9028725,0.113636249999999,77,91,Jeux dEau - Maurice Ravel,Acoustic Grand Piano _ 1,Piano 1,45000,90
120.01650875,0.113636249999999,78,91,Jeux dEau - Maurice Ravel,Acoustic Grand Piano _ 1,Piano 1,45090,90
120.130145,0.113636249999999,79,91,Jeux dEau - Maurice Ravel,Acoustic Grand Piano _ 1,Piano 1,45180,90
120.24378125,0.113636249999999,80,91,Jeux dEau - Maurice Ravel,Acoustic Grand Piano _ 1,Piano 1,45270,90
120.3574175,0.113636249999999,81,91,Jeux dEau - Maurice Ravel,Acoustic Grand Piano _ 1,Piano 1,45360,90
120.47105375,0.113636249999999,82,91,Jeux dEau - Maurice Ravel,Acoustic Grand Piano _ 1,Piano 1,45450,90
120.58469,0.113636249999999,83,91,Jeux dEau - Maurice Ravel,Acoustic Grand Piano _ 1,Piano 1,45540,90
120.69832625,0.113636249999999,88,91,Jeux dEau - Maurice Ravel,Acoustic Grand Piano _ 1,Piano 1,45630,90
120.81196249999999,0.113636249999999,87,91,Jeux dEau - Maurice Ravel,Acoustic Grand Piano _ 1,Piano 1,45720,90
120.92559874999999,0.113636249999999,86,91,Jeux dEau - Maurice Ravel,Acoustic Grand Piano _ 1,Piano 1,45810,90
121.03923499999999,0.113636249999999,86,91,Jeux dEau - Maurice Ravel,Acoustic Grand Piano _ 1,Piano 1,45900,90
121.15287124999999,0.113636249999999,79,91,Jeux dEau - Maurice Ravel,Acoustic Grand Piano _ 1,Piano 1,45990,90
121.26650749999999,0.113636249999999,77,91,Jeux dEau - Maurice Ravel,Acoustic Grand Piano _ 1,Piano 1,46080,90
121.38014374999999,0.113636249999999,74,91,Jeux dEau - Maurice Ravel,Acoustic Grand Piano _ 1,Piano 1,46170,90
121.49377999999999,0.1136362500000132,85,91,Jeux dEau - Maurice Ravel,Acoustic Grand Piano _ 1,Piano 1,46260,90
121.60741625,0.113636249999999,79,91,Jeux dEau - Maurice Ravel,Acoustic Grand Piano _ 1,Piano 1,46350,90
121.7210525,0.113636249999999,77,91,Jeux dEau - Maurice Ravel,Acoustic Grand Piano _ 1,Piano 1,46440,90
121.83468875,0.113636249999999,74,91,Jeux dEau - Maurice Ravel,Acoustic Grand Piano _ 1,Piano 1,46530,90
121.948325,0.113636249999999,79,91,Jeux dEau - Maurice Ravel,Acoustic Grand Piano _ 1,Piano 1,46620,90
122.06196125,0.113636249999999,77,91,Jeux dEau - Maurice Ravel,Acoustic Grand Piano _ 1,Piano 1,46710,90
122.1755975,0.113636249999999,71,91,Jeux dEau - Maurice Ravel,Acoustic Grand Piano _ 1,Piano 1,46800,90
122.28923375,0.113636249999999,67,91,Jeux dEau - Maurice Ravel,Acoustic Grand Piano _ 1,Piano 1,46890,90
122.40287,0.113636249999999,80,91,Jeux dEau - Maurice Ravel,Acoustic Grand Piano _ 1,Piano 1,46980,90
122.51650624999999,0.113636249999999,77,91,Jeux dEau - Maurice Ravel,Acoustic Grand Piano _ 1,Piano 1,47070,90
122.63014249999999,0.113636249999999,71,91,Jeux dEau - Maurice Ravel,Acoustic Grand Piano _ 1,Piano 1,47160,90
122.74377874999999,0.113636249999999,68,91,Jeux dEau - Maurice Ravel,Acoustic Grand Piano _ 1,Piano 1,47250,90
122.85741499999999,0.113636249999999,83,91,Jeux dEau - Maurice Ravel,Acoustic Grand Piano _ 1,Piano 1,47340,90
122.97105124999999,0.1136362500000132,79,91,Jeux dEau - Maurice Ravel,Acoustic Grand Piano _ 1,Piano 1,47430,90
123.0846875,0.113636249999999,76,91,Jeux dEau - Maurice Ravel,Acoustic Grand Piano _ 1,Piano 1,47520,90
123.19832375,0.113636249999999,71,91,Jeux dEau - Maurice Ravel,Acoustic Grand Piano _ 1,Piano 1,47610,90
123.31196,0.113636249999999,75,91,Jeux dEau - Maurice Ravel,Acoustic Grand Piano _ 1,Piano 1,47700,90
123.42559625,0.113636249999999,76,91,Jeux dEau - Maurice Ravel,Acoustic Grand Piano _ 1,Piano 1,47790,90
123.5392325,0.113636249999999,77,91,Jeux dEau - Maurice Ravel,Acoustic Grand Piano _ 1,Piano 1,47880,90
123.65286875,0.113636249999999,78,91,Jeux dEau - Maurice Ravel,Acoustic Grand Piano _ 1,Piano 1,47970,90
123.766505,0.113636249999999,79,91,Jeux dEau - Maurice Ravel,Acoustic Grand Piano _ 1,Piano 1,48060,90
123.88014125,0.113636249999999,80,91,Jeux dEau - Maurice Ravel,Acoustic Grand Piano _ 1,Piano 1,48150,90
123.9937775,0.113636249999999,81,91,Jeux dEau - Maurice Ravel,Acoustic Grand Piano _ 1,Piano 1,48240,90
124.10741374999999,0.113636249999999,82,91,Jeux dEau - Maurice Ravel,Acoustic Grand Piano _ 1,Piano 1,48330,90
124.22104999999999,0.113636249999999,83,91,Jeux dEau - Maurice Ravel,Acoustic Grand Piano _ 1,Piano 1,48420,90
124.33468624999999,0.113636249999999,88,91,Jeux dEau - Maurice Ravel,Acoustic Grand Piano _ 1,Piano 1,48510,90
124.44832249999999,0.113636249999999,87,91,Jeux dEau - Maurice Ravel,Acoustic Grand Piano _ 1,Piano 1,48600,90
124.56195874999999,0.113636249999999,86,91,Jeux dEau - Maurice Ravel,Acoustic Grand Piano _ 1,Piano 1,48690,90
124.67559499999999,0.11363637499999868,86,91,Jeux dEau - Maurice Ravel,Acoustic Grand Piano _ 1,Piano 1,48780,30
124.78923137499999,0.11363637499999868,83,91,Jeux dEau - Maurice Ravel,Acoustic Grand Piano _ 1,Piano 1,48810,30
124.90286774999998,0.11363637499999868,77,91,Jeux dEau - Maurice Ravel,Acoustic Grand Piano _ 1,Piano 1,48840,30
125.01650412499998,0.11363637499999868,74,91,Jeux dEau - Maurice Ravel,Acoustic Grand Piano _ 1,Piano 1,48870,30
125.13014049999998,0.11363637499999868,85,91,Jeux dEau - Maurice Ravel,Acoustic Grand Piano _ 1,Piano 1,48900,30
125.24377687499998,0.11363637500001289,83,91,Jeux dEau - Maurice Ravel,Acoustic Grand Piano _ 1,Piano 1,48930,30
125.35741325,0.11363637499999868,77,91,Jeux dEau - Maurice Ravel,Acoustic Grand Piano _ 1,Piano 1,48960,30
125.47104962499999,0.11363637499999868,73,91,Jeux dEau - Maurice Ravel,Acoustic Grand Piano _ 1,Piano 1,48990,30
125.58468599999999,0.11363637499999868,88,91,Jeux dEau - Maurice Ravel,Acoustic Grand Piano _ 1,Piano 1,49020,30
125.69832237499999,0.11363637499999868,83,91,Jeux dEau - Maurice Ravel,Acoustic Grand Piano _ 1,Piano 1,49050,30
125.81195874999999,0.11363637499999868,77,91,Jeux dEau - Maurice Ravel,Acoustic Grand Piano _ 1,Piano 1,49080,30
125.92559512499999,0.11363637499999868,76,91,Jeux dEau - Maurice Ravel,Acoustic Grand Piano _ 1,Piano 1,49110,30
126.03923149999999,0.11363637499999868,86,91,Jeux dEau - Maurice Ravel,Acoustic Grand Piano _ 1,Piano 1,49140,30
126.15286787499998,0.11363637499999868,83,91,Jeux dEau - Maurice Ravel,Acoustic Grand Piano _ 1,Piano 1,49170,30
126.26650424999998,0.11363637499999868,77,91,Jeux dEau - Maurice Ravel,Acoustic Grand Piano _ 1,Piano 1,49200,30
126.38014062499998,0.11363637499999868,74,91,Jeux dEau - Maurice Ravel,Acoustic Grand Piano _ 1,Piano 1,49230,30
126.49377699999998,0.11363637500001289,86,91,Jeux dEau - Maurice Ravel,Acoustic Grand Piano _ 1,Piano 1,49260,30
126.607413375,0.11363637499999868,83,91,Jeux dEau - Maurice Ravel,Acoustic Grand Piano _ 1,Piano 1,49290,30
126.72104974999999,0.11363637499999868,77,91,Jeux dEau - Maurice Ravel,Acoustic Grand Piano _ 1,Piano 1,49320,30
126.83468612499999,0.11363637499999868,74,91,Jeux dEau - Maurice Ravel,Acoustic Grand Piano _ 1,Piano 1,49350,30
126.94832249999999,0.11363637499999868,85,92,Jeux dEau - Maurice Ravel,Acoustic Grand Piano _ 1,Piano 1,49380,30
127.06195887499999,0.11363637499999868,83,92,Jeux dEau - Maurice Ravel,Acoustic Grand Piano _ 1,Piano 1,49410,30
127.17559524999999,0.11363637499999868,77,92,Jeux dEau - Maurice Ravel,Acoustic Grand Piano _ 1,Piano 1,49440,30
127.28923162499999,0.11363637499999868,73,92,Jeux dEau - Maurice Ravel,Acoustic Grand Piano _ 1,Piano 1,49470,30
127.40286799999998,0.11363637499999868,86,93,Jeux dEau - Maurice Ravel,Acoustic Grand Piano _ 1,Piano 1,49500,30
127.51650437499998,0.11363637499999868,83,93,Jeux dEau - Maurice Ravel,Acoustic Grand Piano _ 1,Piano 1,49530,30
127.63014074999998,0.11363637499999868,77,93,Jeux dEau - Maurice Ravel,Acoustic Grand Piano _ 1,Piano 1,49560,30
127.74377712499998,0.11363637500001289,74,93,Jeux dEau - Maurice Ravel,Acoustic Grand Piano _ 1,Piano 1,49590,30
127.85741349999999,0.11363637499999868,88,95,Jeux dEau - Maurice Ravel,Acoustic Grand Piano _ 1,Piano 1,49620,30
127.97104987499999,0.11363637499998447,83,95,Jeux dEau - Maurice Ravel,Acoustic Grand Piano _ 1,Piano 1,49650,30
128.08468624999998,0.11363637499999868,77,95,Jeux dEau - Maurice Ravel,Acoustic Grand Piano _ 1,Piano 1,49680,30
128.19832262499997,0.11363637499999868,76,95,Jeux dEau - Maurice Ravel,Acoustic Grand Piano _ 1,Piano 1,49710,30
128.31195899999997,0.1136362500000132,91,95,Jeux dEau - Maurice Ravel,Acoustic Grand Piano _ 1,Piano 1,49740,90
128.42559525,0.11363624999998478,84,95,Jeux dEau - Maurice Ravel,Acoustic Grand Piano _ 1,Piano 1,49830,90
128.53923149999997,0.1136362500000132,82,95,Jeux dEau - Maurice Ravel,Acoustic Grand Piano _ 1,Piano 1,49920,90
128.65286774999998,0.11363624999998478,79,95,Jeux dEau - Maurice Ravel,Acoustic Grand Piano _ 1,Piano 1,50010,90
128.76650399999997,0.1136362500000132,90,95,Jeux dEau - Maurice Ravel,Acoustic Grand Piano _ 1,Piano 1,50100,90
128.88014024999998,0.11363624999998478,84,95,Jeux dEau - Maurice Ravel,Acoustic Grand Piano _ 1,Piano 1,50190,90
128.99377649999997,0.1136362500000132,82,95,Jeux dEau - Maurice Ravel,Acoustic Grand Piano _ 1,Piano 1,50280,90
129.10741274999998,0.11363624999998478,78,95,Jeux dEau - Maurice Ravel,Acoustic Grand Piano _ 1,Piano 1,50370,90
129.22104899999997,0.1136362500000132,84,95,Jeux dEau - Maurice Ravel,Acoustic Grand Piano _ 1,Piano 1,50460,90
129.33468524999998,0.11363624999998478,82,95,Jeux dEau - Maurice Ravel,Acoustic Grand Piano _ 1,Piano 1,50550,90
129.44832149999996,0.1136362500000132,76,95,Jeux dEau - Maurice Ravel,Acoustic Grand Piano _ 1,Piano 1,50640,90
129.56195774999998,0.11363624999998478,72,95,Jeux dEau - Maurice Ravel,Acoustic Grand Piano _ 1,Piano 1,50730,90
129.67559399999996,0.1136362500000132,85,95,Jeux dEau - Maurice Ravel,Acoustic Grand Piano _ 1,Piano 1,50820,90
129.78923024999997,0.11363624999998478,82,95,Jeux dEau - Maurice Ravel,Acoustic Grand Piano _ 1,Piano 1,50910,90
129.90286649999996,0.1136362500000132,76,95,Jeux dEau - Maurice Ravel,Acoustic Grand Piano _ 1,Piano 1,51000,90
130.01650274999997,0.1136362500000132,73,95,Jeux dEau - Maurice Ravel,Acoustic Grand Piano _ 1,Piano 1,51090,90
130.13013899999999,0.11363624999998478,88,95,Jeux dEau - Maurice Ravel,Acoustic Grand Piano _ 1,Piano 1,51180,90
130.24377524999997,0.1136362500000132,84,95,Jeux dEau - Maurice Ravel,Acoustic Grand Piano _ 1,Piano 1,51270,90
130.35741149999998,0.11363624999998478,81,95,Jeux dEau - Maurice Ravel,Acoustic Grand Piano _ 1,Piano 1,51360,90
130.47104774999997,0.1136362500000132,76,95,Jeux dEau - Maurice Ravel,Acoustic Grand Piano _ 1,Piano 1,51450,90
130.58468399999998,0.11363624999998478,80,95,Jeux dEau - Maurice Ravel,Acoustic Grand Piano _ 1,Piano 1,51540,90
130.69832024999997,0.1136362500000132,81,95,Jeux dEau - Maurice Ravel,Acoustic Grand Piano _ 1,Piano 1,51630,90
130.81195649999998,0.11363624999998478,82,95,Jeux dEau - Maurice Ravel,Acoustic Grand Piano _ 1,Piano 1,51720,90
130.92559274999996,0.1136362500000132,83,95,Jeux dEau - Maurice Ravel,Acoustic Grand Piano _ 1,Piano 1,51810,90
131.03922899999998,0.11363624999998478,84,95,Jeux dEau - Maurice Ravel,Acoustic Grand Piano _ 1,Piano 1,51900,90
131.15286524999996,0.1136362500000132,85,95,Jeux dEau - Maurice Ravel,Acoustic Grand Piano _ 1,Piano 1,51990,90
131.26650149999998,0.11363624999998478,86,95,Jeux dEau - Maurice Ravel,Acoustic Grand Piano _ 1,Piano 1,52080,90
131.38013774999996,0.1136362500000132,87,95,Jeux dEau - Maurice Ravel,Acoustic Grand Piano _ 1,Piano 1,52170,90
131.49377399999997,0.1136362500000132,88,95,Jeux dEau - Maurice Ravel,Acoustic Grand Piano _ 1,Piano 1,52260,90
131.60741025,0.11363624999998478,93,95,Jeux dEau - Maurice Ravel,Acoustic Grand Piano _ 1,Piano 1,52350,90
131.72104649999997,0.1136362500000132,92,95,Jeux dEau - Maurice Ravel,Acoustic Grand Piano _ 1,Piano 1,52440,90
131.83468274999998,0.11363624999998478,91,95,Jeux dEau - Maurice Ravel,Acoustic Grand Piano _ 1,Piano 1,52530,90
131.94831899999997,0.11363637499999868,91,95,Jeux dEau - Maurice Ravel,Acoustic Grand Piano _ 1,Piano 1,52620,30
132.06195537499997,0.11363637499999868,88,95,Jeux dEau - Maurice Ravel,Acoustic Grand Piano _ 1,Piano 1,52650,30
132.17559174999997,0.11363637499999868,82,95,Jeux dEau - Maurice Ravel,Acoustic Grand Piano _ 1,Piano 1,52680,30
132.28922812499997,0.11363637499999868,79,95,Jeux dEau - Maurice Ravel,Acoustic Grand Piano _ 1,Piano 1,52710,30
132.40286449999996,0.11363637499999868,90,95,Jeux dEau - Maurice Ravel,Acoustic Grand Piano _ 1,Piano 1,52740,30
132.51650087499996,0.11363637499999868,88,95,Jeux dEau - Maurice Ravel,Acoustic Grand Piano _ 1,Piano 1,52770,30
132.63013724999996,0.11363637499999868,82,95,Jeux dEau - Maurice Ravel,Acoustic Grand Piano _ 1,Piano 1,52800,30
132.74377362499996,0.11363637499999868,78,95,Jeux dEau - Maurice Ravel,Acoustic Grand Piano _ 1,Piano 1,52830,30
132.85740999999996,0.11363637499999868,93,95,Jeux dEau - Maurice Ravel,Acoustic Grand Piano _ 1,Piano 1,52860,30
132.97104637499996,0.11363637499999868,88,95,Jeux dEau - Maurice Ravel,Acoustic Grand Piano _ 1,Piano 1,52890,30
133.08468274999996,0.1136363750000271,82,95,Jeux dEau - Maurice Ravel,Acoustic Grand Piano _ 1,Piano 1,52920,30
133.19831912499998,0.11363637499999868,81,95,Jeux dEau - Maurice Ravel,Acoustic Grand Piano _ 1,Piano 1,52950,30
133.31195549999998,0.11363637499999868,91,95,Jeux dEau - Maurice Ravel,Acoustic Grand Piano _ 1,Piano 1,52980,30
133.42559187499998,0.11363637499999868,88,95,Jeux dEau - Maurice Ravel,Acoustic Grand Piano _ 1,Piano 1,53010,30
133.53922824999998,0.11363637499999868,82,95,Jeux dEau - Maurice Ravel,Acoustic Grand Piano _ 1,Piano 1,53040,30
133.65286462499998,0.11363637499999868,79,95,Jeux dEau - Maurice Ravel,Acoustic Grand Piano _ 1,Piano 1,53070,30
133.76650099999998,0.11363637499999868,91,95,Jeux dEau - Maurice Ravel,Acoustic Grand Piano _ 1,Piano 1,53100,30
133.88013737499998,0.11363637499999868,88,95,Jeux dEau - Maurice Ravel,Acoustic Grand Piano _ 1,Piano 1,53130,30
133.99377374999997,0.11363637499999868,82,95,Jeux dEau - Maurice Ravel,Acoustic Grand Piano _ 1,Piano 1,53160,30
134.10741012499997,0.11363637499999868,79,95,Jeux dEau - Maurice Ravel,Acoustic Grand Piano _ 1,Piano 1,53190,30
134.22104649999997,0.11363637499999868,90,96,Jeux dEau - Maurice Ravel,Acoustic Grand Piano _ 1,Piano 1,53220,30
134.33468287499997,0.11363637499999868,88,96,Jeux dEau - Maurice Ravel,Acoustic Grand Piano _ 1,Piano 1,53250,30
134.44831924999997,0.11363637499999868,82,96,Jeux dEau - Maurice Ravel,Acoustic Grand Piano _ 1,Piano 1,53280,30
134.56195562499997,0.11363637499999868,78,96,Jeux dEau - Maurice Ravel,Acoustic Grand Piano _ 1,Piano 1,53310,30
134.67559199999997,0.11363637499999868,91,96,Jeux dEau - Maurice Ravel,Acoustic Grand Piano _ 1,Piano 1,53340,30
134.78922837499996,0.11363637499999868,88,96,Jeux dEau - Maurice Ravel,Acoustic Grand Piano _ 1,Piano 1,53370,30
134.90286474999996,0.11363637499999868,82,96,Jeux dEau - Maurice Ravel,Acoustic Grand Piano _ 1,Piano 1,53400,30
135.01650112499996,0.11363637499999868,79,96,Jeux dEau - Maurice Ravel,Acoustic Grand Piano _ 1,Piano 1,53430,30
135.13013749999996,0.11363637499999868,93,97,Jeux dEau - Maurice Ravel,Acoustic Grand Piano _ 1,Piano 1,53460,30
135.24377387499996,0.11363637499999868,88,97,Jeux dEau - Maurice Ravel,Acoustic Grand Piano _ 1,Piano 1,53490,30
135.35741024999996,0.11363637499999868,82,97,Jeux dEau - Maurice Ravel,Acoustic Grand Piano _ 1,Piano 1,53520,30
135.47104662499996,0.11363637499999868,81,97,Jeux dEau - Maurice Ravel,Acoustic Grand Piano _ 1,Piano 1,53550,30
135.58468299999996,0.1136363750000271,96,97,Jeux dEau - Maurice Ravel,Acoustic Grand Piano _ 1,Piano 1,53580,30
135.69831937499998,0.11363637499999868,89,97,Jeux dEau - Maurice Ravel,Acoustic Grand Piano _ 1,Piano 1,53610,30
135.81195574999998,0.11363637499999868,85,97,Jeux dEau - Maurice Ravel,Acoustic Grand Piano _ 1,Piano 1,53640,30
135.92559212499998,0.11363637499999868,84,97,Jeux dEau - Maurice Ravel,Acoustic Grand Piano _ 1,Piano 1,53670,30
136.03922849999998,0.11363637499999868,94,97,Jeux dEau - Maurice Ravel,Acoustic Grand Piano _ 1,Piano 1,53700,30
136.15286487499998,0.11363637499999868,89,97,Jeux dEau - Maurice Ravel,Acoustic Grand Piano _ 1,Piano 1,53730,30
136.26650124999998,0.11363637499999868,85,97,Jeux dEau - Maurice Ravel,Acoustic Grand Piano _ 1,Piano 1,53760,30
136.38013762499997,0.11363637499999868,82,97,Jeux dEau - Maurice Ravel,Acoustic Grand Piano _ 1,Piano 1,53790,30
136.49377399999997,0.11363637499999868,87,97,Jeux dEau - Maurice Ravel,Acoustic Grand Piano _ 1,Piano 1,53820,30
136.60741037499997,0.11363637499999868,85,97,Jeux dEau - Maurice Ravel,Acoustic Grand Piano _ 1,Piano 1,53850,30
136.72104674999997,0.11363637499999868,80,97,Jeux dEau - Maurice Ravel,Acoustic Grand Piano _ 1,Piano 1,53880,30
136.83468312499997,0.11363637499999868,75,97,Jeux dEau - Maurice Ravel,Acoustic Grand Piano _ 1,Piano 1,53910,30
136.94831949999997,0.11363637499999868,88,97,Jeux dEau - Maurice Ravel,Acoustic Grand Piano _ 1,Piano 1,53940,30
137.06195587499997,0.11363637499999868,85,97,Jeux dEau - Maurice Ravel,Acoustic Grand Piano _ 1,Piano 1,53970,30
137.17559224999997,0.11363637499999868,80,97,Jeux dEau - Maurice Ravel,Acoustic Grand Piano _ 1,Piano 1,54000,30
137.28922862499996,0.11363637499999868,76,97,Jeux dEau - Maurice Ravel,Acoustic Grand Piano _ 1,Piano 1,54030,30
137.40286499999996,0.11363637499999868,91,97,Jeux dEau - Maurice Ravel,Acoustic Grand Piano _ 1,Piano 1,54060,30
137.51650137499996,0.11363637499999868,88,97,Jeux dEau - Maurice Ravel,Acoustic Grand Piano _ 1,Piano 1,54090,30
137.63013774999996,0.11363637499999868,83,97,Jeux dEau - Maurice Ravel,Acoustic Grand Piano _ 1,Piano 1,54120,30
137.74377412499996,0.11363637499999868,79,97,Jeux dEau - Maurice Ravel,Acoustic Grand Piano _ 1,Piano 1,54150,30
137.85741049999996,0.11363637499999868,80,97,Jeux dEau - Maurice Ravel,Acoustic Grand Piano _ 1,Piano 1,54180,30
137.97104687499996,0.11363637499999868,81,97,Jeux dEau - Maurice Ravel,Acoustic Grand Piano _ 1,Piano 1,54210,30
138.08468324999996,0.1136363750000271,82,97,Jeux dEau - Maurice Ravel,Acoustic Grand Piano _ 1,Piano 1,54240,30
138.19831962499998,0.11363637499999868,83,97,Jeux dEau - Maurice Ravel,Acoustic Grand Piano _ 1,Piano 1,54270,30
138.31195599999998,0.11363637499999868,84,97,Jeux dEau - Maurice Ravel,Acoustic Grand Piano _ 1,Piano 1,54300,30
138.42559237499998,0.11363637499999868,85,97,Jeux dEau - Maurice Ravel,Acoustic Grand Piano _ 1,Piano 1,54330,30
138.53922874999998,0.11363637499999868,86,97,Jeux dEau - Maurice Ravel,Acoustic Grand Piano _ 1,Piano 1,54360,30
138.65286512499998,0.11363637499999868,87,97,Jeux dEau - Maurice Ravel,Acoustic Grand Piano _ 1,Piano 1,54390,30
138.76650149999998,0.11363637499999868,88,97,Jeux dEau - Maurice Ravel,Acoustic Grand Piano _ 1,Piano 1,54420,30
138.88013787499997,0.11363637499999868,89,97,Jeux dEau - Maurice Ravel,Acoustic Grand Piano _ 1,Piano 1,54450,30
138.99377424999997,0.11363637499999868,90,97,Jeux dEau - Maurice Ravel,Acoustic Grand Piano _ 1,Piano 1,54480,30
139.10741062499997,0.11363637499999868,91,97,Jeux dEau - Maurice Ravel,Acoustic Grand Piano _ 1,Piano 1,54510,30
139.22104699999997,0.1136362500000132,96,97,Jeux dEau - Maurice Ravel,Acoustic Grand Piano _ 1,Piano 1,54540,90
139.33468324999998,0.11363624999998478,89,97,Jeux dEau - Maurice Ravel,Acoustic Grand Piano _ 1,Piano 1,54630,90
139.44831949999997,0.1136362500000132,85,97,Jeux dEau - Maurice Ravel,Acoustic Grand Piano _ 1,Piano 1,54720,90
139.56195574999998,0.11363624999998478,84,97,Jeux dEau - Maurice Ravel,Acoustic Grand Piano _ 1,Piano 1,54810,90
139.67559199999997,0.1136362500000132,94,97,Jeux dEau - Maurice Ravel,Acoustic Grand Piano _ 1,Piano 1,54900,90
139.78922824999998,0.11363624999998478,89,97,Jeux dEau - Maurice Ravel,Acoustic Grand Piano _ 1,Piano 1,54990,90
139.90286449999996,0.1136362500000132,85,99,Jeux dEau - Maurice Ravel,Acoustic Grand Piano _ 1,Piano 1,55080,90
140.01650074999998,0.11363624999998478,82,99,Jeux dEau - Maurice Ravel,Acoustic Grand Piano _ 1,Piano 1,55170,90
140.13013699999996,0.1136362500000132,97,99,Jeux dEau - Maurice Ravel,Acoustic Grand Piano _ 1,Piano 1,55260,90
140.24377324999998,0.11363624999998478,92,99,Jeux dEau - Maurice Ravel,Acoustic Grand Piano _ 1,Piano 1,55350,90
140.35740949999996,0.1136362500000132,88,99,Jeux dEau - Maurice Ravel,Acoustic Grand Piano _ 1,Piano 1,55440,90
140.47104574999997,0.11363624999998478,85,99,Jeux dEau - Maurice Ravel,Acoustic Grand Piano _ 1,Piano 1,55530,90
140.58468199999996,0.1136362500000132,96,100,Jeux dEau - Maurice Ravel,Acoustic Grand Piano _ 1,Piano 1,55620,90
140.69831824999997,0.11363624999998478,92,100,Jeux dEau - Maurice Ravel,Acoustic Grand Piano _ 1,Piano 1,55710,90
140.81195449999996,0.11194012499998962,88,100,Jeux dEau - Maurice Ravel,Acoustic Grand Piano _ 1,Piano 1,55800,90
140.92389462499995,0.11194012500001804,84,100,Jeux dEau - Maurice Ravel,Acoustic Grand Piano _ 1,Piano 1,55890,90
141.03583474999996,0.11194012499998962,96,100,Jeux dEau - Maurice Ravel,Acoustic Grand Piano _ 1,Piano 1,55980,90
141.14777487499995,0.11194012499998962,89,100,Jeux dEau - Maurice Ravel,Acoustic Grand Piano _ 1,Piano 1,56070,90
141.25971499999994,0.11194012500001804,85,101,Jeux dEau - Maurice Ravel,Acoustic Grand Piano _ 1,Piano 1,56160,90
141.37165512499996,0.11194012499998962,84,101,Jeux dEau - Maurice Ravel,Acoustic Grand Piano _ 1,Piano 1,56250,90
141.48359524999995,0.11194012500001804,94,101,Jeux dEau - Maurice Ravel,Acoustic Grand Piano _ 1,Piano 1,56340,90
141.59553537499997,0.11194012499998962,89,101,Jeux dEau - Maurice Ravel,Acoustic Grand Piano _ 1,Piano 1,56430,90
141.70747549999996,0.11194012499998962,85,101,Jeux dEau - Maurice Ravel,Acoustic Grand Piano _ 1,Piano 1,56520,90
141.81941562499995,0.11194012500001804,82,101,Jeux dEau - Maurice Ravel,Acoustic Grand Piano _ 1,Piano 1,56610,90
141.93135574999997,0.11194012499998962,96,102,Jeux dEau - Maurice Ravel,Acoustic Grand Piano _ 1,Piano 1,56700,90
142.04329587499996,0.11194012499998962,88,102,Jeux dEau - Maurice Ravel,Acoustic Grand Piano _ 1,Piano 1,56790,90
142.15523599999995,0.11194012500001804,85,102,Jeux dEau - Maurice Ravel,Acoustic Grand Piano _ 1,Piano 1,56880,90
142.26717612499996,0.11194012499998962,84,102,Jeux dEau - Maurice Ravel,Acoustic Grand Piano _ 1,Piano 1,56970,90
142.37911624999995,0.11083762499998784,97,102,Jeux dEau - Maurice Ravel,Acoustic Grand Piano _ 1,Piano 1,57060,90
142.48995387499994,0.11083762500001626,92,102,Jeux dEau - Maurice Ravel,Acoustic Grand Piano _ 1,Piano 1,57150,90
142.60079149999996,0.11083762499998784,88,102,Jeux dEau - Maurice Ravel,Acoustic Grand Piano _ 1,Piano 1,57240,90
142.71162912499994,0.11083762500001626,85,102,Jeux dEau - Maurice Ravel,Acoustic Grand Piano _ 1,Piano 1,57330,90
142.82246674999996,0.11083762499998784,98,102,Jeux dEau - Maurice Ravel,Acoustic Grand Piano _ 1,Piano 1,57420,90
142.93330437499995,0.11083762500001626,91,102,Jeux dEau - Maurice Ravel,Acoustic Grand Piano _ 1,Piano 1,57510,90
143.04414199999997,0.11083762499998784,87,102,Jeux dEau - Maurice Ravel,Acoustic Grand Piano _ 1,Piano 1,57600,90
143.15497962499995,0.11083762499998784,86,102,Jeux dEau - Maurice Ravel,Acoustic Grand Piano _ 1,Piano 1,57690,90
143.26581724999994,0.11083762500001626,96,102,Jeux dEau - Maurice Ravel,Acoustic Grand Piano _ 1,Piano 1,57780,90
143.37665487499996,0.11083762499998784,91,102,Jeux dEau - Maurice Ravel,Acoustic Grand Piano _ 1,Piano 1,57870,90
143.48749249999995,0.11083762500001626,87,102,Jeux dEau - Maurice Ravel,Acoustic Grand Piano _ 1,Piano 1,57960,90
143.59833012499996,0.11083762499998784,84,102,Jeux dEau - Maurice Ravel,Acoustic Grand Piano _ 1,Piano 1,58050,90
143.70916774999995,0.11083762500001626,99,104,Jeux dEau - Maurice Ravel,Acoustic Grand Piano _ 1,Piano 1,58140,90
143.82000537499997,0.11083762499998784,94,104,Jeux dEau - Maurice Ravel,Acoustic Grand Piano _ 1,Piano 1,58230,90
143.93084299999995,0.11083762499998784,90,104,Jeux dEau - Maurice Ravel,Acoustic Grand Piano _ 1,Piano 1,58320,90
144.04168062499994,0.11083762500001626,87,104,Jeux dEau - Maurice Ravel,Acoustic Grand Piano _ 1,Piano 1,58410,90
144.15251824999996,0.10975612499998988,98,104,Jeux dEau - Maurice Ravel,Acoustic Grand Piano _ 1,Piano 1,58500,90
144.26227437499995,0.1097561250000183,94,104,Jeux dEau - Maurice Ravel,Acoustic Grand Piano _ 1,Piano 1,58590,90
144.37203049999997,0.10975612499998988,90,104,Jeux dEau - Maurice Ravel,Acoustic Grand Piano _ 1,Piano 1,58680,90
144.48178662499996,0.10975612499998988,86,104,Jeux dEau - Maurice Ravel,Acoustic Grand Piano _ 1,Piano 1,58770,90
144.59154274999995,0.1097561250000183,98,105,Jeux dEau - Maurice Ravel,Acoustic Grand Piano _ 1,Piano 1,58860,90
144.70129887499996,0.10975612499998988,91,105,Jeux dEau - Maurice Ravel,Acoustic Grand Piano _ 1,Piano 1,58950,90
144.81105499999995,0.10975612499998988,87,105,Jeux dEau - Maurice Ravel,Acoustic Grand Piano _ 1,Piano 1,59040,90
144.92081112499994,0.1097561250000183,86,105,Jeux dEau - Maurice Ravel,Acoustic Grand Piano _ 1,Piano 1,59130,90
145.03056724999996,0.10975612499998988,96,105,Jeux dEau - Maurice Ravel,Acoustic Grand Piano _ 1,Piano 1,59220,90
145.14032337499995,0.1097561250000183,91,105,Jeux dEau - Maurice Ravel,Acoustic Grand Piano _ 1,Piano 1,59310,90
145.25007949999997,0.10975612499998988,87,105,Jeux dEau - Maurice Ravel,Acoustic Grand Piano _ 1,Piano 1,59400,90
145.35983562499996,0.10975612499998988,84,105,Jeux dEau - Maurice Ravel,Acoustic Grand Piano _ 1,Piano 1,59490,90
145.46959174999995,0.10869562499999574,98,106,Jeux dEau - Maurice Ravel,Acoustic Grand Piano _ 1,Piano 1,59580,90
145.57828737499995,0.10869562499999574,94,106,Jeux dEau - Maurice Ravel,Acoustic Grand Piano _ 1,Piano 1,59670,90
145.68698299999994,0.10869562499999574,90,106,Jeux dEau - Maurice Ravel,Acoustic Grand Piano _ 1,Piano 1,59760,90
145.79567862499994,0.10869562500002417,86,106,Jeux dEau - Maurice Ravel,Acoustic Grand Piano _ 1,Piano 1,59850,90
145.90437424999996,0.10869562499999574,99,106,Jeux dEau - Maurice Ravel,Acoustic Grand Piano _ 1,Piano 1,59940,90
146.01306987499996,0.10869562499999574,94,106,Jeux dEau - Maurice Ravel,Acoustic Grand Piano _ 1,Piano 1,60030,90
146.12176549999995,0.10869562499999574,90,106,Jeux dEau - Maurice Ravel,Acoustic Grand Piano _ 1,Piano 1,60120,90
146.23046112499995,0.10869562499999574,87,106,Jeux dEau - Maurice Ravel,Acoustic Grand Piano _ 1,Piano 1,60210,90
146.33915674999994,0.10869562499999574,101,107,Jeux dEau - Maurice Ravel,Acoustic Grand Piano _ 1,Piano 1,60300,90
146.44785237499994,0.10869562500002417,94,107,Jeux dEau - Maurice Ravel,Acoustic Grand Piano _ 1,Piano 1,60390,90
146.55654799999996,0.10869562499999574,90,107,Jeux dEau - Maurice Ravel,Acoustic Grand Piano _ 1,Piano 1,60480,90
146.66524362499996,0.10869562499999574,89,107,Jeux dEau - Maurice Ravel,Acoustic Grand Piano _ 1,Piano 1,60570,90
146.77393924999996,0.10869562499999574,99,107,Jeux dEau - Maurice Ravel,Acoustic Grand Piano _ 1,Piano 1,60660,90
146.88263487499995,0.10869562499999574,95,107,Jeux dEau - Maurice Ravel,Acoustic Grand Piano _ 1,Piano 1,60750,90
146.99133049999995,0.10869562499999574,91,107,Jeux dEau - Maurice Ravel,Acoustic Grand Piano _ 1,Piano 1,60840,90
147.10002612499994,0.10869562499999574,87,107,Jeux dEau - Maurice Ravel,Acoustic Grand Piano _ 1,Piano 1,60930,90
147.20872174999994,0.10869562500002417,102,107,Jeux dEau - Maurice Ravel,Acoustic Grand Piano _ 1,Piano 1,61020,90
147.31741737499996,0.10869562499999574,96,107,Jeux dEau - Maurice Ravel,Acoustic Grand Piano _ 1,Piano 1,61110,90
147.42611299999996,0.10869562499999574,92,107,Jeux dEau - Maurice Ravel,Acoustic Grand Piano _ 1,Piano 1,61200,90
147.53480862499995,0.10869562499999574,90,107,Jeux dEau - Maurice Ravel,Acoustic Grand Piano _ 1,Piano 1,61290,90
147.64350424999995,0.10869562499999574,101,107,Jeux dEau - Maurice Ravel,Acoustic Grand Piano _ 1,Piano 1,61380,90
147.75219987499995,0.10869562499999574,97,107,Jeux dEau - Maurice Ravel,Acoustic Grand Piano _ 1,Piano 1,61470,90
147.86089549999994,0.10869562499999574,93,107,Jeux dEau - Maurice Ravel,Acoustic Grand Piano _ 1,Piano 1,61560,90
147.96959112499994,0.10869562500002417,89,107,Jeux dEau - Maurice Ravel,Acoustic Grand Piano _ 1,Piano 1,61650,90
148.07828674999996,0.10869562499999574,101,107,Jeux dEau - Maurice Ravel,Acoustic Grand Piano _ 1,Piano 1,61740,90
148.18698237499996,0.10869562499999574,94,107,Jeux dEau - Maurice Ravel,Acoustic Grand Piano _ 1,Piano 1,61830,90
148.29567799999995,0.10869562499999574,90,107,Jeux dEau - Maurice Ravel,Acoustic Grand Piano _ 1,Piano 1,61920,90
148.40437362499995,0.10869562499999574,89,107,Jeux dEau - Maurice Ravel,Acoustic Grand Piano _ 1,Piano 1,62010,90
148.51306924999994,0.10869562499999574,99,107,Jeux dEau - Maurice Ravel,Acoustic Grand Piano _ 1,Piano 1,62100,90
148.62176487499994,0.10869562499999574,95,107,Jeux dEau - Maurice Ravel,Acoustic Grand Piano _ 1,Piano 1,62190,90
148.73046049999994,0.10869562500002417,91,107,Jeux dEau - Maurice Ravel,Acoustic Grand Piano _ 1,Piano 1,62280,90
148.83915612499996,0.10869562499999574,87,107,Jeux dEau - Maurice Ravel,Acoustic Grand Piano _ 1,Piano 1,62370,90
148.94785174999996,0.10869562499999574,102,107,Jeux dEau - Maurice Ravel,Acoustic Grand Piano _ 1,Piano 1,62460,90
149.05654737499995,0.10869562499999574,96,107,Jeux dEau - Maurice Ravel,Acoustic Grand Piano _ 1,Piano 1,62550,90
149.16524299999995,0.10869562499999574,92,107,Jeux dEau - Maurice Ravel,Acoustic Grand Piano _ 1,Piano 1,62640,90
149.27393862499994,0.10869562499999574,90,107,Jeux dEau - Maurice Ravel,Acoustic Grand Piano _ 1,Piano 1,62730,90
149.38263424999994,0.10869562500002417,101,107,Jeux dEau - Maurice Ravel,Acoustic Grand Piano _ 1,Piano 1,62820,90
149.49132987499996,0.10869562499999574,97,107,Jeux dEau - Maurice Ravel,Acoustic Grand Piano _ 1,Piano 1,62910,90
149.60002549999996,0.10869562499999574,93,107,Jeux dEau - Maurice Ravel,Acoustic Grand Piano _ 1,Piano 1,63000,90
149.70872112499995,0.10869562499999574,89,107,Jeux dEau - Maurice Ravel,Acoustic Grand Piano _ 1,Piano 1,63090,90
149.81741674999995,0.10869562499999574,101,107,Jeux dEau - Maurice Ravel,Acoustic Grand Piano _ 1,Piano 1,63180,90
149.92611237499995,0.10869562499999574,94,107,Jeux dEau - Maurice Ravel,Acoustic Grand Piano _ 1,Piano 1,63270,90
150.03480799999994,0.10869562499999574,90,107,Jeux dEau - Maurice Ravel,Acoustic Grand Piano _ 1,Piano 1,63360,90
150.14350362499994,0.10869562500002417,89,107,Jeux dEau - Maurice Ravel,Acoustic Grand Piano _ 1,Piano 1,63450,90
150.25219924999996,0.10869562499999574,99,107,Jeux dEau - Maurice Ravel,Acoustic Grand Piano _ 1,Piano 1,63540,90
150.36089487499996,0.10869562499999574,95,107,Jeux dEau - Maurice Ravel,Acoustic Grand Piano _ 1,Piano 1,63630,90
150.46959049999995,0.10869562499999574,91,107,Jeux dEau - Maurice Ravel,Acoustic Grand Piano _ 1,Piano 1,63720,90
150.57828612499995,0.10869562499999574,87,107,Jeux dEau - Maurice Ravel,Acoustic Grand Piano _ 1,Piano 1,63810,90
150.68698174999994,0.10869562499999574,102,107,Jeux dEau - Maurice Ravel,Acoustic Grand Piano _ 1,Piano 1,63900,90
150.79567737499994,0.10869562499999574,96,107,Jeux dEau - Maurice Ravel,Acoustic Grand Piano _ 1,Piano 1,63990,90
150.90437299999994,0.10869562500002417,92,107,Jeux dEau - Maurice Ravel,Acoustic Grand Piano _ 1,Piano 1,64080,90
151.01306862499996,0.10869562499999574,90,107,Jeux dEau - Maurice Ravel,Acoustic Grand Piano _ 1,Piano 1,64170,90
151.12176424999996,0.10869562499999574,101,107,Jeux dEau - Maurice Ravel,Acoustic Grand Piano _ 1,Piano 1,64260,90
151.23045987499995,0.10869562499999574,97,107,Jeux dEau - Maurice Ravel,Acoustic Grand Piano _ 1,Piano 1,64350,90
151.33915549999995,0.10869562499999574,93,107,Jeux dEau - Maurice Ravel,Acoustic Grand Piano _ 1,Piano 1,64440,90
151.44785112499994,0.10869562499999574,89,107,Jeux dEau - Maurice Ravel,Acoustic Grand Piano _ 1,Piano 1,64530,90
151.55654674999994,0.10869562500002417,101,107,Jeux dEau - Maurice Ravel,Acoustic Grand Piano _ 1,Piano 1,64620,90
151.66524237499996,0.10869562499999574,94,107,Jeux dEau - Maurice Ravel,Acoustic Grand Piano _ 1,Piano 1,64710,90
151.77393799999996,0.10869562499999574,90,107,Jeux dEau - Maurice Ravel,Acoustic Grand Piano _ 1,Piano 1,64800,90
151.88263362499995,0.10869562499999574,89,107,Jeux dEau - Maurice Ravel,Acoustic Grand Piano _ 1,Piano 1,64890,90
151.99132924999995,0.10869562499999574,99,107,Jeux dEau - Maurice Ravel,Acoustic Grand Piano _ 1,Piano 1,64980,90
152.10002487499995,0.10869562499999574,95,107,Jeux dEau - Maurice Ravel,Acoustic Grand Piano _ 1,Piano 1,65070,90
152.20872049999994,0.10869562499999574,91,107,Jeux dEau - Maurice Ravel,Acoustic Grand Piano _ 1,Piano 1,65160,90
152.31741612499994,0.10869562500002417,87,107,Jeux dEau - Maurice Ravel,Acoustic Grand Piano _ 1,Piano 1,65250,90
152.42611174999996,0.10869562499999574,101,107,Jeux dEau - Maurice Ravel,Acoustic Grand Piano _ 1,Piano 1,65340,90
152.53480737499996,0.10869562499999574,96,107,Jeux dEau - Maurice Ravel,Acoustic Grand Piano _ 1,Piano 1,65430,90
152.64350299999995,0.10869562499999574,92,107,Jeux dEau - Maurice Ravel,Acoustic Grand Piano _ 1,Piano 1,65520,90
152.75219862499995,0.10869562499999574,89,107,Jeux dEau - Maurice Ravel,Acoustic Grand Piano _ 1,Piano 1,65610,90
152.86089424999994,0.10869562499999574,102,107,Jeux dEau - Maurice Ravel,Acoustic Grand Piano _ 1,Piano 1,65700,90
152.96958987499994,0.10869562499999574,97,107,Jeux dEau - Maurice Ravel,Acoustic Grand Piano _ 1,Piano 1,65790,90
153.07828549999994,0.10869562500002417,93,107,Jeux dEau - Maurice Ravel,Acoustic Grand Piano _ 1,Piano 1,65880,90
153.18698112499996,0.10869562499999574,90,107,Jeux dEau - Maurice Ravel,Acoustic Grand Piano _ 1,Piano 1,65970,90
153.29567674999996,0.8720925000000079,106,107,Jeux dEau - Maurice Ravel,Acoustic Grand Piano _ 1,Piano 1,66060,300
155.03986174999994,0.21739149999999086,73,114,Jeux dEau - Maurice Ravel,Acoustic Grand Piano _ 1,Piano 1,66660,120
155.25725324999993,0.21739150000001928,73,111,Jeux dEau - Maurice Ravel,Acoustic Grand Piano _ 1,Piano 1,66780,120
155.47464474999995,0.21739149999999086,73,109,Jeux dEau - Maurice Ravel,Acoustic Grand Piano _ 1,Piano 1,66900,120
155.69203624999994,0.21739149999999086,73,106,Jeux dEau - Maurice Ravel,Acoustic Grand Piano _ 1,Piano 1,67020,120
155.90942774999994,1.6086957500000096,73,102,Jeux dEau - Maurice Ravel,Acoustic Grand Piano _ 1,Piano 1,67140,120
157.51812349999994,1.032609624999992,94,102,Jeux dEau - Maurice Ravel,Acoustic Grand Piano _ 1,Piano 1,67260,570
158.55073312499994,0.05434787500001903,106,106,Jeux dEau - Maurice Ravel,Acoustic Grand Piano _ 1,Piano 1,67830,30
158.60508099999996,0.05434787499999061,104,106,Jeux dEau - Maurice Ravel,Acoustic Grand Piano _ 1,Piano 1,67860,30
158.65942887499995,0.05434787499999061,102,106,Jeux dEau - Maurice Ravel,Acoustic Grand Piano _ 1,Piano 1,67890,30
158.71377674999994,0.05434787500001903,99,106,Jeux dEau - Maurice Ravel,Acoustic Grand Piano _ 1,Piano 1,67920,30
158.76812462499996,0.05434787499999061,97,106,Jeux dEau - Maurice Ravel,Acoustic Grand Piano _ 1,Piano 1,67950,30
158.82247249999995,0.05434787499999061,94,106,Jeux dEau - Maurice Ravel,Acoustic Grand Piano _ 1,Piano 1,67980,30
158.87682037499994,0.05434787500001903,92,106,Jeux dEau - Maurice Ravel,Acoustic Grand Piano _ 1,Piano 1,68010,30
158.93116824999996,0.05434787499999061,90,106,Jeux dEau - Maurice Ravel,Acoustic Grand Piano _ 1,Piano 1,68040,30
158.98551612499995,0.05434787499999061,87,106,Jeux dEau - Maurice Ravel,Acoustic Grand Piano _ 1,Piano 1,68070,30
159.03986399999994,0.05434787500001903,85,106,Jeux dEau - Maurice Ravel,Acoustic Grand Piano _ 1,Piano 1,68100,30
159.09421187499996,0.05434787499999061,82,106,Jeux dEau - Maurice Ravel,Acoustic Grand Piano _ 1,Piano 1,68130,30
159.14855974999995,0.05434787499999061,80,106,Jeux dEau - Maurice Ravel,Acoustic Grand Piano _ 1,Piano 1,68160,30
159.20290762499994,0.05434787500001903,78,106,Jeux dEau - Maurice Ravel,Acoustic Grand Piano _ 1,Piano 1,68190,30
159.25725549999996,0.05434787499999061,75,106,Jeux dEau - Maurice Ravel,Acoustic Grand Piano _ 1,Piano 1,68220,30
159.31160337499995,0.05434787499999061,73,106,Jeux dEau - Maurice Ravel,Acoustic Grand Piano _ 1,Piano 1,68250,30
159.36595124999994,0.05434787500001903,70,106,Jeux dEau - Maurice Ravel,Acoustic Grand Piano _ 1,Piano 1,68280,30
159.42029912499996,0.05434787499999061,68,106,Jeux dEau - Maurice Ravel,Acoustic Grand Piano _ 1,Piano 1,68310,30
159.47464699999995,0.05434787499999061,66,106,Jeux dEau - Maurice Ravel,Acoustic Grand Piano _ 1,Piano 1,68340,30
159.52899487499994,0.05434787500001903,63,106,Jeux dEau - Maurice Ravel,Acoustic Grand Piano _ 1,Piano 1,68370,30
159.58334274999996,0.05434787499999061,61,106,Jeux dEau - Maurice Ravel,Acoustic Grand Piano _ 1,Piano 1,68400,30
159.63769062499995,0.05434787499999061,58,106,Jeux dEau - Maurice Ravel,Acoustic Grand Piano _ 1,Piano 1,68430,30
159.69203849999994,0.05434787500001903,56,106,Jeux dEau - Maurice Ravel,Acoustic Grand Piano _ 1,Piano 1,68460,30
159.74638637499996,0.05434787499999061,54,106,Jeux dEau - Maurice Ravel,Acoustic Grand Piano _ 1,Piano 1,68490,30
159.80073424999995,0.05434787499999061,51,106,Jeux dEau - Maurice Ravel,Acoustic Grand Piano _ 1,Piano 1,68520,30
159.85508212499994,0.05434787500001903,49,106,Jeux dEau - Maurice Ravel,Acoustic Grand Piano _ 1,Piano 1,68550,30
160.01812562499995,0.10869562499999574,49,106,Jeux dEau - Maurice Ravel,Acoustic Grand Piano _ 1,Piano 1,68610,30
160.12682124999995,0.10869562499999574,51,106,Jeux dEau - Maurice Ravel,Acoustic Grand Piano _ 1,Piano 1,68640,30
160.23551687499995,0.10869562500002417,54,106,Jeux dEau - Maurice Ravel,Acoustic Grand Piano _ 1,Piano 1,68670,30
160.34421249999997,0.10869562499999574,58,106,Jeux dEau - Maurice Ravel,Acoustic Grand Piano _ 1,Piano 1,68700,30
160.45290812499996,0.10869562499999574,54,106,Jeux dEau - Maurice Ravel,Acoustic Grand Piano _ 1,Piano 1,68730,30
160.56160374999996,0.10869562499999574,51,106,Jeux dEau - Maurice Ravel,Acoustic Grand Piano _ 1,Piano 1,68760,30
160.67029937499996,0.10869562499999574,49,106,Jeux dEau - Maurice Ravel,Acoustic Grand Piano _ 1,Piano 1,68790,30
160.88769062499995,0.10869562499999574,49,106,Jeux dEau - Maurice Ravel,Acoustic Grand Piano _ 1,Piano 1,68850,30
160.99638624999994,0.10869562500002417,51,106,Jeux dEau - Maurice Ravel,Acoustic Grand Piano _ 1,Piano 1,68880,30
161.10508187499997,0.10869562499999574,54,106,Jeux dEau - Maurice Ravel,Acoustic Grand Piano _ 1,Piano 1,68910,30
161.21377749999996,0.10869562499999574,58,106,Jeux dEau - Maurice Ravel,Acoustic Grand Piano _ 1,Piano 1,68940,30
161.32247312499996,0.10869562499999574,54,106,Jeux dEau - Maurice Ravel,Acoustic Grand Piano _ 1,Piano 1,68970,30
161.43116874999996,0.10869562499999574,51,106,Jeux dEau - Maurice Ravel,Acoustic Grand Piano _ 1,Piano 1,69000,30
161.53986437499995,0.10869562499999574,49,106,Jeux dEau - Maurice Ravel,Acoustic Grand Piano _ 1,Piano 1,69030,30
161.64855999999995,0.10869562500002417,44,106,Jeux dEau - Maurice Ravel,Acoustic Grand Piano _ 1,Piano 1,69060,30
161.75725562499997,0.10869562499999574,49,106,Jeux dEau - Maurice Ravel,Acoustic Grand Piano _ 1,Piano 1,69090,30
161.86595124999997,0.10869562499999574,51,106,Jeux dEau - Maurice Ravel,Acoustic Grand Piano _ 1,Piano 1,69120,30
161.97464687499996,0.10869562499999574,54,106,Jeux dEau - Maurice Ravel,Acoustic Grand Piano _ 1,Piano 1,69150,30
162.08334249999996,0.10869562499999574,58,105,Jeux dEau - Maurice Ravel,Acoustic Grand Piano _ 1,Piano 1,69180,30
162.19203812499995,0.10869562499999574,54,105,Jeux dEau - Maurice Ravel,Acoustic Grand Piano _ 1,Piano 1,69210,30
162.30073374999995,0.10869562499999574,51,105,Jeux dEau - Maurice Ravel,Acoustic Grand Piano _ 1,Piano 1,69240,30
162.40942937499995,0.10869562500002417,49,104,Jeux dEau - Maurice Ravel,Acoustic Grand Piano _ 1,Piano 1,69270,30
162.51812499999997,0.10869562499999574,44,104,Jeux dEau - Maurice Ravel,Acoustic Grand Piano _ 1,Piano 1,69300,30
162.62682062499997,0.10869562499999574,49,104,Jeux dEau - Maurice Ravel,Acoustic Grand Piano _ 1,Piano 1,69330,30
162.73551624999996,0.10869562499999574,51,104,Jeux dEau - Maurice Ravel,Acoustic Grand Piano _ 1,Piano 1,69360,30
162.84421187499996,0.10869562499999574,54,102,Jeux dEau - Maurice Ravel,Acoustic Grand Piano _ 1,Piano 1,69390,30
162.95290749999995,0.10869562499999574,58,102,Jeux dEau - Maurice Ravel,Acoustic Grand Piano _ 1,Piano 1,69420,30
163.06160312499995,0.10869562499999574,54,102,Jeux dEau - Maurice Ravel,Acoustic Grand Piano _ 1,Piano 1,69450,30
163.17029874999994,0.10869562500002417,51,101,Jeux dEau - Maurice Ravel,Acoustic Grand Piano _ 1,Piano 1,69480,30
163.27899437499997,0.10869562499999574,49,101,Jeux dEau - Maurice Ravel,Acoustic Grand Piano _ 1,Piano 1,69510,30
163.38768999999996,0.10869562499999574,44,101,Jeux dEau - Maurice Ravel,Acoustic Grand Piano _ 1,Piano 1,69540,30
163.49638562499996,0.10869562499999574,49,101,Jeux dEau - Maurice Ravel,Acoustic Grand Piano _ 1,Piano 1,69570,30
163.60508124999996,0.10869562499999574,51,99,Jeux dEau - Maurice Ravel,Acoustic Grand Piano _ 1,Piano 1,69600,30
163.71377687499995,0.10869562499999574,54,99,Jeux dEau - Maurice Ravel,Acoustic Grand Piano _ 1,Piano 1,69630,30
163.82247249999995,0.10869562500002417,58,99,Jeux dEau - Maurice Ravel,Acoustic Grand Piano _ 1,Piano 1,69660,30
163.93116812499997,0.10869562499999574,54,100,Jeux dEau - Maurice Ravel,Acoustic Grand Piano _ 1,Piano 1,69690,30
164.03986374999997,0.10869562499999574,51,100,Jeux dEau - Maurice Ravel,Acoustic Grand Piano _ 1,Piano 1,69720,30
164.14855937499996,0.10869562499999574,49,100,Jeux dEau - Maurice Ravel,Acoustic Grand Piano _ 1,Piano 1,69750,30
164.25725499999996,0.10869562499999574,44,100,Jeux dEau - Maurice Ravel,Acoustic Grand Piano _ 1,Piano 1,69780,30
164.36595062499995,0.10869562499999574,49,99,Jeux dEau - Maurice Ravel,Acoustic Grand Piano _ 1,Piano 1,69810,30
164.47464624999995,0.10869562499999574,51,99,Jeux dEau - Maurice Ravel,Acoustic Grand Piano _ 1,Piano 1,69840,30
164.58334187499995,0.10869562500002417,54,99,Jeux dEau - Maurice Ravel,Acoustic Grand Piano _ 1,Piano 1,69870,30
164.69203749999997,0.10869562499999574,58,97,Jeux dEau - Maurice Ravel,Acoustic Grand Piano _ 1,Piano 1,69900,30
164.80073312499997,0.10869562499999574,54,97,Jeux dEau - Maurice Ravel,Acoustic Grand Piano _ 1,Piano 1,69930,30
164.90942874999996,0.10869562499999574,51,96,Jeux dEau - Maurice Ravel,Acoustic Grand Piano _ 1,Piano 1,69960,30
165.01812437499996,0.10869562499999574,49,96,Jeux dEau - Maurice Ravel,Acoustic Grand Piano _ 1,Piano 1,69990,30
165.12681999999995,0.41666649999999095,63,91,Jeux dEau - Maurice Ravel,Acoustic Grand Piano _ 1,Piano 1,70020,120
165.54348649999994,0.41666650000001937,65,91,Jeux dEau - Maurice Ravel,Acoustic Grand Piano _ 1,Piano 1,70140,120
165.96015299999996,0.41666649999999095,62,91,Jeux dEau - Maurice Ravel,Acoustic Grand Piano _ 1,Piano 1,70260,120
166.37681949999995,0.20833325000000968,69,91,Jeux dEau - Maurice Ravel,Acoustic Grand Piano _ 1,Piano 1,70380,60
166.58515274999996,0.20833324999998126,62,91,Jeux dEau - Maurice Ravel,Acoustic Grand Piano _ 1,Piano 1,70440,60
166.79348599999994,0.41666650000001937,63,91,Jeux dEau - Maurice Ravel,Acoustic Grand Piano _ 1,Piano 1,70500,120
167.21015249999996,0.41666649999999095,65,91,Jeux dEau - Maurice Ravel,Acoustic Grand Piano _ 1,Piano 1,70620,120
167.62681899999995,0.41666649999999095,62,91,Jeux dEau - Maurice Ravel,Acoustic Grand Piano _ 1,Piano 1,70740,120
168.46015199999997,0.41666649999999095,75,91,Jeux dEau - Maurice Ravel,Acoustic Grand Piano _ 1,Piano 1,70980,120
168.87681849999996,0.41666649999999095,77,91,Jeux dEau - Maurice Ravel,Acoustic Grand Piano _ 1,Piano 1,71100,120
169.29348499999995,0.41666649999999095,74,91,Jeux dEau - Maurice Ravel,Acoustic Grand Piano _ 1,Piano 1,71220,120
169.71015149999994,0.20833325000000968,81,91,Jeux dEau - Maurice Ravel,Acoustic Grand Piano _ 1,Piano 1,71340,60
169.91848474999995,0.20833325000000968,74,91,Jeux dEau - Maurice Ravel,Acoustic Grand Piano _ 1,Piano 1,71400,60
170.12681799999996,0.41666649999999095,75,91,Jeux dEau - Maurice Ravel,Acoustic Grand Piano _ 1,Piano 1,71460,120
170.54348449999995,0.41666649999999095,77,91,Jeux dEau - Maurice Ravel,Acoustic Grand Piano _ 1,Piano 1,71580,120
170.96015099999994,0.41666650000001937,74,91,Jeux dEau - Maurice Ravel,Acoustic Grand Piano _ 1,Piano 1,71700,120
171.37681749999996,0.20833324999998126,69,91,Jeux dEau - Maurice Ravel,Acoustic Grand Piano _ 1,Piano 1,71820,60
172.62681699999996,0.41666649999999095,48,85,Jeux dEau - Maurice Ravel,Acoustic Grand Piano _ 1,Piano 1,72180,120
173.04348349999995,0.20833325000000968,45,85,Jeux dEau - Maurice Ravel,Acoustic Grand Piano _ 1,Piano 1,72300,60
174.29348299999995,0.3124998749999861,60,95,Jeux dEau - Maurice Ravel,Acoustic Grand Piano _ 1,Piano 1,72660,90
174.60598287499994,0.10416662500000484,57,85,Jeux dEau - Maurice Ravel,Acoustic Grand Piano _ 1,Piano 1,72750,30
174.71014949999994,0.10416662500000484,62,85,Jeux dEau - Maurice Ravel,Acoustic Grand Piano _ 1,Piano 1,72780,30
174.81431612499995,0.10416662500000484,66,85,Jeux dEau - Maurice Ravel,Acoustic Grand Piano _ 1,Piano 1,72810,30
174.91848274999995,0.10416662500000484,69,85,Jeux dEau - Maurice Ravel,Acoustic Grand Piano _ 1,Piano 1,72840,30
175.02264937499996,0.10416662500000484,74,85,Jeux dEau - Maurice Ravel,Acoustic Grand Piano _ 1,Piano 1,72870,30
175.12681599999996,0.10416662499997642,68,87,Jeux dEau - Maurice Ravel,Acoustic Grand Piano _ 1,Piano 1,72900,30
175.23098262499994,0.10416662500000484,75,87,Jeux dEau - Maurice Ravel,Acoustic Grand Piano _ 1,Piano 1,72930,30
175.33514924999994,0.10416662500000484,78,87,Jeux dEau - Maurice Ravel,Acoustic Grand Piano _ 1,Piano 1,72960,30
175.43931587499995,0.10416662500000484,80,87,Jeux dEau - Maurice Ravel,Acoustic Grand Piano _ 1,Piano 1,72990,30
175.54348249999995,0.10416662500000484,74,90,Jeux dEau - Maurice Ravel,Acoustic Grand Piano _ 1,Piano 1,73020,30
175.64764912499996,0.10416662500000484,78,90,Jeux dEau - Maurice Ravel,Acoustic Grand Piano _ 1,Piano 1,73050,30
175.75181574999996,0.10416662499997642,81,90,Jeux dEau - Maurice Ravel,Acoustic Grand Piano _ 1,Piano 1,73080,30
175.85598237499994,0.10416662500000484,86,90,Jeux dEau - Maurice Ravel,Acoustic Grand Piano _ 1,Piano 1,73110,30
175.96014899999994,0.10416662500000484,80,92,Jeux dEau - Maurice Ravel,Acoustic Grand Piano _ 1,Piano 1,73140,30
176.06431562499995,0.10416662500000484,87,92,Jeux dEau - Maurice Ravel,Acoustic Grand Piano _ 1,Piano 1,73170,30
176.16848224999995,0.10416662500000484,90,92,Jeux dEau - Maurice Ravel,Acoustic Grand Piano _ 1,Piano 1,73200,30
176.27264887499996,0.10416662500000484,92,92,Jeux dEau - Maurice Ravel,Acoustic Grand Piano _ 1,Piano 1,73230,30
176.37681549999996,0.10416662499997642,86,95,Jeux dEau - Maurice Ravel,Acoustic Grand Piano _ 1,Piano 1,73260,30
176.48098212499994,0.10416662500000484,90,95,Jeux dEau - Maurice Ravel,Acoustic Grand Piano _ 1,Piano 1,73290,30
176.58514874999995,0.10416662500000484,93,95,Jeux dEau - Maurice Ravel,Acoustic Grand Piano _ 1,Piano 1,73320,30
176.68931537499995,0.10416662500000484,98,95,Jeux dEau - Maurice Ravel,Acoustic Grand Piano _ 1,Piano 1,73350,30
176.79348199999995,0.10416662500000484,73,99,Jeux dEau - Maurice Ravel,Acoustic Grand Piano _ 1,Piano 1,73380,30
176.89764862499996,0.10416662500000484,93,99,Jeux dEau - Maurice Ravel,Acoustic Grand Piano _ 1,Piano 1,73410,30
177.00181524999996,0.10416662499997642,81,99,Jeux dEau - Maurice Ravel,Acoustic Grand Piano _ 1,Piano 1,73440,30
177.10598187499994,0.10416662500000484,93,99,Jeux dEau - Maurice Ravel,Acoustic Grand Piano _ 1,Piano 1,73470,30
177.21014849999995,0.10416662500000484,73,99,Jeux dEau - Maurice Ravel,Acoustic Grand Piano _ 1,Piano 1,73500,30
177.31431512499995,0.10416662500000484,81,99,Jeux dEau - Maurice Ravel,Acoustic Grand Piano _ 1,Piano 1,73530,30
177.41848174999996,0.10416662500000484,69,99,Jeux dEau - Maurice Ravel,Acoustic Grand Piano _ 1,Piano 1,73560,30
177.52264837499996,0.10416662500000484,81,99,Jeux dEau - Maurice Ravel,Acoustic Grand Piano _ 1,Piano 1,73590,30
177.73098162499994,0.10416662500000484,69,99,Jeux dEau - Maurice Ravel,Acoustic Grand Piano _ 1,Piano 1,73650,30
177.83514824999995,0.10416662500000484,61,99,Jeux dEau - Maurice Ravel,Acoustic Grand Piano _ 1,Piano 1,73680,30
177.93931487499995,0.10416662500000484,60,99,Jeux dEau - Maurice Ravel,Acoustic Grand Piano _ 1,Piano 1,73710,30
178.04348149999996,0.10416662500000484,59,99,Jeux dEau - Maurice Ravel,Acoustic Grand Piano _ 1,Piano 1,73740,30
178.14764812499996,0.10416662499997642,58,99,Jeux dEau - Maurice Ravel,Acoustic Grand Piano _ 1,Piano 1,73770,30
178.25181474999994,0.10416662500000484,57,99,Jeux dEau - Maurice Ravel,Acoustic Grand Piano _ 1,Piano 1,73800,30
178.35598137499994,0.10416662500000484,56,99,Jeux dEau - Maurice Ravel,Acoustic Grand Piano _ 1,Piano 1,73830,30
178.56431462499995,0.10416662500000484,57,99,Jeux dEau - Maurice Ravel,Acoustic Grand Piano _ 1,Piano 1,73890,30
178.66848124999996,0.10416662500000484,49,99,Jeux dEau - Maurice Ravel,Acoustic Grand Piano _ 1,Piano 1,73920,30
178.77264787499996,0.10416662500000484,48,99,Jeux dEau - Maurice Ravel,Acoustic Grand Piano _ 1,Piano 1,73950,30
178.87681449999997,0.10416662499997642,47,99,Jeux dEau - Maurice Ravel,Acoustic Grand Piano _ 1,Piano 1,73980,30
178.98098112499994,0.10416662500000484,46,99,Jeux dEau - Maurice Ravel,Acoustic Grand Piano _ 1,Piano 1,74010,30
179.08514774999995,0.10416662500000484,45,99,Jeux dEau - Maurice Ravel,Acoustic Grand Piano _ 1,Piano 1,74040,30
179.18931437499995,0.10416662500000484,44,99,Jeux dEau - Maurice Ravel,Acoustic Grand Piano _ 1,Piano 1,74070,30
179.29348099999996,0.41666649999999095,65,91,Jeux dEau - Maurice Ravel,Acoustic Grand Piano _ 1,Piano 1,74100,120
179.71014749999995,0.41666649999999095,67,91,Jeux dEau - Maurice Ravel,Acoustic Grand Piano _ 1,Piano 1,74220,120
180.12681399999994,0.41666650000001937,64,91,Jeux dEau - Maurice Ravel,Acoustic Grand Piano _ 1,Piano 1,74340,120
180.54348049999996,0.20833324999998126,71,91,Jeux dEau - Maurice Ravel,Acoustic Grand Piano _ 1,Piano 1,74460,60
180.75181374999994,0.20833325000000968,64,91,Jeux dEau - Maurice Ravel,Acoustic Grand Piano _ 1,Piano 1,74520,60
180.96014699999995,0.41666649999999095,77,91,Jeux dEau - Maurice Ravel,Acoustic Grand Piano _ 1,Piano 1,74580,120
181.37681349999994,0.41666650000001937,79,91,Jeux dEau - Maurice Ravel,Acoustic Grand Piano _ 1,Piano 1,74700,120
181.79347999999996,0.41666649999999095,76,91,Jeux dEau - Maurice Ravel,Acoustic Grand Piano _ 1,Piano 1,74820,120
182.62681299999994,0.10416662500000484,44,91,Jeux dEau - Maurice Ravel,Acoustic Grand Piano _ 1,Piano 1,75060,30
182.73097962499995,0.10416662500000484,52,91,Jeux dEau - Maurice Ravel,Acoustic Grand Piano _ 1,Piano 1,75090,30
182.83514624999995,0.10416662500000484,56,91,Jeux dEau - Maurice Ravel,Acoustic Grand Piano _ 1,Piano 1,75120,30
182.93931287499996,0.10416662500000484,59,91,Jeux dEau - Maurice Ravel,Acoustic Grand Piano _ 1,Piano 1,75150,30
183.04347949999996,0.10416662499997642,62,91,Jeux dEau - Maurice Ravel,Acoustic Grand Piano _ 1,Piano 1,75180,30
183.14764612499994,0.10416662500000484,59,91,Jeux dEau - Maurice Ravel,Acoustic Grand Piano _ 1,Piano 1,75210,30
183.25181274999994,0.10416662500000484,56,91,Jeux dEau - Maurice Ravel,Acoustic Grand Piano _ 1,Piano 1,75240,30
183.35597937499995,0.10416662500000484,52,91,Jeux dEau - Maurice Ravel,Acoustic Grand Piano _ 1,Piano 1,75270,30
183.46014599999995,0.41666649999999095,50,101,Jeux dEau - Maurice Ravel,Acoustic Grand Piano _ 1,Piano 1,75300,120
183.87681249999994,0.10416662500000484,64,91,Jeux dEau - Maurice Ravel,Acoustic Grand Piano _ 1,Piano 1,75420,30
183.98097912499995,0.10416662500000484,68,91,Jeux dEau - Maurice Ravel,Acoustic Grand Piano _ 1,Piano 1,75450,30
184.08514574999995,0.10416662500000484,71,91,Jeux dEau - Maurice Ravel,Acoustic Grand Piano _ 1,Piano 1,75480,30
184.18931237499996,0.10416662500000484,76,91,Jeux dEau - Maurice Ravel,Acoustic Grand Piano _ 1,Piano 1,75510,30
184.29347899999996,0.10416662499997642,68,91,Jeux dEau - Maurice Ravel,Acoustic Grand Piano _ 1,Piano 1,75540,30
184.39764562499994,0.10416662500000484,75,91,Jeux dEau - Maurice Ravel,Acoustic Grand Piano _ 1,Piano 1,75570,30
184.50181224999994,0.10416662500000484,80,91,Jeux dEau - Maurice Ravel,Acoustic Grand Piano _ 1,Piano 1,75600,30
184.60597887499995,0.10416662500000484,83,91,Jeux dEau - Maurice Ravel,Acoustic Grand Piano _ 1,Piano 1,75630,30
184.71014549999995,0.10416662500000484,76,91,Jeux dEau - Maurice Ravel,Acoustic Grand Piano _ 1,Piano 1,75660,30
184.81431212499996,0.10416662500000484,80,91,Jeux dEau - Maurice Ravel,Acoustic Grand Piano _ 1,Piano 1,75690,30
184.91847874999996,0.10416662499997642,83,91,Jeux dEau - Maurice Ravel,Acoustic Grand Piano _ 1,Piano 1,75720,30
185.02264537499994,0.10416662500000484,88,91,Jeux dEau - Maurice Ravel,Acoustic Grand Piano _ 1,Piano 1,75750,30
185.12681199999994,0.10416662500000484,80,91,Jeux dEau - Maurice Ravel,Acoustic Grand Piano _ 1,Piano 1,75780,30
185.23097862499995,0.10416662500000484,87,91,Jeux dEau - Maurice Ravel,Acoustic Grand Piano _ 1,Piano 1,75810,30
185.33514524999995,0.10416662500000484,92,91,Jeux dEau - Maurice Ravel,Acoustic Grand Piano _ 1,Piano 1,75840,30
185.43931187499996,0.10416662500000484,95,91,Jeux dEau - Maurice Ravel,Acoustic Grand Piano _ 1,Piano 1,75870,30
185.54347849999996,0.10416662499997642,88,91,Jeux dEau - Maurice Ravel,Acoustic Grand Piano _ 1,Piano 1,75900,30
185.64764512499994,0.10416662500000484,92,91,Jeux dEau - Maurice Ravel,Acoustic Grand Piano _ 1,Piano 1,75930,30
185.75181174999994,0.10416662500000484,95,91,Jeux dEau - Maurice Ravel,Acoustic Grand Piano _ 1,Piano 1,75960,30
185.85597837499995,0.10416662500000484,100,91,Jeux dEau - Maurice Ravel,Acoustic Grand Piano _ 1,Piano 1,75990,30
185.96014499999995,0.10416662500000484,74,99,Jeux dEau - Maurice Ravel,Acoustic Grand Piano _ 1,Piano 1,76020,30
186.06431162499996,0.10416662500000484,95,99,Jeux dEau - Maurice Ravel,Acoustic Grand Piano _ 1,Piano 1,76050,30
186.16847824999996,0.10416662499997642,83,99,Jeux dEau - Maurice Ravel,Acoustic Grand Piano _ 1,Piano 1,76080,30
186.27264487499994,0.10416662500000484,95,99,Jeux dEau - Maurice Ravel,Acoustic Grand Piano _ 1,Piano 1,76110,30
186.37681149999995,0.10416662500000484,74,101,Jeux dEau - Maurice Ravel,Acoustic Grand Piano _ 1,Piano 1,76140,30
186.48097812499995,0.10416662500000484,83,101,Jeux dEau - Maurice Ravel,Acoustic Grand Piano _ 1,Piano 1,76170,30
186.58514474999996,0.10416662500000484,71,101,Jeux dEau - Maurice Ravel,Acoustic Grand Piano _ 1,Piano 1,76200,30
186.68931137499996,0.10416662499997642,83,101,Jeux dEau - Maurice Ravel,Acoustic Grand Piano _ 1,Piano 1,76230,30
186.89764462499994,0.10416662500000484,71,101,Jeux dEau - Maurice Ravel,Acoustic Grand Piano _ 1,Piano 1,76290,30
187.00181124999995,0.10416662500000484,63,101,Jeux dEau - Maurice Ravel,Acoustic Grand Piano _ 1,Piano 1,76320,30
187.10597787499995,0.10416662500000484,62,101,Jeux dEau - Maurice Ravel,Acoustic Grand Piano _ 1,Piano 1,76350,30
187.21014449999996,0.10416662500000484,61,101,Jeux dEau - Maurice Ravel,Acoustic Grand Piano _ 1,Piano 1,76380,30
187.31431112499996,0.10416662500000484,60,101,Jeux dEau - Maurice Ravel,Acoustic Grand Piano _ 1,Piano 1,76410,30
187.41847774999997,0.10416662499997642,59,101,Jeux dEau - Maurice Ravel,Acoustic Grand Piano _ 1,Piano 1,76440,30
187.52264437499994,0.10416662500000484,58,101,Jeux dEau - Maurice Ravel,Acoustic Grand Piano _ 1,Piano 1,76470,30
187.73097762499995,0.10416662500000484,59,101,Jeux dEau - Maurice Ravel,Acoustic Grand Piano _ 1,Piano 1,76530,30
187.83514424999996,0.10416662500000484,51,101,Jeux dEau - Maurice Ravel,Acoustic Grand Piano _ 1,Piano 1,76560,30
187.93931087499996,0.10416662499997642,50,101,Jeux dEau - Maurice Ravel,Acoustic Grand Piano _ 1,Piano 1,76590,30
188.04347749999994,0.10416662500000484,49,101,Jeux dEau - Maurice Ravel,Acoustic Grand Piano _ 1,Piano 1,76620,30
188.14764412499994,0.10416662500000484,48,101,Jeux dEau - Maurice Ravel,Acoustic Grand Piano _ 1,Piano 1,76650,30
188.25181074999995,0.10416662500000484,47,101,Jeux dEau - Maurice Ravel,Acoustic Grand Piano _ 1,Piano 1,76680,30
188.35597737499995,0.10416662500000484,46,101,Jeux dEau - Maurice Ravel,Acoustic Grand Piano _ 1,Piano 1,76710,30
188.46014399999996,0.41666649999999095,66,97,Jeux dEau - Maurice Ravel,Acoustic Grand Piano _ 1,Piano 1,76740,120
188.87681049999995,0.41666649999999095,68,97,Jeux dEau - Maurice Ravel,Acoustic Grand Piano _ 1,Piano 1,76860,120
189.29347699999994,0.41666650000001937,65,99,Jeux dEau - Maurice Ravel,Acoustic Grand Piano _ 1,Piano 1,76980,120
189.71014349999996,0.20833324999998126,72,100,Jeux dEau - Maurice Ravel,Acoustic Grand Piano _ 1,Piano 1,77100,60
189.91847674999994,0.20833325000000968,65,100,Jeux dEau - Maurice Ravel,Acoustic Grand Piano _ 1,Piano 1,77160,60
190.12680999999995,0.10416662500000484,84,99,Jeux dEau - Maurice Ravel,Acoustic Grand Piano _ 1,Piano 1,77220,30
190.23097662499995,0.10416662500000484,79,99,Jeux dEau - Maurice Ravel,Acoustic Grand Piano _ 1,Piano 1,77250,30
190.33514324999996,0.10416662499997642,76,99,Jeux dEau - Maurice Ravel,Acoustic Grand Piano _ 1,Piano 1,77280,30
190.43930987499994,0.10416662500000484,72,99,Jeux dEau - Maurice Ravel,Acoustic Grand Piano _ 1,Piano 1,77310,30
190.54347649999994,0.10416662500000484,86,99,Jeux dEau - Maurice Ravel,Acoustic Grand Piano _ 1,Piano 1,77340,30
190.64764312499995,0.10416662500000484,81,99,Jeux dEau - Maurice Ravel,Acoustic Grand Piano _ 1,Piano 1,77370,30
190.75180974999995,0.10416662500000484,78,99,Jeux dEau - Maurice Ravel,Acoustic Grand Piano _ 1,Piano 1,77400,30
190.85597637499995,0.10416662500000484,74,99,Jeux dEau - Maurice Ravel,Acoustic Grand Piano _ 1,Piano 1,77430,30
190.96014299999996,0.10416662500000484,83,96,Jeux dEau - Maurice Ravel,Acoustic Grand Piano _ 1,Piano 1,77460,30
191.06430962499996,0.10416662499997642,78,96,Jeux dEau - Maurice Ravel,Acoustic Grand Piano _ 1,Piano 1,77490,30
191.16847624999994,0.10416662500000484,75,96,Jeux dEau - Maurice Ravel,Acoustic Grand Piano _ 1,Piano 1,77520,30
191.27264287499995,0.10416662500000484,71,96,Jeux dEau - Maurice Ravel,Acoustic Grand Piano _ 1,Piano 1,77550,30
191.37680949999995,0.10416662500000484,78,96,Jeux dEau - Maurice Ravel,Acoustic Grand Piano _ 1,Piano 1,77580,30
191.48097612499996,0.10416662500000484,74,96,Jeux dEau - Maurice Ravel,Acoustic Grand Piano _ 1,Piano 1,77610,30
191.58514274999996,0.10416662499997642,73,96,Jeux dEau - Maurice Ravel,Acoustic Grand Piano _ 1,Piano 1,77640,30
191.68930937499994,0.10416662500000484,71,96,Jeux dEau - Maurice Ravel,Acoustic Grand Piano _ 1,Piano 1,77670,30
191.79347599999994,0.41666650000001937,85,101,Jeux dEau - Maurice Ravel,Acoustic Grand Piano _ 1,Piano 1,77700,120
192.21014249999996,0.41666649999999095,87,101,Jeux dEau - Maurice Ravel,Acoustic Grand Piano _ 1,Piano 1,77820,120
192.62680899999995,0.8333330000000103,84,101,Jeux dEau - Maurice Ravel,Acoustic Grand Piano _ 1,Piano 1,77940,240
193.46014199999996,0.10714287499999386,90,99,Jeux dEau - Maurice Ravel,Acoustic Grand Piano _ 1,Piano 1,78180,30
193.56728487499996,0.10714287499999386,85,99,Jeux dEau - Maurice Ravel,Acoustic Grand Piano _ 1,Piano 1,78210,30
193.67442774999995,0.10714287500002229,82,99,Jeux dEau - Maurice Ravel,Acoustic Grand Piano _ 1,Piano 1,78240,30
193.78157062499997,0.10714287499999386,78,99,Jeux dEau - Maurice Ravel,Acoustic Grand Piano _ 1,Piano 1,78270,30
193.88871349999997,0.10869562499999574,92,96,Jeux dEau - Maurice Ravel,Acoustic Grand Piano _ 1,Piano 1,78300,30
193.99740912499996,0.10869562499999574,87,96,Jeux dEau - Maurice Ravel,Acoustic Grand Piano _ 1,Piano 1,78330,30
194.10610474999996,0.10869562499999574,84,96,Jeux dEau - Maurice Ravel,Acoustic Grand Piano _ 1,Piano 1,78360,30
194.21480037499995,0.10869562500002417,80,96,Jeux dEau - Maurice Ravel,Acoustic Grand Piano _ 1,Piano 1,78390,30
194.32349599999998,0.10869562499999574,93,93,Jeux dEau - Maurice Ravel,Acoustic Grand Piano _ 1,Piano 1,78420,30
194.43219162499997,0.10869562499999574,88,93,Jeux dEau - Maurice Ravel,Acoustic Grand Piano _ 1,Piano 1,78450,30
194.54088724999997,0.10869562499999574,85,93,Jeux dEau - Maurice Ravel,Acoustic Grand Piano _ 1,Piano 1,78480,30
194.64958287499996,0.10869562500002417,81,93,Jeux dEau - Maurice Ravel,Acoustic Grand Piano _ 1,Piano 1,78510,30
194.7582785,0.2205882499999916,90,91,Jeux dEau - Maurice Ravel,Acoustic Grand Piano _ 1,Piano 1,78540,60
194.97886674999998,0.22058825000002003,83,91,Jeux dEau - Maurice Ravel,Acoustic Grand Piano _ 1,Piano 1,78600,60
195.199455,0.20833325000000968,75,85,Jeux dEau - Maurice Ravel,Acoustic Grand Piano _ 1,Piano 1,78660,60
195.40778825,0.20833324999998126,80,85,Jeux dEau - Maurice Ravel,Acoustic Grand Piano _ 1,Piano 1,78720,60
195.6161215,0.20833325000000968,87,85,Jeux dEau - Maurice Ravel,Acoustic Grand Piano _ 1,Piano 1,78780,60
195.82445475,0.20833325000000968,90,85,Jeux dEau - Maurice Ravel,Acoustic Grand Piano _ 1,Piano 1,78840,60
196.032788,0.20833324999998126,87,85,Jeux dEau - Maurice Ravel,Acoustic Grand Piano _ 1,Piano 1,78900,60
196.24112125,0.20833325000000968,80,85,Jeux dEau - Maurice Ravel,Acoustic Grand Piano _ 1,Piano 1,78960,60
196.4494545,0.10416662500000484,73,85,Jeux dEau - Maurice Ravel,Acoustic Grand Piano _ 1,Piano 1,79020,30
196.553621125,0.10416662500000484,80,85,Jeux dEau - Maurice Ravel,Acoustic Grand Piano _ 1,Piano 1,79050,30
196.65778775,0.10416662499997642,85,85,Jeux dEau - Maurice Ravel,Acoustic Grand Piano _ 1,Piano 1,79080,30
196.761954375,0.10416662500000484,88,85,Jeux dEau - Maurice Ravel,Acoustic Grand Piano _ 1,Piano 1,79110,30
196.866121,0.20833325000000968,75,85,Jeux dEau - Maurice Ravel,Acoustic Grand Piano _ 1,Piano 1,79140,60
197.07445425,0.20833325000000968,80,85,Jeux dEau - Maurice Ravel,Acoustic Grand Piano _ 1,Piano 1,79200,60
197.2827875,0.20833324999998126,87,85,Jeux dEau - Maurice Ravel,Acoustic Grand Piano _ 1,Piano 1,79260,60
197.49112075,0.20833325000000968,90,85,Jeux dEau - Maurice Ravel,Acoustic Grand Piano _ 1,Piano 1,79320,60
197.699454,0.20833325000000968,87,85,Jeux dEau - Maurice Ravel,Acoustic Grand Piano _ 1,Piano 1,79380,60
197.90778725,0.20833324999998126,80,85,Jeux dEau - Maurice Ravel,Acoustic Grand Piano _ 1,Piano 1,79440,60
198.1161205,0.10416662500000484,73,85,Jeux dEau - Maurice Ravel,Acoustic Grand Piano _ 1,Piano 1,79500,30
198.220287125,0.10416662500000484,80,85,Jeux dEau - Maurice Ravel,Acoustic Grand Piano _ 1,Piano 1,79530,30
198.32445375,0.10416662500000484,85,85,Jeux dEau - Maurice Ravel,Acoustic Grand Piano _ 1,Piano 1,79560,30
198.428620375,0.10416662500000484,88,85,Jeux dEau - Maurice Ravel,Acoustic Grand Piano _ 1,Piano 1,79590,30
198.532787,0.20833337499999516,75,85,Jeux dEau - Maurice Ravel,Acoustic Grand Piano _ 1,Piano 1,79620,30
198.741120375,0.20833337499999516,80,85,Jeux dEau - Maurice Ravel,Acoustic Grand Piano _ 1,Piano 1,79650,30
198.94945375,0.20833337500002358,87,85,Jeux dEau - Maurice Ravel,Acoustic Grand Piano _ 1,Piano 1,79680,30
199.15778712500003,0.20833337499999516,90,85,Jeux dEau - Maurice Ravel,Acoustic Grand Piano _ 1,Piano 1,79710,30
199.36612050000002,0.20833337499999516,80,85,Jeux dEau - Maurice Ravel,Acoustic Grand Piano _ 1,Piano 1,79740,30
199.57445387500002,0.20833337499999516,87,85,Jeux dEau - Maurice Ravel,Acoustic Grand Piano _ 1,Piano 1,79770,30
199.78278725,0.20833337499999516,92,85,Jeux dEau - Maurice Ravel,Acoustic Grand Piano _ 1,Piano 1,79800,30
199.991120625,0.20833337499999516,95,85,Jeux dEau - Maurice Ravel,Acoustic Grand Piano _ 1,Piano 1,79830,30
200.199454,0.20833325000000968,80,85,Jeux dEau - Maurice Ravel,Acoustic Grand Piano _ 1,Piano 1,79860,60
200.40778725,0.20833324999998126,85,85,Jeux dEau - Maurice Ravel,Acoustic Grand Piano _ 1,Piano 1,79920,60
200.6161205,0.20833325000000968,92,85,Jeux dEau - Maurice Ravel,Acoustic Grand Piano _ 1,Piano 1,79980,60
200.82445375,0.20833325000000968,97,85,Jeux dEau - Maurice Ravel,Acoustic Grand Piano _ 1,Piano 1,80040,60
201.032787,0.20833324999998126,92,85,Jeux dEau - Maurice Ravel,Acoustic Grand Piano _ 1,Piano 1,80100,60
201.24112025,0.20833325000000968,85,85,Jeux dEau - Maurice Ravel,Acoustic Grand Piano _ 1,Piano 1,80160,60
201.4494535,0.10416662500000484,78,85,Jeux dEau - Maurice Ravel,Acoustic Grand Piano _ 1,Piano 1,80220,30
201.553620125,0.10416662500000484,84,85,Jeux dEau - Maurice Ravel,Acoustic Grand Piano _ 1,Piano 1,80250,30
201.65778675,0.10416662499997642,88,85,Jeux dEau - Maurice Ravel,Acoustic Grand Piano _ 1,Piano 1,80280,30
201.761953375,0.10416662500000484,92,85,Jeux dEau - Maurice Ravel,Acoustic Grand Piano _ 1,Piano 1,80310,30
201.86612,0.20833325000000968,80,85,Jeux dEau - Maurice Ravel,Acoustic Grand Piano _ 1,Piano 1,80340,60
202.07445325,0.20833325000000968,85,85,Jeux dEau - Maurice Ravel,Acoustic Grand Piano _ 1,Piano 1,80400,60
202.28278650000001,0.20833324999998126,92,85,Jeux dEau - Maurice Ravel,Acoustic Grand Piano _ 1,Piano 1,80460,60
202.49111975,0.20833325000000968,97,85,Jeux dEau - Maurice Ravel,Acoustic Grand Piano _ 1,Piano 1,80520,60
202.699453,0.20833325000000968,92,86,Jeux dEau - Maurice Ravel,Acoustic Grand Piano _ 1,Piano 1,80580,60
202.90778625000002,0.20833324999998126,85,88,Jeux dEau - Maurice Ravel,Acoustic Grand Piano _ 1,Piano 1,80640,60
203.1161195,0.10416662500000484,78,91,Jeux dEau - Maurice Ravel,Acoustic Grand Piano _ 1,Piano 1,80700,30
203.220286125,0.10416662500000484,84,91,Jeux dEau - Maurice Ravel,Acoustic Grand Piano _ 1,Piano 1,80730,30
203.32445275,0.10416662500000484,88,93,Jeux dEau - Maurice Ravel,Acoustic Grand Piano _ 1,Piano 1,80760,30
203.428619375,0.10416662500000484,92,93,Jeux dEau - Maurice Ravel,Acoustic Grand Piano _ 1,Piano 1,80790,30
203.636952625,0.10416662500000484,80,99,Jeux dEau - Maurice Ravel,Acoustic Grand Piano _ 1,Piano 1,80850,30
203.74111925,0.10416662500000484,85,99,Jeux dEau - Maurice Ravel,Acoustic Grand Piano _ 1,Piano 1,80880,30
203.845285875,0.10416662500000484,92,99,Jeux dEau - Maurice Ravel,Acoustic Grand Piano _ 1,Piano 1,80910,30
203.9494525,0.10416662500000484,97,99,Jeux dEau - Maurice Ravel,Acoustic Grand Piano _ 1,Piano 1,80940,30
204.053619125,0.10416662500000484,92,99,Jeux dEau - Maurice Ravel,Acoustic Grand Piano _ 1,Piano 1,80970,30
204.15778575000002,0.10416662499997642,85,99,Jeux dEau - Maurice Ravel,Acoustic Grand Piano _ 1,Piano 1,81000,30
204.261952375,0.10416662500000484,80,99,Jeux dEau - Maurice Ravel,Acoustic Grand Piano _ 1,Piano 1,81030,30
204.470285625,0.10416662500000484,73,99,Jeux dEau - Maurice Ravel,Acoustic Grand Piano _ 1,Piano 1,81090,30
204.57445225,0.10416662500000484,80,99,Jeux dEau - Maurice Ravel,Acoustic Grand Piano _ 1,Piano 1,81120,30
204.678618875,0.10416662499997642,85,99,Jeux dEau - Maurice Ravel,Acoustic Grand Piano _ 1,Piano 1,81150,30
204.7827855,0.10416662500000484,92,99,Jeux dEau - Maurice Ravel,Acoustic Grand Piano _ 1,Piano 1,81180,30
204.886952125,0.10416662500000484,85,99,Jeux dEau - Maurice Ravel,Acoustic Grand Piano _ 1,Piano 1,81210,30
204.99111875,0.10416662500000484,80,99,Jeux dEau - Maurice Ravel,Acoustic Grand Piano _ 1,Piano 1,81240,30
205.095285375,0.10416662500000484,73,99,Jeux dEau - Maurice Ravel,Acoustic Grand Piano _ 1,Piano 1,81270,30
205.303618625,0.10416662499997642,68,99,Jeux dEau - Maurice Ravel,Acoustic Grand Piano _ 1,Piano 1,81330,30
205.40778525,0.10416662500000484,73,99,Jeux dEau - Maurice Ravel,Acoustic Grand Piano _ 1,Piano 1,81360,30
205.511951875,0.10416662500000484,80,99,Jeux dEau - Maurice Ravel,Acoustic Grand Piano _ 1,Piano 1,81390,30
205.6161185,0.10416662500000484,85,99,Jeux dEau - Maurice Ravel,Acoustic Grand Piano _ 1,Piano 1,81420,30
205.720285125,0.10416662500000484,80,99,Jeux dEau - Maurice Ravel,Acoustic Grand Piano _ 1,Piano 1,81450,30
205.82445175,0.10416662500000484,73,99,Jeux dEau - Maurice Ravel,Acoustic Grand Piano _ 1,Piano 1,81480,30
205.928618375,0.10416662499997642,68,99,Jeux dEau - Maurice Ravel,Acoustic Grand Piano _ 1,Piano 1,81510,30
206.136951625,0.10416662500000484,61,99,Jeux dEau - Maurice Ravel,Acoustic Grand Piano _ 1,Piano 1,81570,30
206.24111825,0.10416662500000484,68,99,Jeux dEau - Maurice Ravel,Acoustic Grand Piano _ 1,Piano 1,81600,30
206.345284875,0.10416662500000484,73,99,Jeux dEau - Maurice Ravel,Acoustic Grand Piano _ 1,Piano 1,81630,30
206.4494515,0.10416662500000484,80,99,Jeux dEau - Maurice Ravel,Acoustic Grand Piano _ 1,Piano 1,81660,30
206.553618125,0.10416662499997642,73,99,Jeux dEau - Maurice Ravel,Acoustic Grand Piano _ 1,Piano 1,81690,30
206.65778475,0.10416662500000484,68,99,Jeux dEau - Maurice Ravel,Acoustic Grand Piano _ 1,Piano 1,81720,30
206.761951375,0.10416662500000484,61,99,Jeux dEau - Maurice Ravel,Acoustic Grand Piano _ 1,Piano 1,81750,30
206.970284625,0.10416662500000484,56,96,Jeux dEau - Maurice Ravel,Acoustic Grand Piano _ 1,Piano 1,81810,30
207.07445125,0.10416662500000484,61,96,Jeux dEau - Maurice Ravel,Acoustic Grand Piano _ 1,Piano 1,81840,30
207.17861787500001,0.10416662499997642,68,96,Jeux dEau - Maurice Ravel,Acoustic Grand Piano _ 1,Piano 1,81870,30
207.2827845,0.10416662500000484,73,96,Jeux dEau - Maurice Ravel,Acoustic Grand Piano _ 1,Piano 1,81900,30
207.386951125,0.10416662500000484,68,96,Jeux dEau - Maurice Ravel,Acoustic Grand Piano _ 1,Piano 1,81930,30
207.49111775,0.10416662500000484,61,96,Jeux dEau - Maurice Ravel,Acoustic Grand Piano _ 1,Piano 1,81960,30
207.595284375,0.10416662500000484,56,96,Jeux dEau - Maurice Ravel,Acoustic Grand Piano _ 1,Piano 1,81990,30
207.80361762500002,0.10416662499997642,56,93,Jeux dEau - Maurice Ravel,Acoustic Grand Piano _ 1,Piano 1,82050,30
207.90778425,0.10416662500000484,61,93,Jeux dEau - Maurice Ravel,Acoustic Grand Piano _ 1,Piano 1,82080,30
208.011950875,0.10416662500000484,68,93,Jeux dEau - Maurice Ravel,Acoustic Grand Piano _ 1,Piano 1,82110,30
208.1161175,0.10416662500000484,73,93,Jeux dEau - Maurice Ravel,Acoustic Grand Piano _ 1,Piano 1,82140,30
208.220284125,0.10416662500000484,68,93,Jeux dEau - Maurice Ravel,Acoustic Grand Piano _ 1,Piano 1,82170,30
208.32445075,0.10416662499997642,61,93,Jeux dEau - Maurice Ravel,Acoustic Grand Piano _ 1,Piano 1,82200,30
208.428617375,0.10416662500000484,56,93,Jeux dEau - Maurice Ravel,Acoustic Grand Piano _ 1,Piano 1,82230,30
208.636950625,0.10416662500000484,56,91,Jeux dEau - Maurice Ravel,Acoustic Grand Piano _ 1,Piano 1,82290,30
208.74111725,0.10416662500000484,61,91,Jeux dEau - Maurice Ravel,Acoustic Grand Piano _ 1,Piano 1,82320,30
208.845283875,0.10416662500000484,68,91,Jeux dEau - Maurice Ravel,Acoustic Grand Piano _ 1,Piano 1,82350,30
208.9494505,0.10416662500000484,73,91,Jeux dEau - Maurice Ravel,Acoustic Grand Piano _ 1,Piano 1,82380,30
209.05361712500002,0.10416662499997642,68,91,Jeux dEau - Maurice Ravel,Acoustic Grand Piano _ 1,Piano 1,82410,30
209.15778375,0.10416662500000484,61,91,Jeux dEau - Maurice Ravel,Acoustic Grand Piano _ 1,Piano 1,82440,30
209.261950375,0.10416662500000484,56,91,Jeux dEau - Maurice Ravel,Acoustic Grand Piano _ 1,Piano 1,82470,30
209.470283625,0.10416662500000484,56,88,Jeux dEau - Maurice Ravel,Acoustic Grand Piano _ 1,Piano 1,82530,30
209.57445025,0.10416662499997642,61,88,Jeux dEau - Maurice Ravel,Acoustic Grand Piano _ 1,Piano 1,82560,30
209.678616875,0.10416662500000484,68,88,Jeux dEau - Maurice Ravel,Acoustic Grand Piano _ 1,Piano 1,82590,30
209.7827835,0.10416662500000484,73,88,Jeux dEau - Maurice Ravel,Acoustic Grand Piano _ 1,Piano 1,82620,30
209.886950125,0.10416662500000484,68,88,Jeux dEau - Maurice Ravel,Acoustic Grand Piano _ 1,Piano 1,82650,30
209.99111675,0.10416662500000484,61,88,Jeux dEau - Maurice Ravel,Acoustic Grand Piano _ 1,Piano 1,82680,30
210.095283375,0.10416662500000484,56,88,Jeux dEau - Maurice Ravel,Acoustic Grand Piano _ 1,Piano 1,82710,30
210.19945,0.08333337499999516,56,82,Jeux dEau - Maurice Ravel,Acoustic Grand Piano _ 1,Piano 1,82740,30
210.282783375,0.08333337499999516,52,82,Jeux dEau - Maurice Ravel,Acoustic Grand Piano _ 1,Piano 1,82770,30
210.36611675,0.08333337500002358,57,82,Jeux dEau - Maurice Ravel,Acoustic Grand Piano _ 1,Piano 1,82800,30
210.44945012500003,0.08333337499999516,60,82,Jeux dEau - Maurice Ravel,Acoustic Grand Piano _ 1,Piano 1,82830,30
210.53278350000002,0.08333337499999516,64,82,Jeux dEau - Maurice Ravel,Acoustic Grand Piano _ 1,Piano 1,82860,30
210.61611687500002,0.08333337499999516,68,85,Jeux dEau - Maurice Ravel,Acoustic Grand Piano _ 1,Piano 1,82890,30
210.69945025,0.08333337499999516,64,85,Jeux dEau - Maurice Ravel,Acoustic Grand Piano _ 1,Piano 1,82920,30
210.782783625,0.08333337499999516,69,85,Jeux dEau - Maurice Ravel,Acoustic Grand Piano _ 1,Piano 1,82950,30
210.866117,0.08333337500002358,72,85,Jeux dEau - Maurice Ravel,Acoustic Grand Piano _ 1,Piano 1,82980,30
210.94945037500003,0.08333337499999516,76,85,Jeux dEau - Maurice Ravel,Acoustic Grand Piano _ 1,Piano 1,83010,30
211.03278375000002,0.08333337499999516,80,87,Jeux dEau - Maurice Ravel,Acoustic Grand Piano _ 1,Piano 1,83040,30
211.11611712500002,0.08333337499999516,76,87,Jeux dEau - Maurice Ravel,Acoustic Grand Piano _ 1,Piano 1,83070,30
211.1994505,0.08333337499999516,81,87,Jeux dEau - Maurice Ravel,Acoustic Grand Piano _ 1,Piano 1,83100,30
211.282783875,0.08333337499999516,84,87,Jeux dEau - Maurice Ravel,Acoustic Grand Piano _ 1,Piano 1,83130,30
211.36611725,0.08333337500002358,88,87,Jeux dEau - Maurice Ravel,Acoustic Grand Piano _ 1,Piano 1,83160,30
211.44945062500003,0.08333337499999516,80,90,Jeux dEau - Maurice Ravel,Acoustic Grand Piano _ 1,Piano 1,83190,30
211.53278400000002,0.08333337499999516,88,90,Jeux dEau - Maurice Ravel,Acoustic Grand Piano _ 1,Piano 1,83220,30
211.61611737500002,0.08333337499999516,93,90,Jeux dEau - Maurice Ravel,Acoustic Grand Piano _ 1,Piano 1,83250,30
211.69945075,0.08333337499999516,96,92,Jeux dEau - Maurice Ravel,Acoustic Grand Piano _ 1,Piano 1,83280,30
211.782784125,0.08333337499999516,100,92,Jeux dEau - Maurice Ravel,Acoustic Grand Piano _ 1,Piano 1,83310,30
211.8661175,0.05952375000001098,78,92,Jeux dEau - Maurice Ravel,Acoustic Grand Piano _ 1,Piano 1,83340,30
211.92564125,0.059523749999982556,80,92,Jeux dEau - Maurice Ravel,Acoustic Grand Piano _ 1,Piano 1,83370,30
211.985165,0.05952375000001098,87,92,Jeux dEau - Maurice Ravel,Acoustic Grand Piano _ 1,Piano 1,83400,30
212.04468875,0.059523749999982556,93,92,Jeux dEau - Maurice Ravel,Acoustic Grand Piano _ 1,Piano 1,83430,30
212.1042125,0.05952375000001098,96,92,Jeux dEau - Maurice Ravel,Acoustic Grand Piano _ 1,Piano 1,83460,30
212.16373625,0.05952375000001098,100,92,Jeux dEau - Maurice Ravel,Acoustic Grand Piano _ 1,Piano 1,83490,30
212.22326,0.059523749999982556,105,92,Jeux dEau - Maurice Ravel,Acoustic Grand Piano _ 1,Piano 1,83520,30
212.28278375,0.05952375000001098,78,92,Jeux dEau - Maurice Ravel,Acoustic Grand Piano _ 1,Piano 1,83550,30
212.3423075,0.05952375000001098,82,92,Jeux dEau - Maurice Ravel,Acoustic Grand Piano _ 1,Piano 1,83580,30
212.40183125000001,0.059523749999982556,86,92,Jeux dEau - Maurice Ravel,Acoustic Grand Piano _ 1,Piano 1,83610,30
212.461355,0.05952375000001098,95,92,Jeux dEau - Maurice Ravel,Acoustic Grand Piano _ 1,Piano 1,83640,30
212.52087875,0.059523749999982556,99,92,Jeux dEau - Maurice Ravel,Acoustic Grand Piano _ 1,Piano 1,83670,30
212.5804025,0.05952375000001098,102,92,Jeux dEau - Maurice Ravel,Acoustic Grand Piano _ 1,Piano 1,83700,30
212.63992625,0.05952375000001098,107,92,Jeux dEau - Maurice Ravel,Acoustic Grand Piano _ 1,Piano 1,83730,30
212.69945,0.059523749999982556,76,92,Jeux dEau - Maurice Ravel,Acoustic Grand Piano _ 1,Piano 1,83760,30
212.75897375,0.05952375000001098,78,92,Jeux dEau - Maurice Ravel,Acoustic Grand Piano _ 1,Piano 1,83790,30
212.8184975,0.059523749999982556,85,92,Jeux dEau - Maurice Ravel,Acoustic Grand Piano _ 1,Piano 1,83820,30
212.87802125,0.05952375000001098,91,92,Jeux dEau - Maurice Ravel,Acoustic Grand Piano _ 1,Piano 1,83850,30
212.937545,0.05952375000001098,94,92,Jeux dEau - Maurice Ravel,Acoustic Grand Piano _ 1,Piano 1,83880,30
212.99706875,0.059523749999982556,98,92,Jeux dEau - Maurice Ravel,Acoustic Grand Piano _ 1,Piano 1,83910,30
213.0565925,0.05952375000001098,103,92,Jeux dEau - Maurice Ravel,Acoustic Grand Piano _ 1,Piano 1,83940,30
213.11611625,0.05952375000001098,76,92,Jeux dEau - Maurice Ravel,Acoustic Grand Piano _ 1,Piano 1,83970,30
213.17564000000002,0.059523749999982556,80,92,Jeux dEau - Maurice Ravel,Acoustic Grand Piano _ 1,Piano 1,84000,30
213.23516375,0.05952375000001098,84,92,Jeux dEau - Maurice Ravel,Acoustic Grand Piano _ 1,Piano 1,84030,30
213.2946875,0.059523749999982556,93,92,Jeux dEau - Maurice Ravel,Acoustic Grand Piano _ 1,Piano 1,84060,30
213.35421125,0.05952375000001098,97,92,Jeux dEau - Maurice Ravel,Acoustic Grand Piano _ 1,Piano 1,84090,30
213.413735,0.05952375000001098,100,92,Jeux dEau - Maurice Ravel,Acoustic Grand Piano _ 1,Piano 1,84120,30
213.47325875,0.059523749999982556,105,92,Jeux dEau - Maurice Ravel,Acoustic Grand Piano _ 1,Piano 1,84150,30
213.5327825,0.05952375000001098,74,92,Jeux dEau - Maurice Ravel,Acoustic Grand Piano _ 1,Piano 1,84180,30
213.59230625,0.059523749999982556,76,92,Jeux dEau - Maurice Ravel,Acoustic Grand Piano _ 1,Piano 1,84210,30
213.65183,0.05952375000001098,83,92,Jeux dEau - Maurice Ravel,Acoustic Grand Piano _ 1,Piano 1,84240,30
213.71135375,0.05952375000001098,89,92,Jeux dEau - Maurice Ravel,Acoustic Grand Piano _ 1,Piano 1,84270,30
213.7708775,0.059523749999982556,92,92,Jeux dEau - Maurice Ravel,Acoustic Grand Piano _ 1,Piano 1,84300,30
213.83040125,0.05952375000001098,96,92,Jeux dEau - Maurice Ravel,Acoustic Grand Piano _ 1,Piano 1,84330,30
213.889925,0.059523749999982556,101,92,Jeux dEau - Maurice Ravel,Acoustic Grand Piano _ 1,Piano 1,84360,30
213.94944875,0.05952375000001098,74,92,Jeux dEau - Maurice Ravel,Acoustic Grand Piano _ 1,Piano 1,84390,30
214.0089725,0.05952375000001098,78,92,Jeux dEau - Maurice Ravel,Acoustic Grand Piano _ 1,Piano 1,84420,30
214.06849625,0.059523749999982556,82,92,Jeux dEau - Maurice Ravel,Acoustic Grand Piano _ 1,Piano 1,84450,30
214.12802,0.05952375000001098,91,92,Jeux dEau - Maurice Ravel,Acoustic Grand Piano _ 1,Piano 1,84480,30
214.18754375,0.05952375000001098,95,92,Jeux dEau - Maurice Ravel,Acoustic Grand Piano _ 1,Piano 1,84510,30
214.2470675,0.059523749999982556,98,92,Jeux dEau - Maurice Ravel,Acoustic Grand Piano _ 1,Piano 1,84540,30
214.30659125,0.05952375000001098,103,92,Jeux dEau - Maurice Ravel,Acoustic Grand Piano _ 1,Piano 1,84570,30
214.366115,0.059523749999982556,72,92,Jeux dEau - Maurice Ravel,Acoustic Grand Piano _ 1,Piano 1,84600,30
214.42563875,0.05952375000001098,74,92,Jeux dEau - Maurice Ravel,Acoustic Grand Piano _ 1,Piano 1,84630,30
214.4851625,0.05952375000001098,81,92,Jeux dEau - Maurice Ravel,Acoustic Grand Piano _ 1,Piano 1,84660,30
214.54468625,0.059523749999982556,87,92,Jeux dEau - Maurice Ravel,Acoustic Grand Piano _ 1,Piano 1,84690,30
214.60421,0.05952375000001098,90,92,Jeux dEau - Maurice Ravel,Acoustic Grand Piano _ 1,Piano 1,84720,30
214.66373375,0.059523749999982556,94,92,Jeux dEau - Maurice Ravel,Acoustic Grand Piano _ 1,Piano 1,84750,30
214.7232575,0.05952375000001098,99,92,Jeux dEau - Maurice Ravel,Acoustic Grand Piano _ 1,Piano 1,84780,30
214.78278125,0.05952375000001098,72,92,Jeux dEau - Maurice Ravel,Acoustic Grand Piano _ 1,Piano 1,84810,30
214.842305,0.059523749999982556,76,92,Jeux dEau - Maurice Ravel,Acoustic Grand Piano _ 1,Piano 1,84840,30
214.90182875,0.05952375000001098,80,92,Jeux dEau - Maurice Ravel,Acoustic Grand Piano _ 1,Piano 1,84870,30
214.9613525,0.05952375000001098,89,92,Jeux dEau - Maurice Ravel,Acoustic Grand Piano _ 1,Piano 1,84900,30
215.02087625000001,0.059523749999982556,93,92,Jeux dEau - Maurice Ravel,Acoustic Grand Piano _ 1,Piano 1,84930,30
215.0804,0.05952375000001098,96,92,Jeux dEau - Maurice Ravel,Acoustic Grand Piano _ 1,Piano 1,84960,30
215.13992375,0.059523749999982556,101,92,Jeux dEau - Maurice Ravel,Acoustic Grand Piano _ 1,Piano 1,84990,30
215.1994475,0.05952375000001098,69,92,Jeux dEau - Maurice Ravel,Acoustic Grand Piano _ 1,Piano 1,85020,30
215.25897125,0.05952375000001098,71,92,Jeux dEau - Maurice Ravel,Acoustic Grand Piano _ 1,Piano 1,85050,30
215.318495,0.059523749999982556,78,92,Jeux dEau - Maurice Ravel,Acoustic Grand Piano _ 1,Piano 1,85080,30
215.37801875,0.05952375000001098,84,92,Jeux dEau - Maurice Ravel,Acoustic Grand Piano _ 1,Piano 1,85110,30
215.4375425,0.059523749999982556,87,92,Jeux dEau - Maurice Ravel,Acoustic Grand Piano _ 1,Piano 1,85140,30
215.49706625,0.05952375000001098,91,92,Jeux dEau - Maurice Ravel,Acoustic Grand Piano _ 1,Piano 1,85170,30
215.55659,0.05952375000001098,96,92,Jeux dEau - Maurice Ravel,Acoustic Grand Piano _ 1,Piano 1,85200,30
215.61611375,0.059523749999982556,66,92,Jeux dEau - Maurice Ravel,Acoustic Grand Piano _ 1,Piano 1,85230,30
215.6756375,0.05952375000001098,68,92,Jeux dEau - Maurice Ravel,Acoustic Grand Piano _ 1,Piano 1,85260,30
215.73516125,0.05952375000001098,75,92,Jeux dEau - Maurice Ravel,Acoustic Grand Piano _ 1,Piano 1,85290,30
215.79468500000002,0.059523749999982556,81,92,Jeux dEau - Maurice Ravel,Acoustic Grand Piano _ 1,Piano 1,85320,30
215.85420875,0.05952375000001098,84,92,Jeux dEau - Maurice Ravel,Acoustic Grand Piano _ 1,Piano 1,85350,30
215.9137325,0.059523749999982556,88,92,Jeux dEau - Maurice Ravel,Acoustic Grand Piano _ 1,Piano 1,85380,30
215.97325625,0.05952375000001098,93,92,Jeux dEau - Maurice Ravel,Acoustic Grand Piano _ 1,Piano 1,85410,30
216.03278,0.05952375000001098,63,92,Jeux dEau - Maurice Ravel,Acoustic Grand Piano _ 1,Piano 1,85440,30
216.09230375,0.059523749999982556,65,92,Jeux dEau - Maurice Ravel,Acoustic Grand Piano _ 1,Piano 1,85470,30
216.1518275,0.05952375000001098,72,92,Jeux dEau - Maurice Ravel,Acoustic Grand Piano _ 1,Piano 1,85500,30
216.21135125,0.059523749999982556,78,92,Jeux dEau - Maurice Ravel,Acoustic Grand Piano _ 1,Piano 1,85530,30
216.270875,0.05952375000001098,81,92,Jeux dEau - Maurice Ravel,Acoustic Grand Piano _ 1,Piano 1,85560,30
216.33039875,0.05952375000001098,85,92,Jeux dEau - Maurice Ravel,Acoustic Grand Piano _ 1,Piano 1,85590,30
216.3899225,0.059523749999982556,90,92,Jeux dEau - Maurice Ravel,Acoustic Grand Piano _ 1,Piano 1,85620,30
216.44944625,0.05952375000001098,60,92,Jeux dEau - Maurice Ravel,Acoustic Grand Piano _ 1,Piano 1,85650,30
216.50897,0.05952375000001098,62,92,Jeux dEau - Maurice Ravel,Acoustic Grand Piano _ 1,Piano 1,85680,30
216.56849375000002,0.059523749999982556,69,92,Jeux dEau - Maurice Ravel,Acoustic Grand Piano _ 1,Piano 1,85710,30
216.6280175,0.05952375000001098,75,92,Jeux dEau - Maurice Ravel,Acoustic Grand Piano _ 1,Piano 1,85740,30
216.68754125,0.059523749999982556,78,92,Jeux dEau - Maurice Ravel,Acoustic Grand Piano _ 1,Piano 1,85770,30
216.747065,0.05952375000001098,82,92,Jeux dEau - Maurice Ravel,Acoustic Grand Piano _ 1,Piano 1,85800,30
216.80658875,0.05952375000001098,87,92,Jeux dEau - Maurice Ravel,Acoustic Grand Piano _ 1,Piano 1,85830,30
216.8661125,0.059523749999982556,69,92,Jeux dEau - Maurice Ravel,Acoustic Grand Piano _ 1,Piano 1,85860,30
216.92563625,0.05952375000001098,71,92,Jeux dEau - Maurice Ravel,Acoustic Grand Piano _ 1,Piano 1,85890,30
216.98516,0.059523749999982556,78,92,Jeux dEau - Maurice Ravel,Acoustic Grand Piano _ 1,Piano 1,85920,30
217.04468375,0.05952375000001098,72,92,Jeux dEau - Maurice Ravel,Acoustic Grand Piano _ 1,Piano 1,85950,30
217.1042075,0.05952375000001098,75,92,Jeux dEau - Maurice Ravel,Acoustic Grand Piano _ 1,Piano 1,85980,30
217.16373125,0.059523749999982556,79,92,Jeux dEau - Maurice Ravel,Acoustic Grand Piano _ 1,Piano 1,86010,30
217.223255,0.05952375000001098,84,92,Jeux dEau - Maurice Ravel,Acoustic Grand Piano _ 1,Piano 1,86040,30
217.28277875,0.05952375000001098,66,92,Jeux dEau - Maurice Ravel,Acoustic Grand Piano _ 1,Piano 1,86070,30
217.34230250000002,0.059523749999982556,68,92,Jeux dEau - Maurice Ravel,Acoustic Grand Piano _ 1,Piano 1,86100,30
217.40182625,0.05952375000001098,75,92,Jeux dEau - Maurice Ravel,Acoustic Grand Piano _ 1,Piano 1,86130,30
217.46135,0.059523749999982556,69,92,Jeux dEau - Maurice Ravel,Acoustic Grand Piano _ 1,Piano 1,86160,30
217.52087375,0.05952375000001098,72,92,Jeux dEau - Maurice Ravel,Acoustic Grand Piano _ 1,Piano 1,86190,30
217.5803975,0.05952375000001098,76,92,Jeux dEau - Maurice Ravel,Acoustic Grand Piano _ 1,Piano 1,86220,30
217.63992125000001,0.059523749999982556,81,92,Jeux dEau - Maurice Ravel,Acoustic Grand Piano _ 1,Piano 1,86250,30
217.699445,0.05952375000001098,63,92,Jeux dEau - Maurice Ravel,Acoustic Grand Piano _ 1,Piano 1,86280,30
217.75896875,0.059523749999982556,65,92,Jeux dEau - Maurice Ravel,Acoustic Grand Piano _ 1,Piano 1,86310,30
217.8184925,0.05952375000001098,72,92,Jeux dEau - Maurice Ravel,Acoustic Grand Piano _ 1,Piano 1,86340,30
217.87801625,0.05952375000001098,66,92,Jeux dEau - Maurice Ravel,Acoustic Grand Piano _ 1,Piano 1,86370,30
217.93754,0.059523749999982556,69,92,Jeux dEau - Maurice Ravel,Acoustic Grand Piano _ 1,Piano 1,86400,30
217.99706375,0.05952375000001098,73,92,Jeux dEau - Maurice Ravel,Acoustic Grand Piano _ 1,Piano 1,86430,30
218.0565875,0.059523749999982556,78,92,Jeux dEau - Maurice Ravel,Acoustic Grand Piano _ 1,Piano 1,86460,30
218.11611125,0.05952375000001098,60,92,Jeux dEau - Maurice Ravel,Acoustic Grand Piano _ 1,Piano 1,86490,30
218.175635,0.05952375000001098,62,92,Jeux dEau - Maurice Ravel,Acoustic Grand Piano _ 1,Piano 1,86520,30
218.23515875,0.059523749999982556,69,92,Jeux dEau - Maurice Ravel,Acoustic Grand Piano _ 1,Piano 1,86550,30
218.2946825,0.05952375000001098,63,92,Jeux dEau - Maurice Ravel,Acoustic Grand Piano _ 1,Piano 1,86580,30
218.35420625,0.05952375000001098,66,92,Jeux dEau - Maurice Ravel,Acoustic Grand Piano _ 1,Piano 1,86610,30
218.41373000000002,0.059523749999982556,70,92,Jeux dEau - Maurice Ravel,Acoustic Grand Piano _ 1,Piano 1,86640,30
218.47325375,0.05952375000001098,75,92,Jeux dEau - Maurice Ravel,Acoustic Grand Piano _ 1,Piano 1,86670,30
218.671666375,0.13888887500002056,72,92,Jeux dEau - Maurice Ravel,Acoustic Grand Piano _ 1,Piano 1,86730,30
218.81055525000002,0.13888887499999214,70,92,Jeux dEau - Maurice Ravel,Acoustic Grand Piano _ 1,Piano 1,86760,30
219.088333,0.13888887499999214,60,91,Jeux dEau - Maurice Ravel,Acoustic Grand Piano _ 1,Piano 1,86820,30
219.227221875,0.13888887500002056,58,91,Jeux dEau - Maurice Ravel,Acoustic Grand Piano _ 1,Piano 1,86850,30
219.504999625,0.13888887499999214,60,90,Jeux dEau - Maurice Ravel,Acoustic Grand Piano _ 1,Piano 1,86910,30
219.6438885,0.13888887499999214,58,88,Jeux dEau - Maurice Ravel,Acoustic Grand Piano _ 1,Piano 1,86940,30
219.92166625000002,0.13888887499999214,60,87,Jeux dEau - Maurice Ravel,Acoustic Grand Piano _ 1,Piano 1,87000,30
220.060555125,0.13888887499999214,58,87,Jeux dEau - Maurice Ravel,Acoustic Grand Piano _ 1,Piano 1,87030,30
220.33833287500002,0.13888887499999214,60,86,Jeux dEau - Maurice Ravel,Acoustic Grand Piano _ 1,Piano 1,87090,30
220.47722175,0.13888887499999214,58,85,Jeux dEau - Maurice Ravel,Acoustic Grand Piano _ 1,Piano 1,87120,30
220.7549995,0.13888887500002056,48,83,Jeux dEau - Maurice Ravel,Acoustic Grand Piano _ 1,Piano 1,87180,30
220.89388837500002,0.13888887499999214,46,83,Jeux dEau - Maurice Ravel,Acoustic Grand Piano _ 1,Piano 1,87210,30
221.171666125,0.13888887500002056,52,82,Jeux dEau - Maurice Ravel,Acoustic Grand Piano _ 1,Piano 1,87270,30
221.31055500000002,0.13888887499999214,46,82,Jeux dEau - Maurice Ravel,Acoustic Grand Piano _ 1,Piano 1,87300,30
221.58833275,0.13888887499999214,48,81,Jeux dEau - Maurice Ravel,Acoustic Grand Piano _ 1,Piano 1,87360,30
221.727221625,0.13888887500002056,46,81,Jeux dEau - Maurice Ravel,Acoustic Grand Piano _ 1,Piano 1,87390,30
222.004999375,0.13888887499999214,69,80,Jeux dEau - Maurice Ravel,Acoustic Grand Piano _ 1,Piano 1,87450,30
222.14388825,0.13888887499999214,66,78,Jeux dEau - Maurice Ravel,Acoustic Grand Piano _ 1,Piano 1,87480,30
222.42166600000002,0.13888887499999214,57,77,Jeux dEau - Maurice Ravel,Acoustic Grand Piano _ 1,Piano 1,87540,30
222.560554875,0.13888887499999214,54,77,Jeux dEau - Maurice Ravel,Acoustic Grand Piano _ 1,Piano 1,87570,30
222.83833262500002,0.13888887499999214,57,77,Jeux dEau - Maurice Ravel,Acoustic Grand Piano _ 1,Piano 1,87630,30
222.9772215,0.13888887499999214,54,77,Jeux dEau - Maurice Ravel,Acoustic Grand Piano _ 1,Piano 1,87660,30
223.25499925,0.13888887500002056,57,77,Jeux dEau - Maurice Ravel,Acoustic Grand Piano _ 1,Piano 1,87720,30
223.39388812500002,0.13888887499999214,54,77,Jeux dEau - Maurice Ravel,Acoustic Grand Piano _ 1,Piano 1,87750,30
223.671665875,0.13888887499999214,57,77,Jeux dEau - Maurice Ravel,Acoustic Grand Piano _ 1,Piano 1,87810,30
223.81055475,0.13888887500002056,54,77,Jeux dEau - Maurice Ravel,Acoustic Grand Piano _ 1,Piano 1,87840,30
224.0883325,0.13888887499999214,57,77,Jeux dEau - Maurice Ravel,Acoustic Grand Piano _ 1,Piano 1,87900,30
224.227221375,0.13888887500002056,54,77,Jeux dEau - Maurice Ravel,Acoustic Grand Piano _ 1,Piano 1,87930,30
224.504999125,0.13888887499999214,57,77,Jeux dEau - Maurice Ravel,Acoustic Grand Piano _ 1,Piano 1,87990,30
224.643888,0.13888887499999214,54,77,Jeux dEau - Maurice Ravel,Acoustic Grand Piano _ 1,Piano 1,88020,30
224.92166575000002,0.13888887499999214,57,77,Jeux dEau - Maurice Ravel,Acoustic Grand Piano _ 1,Piano 1,88080,30
225.060554625,0.13888887499999214,54,77,Jeux dEau - Maurice Ravel,Acoustic Grand Piano _ 1,Piano 1,88110,30
225.1994435,0.05952375000001098,30,77,Jeux dEau - Maurice Ravel,Acoustic Grand Piano _ 1,Piano 1,88140,30
225.25896725,0.059523749999982556,34,80,Jeux dEau - Maurice Ravel,Acoustic Grand Piano _ 1,Piano 1,88170,30
225.318491,0.05952375000001098,37,80,Jeux dEau - Maurice Ravel,Acoustic Grand Piano _ 1,Piano 1,88200,30
225.37801475,0.059523749999982556,36,80,Jeux dEau - Maurice Ravel,Acoustic Grand Piano _ 1,Piano 1,88230,30
225.4375385,0.05952375000001098,40,82,Jeux dEau - Maurice Ravel,Acoustic Grand Piano _ 1,Piano 1,88260,30
225.49706225,0.05952375000001098,43,82,Jeux dEau - Maurice Ravel,Acoustic Grand Piano _ 1,Piano 1,88290,30
225.556586,0.059523749999982556,48,82,Jeux dEau - Maurice Ravel,Acoustic Grand Piano _ 1,Piano 1,88320,30
225.61610975,0.05952375000001098,42,83,Jeux dEau - Maurice Ravel,Acoustic Grand Piano _ 1,Piano 1,88350,30
225.6756335,0.05952375000001098,46,83,Jeux dEau - Maurice Ravel,Acoustic Grand Piano _ 1,Piano 1,88380,30
225.73515725000001,0.059523749999982556,49,85,Jeux dEau - Maurice Ravel,Acoustic Grand Piano _ 1,Piano 1,88410,30
225.794681,0.05952375000001098,48,85,Jeux dEau - Maurice Ravel,Acoustic Grand Piano _ 1,Piano 1,88440,30
225.85420475,0.059523749999982556,52,86,Jeux dEau - Maurice Ravel,Acoustic Grand Piano _ 1,Piano 1,88470,30
225.9137285,0.05952375000001098,55,86,Jeux dEau - Maurice Ravel,Acoustic Grand Piano _ 1,Piano 1,88500,30
225.97325225,0.05952375000001098,60,88,Jeux dEau - Maurice Ravel,Acoustic Grand Piano _ 1,Piano 1,88530,30
226.032776,0.059523749999982556,54,88,Jeux dEau - Maurice Ravel,Acoustic Grand Piano _ 1,Piano 1,88560,30
226.09229975,0.05952375000001098,58,91,Jeux dEau - Maurice Ravel,Acoustic Grand Piano _ 1,Piano 1,88590,30
226.1518235,0.059523749999982556,61,91,Jeux dEau - Maurice Ravel,Acoustic Grand Piano _ 1,Piano 1,88620,30
226.21134725,0.05952375000001098,60,93,Jeux dEau - Maurice Ravel,Acoustic Grand Piano _ 1,Piano 1,88650,30
226.270871,0.05952375000001098,64,93,Jeux dEau - Maurice Ravel,Acoustic Grand Piano _ 1,Piano 1,88680,30
226.33039475,0.059523749999982556,67,96,Jeux dEau - Maurice Ravel,Acoustic Grand Piano _ 1,Piano 1,88710,30
226.3899185,0.05952375000001098,72,96,Jeux dEau - Maurice Ravel,Acoustic Grand Piano _ 1,Piano 1,88740,30
226.44944225,0.05952375000001098,66,99,Jeux dEau - Maurice Ravel,Acoustic Grand Piano _ 1,Piano 1,88770,30
226.50896600000002,0.059523749999982556,70,99,Jeux dEau - Maurice Ravel,Acoustic Grand Piano _ 1,Piano 1,88800,30
226.56848975,0.05952375000001098,73,101,Jeux dEau - Maurice Ravel,Acoustic Grand Piano _ 1,Piano 1,88830,30
226.6280135,0.059523749999982556,72,101,Jeux dEau - Maurice Ravel,Acoustic Grand Piano _ 1,Piano 1,88860,30
226.68753725,0.05952375000001098,76,102,Jeux dEau - Maurice Ravel,Acoustic Grand Piano _ 1,Piano 1,88890,30
226.747061,0.05952375000001098,79,102,Jeux dEau - Maurice Ravel,Acoustic Grand Piano _ 1,Piano 1,88920,30
226.80658475,0.059523749999982556,84,104,Jeux dEau - Maurice Ravel,Acoustic Grand Piano _ 1,Piano 1,88950,30
226.8661085,0.05952375000001098,66,104,Jeux dEau - Maurice Ravel,Acoustic Grand Piano _ 1,Piano 1,88980,30
226.92563225,0.059523749999982556,70,105,Jeux dEau - Maurice Ravel,Acoustic Grand Piano _ 1,Piano 1,89010,30
226.985156,0.05952375000001098,73,105,Jeux dEau - Maurice Ravel,Acoustic Grand Piano _ 1,Piano 1,89040,30
227.04467975,0.05952375000001098,84,106,Jeux dEau - Maurice Ravel,Acoustic Grand Piano _ 1,Piano 1,89070,30
227.1042035,0.059523749999982556,88,106,Jeux dEau - Maurice Ravel,Acoustic Grand Piano _ 1,Piano 1,89100,30
227.16372725,0.05952375000001098,91,107,Jeux dEau - Maurice Ravel,Acoustic Grand Piano _ 1,Piano 1,89130,30
227.223251,0.059523749999982556,96,107,Jeux dEau - Maurice Ravel,Acoustic Grand Piano _ 1,Piano 1,89160,30
227.28277475,0.08333337499999516,85,110,Jeux dEau - Maurice Ravel,Acoustic Grand Piano _ 1,Piano 1,89190,30
227.36610812499998,0.08333337499999516,96,110,Jeux dEau - Maurice Ravel,Acoustic Grand Piano _ 1,Piano 1,89220,30
227.44944149999998,0.08333337500002358,91,110,Jeux dEau - Maurice Ravel,Acoustic Grand Piano _ 1,Piano 1,89250,30
227.532774875,0.08333337499999516,88,110,Jeux dEau - Maurice Ravel,Acoustic Grand Piano _ 1,Piano 1,89280,30
227.61610825,0.08333337499999516,84,110,Jeux dEau - Maurice Ravel,Acoustic Grand Piano _ 1,Piano 1,89310,30
227.699441625,0.08333337499999516,85,107,Jeux dEau - Maurice Ravel,Acoustic Grand Piano _ 1,Piano 1,89340,30
227.782775,0.08333337499999516,84,107,Jeux dEau - Maurice Ravel,Acoustic Grand Piano _ 1,Piano 1,89370,30
227.86610837499998,0.08333337499999516,79,107,Jeux dEau - Maurice Ravel,Acoustic Grand Piano _ 1,Piano 1,89400,30
227.94944174999998,0.08333337500002358,76,107,Jeux dEau - Maurice Ravel,Acoustic Grand Piano _ 1,Piano 1,89430,30
228.032775125,0.08333337499999516,72,107,Jeux dEau - Maurice Ravel,Acoustic Grand Piano _ 1,Piano 1,89460,30
228.1161085,0.08333337499999516,73,105,Jeux dEau - Maurice Ravel,Acoustic Grand Piano _ 1,Piano 1,89490,30
228.199441875,0.08333337499999516,72,105,Jeux dEau - Maurice Ravel,Acoustic Grand Piano _ 1,Piano 1,89520,30
228.28277525,0.08333337499999516,76,105,Jeux dEau - Maurice Ravel,Acoustic Grand Piano _ 1,Piano 1,89550,30
228.36610862499998,0.08333337499999516,79,105,Jeux dEau - Maurice Ravel,Acoustic Grand Piano _ 1,Piano 1,89580,30
228.44944199999998,0.08333337500002358,84,105,Jeux dEau - Maurice Ravel,Acoustic Grand Piano _ 1,Piano 1,89610,30
228.532775375,0.08333337499999516,73,102,Jeux dEau - Maurice Ravel,Acoustic Grand Piano _ 1,Piano 1,89640,30
228.61610875,0.08333337499999516,84,102,Jeux dEau - Maurice Ravel,Acoustic Grand Piano _ 1,Piano 1,89670,30
228.699442125,0.08333337499999516,88,102,Jeux dEau - Maurice Ravel,Acoustic Grand Piano _ 1,Piano 1,89700,30
228.78277549999999,0.08333337499999516,91,102,Jeux dEau - Maurice Ravel,Acoustic Grand Piano _ 1,Piano 1,89730,30
228.86610887499998,0.08333337499999516,96,102,Jeux dEau - Maurice Ravel,Acoustic Grand Piano _ 1,Piano 1,89760,30
228.94944224999998,0.08333337500002358,85,100,Jeux dEau - Maurice Ravel,Acoustic Grand Piano _ 1,Piano 1,89790,30
229.032775625,0.08333337499999516,96,100,Jeux dEau - Maurice Ravel,Acoustic Grand Piano _ 1,Piano 1,89820,30
229.116109,0.08333337499999516,91,100,Jeux dEau - Maurice Ravel,Acoustic Grand Piano _ 1,Piano 1,89850,30
229.199442375,0.08333337499999516,88,100,Jeux dEau - Maurice Ravel,Acoustic Grand Piano _ 1,Piano 1,89880,30
229.28277574999998,0.08333337499999516,84,100,Jeux dEau - Maurice Ravel,Acoustic Grand Piano _ 1,Piano 1,89910,30
229.36610912499998,0.08333337499999516,85,97,Jeux dEau - Maurice Ravel,Acoustic Grand Piano _ 1,Piano 1,89940,30
229.44944249999998,0.08333337500002358,84,97,Jeux dEau - Maurice Ravel,Acoustic Grand Piano _ 1,Piano 1,89970,30
229.532775875,0.08333337499999516,79,97,Jeux dEau - Maurice Ravel,Acoustic Grand Piano _ 1,Piano 1,90000,30
229.61610925,0.08333337499999516,76,95,Jeux dEau - Maurice Ravel,Acoustic Grand Piano _ 1,Piano 1,90030,30
229.699442625,0.08333337499999516,72,95,Jeux dEau - Maurice Ravel,Acoustic Grand Piano _ 1,Piano 1,90060,30
229.78277599999998,0.08333337499999516,73,96,Jeux dEau - Maurice Ravel,Acoustic Grand Piano _ 1,Piano 1,90090,30
229.86610937499998,0.08333337499999516,72,96,Jeux dEau - Maurice Ravel,Acoustic Grand Piano _ 1,Piano 1,90120,30
229.94944274999997,0.08333337500002358,76,96,Jeux dEau - Maurice Ravel,Acoustic Grand Piano _ 1,Piano 1,90150,30
230.032776125,0.08333337499999516,79,96,Jeux dEau - Maurice Ravel,Acoustic Grand Piano _ 1,Piano 1,90180,30
230.1161095,0.08333337499999516,85,96,Jeux dEau - Maurice Ravel,Acoustic Grand Piano _ 1,Piano 1,90210,30
230.199442875,0.08333337499999516,85,96,Jeux dEau - Maurice Ravel,Acoustic Grand Piano _ 1,Piano 1,90240,30
230.28277624999998,0.08333337499999516,84,96,Jeux dEau - Maurice Ravel,Acoustic Grand Piano _ 1,Piano 1,90270,30
230.36610962499998,0.08333337499999516,79,96,Jeux dEau - Maurice Ravel,Acoustic Grand Piano _ 1,Piano 1,90300,30
230.44944299999997,0.08333337500002358,76,96,Jeux dEau - Maurice Ravel,Acoustic Grand Piano _ 1,Piano 1,90330,30
230.532776375,0.08333337499999516,72,96,Jeux dEau - Maurice Ravel,Acoustic Grand Piano _ 1,Piano 1,90360,30
230.61610975,0.08333337499999516,73,97,Jeux dEau - Maurice Ravel,Acoustic Grand Piano _ 1,Piano 1,90390,30
230.699443125,0.08333337499999516,72,97,Jeux dEau - Maurice Ravel,Acoustic Grand Piano _ 1,Piano 1,90420,30
230.78277649999998,0.08333337499999516,76,97,Jeux dEau - Maurice Ravel,Acoustic Grand Piano _ 1,Piano 1,90450,30
230.86610987499998,0.08333337500002358,79,97,Jeux dEau - Maurice Ravel,Acoustic Grand Piano _ 1,Piano 1,90480,30
230.94944325,0.08333337499999516,85,97,Jeux dEau - Maurice Ravel,Acoustic Grand Piano _ 1,Piano 1,90510,30
231.032776625,0.08333337499999516,85,97,Jeux dEau - Maurice Ravel,Acoustic Grand Piano _ 1,Piano 1,90540,30
231.11611,0.08333337499999516,84,97,Jeux dEau - Maurice Ravel,Acoustic Grand Piano _ 1,Piano 1,90570,30
231.199443375,0.08333337499999516,79,97,Jeux dEau - Maurice Ravel,Acoustic Grand Piano _ 1,Piano 1,90600,30
231.28277674999998,0.08333337499999516,76,97,Jeux dEau - Maurice Ravel,Acoustic Grand Piano _ 1,Piano 1,90630,30
231.36611012499998,0.08333337500002358,72,97,Jeux dEau - Maurice Ravel,Acoustic Grand Piano _ 1,Piano 1,90660,30
231.4494435,0.08333337499999516,73,99,Jeux dEau - Maurice Ravel,Acoustic Grand Piano _ 1,Piano 1,90690,30
231.532776875,0.08333337499999516,72,99,Jeux dEau - Maurice Ravel,Acoustic Grand Piano _ 1,Piano 1,90720,30
231.61611025,0.08333337499999516,76,99,Jeux dEau - Maurice Ravel,Acoustic Grand Piano _ 1,Piano 1,90750,30
231.699443625,0.08333337499999516,79,99,Jeux dEau - Maurice Ravel,Acoustic Grand Piano _ 1,Piano 1,90780,30
231.78277699999998,0.08333337499999516,85,99,Jeux dEau - Maurice Ravel,Acoustic Grand Piano _ 1,Piano 1,90810,30
231.86611037499998,0.08333337500002358,85,99,Jeux dEau - Maurice Ravel,Acoustic Grand Piano _ 1,Piano 1,90840,30
231.94944375,0.08333337499999516,84,99,Jeux dEau - Maurice Ravel,Acoustic Grand Piano _ 1,Piano 1,90870,30
232.032777125,0.08333337499999516,79,99,Jeux dEau - Maurice Ravel,Acoustic Grand Piano _ 1,Piano 1,90900,30
232.1161105,0.08333337499999516,76,99,Jeux dEau - Maurice Ravel,Acoustic Grand Piano _ 1,Piano 1,90930,30
232.199443875,0.08333337499999516,72,99,Jeux dEau - Maurice Ravel,Acoustic Grand Piano _ 1,Piano 1,90960,30
232.28277724999998,0.08333337499999516,73,100,Jeux dEau - Maurice Ravel,Acoustic Grand Piano _ 1,Piano 1,90990,30
232.36611062499998,0.08333337500002358,72,100,Jeux dEau - Maurice Ravel,Acoustic Grand Piano _ 1,Piano 1,91020,30
232.449444,0.08333337499999516,76,100,Jeux dEau - Maurice Ravel,Acoustic Grand Piano _ 1,Piano 1,91050,30
232.532777375,0.08333337499999516,79,100,Jeux dEau - Maurice Ravel,Acoustic Grand Piano _ 1,Piano 1,91080,30
232.61611075,0.08333337499999516,85,100,Jeux dEau - Maurice Ravel,Acoustic Grand Piano _ 1,Piano 1,91110,30
232.69944412499999,0.08333337499999516,85,100,Jeux dEau - Maurice Ravel,Acoustic Grand Piano _ 1,Piano 1,91140,30
232.78277749999998,0.08333337499999516,84,100,Jeux dEau - Maurice Ravel,Acoustic Grand Piano _ 1,Piano 1,91170,30
232.86611087499998,0.08333337500002358,79,100,Jeux dEau - Maurice Ravel,Acoustic Grand Piano _ 1,Piano 1,91200,30
232.94944425,0.08333337499999516,76,100,Jeux dEau - Maurice Ravel,Acoustic Grand Piano _ 1,Piano 1,91230,30
233.032777625,0.08333337499999516,72,100,Jeux dEau - Maurice Ravel,Acoustic Grand Piano _ 1,Piano 1,91260,30
233.116111,0.08333337499999516,73,101,Jeux dEau - Maurice Ravel,Acoustic Grand Piano _ 1,Piano 1,91290,30
233.19944437499998,0.08333337499999516,67,101,Jeux dEau - Maurice Ravel,Acoustic Grand Piano _ 1,Piano 1,91320,30
233.28277774999998,0.08333337499999516,72,101,Jeux dEau - Maurice Ravel,Acoustic Grand Piano _ 1,Piano 1,91350,30
233.36611112499997,0.08333337500002358,76,101,Jeux dEau - Maurice Ravel,Acoustic Grand Piano _ 1,Piano 1,91380,30
233.4494445,0.08333337499999516,79,101,Jeux dEau - Maurice Ravel,Acoustic Grand Piano _ 1,Piano 1,91410,30
233.532777875,0.08333337499999516,82,101,Jeux dEau - Maurice Ravel,Acoustic Grand Piano _ 1,Piano 1,91440,30
233.61611125,0.08333337499999516,79,101,Jeux dEau - Maurice Ravel,Acoustic Grand Piano _ 1,Piano 1,91470,30
233.69944462499998,0.08333337499999516,76,101,Jeux dEau - Maurice Ravel,Acoustic Grand Piano _ 1,Piano 1,91500,30
233.78277799999998,0.08333337499999516,72,101,Jeux dEau - Maurice Ravel,Acoustic Grand Piano _ 1,Piano 1,91530,30
233.86611137499997,0.08333337500002358,67,101,Jeux dEau - Maurice Ravel,Acoustic Grand Piano _ 1,Piano 1,91560,30
233.94944475,0.08333337499999516,73,100,Jeux dEau - Maurice Ravel,Acoustic Grand Piano _ 1,Piano 1,91590,30
234.032778125,0.08333337499999516,67,100,Jeux dEau - Maurice Ravel,Acoustic Grand Piano _ 1,Piano 1,91620,30
234.1161115,0.08333337499999516,72,100,Jeux dEau - Maurice Ravel,Acoustic Grand Piano _ 1,Piano 1,91650,30
234.19944487499998,0.08333337499999516,76,100,Jeux dEau - Maurice Ravel,Acoustic Grand Piano _ 1,Piano 1,91680,30
234.28277824999998,0.08333337499999516,79,100,Jeux dEau - Maurice Ravel,Acoustic Grand Piano _ 1,Piano 1,91710,30
234.36611162499997,0.08333337500002358,82,100,Jeux dEau - Maurice Ravel,Acoustic Grand Piano _ 1,Piano 1,91740,30
234.449445,0.08333337499999516,79,100,Jeux dEau - Maurice Ravel,Acoustic Grand Piano _ 1,Piano 1,91770,30
234.532778375,0.08333337499999516,76,100,Jeux dEau - Maurice Ravel,Acoustic Grand Piano _ 1,Piano 1,91800,30
234.61611175,0.08333337499999516,72,100,Jeux dEau - Maurice Ravel,Acoustic Grand Piano _ 1,Piano 1,91830,30
234.69944512499998,0.08333337499999516,67,100,Jeux dEau - Maurice Ravel,Acoustic Grand Piano _ 1,Piano 1,91860,30
234.78277849999998,0.08333337500002358,73,99,Jeux dEau - Maurice Ravel,Acoustic Grand Piano _ 1,Piano 1,91890,30
234.866111875,0.08333337499999516,67,99,Jeux dEau - Maurice Ravel,Acoustic Grand Piano _ 1,Piano 1,91920,30
234.94944525,0.08333337499999516,72,99,Jeux dEau - Maurice Ravel,Acoustic Grand Piano _ 1,Piano 1,91950,30
235.032778625,0.08333337499999516,76,99,Jeux dEau - Maurice Ravel,Acoustic Grand Piano _ 1,Piano 1,91980,30
235.116112,0.08333337499999516,79,99,Jeux dEau - Maurice Ravel,Acoustic Grand Piano _ 1,Piano 1,92010,30
235.19944537499998,0.08333337499999516,82,99,Jeux dEau - Maurice Ravel,Acoustic Grand Piano _ 1,Piano 1,92040,30
235.28277874999998,0.08333337500002358,79,99,Jeux dEau - Maurice Ravel,Acoustic Grand Piano _ 1,Piano 1,92070,30
235.366112125,0.08333337499999516,76,99,Jeux dEau - Maurice Ravel,Acoustic Grand Piano _ 1,Piano 1,92100,30
235.4494455,0.08333337499999516,72,99,Jeux dEau - Maurice Ravel,Acoustic Grand Piano _ 1,Piano 1,92130,30
235.532778875,0.08333337499999516,67,99,Jeux dEau - Maurice Ravel,Acoustic Grand Piano _ 1,Piano 1,92160,30
235.61611225,0.08333337499999516,73,97,Jeux dEau - Maurice Ravel,Acoustic Grand Piano _ 1,Piano 1,92190,30
235.69944562499998,0.08333337499999516,67,97,Jeux dEau - Maurice Ravel,Acoustic Grand Piano _ 1,Piano 1,92220,30
235.78277899999998,0.08333337500002358,72,97,Jeux dEau - Maurice Ravel,Acoustic Grand Piano _ 1,Piano 1,92250,30
235.866112375,0.08333337499999516,76,97,Jeux dEau - Maurice Ravel,Acoustic Grand Piano _ 1,Piano 1,92280,30
235.94944575,0.08333337499999516,79,97,Jeux dEau - Maurice Ravel,Acoustic Grand Piano _ 1,Piano 1,92310,30
236.032779125,0.08333337499999516,82,97,Jeux dEau - Maurice Ravel,Acoustic Grand Piano _ 1,Piano 1,92340,30
236.11611249999999,0.08333337499999516,79,97,Jeux dEau - Maurice Ravel,Acoustic Grand Piano _ 1,Piano 1,92370,30
236.19944587499998,0.08333337499999516,76,97,Jeux dEau - Maurice Ravel,Acoustic Grand Piano _ 1,Piano 1,92400,30
236.28277924999998,0.08333337500002358,72,97,Jeux dEau - Maurice Ravel,Acoustic Grand Piano _ 1,Piano 1,92430,30
236.366112625,0.08333337499999516,67,97,Jeux dEau - Maurice Ravel,Acoustic Grand Piano _ 1,Piano 1,92460,30
236.449446,0.08333337499999516,70,97,Jeux dEau - Maurice Ravel,Acoustic Grand Piano _ 1,Piano 1,92490,30
236.532779375,0.08333337499999516,67,97,Jeux dEau - Maurice Ravel,Acoustic Grand Piano _ 1,Piano 1,92520,30
236.61611274999998,0.08333337499999516,72,97,Jeux dEau - Maurice Ravel,Acoustic Grand Piano _ 1,Piano 1,92550,30
236.69944612499998,0.08333337499999516,76,97,Jeux dEau - Maurice Ravel,Acoustic Grand Piano _ 1,Piano 1,92580,30
236.78277949999998,0.08333337500002358,79,97,Jeux dEau - Maurice Ravel,Acoustic Grand Piano _ 1,Piano 1,92610,30
236.866112875,0.08333337499999516,78,97,Jeux dEau - Maurice Ravel,Acoustic Grand Piano _ 1,Piano 1,92640,30
236.94944625,0.08333337499999516,79,97,Jeux dEau - Maurice Ravel,Acoustic Grand Piano _ 1,Piano 1,92670,30
237.032779625,0.08333337499999516,76,96,Jeux dEau - Maurice Ravel,Acoustic Grand Piano _ 1,Piano 1,92700,30
237.11611299999998,0.08333337499999516,72,96,Jeux dEau - Maurice Ravel,Acoustic Grand Piano _ 1,Piano 1,92730,30
237.19944637499998,0.08333337499999516,67,96,Jeux dEau - Maurice Ravel,Acoustic Grand Piano _ 1,Piano 1,92760,30
237.28277974999997,0.08333337500002358,70,96,Jeux dEau - Maurice Ravel,Acoustic Grand Piano _ 1,Piano 1,92790,30
237.366113125,0.08333337499999516,67,96,Jeux dEau - Maurice Ravel,Acoustic Grand Piano _ 1,Piano 1,92820,30
237.4494465,0.08333337499999516,72,96,Jeux dEau - Maurice Ravel,Acoustic Grand Piano _ 1,Piano 1,92850,30
237.532779875,0.08333337499999516,76,96,Jeux dEau - Maurice Ravel,Acoustic Grand Piano _ 1,Piano 1,92880,30
237.61611324999998,0.08333337499999516,79,96,Jeux dEau - Maurice Ravel,Acoustic Grand Piano _ 1,Piano 1,92910,30
237.69944662499998,0.08333337500002358,78,96,Jeux dEau - Maurice Ravel,Acoustic Grand Piano _ 1,Piano 1,92940,30
237.78278,0.08333337499999516,79,95,Jeux dEau - Maurice Ravel,Acoustic Grand Piano _ 1,Piano 1,92970,30
237.866113375,0.08333337499999516,76,95,Jeux dEau - Maurice Ravel,Acoustic Grand Piano _ 1,Piano 1,93000,30
237.94944675,0.08333337499999516,72,95,Jeux dEau - Maurice Ravel,Acoustic Grand Piano _ 1,Piano 1,93030,30
238.032780125,0.08333337499999516,67,95,Jeux dEau - Maurice Ravel,Acoustic Grand Piano _ 1,Piano 1,93060,30
238.11611349999998,0.08333337499999516,70,95,Jeux dEau - Maurice Ravel,Acoustic Grand Piano _ 1,Piano 1,93090,30
238.19944687499998,0.08333337499999516,67,95,Jeux dEau - Maurice Ravel,Acoustic Grand Piano _ 1,Piano 1,93120,30
238.28278024999997,0.08333337500002358,72,95,Jeux dEau - Maurice Ravel,Acoustic Grand Piano _ 1,Piano 1,93150,30
238.366113625,0.08333337499999516,76,95,Jeux dEau - Maurice Ravel,Acoustic Grand Piano _ 1,Piano 1,93180,30
238.449447,0.08333337499999516,79,95,Jeux dEau - Maurice Ravel,Acoustic Grand Piano _ 1,Piano 1,93210,30
238.532780375,0.08333337499999516,78,93,Jeux dEau - Maurice Ravel,Acoustic Grand Piano _ 1,Piano 1,93240,30
238.61611374999998,0.08333337499999516,79,93,Jeux dEau - Maurice Ravel,Acoustic Grand Piano _ 1,Piano 1,93270,30
238.69944712499998,0.08333337500002358,76,93,Jeux dEau - Maurice Ravel,Acoustic Grand Piano _ 1,Piano 1,93300,30
238.7827805,0.08333337499999516,72,93,Jeux dEau - Maurice Ravel,Acoustic Grand Piano _ 1,Piano 1,93330,30
238.866113875,0.08333337499999516,67,93,Jeux dEau - Maurice Ravel,Acoustic Grand Piano _ 1,Piano 1,93360,30
238.94944725,0.08333337499999516,70,93,Jeux dEau - Maurice Ravel,Acoustic Grand Piano _ 1,Piano 1,93390,30
239.032780625,0.08333337499999516,67,93,Jeux dEau - Maurice Ravel,Acoustic Grand Piano _ 1,Piano 1,93420,30
239.11611399999998,0.08333337499999516,72,93,Jeux dEau - Maurice Ravel,Acoustic Grand Piano _ 1,Piano 1,93450,30
239.19944737499998,0.08333337500002358,76,92,Jeux dEau - Maurice Ravel,Acoustic Grand Piano _ 1,Piano 1,93480,30
239.28278075,0.08333337499999516,79,92,Jeux dEau - Maurice Ravel,Acoustic Grand Piano _ 1,Piano 1,93510,30
239.366114125,0.08333337499999516,78,92,Jeux dEau - Maurice Ravel,Acoustic Grand Piano _ 1,Piano 1,93540,30
239.4494475,0.08333337499999516,79,92,Jeux dEau - Maurice Ravel,Acoustic Grand Piano _ 1,Piano 1,93570,30
239.532780875,0.08333337499999516,76,92,Jeux dEau - Maurice Ravel,Acoustic Grand Piano _ 1,Piano 1,93600,30
239.61611424999998,0.08333337499999516,72,92,Jeux dEau - Maurice Ravel,Acoustic Grand Piano _ 1,Piano 1,93630,30
239.69944762499998,0.08333337500002358,67,92,Jeux dEau - Maurice Ravel,Acoustic Grand Piano _ 1,Piano 1,93660,30
239.782781,0.10416662500000484,70,91,Jeux dEau - Maurice Ravel,Acoustic Grand Piano _ 1,Piano 1,93690,30
239.886947625,0.10416662500000484,67,91,Jeux dEau - Maurice Ravel,Acoustic Grand Piano _ 1,Piano 1,93720,30
239.99111425,0.10416662499997642,72,91,Jeux dEau - Maurice Ravel,Acoustic Grand Piano _ 1,Piano 1,93750,30
240.095280875,0.10416662500000484,76,91,Jeux dEau - Maurice Ravel,Acoustic Grand Piano _ 1,Piano 1,93780,30
240.1994475,0.10416662500000484,78,91,Jeux dEau - Maurice Ravel,Acoustic Grand Piano _ 1,Piano 1,93810,30
240.303614125,0.10416662500000484,76,91,Jeux dEau - Maurice Ravel,Acoustic Grand Piano _ 1,Piano 1,93840,30
240.40778075,0.10416662500000484,72,91,Jeux dEau - Maurice Ravel,Acoustic Grand Piano _ 1,Piano 1,93870,30
240.511947375,0.10416662500000484,67,91,Jeux dEau - Maurice Ravel,Acoustic Grand Piano _ 1,Piano 1,93900,30
240.616114,0.1102941249999958,70,88,Jeux dEau - Maurice Ravel,Acoustic Grand Piano _ 1,Piano 1,93930,30
240.726408125,0.1102941249999958,67,88,Jeux dEau - Maurice Ravel,Acoustic Grand Piano _ 1,Piano 1,93960,30
240.83670225,0.1102941249999958,72,88,Jeux dEau - Maurice Ravel,Acoustic Grand Piano _ 1,Piano 1,93990,30
240.946996375,0.11029412500002422,76,88,Jeux dEau - Maurice Ravel,Acoustic Grand Piano _ 1,Piano 1,94020,30
241.05729050000002,0.1102941249999958,78,88,Jeux dEau - Maurice Ravel,Acoustic Grand Piano _ 1,Piano 1,94050,30
241.16758462500002,0.1102941249999958,76,88,Jeux dEau - Maurice Ravel,Acoustic Grand Piano _ 1,Piano 1,94080,30
241.27787875,0.11363637499999868,72,88,Jeux dEau - Maurice Ravel,Acoustic Grand Piano _ 1,Piano 1,94110,30
241.391515125,0.11363637499999868,67,88,Jeux dEau - Maurice Ravel,Acoustic Grand Piano _ 1,Piano 1,94140,30
241.5051515,0.11363637499999868,70,86,Jeux dEau - Maurice Ravel,Acoustic Grand Piano _ 1,Piano 1,94170,30
241.618787875,0.11363637499999868,67,86,Jeux dEau - Maurice Ravel,Acoustic Grand Piano _ 1,Piano 1,94200,30
241.73242425,0.11363637499999868,72,86,Jeux dEau - Maurice Ravel,Acoustic Grand Piano _ 1,Piano 1,94230,30
241.846060625,0.11363637499999868,76,86,Jeux dEau - Maurice Ravel,Acoustic Grand Piano _ 1,Piano 1,94260,30
241.959697,0.11538462499999014,78,86,Jeux dEau - Maurice Ravel,Acoustic Grand Piano _ 1,Piano 1,94290,30
242.075081625,0.11538462500001856,76,86,Jeux dEau - Maurice Ravel,Acoustic Grand Piano _ 1,Piano 1,94320,30
242.19046625000001,0.11538462499999014,72,86,Jeux dEau - Maurice Ravel,Acoustic Grand Piano _ 1,Piano 1,94350,30
242.305850875,0.11538462499999014,67,86,Jeux dEau - Maurice Ravel,Acoustic Grand Piano _ 1,Piano 1,94380,30
242.4212355,0.11538462500001856,70,83,Jeux dEau - Maurice Ravel,Acoustic Grand Piano _ 1,Piano 1,94410,30
242.536620125,0.11538462499999014,67,83,Jeux dEau - Maurice Ravel,Acoustic Grand Piano _ 1,Piano 1,94440,30
242.65200475,0.11904762500000743,72,83,Jeux dEau - Maurice Ravel,Acoustic Grand Piano _ 1,Piano 1,94470,30
242.771052375,0.11904762499997901,76,83,Jeux dEau - Maurice Ravel,Acoustic Grand Piano _ 1,Piano 1,94500,30
242.8901,0.11904762500000743,78,83,Jeux dEau - Maurice Ravel,Acoustic Grand Piano _ 1,Piano 1,94530,30
243.009147625,0.11904762500000743,76,83,Jeux dEau - Maurice Ravel,Acoustic Grand Piano _ 1,Piano 1,94560,30
243.12819525,0.11904762500000743,72,83,Jeux dEau - Maurice Ravel,Acoustic Grand Piano _ 1,Piano 1,94590,30
243.247242875,0.11904762499997901,67,83,Jeux dEau - Maurice Ravel,Acoustic Grand Piano _ 1,Piano 1,94620,30
243.3662905,0.2205882499999916,72,83,Jeux dEau - Maurice Ravel,Acoustic Grand Piano _ 1,Piano 1,94650,30
243.58687874999998,0.22058825000002003,74,83,Jeux dEau - Maurice Ravel,Acoustic Grand Piano _ 1,Piano 1,94680,30
243.807467,0.2205882499999916,74,83,Jeux dEau - Maurice Ravel,Acoustic Grand Piano _ 1,Piano 1,94710,30
244.02805525,0.2205882499999916,72,83,Jeux dEau - Maurice Ravel,Acoustic Grand Piano _ 1,Piano 1,94740,30
244.2486435,0.2205882499999916,70,83,Jeux dEau - Maurice Ravel,Acoustic Grand Piano _ 1,Piano 1,94770,30
244.46923174999998,0.22058825000002003,72,83,Jeux dEau - Maurice Ravel,Acoustic Grand Piano _ 1,Piano 1,94800,30
244.68982,0.2205882499999916,72,83,Jeux dEau - Maurice Ravel,Acoustic Grand Piano _ 1,Piano 1,94830,30
244.91040825,0.2205882499999916,70,83,Jeux dEau - Maurice Ravel,Acoustic Grand Piano _ 1,Piano 1,94860,30
245.13099649999998,0.22058825000002003,72,83,Jeux dEau - Maurice Ravel,Acoustic Grand Piano _ 1,Piano 1,94890,30
245.35158475,0.2205882499999916,74,83,Jeux dEau - Maurice Ravel,Acoustic Grand Piano _ 1,Piano 1,94920,30
245.572173,0.2205882499999916,74,83,Jeux dEau - Maurice Ravel,Acoustic Grand Piano _ 1,Piano 1,94950,30
245.79276124999998,0.22058825000002003,72,83,Jeux dEau - Maurice Ravel,Acoustic Grand Piano _ 1,Piano 1,94980,30
246.0133495,0.2205882499999916,70,83,Jeux dEau - Maurice Ravel,Acoustic Grand Piano _ 1,Piano 1,95010,30
246.23393775,0.2205882499999916,72,83,Jeux dEau - Maurice Ravel,Acoustic Grand Piano _ 1,Piano 1,95040,30
246.454526,0.2205882499999916,72,83,Jeux dEau - Maurice Ravel,Acoustic Grand Piano _ 1,Piano 1,95070,30
246.67511424999998,0.22058825000002003,70,83,Jeux dEau - Maurice Ravel,Acoustic Grand Piano _ 1,Piano 1,95100,30
246.8957025,0.2205882499999916,72,83,Jeux dEau - Maurice Ravel,Acoustic Grand Piano _ 1,Piano 1,95130,60
247.11629075,0.22058825000002003,74,83,Jeux dEau - Maurice Ravel,Acoustic Grand Piano _ 1,Piano 1,95190,60
247.336879,0.2205882499999916,74,83,Jeux dEau - Maurice Ravel,Acoustic Grand Piano _ 1,Piano 1,95250,60
247.55746725,0.2205882499999916,72,83,Jeux dEau - Maurice Ravel,Acoustic Grand Piano _ 1,Piano 1,95310,60
247.7780555,0.2307692500000087,70,83,Jeux dEau - Maurice Ravel,Acoustic Grand Piano _ 1,Piano 1,95370,60
248.00882475,0.23076924999998027,72,83,Jeux dEau - Maurice Ravel,Acoustic Grand Piano _ 1,Piano 1,95430,60
248.23959399999998,0.2307692500000087,72,83,Jeux dEau - Maurice Ravel,Acoustic Grand Piano _ 1,Piano 1,95490,60
248.47036325,0.2307692500000087,70,83,Jeux dEau - Maurice Ravel,Acoustic Grand Piano _ 1,Piano 1,95550,60
248.7011325,0.2631580000000042,68,83,Jeux dEau - Maurice Ravel,Acoustic Grand Piano _ 1,Piano 1,95610,60
248.9642905,0.2631580000000042,70,83,Jeux dEau - Maurice Ravel,Acoustic Grand Piano _ 1,Piano 1,95670,60
249.2274485,0.2631580000000042,70,83,Jeux dEau - Maurice Ravel,Acoustic Grand Piano _ 1,Piano 1,95730,60
249.4906065,0.2631579999999758,68,83,Jeux dEau - Maurice Ravel,Acoustic Grand Piano _ 1,Piano 1,95790,60
249.7537645,0.30000000000001137,66,83,Jeux dEau - Maurice Ravel,Acoustic Grand Piano _ 1,Piano 1,95850,60
250.0537645,0.29999999999998295,68,83,Jeux dEau - Maurice Ravel,Acoustic Grand Piano _ 1,Piano 1,95910,60
250.35376449999998,0.30000000000001137,68,83,Jeux dEau - Maurice Ravel,Acoustic Grand Piano _ 1,Piano 1,95970,60
250.6537645,0.15000000000000568,66,83,Jeux dEau - Maurice Ravel,Acoustic Grand Piano _ 1,Piano 1,96030,30
251.012097875,0.6521740000000023,73,83,Jeux dEau - Maurice Ravel,Acoustic Grand Piano _ 1,Piano 1,96090,60
251.664271875,0.6521740000000023,75,83,Jeux dEau - Maurice Ravel,Acoustic Grand Piano _ 1,Piano 1,96150,60
252.316445875,0.6521740000000023,71,83,Jeux dEau - Maurice Ravel,Acoustic Grand Piano _ 1,Piano 1,96210,60
252.968619875,0.3260870000000011,78,93,Jeux dEau - Maurice Ravel,Acoustic Grand Piano _ 1,Piano 1,96270,30
253.294706875,0.3260870000000011,74,83,Jeux dEau - Maurice Ravel,Acoustic Grand Piano _ 1,Piano 1,96300,30
253.620793875,0.6521740000000023,73,83,Jeux dEau - Maurice Ravel,Acoustic Grand Piano _ 1,Piano 1,96330,60
254.272967875,0.6521740000000023,75,83,Jeux dEau - Maurice Ravel,Acoustic Grand Piano _ 1,Piano 1,96390,60
254.925141875,0.6521739999999738,71,83,Jeux dEau - Maurice Ravel,Acoustic Grand Piano _ 1,Piano 1,96450,60
255.57731587499998,0.3260870000000011,78,83,Jeux dEau - Maurice Ravel,Acoustic Grand Piano _ 1,Piano 1,96510,30
255.90340287499998,0.32608700000002955,74,83,Jeux dEau - Maurice Ravel,Acoustic Grand Piano _ 1,Piano 1,96540,30
256.229489875,0.7142857499999877,73,83,Jeux dEau - Maurice Ravel,Acoustic Grand Piano _ 1,Piano 1,96570,60
256.943775625,0.7142857499999877,75,83,Jeux dEau - Maurice Ravel,Acoustic Grand Piano _ 1,Piano 1,96630,60
257.658061375,0.7142857500000446,71,83,Jeux dEau - Maurice Ravel,Acoustic Grand Piano _ 1,Piano 1,96690,60
258.37234712500003,0.7321428749999654,73,83,Jeux dEau - Maurice Ravel,Acoustic Grand Piano _ 1,Piano 1,96750,60
259.10449,0.75,69,83,Jeux dEau - Maurice Ravel,Acoustic Grand Piano _ 1,Piano 1,96810,60
259.85449,0.8333332500000097,71,83,Jeux dEau - Maurice Ravel,Acoustic Grand Piano _ 1,Piano 1,96870,60
260.68782325,1.875,68,83,Jeux dEau - Maurice Ravel,Acoustic Grand Piano _ 1,Piano 1,96930,120
264.43782375,0.10416675000004716,59,83,Jeux dEau - Maurice Ravel,Acoustic Grand Piano _ 1,Piano 1,97470,90
264.54199050000005,0.10416674999999032,64,83,Jeux dEau - Maurice Ravel,Acoustic Grand Piano _ 1,Piano 1,97560,90
264.64615725000004,0.10416674999999032,66,83,Jeux dEau - Maurice Ravel,Acoustic Grand Piano _ 1,Piano 1,97650,90
264.75032400000003,0.10416674999999032,69,83,Jeux dEau - Maurice Ravel,Acoustic Grand Piano _ 1,Piano 1,97740,90
264.85449075,0.10416674999999032,71,83,Jeux dEau - Maurice Ravel,Acoustic Grand Piano _ 1,Piano 1,97830,90
264.9586575,0.10416674999999032,71,83,Jeux dEau - Maurice Ravel,Acoustic Grand Piano _ 1,Piano 1,97920,90
265.06282425,0.10416675000004716,76,83,Jeux dEau - Maurice Ravel,Acoustic Grand Piano _ 1,Piano 1,98010,90
265.16699100000005,0.10416674999999032,78,83,Jeux dEau - Maurice Ravel,Acoustic Grand Piano _ 1,Piano 1,98100,90
265.27115775000004,0.10416674999999032,81,83,Jeux dEau - Maurice Ravel,Acoustic Grand Piano _ 1,Piano 1,98190,90
265.37532450000003,0.10416674999999032,83,83,Jeux dEau - Maurice Ravel,Acoustic Grand Piano _ 1,Piano 1,98280,90
265.47949125,0.10416674999999032,83,83,Jeux dEau - Maurice Ravel,Acoustic Grand Piano _ 1,Piano 1,98370,90
265.583658,0.10416674999999032,88,83,Jeux dEau - Maurice Ravel,Acoustic Grand Piano _ 1,Piano 1,98460,90
265.68782475,0.10416675000004716,90,83,Jeux dEau - Maurice Ravel,Acoustic Grand Piano _ 1,Piano 1,98550,90
265.79199150000005,0.10416674999999032,93,83,Jeux dEau - Maurice Ravel,Acoustic Grand Piano _ 1,Piano 1,98640,90
265.89615825000004,0.0694444999999746,95,88,Jeux dEau - Maurice Ravel,Acoustic Grand Piano _ 1,Piano 1,98730,30
265.96560275,0.06944450000003144,90,88,Jeux dEau - Maurice Ravel,Acoustic Grand Piano _ 1,Piano 1,98760,30
266.03504725000005,0.0694444999999746,83,88,Jeux dEau - Maurice Ravel,Acoustic Grand Piano _ 1,Piano 1,98790,30
266.10449175,0.06944450000003144,83,88,Jeux dEau - Maurice Ravel,Acoustic Grand Piano _ 1,Piano 1,98820,30
266.17393625000005,0.0694444999999746,78,88,Jeux dEau - Maurice Ravel,Acoustic Grand Piano _ 1,Piano 1,98850,30
266.24338075000003,0.06944450000003144,71,88,Jeux dEau - Maurice Ravel,Acoustic Grand Piano _ 1,Piano 1,98880,30
266.31282525000006,0.0694444999999746,71,88,Jeux dEau - Maurice Ravel,Acoustic Grand Piano _ 1,Piano 1,98910,30
266.38226975000003,0.06944450000003144,78,88,Jeux dEau - Maurice Ravel,Acoustic Grand Piano _ 1,Piano 1,98940,30
266.45171425000007,0.0694444999999746,83,88,Jeux dEau - Maurice Ravel,Acoustic Grand Piano _ 1,Piano 1,98970,30
266.52115875000004,0.0694444999999746,83,88,Jeux dEau - Maurice Ravel,Acoustic Grand Piano _ 1,Piano 1,99000,30
266.59060325,0.06944450000003144,90,88,Jeux dEau - Maurice Ravel,Acoustic Grand Piano _ 1,Piano 1,99030,30
266.66004775000005,0.0694444999999746,95,88,Jeux dEau - Maurice Ravel,Acoustic Grand Piano _ 1,Piano 1,99060,30
266.72949225,0.06944450000003144,95,88,Jeux dEau - Maurice Ravel,Acoustic Grand Piano _ 1,Piano 1,99090,30
266.79893675000005,0.0694444999999746,90,88,Jeux dEau - Maurice Ravel,Acoustic Grand Piano _ 1,Piano 1,99120,30
266.86838125,0.06944450000003144,83,88,Jeux dEau - Maurice Ravel,Acoustic Grand Piano _ 1,Piano 1,99150,30
266.93782575000006,0.0694444999999746,83,88,Jeux dEau - Maurice Ravel,Acoustic Grand Piano _ 1,Piano 1,99180,30
267.00727025000003,0.06944450000003144,78,88,Jeux dEau - Maurice Ravel,Acoustic Grand Piano _ 1,Piano 1,99210,30
267.07671475000006,0.0694444999999746,71,88,Jeux dEau - Maurice Ravel,Acoustic Grand Piano _ 1,Piano 1,99240,30
267.14615925000004,0.0694444999999746,71,88,Jeux dEau - Maurice Ravel,Acoustic Grand Piano _ 1,Piano 1,99270,30
267.21560375,0.06944450000003144,78,88,Jeux dEau - Maurice Ravel,Acoustic Grand Piano _ 1,Piano 1,99300,30
267.28504825000005,0.0694444999999746,83,88,Jeux dEau - Maurice Ravel,Acoustic Grand Piano _ 1,Piano 1,99330,30
267.35449275,0.06944450000003144,83,88,Jeux dEau - Maurice Ravel,Acoustic Grand Piano _ 1,Piano 1,99360,30
267.42393725000005,0.0694444999999746,90,88,Jeux dEau - Maurice Ravel,Acoustic Grand Piano _ 1,Piano 1,99390,30
267.49338175,0.06944450000003144,95,88,Jeux dEau - Maurice Ravel,Acoustic Grand Piano _ 1,Piano 1,99420,30
267.56282625000006,0.0694444999999746,95,88,Jeux dEau - Maurice Ravel,Acoustic Grand Piano _ 1,Piano 1,99450,30
267.63227075000003,0.06944450000003144,90,88,Jeux dEau - Maurice Ravel,Acoustic Grand Piano _ 1,Piano 1,99480,30
267.70171525000006,0.0694444999999746,83,88,Jeux dEau - Maurice Ravel,Acoustic Grand Piano _ 1,Piano 1,99510,30
267.77115975000004,0.06944450000003144,83,88,Jeux dEau - Maurice Ravel,Acoustic Grand Piano _ 1,Piano 1,99540,30
267.84060425000007,0.0694444999999746,78,88,Jeux dEau - Maurice Ravel,Acoustic Grand Piano _ 1,Piano 1,99570,30
267.91004875000004,0.0694444999999746,71,88,Jeux dEau - Maurice Ravel,Acoustic Grand Piano _ 1,Piano 1,99600,30
267.97949325,0.06944450000003144,71,88,Jeux dEau - Maurice Ravel,Acoustic Grand Piano _ 1,Piano 1,99630,30
268.04893775000005,0.0694444999999746,78,88,Jeux dEau - Maurice Ravel,Acoustic Grand Piano _ 1,Piano 1,99660,30
268.11838225,0.06944450000003144,83,88,Jeux dEau - Maurice Ravel,Acoustic Grand Piano _ 1,Piano 1,99690,30
268.18782675000006,0.0694444999999746,83,88,Jeux dEau - Maurice Ravel,Acoustic Grand Piano _ 1,Piano 1,99720,30
268.25727125000003,0.06944450000003144,90,88,Jeux dEau - Maurice Ravel,Acoustic Grand Piano _ 1,Piano 1,99750,30
268.32671575000006,0.0694444999999746,95,88,Jeux dEau - Maurice Ravel,Acoustic Grand Piano _ 1,Piano 1,99780,30
268.39616025000004,0.06944450000003144,95,88,Jeux dEau - Maurice Ravel,Acoustic Grand Piano _ 1,Piano 1,99810,30
268.46560475000007,0.0694444999999746,90,88,Jeux dEau - Maurice Ravel,Acoustic Grand Piano _ 1,Piano 1,99840,30
268.53504925000004,0.0694444999999746,83,88,Jeux dEau - Maurice Ravel,Acoustic Grand Piano _ 1,Piano 1,99870,30
268.60449375,0.06944450000003144,83,88,Jeux dEau - Maurice Ravel,Acoustic Grand Piano _ 1,Piano 1,99900,30
268.67393825000005,0.0694444999999746,78,88,Jeux dEau - Maurice Ravel,Acoustic Grand Piano _ 1,Piano 1,99930,30
268.74338275,0.06944450000003144,71,88,Jeux dEau - Maurice Ravel,Acoustic Grand Piano _ 1,Piano 1,99960,30
268.81282725000005,0.0694444999999746,71,88,Jeux dEau - Maurice Ravel,Acoustic Grand Piano _ 1,Piano 1,99990,30
268.88227175000003,0.06944450000003144,78,88,Jeux dEau - Maurice Ravel,Acoustic Grand Piano _ 1,Piano 1,100020,30
268.95171625000006,0.0694444999999746,83,88,Jeux dEau - Maurice Ravel,Acoustic Grand Piano _ 1,Piano 1,100050,30
269.02116075000004,0.06944450000003144,83,88,Jeux dEau - Maurice Ravel,Acoustic Grand Piano _ 1,Piano 1,100080,30
269.09060525000007,0.0694444999999746,90,88,Jeux dEau - Maurice Ravel,Acoustic Grand Piano _ 1,Piano 1,100110,30
269.16004975000004,0.0694444999999746,95,88,Jeux dEau - Maurice Ravel,Acoustic Grand Piano _ 1,Piano 1,100140,30
269.22949425,0.06944450000003144,95,88,Jeux dEau - Maurice Ravel,Acoustic Grand Piano _ 1,Piano 1,100170,30
269.29893875000005,0.0694444999999746,90,88,Jeux dEau - Maurice Ravel,Acoustic Grand Piano _ 1,Piano 1,100200,30
269.36838325,0.06944450000003144,83,88,Jeux dEau - Maurice Ravel,Acoustic Grand Piano _ 1,Piano 1,100230,30
269.43782775000005,0.0694444999999746,83,88,Jeux dEau - Maurice Ravel,Acoustic Grand Piano _ 1,Piano 1,100260,30
269.50727225,0.06944450000003144,78,88,Jeux dEau - Maurice Ravel,Acoustic Grand Piano _ 1,Piano 1,100290,30
269.57671675000006,0.0694444999999746,71,88,Jeux dEau - Maurice Ravel,Acoustic Grand Piano _ 1,Piano 1,100320,30
269.64616125000003,0.06944450000003144,71,88,Jeux dEau - Maurice Ravel,Acoustic Grand Piano _ 1,Piano 1,100350,30
269.71560575000007,0.0694444999999746,78,88,Jeux dEau - Maurice Ravel,Acoustic Grand Piano _ 1,Piano 1,100380,30
269.78505025000004,0.0694444999999746,83,88,Jeux dEau - Maurice Ravel,Acoustic Grand Piano _ 1,Piano 1,100410,30
269.85449475,0.06944450000003144,83,88,Jeux dEau - Maurice Ravel,Acoustic Grand Piano _ 1,Piano 1,100440,30
269.92393925000005,0.0694444999999746,90,88,Jeux dEau - Maurice Ravel,Acoustic Grand Piano _ 1,Piano 1,100470,30
269.99338375,0.06944450000003144,95,88,Jeux dEau - Maurice Ravel,Acoustic Grand Piano _ 1,Piano 1,100500,30
270.06282825000005,0.0694444999999746,95,88,Jeux dEau - Maurice Ravel,Acoustic Grand Piano _ 1,Piano 1,100530,30
270.13227275,0.06944450000003144,90,88,Jeux dEau - Maurice Ravel,Acoustic Grand Piano _ 1,Piano 1,100560,30
270.20171725000006,0.0694444999999746,83,88,Jeux dEau - Maurice Ravel,Acoustic Grand Piano _ 1,Piano 1,100590,30
270.27116175000003,0.06944450000003144,83,88,Jeux dEau - Maurice Ravel,Acoustic Grand Piano _ 1,Piano 1,100620,30
270.34060625000006,0.0694444999999746,78,88,Jeux dEau - Maurice Ravel,Acoustic Grand Piano _ 1,Piano 1,100650,30
270.41005075000004,0.0694444999999746,71,88,Jeux dEau - Maurice Ravel,Acoustic Grand Piano _ 1,Piano 1,100680,30
270.47949525,0.06944450000003144,71,88,Jeux dEau - Maurice Ravel,Acoustic Grand Piano _ 1,Piano 1,100710,30
270.54893975000005,0.0694444999999746,78,88,Jeux dEau - Maurice Ravel,Acoustic Grand Piano _ 1,Piano 1,100740,30
270.61838425,0.06944450000003144,83,88,Jeux dEau - Maurice Ravel,Acoustic Grand Piano _ 1,Piano 1,100770,30
270.68782875000005,0.0694444999999746,83,88,Jeux dEau - Maurice Ravel,Acoustic Grand Piano _ 1,Piano 1,100800,30
270.75727325,0.06944450000003144,90,88,Jeux dEau - Maurice Ravel,Acoustic Grand Piano _ 1,Piano 1,100830,30
270.82671775000006,0.0694444999999746,95,88,Jeux dEau - Maurice Ravel,Acoustic Grand Piano _ 1,Piano 1,100860,30
270.89616225000003,0.06944450000003144,95,88,Jeux dEau - Maurice Ravel,Acoustic Grand Piano _ 1,Piano 1,100890,30
270.96560675000006,0.0694444999999746,90,88,Jeux dEau - Maurice Ravel,Acoustic Grand Piano _ 1,Piano 1,100920,30
271.03505125000004,0.06944450000003144,83,88,Jeux dEau - Maurice Ravel,Acoustic Grand Piano _ 1,Piano 1,100950,30
271.10449575000007,0.0694444999999746,83,88,Jeux dEau - Maurice Ravel,Acoustic Grand Piano _ 1,Piano 1,100980,30
271.17394025000004,0.0694444999999746,78,88,Jeux dEau - Maurice Ravel,Acoustic Grand Piano _ 1,Piano 1,101010,30
271.24338475,0.06944450000003144,71,88,Jeux dEau - Maurice Ravel,Acoustic Grand Piano _ 1,Piano 1,101040,30
271.31282925000005,0.0694444999999746,71,88,Jeux dEau - Maurice Ravel,Acoustic Grand Piano _ 1,Piano 1,101070,30
271.38227375,0.06944450000003144,78,88,Jeux dEau - Maurice Ravel,Acoustic Grand Piano _ 1,Piano 1,101100,30
271.45171825000006,0.0694444999999746,83,88,Jeux dEau - Maurice Ravel,Acoustic Grand Piano _ 1,Piano 1,101130,30
271.52116275000003,0.06944450000003144,83,88,Jeux dEau - Maurice Ravel,Acoustic Grand Piano _ 1,Piano 1,101160,30
271.59060725000006,0.0694444999999746,90,88,Jeux dEau - Maurice Ravel,Acoustic Grand Piano _ 1,Piano 1,101190,30
271.66005175000004,0.06944450000003144,95,88,Jeux dEau - Maurice Ravel,Acoustic Grand Piano _ 1,Piano 1,101220,30
271.72949625000007,0.0694444999999746,95,88,Jeux dEau - Maurice Ravel,Acoustic Grand Piano _ 1,Piano 1,101250,30
271.79894075000004,0.0694444999999746,90,88,Jeux dEau - Maurice Ravel,Acoustic Grand Piano _ 1,Piano 1,101280,30
271.86838525,0.06944450000003144,83,88,Jeux dEau - Maurice Ravel,Acoustic Grand Piano _ 1,Piano 1,101310,30
271.93782975000005,0.0694444999999746,83,88,Jeux dEau - Maurice Ravel,Acoustic Grand Piano _ 1,Piano 1,101340,30
272.00727425,0.06944450000003144,78,88,Jeux dEau - Maurice Ravel,Acoustic Grand Piano _ 1,Piano 1,101370,30
272.07671875000005,0.0694444999999746,71,88,Jeux dEau - Maurice Ravel,Acoustic Grand Piano _ 1,Piano 1,101400,30
272.14616325000003,0.06944450000003144,71,88,Jeux dEau - Maurice Ravel,Acoustic Grand Piano _ 1,Piano 1,101430,30
272.21560775000006,0.0694444999999746,78,88,Jeux dEau - Maurice Ravel,Acoustic Grand Piano _ 1,Piano 1,101460,30
272.28505225000004,0.06944450000003144,83,88,Jeux dEau - Maurice Ravel,Acoustic Grand Piano _ 1,Piano 1,101490,30
272.35449675000007,0.0694444999999746,83,88,Jeux dEau - Maurice Ravel,Acoustic Grand Piano _ 1,Piano 1,101520,30
272.42394125000004,0.0694444999999746,90,88,Jeux dEau - Maurice Ravel,Acoustic Grand Piano _ 1,Piano 1,101550,30
272.49338575,0.06944450000003144,95,88,Jeux dEau - Maurice Ravel,Acoustic Grand Piano _ 1,Piano 1,101580,30
272.56283025000005,0.05208337499999516,93,88,Jeux dEau - Maurice Ravel,Acoustic Grand Piano _ 1,Piano 1,101610,30
272.61491362500004,0.05208337499999516,90,88,Jeux dEau - Maurice Ravel,Acoustic Grand Piano _ 1,Piano 1,101640,30
272.66699700000004,0.05208337499999516,88,88,Jeux dEau - Maurice Ravel,Acoustic Grand Piano _ 1,Piano 1,101670,30
272.71908037500003,0.05208337499999516,85,88,Jeux dEau - Maurice Ravel,Acoustic Grand Piano _ 1,Piano 1,101700,30
272.77116375,0.05208337499999516,81,88,Jeux dEau - Maurice Ravel,Acoustic Grand Piano _ 1,Piano 1,101730,30
272.823247125,0.052083375000052,78,88,Jeux dEau - Maurice Ravel,Acoustic Grand Piano _ 1,Piano 1,101760,30
272.8753305000001,0.05208337499999516,76,88,Jeux dEau - Maurice Ravel,Acoustic Grand Piano _ 1,Piano 1,101790,30
272.92741387500007,0.05208337499999516,73,88,Jeux dEau - Maurice Ravel,Acoustic Grand Piano _ 1,Piano 1,101820,30
272.97949725000007,0.05208337499999516,69,88,Jeux dEau - Maurice Ravel,Acoustic Grand Piano _ 1,Piano 1,101850,30
273.03158062500006,0.05208337499999516,73,88,Jeux dEau - Maurice Ravel,Acoustic Grand Piano _ 1,Piano 1,101880,30
273.08366400000006,0.05208337499999516,76,88,Jeux dEau - Maurice Ravel,Acoustic Grand Piano _ 1,Piano 1,101910,30
273.13574737500005,0.05208337499999516,78,88,Jeux dEau - Maurice Ravel,Acoustic Grand Piano _ 1,Piano 1,101940,30
273.18783075000005,0.05208337499999516,81,88,Jeux dEau - Maurice Ravel,Acoustic Grand Piano _ 1,Piano 1,101970,30
273.23991412500004,0.05208337499999516,85,88,Jeux dEau - Maurice Ravel,Acoustic Grand Piano _ 1,Piano 1,102000,30
273.29199750000004,0.05208337499999516,88,88,Jeux dEau - Maurice Ravel,Acoustic Grand Piano _ 1,Piano 1,102030,30
273.34408087500003,0.05208337499999516,90,88,Jeux dEau - Maurice Ravel,Acoustic Grand Piano _ 1,Piano 1,102060,30
273.39616425,0.05208337499999516,93,88,Jeux dEau - Maurice Ravel,Acoustic Grand Piano _ 1,Piano 1,102090,30
273.448247625,0.052083375000052,90,88,Jeux dEau - Maurice Ravel,Acoustic Grand Piano _ 1,Piano 1,102120,30
273.5003310000001,0.05208337499999516,88,88,Jeux dEau - Maurice Ravel,Acoustic Grand Piano _ 1,Piano 1,102150,30
273.55241437500007,0.05208337499999516,85,88,Jeux dEau - Maurice Ravel,Acoustic Grand Piano _ 1,Piano 1,102180,30
273.60449775000006,0.05208337499999516,81,88,Jeux dEau - Maurice Ravel,Acoustic Grand Piano _ 1,Piano 1,102210,30
273.65658112500006,0.05208337499999516,78,88,Jeux dEau - Maurice Ravel,Acoustic Grand Piano _ 1,Piano 1,102240,30
273.70866450000005,0.05208337499999516,76,88,Jeux dEau - Maurice Ravel,Acoustic Grand Piano _ 1,Piano 1,102270,30
273.76074787500005,0.05208337499999516,73,88,Jeux dEau - Maurice Ravel,Acoustic Grand Piano _ 1,Piano 1,102300,30
273.81283125000004,0.05208337499999516,69,88,Jeux dEau - Maurice Ravel,Acoustic Grand Piano _ 1,Piano 1,102330,30
273.86491462500004,0.05208337499999516,73,88,Jeux dEau - Maurice Ravel,Acoustic Grand Piano _ 1,Piano 1,102360,30
273.91699800000004,0.05208337499999516,76,88,Jeux dEau - Maurice Ravel,Acoustic Grand Piano _ 1,Piano 1,102390,30
273.96908137500003,0.05208337499999516,78,88,Jeux dEau - Maurice Ravel,Acoustic Grand Piano _ 1,Piano 1,102420,30
274.02116475,0.05208337499999516,81,88,Jeux dEau - Maurice Ravel,Acoustic Grand Piano _ 1,Piano 1,102450,30
274.073248125,0.052083375000052,85,88,Jeux dEau - Maurice Ravel,Acoustic Grand Piano _ 1,Piano 1,102480,30
274.1253315000001,0.05208337499999516,88,88,Jeux dEau - Maurice Ravel,Acoustic Grand Piano _ 1,Piano 1,102510,30
274.17741487500007,0.05208337499999516,90,88,Jeux dEau - Maurice Ravel,Acoustic Grand Piano _ 1,Piano 1,102540,30
274.22949825000006,0.05208337499999516,93,88,Jeux dEau - Maurice Ravel,Acoustic Grand Piano _ 1,Piano 1,102570,30
274.28158162500006,0.05208337499999516,90,88,Jeux dEau - Maurice Ravel,Acoustic Grand Piano _ 1,Piano 1,102600,30
274.33366500000005,0.05208337499999516,88,88,Jeux dEau - Maurice Ravel,Acoustic Grand Piano _ 1,Piano 1,102630,30
274.38574837500005,0.05208337499999516,85,88,Jeux dEau - Maurice Ravel,Acoustic Grand Piano _ 1,Piano 1,102660,30
274.43783175000004,0.05208337499999516,81,88,Jeux dEau - Maurice Ravel,Acoustic Grand Piano _ 1,Piano 1,102690,30
274.48991512500004,0.05208337499999516,78,88,Jeux dEau - Maurice Ravel,Acoustic Grand Piano _ 1,Piano 1,102720,30
274.54199850000003,0.05208337499999516,76,88,Jeux dEau - Maurice Ravel,Acoustic Grand Piano _ 1,Piano 1,102750,30
274.59408187500003,0.05208337499999516,73,88,Jeux dEau - Maurice Ravel,Acoustic Grand Piano _ 1,Piano 1,102780,30
274.64616525,0.05208337499999516,69,88,Jeux dEau - Maurice Ravel,Acoustic Grand Piano _ 1,Piano 1,102810,30
274.698248625,0.052083375000052,73,88,Jeux dEau - Maurice Ravel,Acoustic Grand Piano _ 1,Piano 1,102840,30
274.75033200000007,0.05208337499999516,76,88,Jeux dEau - Maurice Ravel,Acoustic Grand Piano _ 1,Piano 1,102870,30
274.80241537500007,0.05208337499999516,78,88,Jeux dEau - Maurice Ravel,Acoustic Grand Piano _ 1,Piano 1,102900,30
274.85449875000006,0.05208337499999516,81,88,Jeux dEau - Maurice Ravel,Acoustic Grand Piano _ 1,Piano 1,102930,30
274.90658212500006,0.05208337499999516,85,88,Jeux dEau - Maurice Ravel,Acoustic Grand Piano _ 1,Piano 1,102960,30
274.95866550000005,0.05208337499999516,88,88,Jeux dEau - Maurice Ravel,Acoustic Grand Piano _ 1,Piano 1,102990,30
275.01074887500005,0.05208337499999516,90,88,Jeux dEau - Maurice Ravel,Acoustic Grand Piano _ 1,Piano 1,103020,30
275.06283225000004,0.05208337499999516,93,88,Jeux dEau - Maurice Ravel,Acoustic Grand Piano _ 1,Piano 1,103050,30
275.11491562500004,0.05208337499999516,90,88,Jeux dEau - Maurice Ravel,Acoustic Grand Piano _ 1,Piano 1,103080,30
275.16699900000003,0.05208337499999516,88,88,Jeux dEau - Maurice Ravel,Acoustic Grand Piano _ 1,Piano 1,103110,30
275.219082375,0.05208337499999516,85,88,Jeux dEau - Maurice Ravel,Acoustic Grand Piano _ 1,Piano 1,103140,30
275.27116575,0.052083375000052,81,88,Jeux dEau - Maurice Ravel,Acoustic Grand Piano _ 1,Piano 1,103170,30
275.3232491250001,0.05208337499999516,78,88,Jeux dEau - Maurice Ravel,Acoustic Grand Piano _ 1,Piano 1,103200,30
275.37533250000007,0.05208337499999516,76,88,Jeux dEau - Maurice Ravel,Acoustic Grand Piano _ 1,Piano 1,103230,30
275.42741587500007,0.05208337499999516,73,88,Jeux dEau - Maurice Ravel,Acoustic Grand Piano _ 1,Piano 1,103260,30
275.47949925000006,0.05208337499999516,69,88,Jeux dEau - Maurice Ravel,Acoustic Grand Piano _ 1,Piano 1,103290,30
275.53158262500006,0.05208337499999516,73,88,Jeux dEau - Maurice Ravel,Acoustic Grand Piano _ 1,Piano 1,103320,30
275.58366600000005,0.05208337499999516,76,88,Jeux dEau - Maurice Ravel,Acoustic Grand Piano _ 1,Piano 1,103350,30
275.63574937500005,0.05208337499999516,78,88,Jeux dEau - Maurice Ravel,Acoustic Grand Piano _ 1,Piano 1,103380,30
275.68783275000004,0.05208337499999516,81,88,Jeux dEau - Maurice Ravel,Acoustic Grand Piano _ 1,Piano 1,103410,30
275.73991612500004,0.05208337499999516,85,88,Jeux dEau - Maurice Ravel,Acoustic Grand Piano _ 1,Piano 1,103440,30
275.79199950000003,0.05208337499999516,88,88,Jeux dEau - Maurice Ravel,Acoustic Grand Piano _ 1,Piano 1,103470,30
275.844082875,0.05208337499999516,90,88,Jeux dEau - Maurice Ravel,Acoustic Grand Piano _ 1,Piano 1,103500,30
275.89616625,0.060000000000002274,93,88,Jeux dEau - Maurice Ravel,Acoustic Grand Piano _ 1,Piano 1,103530,60
275.95616625,0.060000000000002274,90,88,Jeux dEau - Maurice Ravel,Acoustic Grand Piano _ 1,Piano 1,103590,60
276.01616625,0.060000000000002274,88,88,Jeux dEau - Maurice Ravel,Acoustic Grand Piano _ 1,Piano 1,103650,60
276.07616625,0.060000000000002274,85,88,Jeux dEau - Maurice Ravel,Acoustic Grand Piano _ 1,Piano 1,103710,60
276.13616625000003,0.060000000000002274,81,88,Jeux dEau - Maurice Ravel,Acoustic Grand Piano _ 1,Piano 1,103770,60
276.19616625000003,0.060000000000002274,78,88,Jeux dEau - Maurice Ravel,Acoustic Grand Piano _ 1,Piano 1,103830,60
276.25616625000004,0.060000000000002274,76,88,Jeux dEau - Maurice Ravel,Acoustic Grand Piano _ 1,Piano 1,103890,60
276.31616625000004,0.060000000000002274,73,88,Jeux dEau - Maurice Ravel,Acoustic Grand Piano _ 1,Piano 1,103950,60
276.37616625000004,0.060000000000002274,69,88,Jeux dEau - Maurice Ravel,Acoustic Grand Piano _ 1,Piano 1,104010,60
276.43616625000004,0.060000000000002274,73,88,Jeux dEau - Maurice Ravel,Acoustic Grand Piano _ 1,Piano 1,104070,60
276.49616625000004,0.060000000000002274,76,88,Jeux dEau - Maurice Ravel,Acoustic Grand Piano _ 1,Piano 1,104130,60
276.55616625000005,0.060000000000002274,78,88,Jeux dEau - Maurice Ravel,Acoustic Grand Piano _ 1,Piano 1,104190,60
276.61616625000005,0.05999999999994543,81,88,Jeux dEau - Maurice Ravel,Acoustic Grand Piano _ 1,Piano 1,104250,60
276.67616625,0.060000000000002274,85,88,Jeux dEau - Maurice Ravel,Acoustic Grand Piano _ 1,Piano 1,104310,60
276.73616625,0.060000000000002274,88,88,Jeux dEau - Maurice Ravel,Acoustic Grand Piano _ 1,Piano 1,104370,60
276.79616625,0.060000000000002274,90,88,Jeux dEau - Maurice Ravel,Acoustic Grand Piano _ 1,Piano 1,104430,60
276.85616625,0.060000000000002274,88,88,Jeux dEau - Maurice Ravel,Acoustic Grand Piano _ 1,Piano 1,104490,60
276.91616625,0.060000000000002274,85,88,Jeux dEau - Maurice Ravel,Acoustic Grand Piano _ 1,Piano 1,104550,60
276.97616625,0.060000000000002274,81,88,Jeux dEau - Maurice Ravel,Acoustic Grand Piano _ 1,Piano 1,104610,60
277.03616625,0.060000000000002274,78,88,Jeux dEau - Maurice Ravel,Acoustic Grand Piano _ 1,Piano 1,104670,60
277.09616625,0.060000000000002274,76,88,Jeux dEau - Maurice Ravel,Acoustic Grand Piano _ 1,Piano 1,104730,60
277.15616625,0.060000000000002274,73,88,Jeux dEau - Maurice Ravel,Acoustic Grand Piano _ 1,Piano 1,104790,60
277.21616625,0.060000000000002274,69,88,Jeux dEau - Maurice Ravel,Acoustic Grand Piano _ 1,Piano 1,104850,60
277.27616625,0.060000000000002274,66,88,Jeux dEau - Maurice Ravel,Acoustic Grand Piano _ 1,Piano 1,104910,60
277.33616625,0.060000000000002274,69,88,Jeux dEau - Maurice Ravel,Acoustic Grand Piano _ 1,Piano 1,104970,60
277.39616625,0.060000000000002274,73,88,Jeux dEau - Maurice Ravel,Acoustic Grand Piano _ 1,Piano 1,105030,60
277.45616625,0.060000000000002274,76,88,Jeux dEau - Maurice Ravel,Acoustic Grand Piano _ 1,Piano 1,105090,60
277.51616625,0.060000000000002274,78,88,Jeux dEau - Maurice Ravel,Acoustic Grand Piano _ 1,Piano 1,105150,60
277.57616625,0.060000000000002274,81,88,Jeux dEau - Maurice Ravel,Acoustic Grand Piano _ 1,Piano 1,105210,60
277.63616625000003,0.060000000000002274,85,88,Jeux dEau - Maurice Ravel,Acoustic Grand Piano _ 1,Piano 1,105270,60
277.69616625000003,0.060000000000002274,88,88,Jeux dEau - Maurice Ravel,Acoustic Grand Piano _ 1,Piano 1,105330,60
277.75616625000004,0.060000000000002274,85,88,Jeux dEau - Maurice Ravel,Acoustic Grand Piano _ 1,Piano 1,105390,60
277.81616625000004,0.060000000000002274,81,88,Jeux dEau - Maurice Ravel,Acoustic Grand Piano _ 1,Piano 1,105450,60
277.87616625000004,0.060000000000002274,78,88,Jeux dEau - Maurice Ravel,Acoustic Grand Piano _ 1,Piano 1,105510,60
277.93616625000004,0.060000000000002274,76,88,Jeux dEau - Maurice Ravel,Acoustic Grand Piano _ 1,Piano 1,105570,60
277.99616625000004,0.060000000000002274,73,88,Jeux dEau - Maurice Ravel,Acoustic Grand Piano _ 1,Piano 1,105630,60
278.05616625000005,0.060000000000002274,69,88,Jeux dEau - Maurice Ravel,Acoustic Grand Piano _ 1,Piano 1,105690,60
278.11616625000005,0.05999999999994543,66,88,Jeux dEau - Maurice Ravel,Acoustic Grand Piano _ 1,Piano 1,105750,60
278.17616625,0.060000000000002274,64,88,Jeux dEau - Maurice Ravel,Acoustic Grand Piano _ 1,Piano 1,105810,60
278.23616625,0.060000000000002274,66,88,Jeux dEau - Maurice Ravel,Acoustic Grand Piano _ 1,Piano 1,105870,60
278.29616625,0.060000000000002274,69,88,Jeux dEau - Maurice Ravel,Acoustic Grand Piano _ 1,Piano 1,105930,60
278.35616625,0.060000000000002274,73,88,Jeux dEau - Maurice Ravel,Acoustic Grand Piano _ 1,Piano 1,105990,60
278.41616625,0.060000000000002274,76,88,Jeux dEau - Maurice Ravel,Acoustic Grand Piano _ 1,Piano 1,106050,60
278.47616625,0.060000000000002274,78,88,Jeux dEau - Maurice Ravel,Acoustic Grand Piano _ 1,Piano 1,106110,60
278.53616625,0.060000000000002274,81,88,Jeux dEau - Maurice Ravel,Acoustic Grand Piano _ 1,Piano 1,106170,60
278.59616625,0.05208337499999516,83,88,Jeux dEau - Maurice Ravel,Acoustic Grand Piano _ 1,Piano 1,106230,30
278.648249625,0.05208337499999516,81,88,Jeux dEau - Maurice Ravel,Acoustic Grand Piano _ 1,Piano 1,106260,30
278.700333,0.05208337499999516,78,88,Jeux dEau - Maurice Ravel,Acoustic Grand Piano _ 1,Piano 1,106290,30
278.752416375,0.05208337499999516,76,88,Jeux dEau - Maurice Ravel,Acoustic Grand Piano _ 1,Piano 1,106320,30
278.80449975,0.05208337499999516,73,88,Jeux dEau - Maurice Ravel,Acoustic Grand Piano _ 1,Piano 1,106350,30
278.856583125,0.052083375000052,69,88,Jeux dEau - Maurice Ravel,Acoustic Grand Piano _ 1,Piano 1,106380,30
278.90866650000004,0.05208337499999516,66,88,Jeux dEau - Maurice Ravel,Acoustic Grand Piano _ 1,Piano 1,106410,30
278.96074987500003,0.05208337499999516,64,88,Jeux dEau - Maurice Ravel,Acoustic Grand Piano _ 1,Piano 1,106440,30
279.01283325,0.05208337499999516,61,88,Jeux dEau - Maurice Ravel,Acoustic Grand Piano _ 1,Piano 1,106470,30
279.064916625,0.05208337499999516,64,88,Jeux dEau - Maurice Ravel,Acoustic Grand Piano _ 1,Piano 1,106500,30
279.117,0.05208337499999516,66,88,Jeux dEau - Maurice Ravel,Acoustic Grand Piano _ 1,Piano 1,106530,30
279.169083375,0.05208337499999516,69,88,Jeux dEau - Maurice Ravel,Acoustic Grand Piano _ 1,Piano 1,106560,30
279.22116675,0.05208337499999516,73,88,Jeux dEau - Maurice Ravel,Acoustic Grand Piano _ 1,Piano 1,106590,30
279.273250125,0.05208337499999516,76,88,Jeux dEau - Maurice Ravel,Acoustic Grand Piano _ 1,Piano 1,106620,30
279.3253335,0.05208337499999516,78,88,Jeux dEau - Maurice Ravel,Acoustic Grand Piano _ 1,Piano 1,106650,30
279.377416875,0.05208337499999516,81,88,Jeux dEau - Maurice Ravel,Acoustic Grand Piano _ 1,Piano 1,106680,30
279.42950025,0.05208337499999516,83,88,Jeux dEau - Maurice Ravel,Acoustic Grand Piano _ 1,Piano 1,106710,30
279.481583625,0.052083375000052,80,88,Jeux dEau - Maurice Ravel,Acoustic Grand Piano _ 1,Piano 1,106740,30
279.53366700000004,0.05208337499999516,76,88,Jeux dEau - Maurice Ravel,Acoustic Grand Piano _ 1,Piano 1,106770,30
279.58575037500003,0.05208337499999516,73,88,Jeux dEau - Maurice Ravel,Acoustic Grand Piano _ 1,Piano 1,106800,30
279.63783375,0.05208337499999516,71,88,Jeux dEau - Maurice Ravel,Acoustic Grand Piano _ 1,Piano 1,106830,30
279.689917125,0.05208337499999516,68,88,Jeux dEau - Maurice Ravel,Acoustic Grand Piano _ 1,Piano 1,106860,30
279.7420005,0.05208337499999516,64,88,Jeux dEau - Maurice Ravel,Acoustic Grand Piano _ 1,Piano 1,106890,30
279.794083875,0.05208337499999516,61,88,Jeux dEau - Maurice Ravel,Acoustic Grand Piano _ 1,Piano 1,106920,30
279.84616725,0.05208337499999516,59,88,Jeux dEau - Maurice Ravel,Acoustic Grand Piano _ 1,Piano 1,106950,30
279.898250625,0.05208337499999516,61,88,Jeux dEau - Maurice Ravel,Acoustic Grand Piano _ 1,Piano 1,106980,30
279.950334,0.05208337499999516,64,88,Jeux dEau - Maurice Ravel,Acoustic Grand Piano _ 1,Piano 1,107010,30
280.002417375,0.05208337499999516,68,88,Jeux dEau - Maurice Ravel,Acoustic Grand Piano _ 1,Piano 1,107040,30
280.05450075,0.05208337499999516,71,88,Jeux dEau - Maurice Ravel,Acoustic Grand Piano _ 1,Piano 1,107070,30
280.106584125,0.052083375000052,73,88,Jeux dEau - Maurice Ravel,Acoustic Grand Piano _ 1,Piano 1,107100,30
280.15866750000004,0.05208337499999516,76,88,Jeux dEau - Maurice Ravel,Acoustic Grand Piano _ 1,Piano 1,107130,30
280.21075087500003,0.05208337499999516,80,88,Jeux dEau - Maurice Ravel,Acoustic Grand Piano _ 1,Piano 1,107160,30
280.26283425,0.05208337499999516,83,88,Jeux dEau - Maurice Ravel,Acoustic Grand Piano _ 1,Piano 1,107190,30
280.314917625,0.05208337499999516,80,88,Jeux dEau - Maurice Ravel,Acoustic Grand Piano _ 1,Piano 1,107220,30
280.367001,0.05208337499999516,76,88,Jeux dEau - Maurice Ravel,Acoustic Grand Piano _ 1,Piano 1,107250,30
280.419084375,0.05208337499999516,73,88,Jeux dEau - Maurice Ravel,Acoustic Grand Piano _ 1,Piano 1,107280,30
280.47116775,0.05208337499999516,71,88,Jeux dEau - Maurice Ravel,Acoustic Grand Piano _ 1,Piano 1,107310,30
280.523251125,0.05208337499999516,68,88,Jeux dEau - Maurice Ravel,Acoustic Grand Piano _ 1,Piano 1,107340,30
280.5753345,0.05208337499999516,64,88,Jeux dEau - Maurice Ravel,Acoustic Grand Piano _ 1,Piano 1,107370,30
280.627417875,0.05208337499999516,61,88,Jeux dEau - Maurice Ravel,Acoustic Grand Piano _ 1,Piano 1,107400,30
280.67950125,0.05208337499999516,59,88,Jeux dEau - Maurice Ravel,Acoustic Grand Piano _ 1,Piano 1,107430,30
280.731584625,0.052083375000052,61,88,Jeux dEau - Maurice Ravel,Acoustic Grand Piano _ 1,Piano 1,107460,30
280.78366800000003,0.05208337499999516,64,88,Jeux dEau - Maurice Ravel,Acoustic Grand Piano _ 1,Piano 1,107490,30
280.83575137500003,0.05208337499999516,68,88,Jeux dEau - Maurice Ravel,Acoustic Grand Piano _ 1,Piano 1,107520,30
280.88783475,0.05208337499999516,71,88,Jeux dEau - Maurice Ravel,Acoustic Grand Piano _ 1,Piano 1,107550,30
280.939918125,0.05208337499999516,73,88,Jeux dEau - Maurice Ravel,Acoustic Grand Piano _ 1,Piano 1,107580,30
280.9920015,0.05208337499999516,76,88,Jeux dEau - Maurice Ravel,Acoustic Grand Piano _ 1,Piano 1,107610,30
281.044084875,0.05208337499999516,80,88,Jeux dEau - Maurice Ravel,Acoustic Grand Piano _ 1,Piano 1,107640,30
281.09616825,0.05208337499999516,83,88,Jeux dEau - Maurice Ravel,Acoustic Grand Piano _ 1,Piano 1,107670,30
281.148251625,0.05208337499999516,80,88,Jeux dEau - Maurice Ravel,Acoustic Grand Piano _ 1,Piano 1,107700,30
281.200335,0.05208337499999516,76,88,Jeux dEau - Maurice Ravel,Acoustic Grand Piano _ 1,Piano 1,107730,30
281.252418375,0.05208337499999516,73,88,Jeux dEau - Maurice Ravel,Acoustic Grand Piano _ 1,Piano 1,107760,30
281.30450175,0.052083375000052,71,88,Jeux dEau - Maurice Ravel,Acoustic Grand Piano _ 1,Piano 1,107790,30
281.35658512500004,0.05208337499999516,68,88,Jeux dEau - Maurice Ravel,Acoustic Grand Piano _ 1,Piano 1,107820,30
281.40866850000003,0.05208337499999516,64,88,Jeux dEau - Maurice Ravel,Acoustic Grand Piano _ 1,Piano 1,107850,30
281.460751875,0.05208337499999516,61,88,Jeux dEau - Maurice Ravel,Acoustic Grand Piano _ 1,Piano 1,107880,30
281.51283525,0.05208337499999516,59,88,Jeux dEau - Maurice Ravel,Acoustic Grand Piano _ 1,Piano 1,107910,30
281.564918625,0.05208337499999516,61,88,Jeux dEau - Maurice Ravel,Acoustic Grand Piano _ 1,Piano 1,107940,30
281.617002,0.05208337499999516,64,88,Jeux dEau - Maurice Ravel,Acoustic Grand Piano _ 1,Piano 1,107970,30
281.669085375,0.05208337499999516,68,88,Jeux dEau - Maurice Ravel,Acoustic Grand Piano _ 1,Piano 1,108000,30
281.72116875,0.05208337499999516,71,88,Jeux dEau - Maurice Ravel,Acoustic Grand Piano _ 1,Piano 1,108030,30
281.773252125,0.05208337499999516,73,88,Jeux dEau - Maurice Ravel,Acoustic Grand Piano _ 1,Piano 1,108060,30
281.8253355,0.05208337499999516,76,88,Jeux dEau - Maurice Ravel,Acoustic Grand Piano _ 1,Piano 1,108090,30
281.877418875,0.05208337499999516,80,88,Jeux dEau - Maurice Ravel,Acoustic Grand Piano _ 1,Piano 1,108120,30
281.92950225,0.052083375000052,83,88,Jeux dEau - Maurice Ravel,Acoustic Grand Piano _ 1,Piano 1,108150,30
281.98158562500004,0.05208337499999516,80,88,Jeux dEau - Maurice Ravel,Acoustic Grand Piano _ 1,Piano 1,108180,30
282.03366900000003,0.05208337499999516,76,88,Jeux dEau - Maurice Ravel,Acoustic Grand Piano _ 1,Piano 1,108210,30
282.085752375,0.05208337499999516,73,88,Jeux dEau - Maurice Ravel,Acoustic Grand Piano _ 1,Piano 1,108240,30
282.13783575,0.05208337499999516,71,88,Jeux dEau - Maurice Ravel,Acoustic Grand Piano _ 1,Piano 1,108270,30
282.189919125,0.05208337499999516,68,88,Jeux dEau - Maurice Ravel,Acoustic Grand Piano _ 1,Piano 1,108300,30
282.2420025,0.05208337499999516,64,88,Jeux dEau - Maurice Ravel,Acoustic Grand Piano _ 1,Piano 1,108330,30
282.294085875,0.05208337499999516,61,88,Jeux dEau - Maurice Ravel,Acoustic Grand Piano _ 1,Piano 1,108360,30
282.34616925,0.05208337499999516,59,88,Jeux dEau - Maurice Ravel,Acoustic Grand Piano _ 1,Piano 1,108390,30
282.398252625,0.05208337499999516,61,88,Jeux dEau - Maurice Ravel,Acoustic Grand Piano _ 1,Piano 1,108420,30
282.450336,0.05208337499999516,64,88,Jeux dEau - Maurice Ravel,Acoustic Grand Piano _ 1,Piano 1,108450,30
282.502419375,0.05208337499999516,68,88,Jeux dEau - Maurice Ravel,Acoustic Grand Piano _ 1,Piano 1,108480,30
282.55450275,0.052083375000052,71,88,Jeux dEau - Maurice Ravel,Acoustic Grand Piano _ 1,Piano 1,108510,30
282.60658612500004,0.05208337499999516,73,88,Jeux dEau - Maurice Ravel,Acoustic Grand Piano _ 1,Piano 1,108540,30
282.65866950000003,0.05208337499999516,76,88,Jeux dEau - Maurice Ravel,Acoustic Grand Piano _ 1,Piano 1,108570,30
282.710752875,0.05208337499999516,80,88,Jeux dEau - Maurice Ravel,Acoustic Grand Piano _ 1,Piano 1,108600,30
282.76283625,0.05208337499999516,83,88,Jeux dEau - Maurice Ravel,Acoustic Grand Piano _ 1,Piano 1,108630,30
282.814919625,0.05208337499999516,80,88,Jeux dEau - Maurice Ravel,Acoustic Grand Piano _ 1,Piano 1,108660,30
282.867003,0.05208337499999516,76,88,Jeux dEau - Maurice Ravel,Acoustic Grand Piano _ 1,Piano 1,108690,30
282.919086375,0.05208337499999516,73,88,Jeux dEau - Maurice Ravel,Acoustic Grand Piano _ 1,Piano 1,108720,30
282.97116975,0.05208337499999516,71,88,Jeux dEau - Maurice Ravel,Acoustic Grand Piano _ 1,Piano 1,108750,30
283.023253125,0.05208337499999516,68,88,Jeux dEau - Maurice Ravel,Acoustic Grand Piano _ 1,Piano 1,108780,30
283.0753365,0.05208337499999516,64,88,Jeux dEau - Maurice Ravel,Acoustic Grand Piano _ 1,Piano 1,108810,30
283.127419875,0.05208337499999516,61,88,Jeux dEau - Maurice Ravel,Acoustic Grand Piano _ 1,Piano 1,108840,30
283.17950325,0.052083375000052,59,88,Jeux dEau - Maurice Ravel,Acoustic Grand Piano _ 1,Piano 1,108870,30
283.23158662500003,0.05208337499999516,61,88,Jeux dEau - Maurice Ravel,Acoustic Grand Piano _ 1,Piano 1,108900,30
283.28367000000003,0.05208337499999516,64,88,Jeux dEau - Maurice Ravel,Acoustic Grand Piano _ 1,Piano 1,108930,30
283.335753375,0.05208337499999516,68,88,Jeux dEau - Maurice Ravel,Acoustic Grand Piano _ 1,Piano 1,108960,30
283.38783675,0.05208337499999516,71,88,Jeux dEau - Maurice Ravel,Acoustic Grand Piano _ 1,Piano 1,108990,30
283.439920125,0.05208337499999516,73,88,Jeux dEau - Maurice Ravel,Acoustic Grand Piano _ 1,Piano 1,109020,30
283.4920035,0.05208337499999516,76,88,Jeux dEau - Maurice Ravel,Acoustic Grand Piano _ 1,Piano 1,109050,30
283.544086875,0.05208337499999516,80,88,Jeux dEau - Maurice Ravel,Acoustic Grand Piano _ 1,Piano 1,109080,30
283.59617025,0.05208337499999516,83,88,Jeux dEau - Maurice Ravel,Acoustic Grand Piano _ 1,Piano 1,109110,30
283.648253625,0.05208337499999516,80,88,Jeux dEau - Maurice Ravel,Acoustic Grand Piano _ 1,Piano 1,109140,30
283.700337,0.05208337499999516,76,88,Jeux dEau - Maurice Ravel,Acoustic Grand Piano _ 1,Piano 1,109170,30
283.752420375,0.052083375000052,73,88,Jeux dEau - Maurice Ravel,Acoustic Grand Piano _ 1,Piano 1,109200,30
283.80450375000004,0.05208337499999516,71,88,Jeux dEau - Maurice Ravel,Acoustic Grand Piano _ 1,Piano 1,109230,30
283.85658712500003,0.05208337499999516,68,88,Jeux dEau - Maurice Ravel,Acoustic Grand Piano _ 1,Piano 1,109260,30
283.9086705,0.05208337499999516,64,88,Jeux dEau - Maurice Ravel,Acoustic Grand Piano _ 1,Piano 1,109290,30
283.960753875,0.05208337499999516,61,88,Jeux dEau - Maurice Ravel,Acoustic Grand Piano _ 1,Piano 1,109320,30
284.01283725,0.05208337499999516,59,88,Jeux dEau - Maurice Ravel,Acoustic Grand Piano _ 1,Piano 1,109350,30
284.064920625,0.05208337499999516,61,88,Jeux dEau - Maurice Ravel,Acoustic Grand Piano _ 1,Piano 1,109380,30
284.117004,0.05208337499999516,64,88,Jeux dEau - Maurice Ravel,Acoustic Grand Piano _ 1,Piano 1,109410,30
284.169087375,0.05208337499999516,68,88,Jeux dEau - Maurice Ravel,Acoustic Grand Piano _ 1,Piano 1,109440,30
284.22117075,0.05208337499999516,71,88,Jeux dEau - Maurice Ravel,Acoustic Grand Piano _ 1,Piano 1,109470,30
284.273254125,0.05208337499999516,73,88,Jeux dEau - Maurice Ravel,Acoustic Grand Piano _ 1,Piano 1,109500,30
284.3253375,0.05208337499999516,76,88,Jeux dEau - Maurice Ravel,Acoustic Grand Piano _ 1,Piano 1,109530,30
284.377420875,0.052083375000052,80,88,Jeux dEau - Maurice Ravel,Acoustic Grand Piano _ 1,Piano 1,109560,30
284.42950425000004,0.05208337499999516,83,88,Jeux dEau - Maurice Ravel,Acoustic Grand Piano _ 1,Piano 1,109590,30
284.48158762500003,0.05208337499999516,80,88,Jeux dEau - Maurice Ravel,Acoustic Grand Piano _ 1,Piano 1,109620,30
284.533671,0.05208337499999516,76,88,Jeux dEau - Maurice Ravel,Acoustic Grand Piano _ 1,Piano 1,109650,30
284.585754375,0.05208337499999516,73,88,Jeux dEau - Maurice Ravel,Acoustic Grand Piano _ 1,Piano 1,109680,30
284.63783775,0.05208337499999516,71,88,Jeux dEau - Maurice Ravel,Acoustic Grand Piano _ 1,Piano 1,109710,30
284.689921125,0.05208337499999516,68,88,Jeux dEau - Maurice Ravel,Acoustic Grand Piano _ 1,Piano 1,109740,30
284.7420045,0.05208337499999516,64,88,Jeux dEau - Maurice Ravel,Acoustic Grand Piano _ 1,Piano 1,109770,30
284.794087875,0.05208337499999516,61,88,Jeux dEau - Maurice Ravel,Acoustic Grand Piano _ 1,Piano 1,109800,30
284.84617125,0.05208337499999516,59,88,Jeux dEau - Maurice Ravel,Acoustic Grand Piano _ 1,Piano 1,109830,30
284.898254625,0.05208337499999516,61,88,Jeux dEau - Maurice Ravel,Acoustic Grand Piano _ 1,Piano 1,109860,30
284.950338,0.05208337499999516,64,88,Jeux dEau - Maurice Ravel,Acoustic Grand Piano _ 1,Piano 1,109890,30
285.002421375,0.052083375000052,68,88,Jeux dEau - Maurice Ravel,Acoustic Grand Piano _ 1,Piano 1,109920,30
285.05450475000004,0.05208337499999516,71,88,Jeux dEau - Maurice Ravel,Acoustic Grand Piano _ 1,Piano 1,109950,30
285.10658812500003,0.05208337499999516,73,88,Jeux dEau - Maurice Ravel,Acoustic Grand Piano _ 1,Piano 1,109980,30
285.1586715,0.05208337499999516,76,88,Jeux dEau - Maurice Ravel,Acoustic Grand Piano _ 1,Piano 1,110010,30
285.210754875,0.05208337499999516,80,88,Jeux dEau - Maurice Ravel,Acoustic Grand Piano _ 1,Piano 1,110040,30
285.26283825,0.05208337499999516,83,88,Jeux dEau - Maurice Ravel,Acoustic Grand Piano _ 1,Piano 1,110070,30
285.314921625,0.05208337499999516,80,88,Jeux dEau - Maurice Ravel,Acoustic Grand Piano _ 1,Piano 1,110100,30
285.367005,0.05208337499999516,76,88,Jeux dEau - Maurice Ravel,Acoustic Grand Piano _ 1,Piano 1,110130,30
285.419088375,0.05208337499999516,73,88,Jeux dEau - Maurice Ravel,Acoustic Grand Piano _ 1,Piano 1,110160,30
285.47117175,0.05208337499999516,71,88,Jeux dEau - Maurice Ravel,Acoustic Grand Piano _ 1,Piano 1,110190,30
285.523255125,0.05208337499999516,68,88,Jeux dEau - Maurice Ravel,Acoustic Grand Piano _ 1,Piano 1,110220,30
285.5753385,0.05208337499999516,64,88,Jeux dEau - Maurice Ravel,Acoustic Grand Piano _ 1,Piano 1,110250,30
285.627421875,0.052083375000052,61,88,Jeux dEau - Maurice Ravel,Acoustic Grand Piano _ 1,Piano 1,110280,30
285.67950525000003,0.05208337499999516,59,88,Jeux dEau - Maurice Ravel,Acoustic Grand Piano _ 1,Piano 1,110310,30
285.73158862500003,0.05208337499999516,61,88,Jeux dEau - Maurice Ravel,Acoustic Grand Piano _ 1,Piano 1,110340,30
285.783672,0.05208337499999516,64,88,Jeux dEau - Maurice Ravel,Acoustic Grand Piano _ 1,Piano 1,110370,30
285.835755375,0.05208337499999516,68,88,Jeux dEau - Maurice Ravel,Acoustic Grand Piano _ 1,Piano 1,110400,30
285.88783875,0.05208337499999516,71,88,Jeux dEau - Maurice Ravel,Acoustic Grand Piano _ 1,Piano 1,110430,30
285.939922125,0.05208337499999516,73,88,Jeux dEau - Maurice Ravel,Acoustic Grand Piano _ 1,Piano 1,110460,30
285.9920055,0.05208337499999516,76,88,Jeux dEau - Maurice Ravel,Acoustic Grand Piano _ 1,Piano 1,110490,30
286.044088875,0.05208337499999516,80,88,Jeux dEau - Maurice Ravel,Acoustic Grand Piano _ 1,Piano 1,110520,30
286.09617225,0.05208337499999516,83,85,Jeux dEau - Maurice Ravel,Acoustic Grand Piano _ 1,Piano 1,110550,30
286.148255625,0.05208337499999516,80,85,Jeux dEau - Maurice Ravel,Acoustic Grand Piano _ 1,Piano 1,110580,30
286.200339,0.052083375000052,76,85,Jeux dEau - Maurice Ravel,Acoustic Grand Piano _ 1,Piano 1,110610,30
286.25242237500004,0.05208337499999516,73,85,Jeux dEau - Maurice Ravel,Acoustic Grand Piano _ 1,Piano 1,110640,30
286.30450575000003,0.05208337499999516,71,85,Jeux dEau - Maurice Ravel,Acoustic Grand Piano _ 1,Piano 1,110670,30
286.356589125,0.05208337499999516,68,85,Jeux dEau - Maurice Ravel,Acoustic Grand Piano _ 1,Piano 1,110700,30
286.4086725,0.05208337499999516,64,85,Jeux dEau - Maurice Ravel,Acoustic Grand Piano _ 1,Piano 1,110730,30
286.460755875,0.05208337499999516,61,85,Jeux dEau - Maurice Ravel,Acoustic Grand Piano _ 1,Piano 1,110760,30
286.51283925,0.05208337499999516,47,85,Jeux dEau - Maurice Ravel,Acoustic Grand Piano _ 1,Piano 1,110790,30
286.564922625,0.05208337499999516,49,85,Jeux dEau - Maurice Ravel,Acoustic Grand Piano _ 1,Piano 1,110820,30
286.617006,0.05208337499999516,52,85,Jeux dEau - Maurice Ravel,Acoustic Grand Piano _ 1,Piano 1,110850,30
286.669089375,0.05208337499999516,56,85,Jeux dEau - Maurice Ravel,Acoustic Grand Piano _ 1,Piano 1,110880,30
286.72117275,0.05208337499999516,59,85,Jeux dEau - Maurice Ravel,Acoustic Grand Piano _ 1,Piano 1,110910,30
286.773256125,0.05208337499999516,61,85,Jeux dEau - Maurice Ravel,Acoustic Grand Piano _ 1,Piano 1,110940,30
286.8253395,0.052083375000052,64,85,Jeux dEau - Maurice Ravel,Acoustic Grand Piano _ 1,Piano 1,110970,30
286.87742287500004,0.05208337499999516,68,85,Jeux dEau - Maurice Ravel,Acoustic Grand Piano _ 1,Piano 1,111000,30
286.92950625000003,0.05208337499999516,59,85,Jeux dEau - Maurice Ravel,Acoustic Grand Piano _ 1,Piano 1,111030,30
286.981589625,0.05208337499999516,61,85,Jeux dEau - Maurice Ravel,Acoustic Grand Piano _ 1,Piano 1,111060,30
287.033673,0.05208337499999516,64,85,Jeux dEau - Maurice Ravel,Acoustic Grand Piano _ 1,Piano 1,111090,30
287.085756375,0.05208337499999516,68,85,Jeux dEau - Maurice Ravel,Acoustic Grand Piano _ 1,Piano 1,111120,30
287.13783975,0.05208337499999516,71,85,Jeux dEau - Maurice Ravel,Acoustic Grand Piano _ 1,Piano 1,111150,30
287.189923125,0.05208337499999516,73,85,Jeux dEau - Maurice Ravel,Acoustic Grand Piano _ 1,Piano 1,111180,30
287.2420065,0.05208337499999516,76,85,Jeux dEau - Maurice Ravel,Acoustic Grand Piano _ 1,Piano 1,111210,30
287.294089875,0.05208337499999516,80,85,Jeux dEau - Maurice Ravel,Acoustic Grand Piano _ 1,Piano 1,111240,30
287.34617325,0.05208337499999516,71,85,Jeux dEau - Maurice Ravel,Acoustic Grand Piano _ 1,Piano 1,111270,30
287.398256625,0.05208337499999516,73,85,Jeux dEau - Maurice Ravel,Acoustic Grand Piano _ 1,Piano 1,111300,30
287.45034,0.052083375000052,76,85,Jeux dEau - Maurice Ravel,Acoustic Grand Piano _ 1,Piano 1,111330,30
287.50242337500003,0.05208337499999516,80,85,Jeux dEau - Maurice Ravel,Acoustic Grand Piano _ 1,Piano 1,111360,30
287.55450675000003,0.05208337499999516,88,85,Jeux dEau - Maurice Ravel,Acoustic Grand Piano _ 1,Piano 1,111390,30
287.606590125,0.05208337499999516,92,85,Jeux dEau - Maurice Ravel,Acoustic Grand Piano _ 1,Piano 1,111420,30
287.6586735,0.05208337499999516,95,85,Jeux dEau - Maurice Ravel,Acoustic Grand Piano _ 1,Piano 1,111450,30
287.710756875,0.05208337499999516,97,85,Jeux dEau - Maurice Ravel,Acoustic Grand Piano _ 1,Piano 1,111480,30
287.76284025,1.5,99,85,Jeux dEau - Maurice Ravel,Acoustic Grand Piano _ 1,Piano 1,111510,60
0.0,0.4166665,71,82,all voices piano,Acoustic Grand Piano _ 8,Piano 8,0,120
0.4166665,0.4166665,76,82,all voices piano,Acoustic Grand Piano _ 8,Piano 8,120,120
0.833333,0.41666649999999994,83,82,all voices piano,Acoustic Grand Piano _ 8,Piano 8,240,120
1.2499995,0.41666650000000005,76,82,all voices piano,Acoustic Grand Piano _ 8,Piano 8,360,120
1.666666,0.41666650000000005,71,82,all voices piano,Acoustic Grand Piano _ 8,Piano 8,480,120
2.0833325,0.41666649999999983,76,82,all voices piano,Acoustic Grand Piano _ 8,Piano 8,600,120
2.499999,0.41666649999999983,83,82,all voices piano,Acoustic Grand Piano _ 8,Piano 8,720,120
2.9166654999999997,0.4166665000000003,76,82,all voices piano,Acoustic Grand Piano _ 8,Piano 8,840,120
3.333332,0.4166667500000001,71,82,all voices piano,Acoustic Grand Piano _ 8,Piano 8,960,60
3.74999875,0.41666674999999964,76,82,all voices piano,Acoustic Grand Piano _ 8,Piano 8,1020,60
4.1666655,0.4166667500000001,76,82,all voices piano,Acoustic Grand Piano _ 8,Piano 8,1080,60
4.58333225,0.4166667500000001,83,82,all voices piano,Acoustic Grand Piano _ 8,Piano 8,1140,60
4.999999,0.41666700000000034,76,82,all voices piano,Acoustic Grand Piano _ 8,Piano 8,1200,240
5.416666,0.41666699999999945,81,82,all voices piano,Acoustic Grand Piano _ 8,Piano 8,1440,240
5.833333,0.41666700000000034,88,82,all voices piano,Acoustic Grand Piano _ 8,Piano 8,1680,240
6.35416675,0.31250024999999937,72,82,all voices piano,Acoustic Grand Piano _ 8,Piano 8,1980,180
6.6666669999999995,0.41666700000000034,76,82,all voices piano,Acoustic Grand Piano _ 8,Piano 8,2160,240
7.083334,0.41666699999999945,81,82,all voices piano,Acoustic Grand Piano _ 8,Piano 8,2400,240
7.500000999999999,0.41666700000000034,88,82,all voices piano,Acoustic Grand Piano _ 8,Piano 8,2640,240
8.020834749999999,0.31250025000000115,72,82,all voices piano,Acoustic Grand Piano _ 8,Piano 8,2940,180
8.333335,0.41666649999999983,76,82,all voices piano,Acoustic Grand Piano _ 8,Piano 8,3120,120
8.7500015,0.41666649999999983,81,82,all voices piano,Acoustic Grand Piano _ 8,Piano 8,3240,120
9.166668,0.41666649999999983,72,82,all voices piano,Acoustic Grand Piano _ 8,Piano 8,3360,120
9.5833345,0.41666649999999983,69,82,all voices piano,Acoustic Grand Piano _ 8,Piano 8,3480,120
10.000001,0.41666649999999983,68,82,all voices piano,Acoustic Grand Piano _ 8,Piano 8,3600,120
10.416667499999999,0.4166665000000016,65,82,all voices piano,Acoustic Grand Piano _ 8,Piano 8,3720,120
10.833334,0.41666649999999805,62,82,all voices piano,Acoustic Grand Piano _ 8,Piano 8,3840,120
11.250000499999999,0.4166665000000016,59,82,all voices piano,Acoustic Grand Piano _ 8,Piano 8,3960,120
12.0833335,0.8333329999999997,68,88,all voices piano,Acoustic Grand Piano _ 8,Piano 8,4200,240
13.7499995,0.8333330000000014,68,88,all voices piano,Acoustic Grand Piano _ 8,Piano 8,4680,240
15.416666,0.8333340000000007,68,91,all voices piano,Acoustic Grand Piano _ 8,Piano 8,5280,480
16.25,0.8333340000000007,68,91,all voices piano,Acoustic Grand Piano _ 8,Piano 8,5760,480
17.083334,0.4166669999999968,66,88,all voices piano,Acoustic Grand Piano _ 8,Piano 8,6240,240
17.500000999999997,0.41666700000000034,64,86,all voices piano,Acoustic Grand Piano _ 8,Piano 8,6480,240
17.916667999999998,0.41666700000000034,63,77,all voices piano,Acoustic Grand Piano _ 8,Piano 8,6720,240
18.333334999999998,0.4166665000000016,56,82,all voices piano,Acoustic Grand Piano _ 8,Piano 8,6960,120
18.7500015,0.41666649999999805,71,82,all voices piano,Acoustic Grand Piano _ 8,Piano 8,7080,120
19.166667999999998,0.4166665000000016,75,82,all voices piano,Acoustic Grand Piano _ 8,Piano 8,7200,120
19.5833345,0.41666649999999805,64,82,all voices piano,Acoustic Grand Piano _ 8,Piano 8,7320,120
20.000000999999997,0.4166665000000016,68,82,all voices piano,Acoustic Grand Piano _ 8,Piano 8,7440,120
20.4166675,0.41666649999999805,71,82,all voices piano,Acoustic Grand Piano _ 8,Piano 8,7560,120
20.833333999999997,0.4166665000000016,75,82,all voices piano,Acoustic Grand Piano _ 8,Piano 8,7680,120
21.2500005,0.41666649999999805,64,82,all voices piano,Acoustic Grand Piano _ 8,Piano 8,7800,120
21.666666999999997,0.416666750000001,68,82,all voices piano,Acoustic Grand Piano _ 8,Piano 8,7920,60
22.083333749999998,0.4166667499999974,71,82,all voices piano,Acoustic Grand Piano _ 8,Piano 8,7980,60
22.500000499999995,0.416666750000001,75,82,all voices piano,Acoustic Grand Piano _ 8,Piano 8,8040,60
22.916667249999996,0.416666750000001,83,82,all voices piano,Acoustic Grand Piano _ 8,Piano 8,8100,60
23.333333999999997,0.4166665000000016,80,82,all voices piano,Acoustic Grand Piano _ 8,Piano 8,8160,120
23.7500005,0.41666649999999805,85,82,all voices piano,Acoustic Grand Piano _ 8,Piano 8,8280,120
24.166666999999997,0.4166665000000016,73,82,all voices piano,Acoustic Grand Piano _ 8,Piano 8,8400,120
24.5833335,0.41666649999999805,78,82,all voices piano,Acoustic Grand Piano _ 8,Piano 8,8520,120
24.999999999999996,0.4166665000000016,80,82,all voices piano,Acoustic Grand Piano _ 8,Piano 8,8640,120
25.416666499999998,0.41666649999999805,85,82,all voices piano,Acoustic Grand Piano _ 8,Piano 8,8760,120
25.833332999999996,0.4166665000000016,73,82,all voices piano,Acoustic Grand Piano _ 8,Piano 8,8880,120
26.249999499999998,0.41666649999999805,78,82,all voices piano,Acoustic Grand Piano _ 8,Piano 8,9000,120
26.666665999999996,0.416666750000001,80,82,all voices piano,Acoustic Grand Piano _ 8,Piano 8,9120,60
27.083332749999997,0.4166667499999974,85,82,all voices piano,Acoustic Grand Piano _ 8,Piano 8,9180,60
27.499999499999994,0.416666750000001,73,82,all voices piano,Acoustic Grand Piano _ 8,Piano 8,9240,60
27.916666249999995,0.416666750000001,78,82,all voices piano,Acoustic Grand Piano _ 8,Piano 8,9300,60
28.333332999999996,0.4166667499999974,63,82,all voices piano,Acoustic Grand Piano _ 8,Piano 8,9360,60
28.749999749999994,0.833333500000002,69,91,all voices piano,Acoustic Grand Piano _ 8,Piano 8,9420,120
29.583333249999995,0.416666750000001,75,82,all voices piano,Acoustic Grand Piano _ 8,Piano 8,9540,60
29.999999999999996,0.41666700000000034,56,82,all voices piano,Acoustic Grand Piano _ 8,Piano 8,9600,360
30.416666999999997,0.41666700000000034,68,82,all voices piano,Acoustic Grand Piano _ 8,Piano 8,9960,360
30.833333999999997,0.41666700000000034,68,82,all voices piano,Acoustic Grand Piano _ 8,Piano 8,10320,360
31.250000999999997,0.4166669999999968,80,82,all voices piano,Acoustic Grand Piano _ 8,Piano 8,10680,360
31.666667999999994,0.4166670000000039,74,82,all voices piano,Acoustic Grand Piano _ 8,Piano 8,11040,360
32.083335,0.4166669999999968,81,82,all voices piano,Acoustic Grand Piano _ 8,Piano 8,11400,360
32.500001999999995,0.4166670000000039,81,82,all voices piano,Acoustic Grand Piano _ 8,Piano 8,11760,360
32.916669,0.4166669999999968,86,82,all voices piano,Acoustic Grand Piano _ 8,Piano 8,12120,360
33.541669375,0.20833337499999516,73,82,all voices piano,Acoustic Grand Piano _ 8,Piano 8,12510,30
33.75000274999999,0.20833337500000226,85,82,all voices piano,Acoustic Grand Piano _ 8,Piano 8,12540,30
33.958336124999995,0.20833337500000226,73,82,all voices piano,Acoustic Grand Piano _ 8,Piano 8,12570,30
35.208335749999996,0.20833325000000258,80,87,all voices piano,Acoustic Grand Piano _ 8,Piano 8,12900,60
35.416669,0.20833324999999547,92,90,all voices piano,Acoustic Grand Piano _ 8,Piano 8,12960,60
35.625002249999994,0.20833325000000258,80,90,all voices piano,Acoustic Grand Piano _ 8,Piano 8,13020,60
36.875001749999996,0.20833325000000258,85,97,all voices piano,Acoustic Grand Piano _ 8,Piano 8,13380,60
37.083335,0.20833325000000258,97,100,all voices piano,Acoustic Grand Piano _ 8,Piano 8,13440,60
37.29166825,0.20833324999999547,85,100,all voices piano,Acoustic Grand Piano _ 8,Piano 8,13500,60
37.500001499999996,0.41666649999999805,92,111,all voices piano,Acoustic Grand Piano _ 8,Piano 8,13560,120
37.916667999999994,0.41666650000000516,90,100,all voices piano,Acoustic Grand Piano _ 8,Piano 8,13680,120
38.3333345,0.41666649999999805,85,99,all voices piano,Acoustic Grand Piano _ 8,Piano 8,13800,120
38.750001,0.41666649999999805,83,97,all voices piano,Acoustic Grand Piano _ 8,Piano 8,13920,120
39.166667499999996,0.41666649999999805,80,96,all voices piano,Acoustic Grand Piano _ 8,Piano 8,14040,120
39.583333999999994,0.41666650000000516,78,95,all voices piano,Acoustic Grand Piano _ 8,Piano 8,14160,120
40.0000005,0.41666649999999805,73,93,all voices piano,Acoustic Grand Piano _ 8,Piano 8,14280,120
40.416667,0.41666649999999805,71,92,all voices piano,Acoustic Grand Piano _ 8,Piano 8,14400,120
40.972222499999994,0.13888899999999893,68,99,all voices piano,Acoustic Grand Piano _ 8,Piano 8,14580,60
41.3888895,0.13888899999999893,68,99,all voices piano,Acoustic Grand Piano _ 8,Piano 8,14760,60
41.805556499999994,0.13888899999999893,68,99,all voices piano,Acoustic Grand Piano _ 8,Piano 8,14940,60
42.22222349999999,0.13888900000000604,68,99,all voices piano,Acoustic Grand Piano _ 8,Piano 8,15120,60
42.638890499999995,0.13888899999999893,68,99,all voices piano,Acoustic Grand Piano _ 8,Piano 8,15300,60
43.05555749999999,0.13888900000000604,68,99,all voices piano,Acoustic Grand Piano _ 8,Piano 8,15480,60
43.472224499999996,0.13888899999999893,68,99,all voices piano,Acoustic Grand Piano _ 8,Piano 8,15660,60
43.88889149999999,0.13888899999999893,68,99,all voices piano,Acoustic Grand Piano _ 8,Piano 8,15840,60
44.1666695,0.41666649999999805,61,97,all voices piano,Acoustic Grand Piano _ 8,Piano 8,15960,120
44.583335999999996,0.41666650000000516,64,96,all voices piano,Acoustic Grand Piano _ 8,Piano 8,16080,120
45.0000025,0.41666649999999805,64,95,all voices piano,Acoustic Grand Piano _ 8,Piano 8,16200,120
45.416669,0.41666649999999805,64,93,all voices piano,Acoustic Grand Piano _ 8,Piano 8,16320,120
45.8333355,0.41666649999999805,64,92,all voices piano,Acoustic Grand Piano _ 8,Piano 8,16440,120
46.250001999999995,0.41666650000000516,64,91,all voices piano,Acoustic Grand Piano _ 8,Piano 8,16560,120
46.6666685,0.41666649999999805,64,90,all voices piano,Acoustic Grand Piano _ 8,Piano 8,16680,120
47.083335,0.41666649999999805,64,88,all voices piano,Acoustic Grand Piano _ 8,Piano 8,16800,120
47.500001499999996,0.41666649999999805,49,88,all voices piano,Acoustic Grand Piano _ 8,Piano 8,16920,120
47.916667999999994,0.41666650000000516,56,91,all voices piano,Acoustic Grand Piano _ 8,Piano 8,17040,120
48.3333345,0.41666649999999805,61,93,all voices piano,Acoustic Grand Piano _ 8,Piano 8,17160,120
48.750001,0.41666649999999805,68,96,all voices piano,Acoustic Grand Piano _ 8,Piano 8,17280,120
49.166667499999996,0.41666649999999805,73,97,all voices piano,Acoustic Grand Piano _ 8,Piano 8,17400,120
49.583333999999994,0.41666650000000516,73,96,all voices piano,Acoustic Grand Piano _ 8,Piano 8,17520,120
50.0000005,0.41666649999999805,73,95,all voices piano,Acoustic Grand Piano _ 8,Piano 8,17640,120
50.416667,0.41666649999999805,73,93,all voices piano,Acoustic Grand Piano _ 8,Piano 8,17760,120
50.833333499999995,0.41666650000000516,73,92,all voices piano,Acoustic Grand Piano _ 8,Piano 8,17880,120
51.25,0.41666649999999805,73,91,all voices piano,Acoustic Grand Piano _ 8,Piano 8,18000,120
51.6666665,0.41666649999999805,73,90,all voices piano,Acoustic Grand Piano _ 8,Piano 8,18120,120
52.083332999999996,0.41666650000000516,73,88,all voices piano,Acoustic Grand Piano _ 8,Piano 8,18240,120
52.6388885,0.03472225000000151,69,88,all voices piano,Acoustic Grand Piano _ 8,Piano 8,18480,30
52.67361075,0.03472225000000151,76,88,all voices piano,Acoustic Grand Piano _ 8,Piano 8,18510,30
52.708333,0.13888899999999893,81,82,all voices piano,Acoustic Grand Piano _ 8,Piano 8,18540,60
52.847222,0.13888899999999893,76,82,all voices piano,Acoustic Grand Piano _ 8,Piano 8,18600,60
52.986111,0.13888899999999893,69,82,all voices piano,Acoustic Grand Piano _ 8,Piano 8,18660,60
53.125,0.13888900000000604,69,82,all voices piano,Acoustic Grand Piano _ 8,Piano 8,18720,60
53.263889000000006,0.13888899999999893,76,82,all voices piano,Acoustic Grand Piano _ 8,Piano 8,18780,60
53.402778000000005,0.13888899999999893,81,82,all voices piano,Acoustic Grand Piano _ 8,Piano 8,18840,60
53.541667000000004,0.13888899999999893,81,82,all voices piano,Acoustic Grand Piano _ 8,Piano 8,18900,60
53.680556,0.13888899999999893,76,82,all voices piano,Acoustic Grand Piano _ 8,Piano 8,18960,60
53.819445,0.13888899999999893,69,82,all voices piano,Acoustic Grand Piano _ 8,Piano 8,19020,60
53.958334,0.13888899999999893,69,82,all voices piano,Acoustic Grand Piano _ 8,Piano 8,19080,60
54.097223,0.13888900000000604,76,82,all voices piano,Acoustic Grand Piano _ 8,Piano 8,19140,60
54.236112000000006,0.13888899999999893,81,82,all voices piano,Acoustic Grand Piano _ 8,Piano 8,19200,60
54.375001000000005,0.13888899999999893,81,82,all voices piano,Acoustic Grand Piano _ 8,Piano 8,19260,60
54.51389,0.13888899999999893,76,82,all voices piano,Acoustic Grand Piano _ 8,Piano 8,19320,60
54.652779,0.13888899999999893,69,82,all voices piano,Acoustic Grand Piano _ 8,Piano 8,19380,60
54.791668,0.13888899999999893,69,82,all voices piano,Acoustic Grand Piano _ 8,Piano 8,19440,60
54.930557,0.13888899999999893,76,82,all voices piano,Acoustic Grand Piano _ 8,Piano 8,19500,60
55.069446,0.13888900000000604,81,82,all voices piano,Acoustic Grand Piano _ 8,Piano 8,19560,60
55.208335000000005,0.13888899999999893,81,81,all voices piano,Acoustic Grand Piano _ 8,Piano 8,19620,60
55.347224000000004,0.13888899999999893,76,81,all voices piano,Acoustic Grand Piano _ 8,Piano 8,19680,60
55.486113,0.13888899999999893,69,78,all voices piano,Acoustic Grand Piano _ 8,Piano 8,19740,60
55.625002,0.13888899999999893,69,78,all voices piano,Acoustic Grand Piano _ 8,Piano 8,19800,60
55.763891,0.13888899999999893,76,76,all voices piano,Acoustic Grand Piano _ 8,Piano 8,19860,60
55.90278,0.13888899999999893,81,76,all voices piano,Acoustic Grand Piano _ 8,Piano 8,19920,60
56.041669,0.13888900000000604,81,76,all voices piano,Acoustic Grand Piano _ 8,Piano 8,19980,60
56.180558000000005,0.13888899999999893,76,76,all voices piano,Acoustic Grand Piano _ 8,Piano 8,20040,60
56.319447000000004,0.13888899999999893,69,76,all voices piano,Acoustic Grand Piano _ 8,Piano 8,20100,60
56.458336,0.13888899999999893,69,76,all voices piano,Acoustic Grand Piano _ 8,Piano 8,20160,60
56.597225,0.13888899999999893,76,76,all voices piano,Acoustic Grand Piano _ 8,Piano 8,20220,60
56.736114,0.13888899999999893,81,76,all voices piano,Acoustic Grand Piano _ 8,Piano 8,20280,60
56.875003,0.13888899999999893,81,76,all voices piano,Acoustic Grand Piano _ 8,Piano 8,20340,60
57.013892,0.13888900000000604,76,76,all voices piano,Acoustic Grand Piano _ 8,Piano 8,20400,60
57.152781000000004,0.13888899999999893,69,76,all voices piano,Acoustic Grand Piano _ 8,Piano 8,20460,60
57.29167,0.13888899999999893,69,76,all voices piano,Acoustic Grand Piano _ 8,Piano 8,20520,60
57.430559,0.13888899999999893,76,76,all voices piano,Acoustic Grand Piano _ 8,Piano 8,20580,60
57.569448,0.13888899999999893,81,76,all voices piano,Acoustic Grand Piano _ 8,Piano 8,20640,60
57.708337,0.13888900000000604,81,76,all voices piano,Acoustic Grand Piano _ 8,Piano 8,20700,60
57.847226000000006,0.13888899999999893,76,76,all voices piano,Acoustic Grand Piano _ 8,Piano 8,20760,60
57.986115000000005,0.13888899999999893,69,76,all voices piano,Acoustic Grand Piano _ 8,Piano 8,20820,60
58.125004000000004,0.13888899999999893,69,76,all voices piano,Acoustic Grand Piano _ 8,Piano 8,20880,60
58.263893,0.13888899999999893,76,76,all voices piano,Acoustic Grand Piano _ 8,Piano 8,20940,60
58.402782,0.13888899999999893,81,76,all voices piano,Acoustic Grand Piano _ 8,Piano 8,21000,60
58.541671,0.13888899999999893,81,73,all voices piano,Acoustic Grand Piano _ 8,Piano 8,21060,60
58.68056,0.13888900000000604,76,73,all voices piano,Acoustic Grand Piano _ 8,Piano 8,21120,60
58.819449000000006,0.13888899999999893,69,71,all voices piano,Acoustic Grand Piano _ 8,Piano 8,21180,60
58.958338000000005,0.13888899999999893,69,71,all voices piano,Acoustic Grand Piano _ 8,Piano 8,21240,60
59.097227000000004,0.13888899999999893,76,68,all voices piano,Acoustic Grand Piano _ 8,Piano 8,21300,60
59.236116,0.13888899999999893,81,68,all voices piano,Acoustic Grand Piano _ 8,Piano 8,21360,60
59.375005,0.41666649999999805,78,81,all voices piano,Acoustic Grand Piano _ 8,Piano 8,21420,120
59.7916715,0.41666650000000516,80,83,all voices piano,Acoustic Grand Piano _ 8,Piano 8,21540,120
60.208338000000005,0.41666649999999805,78,86,all voices piano,Acoustic Grand Piano _ 8,Piano 8,21660,120
60.6250045,0.20833324999999547,83,88,all voices piano,Acoustic Grand Piano _ 8,Piano 8,21780,60
60.83333775,0.20833325000000258,80,91,all voices piano,Acoustic Grand Piano _ 8,Piano 8,21840,60
61.041671,0.41666649999999805,78,91,all voices piano,Acoustic Grand Piano _ 8,Piano 8,21900,120
61.4583375,0.41666650000000516,73,86,all voices piano,Acoustic Grand Piano _ 8,Piano 8,22020,120
61.875004000000004,0.41666649999999805,73,81,all voices piano,Acoustic Grand Piano _ 8,Piano 8,22140,120
62.2916705,0.41666649999999805,71,78,all voices piano,Acoustic Grand Piano _ 8,Piano 8,22260,120
62.708337,0.41666649999999805,69,78,all voices piano,Acoustic Grand Piano _ 8,Piano 8,22380,120
63.1250035,0.20833325000000258,73,78,all voices piano,Acoustic Grand Piano _ 8,Piano 8,22500,60
63.33333675,0.20833325000000258,69,78,all voices piano,Acoustic Grand Piano _ 8,Piano 8,22560,60
63.54167,0.8333330000000032,66,78,all voices piano,Acoustic Grand Piano _ 8,Piano 8,22620,240
64.375003,0.41666649999999095,69,78,all voices piano,Acoustic Grand Piano _ 8,Piano 8,22860,120
64.7916695,0.20833325000000968,73,78,all voices piano,Acoustic Grand Piano _ 8,Piano 8,22980,60
65.00000275000001,0.20833324999999547,69,78,all voices piano,Acoustic Grand Piano _ 8,Piano 8,23040,60
65.208336,0.20833324999999547,66,78,all voices piano,Acoustic Grand Piano _ 8,Piano 8,23100,60
65.41666925,0.20833325000000968,64,78,all voices piano,Acoustic Grand Piano _ 8,Piano 8,23160,60
65.62500250000001,0.41666649999999095,66,78,all voices piano,Acoustic Grand Piano _ 8,Piano 8,23220,120
66.041669,0.41666650000000516,69,78,all voices piano,Acoustic Grand Piano _ 8,Piano 8,23340,120
66.4583355,0.41666649999999095,73,81,all voices piano,Acoustic Grand Piano _ 8,Piano 8,23460,120
66.875002,0.41666650000000516,69,83,all voices piano,Acoustic Grand Piano _ 8,Piano 8,23580,120
67.2916685,0.41666650000000516,66,86,all voices piano,Acoustic Grand Piano _ 8,Piano 8,23700,120
67.708335,0.8333329999999961,64,88,all voices piano,Acoustic Grand Piano _ 8,Piano 8,23820,240
68.541668,0.8333329999999961,66,91,all voices piano,Acoustic Grand Piano _ 8,Piano 8,24060,240
69.375001,0.41666650000000516,67,82,all voices piano,Acoustic Grand Piano _ 8,Piano 8,24300,120
69.7916675,0.41666650000000516,70,82,all voices piano,Acoustic Grand Piano _ 8,Piano 8,24420,120
70.20833400000001,0.41666649999999095,71,82,all voices piano,Acoustic Grand Piano _ 8,Piano 8,24540,120
70.6250005,0.41666650000000516,74,82,all voices piano,Acoustic Grand Piano _ 8,Piano 8,24660,120
71.041667,0.20833324999999547,67,82,all voices piano,Acoustic Grand Piano _ 8,Piano 8,24780,60
71.25000025,0.20833324999999547,70,82,all voices piano,Acoustic Grand Piano _ 8,Piano 8,24840,60
71.4583335,0.20833325000000968,67,82,all voices piano,Acoustic Grand Piano _ 8,Piano 8,24900,60
71.66666675,0.20833324999999547,70,82,all voices piano,Acoustic Grand Piano _ 8,Piano 8,24960,60
71.875,0.41666650000000516,71,82,all voices piano,Acoustic Grand Piano _ 8,Piano 8,25020,120
72.2916665,0.41666649999999095,74,82,all voices piano,Acoustic Grand Piano _ 8,Piano 8,25140,120
72.708333,0.41666650000000516,79,82,all voices piano,Acoustic Grand Piano _ 8,Piano 8,25260,120
73.1249995,0.41666650000000516,82,85,all voices piano,Acoustic Grand Piano _ 8,Piano 8,25380,120
73.541666,0.41666649999999095,83,87,all voices piano,Acoustic Grand Piano _ 8,Piano 8,25500,120
73.9583325,0.41666650000000516,86,90,all voices piano,Acoustic Grand Piano _ 8,Piano 8,25620,120
74.374999,0.20833324999999547,91,92,all voices piano,Acoustic Grand Piano _ 8,Piano 8,25740,60
74.58333225,0.20833324999999547,94,92,all voices piano,Acoustic Grand Piano _ 8,Piano 8,25800,60
74.7916655,0.20833325000000968,91,95,all voices piano,Acoustic Grand Piano _ 8,Piano 8,25860,60
74.99999875,0.20833324999999547,94,95,all voices piano,Acoustic Grand Piano _ 8,Piano 8,25920,60
75.208332,0.41666650000000516,95,97,all voices piano,Acoustic Grand Piano _ 8,Piano 8,25980,120
75.6249985,0.41666649999999095,98,100,all voices piano,Acoustic Grand Piano _ 8,Piano 8,26100,120
76.041665,0.8333334999999948,79,101,all voices piano,Acoustic Grand Piano _ 8,Piano 8,26220,120
76.87499849999999,0.833333500000009,87,101,all voices piano,Acoustic Grand Piano _ 8,Piano 8,26340,120
77.708332,0.8333334999999948,79,101,all voices piano,Acoustic Grand Piano _ 8,Piano 8,26460,120
78.5416655,0.8333334999999948,87,101,all voices piano,Acoustic Grand Piano _ 8,Piano 8,26580,120
79.37499899999999,0.41666650000000516,82,101,all voices piano,Acoustic Grand Piano _ 8,Piano 8,26700,120
79.7916655,0.41666649999999095,94,101,all voices piano,Acoustic Grand Piano _ 8,Piano 8,26820,120
80.20833199999998,0.41666650000000516,82,101,all voices piano,Acoustic Grand Piano _ 8,Piano 8,26940,120
80.62499849999999,0.41666650000000516,70,101,all voices piano,Acoustic Grand Piano _ 8,Piano 8,27060,120
81.041665,0.41666649999999095,58,101,all voices piano,Acoustic Grand Piano _ 8,Piano 8,27180,120
81.45833149999999,0.41666650000000516,70,101,all voices piano,Acoustic Grand Piano _ 8,Piano 8,27300,120
81.87499799999999,0.41666649999999095,82,101,all voices piano,Acoustic Grand Piano _ 8,Piano 8,27420,120
82.29166449999998,0.41666650000000516,94,101,all voices piano,Acoustic Grand Piano _ 8,Piano 8,27540,120
82.70833099999999,0.41666650000000516,82,101,all voices piano,Acoustic Grand Piano _ 8,Piano 8,27660,120
83.12499749999999,0.41666649999999095,94,101,all voices piano,Acoustic Grand Piano _ 8,Piano 8,27780,120
83.54166399999998,0.41666650000000516,82,99,all voices piano,Acoustic Grand Piano _ 8,Piano 8,27900,120
83.95833049999999,0.41666650000000516,94,96,all voices piano,Acoustic Grand Piano _ 8,Piano 8,28020,120
84.374997,0.4411764999999974,82,93,all voices piano,Acoustic Grand Piano _ 8,Piano 8,28140,120
84.81617349999999,0.4411764999999974,94,93,all voices piano,Acoustic Grand Piano _ 8,Piano 8,28260,120
85.25734999999999,0.44117650000001163,82,93,all voices piano,Acoustic Grand Piano _ 8,Piano 8,28380,120
85.6985265,0.4411764999999974,94,93,all voices piano,Acoustic Grand Piano _ 8,Piano 8,28500,120
86.139703,0.20833337499999516,73,82,all voices piano,Acoustic Grand Piano _ 8,Piano 8,28620,30
86.34803637499999,0.20833337500000937,77,82,all voices piano,Acoustic Grand Piano _ 8,Piano 8,28650,30
86.55636975,0.20833337499999516,77,82,all voices piano,Acoustic Grand Piano _ 8,Piano 8,28680,30
86.764703125,0.20833337499999516,73,82,all voices piano,Acoustic Grand Piano _ 8,Piano 8,28710,30
86.97303649999999,0.20833337500000937,71,82,all voices piano,Acoustic Grand Piano _ 8,Piano 8,28740,30
87.181369875,0.20833337499999516,75,82,all voices piano,Acoustic Grand Piano _ 8,Piano 8,28770,30
87.38970325,0.20833337499999516,75,82,all voices piano,Acoustic Grand Piano _ 8,Piano 8,28800,30
87.59803662499999,0.20833337500000937,71,82,all voices piano,Acoustic Grand Piano _ 8,Piano 8,28830,30
87.80637,0.20833337499999516,73,82,all voices piano,Acoustic Grand Piano _ 8,Piano 8,28860,30
88.014703375,0.20833337499999516,77,82,all voices piano,Acoustic Grand Piano _ 8,Piano 8,28890,30
88.22303674999999,0.20833337500000937,77,82,all voices piano,Acoustic Grand Piano _ 8,Piano 8,28920,30
88.431370125,0.20833337499999516,73,82,all voices piano,Acoustic Grand Piano _ 8,Piano 8,28950,30
88.6397035,0.20833337499999516,71,82,all voices piano,Acoustic Grand Piano _ 8,Piano 8,28980,30
88.84803687499999,0.20833337500000937,75,82,all voices piano,Acoustic Grand Piano _ 8,Piano 8,29010,30
89.05637025,0.20833337499999516,75,82,all voices piano,Acoustic Grand Piano _ 8,Piano 8,29040,30
89.264703625,0.20833337499999516,71,82,all voices piano,Acoustic Grand Piano _ 8,Piano 8,29070,30
89.47303699999999,0.20833337500000937,73,82,all voices piano,Acoustic Grand Piano _ 8,Piano 8,29100,30
89.681370375,0.20833337499999516,77,82,all voices piano,Acoustic Grand Piano _ 8,Piano 8,29130,30
89.88970375,0.20833337499999516,77,82,all voices piano,Acoustic Grand Piano _ 8,Piano 8,29160,30
90.09803712499999,0.20833337500000937,73,82,all voices piano,Acoustic Grand Piano _ 8,Piano 8,29190,30
90.3063705,0.20833337499999516,71,82,all voices piano,Acoustic Grand Piano _ 8,Piano 8,29220,30
90.514703875,0.20833337499999516,75,82,all voices piano,Acoustic Grand Piano _ 8,Piano 8,29250,30
90.72303724999999,0.20833337500000937,75,82,all voices piano,Acoustic Grand Piano _ 8,Piano 8,29280,30
90.931370625,0.20833337499999516,71,82,all voices piano,Acoustic Grand Piano _ 8,Piano 8,29310,30
91.139704,0.20833337499999516,69,82,all voices piano,Acoustic Grand Piano _ 8,Piano 8,29340,30
91.34803737499999,0.20833337500000937,73,82,all voices piano,Acoustic Grand Piano _ 8,Piano 8,29370,30
91.55637075,0.20833337499999516,73,82,all voices piano,Acoustic Grand Piano _ 8,Piano 8,29400,30
91.764704125,0.20833337500000937,69,82,all voices piano,Acoustic Grand Piano _ 8,Piano 8,29430,30
91.9730375,0.20833337499999516,68,82,all voices piano,Acoustic Grand Piano _ 8,Piano 8,29460,30
92.181370875,0.20833337499999516,72,82,all voices piano,Acoustic Grand Piano _ 8,Piano 8,29490,30
92.38970425,0.20833337499999516,72,82,all voices piano,Acoustic Grand Piano _ 8,Piano 8,29520,30
92.59803762499999,0.20833337500000937,68,82,all voices piano,Acoustic Grand Piano _ 8,Piano 8,29550,30
92.806371,0.20833337499999516,78,82,all voices piano,Acoustic Grand Piano _ 8,Piano 8,29580,30
93.22303775,0.20833337499999516,72,82,all voices piano,Acoustic Grand Piano _ 8,Piano 8,29640,30
93.6397045,0.20833337500000937,76,82,all voices piano,Acoustic Grand Piano _ 8,Piano 8,29700,30
94.05637125,0.20833337499999516,76,82,all voices piano,Acoustic Grand Piano _ 8,Piano 8,29760,30
94.473038,0.20833337499999516,78,82,all voices piano,Acoustic Grand Piano _ 8,Piano 8,29820,30
94.88970474999999,0.20833337500000937,72,82,all voices piano,Acoustic Grand Piano _ 8,Piano 8,29880,30
95.3063715,0.20833337499999516,76,82,all voices piano,Acoustic Grand Piano _ 8,Piano 8,29940,30
95.72303825,0.20833337499999516,76,82,all voices piano,Acoustic Grand Piano _ 8,Piano 8,30000,30
96.13970499999999,0.20833337500000937,78,82,all voices piano,Acoustic Grand Piano _ 8,Piano 8,30060,30
96.55637175,0.20833337499999516,72,82,all voices piano,Acoustic Grand Piano _ 8,Piano 8,30120,30
96.9730385,0.20833337499999516,76,82,all voices piano,Acoustic Grand Piano _ 8,Piano 8,30180,30
97.38970524999999,0.20833337500000937,70,82,all voices piano,Acoustic Grand Piano _ 8,Piano 8,30240,30
97.806372,0.20833337499999516,74,80,all voices piano,Acoustic Grand Piano _ 8,Piano 8,30300,30
98.22303875,0.20833337499999516,68,80,all voices piano,Acoustic Grand Piano _ 8,Piano 8,30360,30
98.63970549999999,0.20833337500000937,74,77,all voices piano,Acoustic Grand Piano _ 8,Piano 8,30420,30
99.473039,0.20833337499999516,74,77,all voices piano,Acoustic Grand Piano _ 8,Piano 8,30540,30
99.88970574999999,0.20833337500000937,68,74,all voices piano,Acoustic Grand Piano _ 8,Piano 8,30600,30
100.3063725,0.20833337499999516,75,74,all voices piano,Acoustic Grand Piano _ 8,Piano 8,30660,30
101.13970599999999,0.20833337500000937,75,72,all voices piano,Acoustic Grand Piano _ 8,Piano 8,30780,30
101.55637275,0.20833337499999516,68,69,all voices piano,Acoustic Grand Piano _ 8,Piano 8,30840,30
101.9730395,0.20833337499999516,75,69,all voices piano,Acoustic Grand Piano _ 8,Piano 8,30900,30
102.806373,0.20833349999999484,62,69,all voices piano,Acoustic Grand Piano _ 8,Piano 8,31020,180
103.01470649999999,0.20833350000000905,64,72,all voices piano,Acoustic Grand Piano _ 8,Piano 8,31200,180
103.22304,0.10416674999999032,66,74,all voices piano,Acoustic Grand Piano _ 8,Piano 8,31380,90
103.43137349999999,0.20833349999999484,68,77,all voices piano,Acoustic Grand Piano _ 8,Piano 8,31560,180
103.63970699999999,0.20833350000000905,74,80,all voices piano,Acoustic Grand Piano _ 8,Piano 8,31740,180
103.8480405,0.20833349999999484,76,82,all voices piano,Acoustic Grand Piano _ 8,Piano 8,31920,180
104.05637399999999,0.10416675000000453,78,85,all voices piano,Acoustic Grand Piano _ 8,Piano 8,32100,90
104.2647075,0.20833349999999484,80,87,all voices piano,Acoustic Grand Piano _ 8,Piano 8,32280,180
104.473041,0.20833349999999484,86,91,all voices piano,Acoustic Grand Piano _ 8,Piano 8,32460,180
104.68137449999999,0.20833350000000905,88,91,all voices piano,Acoustic Grand Piano _ 8,Piano 8,32640,180
104.889708,0.10416674999999032,90,91,all voices piano,Acoustic Grand Piano _ 8,Piano 8,32820,90
105.0980415,0.20833349999999484,92,91,all voices piano,Acoustic Grand Piano _ 8,Piano 8,33000,180
105.30637499999999,0.20833350000000905,70,91,all voices piano,Acoustic Grand Piano _ 8,Piano 8,33180,180
105.5147085,0.20833349999999484,86,91,all voices piano,Acoustic Grand Piano _ 8,Piano 8,33360,180
105.93137549999999,0.20833350000000905,86,91,all voices piano,Acoustic Grand Piano _ 8,Piano 8,33720,180
106.139709,0.20833349999999484,68,91,all voices piano,Acoustic Grand Piano _ 8,Piano 8,33900,180
106.34804249999999,0.4166670000000039,83,91,all voices piano,Acoustic Grand Piano _ 8,Piano 8,34080,360
106.7647095,0.20833349999999484,83,91,all voices piano,Acoustic Grand Piano _ 8,Piano 8,34440,180
106.97304299999999,0.20833350000000905,58,91,all voices piano,Acoustic Grand Piano _ 8,Piano 8,34620,180
107.1813765,0.20833349999999484,74,91,all voices piano,Acoustic Grand Piano _ 8,Piano 8,34800,180
108.01471049999999,0.6250004999999987,62,100,all voices piano,Acoustic Grand Piano _ 8,Piano 8,35520,540
108.63971099999999,0.20833349999999484,46,91,all voices piano,Acoustic Grand Piano _ 8,Piano 8,36060,180
108.84804449999999,0.20833350000000905,62,91,all voices piano,Acoustic Grand Piano _ 8,Piano 8,36240,180
109.47304499999998,0.20833350000000905,54,91,all voices piano,Acoustic Grand Piano _ 8,Piano 8,36780,180
109.88971199999999,0.10416675000000453,59,91,all voices piano,Acoustic Grand Piano _ 8,Piano 8,37140,90
110.30637899999999,0.20833349999999484,66,91,all voices piano,Acoustic Grand Piano _ 8,Piano 8,37500,180
110.723046,0.10416674999999032,71,91,all voices piano,Acoustic Grand Piano _ 8,Piano 8,37860,90
111.13971299999999,0.20833350000000905,78,91,all voices piano,Acoustic Grand Piano _ 8,Piano 8,38220,180
111.55637999999999,0.10416675000000453,83,91,all voices piano,Acoustic Grand Piano _ 8,Piano 8,38580,90
111.973047,0.20833349999999484,67,91,all voices piano,Acoustic Grand Piano _ 8,Piano 8,38940,180
112.18138049999999,0.20833350000000905,83,91,all voices piano,Acoustic Grand Piano _ 8,Piano 8,39120,180
112.59804749999999,0.20833349999999484,83,91,all voices piano,Acoustic Grand Piano _ 8,Piano 8,39480,180
112.80638099999999,0.20833350000000905,60,91,all voices piano,Acoustic Grand Piano _ 8,Piano 8,39660,180
113.0147145,0.4166669999999897,75,91,all voices piano,Acoustic Grand Piano _ 8,Piano 8,39840,360
113.43138149999999,0.20833350000000905,75,91,all voices piano,Acoustic Grand Piano _ 8,Piano 8,40200,180
113.639715,0.4166669999999897,55,91,all voices piano,Acoustic Grand Piano _ 8,Piano 8,40380,360
114.05638199999999,0.4166670000000039,71,91,all voices piano,Acoustic Grand Piano _ 8,Piano 8,40740,360
114.68138249999998,0.625000500000013,58,100,all voices piano,Acoustic Grand Piano _ 8,Piano 8,41280,540
115.306383,0.20833349999999484,43,91,all voices piano,Acoustic Grand Piano _ 8,Piano 8,41820,180
115.51471649999999,0.20833349999999484,59,91,all voices piano,Acoustic Grand Piano _ 8,Piano 8,42000,180
117.402875,0.454544999999996,86,96,all voices piano,Acoustic Grand Piano _ 8,Piano 8,43020,360
117.85741999999999,0.4545450000000102,85,96,all voices piano,Acoustic Grand Piano _ 8,Piano 8,43380,360
118.311965,0.454544999999996,79,96,all voices piano,Acoustic Grand Piano _ 8,Piano 8,43740,360
118.76651,0.454544999999996,80,96,all voices piano,Acoustic Grand Piano _ 8,Piano 8,44100,360
119.22105499999999,0.9090900000000062,83,96,all voices piano,Acoustic Grand Piano _ 8,Piano 8,44460,720
121.03923499999999,0.454544999999996,86,96,all voices piano,Acoustic Grand Piano _ 8,Piano 8,45900,360
121.49377999999999,0.4545450000000102,85,96,all voices piano,Acoustic Grand Piano _ 8,Piano 8,46260,360
121.948325,0.454544999999996,79,96,all voices piano,Acoustic Grand Piano _ 8,Piano 8,46620,360
122.40287,0.454544999999996,80,96,all voices piano,Acoustic Grand Piano _ 8,Piano 8,46980,360
122.85741499999999,0.9090900000000062,83,96,all voices piano,Acoustic Grand Piano _ 8,Piano 8,47340,720
124.67559499999999,0.4545454999999947,86,96,all voices piano,Acoustic Grand Piano _ 8,Piano 8,48780,120
125.13014049999998,0.45454550000000893,85,96,all voices piano,Acoustic Grand Piano _ 8,Piano 8,48900,120
125.58468599999999,0.4545454999999947,88,96,all voices piano,Acoustic Grand Piano _ 8,Piano 8,49020,120
126.03923149999999,0.4545454999999947,86,96,all voices piano,Acoustic Grand Piano _ 8,Piano 8,49140,120
126.49377699999998,0.45454550000000893,86,96,all voices piano,Acoustic Grand Piano _ 8,Piano 8,49260,120
126.94832249999999,0.4545454999999947,85,97,all voices piano,Acoustic Grand Piano _ 8,Piano 8,49380,120
127.40286799999998,0.45454550000000893,86,99,all voices piano,Acoustic Grand Piano _ 8,Piano 8,49500,120
127.85741349999999,0.4545454999999805,88,100,all voices piano,Acoustic Grand Piano _ 8,Piano 8,49620,120
128.31195899999997,0.454544999999996,91,100,all voices piano,Acoustic Grand Piano _ 8,Piano 8,49740,360
128.76650399999997,0.454544999999996,90,100,all voices piano,Acoustic Grand Piano _ 8,Piano 8,50100,360
129.22104899999997,0.454544999999996,84,100,all voices piano,Acoustic Grand Piano _ 8,Piano 8,50460,360
129.67559399999996,0.4545450000000244,85,100,all voices piano,Acoustic Grand Piano _ 8,Piano 8,50820,360
130.13013899999999,0.909089999999992,88,100,all voices piano,Acoustic Grand Piano _ 8,Piano 8,51180,720
131.94831899999997,0.4545454999999947,91,100,all voices piano,Acoustic Grand Piano _ 8,Piano 8,52620,120
132.40286449999996,0.4545454999999947,90,100,all voices piano,Acoustic Grand Piano _ 8,Piano 8,52740,120
132.85740999999996,0.45454550000002314,93,100,all voices piano,Acoustic Grand Piano _ 8,Piano 8,52860,120
133.31195549999998,0.4545454999999947,91,100,all voices piano,Acoustic Grand Piano _ 8,Piano 8,52980,120
133.76650099999998,0.4545454999999947,91,100,all voices piano,Acoustic Grand Piano _ 8,Piano 8,53100,120
134.22104649999997,0.4545454999999947,90,101,all voices piano,Acoustic Grand Piano _ 8,Piano 8,53220,120
134.67559199999997,0.4545454999999947,91,101,all voices piano,Acoustic Grand Piano _ 8,Piano 8,53340,120
135.13013749999996,0.4545454999999947,93,102,all voices piano,Acoustic Grand Piano _ 8,Piano 8,53460,120
135.58468299999996,0.45454550000002314,96,102,all voices piano,Acoustic Grand Piano _ 8,Piano 8,53580,120
136.03922849999998,0.4545454999999947,94,102,all voices piano,Acoustic Grand Piano _ 8,Piano 8,53700,120
136.49377399999997,0.4545454999999947,87,102,all voices piano,Acoustic Grand Piano _ 8,Piano 8,53820,120
136.94831949999997,0.4545454999999947,88,102,all voices piano,Acoustic Grand Piano _ 8,Piano 8,53940,120
137.40286499999996,0.9090910000000179,91,102,all voices piano,Acoustic Grand Piano _ 8,Piano 8,54060,240
139.22104699999997,0.454544999999996,96,102,all voices piano,Acoustic Grand Piano _ 8,Piano 8,54540,360
139.67559199999997,0.454544999999996,94,102,all voices piano,Acoustic Grand Piano _ 8,Piano 8,54900,360
140.13013699999996,0.454544999999996,97,104,all voices piano,Acoustic Grand Piano _ 8,Piano 8,55260,360
140.58468199999996,0.45115275000000565,96,105,all voices piano,Acoustic Grand Piano _ 8,Piano 8,55620,360
141.03583474999996,0.4477604999999869,96,105,all voices piano,Acoustic Grand Piano _ 8,Piano 8,55980,360
141.48359524999995,0.4477605000000153,94,106,all voices piano,Acoustic Grand Piano _ 8,Piano 8,56340,360
141.93135574999997,0.4477604999999869,96,107,all voices piano,Acoustic Grand Piano _ 8,Piano 8,56700,360
142.37911624999995,0.4433505000000082,97,107,all voices piano,Acoustic Grand Piano _ 8,Piano 8,57060,360
142.82246674999996,0.4433504999999798,98,107,all voices piano,Acoustic Grand Piano _ 8,Piano 8,57420,360
143.26581724999994,0.4433505000000082,96,107,all voices piano,Acoustic Grand Piano _ 8,Piano 8,57780,360
143.70916774999995,0.4433505000000082,99,109,all voices piano,Acoustic Grand Piano _ 8,Piano 8,58140,360
144.15251824999996,0.43902449999998794,98,109,all voices piano,Acoustic Grand Piano _ 8,Piano 8,58500,360
144.59154274999995,0.43902450000001636,98,110,all voices piano,Acoustic Grand Piano _ 8,Piano 8,58860,360
145.03056724999996,0.43902449999998794,96,110,all voices piano,Acoustic Grand Piano _ 8,Piano 8,59220,360
145.46959174999995,0.4347825000000114,98,111,all voices piano,Acoustic Grand Piano _ 8,Piano 8,59580,360
145.90437424999996,0.434782499999983,99,111,all voices piano,Acoustic Grand Piano _ 8,Piano 8,59940,360
146.33915674999994,0.4347825000000114,101,113,all voices piano,Acoustic Grand Piano _ 8,Piano 8,60300,360
146.77393924999996,0.434782499999983,99,113,all voices piano,Acoustic Grand Piano _ 8,Piano 8,60660,360
147.20872174999994,0.4347825000000114,102,113,all voices piano,Acoustic Grand Piano _ 8,Piano 8,61020,360
147.64350424999995,0.4347825000000114,101,113,all voices piano,Acoustic Grand Piano _ 8,Piano 8,61380,360
148.07828674999996,0.434782499999983,101,113,all voices piano,Acoustic Grand Piano _ 8,Piano 8,61740,360
148.51306924999994,0.4347825000000114,99,113,all voices piano,Acoustic Grand Piano _ 8,Piano 8,62100,360
148.94785174999996,0.434782499999983,102,113,all voices piano,Acoustic Grand Piano _ 8,Piano 8,62460,360
149.38263424999994,0.4347825000000114,101,113,all voices piano,Acoustic Grand Piano _ 8,Piano 8,62820,360
149.81741674999995,0.4347825000000114,101,113,all voices piano,Acoustic Grand Piano _ 8,Piano 8,63180,360
150.25219924999996,0.434782499999983,99,113,all voices piano,Acoustic Grand Piano _ 8,Piano 8,63540,360
150.68698174999994,0.4347825000000114,102,113,all voices piano,Acoustic Grand Piano _ 8,Piano 8,63900,360
151.12176424999996,0.434782499999983,101,113,all voices piano,Acoustic Grand Piano _ 8,Piano 8,64260,360
151.55654674999994,0.4347825000000114,101,113,all voices piano,Acoustic Grand Piano _ 8,Piano 8,64620,360
151.99132924999995,0.4347825000000114,99,113,all voices piano,Acoustic Grand Piano _ 8,Piano 8,64980,360
152.42611174999996,0.434782499999983,101,113,all voices piano,Acoustic Grand Piano _ 8,Piano 8,65340,360
152.86089424999994,0.4347825000000114,102,113,all voices piano,Acoustic Grand Piano _ 8,Piano 8,65700,360
153.29567674999996,0.8720925000000079,99,107,all voices piano,Acoustic Grand Piano _ 8,Piano 8,66060,300
155.03986174999994,0.10869575000000964,70,114,all voices piano,Acoustic Grand Piano _ 8,Piano 8,66660,60
155.14855749999995,0.21739149999999086,70,114,all voices piano,Acoustic Grand Piano _ 8,Piano 8,66720,120
155.36594899999994,0.21739149999999086,70,111,all voices piano,Acoustic Grand Piano _ 8,Piano 8,66840,120
155.58334049999993,0.21739150000001928,70,109,all voices piano,Acoustic Grand Piano _ 8,Piano 8,66960,120
155.80073199999995,0.21739149999999086,70,106,all voices piano,Acoustic Grand Piano _ 8,Piano 8,67080,120
156.01812349999994,1.5,70,102,all voices piano,Acoustic Grand Piano _ 8,Piano 8,67200,60
157.51812349999994,1.032609624999992,92,102,all voices piano,Acoustic Grand Piano _ 8,Piano 8,67260,570
159.90942999999996,0.4347825000000114,44,106,all voices piano,Acoustic Grand Piano _ 8,Piano 8,68580,120
160.34421249999997,0.434782499999983,32,106,all voices piano,Acoustic Grand Piano _ 8,Piano 8,68700,120
160.77899499999995,4.347825,21,118,all voices piano,Acoustic Grand Piano _ 8,Piano 8,68820,1200
165.12681999999995,0.41666649999999095,58,91,all voices piano,Acoustic Grand Piano _ 8,Piano 8,70020,120
165.54348649999994,0.41666650000001937,60,91,all voices piano,Acoustic Grand Piano _ 8,Piano 8,70140,120
165.96015299999996,0.41666649999999095,57,91,all voices piano,Acoustic Grand Piano _ 8,Piano 8,70260,120
166.37681949999995,0.20833325000000968,66,91,all voices piano,Acoustic Grand Piano _ 8,Piano 8,70380,60
166.58515274999996,0.20833324999998126,57,91,all voices piano,Acoustic Grand Piano _ 8,Piano 8,70440,60
166.79348599999994,0.41666650000001937,58,91,all voices piano,Acoustic Grand Piano _ 8,Piano 8,70500,120
167.21015249999996,0.41666649999999095,60,91,all voices piano,Acoustic Grand Piano _ 8,Piano 8,70620,120
167.62681899999995,0.41666649999999095,57,91,all voices piano,Acoustic Grand Piano _ 8,Piano 8,70740,120
168.46015199999997,0.41666649999999095,70,91,all voices piano,Acoustic Grand Piano _ 8,Piano 8,70980,120
168.87681849999996,0.41666649999999095,72,91,all voices piano,Acoustic Grand Piano _ 8,Piano 8,71100,120
169.29348499999995,0.41666649999999095,69,91,all voices piano,Acoustic Grand Piano _ 8,Piano 8,71220,120
169.71015149999994,0.20833325000000968,78,91,all voices piano,Acoustic Grand Piano _ 8,Piano 8,71340,60
169.91848474999995,0.20833325000000968,69,91,all voices piano,Acoustic Grand Piano _ 8,Piano 8,71400,60
170.12681799999996,0.41666649999999095,70,91,all voices piano,Acoustic Grand Piano _ 8,Piano 8,71460,120
170.54348449999995,0.41666649999999095,72,91,all voices piano,Acoustic Grand Piano _ 8,Piano 8,71580,120
170.96015099999994,0.41666650000001937,69,91,all voices piano,Acoustic Grand Piano _ 8,Piano 8,71700,120
171.37681749999996,0.20833324999998126,62,91,all voices piano,Acoustic Grand Piano _ 8,Piano 8,71820,60
171.79348399999995,0.10416662500000484,44,85,all voices piano,Acoustic Grand Piano _ 8,Piano 8,71940,30
171.89765062499995,0.10416662500000484,50,85,all voices piano,Acoustic Grand Piano _ 8,Piano 8,71970,30
172.00181724999996,0.10416662500000484,54,85,all voices piano,Acoustic Grand Piano _ 8,Piano 8,72000,30
172.10598387499996,0.10416662499997642,57,85,all voices piano,Acoustic Grand Piano _ 8,Piano 8,72030,30
172.21015049999994,0.10416662500000484,60,85,all voices piano,Acoustic Grand Piano _ 8,Piano 8,72060,30
172.31431712499995,0.10416662500000484,57,85,all voices piano,Acoustic Grand Piano _ 8,Piano 8,72090,30
172.41848374999995,0.10416662500000484,54,85,all voices piano,Acoustic Grand Piano _ 8,Piano 8,72120,30
172.52265037499996,0.10416662500000484,50,85,all voices piano,Acoustic Grand Piano _ 8,Piano 8,72150,30
172.62681699999996,0.10416662500000484,44,85,all voices piano,Acoustic Grand Piano _ 8,Piano 8,72180,30
172.73098362499996,0.10416662499997642,50,85,all voices piano,Acoustic Grand Piano _ 8,Piano 8,72210,30
172.83515024999994,0.10416662500000484,54,85,all voices piano,Acoustic Grand Piano _ 8,Piano 8,72240,30
172.93931687499995,0.10416662500000484,57,85,all voices piano,Acoustic Grand Piano _ 8,Piano 8,72270,30
173.04348349999995,0.10416662500000484,60,85,all voices piano,Acoustic Grand Piano _ 8,Piano 8,72300,30
173.14765012499996,0.10416662500000484,57,85,all voices piano,Acoustic Grand Piano _ 8,Piano 8,72330,30
173.25181674999996,0.10416662499997642,54,85,all voices piano,Acoustic Grand Piano _ 8,Piano 8,72360,30
173.35598337499994,0.10416662500000484,50,85,all voices piano,Acoustic Grand Piano _ 8,Piano 8,72390,30
173.46014999999994,0.10416662500000484,44,85,all voices piano,Acoustic Grand Piano _ 8,Piano 8,72420,30
173.56431662499995,0.10416662500000484,50,85,all voices piano,Acoustic Grand Piano _ 8,Piano 8,72450,30
173.66848324999995,0.10416662500000484,54,85,all voices piano,Acoustic Grand Piano _ 8,Piano 8,72480,30
173.77264987499996,0.10416662500000484,57,85,all voices piano,Acoustic Grand Piano _ 8,Piano 8,72510,30
173.87681649999996,0.10416662500000484,60,85,all voices piano,Acoustic Grand Piano _ 8,Piano 8,72540,30
173.98098312499997,0.10416662499997642,57,85,all voices piano,Acoustic Grand Piano _ 8,Piano 8,72570,30
174.08514974999994,0.10416662500000484,54,85,all voices piano,Acoustic Grand Piano _ 8,Piano 8,72600,30
174.18931637499995,0.10416662500000484,50,85,all voices piano,Acoustic Grand Piano _ 8,Piano 8,72630,30
174.29348299999995,0.10416662500000484,44,85,all voices piano,Acoustic Grand Piano _ 8,Piano 8,72660,30
174.39764962499996,0.10416662500000484,50,85,all voices piano,Acoustic Grand Piano _ 8,Piano 8,72690,30
174.50181624999996,0.10416662499997642,54,85,all voices piano,Acoustic Grand Piano _ 8,Piano 8,72720,30
174.60598287499994,0.10416662500000484,57,85,all voices piano,Acoustic Grand Piano _ 8,Piano 8,72750,30
174.71014949999994,0.10416662500000484,60,85,all voices piano,Acoustic Grand Piano _ 8,Piano 8,72780,30
175.54348249999995,0.10416662500000484,72,90,all voices piano,Acoustic Grand Piano _ 8,Piano 8,73020,30
176.37681549999996,0.10416662499997642,84,95,all voices piano,Acoustic Grand Piano _ 8,Piano 8,73260,30
176.79348199999995,0.10416662500000484,66,99,all voices piano,Acoustic Grand Piano _ 8,Piano 8,73380,30
176.89764862499996,0.10416662500000484,86,99,all voices piano,Acoustic Grand Piano _ 8,Piano 8,73410,30
177.10598187499994,0.10416662500000484,86,99,all voices piano,Acoustic Grand Piano _ 8,Piano 8,73470,30
177.21014849999995,0.10416662500000484,66,99,all voices piano,Acoustic Grand Piano _ 8,Piano 8,73500,30
177.31431512499995,0.10416662500000484,74,99,all voices piano,Acoustic Grand Piano _ 8,Piano 8,73530,30
177.52264837499996,0.10416662500000484,74,99,all voices piano,Acoustic Grand Piano _ 8,Piano 8,73590,30
177.73098162499994,0.10416662500000484,66,99,all voices piano,Acoustic Grand Piano _ 8,Piano 8,73650,30
178.56431462499995,0.10416662500000484,54,99,all voices piano,Acoustic Grand Piano _ 8,Piano 8,73890,30
179.29348099999996,0.41666649999999095,60,91,all voices piano,Acoustic Grand Piano _ 8,Piano 8,74100,120
179.71014749999995,0.41666649999999095,62,91,all voices piano,Acoustic Grand Piano _ 8,Piano 8,74220,120
180.12681399999994,0.41666650000001937,59,91,all voices piano,Acoustic Grand Piano _ 8,Piano 8,74340,120
180.54348049999996,0.20833324999998126,68,91,all voices piano,Acoustic Grand Piano _ 8,Piano 8,74460,60
180.75181374999994,0.20833325000000968,59,91,all voices piano,Acoustic Grand Piano _ 8,Piano 8,74520,60
180.96014699999995,0.41666649999999095,72,91,all voices piano,Acoustic Grand Piano _ 8,Piano 8,74580,120
181.37681349999994,0.41666650000001937,74,91,all voices piano,Acoustic Grand Piano _ 8,Piano 8,74700,120
181.79347999999996,0.41666649999999095,71,91,all voices piano,Acoustic Grand Piano _ 8,Piano 8,74820,120
182.21014649999995,0.20833325000000968,71,91,all voices piano,Acoustic Grand Piano _ 8,Piano 8,74940,60
183.46014599999995,0.10416662500000484,44,91,all voices piano,Acoustic Grand Piano _ 8,Piano 8,75300,30
183.56431262499996,0.10416662500000484,52,91,all voices piano,Acoustic Grand Piano _ 8,Piano 8,75330,30
183.66847924999996,0.10416662500000484,56,91,all voices piano,Acoustic Grand Piano _ 8,Piano 8,75360,30
183.77264587499997,0.10416662499997642,59,91,all voices piano,Acoustic Grand Piano _ 8,Piano 8,75390,30
183.87681249999994,0.10416662500000484,62,91,all voices piano,Acoustic Grand Piano _ 8,Piano 8,75420,30
184.71014549999995,0.10416662500000484,74,91,all voices piano,Acoustic Grand Piano _ 8,Piano 8,75660,30
185.54347849999996,0.10416662499997642,86,91,all voices piano,Acoustic Grand Piano _ 8,Piano 8,75900,30
185.96014499999995,0.10416662500000484,68,99,all voices piano,Acoustic Grand Piano _ 8,Piano 8,76020,30
186.06431162499996,0.10416662500000484,88,99,all voices piano,Acoustic Grand Piano _ 8,Piano 8,76050,30
186.27264487499994,0.10416662500000484,88,99,all voices piano,Acoustic Grand Piano _ 8,Piano 8,76110,30
186.37681149999995,0.10416662500000484,68,101,all voices piano,Acoustic Grand Piano _ 8,Piano 8,76140,30
186.48097812499995,0.10416662500000484,76,101,all voices piano,Acoustic Grand Piano _ 8,Piano 8,76170,30
186.68931137499996,0.10416662499997642,76,101,all voices piano,Acoustic Grand Piano _ 8,Piano 8,76230,30
186.89764462499994,0.10416662500000484,68,101,all voices piano,Acoustic Grand Piano _ 8,Piano 8,76290,30
187.73097762499995,0.10416662500000484,56,101,all voices piano,Acoustic Grand Piano _ 8,Piano 8,76530,30
188.46014399999996,0.41666649999999095,61,97,all voices piano,Acoustic Grand Piano _ 8,Piano 8,76740,120
188.87681049999995,0.41666649999999095,63,97,all voices piano,Acoustic Grand Piano _ 8,Piano 8,76860,120
189.29347699999994,0.41666650000001937,60,99,all voices piano,Acoustic Grand Piano _ 8,Piano 8,76980,120
189.71014349999996,0.20833324999998126,65,100,all voices piano,Acoustic Grand Piano _ 8,Piano 8,77100,60
189.91847674999994,0.20833325000000968,60,100,all voices piano,Acoustic Grand Piano _ 8,Piano 8,77160,60
190.12680999999995,0.41666649999999095,84,99,all voices piano,Acoustic Grand Piano _ 8,Piano 8,77220,120
190.54347649999994,0.41666650000001937,86,99,all voices piano,Acoustic Grand Piano _ 8,Piano 8,77340,120
190.96014299999996,0.41666649999999095,83,96,all voices piano,Acoustic Grand Piano _ 8,Piano 8,77460,120
191.37680949999995,0.41666649999999095,78,96,all voices piano,Acoustic Grand Piano _ 8,Piano 8,77580,120
191.79347599999994,0.41666650000001937,78,101,all voices piano,Acoustic Grand Piano _ 8,Piano 8,77700,120
192.21014249999996,0.41666649999999095,80,101,all voices piano,Acoustic Grand Piano _ 8,Piano 8,77820,120
192.62680899999995,0.8333330000000103,80,101,all voices piano,Acoustic Grand Piano _ 8,Piano 8,77940,240
193.46014199999996,0.4285715000000039,90,99,all voices piano,Acoustic Grand Piano _ 8,Piano 8,78180,120
193.88871349999997,0.4347825000000114,92,96,all voices piano,Acoustic Grand Piano _ 8,Piano 8,78300,120
194.32349599999998,0.4347825000000114,93,93,all voices piano,Acoustic Grand Piano _ 8,Piano 8,78420,120
194.7582785,0.44117650000001163,95,91,all voices piano,Acoustic Grand Piano _ 8,Piano 8,78540,120
195.6161215,0.41666650000001937,71,85,all voices piano,Acoustic Grand Piano _ 8,Piano 8,78780,120
196.032788,0.41666649999999095,83,85,all voices piano,Acoustic Grand Piano _ 8,Piano 8,78900,120
196.4494545,0.41666649999999095,76,85,all voices piano,Acoustic Grand Piano _ 8,Piano 8,79020,120
197.2827875,0.41666649999999095,71,85,all voices piano,Acoustic Grand Piano _ 8,Piano 8,79260,120
197.699454,0.41666649999999095,83,85,all voices piano,Acoustic Grand Piano _ 8,Piano 8,79380,120
198.1161205,0.41666650000001937,76,85,all voices piano,Acoustic Grand Piano _ 8,Piano 8,79500,120
198.94945375,0.41666675000001874,71,85,all voices piano,Acoustic Grand Piano _ 8,Piano 8,79680,60
199.36612050000002,0.4166667499999903,76,85,all voices piano,Acoustic Grand Piano _ 8,Piano 8,79740,60
199.78278725,0.4166667499999903,83,85,all voices piano,Acoustic Grand Piano _ 8,Piano 8,79800,60
200.6161205,0.41666650000001937,76,85,all voices piano,Acoustic Grand Piano _ 8,Piano 8,79980,120
201.032787,0.41666649999999095,88,85,all voices piano,Acoustic Grand Piano _ 8,Piano 8,80100,120
201.4494535,0.41666649999999095,72,85,all voices piano,Acoustic Grand Piano _ 8,Piano 8,80220,120
202.28278650000001,0.41666649999999095,76,85,all voices piano,Acoustic Grand Piano _ 8,Piano 8,80460,120
202.699453,0.41666649999999095,88,86,all voices piano,Acoustic Grand Piano _ 8,Piano 8,80580,120
203.1161195,0.41666650000001937,72,91,all voices piano,Acoustic Grand Piano _ 8,Piano 8,80700,120
203.9494525,0.41666649999999095,88,99,all voices piano,Acoustic Grand Piano _ 8,Piano 8,80940,120
204.366119,0.41666649999999095,76,99,all voices piano,Acoustic Grand Piano _ 8,Piano 8,81060,120
204.7827855,0.41666650000001937,81,99,all voices piano,Acoustic Grand Piano _ 8,Piano 8,81180,120
205.199452,0.41666649999999095,69,99,all voices piano,Acoustic Grand Piano _ 8,Piano 8,81300,120
205.6161185,0.41666649999999095,76,99,all voices piano,Acoustic Grand Piano _ 8,Piano 8,81420,120
206.032785,0.41666650000001937,64,99,all voices piano,Acoustic Grand Piano _ 8,Piano 8,81540,120
206.4494515,0.41666649999999095,69,99,all voices piano,Acoustic Grand Piano _ 8,Piano 8,81660,120
206.866118,0.41666649999999095,57,96,all voices piano,Acoustic Grand Piano _ 8,Piano 8,81780,120
207.2827845,0.41666650000001937,57,96,all voices piano,Acoustic Grand Piano _ 8,Piano 8,81900,120
207.699451,0.41666649999999095,57,93,all voices piano,Acoustic Grand Piano _ 8,Piano 8,82020,120
208.1161175,0.41666649999999095,57,93,all voices piano,Acoustic Grand Piano _ 8,Piano 8,82140,120
208.532784,0.41666650000001937,57,91,all voices piano,Acoustic Grand Piano _ 8,Piano 8,82260,120
208.9494505,0.41666649999999095,57,91,all voices piano,Acoustic Grand Piano _ 8,Piano 8,82380,120
209.366117,0.41666649999999095,57,91,all voices piano,Acoustic Grand Piano _ 8,Piano 8,82500,120
209.7827835,0.41666650000001937,57,88,all voices piano,Acoustic Grand Piano _ 8,Piano 8,82620,120
210.19945,0.08333337499999516,51,82,all voices piano,Acoustic Grand Piano _ 8,Piano 8,82740,30
210.61611687500002,0.08333337499999516,63,85,all voices piano,Acoustic Grand Piano _ 8,Piano 8,82890,30
211.03278375000002,0.08333337499999516,75,87,all voices piano,Acoustic Grand Piano _ 8,Piano 8,83040,30
211.44945062500003,0.08333337499999516,75,90,all voices piano,Acoustic Grand Piano _ 8,Piano 8,83190,30
218.671666375,0.2777777500000127,67,90,all voices piano,Acoustic Grand Piano _ 8,Piano 8,86730,60
219.088333,0.2777777500000127,67,91,all voices piano,Acoustic Grand Piano _ 8,Piano 8,86820,60
219.504999625,0.2777777499999843,64,90,all voices piano,Acoustic Grand Piano _ 8,Piano 8,86910,60
219.92166625000002,0.2777777499999843,55,87,all voices piano,Acoustic Grand Piano _ 8,Piano 8,87000,60
220.33833287500002,0.2777777499999843,55,86,all voices piano,Acoustic Grand Piano _ 8,Piano 8,87090,60
220.7549995,0.2777777500000127,55,83,all voices piano,Acoustic Grand Piano _ 8,Piano 8,87180,60
221.171666125,0.2777777500000127,48,82,all voices piano,Acoustic Grand Piano _ 8,Piano 8,87270,60
221.58833275,0.2777777500000127,43,81,all voices piano,Acoustic Grand Piano _ 8,Piano 8,87360,60
222.004999375,0.2777777499999843,64,80,all voices piano,Acoustic Grand Piano _ 8,Piano 8,87450,60
222.42166600000002,0.2777777499999843,64,77,all voices piano,Acoustic Grand Piano _ 8,Piano 8,87540,60
222.83833262500002,0.2777777499999843,64,77,all voices piano,Acoustic Grand Piano _ 8,Piano 8,87630,60
223.25499925,0.2777777500000127,64,77,all voices piano,Acoustic Grand Piano _ 8,Piano 8,87720,60
223.671665875,0.2777777500000127,64,77,all voices piano,Acoustic Grand Piano _ 8,Piano 8,87810,60
224.0883325,0.2777777500000127,64,77,all voices piano,Acoustic Grand Piano _ 8,Piano 8,87900,60
224.504999125,0.2777777499999843,64,77,all voices piano,Acoustic Grand Piano _ 8,Piano 8,87990,60
224.92166575000002,0.2777777499999843,64,77,all voices piano,Acoustic Grand Piano _ 8,Piano 8,88080,60
227.28277475,0.08333337499999516,82,110,all voices piano,Acoustic Grand Piano _ 8,Piano 8,89190,30
227.699441625,0.08333337499999516,82,107,all voices piano,Acoustic Grand Piano _ 8,Piano 8,89340,30
228.1161085,0.08333337499999516,70,105,all voices piano,Acoustic Grand Piano _ 8,Piano 8,89490,30
228.532775375,0.08333337499999516,70,102,all voices piano,Acoustic Grand Piano _ 8,Piano 8,89640,30
228.94944224999998,0.08333337500002358,82,100,all voices piano,Acoustic Grand Piano _ 8,Piano 8,89790,30
229.36610912499998,0.08333337499999516,82,97,all voices piano,Acoustic Grand Piano _ 8,Piano 8,89940,30
229.78277599999998,0.08333337499999516,70,96,all voices piano,Acoustic Grand Piano _ 8,Piano 8,90090,30
230.199442875,0.08333337499999516,82,96,all voices piano,Acoustic Grand Piano _ 8,Piano 8,90240,30
230.61610975,0.08333337499999516,70,97,all voices piano,Acoustic Grand Piano _ 8,Piano 8,90390,30
231.032776625,0.08333337499999516,82,97,all voices piano,Acoustic Grand Piano _ 8,Piano 8,90540,30
231.4494435,0.08333337499999516,70,99,all voices piano,Acoustic Grand Piano _ 8,Piano 8,90690,30
231.86611037499998,0.08333337500002358,82,99,all voices piano,Acoustic Grand Piano _ 8,Piano 8,90840,30
232.28277724999998,0.08333337499999516,70,100,all voices piano,Acoustic Grand Piano _ 8,Piano 8,90990,30
232.69944412499999,0.08333337499999516,82,100,all voices piano,Acoustic Grand Piano _ 8,Piano 8,91140,30
233.116111,0.08333337499999516,70,101,all voices piano,Acoustic Grand Piano _ 8,Piano 8,91290,30
233.532777875,0.08333337499999516,78,101,all voices piano,Acoustic Grand Piano _ 8,Piano 8,91440,30
233.94944475,0.08333337499999516,70,100,all voices piano,Acoustic Grand Piano _ 8,Piano 8,91590,30
234.36611162499997,0.08333337500002358,78,100,all voices piano,Acoustic Grand Piano _ 8,Piano 8,91740,30
234.78277849999998,0.08333337500002358,70,99,all voices piano,Acoustic Grand Piano _ 8,Piano 8,91890,30
235.19944537499998,0.08333337499999516,78,99,all voices piano,Acoustic Grand Piano _ 8,Piano 8,92040,30
235.61611225,0.08333337499999516,70,97,all voices piano,Acoustic Grand Piano _ 8,Piano 8,92190,30
236.032779125,0.08333337499999516,78,97,all voices piano,Acoustic Grand Piano _ 8,Piano 8,92340,30
236.449446,0.08333337499999516,66,97,all voices piano,Acoustic Grand Piano _ 8,Piano 8,92490,30
236.866112875,0.08333337499999516,73,97,all voices piano,Acoustic Grand Piano _ 8,Piano 8,92640,30
237.28277974999997,0.08333337500002358,66,96,all voices piano,Acoustic Grand Piano _ 8,Piano 8,92790,30
237.69944662499998,0.08333337500002358,73,96,all voices piano,Acoustic Grand Piano _ 8,Piano 8,92940,30
238.11611349999998,0.08333337499999516,66,95,all voices piano,Acoustic Grand Piano _ 8,Piano 8,93090,30
238.532780375,0.08333337499999516,73,93,all voices piano,Acoustic Grand Piano _ 8,Piano 8,93240,30
238.94944725,0.08333337499999516,66,93,all voices piano,Acoustic Grand Piano _ 8,Piano 8,93390,30
239.366114125,0.08333337499999516,73,92,all voices piano,Acoustic Grand Piano _ 8,Piano 8,93540,30
239.782781,0.10416662500000484,66,91,all voices piano,Acoustic Grand Piano _ 8,Piano 8,93690,30
240.1994475,0.10416662500000484,73,91,all voices piano,Acoustic Grand Piano _ 8,Piano 8,93810,30
240.616114,0.1102941249999958,66,88,all voices piano,Acoustic Grand Piano _ 8,Piano 8,93930,30
241.05729050000002,0.1102941249999958,73,88,all voices piano,Acoustic Grand Piano _ 8,Piano 8,94050,30
241.5051515,0.11363637499999868,66,86,all voices piano,Acoustic Grand Piano _ 8,Piano 8,94170,30
241.959697,0.11538462499999014,73,86,all voices piano,Acoustic Grand Piano _ 8,Piano 8,94290,30
242.4212355,0.11538462500001856,66,83,all voices piano,Acoustic Grand Piano _ 8,Piano 8,94410,30
242.8901,0.11904762500000743,73,83,all voices piano,Acoustic Grand Piano _ 8,Piano 8,94530,30
243.3662905,0.2205882499999916,65,83,all voices piano,Acoustic Grand Piano _ 8,Piano 8,94650,30
243.58687874999998,0.22058825000002003,69,83,all voices piano,Acoustic Grand Piano _ 8,Piano 8,94680,30
243.807467,0.2205882499999916,69,83,all voices piano,Acoustic Grand Piano _ 8,Piano 8,94710,30
244.02805525,0.2205882499999916,65,83,all voices piano,Acoustic Grand Piano _ 8,Piano 8,94740,30
244.2486435,0.2205882499999916,63,83,all voices piano,Acoustic Grand Piano _ 8,Piano 8,94770,30
244.46923174999998,0.22058825000002003,67,83,all voices piano,Acoustic Grand Piano _ 8,Piano 8,94800,30
244.68982,0.2205882499999916,67,83,all voices piano,Acoustic Grand Piano _ 8,Piano 8,94830,30
244.91040825,0.2205882499999916,63,83,all voices piano,Acoustic Grand Piano _ 8,Piano 8,94860,30
245.13099649999998,0.22058825000002003,65,83,all voices piano,Acoustic Grand Piano _ 8,Piano 8,94890,30
245.35158475,0.2205882499999916,69,83,all voices piano,Acoustic Grand Piano _ 8,Piano 8,94920,30
245.572173,0.2205882499999916,69,83,all voices piano,Acoustic Grand Piano _ 8,Piano 8,94950,30
245.79276124999998,0.22058825000002003,65,83,all voices piano,Acoustic Grand Piano _ 8,Piano 8,94980,30
246.0133495,0.2205882499999916,63,83,all voices piano,Acoustic Grand Piano _ 8,Piano 8,95010,30
246.23393775,0.2205882499999916,67,83,all voices piano,Acoustic Grand Piano _ 8,Piano 8,95040,30
246.454526,0.2205882499999916,67,83,all voices piano,Acoustic Grand Piano _ 8,Piano 8,95070,30
246.67511424999998,0.22058825000002003,63,83,all voices piano,Acoustic Grand Piano _ 8,Piano 8,95100,30
246.8957025,0.2205882499999916,65,83,all voices piano,Acoustic Grand Piano _ 8,Piano 8,95130,60
247.11629075,0.22058825000002003,69,83,all voices piano,Acoustic Grand Piano _ 8,Piano 8,95190,60
247.336879,0.2205882499999916,69,83,all voices piano,Acoustic Grand Piano _ 8,Piano 8,95250,60
247.55746725,0.2205882499999916,65,83,all voices piano,Acoustic Grand Piano _ 8,Piano 8,95310,60
247.7780555,0.2307692500000087,63,83,all voices piano,Acoustic Grand Piano _ 8,Piano 8,95370,60
248.00882475,0.23076924999998027,67,83,all voices piano,Acoustic Grand Piano _ 8,Piano 8,95430,60
248.23959399999998,0.2307692500000087,67,83,all voices piano,Acoustic Grand Piano _ 8,Piano 8,95490,60
248.47036325,0.2307692500000087,63,83,all voices piano,Acoustic Grand Piano _ 8,Piano 8,95550,60
248.7011325,0.2631580000000042,61,83,all voices piano,Acoustic Grand Piano _ 8,Piano 8,95610,60
248.9642905,0.2631580000000042,65,83,all voices piano,Acoustic Grand Piano _ 8,Piano 8,95670,60
249.2274485,0.2631580000000042,65,83,all voices piano,Acoustic Grand Piano _ 8,Piano 8,95730,60
249.4906065,0.2631579999999758,61,83,all voices piano,Acoustic Grand Piano _ 8,Piano 8,95790,60
249.7537645,0.30000000000001137,59,83,all voices piano,Acoustic Grand Piano _ 8,Piano 8,95850,60
250.0537645,0.29999999999998295,63,83,all voices piano,Acoustic Grand Piano _ 8,Piano 8,95910,60
250.35376449999998,0.30000000000001137,63,83,all voices piano,Acoustic Grand Piano _ 8,Piano 8,95970,60
250.6537645,0.15000000000000568,59,83,all voices piano,Acoustic Grand Piano _ 8,Piano 8,96030,30
251.012097875,0.3260870000000011,66,83,all voices piano,Acoustic Grand Piano _ 8,Piano 8,96090,30
251.338184875,0.3260870000000011,68,83,all voices piano,Acoustic Grand Piano _ 8,Piano 8,96120,30
251.664271875,0.3260870000000011,68,83,all voices piano,Acoustic Grand Piano _ 8,Piano 8,96150,30
251.990358875,0.3260870000000011,66,83,all voices piano,Acoustic Grand Piano _ 8,Piano 8,96180,30
252.316445875,0.3260870000000011,64,83,all voices piano,Acoustic Grand Piano _ 8,Piano 8,96210,30
252.642532875,0.3260870000000011,66,83,all voices piano,Acoustic Grand Piano _ 8,Piano 8,96240,30
252.968619875,0.3260870000000011,73,93,all voices piano,Acoustic Grand Piano _ 8,Piano 8,96270,30
253.294706875,0.3260870000000011,69,83,all voices piano,Acoustic Grand Piano _ 8,Piano 8,96300,30
253.620793875,0.3260870000000011,66,83,all voices piano,Acoustic Grand Piano _ 8,Piano 8,96330,30
253.946880875,0.3260870000000011,68,83,all voices piano,Acoustic Grand Piano _ 8,Piano 8,96360,30
254.272967875,0.3260870000000011,68,83,all voices piano,Acoustic Grand Piano _ 8,Piano 8,96390,30
254.599054875,0.3260870000000011,66,83,all voices piano,Acoustic Grand Piano _ 8,Piano 8,96420,30
254.925141875,0.3260869999999727,64,83,all voices piano,Acoustic Grand Piano _ 8,Piano 8,96450,30
255.25122887499998,0.3260870000000011,66,83,all voices piano,Acoustic Grand Piano _ 8,Piano 8,96480,30
255.57731587499998,0.3260870000000011,73,83,all voices piano,Acoustic Grand Piano _ 8,Piano 8,96510,30
255.90340287499998,0.32608700000002955,69,83,all voices piano,Acoustic Grand Piano _ 8,Piano 8,96540,30
256.229489875,0.3571428750000223,66,83,all voices piano,Acoustic Grand Piano _ 8,Piano 8,96570,30
256.58663275000004,0.35714287499996544,68,83,all voices piano,Acoustic Grand Piano _ 8,Piano 8,96600,30
256.943775625,0.3571428750000223,68,83,all voices piano,Acoustic Grand Piano _ 8,Piano 8,96630,30
257.3009185,0.35714287499996544,66,83,all voices piano,Acoustic Grand Piano _ 8,Piano 8,96660,30
257.658061375,0.3571428750000223,64,83,all voices piano,Acoustic Grand Piano _ 8,Piano 8,96690,30
258.01520425,0.3571428750000223,66,83,all voices piano,Acoustic Grand Piano _ 8,Piano 8,96720,30
258.37234712500003,0.35714287499996544,66,83,all voices piano,Acoustic Grand Piano _ 8,Piano 8,96750,30
258.72949,0.375,64,83,all voices piano,Acoustic Grand Piano _ 8,Piano 8,96780,30
259.10449,0.375,62,83,all voices piano,Acoustic Grand Piano _ 8,Piano 8,96810,30
259.47949,0.375,64,83,all voices piano,Acoustic Grand Piano _ 8,Piano 8,96840,30
259.85449,0.41666662500000484,64,83,all voices piano,Acoustic Grand Piano _ 8,Piano 8,96870,30
260.271156625,0.41666662500000484,60,83,all voices piano,Acoustic Grand Piano _ 8,Piano 8,96900,30
260.68782325,1.875,64,83,all voices piano,Acoustic Grand Piano _ 8,Piano 8,96930,120
264.43782375,0.10416675000004716,57,83,all voices piano,Acoustic Grand Piano _ 8,Piano 8,97470,90
264.9586575,0.10416674999999032,69,83,all voices piano,Acoustic Grand Piano _ 8,Piano 8,97920,90
265.47949125,0.10416674999999032,81,83,all voices piano,Acoustic Grand Piano _ 8,Piano 8,98370,90
265.89615825000004,0.0694444999999746,93,91,all voices piano,Acoustic Grand Piano _ 8,Piano 8,98730,30
265.96560275,0.06944450000003144,88,91,all voices piano,Acoustic Grand Piano _ 8,Piano 8,98760,30
266.03504725000005,0.0694444999999746,81,91,all voices piano,Acoustic Grand Piano _ 8,Piano 8,98790,30
266.10449175,0.06944450000003144,81,91,all voices piano,Acoustic Grand Piano _ 8,Piano 8,98820,30
266.17393625000005,0.0694444999999746,76,91,all voices piano,Acoustic Grand Piano _ 8,Piano 8,98850,30
266.24338075000003,0.06944450000003144,69,91,all voices piano,Acoustic Grand Piano _ 8,Piano 8,98880,30
266.31282525000006,0.0694444999999746,69,91,all voices piano,Acoustic Grand Piano _ 8,Piano 8,98910,30
266.38226975000003,0.06944450000003144,76,91,all voices piano,Acoustic Grand Piano _ 8,Piano 8,98940,30
266.45171425000007,0.0694444999999746,81,91,all voices piano,Acoustic Grand Piano _ 8,Piano 8,98970,30
266.52115875000004,0.0694444999999746,81,91,all voices piano,Acoustic Grand Piano _ 8,Piano 8,99000,30
266.59060325,0.06944450000003144,88,91,all voices piano,Acoustic Grand Piano _ 8,Piano 8,99030,30
266.66004775000005,0.0694444999999746,93,91,all voices piano,Acoustic Grand Piano _ 8,Piano 8,99060,30
266.72949225,0.06944450000003144,93,91,all voices piano,Acoustic Grand Piano _ 8,Piano 8,99090,30
266.79893675000005,0.0694444999999746,88,91,all voices piano,Acoustic Grand Piano _ 8,Piano 8,99120,30
266.86838125,0.06944450000003144,81,91,all voices piano,Acoustic Grand Piano _ 8,Piano 8,99150,30
266.93782575000006,0.0694444999999746,81,91,all voices piano,Acoustic Grand Piano _ 8,Piano 8,99180,30
267.00727025000003,0.06944450000003144,76,91,all voices piano,Acoustic Grand Piano _ 8,Piano 8,99210,30
267.07671475000006,0.0694444999999746,69,91,all voices piano,Acoustic Grand Piano _ 8,Piano 8,99240,30
267.14615925000004,0.0694444999999746,69,91,all voices piano,Acoustic Grand Piano _ 8,Piano 8,99270,30
267.21560375,0.06944450000003144,76,91,all voices piano,Acoustic Grand Piano _ 8,Piano 8,99300,30
267.28504825000005,0.0694444999999746,81,91,all voices piano,Acoustic Grand Piano _ 8,Piano 8,99330,30
267.35449275,0.06944450000003144,81,91,all voices piano,Acoustic Grand Piano _ 8,Piano 8,99360,30
267.42393725000005,0.0694444999999746,88,91,all voices piano,Acoustic Grand Piano _ 8,Piano 8,99390,30
267.49338175,0.06944450000003144,93,91,all voices piano,Acoustic Grand Piano _ 8,Piano 8,99420,30
267.56282625000006,0.0694444999999746,93,91,all voices piano,Acoustic Grand Piano _ 8,Piano 8,99450,30
267.63227075000003,0.06944450000003144,88,91,all voices piano,Acoustic Grand Piano _ 8,Piano 8,99480,30
267.70171525000006,0.0694444999999746,81,91,all voices piano,Acoustic Grand Piano _ 8,Piano 8,99510,30
267.77115975000004,0.06944450000003144,81,91,all voices piano,Acoustic Grand Piano _ 8,Piano 8,99540,30
267.84060425000007,0.0694444999999746,76,91,all voices piano,Acoustic Grand Piano _ 8,Piano 8,99570,30
267.91004875000004,0.0694444999999746,69,91,all voices piano,Acoustic Grand Piano _ 8,Piano 8,99600,30
267.97949325,0.06944450000003144,69,91,all voices piano,Acoustic Grand Piano _ 8,Piano 8,99630,30
268.04893775000005,0.0694444999999746,76,91,all voices piano,Acoustic Grand Piano _ 8,Piano 8,99660,30
268.11838225,0.06944450000003144,81,91,all voices piano,Acoustic Grand Piano _ 8,Piano 8,99690,30
268.18782675000006,0.0694444999999746,81,91,all voices piano,Acoustic Grand Piano _ 8,Piano 8,99720,30
268.25727125000003,0.06944450000003144,88,91,all voices piano,Acoustic Grand Piano _ 8,Piano 8,99750,30
268.32671575000006,0.0694444999999746,93,91,all voices piano,Acoustic Grand Piano _ 8,Piano 8,99780,30
268.39616025000004,0.06944450000003144,93,91,all voices piano,Acoustic Grand Piano _ 8,Piano 8,99810,30
268.46560475000007,0.0694444999999746,88,91,all voices piano,Acoustic Grand Piano _ 8,Piano 8,99840,30
268.53504925000004,0.0694444999999746,81,91,all voices piano,Acoustic Grand Piano _ 8,Piano 8,99870,30
268.60449375,0.06944450000003144,81,91,all voices piano,Acoustic Grand Piano _ 8,Piano 8,99900,30
268.67393825000005,0.0694444999999746,76,91,all voices piano,Acoustic Grand Piano _ 8,Piano 8,99930,30
268.74338275,0.06944450000003144,69,91,all voices piano,Acoustic Grand Piano _ 8,Piano 8,99960,30
268.81282725000005,0.0694444999999746,69,91,all voices piano,Acoustic Grand Piano _ 8,Piano 8,99990,30
268.88227175000003,0.06944450000003144,76,91,all voices piano,Acoustic Grand Piano _ 8,Piano 8,100020,30
268.95171625000006,0.0694444999999746,81,91,all voices piano,Acoustic Grand Piano _ 8,Piano 8,100050,30
269.02116075000004,0.06944450000003144,81,91,all voices piano,Acoustic Grand Piano _ 8,Piano 8,100080,30
269.09060525000007,0.0694444999999746,88,91,all voices piano,Acoustic Grand Piano _ 8,Piano 8,100110,30
269.16004975000004,0.0694444999999746,93,91,all voices piano,Acoustic Grand Piano _ 8,Piano 8,100140,30
269.22949425,0.06944450000003144,93,91,all voices piano,Acoustic Grand Piano _ 8,Piano 8,100170,30
269.29893875000005,0.0694444999999746,88,91,all voices piano,Acoustic Grand Piano _ 8,Piano 8,100200,30
269.36838325,0.06944450000003144,81,91,all voices piano,Acoustic Grand Piano _ 8,Piano 8,100230,30
269.43782775000005,0.0694444999999746,81,91,all voices piano,Acoustic Grand Piano _ 8,Piano 8,100260,30
269.50727225,0.06944450000003144,76,91,all voices piano,Acoustic Grand Piano _ 8,Piano 8,100290,30
269.57671675000006,0.0694444999999746,69,91,all voices piano,Acoustic Grand Piano _ 8,Piano 8,100320,30
269.64616125000003,0.06944450000003144,69,91,all voices piano,Acoustic Grand Piano _ 8,Piano 8,100350,30
269.71560575000007,0.0694444999999746,76,91,all voices piano,Acoustic Grand Piano _ 8,Piano 8,100380,30
269.78505025000004,0.0694444999999746,81,91,all voices piano,Acoustic Grand Piano _ 8,Piano 8,100410,30
269.85449475,0.06944450000003144,81,91,all voices piano,Acoustic Grand Piano _ 8,Piano 8,100440,30
269.92393925000005,0.0694444999999746,88,91,all voices piano,Acoustic Grand Piano _ 8,Piano 8,100470,30
269.99338375,0.06944450000003144,93,91,all voices piano,Acoustic Grand Piano _ 8,Piano 8,100500,30
270.06282825000005,0.0694444999999746,93,91,all voices piano,Acoustic Grand Piano _ 8,Piano 8,100530,30
270.13227275,0.06944450000003144,88,91,all voices piano,Acoustic Grand Piano _ 8,Piano 8,100560,30
270.20171725000006,0.0694444999999746,81,91,all voices piano,Acoustic Grand Piano _ 8,Piano 8,100590,30
270.27116175000003,0.06944450000003144,81,91,all voices piano,Acoustic Grand Piano _ 8,Piano 8,100620,30
270.34060625000006,0.0694444999999746,76,91,all voices piano,Acoustic Grand Piano _ 8,Piano 8,100650,30
270.41005075000004,0.0694444999999746,69,91,all voices piano,Acoustic Grand Piano _ 8,Piano 8,100680,30
270.47949525,0.06944450000003144,69,91,all voices piano,Acoustic Grand Piano _ 8,Piano 8,100710,30
270.54893975000005,0.0694444999999746,76,91,all voices piano,Acoustic Grand Piano _ 8,Piano 8,100740,30
270.61838425,0.06944450000003144,81,91,all voices piano,Acoustic Grand Piano _ 8,Piano 8,100770,30
270.68782875000005,0.0694444999999746,81,91,all voices piano,Acoustic Grand Piano _ 8,Piano 8,100800,30
270.75727325,0.06944450000003144,88,91,all voices piano,Acoustic Grand Piano _ 8,Piano 8,100830,30
270.82671775000006,0.0694444999999746,93,91,all voices piano,Acoustic Grand Piano _ 8,Piano 8,100860,30
270.89616225000003,0.06944450000003144,93,91,all voices piano,Acoustic Grand Piano _ 8,Piano 8,100890,30
270.96560675000006,0.0694444999999746,88,91,all voices piano,Acoustic Grand Piano _ 8,Piano 8,100920,30
271.03505125000004,0.06944450000003144,81,91,all voices piano,Acoustic Grand Piano _ 8,Piano 8,100950,30
271.10449575000007,0.0694444999999746,81,91,all voices piano,Acoustic Grand Piano _ 8,Piano 8,100980,30
271.17394025000004,0.0694444999999746,76,91,all voices piano,Acoustic Grand Piano _ 8,Piano 8,101010,30
271.24338475,0.06944450000003144,69,91,all voices piano,Acoustic Grand Piano _ 8,Piano 8,101040,30
271.31282925000005,0.0694444999999746,69,91,all voices piano,Acoustic Grand Piano _ 8,Piano 8,101070,30
271.38227375,0.06944450000003144,76,91,all voices piano,Acoustic Grand Piano _ 8,Piano 8,101100,30
271.45171825000006,0.0694444999999746,81,91,all voices piano,Acoustic Grand Piano _ 8,Piano 8,101130,30
271.52116275000003,0.06944450000003144,81,91,all voices piano,Acoustic Grand Piano _ 8,Piano 8,101160,30
271.59060725000006,0.0694444999999746,88,91,all voices piano,Acoustic Grand Piano _ 8,Piano 8,101190,30
271.66005175000004,0.06944450000003144,93,91,all voices piano,Acoustic Grand Piano _ 8,Piano 8,101220,30
271.72949625000007,0.0694444999999746,93,91,all voices piano,Acoustic Grand Piano _ 8,Piano 8,101250,30
271.79894075000004,0.0694444999999746,88,91,all voices piano,Acoustic Grand Piano _ 8,Piano 8,101280,30
271.86838525,0.06944450000003144,81,91,all voices piano,Acoustic Grand Piano _ 8,Piano 8,101310,30
271.93782975000005,0.0694444999999746,81,91,all voices piano,Acoustic Grand Piano _ 8,Piano 8,101340,30
272.00727425,0.06944450000003144,76,91,all voices piano,Acoustic Grand Piano _ 8,Piano 8,101370,30
272.07671875000005,0.0694444999999746,69,91,all voices piano,Acoustic Grand Piano _ 8,Piano 8,101400,30
272.14616325000003,0.06944450000003144,69,91,all voices piano,Acoustic Grand Piano _ 8,Piano 8,101430,30
272.21560775000006,0.0694444999999746,76,91,all voices piano,Acoustic Grand Piano _ 8,Piano 8,101460,30
272.28505225000004,0.06944450000003144,81,91,all voices piano,Acoustic Grand Piano _ 8,Piano 8,101490,30
272.35449675000007,0.0694444999999746,81,91,all voices piano,Acoustic Grand Piano _ 8,Piano 8,101520,30
272.42394125000004,0.0694444999999746,88,91,all voices piano,Acoustic Grand Piano _ 8,Piano 8,101550,30
272.49338575,0.06944450000003144,93,91,all voices piano,Acoustic Grand Piano _ 8,Piano 8,101580,30
272.56283025000005,0.4166670000000181,64,91,all voices piano,Acoustic Grand Piano _ 8,Piano 8,101610,240
272.97949725000007,0.20833349999998063,66,91,all voices piano,Acoustic Grand Piano _ 8,Piano 8,101850,120
273.18783075000005,0.20833349999998063,64,91,all voices piano,Acoustic Grand Piano _ 8,Piano 8,101970,120
273.39616425,0.8333340000000362,61,91,all voices piano,Acoustic Grand Piano _ 8,Piano 8,102090,480
274.22949825000006,0.41666699999996126,64,91,all voices piano,Acoustic Grand Piano _ 8,Piano 8,102570,240
274.64616525,0.20833350000003747,66,91,all voices piano,Acoustic Grand Piano _ 8,Piano 8,102810,120
274.85449875000006,0.20833349999998063,64,91,all voices piano,Acoustic Grand Piano _ 8,Piano 8,102930,120
275.06283225000004,0.20833349999998063,61,91,all voices piano,Acoustic Grand Piano _ 8,Piano 8,103050,120
275.27116575,0.20833350000003747,59,91,all voices piano,Acoustic Grand Piano _ 8,Piano 8,103170,120
275.47949925000006,0.41666699999996126,61,91,all voices piano,Acoustic Grand Piano _ 8,Piano 8,103290,240
275.89616625,0.44999999999998863,64,91,all voices piano,Acoustic Grand Piano _ 8,Piano 8,103530,450
276.34616625,0.44999999999998863,66,91,all voices piano,Acoustic Grand Piano _ 8,Piano 8,103980,450
276.79616625,0.4500000000000455,64,91,all voices piano,Acoustic Grand Piano _ 8,Piano 8,104430,450
277.24616625000004,0.44999999999998863,61,91,all voices piano,Acoustic Grand Piano _ 8,Piano 8,104880,450
277.69616625000003,0.8999999999999773,59,91,all voices piano,Acoustic Grand Piano _ 8,Piano 8,105330,900
278.59616625,0.8333339999999794,83,101,all voices piano,Acoustic Grand Piano _ 8,Piano 8,106230,480
279.42950025,0.4166670000000181,73,91,all voices piano,Acoustic Grand Piano _ 8,Piano 8,106710,240
279.84616725,0.4166670000000181,75,91,all voices piano,Acoustic Grand Piano _ 8,Piano 8,106950,240
280.26283425,0.41666699999996126,68,91,all voices piano,Acoustic Grand Piano _ 8,Piano 8,107190,240
280.67950125,0.4166670000000181,71,91,all voices piano,Acoustic Grand Piano _ 8,Piano 8,107430,240
281.09616825,0.4166670000000181,73,91,all voices piano,Acoustic Grand Piano _ 8,Piano 8,107670,240
281.51283525,0.41666699999996126,75,91,all voices piano,Acoustic Grand Piano _ 8,Piano 8,107910,240
281.92950225,0.4166670000000181,68,91,all voices piano,Acoustic Grand Piano _ 8,Piano 8,108150,240
282.34616925,0.4166670000000181,71,91,all voices piano,Acoustic Grand Piano _ 8,Piano 8,108390,240
282.76283625,0.41666699999996126,73,91,all voices piano,Acoustic Grand Piano _ 8,Piano 8,108630,240
283.17950325,0.4166670000000181,75,91,all voices piano,Acoustic Grand Piano _ 8,Piano 8,108870,240
283.59617025,0.4166670000000181,68,91,all voices piano,Acoustic Grand Piano _ 8,Piano 8,109110,240
284.01283725,0.4166670000000181,71,91,all voices piano,Acoustic Grand Piano _ 8,Piano 8,109350,240
284.42950425000004,0.41666699999996126,73,91,all voices piano,Acoustic Grand Piano _ 8,Piano 8,109590,240
284.84617125,0.4166670000000181,75,91,all voices piano,Acoustic Grand Piano _ 8,Piano 8,109830,240
285.26283825,0.4166670000000181,68,91,all voices piano,Acoustic Grand Piano _ 8,Piano 8,110070,240
285.67950525000003,0.41666699999996126,71,91,all voices piano,Acoustic Grand Piano _ 8,Piano 8,110310,240
287.76284025,1.5,92,85,all voices piano,Acoustic Grand Piano _ 8,Piano 8,111510,60
0.0,0.4166665,64,82,Track_3,Acoustic Grand Piano _ 2,Piano 2,0,120
0.4166665,0.4166665,68,82,Track_3,Acoustic Grand Piano _ 2,Piano 2,120,120
0.833333,0.41666649999999994,76,82,Track_3,Acoustic Grand Piano _ 2,Piano 2,240,120
1.2499995,0.41666650000000005,69,82,Track_3,Acoustic Grand Piano _ 2,Piano 2,360,120
1.666666,0.41666650000000005,64,82,Track_3,Acoustic Grand Piano _ 2,Piano 2,480,120
2.0833325,0.41666649999999983,68,82,Track_3,Acoustic Grand Piano _ 2,Piano 2,600,120
2.499999,0.41666649999999983,76,82,Track_3,Acoustic Grand Piano _ 2,Piano 2,720,120
2.9166654999999997,0.4166665000000003,69,82,Track_3,Acoustic Grand Piano _ 2,Piano 2,840,120
3.333332,0.4166667500000001,64,82,Track_3,Acoustic Grand Piano _ 2,Piano 2,960,60
3.74999875,0.41666674999999964,68,82,Track_3,Acoustic Grand Piano _ 2,Piano 2,1020,60
4.1666655,0.4166667500000001,71,82,Track_3,Acoustic Grand Piano _ 2,Piano 2,1080,60
4.58333225,0.4166667500000001,76,82,Track_3,Acoustic Grand Piano _ 2,Piano 2,1140,60
4.999999,0.41666700000000034,69,82,Track_3,Acoustic Grand Piano _ 2,Piano 2,1200,240
5.416666,0.41666699999999945,73,82,Track_3,Acoustic Grand Piano _ 2,Piano 2,1440,240
5.833333,0.41666700000000034,81,82,Track_3,Acoustic Grand Piano _ 2,Piano 2,1680,240
6.302083375,0.36458362499999986,66,82,Track_3,Acoustic Grand Piano _ 2,Piano 2,1950,210
6.6666669999999995,0.41666700000000034,69,82,Track_3,Acoustic Grand Piano _ 2,Piano 2,2160,240
7.083334,0.41666699999999945,73,82,Track_3,Acoustic Grand Piano _ 2,Piano 2,2400,240
7.500000999999999,0.41666700000000034,81,82,Track_3,Acoustic Grand Piano _ 2,Piano 2,2640,240
7.968751375,0.36458362499999986,66,82,Track_3,Acoustic Grand Piano _ 2,Piano 2,2910,210
8.333335,0.41666649999999983,69,82,Track_3,Acoustic Grand Piano _ 2,Piano 2,3120,120
8.7500015,0.41666649999999983,73,82,Track_3,Acoustic Grand Piano _ 2,Piano 2,3240,120
9.166668,0.41666649999999983,66,82,Track_3,Acoustic Grand Piano _ 2,Piano 2,3360,120
9.5833345,0.41666649999999983,62,82,Track_3,Acoustic Grand Piano _ 2,Piano 2,3480,120
10.000001,0.41666649999999983,58,82,Track_3,Acoustic Grand Piano _ 2,Piano 2,3600,120
10.416667499999999,0.4166665000000016,55,82,Track_3,Acoustic Grand Piano _ 2,Piano 2,3720,120
10.833334,0.41666649999999805,52,82,Track_3,Acoustic Grand Piano _ 2,Piano 2,3840,120
11.250000499999999,0.4166665000000016,49,82,Track_3,Acoustic Grand Piano _ 2,Piano 2,3960,120
12.0833335,0.8333329999999997,58,88,Track_3,Acoustic Grand Piano _ 2,Piano 2,4200,240
13.7499995,0.8333330000000014,58,88,Track_3,Acoustic Grand Piano _ 2,Piano 2,4680,240
15.416666,0.8333340000000007,58,91,Track_3,Acoustic Grand Piano _ 2,Piano 2,5280,480
16.25,0.8333340000000007,58,91,Track_3,Acoustic Grand Piano _ 2,Piano 2,5760,480
17.083334,0.4166669999999968,60,88,Track_3,Acoustic Grand Piano _ 2,Piano 2,6240,240
17.500000999999997,0.41666700000000034,58,86,Track_3,Acoustic Grand Piano _ 2,Piano 2,6480,240
17.916667999999998,0.41666700000000034,57,77,Track_3,Acoustic Grand Piano _ 2,Piano 2,6720,240
18.333334999999998,0.4166665000000016,47,82,Track_3,Acoustic Grand Piano _ 2,Piano 2,6960,120
18.7500015,0.41666649999999805,64,82,Track_3,Acoustic Grand Piano _ 2,Piano 2,7080,120
19.166667999999998,0.4166665000000016,68,82,Track_3,Acoustic Grand Piano _ 2,Piano 2,7200,120
19.5833345,0.41666649999999805,57,82,Track_3,Acoustic Grand Piano _ 2,Piano 2,7320,120
20.000000999999997,0.4166665000000016,59,82,Track_3,Acoustic Grand Piano _ 2,Piano 2,7440,120
20.4166675,0.41666649999999805,64,82,Track_3,Acoustic Grand Piano _ 2,Piano 2,7560,120
20.833333999999997,0.4166665000000016,68,82,Track_3,Acoustic Grand Piano _ 2,Piano 2,7680,120
21.2500005,0.41666649999999805,57,82,Track_3,Acoustic Grand Piano _ 2,Piano 2,7800,120
21.666666999999997,0.416666750000001,59,82,Track_3,Acoustic Grand Piano _ 2,Piano 2,7920,60
22.083333749999998,0.4166667499999974,64,82,Track_3,Acoustic Grand Piano _ 2,Piano 2,7980,60
22.500000499999995,0.416666750000001,68,82,Track_3,Acoustic Grand Piano _ 2,Piano 2,8040,60
22.916667249999996,0.416666750000001,76,82,Track_3,Acoustic Grand Piano _ 2,Piano 2,8100,60
23.333333999999997,0.4166665000000016,73,82,Track_3,Acoustic Grand Piano _ 2,Piano 2,8160,120
23.7500005,0.41666649999999805,80,82,Track_3,Acoustic Grand Piano _ 2,Piano 2,8280,120
24.166666999999997,0.4166665000000016,66,82,Track_3,Acoustic Grand Piano _ 2,Piano 2,8400,120
24.5833335,0.41666649999999805,73,82,Track_3,Acoustic Grand Piano _ 2,Piano 2,8520,120
24.999999999999996,0.4166665000000016,73,82,Track_3,Acoustic Grand Piano _ 2,Piano 2,8640,120
25.416666499999998,0.41666649999999805,80,82,Track_3,Acoustic Grand Piano _ 2,Piano 2,8760,120
25.833332999999996,0.4166665000000016,66,82,Track_3,Acoustic Grand Piano _ 2,Piano 2,8880,120
26.249999499999998,0.41666649999999805,73,82,Track_3,Acoustic Grand Piano _ 2,Piano 2,9000,120
26.666665999999996,0.416666750000001,73,82,Track_3,Acoustic Grand Piano _ 2,Piano 2,9120,60
27.083332749999997,0.4166667499999974,80,82,Track_3,Acoustic Grand Piano _ 2,Piano 2,9180,60
27.499999499999994,0.416666750000001,66,82,Track_3,Acoustic Grand Piano _ 2,Piano 2,9240,60
27.916666249999995,0.416666750000001,73,82,Track_3,Acoustic Grand Piano _ 2,Piano 2,9300,60
28.333332999999996,0.4166667499999974,57,82,Track_3,Acoustic Grand Piano _ 2,Piano 2,9360,60
29.583333249999995,0.416666750000001,66,82,Track_3,Acoustic Grand Piano _ 2,Piano 2,9540,60
29.999999999999996,0.41666700000000034,49,82,Track_3,Acoustic Grand Piano _ 2,Piano 2,9600,360
30.416666999999997,0.41666700000000034,61,82,Track_3,Acoustic Grand Piano _ 2,Piano 2,9960,360
30.833333999999997,0.41666700000000034,61,82,Track_3,Acoustic Grand Piano _ 2,Piano 2,10320,360
31.250000999999997,0.4166669999999968,73,82,Track_3,Acoustic Grand Piano _ 2,Piano 2,10680,360
31.666667999999994,0.4166670000000039,69,82,Track_3,Acoustic Grand Piano _ 2,Piano 2,11040,360
32.083335,0.4166669999999968,74,82,Track_3,Acoustic Grand Piano _ 2,Piano 2,11400,360
32.500001999999995,0.4166670000000039,74,82,Track_3,Acoustic Grand Piano _ 2,Piano 2,11760,360
32.916669,0.4166669999999968,78,82,Track_3,Acoustic Grand Piano _ 2,Piano 2,12120,360
33.333335999999996,0.4166667499999974,68,82,Track_3,Acoustic Grand Piano _ 2,Piano 2,12480,60
33.75000274999999,0.4166667500000045,73,82,Track_3,Acoustic Grand Piano _ 2,Piano 2,12540,60
34.1666695,0.41666649999999805,80,82,Track_3,Acoustic Grand Piano _ 2,Piano 2,12600,120
34.583335999999996,0.41666650000000516,78,85,Track_3,Acoustic Grand Piano _ 2,Piano 2,12720,120
35.0000025,0.41666649999999805,68,87,Track_3,Acoustic Grand Piano _ 2,Piano 2,12840,120
35.416669,0.41666649999999805,73,90,Track_3,Acoustic Grand Piano _ 2,Piano 2,12960,120
35.8333355,0.41666649999999805,85,92,Track_3,Acoustic Grand Piano _ 2,Piano 2,13080,120
36.250001999999995,0.41666650000000516,83,95,Track_3,Acoustic Grand Piano _ 2,Piano 2,13200,120
36.6666685,0.41666649999999805,80,97,Track_3,Acoustic Grand Piano _ 2,Piano 2,13320,120
37.083335,0.41666649999999805,85,100,Track_3,Acoustic Grand Piano _ 2,Piano 2,13440,120
37.500001499999996,0.41666649999999805,85,111,Track_3,Acoustic Grand Piano _ 2,Piano 2,13560,120
37.916667999999994,0.41666650000000516,83,100,Track_3,Acoustic Grand Piano _ 2,Piano 2,13680,120
38.3333345,0.41666649999999805,80,99,Track_3,Acoustic Grand Piano _ 2,Piano 2,13800,120
38.750001,0.41666649999999805,78,97,Track_3,Acoustic Grand Piano _ 2,Piano 2,13920,120
39.166667499999996,0.41666649999999805,73,96,Track_3,Acoustic Grand Piano _ 2,Piano 2,14040,120
39.583333999999994,0.41666650000000516,71,95,Track_3,Acoustic Grand Piano _ 2,Piano 2,14160,120
40.0000005,0.41666649999999805,68,93,Track_3,Acoustic Grand Piano _ 2,Piano 2,14280,120
40.416667,0.41666649999999805,66,92,Track_3,Acoustic Grand Piano _ 2,Piano 2,14400,120
41.25000049999999,0.4166670000000039,71,99,Track_3,Acoustic Grand Piano _ 2,Piano 2,14700,180
41.666667499999996,0.4166669999999968,68,99,Track_3,Acoustic Grand Piano _ 2,Piano 2,14880,180
42.08333449999999,0.4166670000000039,66,99,Track_3,Acoustic Grand Piano _ 2,Piano 2,15060,180
42.500001499999996,0.4166669999999968,68,99,Track_3,Acoustic Grand Piano _ 2,Piano 2,15240,180
42.91666849999999,0.4166670000000039,71,99,Track_3,Acoustic Grand Piano _ 2,Piano 2,15420,180
43.3333355,0.4166669999999968,68,99,Track_3,Acoustic Grand Piano _ 2,Piano 2,15600,180
43.750002499999994,0.4166670000000039,66,99,Track_3,Acoustic Grand Piano _ 2,Piano 2,15780,180
44.583335999999996,0.41666650000000516,59,96,Track_3,Acoustic Grand Piano _ 2,Piano 2,16080,120
45.0000025,0.41666649999999805,56,95,Track_3,Acoustic Grand Piano _ 2,Piano 2,16200,120
45.416669,0.41666649999999805,54,93,Track_3,Acoustic Grand Piano _ 2,Piano 2,16320,120
45.8333355,0.41666649999999805,56,92,Track_3,Acoustic Grand Piano _ 2,Piano 2,16440,120
46.250001999999995,0.41666650000000516,59,91,Track_3,Acoustic Grand Piano _ 2,Piano 2,16560,120
46.6666685,0.41666649999999805,56,90,Track_3,Acoustic Grand Piano _ 2,Piano 2,16680,120
47.083335,0.41666649999999805,54,88,Track_3,Acoustic Grand Piano _ 2,Piano 2,16800,120
52.708333,0.4166669999999968,85,88,Track_3,Acoustic Grand Piano _ 2,Piano 2,18540,180
53.125,0.4166670000000039,87,88,Track_3,Acoustic Grand Piano _ 2,Piano 2,18720,180
53.541667000000004,0.4166669999999968,85,88,Track_3,Acoustic Grand Piano _ 2,Piano 2,18900,180
53.958334,0.20833350000000195,90,88,Track_3,Acoustic Grand Piano _ 2,Piano 2,19080,90
54.1666675,0.20833350000000195,87,88,Track_3,Acoustic Grand Piano _ 2,Piano 2,19170,90
54.375001000000005,0.4166669999999968,85,88,Track_3,Acoustic Grand Piano _ 2,Piano 2,19260,180
54.791668,0.4166670000000039,80,88,Track_3,Acoustic Grand Piano _ 2,Piano 2,19440,180
55.208335000000005,0.4166669999999968,80,86,Track_3,Acoustic Grand Piano _ 2,Piano 2,19620,180
55.625002,0.4166669999999968,78,83,Track_3,Acoustic Grand Piano _ 2,Piano 2,19800,180
56.041669,0.4166670000000039,73,83,Track_3,Acoustic Grand Piano _ 2,Piano 2,19980,180
56.458336,0.4166669999999968,75,83,Track_3,Acoustic Grand Piano _ 2,Piano 2,20160,180
56.875003,0.4166670000000039,73,83,Track_3,Acoustic Grand Piano _ 2,Piano 2,20340,180
57.29167,0.20833350000000195,78,83,Track_3,Acoustic Grand Piano _ 2,Piano 2,20520,90
57.500003500000005,0.20833349999999484,75,83,Track_3,Acoustic Grand Piano _ 2,Piano 2,20610,90
57.708337,0.4166670000000039,73,83,Track_3,Acoustic Grand Piano _ 2,Piano 2,20700,180
58.125004000000004,0.4166669999999968,68,83,Track_3,Acoustic Grand Piano _ 2,Piano 2,20880,180
58.541671,0.4166670000000039,68,81,Track_3,Acoustic Grand Piano _ 2,Piano 2,21060,180
58.958338000000005,0.4166669999999968,66,78,Track_3,Acoustic Grand Piano _ 2,Piano 2,21240,180
59.375005,0.41666649999999805,73,81,Track_3,Acoustic Grand Piano _ 2,Piano 2,21420,120
59.7916715,0.41666650000000516,75,83,Track_3,Acoustic Grand Piano _ 2,Piano 2,21540,120
60.208338000000005,0.41666649999999805,73,86,Track_3,Acoustic Grand Piano _ 2,Piano 2,21660,120
60.6250045,0.20833324999999547,78,88,Track_3,Acoustic Grand Piano _ 2,Piano 2,21780,60
60.83333775,0.20833325000000258,75,91,Track_3,Acoustic Grand Piano _ 2,Piano 2,21840,60
61.041671,0.41666649999999805,73,91,Track_3,Acoustic Grand Piano _ 2,Piano 2,21900,120
61.4583375,0.41666650000000516,68,86,Track_3,Acoustic Grand Piano _ 2,Piano 2,22020,120
61.875004000000004,0.41666649999999805,68,81,Track_3,Acoustic Grand Piano _ 2,Piano 2,22140,120
62.2916705,0.41666649999999805,66,78,Track_3,Acoustic Grand Piano _ 2,Piano 2,22260,120
62.708337,0.41666649999999805,64,78,Track_3,Acoustic Grand Piano _ 2,Piano 2,22380,120
63.1250035,0.20833325000000258,66,78,Track_3,Acoustic Grand Piano _ 2,Piano 2,22500,60
63.33333675,0.20833325000000258,64,78,Track_3,Acoustic Grand Piano _ 2,Piano 2,22560,60
63.54167,0.8333330000000032,61,78,Track_3,Acoustic Grand Piano _ 2,Piano 2,22620,240
64.375003,0.41666649999999095,64,78,Track_3,Acoustic Grand Piano _ 2,Piano 2,22860,120
64.7916695,0.20833325000000968,66,78,Track_3,Acoustic Grand Piano _ 2,Piano 2,22980,60
65.00000275000001,0.20833324999999547,64,78,Track_3,Acoustic Grand Piano _ 2,Piano 2,23040,60
65.208336,0.20833324999999547,61,78,Track_3,Acoustic Grand Piano _ 2,Piano 2,23100,60
65.41666925,0.20833325000000968,59,78,Track_3,Acoustic Grand Piano _ 2,Piano 2,23160,60
65.62500250000001,0.41666649999999095,61,78,Track_3,Acoustic Grand Piano _ 2,Piano 2,23220,120
66.041669,0.41666650000000516,64,78,Track_3,Acoustic Grand Piano _ 2,Piano 2,23340,120
66.4583355,0.41666649999999095,66,81,Track_3,Acoustic Grand Piano _ 2,Piano 2,23460,120
66.875002,0.41666650000000516,64,83,Track_3,Acoustic Grand Piano _ 2,Piano 2,23580,120
67.2916685,0.41666650000000516,61,86,Track_3,Acoustic Grand Piano _ 2,Piano 2,23700,120
67.708335,0.8333329999999961,59,88,Track_3,Acoustic Grand Piano _ 2,Piano 2,23820,240
68.541668,0.8333329999999961,61,91,Track_3,Acoustic Grand Piano _ 2,Piano 2,24060,240
69.375001,0.41666650000000516,61,82,Track_3,Acoustic Grand Piano _ 2,Piano 2,24300,120
69.7916675,0.41666650000000516,63,82,Track_3,Acoustic Grand Piano _ 2,Piano 2,24420,120
70.20833400000001,0.41666649999999095,64,82,Track_3,Acoustic Grand Piano _ 2,Piano 2,24540,120
70.6250005,0.41666650000000516,69,82,Track_3,Acoustic Grand Piano _ 2,Piano 2,24660,120
71.041667,0.20833324999999547,61,82,Track_3,Acoustic Grand Piano _ 2,Piano 2,24780,60
71.25000025,0.20833324999999547,63,82,Track_3,Acoustic Grand Piano _ 2,Piano 2,24840,60
71.66666675,0.20833324999999547,63,82,Track_3,Acoustic Grand Piano _ 2,Piano 2,24960,60
71.875,0.41666650000000516,64,82,Track_3,Acoustic Grand Piano _ 2,Piano 2,25020,120
72.2916665,0.41666649999999095,69,82,Track_3,Acoustic Grand Piano _ 2,Piano 2,25140,120
72.708333,0.41666650000000516,73,82,Track_3,Acoustic Grand Piano _ 2,Piano 2,25260,120
73.1249995,0.41666650000000516,75,85,Track_3,Acoustic Grand Piano _ 2,Piano 2,25380,120
73.541666,0.41666649999999095,76,87,Track_3,Acoustic Grand Piano _ 2,Piano 2,25500,120
73.9583325,0.41666650000000516,81,90,Track_3,Acoustic Grand Piano _ 2,Piano 2,25620,120
74.374999,0.20833324999999547,85,92,Track_3,Acoustic Grand Piano _ 2,Piano 2,25740,60
74.58333225,0.20833324999999547,87,92,Track_3,Acoustic Grand Piano _ 2,Piano 2,25800,60
74.99999875,0.20833324999999547,87,95,Track_3,Acoustic Grand Piano _ 2,Piano 2,25920,60
75.208332,0.41666650000000516,88,97,Track_3,Acoustic Grand Piano _ 2,Piano 2,25980,120
75.6249985,0.41666649999999095,93,100,Track_3,Acoustic Grand Piano _ 2,Piano 2,26100,120
76.041665,0.4166667500000045,75,102,Track_3,Acoustic Grand Piano _ 2,Piano 2,26220,60
76.45833175,0.4166667499999903,94,102,Track_3,Acoustic Grand Piano _ 2,Piano 2,26280,60
77.708332,0.4166667499999903,82,102,Track_3,Acoustic Grand Piano _ 2,Piano 2,26460,60
78.12499874999999,0.4166667500000045,94,102,Track_3,Acoustic Grand Piano _ 2,Piano 2,26520,60
79.37499899999999,0.41666650000000516,75,101,Track_3,Acoustic Grand Piano _ 2,Piano 2,26700,120
79.7916655,0.41666649999999095,87,101,Track_3,Acoustic Grand Piano _ 2,Piano 2,26820,120
80.20833199999998,0.41666650000000516,75,101,Track_3,Acoustic Grand Piano _ 2,Piano 2,26940,120
80.62499849999999,0.41666650000000516,63,101,Track_3,Acoustic Grand Piano _ 2,Piano 2,27060,120
81.041665,0.41666649999999095,51,101,Track_3,Acoustic Grand Piano _ 2,Piano 2,27180,120
81.45833149999999,0.41666650000000516,63,101,Track_3,Acoustic Grand Piano _ 2,Piano 2,27300,120
81.87499799999999,0.41666649999999095,75,101,Track_3,Acoustic Grand Piano _ 2,Piano 2,27420,120
82.29166449999998,0.41666650000000516,87,101,Track_3,Acoustic Grand Piano _ 2,Piano 2,27540,120
82.70833099999999,0.41666650000000516,75,101,Track_3,Acoustic Grand Piano _ 2,Piano 2,27660,120
83.12499749999999,0.41666649999999095,87,101,Track_3,Acoustic Grand Piano _ 2,Piano 2,27780,120
83.54166399999998,0.41666650000000516,75,99,Track_3,Acoustic Grand Piano _ 2,Piano 2,27900,120
83.95833049999999,0.41666650000000516,87,96,Track_3,Acoustic Grand Piano _ 2,Piano 2,28020,120
84.374997,0.4411764999999974,75,93,Track_3,Acoustic Grand Piano _ 2,Piano 2,28140,120
84.81617349999999,0.4411764999999974,87,93,Track_3,Acoustic Grand Piano _ 2,Piano 2,28260,120
85.25734999999999,0.44117650000001163,75,93,Track_3,Acoustic Grand Piano _ 2,Piano 2,28380,120
85.6985265,0.4411764999999974,87,93,Track_3,Acoustic Grand Piano _ 2,Piano 2,28500,120
86.139703,0.4166667500000045,87,82,Track_3,Acoustic Grand Piano _ 2,Piano 2,28620,60
86.55636975,0.4166667499999903,89,82,Track_3,Acoustic Grand Piano _ 2,Piano 2,28680,60
86.97303649999999,0.4166667500000045,85,82,Track_3,Acoustic Grand Piano _ 2,Piano 2,28740,60
87.38970325,0.20833337499999516,92,82,Track_3,Acoustic Grand Piano _ 2,Piano 2,28800,30
87.59803662499999,0.20833337500000937,85,82,Track_3,Acoustic Grand Piano _ 2,Piano 2,28830,30
87.80637,0.4166667499999903,87,82,Track_3,Acoustic Grand Piano _ 2,Piano 2,28860,60
88.22303674999999,0.4166667500000045,89,82,Track_3,Acoustic Grand Piano _ 2,Piano 2,28920,60
88.6397035,0.4166667500000045,85,82,Track_3,Acoustic Grand Piano _ 2,Piano 2,28980,60
89.05637025,0.20833337499999516,92,82,Track_3,Acoustic Grand Piano _ 2,Piano 2,29040,30
89.264703625,0.20833337499999516,85,82,Track_3,Acoustic Grand Piano _ 2,Piano 2,29070,30
89.47303699999999,0.4166667500000045,87,82,Track_3,Acoustic Grand Piano _ 2,Piano 2,29100,60
89.88970375,0.4166667500000045,89,82,Track_3,Acoustic Grand Piano _ 2,Piano 2,29160,60
90.3063705,0.4166667499999903,85,82,Track_3,Acoustic Grand Piano _ 2,Piano 2,29220,60
90.72303724999999,0.4166667500000045,87,82,Track_3,Acoustic Grand Piano _ 2,Piano 2,29280,60
91.139704,0.4166667500000045,83,82,Track_3,Acoustic Grand Piano _ 2,Piano 2,29340,60
91.55637075,0.4166667500000045,85,82,Track_3,Acoustic Grand Piano _ 2,Piano 2,29400,60
91.9730375,0.4166667499999903,82,82,Track_3,Acoustic Grand Piano _ 2,Piano 2,29460,60
92.38970425,0.4166667500000045,84,82,Track_3,Acoustic Grand Piano _ 2,Piano 2,29520,60
92.806371,0.20833337499999516,72,82,Track_3,Acoustic Grand Piano _ 2,Piano 2,29580,30
93.014704375,0.20833337500000937,70,82,Track_3,Acoustic Grand Piano _ 2,Piano 2,29610,30
93.22303775,0.20833337499999516,70,82,Track_3,Acoustic Grand Piano _ 2,Piano 2,29640,30
93.431371125,0.20833337499999516,68,82,Track_3,Acoustic Grand Piano _ 2,Piano 2,29670,30
93.6397045,0.20833337500000937,70,82,Track_3,Acoustic Grand Piano _ 2,Piano 2,29700,30
93.848037875,0.20833337499999516,68,82,Track_3,Acoustic Grand Piano _ 2,Piano 2,29730,30
94.05637125,0.20833337499999516,70,82,Track_3,Acoustic Grand Piano _ 2,Piano 2,29760,30
94.473038,0.20833337499999516,72,82,Track_3,Acoustic Grand Piano _ 2,Piano 2,29820,30
94.681371375,0.20833337499999516,70,82,Track_3,Acoustic Grand Piano _ 2,Piano 2,29850,30
94.88970474999999,0.20833337500000937,70,82,Track_3,Acoustic Grand Piano _ 2,Piano 2,29880,30
95.098038125,0.20833337499999516,68,82,Track_3,Acoustic Grand Piano _ 2,Piano 2,29910,30
95.3063715,0.20833337499999516,70,82,Track_3,Acoustic Grand Piano _ 2,Piano 2,29940,30
95.51470487499999,0.20833337500000937,68,82,Track_3,Acoustic Grand Piano _ 2,Piano 2,29970,30
95.72303825,0.20833337499999516,70,82,Track_3,Acoustic Grand Piano _ 2,Piano 2,30000,30
96.13970499999999,0.20833337500000937,72,82,Track_3,Acoustic Grand Piano _ 2,Piano 2,30060,30
96.348038375,0.20833337499999516,70,82,Track_3,Acoustic Grand Piano _ 2,Piano 2,30090,30
96.55637175,0.20833337499999516,70,82,Track_3,Acoustic Grand Piano _ 2,Piano 2,30120,30
96.76470512499999,0.20833337500000937,68,82,Track_3,Acoustic Grand Piano _ 2,Piano 2,30150,30
96.9730385,0.20833337499999516,70,82,Track_3,Acoustic Grand Piano _ 2,Piano 2,30180,30
97.181371875,0.20833337499999516,68,82,Track_3,Acoustic Grand Piano _ 2,Piano 2,30210,30
97.38970524999999,0.20833337500000937,68,82,Track_3,Acoustic Grand Piano _ 2,Piano 2,30240,30
97.598038625,0.20833337499999516,66,82,Track_3,Acoustic Grand Piano _ 2,Piano 2,30270,30
97.806372,0.20833337499999516,68,80,Track_3,Acoustic Grand Piano _ 2,Piano 2,30300,30
98.01470537499999,0.20833337500000937,66,80,Track_3,Acoustic Grand Piano _ 2,Piano 2,30330,30
98.22303875,0.20833337499999516,66,80,Track_3,Acoustic Grand Piano _ 2,Piano 2,30360,30
98.431372125,0.20833337499999516,64,80,Track_3,Acoustic Grand Piano _ 2,Piano 2,30390,30
98.63970549999999,0.20833337500000937,70,77,Track_3,Acoustic Grand Piano _ 2,Piano 2,30420,30
99.473039,0.20833337499999516,68,77,Track_3,Acoustic Grand Piano _ 2,Piano 2,30540,30
99.681372375,0.20833337499999516,66,77,Track_3,Acoustic Grand Piano _ 2,Piano 2,30570,30
99.88970574999999,0.20833337500000937,66,74,Track_3,Acoustic Grand Piano _ 2,Piano 2,30600,30
100.098039125,0.20833337499999516,64,74,Track_3,Acoustic Grand Piano _ 2,Piano 2,30630,30
100.3063725,0.20833337499999516,70,74,Track_3,Acoustic Grand Piano _ 2,Piano 2,30660,30
100.51470587499999,0.20833337500000937,65,74,Track_3,Acoustic Grand Piano _ 2,Piano 2,30690,30
101.13970599999999,0.20833337500000937,68,72,Track_3,Acoustic Grand Piano _ 2,Piano 2,30780,30
101.348039375,0.20833337499999516,66,72,Track_3,Acoustic Grand Piano _ 2,Piano 2,30810,30
101.55637275,0.20833337499999516,66,69,Track_3,Acoustic Grand Piano _ 2,Piano 2,30840,30
101.76470612499999,0.20833337500000937,64,69,Track_3,Acoustic Grand Piano _ 2,Piano 2,30870,30
101.9730395,0.20833337499999516,70,69,Track_3,Acoustic Grand Piano _ 2,Piano 2,30900,30
102.181372875,0.20833337499999516,65,69,Track_3,Acoustic Grand Piano _ 2,Piano 2,30930,30
102.806373,0.20833349999999484,56,69,Track_3,Acoustic Grand Piano _ 2,Piano 2,31020,180
103.63970699999999,0.20833350000000905,68,80,Track_3,Acoustic Grand Piano _ 2,Piano 2,31740,180
104.473041,0.20833349999999484,80,91,Track_3,Acoustic Grand Piano _ 2,Piano 2,32460,180
105.5147085,0.20833349999999484,82,91,Track_3,Acoustic Grand Piano _ 2,Piano 2,33360,180
105.93137549999999,0.20833350000000905,82,91,Track_3,Acoustic Grand Piano _ 2,Piano 2,33720,180
106.34804249999999,0.4166670000000039,78,91,Track_3,Acoustic Grand Piano _ 2,Piano 2,34080,360
106.7647095,0.20833349999999484,78,91,Track_3,Acoustic Grand Piano _ 2,Piano 2,34440,180
107.1813765,0.20833349999999484,70,91,Track_3,Acoustic Grand Piano _ 2,Piano 2,34800,180
107.806377,0.20833349999999484,56,91,Track_3,Acoustic Grand Piano _ 2,Piano 2,35340,180
108.01471049999999,0.4166670000000039,61,91,Track_3,Acoustic Grand Piano _ 2,Piano 2,35520,360
108.4313775,0.20833349999999484,59,91,Track_3,Acoustic Grand Piano _ 2,Piano 2,35880,180
108.84804449999999,0.20833350000000905,58,91,Track_3,Acoustic Grand Piano _ 2,Piano 2,36240,180
109.47304499999998,0.4166670000000039,44,91,Track_3,Acoustic Grand Piano _ 2,Piano 2,36780,360
109.88971199999999,0.4166670000000039,58,100,Track_3,Acoustic Grand Piano _ 2,Piano 2,37140,360
110.30637899999999,0.20833349999999484,62,91,Track_3,Acoustic Grand Piano _ 2,Piano 2,37500,180
111.13971299999999,0.20833350000000905,74,91,Track_3,Acoustic Grand Piano _ 2,Piano 2,38220,180
112.18138049999999,0.20833350000000905,79,91,Track_3,Acoustic Grand Piano _ 2,Piano 2,39120,180
112.59804749999999,0.20833349999999484,79,91,Track_3,Acoustic Grand Piano _ 2,Piano 2,39480,180
113.0147145,0.4166669999999897,70,91,Track_3,Acoustic Grand Piano _ 2,Piano 2,39840,360
113.43138149999999,0.20833350000000905,70,91,Track_3,Acoustic Grand Piano _ 2,Piano 2,40200,180
114.05638199999999,0.4166670000000039,67,91,Track_3,Acoustic Grand Piano _ 2,Piano 2,40740,360
114.68138249999998,0.625000500000013,54,100,Track_3,Acoustic Grand Piano _ 2,Piano 2,41280,540
115.51471649999999,0.20833349999999484,55,91,Track_3,Acoustic Grand Piano _ 2,Piano 2,42000,180
117.402875,0.3030300000000068,61,92,Track_3,Acoustic Grand Piano _ 2,Piano 2,43020,240
117.705905,0.3030299999999926,65,92,Track_3,Acoustic Grand Piano _ 2,Piano 2,43260,240
118.008935,0.3030300000000068,71,92,Track_3,Acoustic Grand Piano _ 2,Piano 2,43500,240
118.311965,0.454544999999996,73,92,Track_3,Acoustic Grand Piano _ 2,Piano 2,43740,360
118.76651,0.454544999999996,65,92,Track_3,Acoustic Grand Piano _ 2,Piano 2,44100,360
119.22105499999999,0.227272499999998,61,92,Track_3,Acoustic Grand Piano _ 2,Piano 2,44460,180
119.44832749999999,0.227272499999998,64,92,Track_3,Acoustic Grand Piano _ 2,Piano 2,44640,180
119.67559999999999,0.2272725000000122,67,92,Track_3,Acoustic Grand Piano _ 2,Piano 2,44820,180
119.9028725,0.227272499999998,71,92,Track_3,Acoustic Grand Piano _ 2,Piano 2,45000,180
120.130145,0.454544999999996,76,92,Track_3,Acoustic Grand Piano _ 2,Piano 2,45180,360
120.58469,0.454544999999996,71,92,Track_3,Acoustic Grand Piano _ 2,Piano 2,45540,360
121.03923499999999,0.3030300000000068,61,92,Track_3,Acoustic Grand Piano _ 2,Piano 2,45900,240
121.342265,0.3030299999999926,65,92,Track_3,Acoustic Grand Piano _ 2,Piano 2,46140,240
121.64529499999999,0.3030300000000068,71,92,Track_3,Acoustic Grand Piano _ 2,Piano 2,46380,240
121.948325,0.454544999999996,73,92,Track_3,Acoustic Grand Piano _ 2,Piano 2,46620,360
122.40287,0.454544999999996,65,92,Track_3,Acoustic Grand Piano _ 2,Piano 2,46980,360
122.85741499999999,0.2272725000000122,61,92,Track_3,Acoustic Grand Piano _ 2,Piano 2,47340,180
123.0846875,0.227272499999998,64,92,Track_3,Acoustic Grand Piano _ 2,Piano 2,47520,180
123.31196,0.227272499999998,67,92,Track_3,Acoustic Grand Piano _ 2,Piano 2,47700,180
123.5392325,0.227272499999998,71,92,Track_3,Acoustic Grand Piano _ 2,Piano 2,47880,180
123.766505,0.454544999999996,76,92,Track_3,Acoustic Grand Piano _ 2,Piano 2,48060,360
124.22104999999999,0.454544999999996,71,92,Track_3,Acoustic Grand Piano _ 2,Piano 2,48420,360
125.35741325,0.22727274999999736,71,92,Track_3,Acoustic Grand Piano _ 2,Piano 2,48960,60
125.58468599999999,0.4545454999999947,71,92,Track_3,Acoustic Grand Piano _ 2,Piano 2,49020,120
126.03923149999999,0.4545454999999947,71,92,Track_3,Acoustic Grand Piano _ 2,Piano 2,49140,120
126.94832249999999,0.4545454999999947,71,92,Track_3,Acoustic Grand Piano _ 2,Piano 2,49380,120
127.40286799999998,0.45454550000000893,71,93,Track_3,Acoustic Grand Piano _ 2,Piano 2,49500,120
127.85741349999999,0.4545454999999805,71,95,Track_3,Acoustic Grand Piano _ 2,Piano 2,49620,120
128.31195899999997,0.227272499999998,54,95,Track_3,Acoustic Grand Piano _ 2,Piano 2,49740,180
128.53923149999997,0.227272499999998,61,95,Track_3,Acoustic Grand Piano _ 2,Piano 2,49920,180
128.76650399999997,0.227272499999998,64,95,Track_3,Acoustic Grand Piano _ 2,Piano 2,50100,180
128.99377649999997,0.227272499999998,70,95,Track_3,Acoustic Grand Piano _ 2,Piano 2,50280,180
129.22104899999997,0.454544999999996,76,95,Track_3,Acoustic Grand Piano _ 2,Piano 2,50460,360
129.67559399999996,0.4545450000000244,70,95,Track_3,Acoustic Grand Piano _ 2,Piano 2,50820,360
130.13013899999999,0.15151499999998919,54,95,Track_3,Acoustic Grand Piano _ 2,Piano 2,51180,120
130.28165399999997,0.15151499999998919,60,95,Track_3,Acoustic Grand Piano _ 2,Piano 2,51300,120
130.43316899999996,0.1515150000000176,64,95,Track_3,Acoustic Grand Piano _ 2,Piano 2,51420,120
130.58468399999998,0.15151499999998919,69,95,Track_3,Acoustic Grand Piano _ 2,Piano 2,51540,120
130.73619899999997,0.15151499999998919,72,95,Track_3,Acoustic Grand Piano _ 2,Piano 2,51660,120
130.88771399999996,0.1515150000000176,76,95,Track_3,Acoustic Grand Piano _ 2,Piano 2,51780,120
131.03922899999998,0.15151499999998919,81,95,Track_3,Acoustic Grand Piano _ 2,Piano 2,51900,120
131.19074399999997,0.1515150000000176,76,95,Track_3,Acoustic Grand Piano _ 2,Piano 2,52020,120
131.34225899999998,0.15151499999998919,72,95,Track_3,Acoustic Grand Piano _ 2,Piano 2,52140,120
131.49377399999997,0.15151499999998919,69,95,Track_3,Acoustic Grand Piano _ 2,Piano 2,52260,120
131.64528899999996,0.1515150000000176,64,95,Track_3,Acoustic Grand Piano _ 2,Piano 2,52380,120
131.79680399999998,0.15151499999998919,60,95,Track_3,Acoustic Grand Piano _ 2,Piano 2,52500,120
132.63013724999996,0.22727274999999736,76,95,Track_3,Acoustic Grand Piano _ 2,Piano 2,52800,60
132.85740999999996,0.45454550000002314,76,95,Track_3,Acoustic Grand Piano _ 2,Piano 2,52860,120
133.31195549999998,0.4545454999999947,76,95,Track_3,Acoustic Grand Piano _ 2,Piano 2,52980,120
134.22104649999997,0.4545454999999947,76,96,Track_3,Acoustic Grand Piano _ 2,Piano 2,53220,120
134.67559199999997,0.4545454999999947,76,96,Track_3,Acoustic Grand Piano _ 2,Piano 2,53340,120
135.13013749999996,0.4545454999999947,76,97,Track_3,Acoustic Grand Piano _ 2,Piano 2,53460,120
135.58468299999996,0.22727275000002578,55,97,Track_3,Acoustic Grand Piano _ 2,Piano 2,53580,60
135.81195574999998,0.22727274999999736,61,97,Track_3,Acoustic Grand Piano _ 2,Piano 2,53640,60
136.03922849999998,0.22727274999999736,65,97,Track_3,Acoustic Grand Piano _ 2,Piano 2,53700,60
136.26650124999998,0.22727274999999736,70,97,Track_3,Acoustic Grand Piano _ 2,Piano 2,53760,60
136.49377399999997,0.4545454999999947,58,97,Track_3,Acoustic Grand Piano _ 2,Piano 2,53820,120
136.94831949999997,0.4545454999999947,73,97,Track_3,Acoustic Grand Piano _ 2,Piano 2,53940,120
137.40286499999996,0.22727274999999736,61,97,Track_3,Acoustic Grand Piano _ 2,Piano 2,54060,60
137.63013774999996,0.22727274999999736,67,97,Track_3,Acoustic Grand Piano _ 2,Piano 2,54120,60
137.85741049999996,0.22727274999999736,71,97,Track_3,Acoustic Grand Piano _ 2,Piano 2,54180,60
138.08468324999996,0.22727275000002578,76,97,Track_3,Acoustic Grand Piano _ 2,Piano 2,54240,60
138.31195599999998,0.4545454999999947,71,97,Track_3,Acoustic Grand Piano _ 2,Piano 2,54300,120
138.76650149999998,0.4545454999999947,68,97,Track_3,Acoustic Grand Piano _ 2,Piano 2,54420,120
139.22104699999997,0.15151499999998919,55,97,Track_3,Acoustic Grand Piano _ 2,Piano 2,54540,120
139.37256199999996,0.1515150000000176,61,97,Track_3,Acoustic Grand Piano _ 2,Piano 2,54660,120
139.52407699999998,0.15151499999998919,65,97,Track_3,Acoustic Grand Piano _ 2,Piano 2,54780,120
139.67559199999997,0.1515150000000176,67,97,Track_3,Acoustic Grand Piano _ 2,Piano 2,54900,120
139.82710699999998,0.15151499999998919,73,97,Track_3,Acoustic Grand Piano _ 2,Piano 2,55020,120
139.97862199999997,0.15151499999998919,77,99,Track_3,Acoustic Grand Piano _ 2,Piano 2,55140,120
140.13013699999996,0.227272499999998,70,99,Track_3,Acoustic Grand Piano _ 2,Piano 2,55260,180
140.35740949999996,0.227272499999998,76,99,Track_3,Acoustic Grand Piano _ 2,Piano 2,55440,180
140.58468199999996,0.227272499999998,80,100,Track_3,Acoustic Grand Piano _ 2,Piano 2,55620,180
140.81195449999996,0.22388025000000766,85,100,Track_3,Acoustic Grand Piano _ 2,Piano 2,55800,180
141.03583474999996,0.29850700000000074,67,100,Track_3,Acoustic Grand Piano _ 2,Piano 2,55980,240
141.33434174999996,0.29850700000000074,73,101,Track_3,Acoustic Grand Piano _ 2,Piano 2,56220,240
141.63284874999997,0.29850700000000074,77,101,Track_3,Acoustic Grand Piano _ 2,Piano 2,56460,240
141.93135574999997,0.22388024999997924,70,102,Track_3,Acoustic Grand Piano _ 2,Piano 2,56700,180
142.15523599999995,0.22388025000000766,76,102,Track_3,Acoustic Grand Piano _ 2,Piano 2,56880,180
142.37911624999995,0.2216752500000041,80,102,Track_3,Acoustic Grand Piano _ 2,Piano 2,57060,180
142.60079149999996,0.2216752500000041,82,102,Track_3,Acoustic Grand Piano _ 2,Piano 2,57240,180
142.82246674999996,0.29556700000000546,69,102,Track_3,Acoustic Grand Piano _ 2,Piano 2,57420,240
143.11803374999997,0.29556699999997704,75,102,Track_3,Acoustic Grand Piano _ 2,Piano 2,57660,240
143.41360074999994,0.29556700000000546,79,102,Track_3,Acoustic Grand Piano _ 2,Piano 2,57900,240
143.70916774999995,0.2216752500000041,72,104,Track_3,Acoustic Grand Piano _ 2,Piano 2,58140,180
143.93084299999995,0.2216752500000041,78,104,Track_3,Acoustic Grand Piano _ 2,Piano 2,58320,180
144.15251824999996,0.21951225000000818,82,104,Track_3,Acoustic Grand Piano _ 2,Piano 2,58500,180
144.37203049999997,0.21951224999997976,87,104,Track_3,Acoustic Grand Piano _ 2,Piano 2,58680,180
144.59154274999995,0.2926830000000109,69,105,Track_3,Acoustic Grand Piano _ 2,Piano 2,58860,240
144.88422574999996,0.2926830000000109,75,105,Track_3,Acoustic Grand Piano _ 2,Piano 2,59100,240
145.17690874999997,0.2926829999999825,79,105,Track_3,Acoustic Grand Piano _ 2,Piano 2,59340,240
145.46959174999995,0.2173912499999915,72,106,Track_3,Acoustic Grand Piano _ 2,Piano 2,59580,180
145.68698299999994,0.2173912500000199,78,106,Track_3,Acoustic Grand Piano _ 2,Piano 2,59760,180
145.90437424999996,0.2173912499999915,82,106,Track_3,Acoustic Grand Piano _ 2,Piano 2,59940,180
146.12176549999995,0.2173912499999915,84,106,Track_3,Acoustic Grand Piano _ 2,Piano 2,60120,180
146.33915674999994,0.14492749999999432,72,107,Track_3,Acoustic Grand Piano _ 2,Piano 2,60300,120
146.48408424999994,0.14492750000002275,78,107,Track_3,Acoustic Grand Piano _ 2,Piano 2,60420,120
146.62901174999996,0.14492749999999432,82,107,Track_3,Acoustic Grand Piano _ 2,Piano 2,60540,120
146.77393924999996,0.14492749999999432,73,107,Track_3,Acoustic Grand Piano _ 2,Piano 2,60660,120
146.91886674999995,0.14492749999999432,79,107,Track_3,Acoustic Grand Piano _ 2,Piano 2,60780,120
147.06379424999994,0.14492749999999432,83,107,Track_3,Acoustic Grand Piano _ 2,Piano 2,60900,120
147.20872174999994,0.14492750000002275,74,107,Track_3,Acoustic Grand Piano _ 2,Piano 2,61020,120
147.35364924999996,0.14492749999999432,80,107,Track_3,Acoustic Grand Piano _ 2,Piano 2,61140,120
147.49857674999996,0.14492749999999432,84,107,Track_3,Acoustic Grand Piano _ 2,Piano 2,61260,120
147.64350424999995,0.14492749999999432,75,107,Track_3,Acoustic Grand Piano _ 2,Piano 2,61380,120
147.78843174999994,0.14492749999999432,81,107,Track_3,Acoustic Grand Piano _ 2,Piano 2,61500,120
147.93335924999994,0.14492750000002275,85,107,Track_3,Acoustic Grand Piano _ 2,Piano 2,61620,120
148.07828674999996,0.14492749999999432,71,107,Track_3,Acoustic Grand Piano _ 2,Piano 2,61740,120
148.22321424999996,0.14492749999999432,78,107,Track_3,Acoustic Grand Piano _ 2,Piano 2,61860,120
148.36814174999995,0.14492749999999432,82,107,Track_3,Acoustic Grand Piano _ 2,Piano 2,61980,120
148.51306924999994,0.14492749999999432,73,107,Track_3,Acoustic Grand Piano _ 2,Piano 2,62100,120
148.65799674999994,0.14492750000002275,79,107,Track_3,Acoustic Grand Piano _ 2,Piano 2,62220,120
148.80292424999996,0.14492749999999432,83,107,Track_3,Acoustic Grand Piano _ 2,Piano 2,62340,120
148.94785174999996,0.14492749999999432,74,107,Track_3,Acoustic Grand Piano _ 2,Piano 2,62460,120
149.09277924999995,0.14492749999999432,80,107,Track_3,Acoustic Grand Piano _ 2,Piano 2,62580,120
149.23770674999994,0.14492749999999432,84,107,Track_3,Acoustic Grand Piano _ 2,Piano 2,62700,120
149.38263424999994,0.14492750000002275,75,107,Track_3,Acoustic Grand Piano _ 2,Piano 2,62820,120
149.52756174999996,0.14492749999999432,81,107,Track_3,Acoustic Grand Piano _ 2,Piano 2,62940,120
149.67248924999996,0.14492749999999432,85,107,Track_3,Acoustic Grand Piano _ 2,Piano 2,63060,120
149.81741674999995,0.14492749999999432,72,107,Track_3,Acoustic Grand Piano _ 2,Piano 2,63180,120
149.96234424999994,0.14492749999999432,78,107,Track_3,Acoustic Grand Piano _ 2,Piano 2,63300,120
150.10727174999994,0.14492750000002275,82,107,Track_3,Acoustic Grand Piano _ 2,Piano 2,63420,120
150.25219924999996,0.14492749999999432,73,107,Track_3,Acoustic Grand Piano _ 2,Piano 2,63540,120
150.39712674999996,0.14492749999999432,79,107,Track_3,Acoustic Grand Piano _ 2,Piano 2,63660,120
150.54205424999995,0.14492749999999432,83,107,Track_3,Acoustic Grand Piano _ 2,Piano 2,63780,120
150.68698174999994,0.14492749999999432,74,107,Track_3,Acoustic Grand Piano _ 2,Piano 2,63900,120
150.83190924999994,0.14492750000002275,80,107,Track_3,Acoustic Grand Piano _ 2,Piano 2,64020,120
150.97683674999996,0.14492749999999432,84,107,Track_3,Acoustic Grand Piano _ 2,Piano 2,64140,120
151.12176424999996,0.14492749999999432,75,107,Track_3,Acoustic Grand Piano _ 2,Piano 2,64260,120
151.26669174999995,0.14492749999999432,81,107,Track_3,Acoustic Grand Piano _ 2,Piano 2,64380,120
151.41161924999994,0.14492749999999432,85,107,Track_3,Acoustic Grand Piano _ 2,Piano 2,64500,120
151.55654674999994,0.14492750000002275,71,107,Track_3,Acoustic Grand Piano _ 2,Piano 2,64620,120
151.70147424999996,0.14492749999999432,78,107,Track_3,Acoustic Grand Piano _ 2,Piano 2,64740,120
151.84640174999996,0.14492749999999432,82,107,Track_3,Acoustic Grand Piano _ 2,Piano 2,64860,120
151.99132924999995,0.14492749999999432,73,107,Track_3,Acoustic Grand Piano _ 2,Piano 2,64980,120
152.13625674999994,0.14492749999999432,79,107,Track_3,Acoustic Grand Piano _ 2,Piano 2,65100,120
152.28118424999994,0.14492750000002275,83,107,Track_3,Acoustic Grand Piano _ 2,Piano 2,65220,120
152.42611174999996,0.14492749999999432,74,107,Track_3,Acoustic Grand Piano _ 2,Piano 2,65340,120
152.57103924999996,0.14492749999999432,80,107,Track_3,Acoustic Grand Piano _ 2,Piano 2,65460,120
152.71596674999995,0.14492749999999432,84,107,Track_3,Acoustic Grand Piano _ 2,Piano 2,65580,120
152.86089424999994,0.14492749999999432,75,107,Track_3,Acoustic Grand Piano _ 2,Piano 2,65700,120
153.00582174999994,0.14492750000002275,81,107,Track_3,Acoustic Grand Piano _ 2,Piano 2,65820,120
153.15074924999996,0.14492749999999432,85,107,Track_3,Acoustic Grand Piano _ 2,Piano 2,65940,120
153.29567674999996,0.8720925000000079,94,107,Track_3,Acoustic Grand Piano _ 2,Piano 2,66060,300
155.03986174999994,0.16304362500000025,68,114,Track_3,Acoustic Grand Piano _ 2,Piano 2,66660,90
155.20290537499994,0.10869575000000964,68,114,Track_3,Acoustic Grand Piano _ 2,Piano 2,66750,60
155.31160112499995,0.10869574999998122,68,111,Track_3,Acoustic Grand Piano _ 2,Piano 2,66810,60
155.42029687499993,0.10869575000000964,68,111,Track_3,Acoustic Grand Piano _ 2,Piano 2,66870,60
155.52899262499994,0.10869575000000964,68,109,Track_3,Acoustic Grand Piano _ 2,Piano 2,66930,60
155.63768837499995,0.10869574999998122,68,109,Track_3,Acoustic Grand Piano _ 2,Piano 2,66990,60
155.74638412499993,0.10869575000000964,68,106,Track_3,Acoustic Grand Piano _ 2,Piano 2,67050,60
155.85507987499994,0.10869575000000964,68,106,Track_3,Acoustic Grand Piano _ 2,Piano 2,67110,60
155.96377562499995,1.5543478749999906,68,102,Track_3,Acoustic Grand Piano _ 2,Piano 2,67170,90
157.51812349999994,1.032609624999992,90,102,Track_3,Acoustic Grand Piano _ 2,Piano 2,67260,570
165.12681999999995,0.10416662500000484,44,91,Track_3,Acoustic Grand Piano _ 2,Piano 2,70020,30
165.23098662499996,0.10416662500000484,49,91,Track_3,Acoustic Grand Piano _ 2,Piano 2,70050,30
165.33515324999996,0.10416662499997642,54,91,Track_3,Acoustic Grand Piano _ 2,Piano 2,70080,30
165.43931987499994,0.10416662500000484,58,91,Track_3,Acoustic Grand Piano _ 2,Piano 2,70110,30
165.64765312499995,0.10416662500000484,57,91,Track_3,Acoustic Grand Piano _ 2,Piano 2,70170,30
165.75181974999995,0.10416662500000484,54,91,Track_3,Acoustic Grand Piano _ 2,Piano 2,70200,30
165.85598637499996,0.10416662500000484,50,91,Track_3,Acoustic Grand Piano _ 2,Piano 2,70230,30
165.96015299999996,0.10416662499997642,44,91,Track_3,Acoustic Grand Piano _ 2,Piano 2,70260,30
166.06431962499994,0.10416662500000484,50,91,Track_3,Acoustic Grand Piano _ 2,Piano 2,70290,30
166.16848624999994,0.10416662500000484,54,91,Track_3,Acoustic Grand Piano _ 2,Piano 2,70320,30
166.27265287499995,0.10416662500000484,57,91,Track_3,Acoustic Grand Piano _ 2,Piano 2,70350,30
166.37681949999995,0.10416662500000484,60,91,Track_3,Acoustic Grand Piano _ 2,Piano 2,70380,30
166.48098612499996,0.10416662500000484,57,91,Track_3,Acoustic Grand Piano _ 2,Piano 2,70410,30
166.58515274999996,0.10416662499997642,54,91,Track_3,Acoustic Grand Piano _ 2,Piano 2,70440,30
166.68931937499994,0.10416662500000484,50,91,Track_3,Acoustic Grand Piano _ 2,Piano 2,70470,30
166.79348599999994,0.10416662500000484,44,91,Track_3,Acoustic Grand Piano _ 2,Piano 2,70500,30
166.89765262499995,0.10416662500000484,49,91,Track_3,Acoustic Grand Piano _ 2,Piano 2,70530,30
167.00181924999995,0.10416662500000484,54,91,Track_3,Acoustic Grand Piano _ 2,Piano 2,70560,30
167.10598587499996,0.10416662500000484,58,91,Track_3,Acoustic Grand Piano _ 2,Piano 2,70590,30
167.31431912499994,0.10416662500000484,57,91,Track_3,Acoustic Grand Piano _ 2,Piano 2,70650,30
167.41848574999995,0.10416662500000484,54,91,Track_3,Acoustic Grand Piano _ 2,Piano 2,70680,30
167.52265237499995,0.10416662500000484,50,91,Track_3,Acoustic Grand Piano _ 2,Piano 2,70710,30
167.62681899999995,0.10416662500000484,44,91,Track_3,Acoustic Grand Piano _ 2,Piano 2,70740,30
167.73098562499996,0.10416662500000484,50,91,Track_3,Acoustic Grand Piano _ 2,Piano 2,70770,30
167.83515224999996,0.10416662499997642,54,91,Track_3,Acoustic Grand Piano _ 2,Piano 2,70800,30
167.93931887499994,0.10416662500000484,57,91,Track_3,Acoustic Grand Piano _ 2,Piano 2,70830,30
168.04348549999995,0.10416662500000484,60,91,Track_3,Acoustic Grand Piano _ 2,Piano 2,70860,30
168.14765212499995,0.10416662500000484,57,91,Track_3,Acoustic Grand Piano _ 2,Piano 2,70890,30
168.25181874999996,0.10416662500000484,54,91,Track_3,Acoustic Grand Piano _ 2,Piano 2,70920,30
168.35598537499996,0.10416662500000484,50,91,Track_3,Acoustic Grand Piano _ 2,Piano 2,70950,30
168.46015199999997,0.41666649999999095,63,91,Track_3,Acoustic Grand Piano _ 2,Piano 2,70980,120
168.87681849999996,0.41666649999999095,65,91,Track_3,Acoustic Grand Piano _ 2,Piano 2,71100,120
169.29348499999995,0.41666649999999095,62,91,Track_3,Acoustic Grand Piano _ 2,Piano 2,71220,120
170.12681799999996,0.41666649999999095,63,91,Track_3,Acoustic Grand Piano _ 2,Piano 2,71460,120
170.54348449999995,0.41666649999999095,65,91,Track_3,Acoustic Grand Piano _ 2,Piano 2,71580,120
170.96015099999994,0.41666650000001937,62,91,Track_3,Acoustic Grand Piano _ 2,Piano 2,71700,120
175.12681599999996,0.41666649999999095,72,87,Track_3,Acoustic Grand Piano _ 2,Piano 2,72900,120
175.54348249999995,0.20833325000000968,69,85,Track_3,Acoustic Grand Piano _ 2,Piano 2,73020,60
175.96014899999994,0.41666650000001937,84,92,Track_3,Acoustic Grand Piano _ 2,Piano 2,73140,120
176.37681549999996,0.20833324999998126,81,90,Track_3,Acoustic Grand Piano _ 2,Piano 2,73260,60
176.89764862499996,0.10416662500000484,84,99,Track_3,Acoustic Grand Piano _ 2,Piano 2,73410,30
177.10598187499994,0.10416662500000484,84,99,Track_3,Acoustic Grand Piano _ 2,Piano 2,73470,30
177.31431512499995,0.10416662500000484,72,99,Track_3,Acoustic Grand Piano _ 2,Piano 2,73530,30
177.52264837499996,0.10416662500000484,72,99,Track_3,Acoustic Grand Piano _ 2,Piano 2,73590,30
177.73098162499994,0.10416662500000484,62,99,Track_3,Acoustic Grand Piano _ 2,Piano 2,73650,30
178.56431462499995,0.10416662500000484,50,99,Track_3,Acoustic Grand Piano _ 2,Piano 2,73890,30
180.96014699999995,0.41666649999999095,65,91,Track_3,Acoustic Grand Piano _ 2,Piano 2,74580,120
181.37681349999994,0.41666650000001937,67,91,Track_3,Acoustic Grand Piano _ 2,Piano 2,74700,120
181.79347999999996,0.41666649999999095,64,91,Track_3,Acoustic Grand Piano _ 2,Piano 2,74820,120
182.21014649999995,0.20833325000000968,64,91,Track_3,Acoustic Grand Piano _ 2,Piano 2,74940,60
183.87681249999994,0.10416662500000484,47,91,Track_3,Acoustic Grand Piano _ 2,Piano 2,75420,30
184.29347899999996,0.41666649999999095,74,91,Track_3,Acoustic Grand Piano _ 2,Piano 2,75540,120
184.71014549999995,0.20833325000000968,71,88,Track_3,Acoustic Grand Piano _ 2,Piano 2,75660,60
185.12681199999994,0.41666650000001937,86,90,Track_3,Acoustic Grand Piano _ 2,Piano 2,75780,120
185.54347849999996,0.20833324999998126,83,87,Track_3,Acoustic Grand Piano _ 2,Piano 2,75900,60
186.06431162499996,0.10416662500000484,86,99,Track_3,Acoustic Grand Piano _ 2,Piano 2,76050,30
186.27264487499994,0.10416662500000484,86,99,Track_3,Acoustic Grand Piano _ 2,Piano 2,76110,30
186.48097812499995,0.10416662500000484,74,101,Track_3,Acoustic Grand Piano _ 2,Piano 2,76170,30
186.68931137499996,0.10416662499997642,74,101,Track_3,Acoustic Grand Piano _ 2,Piano 2,76230,30
186.89764462499994,0.10416662500000484,64,101,Track_3,Acoustic Grand Piano _ 2,Piano 2,76290,30
187.73097762499995,0.10416662500000484,52,101,Track_3,Acoustic Grand Piano _ 2,Piano 2,76530,30
188.46014399999996,0.10416662500000484,44,97,Track_3,Acoustic Grand Piano _ 2,Piano 2,76740,30
188.56431062499996,0.10416662500000484,49,97,Track_3,Acoustic Grand Piano _ 2,Piano 2,76770,30
188.66847724999997,0.10416662499997642,54,97,Track_3,Acoustic Grand Piano _ 2,Piano 2,76800,30
188.77264387499994,0.10416662500000484,58,97,Track_3,Acoustic Grand Piano _ 2,Piano 2,76830,30
188.98097712499995,0.10416662500000484,60,97,Track_3,Acoustic Grand Piano _ 2,Piano 2,76890,30
189.08514374999996,0.10416662500000484,56,99,Track_3,Acoustic Grand Piano _ 2,Piano 2,76920,30
189.18931037499996,0.10416662499997642,51,99,Track_3,Acoustic Grand Piano _ 2,Piano 2,76950,30
189.29347699999994,0.10416662500000484,44,99,Track_3,Acoustic Grand Piano _ 2,Piano 2,76980,30
189.39764362499994,0.10416662500000484,53,99,Track_3,Acoustic Grand Piano _ 2,Piano 2,77010,30
189.50181024999995,0.10416662500000484,58,100,Track_3,Acoustic Grand Piano _ 2,Piano 2,77040,30
189.60597687499995,0.10416662500000484,62,100,Track_3,Acoustic Grand Piano _ 2,Piano 2,77070,30
189.71014349999996,0.10416662500000484,56,100,Track_3,Acoustic Grand Piano _ 2,Piano 2,77100,30
189.81431012499996,0.10416662499997642,60,100,Track_3,Acoustic Grand Piano _ 2,Piano 2,77130,30
189.91847674999994,0.10416662500000484,58,100,Track_3,Acoustic Grand Piano _ 2,Piano 2,77160,30
190.02264337499994,0.10416662500000484,62,100,Track_3,Acoustic Grand Piano _ 2,Piano 2,77190,30
190.12680999999995,0.6249997500000006,64,99,Track_3,Acoustic Grand Piano _ 2,Piano 2,77220,180
190.75180974999995,0.41666649999999095,66,99,Track_3,Acoustic Grand Piano _ 2,Piano 2,77400,120
191.16847624999994,0.20833325000000968,68,96,Track_3,Acoustic Grand Piano _ 2,Piano 2,77520,60
191.37680949999995,0.20833325000000968,66,96,Track_3,Acoustic Grand Piano _ 2,Piano 2,77580,60
191.58514274999996,0.20833324999998126,68,96,Track_3,Acoustic Grand Piano _ 2,Piano 2,77640,60
192.62680899999995,0.41666649999999095,79,96,Track_3,Acoustic Grand Piano _ 2,Piano 2,77940,120
193.04347549999994,0.20833325000000968,77,96,Track_3,Acoustic Grand Piano _ 2,Piano 2,78060,60
193.25180874999995,0.20833325000000968,72,96,Track_3,Acoustic Grand Piano _ 2,Piano 2,78120,60
194.64958287499996,0.10869562500002417,79,93,Track_3,Acoustic Grand Piano _ 2,Piano 2,78510,30
194.97886674999998,0.22058825000002003,81,91,Track_3,Acoustic Grand Piano _ 2,Piano 2,78600,60
195.6161215,0.41666650000001937,64,85,Track_3,Acoustic Grand Piano _ 2,Piano 2,78780,120
196.032788,0.41666649999999095,76,85,Track_3,Acoustic Grand Piano _ 2,Piano 2,78900,120
196.4494545,0.41666649999999095,69,85,Track_3,Acoustic Grand Piano _ 2,Piano 2,79020,120
197.2827875,0.41666649999999095,64,85,Track_3,Acoustic Grand Piano _ 2,Piano 2,79260,120
197.699454,0.41666649999999095,76,85,Track_3,Acoustic Grand Piano _ 2,Piano 2,79380,120
198.1161205,0.41666650000001937,69,85,Track_3,Acoustic Grand Piano _ 2,Piano 2,79500,120
198.94945375,0.41666675000001874,64,85,Track_3,Acoustic Grand Piano _ 2,Piano 2,79680,60
199.36612050000002,0.4166667499999903,71,85,Track_3,Acoustic Grand Piano _ 2,Piano 2,79740,60
199.78278725,0.4166667499999903,76,85,Track_3,Acoustic Grand Piano _ 2,Piano 2,79800,60
200.6161205,0.41666650000001937,69,85,Track_3,Acoustic Grand Piano _ 2,Piano 2,79980,120
201.032787,0.41666649999999095,81,85,Track_3,Acoustic Grand Piano _ 2,Piano 2,80100,120
201.4494535,0.41666649999999095,66,85,Track_3,Acoustic Grand Piano _ 2,Piano 2,80220,120
202.28278650000001,0.41666649999999095,69,85,Track_3,Acoustic Grand Piano _ 2,Piano 2,80460,120
202.699453,0.41666649999999095,81,86,Track_3,Acoustic Grand Piano _ 2,Piano 2,80580,120
203.1161195,0.41666650000001937,66,91,Track_3,Acoustic Grand Piano _ 2,Piano 2,80700,120
203.9494525,0.41666649999999095,81,99,Track_3,Acoustic Grand Piano _ 2,Piano 2,80940,120
204.366119,0.41666649999999095,69,99,Track_3,Acoustic Grand Piano _ 2,Piano 2,81060,120
204.7827855,0.41666650000001937,76,99,Track_3,Acoustic Grand Piano _ 2,Piano 2,81180,120
205.199452,0.41666649999999095,64,99,Track_3,Acoustic Grand Piano _ 2,Piano 2,81300,120
205.6161185,0.41666649999999095,69,99,Track_3,Acoustic Grand Piano _ 2,Piano 2,81420,120
206.032785,0.41666650000001937,57,99,Track_3,Acoustic Grand Piano _ 2,Piano 2,81540,120
206.4494515,0.41666649999999095,64,99,Track_3,Acoustic Grand Piano _ 2,Piano 2,81660,120
206.866118,0.41666649999999095,52,96,Track_3,Acoustic Grand Piano _ 2,Piano 2,81780,120
207.2827845,0.41666650000001937,52,96,Track_3,Acoustic Grand Piano _ 2,Piano 2,81900,120
207.699451,0.41666649999999095,52,93,Track_3,Acoustic Grand Piano _ 2,Piano 2,82020,120
208.1161175,0.41666649999999095,52,93,Track_3,Acoustic Grand Piano _ 2,Piano 2,82140,120
208.532784,0.41666650000001937,52,91,Track_3,Acoustic Grand Piano _ 2,Piano 2,82260,120
208.9494505,0.41666649999999095,52,91,Track_3,Acoustic Grand Piano _ 2,Piano 2,82380,120
209.366117,0.41666649999999095,52,91,Track_3,Acoustic Grand Piano _ 2,Piano 2,82500,120
209.7827835,0.41666650000001937,52,88,Track_3,Acoustic Grand Piano _ 2,Piano 2,82620,120
210.19945,0.08333337499999516,42,82,Track_3,Acoustic Grand Piano _ 2,Piano 2,82740,30
210.61611687500002,0.08333337499999516,54,85,Track_3,Acoustic Grand Piano _ 2,Piano 2,82890,30
211.03278375000002,0.08333337499999516,66,87,Track_3,Acoustic Grand Piano _ 2,Piano 2,83040,30
211.44945062500003,0.08333337499999516,66,90,Track_3,Acoustic Grand Piano _ 2,Piano 2,83190,30
218.671666375,0.2777777500000127,64,90,Track_3,Acoustic Grand Piano _ 2,Piano 2,86730,60
219.088333,0.2777777500000127,64,91,Track_3,Acoustic Grand Piano _ 2,Piano 2,86820,60
219.504999625,0.2777777499999843,55,90,Track_3,Acoustic Grand Piano _ 2,Piano 2,86910,60
219.92166625000002,0.2777777499999843,52,87,Track_3,Acoustic Grand Piano _ 2,Piano 2,87000,60
220.33833287500002,0.2777777499999843,52,86,Track_3,Acoustic Grand Piano _ 2,Piano 2,87090,60
220.7549995,0.2777777500000127,52,83,Track_3,Acoustic Grand Piano _ 2,Piano 2,87180,60
221.171666125,0.2777777500000127,43,82,Track_3,Acoustic Grand Piano _ 2,Piano 2,87270,60
221.58833275,0.2777777500000127,40,81,Track_3,Acoustic Grand Piano _ 2,Piano 2,87360,60
222.004999375,0.2777777499999843,61,80,Track_3,Acoustic Grand Piano _ 2,Piano 2,87450,60
222.42166600000002,0.2777777499999843,61,77,Track_3,Acoustic Grand Piano _ 2,Piano 2,87540,60
222.83833262500002,0.2777777499999843,61,77,Track_3,Acoustic Grand Piano _ 2,Piano 2,87630,60
223.25499925,0.2777777500000127,61,77,Track_3,Acoustic Grand Piano _ 2,Piano 2,87720,60
223.671665875,0.2777777500000127,61,77,Track_3,Acoustic Grand Piano _ 2,Piano 2,87810,60
224.0883325,0.2777777500000127,61,77,Track_3,Acoustic Grand Piano _ 2,Piano 2,87900,60
224.504999125,0.2777777499999843,61,77,Track_3,Acoustic Grand Piano _ 2,Piano 2,87990,60
224.92166575000002,0.2777777499999843,61,77,Track_3,Acoustic Grand Piano _ 2,Piano 2,88080,60
227.28277475,0.08333337499999516,78,110,Track_3,Acoustic Grand Piano _ 2,Piano 2,89190,30
227.699441625,0.08333337499999516,78,107,Track_3,Acoustic Grand Piano _ 2,Piano 2,89340,30
228.1161085,0.08333337499999516,66,105,Track_3,Acoustic Grand Piano _ 2,Piano 2,89490,30
228.532775375,0.08333337499999516,66,102,Track_3,Acoustic Grand Piano _ 2,Piano 2,89640,30
228.94944224999998,0.08333337500002358,78,100,Track_3,Acoustic Grand Piano _ 2,Piano 2,89790,30
229.36610912499998,0.08333337499999516,78,97,Track_3,Acoustic Grand Piano _ 2,Piano 2,89940,30
229.78277599999998,0.08333337499999516,66,96,Track_3,Acoustic Grand Piano _ 2,Piano 2,90090,30
230.199442875,0.08333337499999516,78,96,Track_3,Acoustic Grand Piano _ 2,Piano 2,90240,30
230.61610975,0.08333337499999516,66,97,Track_3,Acoustic Grand Piano _ 2,Piano 2,90390,30
231.032776625,0.08333337499999516,78,97,Track_3,Acoustic Grand Piano _ 2,Piano 2,90540,30
231.4494435,0.08333337499999516,66,99,Track_3,Acoustic Grand Piano _ 2,Piano 2,90690,30
231.86611037499998,0.08333337500002358,78,99,Track_3,Acoustic Grand Piano _ 2,Piano 2,90840,30
232.28277724999998,0.08333337499999516,66,100,Track_3,Acoustic Grand Piano _ 2,Piano 2,90990,30
232.69944412499999,0.08333337499999516,78,100,Track_3,Acoustic Grand Piano _ 2,Piano 2,91140,30
233.116111,0.08333337499999516,66,101,Track_3,Acoustic Grand Piano _ 2,Piano 2,91290,30
233.94944475,0.08333337499999516,66,100,Track_3,Acoustic Grand Piano _ 2,Piano 2,91590,30
234.78277849999998,0.08333337500002358,66,99,Track_3,Acoustic Grand Piano _ 2,Piano 2,91890,30
235.61611225,0.08333337499999516,66,97,Track_3,Acoustic Grand Piano _ 2,Piano 2,92190,30
243.3662905,0.44117650000001163,79,83,Track_3,Acoustic Grand Piano _ 2,Piano 2,94650,60
243.807467,0.4411764999999832,81,83,Track_3,Acoustic Grand Piano _ 2,Piano 2,94710,60
244.2486435,0.44117650000001163,78,83,Track_3,Acoustic Grand Piano _ 2,Piano 2,94770,60
244.68982,0.2205882499999916,84,83,Track_3,Acoustic Grand Piano _ 2,Piano 2,94830,30
244.91040825,0.2205882499999916,78,83,Track_3,Acoustic Grand Piano _ 2,Piano 2,94860,30
245.13099649999998,0.44117650000001163,79,83,Track_3,Acoustic Grand Piano _ 2,Piano 2,94890,60
245.572173,0.44117650000001163,81,83,Track_3,Acoustic Grand Piano _ 2,Piano 2,94950,60
246.0133495,0.4411764999999832,78,83,Track_3,Acoustic Grand Piano _ 2,Piano 2,95010,60
246.454526,0.2205882499999916,84,83,Track_3,Acoustic Grand Piano _ 2,Piano 2,95070,30
246.67511424999998,0.22058825000002003,78,83,Track_3,Acoustic Grand Piano _ 2,Piano 2,95100,30
246.8957025,0.44117650000001163,79,83,Track_3,Acoustic Grand Piano _ 2,Piano 2,95130,120
247.336879,0.4411764999999832,81,83,Track_3,Acoustic Grand Piano _ 2,Piano 2,95250,120
247.7780555,0.46153849999998897,77,83,Track_3,Acoustic Grand Piano _ 2,Piano 2,95370,120
248.23959399999998,0.4615385000000174,79,83,Track_3,Acoustic Grand Piano _ 2,Piano 2,95490,120
248.7011325,0.5263160000000084,75,83,Track_3,Acoustic Grand Piano _ 2,Piano 2,95610,120
249.2274485,0.52631599999998,77,83,Track_3,Acoustic Grand Piano _ 2,Piano 2,95730,120
249.7537645,0.5999999999999943,73,83,Track_3,Acoustic Grand Piano _ 2,Piano 2,95850,120
250.35376449999998,0.45000000000001705,75,83,Track_3,Acoustic Grand Piano _ 2,Piano 2,95970,90
251.012097875,0.3260870000000011,61,83,Track_3,Acoustic Grand Piano _ 2,Piano 2,96090,30
251.338184875,0.3260870000000011,63,83,Track_3,Acoustic Grand Piano _ 2,Piano 2,96120,30
251.990358875,0.3260870000000011,61,83,Track_3,Acoustic Grand Piano _ 2,Piano 2,96180,30
252.316445875,0.3260870000000011,59,83,Track_3,Acoustic Grand Piano _ 2,Piano 2,96210,30
252.642532875,0.3260870000000011,61,83,Track_3,Acoustic Grand Piano _ 2,Piano 2,96240,30
252.968619875,0.3260870000000011,66,93,Track_3,Acoustic Grand Piano _ 2,Piano 2,96270,30
253.620793875,0.3260870000000011,61,83,Track_3,Acoustic Grand Piano _ 2,Piano 2,96330,30
253.946880875,0.3260870000000011,63,83,Track_3,Acoustic Grand Piano _ 2,Piano 2,96360,30
254.599054875,0.3260870000000011,61,83,Track_3,Acoustic Grand Piano _ 2,Piano 2,96420,30
254.925141875,0.3260869999999727,59,83,Track_3,Acoustic Grand Piano _ 2,Piano 2,96450,30
255.25122887499998,0.3260870000000011,61,83,Track_3,Acoustic Grand Piano _ 2,Piano 2,96480,30
255.57731587499998,0.3260870000000011,66,83,Track_3,Acoustic Grand Piano _ 2,Piano 2,96510,30
256.229489875,0.3571428750000223,61,83,Track_3,Acoustic Grand Piano _ 2,Piano 2,96570,30
256.58663275000004,0.35714287499996544,63,83,Track_3,Acoustic Grand Piano _ 2,Piano 2,96600,30
257.3009185,0.35714287499996544,61,83,Track_3,Acoustic Grand Piano _ 2,Piano 2,96660,30
257.658061375,0.3571428750000223,59,83,Track_3,Acoustic Grand Piano _ 2,Piano 2,96690,30
258.01520425,0.3571428750000223,61,83,Track_3,Acoustic Grand Piano _ 2,Piano 2,96720,30
258.72949,0.375,59,83,Track_3,Acoustic Grand Piano _ 2,Piano 2,96780,30
259.10449,0.375,57,83,Track_3,Acoustic Grand Piano _ 2,Piano 2,96810,30
259.47949,0.375,59,83,Track_3,Acoustic Grand Piano _ 2,Piano 2,96840,30
260.68782325,5.208335000000034,60,83,Track_3,Acoustic Grand Piano _ 2,Piano 2,96930,1800
265.89615825000004,0.4166670000000181,85,91,Track_3,Acoustic Grand Piano _ 2,Piano 2,98730,180
266.31282525000006,0.41666699999996126,87,91,Track_3,Acoustic Grand Piano _ 2,Piano 2,98910,180
266.72949225,0.4166670000000181,85,91,Track_3,Acoustic Grand Piano _ 2,Piano 2,99090,180
267.14615925000004,0.20833349999998063,90,91,Track_3,Acoustic Grand Piano _ 2,Piano 2,99270,90
267.35449275,0.20833350000003747,87,91,Track_3,Acoustic Grand Piano _ 2,Piano 2,99360,90
267.56282625000006,0.41666699999996126,85,91,Track_3,Acoustic Grand Piano _ 2,Piano 2,99450,180
267.97949325,0.4166670000000181,80,91,Track_3,Acoustic Grand Piano _ 2,Piano 2,99630,180
268.39616025000004,0.4166670000000181,80,88,Track_3,Acoustic Grand Piano _ 2,Piano 2,99810,180
268.81282725000005,0.41666699999996126,78,86,Track_3,Acoustic Grand Piano _ 2,Piano 2,99990,180
269.22949425,0.4166670000000181,73,91,Track_3,Acoustic Grand Piano _ 2,Piano 2,100170,180
269.64616125000003,0.4166670000000181,75,91,Track_3,Acoustic Grand Piano _ 2,Piano 2,100350,180
270.06282825000005,0.41666699999996126,73,91,Track_3,Acoustic Grand Piano _ 2,Piano 2,100530,180
270.47949525,0.20833350000003747,78,91,Track_3,Acoustic Grand Piano _ 2,Piano 2,100710,90
270.68782875000005,0.20833349999998063,75,91,Track_3,Acoustic Grand Piano _ 2,Piano 2,100800,90
270.89616225000003,0.4166670000000181,73,91,Track_3,Acoustic Grand Piano _ 2,Piano 2,100890,180
271.31282925000005,0.4166670000000181,68,91,Track_3,Acoustic Grand Piano _ 2,Piano 2,101070,180
271.72949625000007,0.41666699999996126,68,91,Track_3,Acoustic Grand Piano _ 2,Piano 2,101250,180
272.14616325000003,0.4166670000000181,66,91,Track_3,Acoustic Grand Piano _ 2,Piano 2,101430,180
272.56283025000005,0.8333339999999794,61,91,Track_3,Acoustic Grand Piano _ 2,Piano 2,101610,480
273.39616425,0.8333340000000362,57,91,Track_3,Acoustic Grand Piano _ 2,Piano 2,102090,480
274.22949825000006,0.8333339999999794,61,91,Track_3,Acoustic Grand Piano _ 2,Piano 2,102570,480
275.06283225000004,0.8333339999999794,57,91,Track_3,Acoustic Grand Piano _ 2,Piano 2,103050,480
275.89616625,0.8999999999999773,61,91,Track_3,Acoustic Grand Piano _ 2,Piano 2,103530,900
276.79616625,0.9000000000000341,57,91,Track_3,Acoustic Grand Piano _ 2,Piano 2,104430,900
277.69616625000003,0.8999999999999773,57,91,Track_3,Acoustic Grand Piano _ 2,Piano 2,105330,900
278.59616625,0.8333339999999794,61,91,Track_3,Acoustic Grand Piano _ 2,Piano 2,106230,480
279.42950025,0.4166670000000181,61,91,Track_3,Acoustic Grand Piano _ 2,Piano 2,106710,240
279.84616725,0.4166670000000181,63,91,Track_3,Acoustic Grand Piano _ 2,Piano 2,106950,240
280.26283425,0.41666699999996126,56,91,Track_3,Acoustic Grand Piano _ 2,Piano 2,107190,240
281.09616825,0.4166670000000181,61,91,Track_3,Acoustic Grand Piano _ 2,Piano 2,107670,240
281.51283525,0.41666699999996126,63,91,Track_3,Acoustic Grand Piano _ 2,Piano 2,107910,240
281.92950225,0.4166670000000181,56,91,Track_3,Acoustic Grand Piano _ 2,Piano 2,108150,240
282.76283625,0.41666699999996126,61,91,Track_3,Acoustic Grand Piano _ 2,Piano 2,108630,240
283.17950325,0.4166670000000181,63,91,Track_3,Acoustic Grand Piano _ 2,Piano 2,108870,240
283.59617025,0.4166670000000181,56,91,Track_3,Acoustic Grand Piano _ 2,Piano 2,109110,240
284.42950425000004,0.41666699999996126,61,91,Track_3,Acoustic Grand Piano _ 2,Piano 2,109590,240
284.84617125,0.4166670000000181,63,91,Track_3,Acoustic Grand Piano _ 2,Piano 2,109830,240
285.26283825,0.4166670000000181,56,91,Track_3,Acoustic Grand Piano _ 2,Piano 2,110070,240
287.76284025,1.5,87,85,Track_3,Acoustic Grand Piano _ 2,Piano 2,111510,60
6.25,0.41666699999999945,62,82,Track_4,Acoustic Grand Piano _ 3,Piano 3,1920,240
7.916668,0.41666700000000034,62,82,Track_4,Acoustic Grand Piano _ 3,Piano 3,2880,240
11.666667,1.2499994999999995,56,82,Track_4,Acoustic Grand Piano _ 3,Piano 3,4080,360
12.9166665,0.41666649999999983,59,82,Track_4,Acoustic Grand Piano _ 3,Piano 3,4440,120
13.333333,1.2499995000000013,56,82,Track_4,Acoustic Grand Piano _ 3,Piano 3,4560,360
14.583332500000001,0.41666649999999805,59,82,Track_4,Acoustic Grand Piano _ 3,Piano 3,4920,120
14.999998999999999,1.6666680000000014,56,82,Track_4,Acoustic Grand Piano _ 3,Piano 3,5040,960
17.083334,0.4166669999999968,56,88,Track_4,Acoustic Grand Piano _ 3,Piano 3,6240,240
17.500000999999997,0.41666700000000034,54,86,Track_4,Acoustic Grand Piano _ 3,Piano 3,6480,240
17.916667999999998,0.41666700000000034,50,77,Track_4,Acoustic Grand Piano _ 3,Piano 3,6720,240
18.333334999999998,0.4166665000000016,40,82,Track_4,Acoustic Grand Piano _ 3,Piano 3,6960,120
19.166667999999998,0.4166665000000016,63,82,Track_4,Acoustic Grand Piano _ 3,Piano 3,7200,120
20.000000999999997,0.4166665000000016,52,82,Track_4,Acoustic Grand Piano _ 3,Piano 3,7440,120
20.833333999999997,0.4166665000000016,63,82,Track_4,Acoustic Grand Piano _ 3,Piano 3,7680,120
21.666666999999997,0.416666750000001,52,82,Track_4,Acoustic Grand Piano _ 3,Piano 3,7920,60
22.500000499999995,0.416666750000001,63,82,Track_4,Acoustic Grand Piano _ 3,Piano 3,8040,60
22.916667249999996,0.416666750000001,71,82,Track_4,Acoustic Grand Piano _ 3,Piano 3,8100,60
28.749999749999994,1.250000250000003,63,91,Track_4,Acoustic Grand Piano _ 3,Piano 3,9420,180
33.333335999999996,0.4166667499999974,61,82,Track_4,Acoustic Grand Piano _ 3,Piano 3,12480,60
33.75000274999999,0.4166667500000045,68,82,Track_4,Acoustic Grand Piano _ 3,Piano 3,12540,60
34.1666695,0.41666649999999805,73,82,Track_4,Acoustic Grand Piano _ 3,Piano 3,12600,120
34.583335999999996,0.41666650000000516,71,85,Track_4,Acoustic Grand Piano _ 3,Piano 3,12720,120
35.0000025,0.41666649999999805,61,87,Track_4,Acoustic Grand Piano _ 3,Piano 3,12840,120
35.416669,0.41666649999999805,68,90,Track_4,Acoustic Grand Piano _ 3,Piano 3,12960,120
35.8333355,0.41666649999999805,80,92,Track_4,Acoustic Grand Piano _ 3,Piano 3,13080,120
36.250001999999995,0.41666650000000516,78,95,Track_4,Acoustic Grand Piano _ 3,Piano 3,13200,120
36.6666685,0.41666649999999805,73,97,Track_4,Acoustic Grand Piano _ 3,Piano 3,13320,120
37.083335,0.41666649999999805,80,100,Track_4,Acoustic Grand Piano _ 3,Piano 3,13440,120
40.833333499999995,3.3333360000000027,44,99,Track_4,Acoustic Grand Piano _ 3,Piano 3,14520,1440
52.708333,0.4166669999999968,73,88,Track_4,Acoustic Grand Piano _ 3,Piano 3,18540,180
53.125,0.4166670000000039,75,88,Track_4,Acoustic Grand Piano _ 3,Piano 3,18720,180
53.541667000000004,0.4166669999999968,73,88,Track_4,Acoustic Grand Piano _ 3,Piano 3,18900,180
53.958334,0.20833350000000195,78,88,Track_4,Acoustic Grand Piano _ 3,Piano 3,19080,90
54.1666675,0.20833350000000195,75,88,Track_4,Acoustic Grand Piano _ 3,Piano 3,19170,90
54.375001000000005,0.4166669999999968,73,88,Track_4,Acoustic Grand Piano _ 3,Piano 3,19260,180
54.791668,0.4166670000000039,68,88,Track_4,Acoustic Grand Piano _ 3,Piano 3,19440,180
55.208335000000005,0.4166669999999968,68,86,Track_4,Acoustic Grand Piano _ 3,Piano 3,19620,180
55.625002,0.4166669999999968,66,83,Track_4,Acoustic Grand Piano _ 3,Piano 3,19800,180
56.041669,0.4166670000000039,61,83,Track_4,Acoustic Grand Piano _ 3,Piano 3,19980,180
56.458336,0.4166669999999968,63,83,Track_4,Acoustic Grand Piano _ 3,Piano 3,20160,180
56.875003,0.4166670000000039,61,83,Track_4,Acoustic Grand Piano _ 3,Piano 3,20340,180
57.29167,0.20833350000000195,66,83,Track_4,Acoustic Grand Piano _ 3,Piano 3,20520,90
57.500003500000005,0.20833349999999484,63,83,Track_4,Acoustic Grand Piano _ 3,Piano 3,20610,90
57.708337,0.4166670000000039,61,83,Track_4,Acoustic Grand Piano _ 3,Piano 3,20700,180
58.125004000000004,0.4166669999999968,56,83,Track_4,Acoustic Grand Piano _ 3,Piano 3,20880,180
58.541671,0.4166670000000039,56,81,Track_4,Acoustic Grand Piano _ 3,Piano 3,21060,180
58.958338000000005,0.4166669999999968,54,78,Track_4,Acoustic Grand Piano _ 3,Piano 3,21240,180
59.375005,0.10416662499999774,47,71,Track_4,Acoustic Grand Piano _ 3,Piano 3,21420,30
59.479171625,0.10416662500000484,49,71,Track_4,Acoustic Grand Piano _ 3,Piano 3,21450,30
59.583338250000004,0.10416662499999774,52,71,Track_4,Acoustic Grand Piano _ 3,Piano 3,21480,30
59.687504875,0.10416662499999774,57,71,Track_4,Acoustic Grand Piano _ 3,Piano 3,21510,30
59.7916715,0.10416662500000484,59,73,Track_4,Acoustic Grand Piano _ 3,Piano 3,21540,30
59.895838125000004,0.10416662499999774,61,73,Track_4,Acoustic Grand Piano _ 3,Piano 3,21570,30
60.00000475,0.10416662499999774,64,73,Track_4,Acoustic Grand Piano _ 3,Piano 3,21600,30
60.104171375,0.10416662500000484,69,73,Track_4,Acoustic Grand Piano _ 3,Piano 3,21630,30
60.208338000000005,0.10416662499999774,59,76,Track_4,Acoustic Grand Piano _ 3,Piano 3,21660,30
60.312504625,0.10416662499999774,61,76,Track_4,Acoustic Grand Piano _ 3,Piano 3,21690,30
60.41667125,0.10416662499999774,64,76,Track_4,Acoustic Grand Piano _ 3,Piano 3,21720,30
60.520837875,0.10416662500000484,69,76,Track_4,Acoustic Grand Piano _ 3,Piano 3,21750,30
60.6250045,0.10416662499999774,76,78,Track_4,Acoustic Grand Piano _ 3,Piano 3,21780,30
60.729171125,0.10416662499999774,69,78,Track_4,Acoustic Grand Piano _ 3,Piano 3,21810,30
60.83333775,0.10416662500000484,64,81,Track_4,Acoustic Grand Piano _ 3,Piano 3,21840,30
60.937504375,0.10416662499999774,61,81,Track_4,Acoustic Grand Piano _ 3,Piano 3,21870,30
61.041671,0.10416662499999774,59,81,Track_4,Acoustic Grand Piano _ 3,Piano 3,21900,30
61.145837625,0.10416662500000484,61,81,Track_4,Acoustic Grand Piano _ 3,Piano 3,21930,30
61.25000425,0.10416662499999774,64,81,Track_4,Acoustic Grand Piano _ 3,Piano 3,21960,30
61.354170875,0.10416662499999774,69,81,Track_4,Acoustic Grand Piano _ 3,Piano 3,21990,30
61.4583375,0.10416662500000484,59,78,Track_4,Acoustic Grand Piano _ 3,Piano 3,22020,30
61.562504125000004,0.10416662499999774,61,78,Track_4,Acoustic Grand Piano _ 3,Piano 3,22050,30
61.66667075,0.10416662499999774,64,78,Track_4,Acoustic Grand Piano _ 3,Piano 3,22080,30
61.770837375,0.10416662500000484,69,78,Track_4,Acoustic Grand Piano _ 3,Piano 3,22110,30
61.875004000000004,0.10416662499999774,59,76,Track_4,Acoustic Grand Piano _ 3,Piano 3,22140,30
61.979170625,0.10416662499999774,61,76,Track_4,Acoustic Grand Piano _ 3,Piano 3,22170,30
62.08333725,0.10416662500000484,64,76,Track_4,Acoustic Grand Piano _ 3,Piano 3,22200,30
62.187503875000004,0.10416662499999774,69,76,Track_4,Acoustic Grand Piano _ 3,Piano 3,22230,30
62.2916705,0.10416662499999774,59,73,Track_4,Acoustic Grand Piano _ 3,Piano 3,22260,30
62.395837125,0.10416662500000484,61,73,Track_4,Acoustic Grand Piano _ 3,Piano 3,22290,30
62.500003750000005,0.10416662499999774,63,73,Track_4,Acoustic Grand Piano _ 3,Piano 3,22320,30
62.604170375,0.10416662499999774,69,73,Track_4,Acoustic Grand Piano _ 3,Piano 3,22350,30
62.708337,0.10416662500000484,56,71,Track_4,Acoustic Grand Piano _ 3,Piano 3,22380,30
62.812503625000005,0.10416662499999774,57,71,Track_4,Acoustic Grand Piano _ 3,Piano 3,22410,30
62.91667025,0.10416662499999774,61,71,Track_4,Acoustic Grand Piano _ 3,Piano 3,22440,30
63.020836875,0.10416662499999774,64,71,Track_4,Acoustic Grand Piano _ 3,Piano 3,22470,30
63.1250035,0.10416662500000484,54,71,Track_4,Acoustic Grand Piano _ 3,Piano 3,22500,30
63.229170125,0.10416662499999774,57,71,Track_4,Acoustic Grand Piano _ 3,Piano 3,22530,30
63.33333675,0.10416662499999774,61,71,Track_4,Acoustic Grand Piano _ 3,Piano 3,22560,30
63.437503375,0.10416662500000484,64,71,Track_4,Acoustic Grand Piano _ 3,Piano 3,22590,30
63.54167,0.10416662499999774,52,81,Track_4,Acoustic Grand Piano _ 3,Piano 3,22620,30
63.645836625,0.10416662499999774,54,71,Track_4,Acoustic Grand Piano _ 3,Piano 3,22650,30
63.75000325,0.10416662500000484,57,71,Track_4,Acoustic Grand Piano _ 3,Piano 3,22680,30
63.854169875000004,0.10416662499999774,61,71,Track_4,Acoustic Grand Piano _ 3,Piano 3,22710,30
63.9583365,0.10416662500000484,64,71,Track_4,Acoustic Grand Piano _ 3,Piano 3,22740,30
64.062503125,0.10416662499999063,61,71,Track_4,Acoustic Grand Piano _ 3,Piano 3,22770,30
64.16666975,0.10416662500000484,57,71,Track_4,Acoustic Grand Piano _ 3,Piano 3,22800,30
64.270836375,0.10416662500000484,54,71,Track_4,Acoustic Grand Piano _ 3,Piano 3,22830,30
64.375003,0.10416662499999063,49,81,Track_4,Acoustic Grand Piano _ 3,Piano 3,22860,30
64.479169625,0.10416662500000484,52,71,Track_4,Acoustic Grand Piano _ 3,Piano 3,22890,30
64.58333625,0.10416662500000484,54,71,Track_4,Acoustic Grand Piano _ 3,Piano 3,22920,30
64.687502875,0.10416662499999063,57,71,Track_4,Acoustic Grand Piano _ 3,Piano 3,22950,30
64.7916695,0.10416662500000484,61,71,Track_4,Acoustic Grand Piano _ 3,Piano 3,22980,30
64.895836125,0.10416662500000484,57,71,Track_4,Acoustic Grand Piano _ 3,Piano 3,23010,30
65.00000275000001,0.10416662499999063,54,71,Track_4,Acoustic Grand Piano _ 3,Piano 3,23040,30
65.104169375,0.10416662500000484,52,71,Track_4,Acoustic Grand Piano _ 3,Piano 3,23070,30
65.208336,0.10416662500000484,47,81,Track_4,Acoustic Grand Piano _ 3,Piano 3,23100,30
65.31250262500001,0.10416662499999063,49,71,Track_4,Acoustic Grand Piano _ 3,Piano 3,23130,30
65.41666925,0.10416662500000484,52,71,Track_4,Acoustic Grand Piano _ 3,Piano 3,23160,30
65.520835875,0.10416662500000484,54,71,Track_4,Acoustic Grand Piano _ 3,Piano 3,23190,30
65.62500250000001,0.10416662499999063,57,71,Track_4,Acoustic Grand Piano _ 3,Piano 3,23220,30
65.729169125,0.10416662500000484,54,71,Track_4,Acoustic Grand Piano _ 3,Piano 3,23250,30
65.83333575,0.10416662500000484,52,71,Track_4,Acoustic Grand Piano _ 3,Piano 3,23280,30
65.93750237500001,0.10416662499999063,49,71,Track_4,Acoustic Grand Piano _ 3,Piano 3,23310,30
66.041669,0.10416662500000484,45,71,Track_4,Acoustic Grand Piano _ 3,Piano 3,23340,30
66.145835625,0.10416662499999063,49,71,Track_4,Acoustic Grand Piano _ 3,Piano 3,23370,30
66.25000225,0.10416662500000484,52,71,Track_4,Acoustic Grand Piano _ 3,Piano 3,23400,30
66.354168875,0.10416662500000484,54,71,Track_4,Acoustic Grand Piano _ 3,Piano 3,23430,30
66.4583355,0.10416662499999063,57,73,Track_4,Acoustic Grand Piano _ 3,Piano 3,23460,30
66.562502125,0.10416662500000484,54,73,Track_4,Acoustic Grand Piano _ 3,Piano 3,23490,30
66.66666875,0.10416662500000484,52,73,Track_4,Acoustic Grand Piano _ 3,Piano 3,23520,30
66.770835375,0.10416662499999063,49,73,Track_4,Acoustic Grand Piano _ 3,Piano 3,23550,30
66.875002,0.10416662500000484,44,76,Track_4,Acoustic Grand Piano _ 3,Piano 3,23580,30
66.979168625,0.10416662500000484,49,76,Track_4,Acoustic Grand Piano _ 3,Piano 3,23610,30
67.08333525,0.10416662499999063,52,76,Track_4,Acoustic Grand Piano _ 3,Piano 3,23640,30
67.187501875,0.10416662500000484,54,76,Track_4,Acoustic Grand Piano _ 3,Piano 3,23670,30
67.2916685,0.10416662500000484,57,78,Track_4,Acoustic Grand Piano _ 3,Piano 3,23700,30
67.395835125,0.10416662499999063,54,78,Track_4,Acoustic Grand Piano _ 3,Piano 3,23730,30
67.50000175,0.10416662500000484,52,78,Track_4,Acoustic Grand Piano _ 3,Piano 3,23760,30
67.604168375,0.10416662500000484,49,78,Track_4,Acoustic Grand Piano _ 3,Piano 3,23790,30
67.708335,0.10416662499999063,42,81,Track_4,Acoustic Grand Piano _ 3,Piano 3,23820,30
67.812501625,0.10416662500000484,45,81,Track_4,Acoustic Grand Piano _ 3,Piano 3,23850,30
67.91666825,0.10416662500000484,49,81,Track_4,Acoustic Grand Piano _ 3,Piano 3,23880,30
68.020834875,0.10416662499999063,52,81,Track_4,Acoustic Grand Piano _ 3,Piano 3,23910,30
68.1250015,0.10416662500000484,54,83,Track_4,Acoustic Grand Piano _ 3,Piano 3,23940,30
68.229168125,0.10416662500000484,52,83,Track_4,Acoustic Grand Piano _ 3,Piano 3,23970,30
68.33333475,0.10416662499999063,49,83,Track_4,Acoustic Grand Piano _ 3,Piano 3,24000,30
68.437501375,0.10416662500000484,45,83,Track_4,Acoustic Grand Piano _ 3,Piano 3,24030,30
68.541668,0.10416662500000484,40,86,Track_4,Acoustic Grand Piano _ 3,Piano 3,24060,30
68.645834625,0.10416662499999063,45,86,Track_4,Acoustic Grand Piano _ 3,Piano 3,24090,30
68.75000125,0.10416662500000484,49,86,Track_4,Acoustic Grand Piano _ 3,Piano 3,24120,30
68.854167875,0.10416662500000484,52,86,Track_4,Acoustic Grand Piano _ 3,Piano 3,24150,30
68.9583345,0.10416662499999063,54,88,Track_4,Acoustic Grand Piano _ 3,Piano 3,24180,30
69.062501125,0.10416662500000484,52,88,Track_4,Acoustic Grand Piano _ 3,Piano 3,24210,30
69.16666775,0.10416662500000484,49,88,Track_4,Acoustic Grand Piano _ 3,Piano 3,24240,30
69.270834375,0.10416662499999063,45,88,Track_4,Acoustic Grand Piano _ 3,Piano 3,24270,30
69.375001,0.10416662500000484,46,82,Track_4,Acoustic Grand Piano _ 3,Piano 3,24300,30
69.479167625,0.10416662500000484,51,82,Track_4,Acoustic Grand Piano _ 3,Piano 3,24330,30
69.58333425000001,0.10416662499999063,53,82,Track_4,Acoustic Grand Piano _ 3,Piano 3,24360,30
69.687500875,0.10416662500000484,55,82,Track_4,Acoustic Grand Piano _ 3,Piano 3,24390,30
69.7916675,0.10416662499999063,61,82,Track_4,Acoustic Grand Piano _ 3,Piano 3,24420,30
69.895834125,0.10416662500000484,55,82,Track_4,Acoustic Grand Piano _ 3,Piano 3,24450,30
70.00000075,0.10416662500000484,53,82,Track_4,Acoustic Grand Piano _ 3,Piano 3,24480,30
70.104167375,0.10416662500000484,51,82,Track_4,Acoustic Grand Piano _ 3,Piano 3,24510,30
70.20833400000001,0.10416662499999063,50,82,Track_4,Acoustic Grand Piano _ 3,Piano 3,24540,30
70.312500625,0.10416662500000484,53,82,Track_4,Acoustic Grand Piano _ 3,Piano 3,24570,30
70.41666725,0.10416662499999063,57,82,Track_4,Acoustic Grand Piano _ 3,Piano 3,24600,30
70.520833875,0.10416662500000484,59,82,Track_4,Acoustic Grand Piano _ 3,Piano 3,24630,30
70.6250005,0.10416662500000484,65,82,Track_4,Acoustic Grand Piano _ 3,Piano 3,24660,30
70.729167125,0.10416662500000484,59,82,Track_4,Acoustic Grand Piano _ 3,Piano 3,24690,30
70.83333375000001,0.10416662499999063,57,82,Track_4,Acoustic Grand Piano _ 3,Piano 3,24720,30
70.937500375,0.10416662500000484,53,82,Track_4,Acoustic Grand Piano _ 3,Piano 3,24750,30
71.041667,0.10416662499999063,46,82,Track_4,Acoustic Grand Piano _ 3,Piano 3,24780,30
71.145833625,0.10416662500000484,51,82,Track_4,Acoustic Grand Piano _ 3,Piano 3,24810,30
71.25000025,0.10416662500000484,53,82,Track_4,Acoustic Grand Piano _ 3,Piano 3,24840,30
71.354166875,0.10416662499999063,55,82,Track_4,Acoustic Grand Piano _ 3,Piano 3,24870,30
71.4583335,0.10416662500000484,61,82,Track_4,Acoustic Grand Piano _ 3,Piano 3,24900,30
71.562500125,0.10416662500000484,55,82,Track_4,Acoustic Grand Piano _ 3,Piano 3,24930,30
71.66666675,0.10416662499999063,53,82,Track_4,Acoustic Grand Piano _ 3,Piano 3,24960,30
71.770833375,0.10416662500000484,51,82,Track_4,Acoustic Grand Piano _ 3,Piano 3,24990,30
71.875,0.10416662500000484,50,82,Track_4,Acoustic Grand Piano _ 3,Piano 3,25020,30
71.979166625,0.10416662499999063,53,82,Track_4,Acoustic Grand Piano _ 3,Piano 3,25050,30
72.08333325,0.10416662500000484,57,82,Track_4,Acoustic Grand Piano _ 3,Piano 3,25080,30
72.187499875,0.10416662500000484,59,82,Track_4,Acoustic Grand Piano _ 3,Piano 3,25110,30
72.2916665,0.10416662499999063,65,82,Track_4,Acoustic Grand Piano _ 3,Piano 3,25140,30
72.395833125,0.10416662500000484,59,82,Track_4,Acoustic Grand Piano _ 3,Piano 3,25170,30
72.49999975,0.10416662500000484,57,82,Track_4,Acoustic Grand Piano _ 3,Piano 3,25200,30
72.604166375,0.10416662499999063,53,82,Track_4,Acoustic Grand Piano _ 3,Piano 3,25230,30
72.708333,0.10416662500000484,58,82,Track_4,Acoustic Grand Piano _ 3,Piano 3,25260,30
72.812499625,0.10416662500000484,63,82,Track_4,Acoustic Grand Piano _ 3,Piano 3,25290,30
72.91666625,0.10416662499999063,65,82,Track_4,Acoustic Grand Piano _ 3,Piano 3,25320,30
73.020832875,0.10416662500000484,67,82,Track_4,Acoustic Grand Piano _ 3,Piano 3,25350,30
73.1249995,0.10416662500000484,73,85,Track_4,Acoustic Grand Piano _ 3,Piano 3,25380,30
73.229166125,0.10416662499999063,67,85,Track_4,Acoustic Grand Piano _ 3,Piano 3,25410,30
73.33333275,0.10416662500000484,65,85,Track_4,Acoustic Grand Piano _ 3,Piano 3,25440,30
73.437499375,0.10416662500000484,63,85,Track_4,Acoustic Grand Piano _ 3,Piano 3,25470,30
73.541666,0.10416662499999063,62,87,Track_4,Acoustic Grand Piano _ 3,Piano 3,25500,30
73.645832625,0.10416662500000484,65,87,Track_4,Acoustic Grand Piano _ 3,Piano 3,25530,30
73.74999925,0.10416662500000484,69,87,Track_4,Acoustic Grand Piano _ 3,Piano 3,25560,30
73.854165875,0.10416662499999063,71,87,Track_4,Acoustic Grand Piano _ 3,Piano 3,25590,30
73.9583325,0.10416662500000484,77,90,Track_4,Acoustic Grand Piano _ 3,Piano 3,25620,30
74.062499125,0.10416662499999063,71,90,Track_4,Acoustic Grand Piano _ 3,Piano 3,25650,30
74.16666574999999,0.10416662500000484,69,90,Track_4,Acoustic Grand Piano _ 3,Piano 3,25680,30
74.270832375,0.10416662500000484,65,90,Track_4,Acoustic Grand Piano _ 3,Piano 3,25710,30
74.374999,0.10416662500000484,70,92,Track_4,Acoustic Grand Piano _ 3,Piano 3,25740,30
74.47916562500001,0.10416662499999063,75,92,Track_4,Acoustic Grand Piano _ 3,Piano 3,25770,30
74.58333225,0.10416662500000484,77,92,Track_4,Acoustic Grand Piano _ 3,Piano 3,25800,30
74.687498875,0.10416662499999063,79,92,Track_4,Acoustic Grand Piano _ 3,Piano 3,25830,30
74.7916655,0.10416662500000484,85,95,Track_4,Acoustic Grand Piano _ 3,Piano 3,25860,30
74.895832125,0.10416662500000484,79,95,Track_4,Acoustic Grand Piano _ 3,Piano 3,25890,30
74.99999875,0.10416662500000484,77,95,Track_4,Acoustic Grand Piano _ 3,Piano 3,25920,30
75.10416537500001,0.10416662499999063,75,95,Track_4,Acoustic Grand Piano _ 3,Piano 3,25950,30
75.208332,0.10416662500000484,74,97,Track_4,Acoustic Grand Piano _ 3,Piano 3,25980,30
75.312498625,0.10416662499999063,77,97,Track_4,Acoustic Grand Piano _ 3,Piano 3,26010,30
75.41666525,0.10416662500000484,81,97,Track_4,Acoustic Grand Piano _ 3,Piano 3,26040,30
75.520831875,0.10416662500000484,83,97,Track_4,Acoustic Grand Piano _ 3,Piano 3,26070,30
75.6249985,0.10416662500000484,89,100,Track_4,Acoustic Grand Piano _ 3,Piano 3,26100,30
75.72916512500001,0.10416662499999063,83,100,Track_4,Acoustic Grand Piano _ 3,Piano 3,26130,30
75.83333175,0.10416662500000484,81,100,Track_4,Acoustic Grand Piano _ 3,Piano 3,26160,30
75.937498375,0.10416662499999063,77,100,Track_4,Acoustic Grand Piano _ 3,Piano 3,26190,30
76.041665,0.4166667500000045,70,102,Track_4,Acoustic Grand Piano _ 3,Piano 3,26220,60
77.708332,0.4166667499999903,75,102,Track_4,Acoustic Grand Piano _ 3,Piano 3,26460,60
86.139703,0.4166667500000045,83,82,Track_4,Acoustic Grand Piano _ 3,Piano 3,28620,60
86.55636975,0.4166667499999903,85,82,Track_4,Acoustic Grand Piano _ 3,Piano 3,28680,60
86.97303649999999,0.4166667500000045,81,82,Track_4,Acoustic Grand Piano _ 3,Piano 3,28740,60
87.38970325,0.20833337499999516,87,82,Track_4,Acoustic Grand Piano _ 3,Piano 3,28800,30
87.59803662499999,0.20833337500000937,81,82,Track_4,Acoustic Grand Piano _ 3,Piano 3,28830,30
87.80637,0.4166667499999903,83,82,Track_4,Acoustic Grand Piano _ 3,Piano 3,28860,60
88.22303674999999,0.4166667500000045,85,82,Track_4,Acoustic Grand Piano _ 3,Piano 3,28920,60
88.6397035,0.4166667500000045,81,82,Track_4,Acoustic Grand Piano _ 3,Piano 3,28980,60
89.05637025,0.20833337499999516,87,82,Track_4,Acoustic Grand Piano _ 3,Piano 3,29040,30
89.264703625,0.20833337499999516,81,82,Track_4,Acoustic Grand Piano _ 3,Piano 3,29070,30
89.47303699999999,0.4166667500000045,83,82,Track_4,Acoustic Grand Piano _ 3,Piano 3,29100,60
89.88970375,0.4166667500000045,85,82,Track_4,Acoustic Grand Piano _ 3,Piano 3,29160,60
90.3063705,0.4166667499999903,81,82,Track_4,Acoustic Grand Piano _ 3,Piano 3,29220,60
90.72303724999999,0.4166667500000045,83,82,Track_4,Acoustic Grand Piano _ 3,Piano 3,29280,60
91.139704,0.4166667500000045,79,82,Track_4,Acoustic Grand Piano _ 3,Piano 3,29340,60
91.55637075,0.4166667500000045,81,82,Track_4,Acoustic Grand Piano _ 3,Piano 3,29400,60
91.9730375,0.4166667499999903,78,82,Track_4,Acoustic Grand Piano _ 3,Piano 3,29460,60
92.38970425,0.4166667500000045,80,82,Track_4,Acoustic Grand Piano _ 3,Piano 3,29520,60
94.05637125,0.20833337499999516,68,82,Track_4,Acoustic Grand Piano _ 3,Piano 3,29760,30
94.264704625,0.20833337500000937,66,82,Track_4,Acoustic Grand Piano _ 3,Piano 3,29790,30
95.72303825,0.20833337499999516,68,82,Track_4,Acoustic Grand Piano _ 3,Piano 3,30000,30
95.931371625,0.20833337499999516,66,82,Track_4,Acoustic Grand Piano _ 3,Piano 3,30030,30
96.13970499999999,0.4166667500000045,66,82,Track_4,Acoustic Grand Piano _ 3,Piano 3,30060,60
96.55637175,0.4166667500000045,84,91,Track_4,Acoustic Grand Piano _ 3,Piano 3,30120,60
96.9730385,0.4166667499999903,64,82,Track_4,Acoustic Grand Piano _ 3,Piano 3,30180,60
97.38970524999999,0.4166667500000045,82,91,Track_4,Acoustic Grand Piano _ 3,Piano 3,30240,60
97.806372,0.4166667500000045,62,80,Track_4,Acoustic Grand Piano _ 3,Piano 3,30300,60
98.22303875,0.4166667499999903,80,88,Track_4,Acoustic Grand Piano _ 3,Piano 3,30360,60
98.63970549999999,0.4166667500000045,58,77,Track_4,Acoustic Grand Piano _ 3,Piano 3,30420,60
99.05637225,0.4166667500000045,70,86,Track_4,Acoustic Grand Piano _ 3,Piano 3,30480,60
99.473039,0.4166667499999903,62,77,Track_4,Acoustic Grand Piano _ 3,Piano 3,30540,60
99.88970574999999,0.4166667500000045,80,74,Track_4,Acoustic Grand Piano _ 3,Piano 3,30600,60
100.3063725,0.4166667500000045,58,74,Track_4,Acoustic Grand Piano _ 3,Piano 3,30660,60
100.72303925,0.4166667499999903,70,74,Track_4,Acoustic Grand Piano _ 3,Piano 3,30720,60
101.13970599999999,0.4166667500000045,62,72,Track_4,Acoustic Grand Piano _ 3,Piano 3,30780,60
101.55637275,0.4166667500000045,80,69,Track_4,Acoustic Grand Piano _ 3,Piano 3,30840,60
101.9730395,0.4166667499999903,58,69,Track_4,Acoustic Grand Piano _ 3,Piano 3,30900,60
102.38970624999999,0.4166667500000045,70,69,Track_4,Acoustic Grand Piano _ 3,Piano 3,30960,60
102.806373,0.4166670000000039,59,69,Track_4,Acoustic Grand Piano _ 3,Piano 3,31020,360
103.22304,0.4166669999999897,61,74,Track_4,Acoustic Grand Piano _ 3,Piano 3,31380,360
103.63970699999999,0.4166670000000039,71,80,Track_4,Acoustic Grand Piano _ 3,Piano 3,31740,360
104.05637399999999,0.4166670000000039,73,85,Track_4,Acoustic Grand Piano _ 3,Piano 3,32100,360
104.473041,0.4166670000000039,83,91,Track_4,Acoustic Grand Piano _ 3,Piano 3,32460,360
104.889708,0.20833349999999484,85,91,Track_4,Acoustic Grand Piano _ 3,Piano 3,32820,180
105.0980415,0.20833349999999484,83,91,Track_4,Acoustic Grand Piano _ 3,Piano 3,33000,180
105.5147085,0.20833349999999484,77,91,Track_4,Acoustic Grand Piano _ 3,Piano 3,33360,180
105.93137549999999,0.20833350000000905,77,91,Track_4,Acoustic Grand Piano _ 3,Piano 3,33720,180
106.34804249999999,0.4166670000000039,74,91,Track_4,Acoustic Grand Piano _ 3,Piano 3,34080,360
106.7647095,0.20833349999999484,74,91,Track_4,Acoustic Grand Piano _ 3,Piano 3,34440,180
107.1813765,0.20833349999999484,65,91,Track_4,Acoustic Grand Piano _ 3,Piano 3,34800,180
108.84804449999999,0.20833350000000905,53,91,Track_4,Acoustic Grand Piano _ 3,Piano 3,36240,180
110.30637899999999,0.4166670000000039,56,91,Track_4,Acoustic Grand Piano _ 3,Piano 3,37500,360
110.723046,0.4166669999999897,70,91,Track_4,Acoustic Grand Piano _ 3,Piano 3,37860,360
111.13971299999999,0.4166670000000039,68,91,Track_4,Acoustic Grand Piano _ 3,Piano 3,38220,360
111.55637999999999,0.20833350000000905,82,91,Track_4,Acoustic Grand Piano _ 3,Piano 3,38580,180
111.7647135,0.20833349999999484,80,91,Track_4,Acoustic Grand Piano _ 3,Piano 3,38760,180
112.18138049999999,0.20833350000000905,74,91,Track_4,Acoustic Grand Piano _ 3,Piano 3,39120,180
112.59804749999999,0.20833349999999484,74,91,Track_4,Acoustic Grand Piano _ 3,Piano 3,39480,180
113.0147145,0.4166669999999897,66,91,Track_4,Acoustic Grand Piano _ 3,Piano 3,39840,360
113.43138149999999,0.20833350000000905,66,91,Track_4,Acoustic Grand Piano _ 3,Piano 3,40200,180
114.05638199999999,0.4166670000000039,62,91,Track_4,Acoustic Grand Piano _ 3,Piano 3,40740,360
114.47304899999999,0.20833349999999484,48,91,Track_4,Acoustic Grand Piano _ 3,Piano 3,41100,180
114.68138249999998,0.4166670000000039,53,91,Track_4,Acoustic Grand Piano _ 3,Piano 3,41280,360
115.09804949999999,0.20833350000000905,51,91,Track_4,Acoustic Grand Piano _ 3,Piano 3,41640,180
125.35741325,0.22727274999999736,65,91,Track_4,Acoustic Grand Piano _ 3,Piano 3,48960,60
125.58468599999999,0.4545454999999947,65,91,Track_4,Acoustic Grand Piano _ 3,Piano 3,49020,120
126.03923149999999,0.4545454999999947,65,91,Track_4,Acoustic Grand Piano _ 3,Piano 3,49140,120
126.94832249999999,0.4545454999999947,65,92,Track_4,Acoustic Grand Piano _ 3,Piano 3,49380,120
127.40286799999998,0.45454550000000893,65,93,Track_4,Acoustic Grand Piano _ 3,Piano 3,49500,120
127.85741349999999,0.4545454999999805,65,95,Track_4,Acoustic Grand Piano _ 3,Piano 3,49620,120
132.63013724999996,0.22727274999999736,70,95,Track_4,Acoustic Grand Piano _ 3,Piano 3,52800,60
132.85740999999996,0.45454550000002314,70,95,Track_4,Acoustic Grand Piano _ 3,Piano 3,52860,120
133.31195549999998,0.4545454999999947,70,95,Track_4,Acoustic Grand Piano _ 3,Piano 3,52980,120
134.22104649999997,0.4545454999999947,70,96,Track_4,Acoustic Grand Piano _ 3,Piano 3,53220,120
134.67559199999997,0.4545454999999947,70,96,Track_4,Acoustic Grand Piano _ 3,Piano 3,53340,120
135.13013749999996,0.4545454999999947,70,97,Track_4,Acoustic Grand Piano _ 3,Piano 3,53460,120
136.94831949999997,0.4545454999999947,68,97,Track_4,Acoustic Grand Piano _ 3,Piano 3,53940,120
138.31195599999998,0.4545454999999947,68,97,Track_4,Acoustic Grand Piano _ 3,Piano 3,54300,120
138.76650149999998,0.4545454999999947,64,97,Track_4,Acoustic Grand Piano _ 3,Piano 3,54420,120
139.22104699999997,0.909089999999992,55,97,Track_4,Acoustic Grand Piano _ 3,Piano 3,54540,720
140.13013699999996,0.9056977500000016,70,99,Track_4,Acoustic Grand Piano _ 3,Piano 3,55260,720
141.03583474999996,0.8955210000000022,67,100,Track_4,Acoustic Grand Piano _ 3,Piano 3,55980,720
141.93135574999997,0.8911109999999951,70,102,Track_4,Acoustic Grand Piano _ 3,Piano 3,56700,720
142.82246674999996,0.886700999999988,69,102,Track_4,Acoustic Grand Piano _ 3,Piano 3,57420,720
143.70916774999995,0.8823749999999961,72,104,Track_4,Acoustic Grand Piano _ 3,Piano 3,58140,720
144.59154274999995,0.8780490000000043,69,105,Track_4,Acoustic Grand Piano _ 3,Piano 3,58860,720
145.46959174999995,0.8695649999999944,72,106,Track_4,Acoustic Grand Piano _ 3,Piano 3,59580,720
146.33915674999994,0.4347825000000114,72,107,Track_4,Acoustic Grand Piano _ 3,Piano 3,60300,360
146.77393924999996,0.434782499999983,73,107,Track_4,Acoustic Grand Piano _ 3,Piano 3,60660,360
147.20872174999994,0.4347825000000114,74,107,Track_4,Acoustic Grand Piano _ 3,Piano 3,61020,360
147.64350424999995,0.4347825000000114,75,107,Track_4,Acoustic Grand Piano _ 3,Piano 3,61380,360
148.07828674999996,0.434782499999983,71,107,Track_4,Acoustic Grand Piano _ 3,Piano 3,61740,360
148.51306924999994,0.4347825000000114,73,107,Track_4,Acoustic Grand Piano _ 3,Piano 3,62100,360
148.94785174999996,0.434782499999983,74,107,Track_4,Acoustic Grand Piano _ 3,Piano 3,62460,360
149.38263424999994,0.4347825000000114,75,107,Track_4,Acoustic Grand Piano _ 3,Piano 3,62820,360
149.81741674999995,0.4347825000000114,72,107,Track_4,Acoustic Grand Piano _ 3,Piano 3,63180,360
150.25219924999996,0.434782499999983,73,107,Track_4,Acoustic Grand Piano _ 3,Piano 3,63540,360
150.68698174999994,0.4347825000000114,74,107,Track_4,Acoustic Grand Piano _ 3,Piano 3,63900,360
151.12176424999996,0.434782499999983,75,107,Track_4,Acoustic Grand Piano _ 3,Piano 3,64260,360
151.55654674999994,0.4347825000000114,71,107,Track_4,Acoustic Grand Piano _ 3,Piano 3,64620,360
151.99132924999995,0.4347825000000114,73,107,Track_4,Acoustic Grand Piano _ 3,Piano 3,64980,360
152.42611174999996,0.434782499999983,74,107,Track_4,Acoustic Grand Piano _ 3,Piano 3,65340,360
152.86089424999994,0.4347825000000114,75,107,Track_4,Acoustic Grand Piano _ 3,Piano 3,65700,360
153.29567674999996,0.0872092500000008,56,107,Track_4,Acoustic Grand Piano _ 3,Piano 3,66060,30
153.38288599999996,0.0872092500000008,58,107,Track_4,Acoustic Grand Piano _ 3,Piano 3,66090,30
153.47009524999996,0.0872092500000008,61,105,Track_4,Acoustic Grand Piano _ 3,Piano 3,66120,30
153.55730449999996,0.0872092500000008,63,105,Track_4,Acoustic Grand Piano _ 3,Piano 3,66150,30
153.64451374999996,0.0872092500000008,66,102,Track_4,Acoustic Grand Piano _ 3,Piano 3,66180,30
153.73172299999996,0.0872092500000008,68,102,Track_4,Acoustic Grand Piano _ 3,Piano 3,66210,30
153.81893224999996,0.0872092500000008,70,102,Track_4,Acoustic Grand Piano _ 3,Piano 3,66240,30
153.90614149999996,0.0872092500000008,73,102,Track_4,Acoustic Grand Piano _ 3,Piano 3,66270,30
153.99335074999996,0.0872092500000008,75,102,Track_4,Acoustic Grand Piano _ 3,Piano 3,66300,30
154.08055999999996,0.0872092500000008,78,102,Track_4,Acoustic Grand Piano _ 3,Piano 3,66330,30
154.16776924999996,0.0872092500000008,68,102,Track_4,Acoustic Grand Piano _ 3,Piano 3,66360,30
154.25497849999996,0.0872092500000008,70,102,Track_4,Acoustic Grand Piano _ 3,Piano 3,66390,30
154.34218774999997,0.0872092500000008,73,102,Track_4,Acoustic Grand Piano _ 3,Piano 3,66420,30
154.42939699999997,0.0872092500000008,75,102,Track_4,Acoustic Grand Piano _ 3,Piano 3,66450,30
154.51660624999997,0.0872092500000008,78,102,Track_4,Acoustic Grand Piano _ 3,Piano 3,66480,30
154.60381549999997,0.0872092500000008,80,102,Track_4,Acoustic Grand Piano _ 3,Piano 3,66510,30
154.69102474999997,0.0872092500000008,82,102,Track_4,Acoustic Grand Piano _ 3,Piano 3,66540,30
154.77823399999997,0.08720924999997237,85,102,Track_4,Acoustic Grand Piano _ 3,Piano 3,66570,30
154.86544324999994,0.0872092500000008,87,102,Track_4,Acoustic Grand Piano _ 3,Piano 3,66600,30
154.95265249999994,0.0872092500000008,90,102,Track_4,Acoustic Grand Piano _ 3,Piano 3,66630,30
157.51812349999994,1.032609624999992,87,102,Track_4,Acoustic Grand Piano _ 3,Piano 3,67260,570
168.46015199999997,0.10416662499997642,44,91,Track_4,Acoustic Grand Piano _ 3,Piano 3,70980,30
168.56431862499994,0.10416662500000484,49,91,Track_4,Acoustic Grand Piano _ 3,Piano 3,71010,30
168.66848524999995,0.10416662500000484,54,91,Track_4,Acoustic Grand Piano _ 3,Piano 3,71040,30
168.77265187499995,0.10416662500000484,58,91,Track_4,Acoustic Grand Piano _ 3,Piano 3,71070,30
168.87681849999996,0.10416662500000484,60,91,Track_4,Acoustic Grand Piano _ 3,Piano 3,71100,30
168.98098512499996,0.10416662500000484,57,91,Track_4,Acoustic Grand Piano _ 3,Piano 3,71130,30
169.08515174999997,0.10416662499997642,54,91,Track_4,Acoustic Grand Piano _ 3,Piano 3,71160,30
169.18931837499994,0.10416662500000484,50,91,Track_4,Acoustic Grand Piano _ 3,Piano 3,71190,30
169.29348499999995,0.10416662500000484,44,91,Track_4,Acoustic Grand Piano _ 3,Piano 3,71220,30
169.39765162499995,0.10416662500000484,50,91,Track_4,Acoustic Grand Piano _ 3,Piano 3,71250,30
169.50181824999996,0.10416662500000484,54,91,Track_4,Acoustic Grand Piano _ 3,Piano 3,71280,30
169.60598487499996,0.10416662499997642,57,91,Track_4,Acoustic Grand Piano _ 3,Piano 3,71310,30
169.71015149999994,0.10416662500000484,60,91,Track_4,Acoustic Grand Piano _ 3,Piano 3,71340,30
169.81431812499994,0.10416662500000484,57,91,Track_4,Acoustic Grand Piano _ 3,Piano 3,71370,30
169.91848474999995,0.10416662500000484,54,91,Track_4,Acoustic Grand Piano _ 3,Piano 3,71400,30
170.02265137499995,0.10416662500000484,50,91,Track_4,Acoustic Grand Piano _ 3,Piano 3,71430,30
170.12681799999996,0.10416662500000484,44,91,Track_4,Acoustic Grand Piano _ 3,Piano 3,71460,30
170.23098462499996,0.10416662499997642,49,91,Track_4,Acoustic Grand Piano _ 3,Piano 3,71490,30
170.33515124999994,0.10416662500000484,54,91,Track_4,Acoustic Grand Piano _ 3,Piano 3,71520,30
170.43931787499994,0.10416662500000484,58,91,Track_4,Acoustic Grand Piano _ 3,Piano 3,71550,30
170.54348449999995,0.10416662500000484,60,91,Track_4,Acoustic Grand Piano _ 3,Piano 3,71580,30
170.64765112499995,0.10416662500000484,57,91,Track_4,Acoustic Grand Piano _ 3,Piano 3,71610,30
170.75181774999996,0.10416662500000484,54,91,Track_4,Acoustic Grand Piano _ 3,Piano 3,71640,30
170.85598437499996,0.10416662499997642,50,91,Track_4,Acoustic Grand Piano _ 3,Piano 3,71670,30
170.96015099999994,0.10416662500000484,44,91,Track_4,Acoustic Grand Piano _ 3,Piano 3,71700,30
171.06431762499994,0.10416662500000484,50,91,Track_4,Acoustic Grand Piano _ 3,Piano 3,71730,30
171.16848424999995,0.10416662500000484,54,91,Track_4,Acoustic Grand Piano _ 3,Piano 3,71760,30
171.27265087499995,0.10416662500000484,57,91,Track_4,Acoustic Grand Piano _ 3,Piano 3,71790,30
171.37681749999996,0.10416662500000484,60,91,Track_4,Acoustic Grand Piano _ 3,Piano 3,71820,30
171.48098412499996,0.10416662499997642,57,91,Track_4,Acoustic Grand Piano _ 3,Piano 3,71850,30
171.58515074999994,0.10416662500000484,54,91,Track_4,Acoustic Grand Piano _ 3,Piano 3,71880,30
171.68931737499994,0.10416662500000484,50,91,Track_4,Acoustic Grand Piano _ 3,Piano 3,71910,30
175.12681599999996,0.41666649999999095,60,87,Track_4,Acoustic Grand Piano _ 3,Piano 3,72900,120
175.54348249999995,0.20833325000000968,57,85,Track_4,Acoustic Grand Piano _ 3,Piano 3,73020,60
175.96014899999994,0.41666650000001937,72,92,Track_4,Acoustic Grand Piano _ 3,Piano 3,73140,120
176.37681549999996,0.20833324999998126,69,90,Track_4,Acoustic Grand Piano _ 3,Piano 3,73260,60
177.62681499999997,0.41666649999999095,56,99,Track_4,Acoustic Grand Piano _ 3,Piano 3,73620,120
178.04348149999996,0.41666649999999095,44,99,Track_4,Acoustic Grand Piano _ 3,Piano 3,73740,120
178.46014799999995,0.41666650000001937,32,99,Track_4,Acoustic Grand Piano _ 3,Piano 3,73860,120
178.87681449999997,0.41666649999999095,21,99,Track_4,Acoustic Grand Piano _ 3,Piano 3,73980,120
179.29348099999996,0.10416662500000484,44,91,Track_4,Acoustic Grand Piano _ 3,Piano 3,74100,30
179.39764762499996,0.10416662499997642,53,91,Track_4,Acoustic Grand Piano _ 3,Piano 3,74130,30
179.50181424999994,0.10416662500000484,56,91,Track_4,Acoustic Grand Piano _ 3,Piano 3,74160,30
179.60598087499994,0.10416662500000484,60,91,Track_4,Acoustic Grand Piano _ 3,Piano 3,74190,30
179.81431412499995,0.10416662500000484,59,91,Track_4,Acoustic Grand Piano _ 3,Piano 3,74250,30
179.91848074999996,0.10416662500000484,56,91,Track_4,Acoustic Grand Piano _ 3,Piano 3,74280,30
180.02264737499996,0.10416662499997642,52,91,Track_4,Acoustic Grand Piano _ 3,Piano 3,74310,30
180.12681399999994,0.10416662500000484,44,91,Track_4,Acoustic Grand Piano _ 3,Piano 3,74340,30
180.23098062499994,0.10416662500000484,52,91,Track_4,Acoustic Grand Piano _ 3,Piano 3,74370,30
180.33514724999995,0.10416662500000484,56,91,Track_4,Acoustic Grand Piano _ 3,Piano 3,74400,30
180.43931387499995,0.10416662500000484,59,91,Track_4,Acoustic Grand Piano _ 3,Piano 3,74430,30
180.54348049999996,0.10416662500000484,62,91,Track_4,Acoustic Grand Piano _ 3,Piano 3,74460,30
180.64764712499996,0.10416662499997642,59,91,Track_4,Acoustic Grand Piano _ 3,Piano 3,74490,30
180.75181374999994,0.10416662500000484,56,91,Track_4,Acoustic Grand Piano _ 3,Piano 3,74520,30
180.85598037499994,0.10416662500000484,52,91,Track_4,Acoustic Grand Piano _ 3,Piano 3,74550,30
180.96014699999995,0.10416662500000484,44,91,Track_4,Acoustic Grand Piano _ 3,Piano 3,74580,30
181.06431362499995,0.10416662500000484,53,91,Track_4,Acoustic Grand Piano _ 3,Piano 3,74610,30
181.16848024999996,0.10416662500000484,56,91,Track_4,Acoustic Grand Piano _ 3,Piano 3,74640,30
181.27264687499996,0.10416662499997642,60,91,Track_4,Acoustic Grand Piano _ 3,Piano 3,74670,30
181.37681349999994,0.10416662500000484,62,91,Track_4,Acoustic Grand Piano _ 3,Piano 3,74700,30
181.48098012499995,0.10416662500000484,59,91,Track_4,Acoustic Grand Piano _ 3,Piano 3,74730,30
181.58514674999995,0.10416662500000484,56,91,Track_4,Acoustic Grand Piano _ 3,Piano 3,74760,30
181.68931337499995,0.10416662500000484,52,91,Track_4,Acoustic Grand Piano _ 3,Piano 3,74790,30
181.79347999999996,0.10416662499997642,44,91,Track_4,Acoustic Grand Piano _ 3,Piano 3,74820,30
181.89764662499994,0.10416662500000484,52,91,Track_4,Acoustic Grand Piano _ 3,Piano 3,74850,30
182.00181324999994,0.10416662500000484,56,91,Track_4,Acoustic Grand Piano _ 3,Piano 3,74880,30
182.10597987499995,0.10416662500000484,59,91,Track_4,Acoustic Grand Piano _ 3,Piano 3,74910,30
182.21014649999995,0.10416662500000484,62,91,Track_4,Acoustic Grand Piano _ 3,Piano 3,74940,30
182.31431312499996,0.10416662500000484,59,91,Track_4,Acoustic Grand Piano _ 3,Piano 3,74970,30
182.41847974999996,0.10416662500000484,56,91,Track_4,Acoustic Grand Piano _ 3,Piano 3,75000,30
182.52264637499997,0.10416662499997642,52,91,Track_4,Acoustic Grand Piano _ 3,Piano 3,75030,30
184.29347899999996,0.41666649999999095,62,91,Track_4,Acoustic Grand Piano _ 3,Piano 3,75540,120
184.71014549999995,0.20833325000000968,59,88,Track_4,Acoustic Grand Piano _ 3,Piano 3,75660,60
185.12681199999994,0.41666650000001937,74,90,Track_4,Acoustic Grand Piano _ 3,Piano 3,75780,120
185.54347849999996,0.20833324999998126,71,87,Track_4,Acoustic Grand Piano _ 3,Piano 3,75900,60
186.79347799999994,0.41666650000001937,56,101,Track_4,Acoustic Grand Piano _ 3,Piano 3,76260,120
187.21014449999996,0.41666649999999095,44,101,Track_4,Acoustic Grand Piano _ 3,Piano 3,76380,120
187.62681099999995,0.41666649999999095,32,101,Track_4,Acoustic Grand Piano _ 3,Piano 3,76500,120
188.04347749999994,0.41666650000001937,21,101,Track_4,Acoustic Grand Piano _ 3,Piano 3,76620,120
189.71014349999996,0.10416662500000484,51,100,Track_4,Acoustic Grand Piano _ 3,Piano 3,77100,30
189.91847674999994,0.10416662500000484,53,100,Track_4,Acoustic Grand Piano _ 3,Piano 3,77160,30
190.12680999999995,0.6249997500000006,60,99,Track_4,Acoustic Grand Piano _ 3,Piano 3,77220,180
190.75180974999995,0.41666649999999095,62,99,Track_4,Acoustic Grand Piano _ 3,Piano 3,77400,120
191.16847624999994,0.20833325000000968,64,96,Track_4,Acoustic Grand Piano _ 3,Piano 3,77520,60
191.37680949999995,0.20833325000000968,62,96,Track_4,Acoustic Grand Piano _ 3,Piano 3,77580,60
191.58514274999996,0.20833324999998126,64,96,Track_4,Acoustic Grand Piano _ 3,Piano 3,77640,60
191.79347599999994,0.10416662500000484,56,101,Track_4,Acoustic Grand Piano _ 3,Piano 3,77700,30
191.89764262499995,0.10416662500000484,61,101,Track_4,Acoustic Grand Piano _ 3,Piano 3,77730,30
192.00180924999995,0.10416662500000484,66,101,Track_4,Acoustic Grand Piano _ 3,Piano 3,77760,30
192.10597587499996,0.10416662500000484,70,101,Track_4,Acoustic Grand Piano _ 3,Piano 3,77790,30
192.31430912499997,0.10416662499997642,72,101,Track_4,Acoustic Grand Piano _ 3,Piano 3,77850,30
192.41847574999994,0.10416662500000484,68,101,Track_4,Acoustic Grand Piano _ 3,Piano 3,77880,30
192.52264237499995,0.10416662500000484,63,101,Track_4,Acoustic Grand Piano _ 3,Piano 3,77910,30
192.62680899999995,0.10416662500000484,56,101,Track_4,Acoustic Grand Piano _ 3,Piano 3,77940,30
192.73097562499996,0.10416662500000484,65,101,Track_4,Acoustic Grand Piano _ 3,Piano 3,77970,30
192.83514224999996,0.10416662499997642,70,101,Track_4,Acoustic Grand Piano _ 3,Piano 3,78000,30
192.93930887499994,0.10416662500000484,74,101,Track_4,Acoustic Grand Piano _ 3,Piano 3,78030,30
193.04347549999994,0.10416662500000484,68,101,Track_4,Acoustic Grand Piano _ 3,Piano 3,78060,30
193.14764212499995,0.10416662500000484,72,101,Track_4,Acoustic Grand Piano _ 3,Piano 3,78090,30
193.25180874999995,0.10416662500000484,70,101,Track_4,Acoustic Grand Piano _ 3,Piano 3,78120,30
193.35597537499996,0.10416662500000484,74,101,Track_4,Acoustic Grand Piano _ 3,Piano 3,78150,30
193.46014199999996,0.6459627499999954,70,99,Track_4,Acoustic Grand Piano _ 3,Piano 3,78180,180
194.10610474999996,0.4347825000000114,72,96,Track_4,Acoustic Grand Piano _ 3,Piano 3,78360,120
194.54088724999997,0.4379795000000115,73,93,Track_4,Acoustic Grand Piano _ 3,Piano 3,78480,120
194.97886674999998,0.22058825000002003,75,91,Track_4,Acoustic Grand Piano _ 3,Piano 3,78600,60
195.199455,1.6666659999999922,44,85,Track_4,Acoustic Grand Piano _ 3,Piano 3,78660,480
196.866121,1.6666660000000206,44,85,Track_4,Acoustic Grand Piano _ 3,Piano 3,79140,480
198.532787,1.6666669999999897,44,85,Track_4,Acoustic Grand Piano _ 3,Piano 3,79620,240
201.4494535,0.41666649999999095,62,85,Track_4,Acoustic Grand Piano _ 3,Piano 3,80220,120
203.1161195,0.41666650000001937,62,91,Track_4,Acoustic Grand Piano _ 3,Piano 3,80700,120
203.53278600000002,3.3333319999999844,44,99,Track_4,Acoustic Grand Piano _ 3,Piano 3,80820,960
208.532784,1.6666660000000206,44,101,Track_4,Acoustic Grand Piano _ 3,Piano 3,82260,480
218.5327775,0.41666662500000484,54,101,Track_4,Acoustic Grand Piano _ 3,Piano 3,86700,90
218.949444125,0.41666662500000484,66,101,Track_4,Acoustic Grand Piano _ 3,Piano 3,86790,90
219.36611075000002,0.4166666249999764,54,90,Track_4,Acoustic Grand Piano _ 3,Piano 3,86880,90
219.782777375,0.41666662500000484,66,88,Track_4,Acoustic Grand Piano _ 3,Piano 3,86970,90
220.199444,0.41666662500000484,42,86,Track_4,Acoustic Grand Piano _ 3,Piano 3,87060,90
220.616110625,0.41666662500000484,54,85,Track_4,Acoustic Grand Piano _ 3,Piano 3,87150,90
221.03277725,0.41666662500000484,42,82,Track_4,Acoustic Grand Piano _ 3,Piano 3,87240,90
221.44944387500001,0.41666662500000484,54,81,Track_4,Acoustic Grand Piano _ 3,Piano 3,87330,90
221.86611050000002,0.4166666249999764,30,80,Track_4,Acoustic Grand Piano _ 3,Piano 3,87420,90
222.282777125,0.41666662500000484,42,78,Track_4,Acoustic Grand Piano _ 3,Piano 3,87510,90
222.69944375,0.41666662500000484,30,77,Track_4,Acoustic Grand Piano _ 3,Piano 3,87600,90
223.116110375,0.41666662500000484,42,77,Track_4,Acoustic Grand Piano _ 3,Piano 3,87690,90
223.532777,0.41666662500000484,30,77,Track_4,Acoustic Grand Piano _ 3,Piano 3,87780,90
223.94944362500001,0.41666662500000484,42,77,Track_4,Acoustic Grand Piano _ 3,Piano 3,87870,90
224.36611025000002,0.4166666249999764,30,77,Track_4,Acoustic Grand Piano _ 3,Piano 3,87960,90
224.782776875,0.41666662500000484,42,77,Track_4,Acoustic Grand Piano _ 3,Piano 3,88050,90
243.3662905,0.44117650000001163,75,83,Track_4,Acoustic Grand Piano _ 3,Piano 3,94650,60
243.807467,0.4411764999999832,77,83,Track_4,Acoustic Grand Piano _ 3,Piano 3,94710,60
244.2486435,0.44117650000001163,73,83,Track_4,Acoustic Grand Piano _ 3,Piano 3,94770,60
244.68982,0.2205882499999916,79,83,Track_4,Acoustic Grand Piano _ 3,Piano 3,94830,30
244.91040825,0.2205882499999916,73,83,Track_4,Acoustic Grand Piano _ 3,Piano 3,94860,30
245.13099649999998,0.44117650000001163,75,83,Track_4,Acoustic Grand Piano _ 3,Piano 3,94890,60
245.572173,0.44117650000001163,78,83,Track_4,Acoustic Grand Piano _ 3,Piano 3,94950,60
246.0133495,0.4411764999999832,73,83,Track_4,Acoustic Grand Piano _ 3,Piano 3,95010,60
246.454526,0.2205882499999916,79,83,Track_4,Acoustic Grand Piano _ 3,Piano 3,95070,30
246.67511424999998,0.22058825000002003,73,83,Track_4,Acoustic Grand Piano _ 3,Piano 3,95100,30
246.8957025,0.44117650000001163,75,83,Track_4,Acoustic Grand Piano _ 3,Piano 3,95130,120
247.336879,0.4411764999999832,77,83,Track_4,Acoustic Grand Piano _ 3,Piano 3,95250,120
247.7780555,0.46153849999998897,73,83,Track_4,Acoustic Grand Piano _ 3,Piano 3,95370,120
248.23959399999998,0.4615385000000174,75,83,Track_4,Acoustic Grand Piano _ 3,Piano 3,95490,120
248.7011325,0.5263160000000084,71,83,Track_4,Acoustic Grand Piano _ 3,Piano 3,95610,120
249.2274485,0.52631599999998,73,83,Track_4,Acoustic Grand Piano _ 3,Piano 3,95730,120
249.7537645,0.5999999999999943,69,83,Track_4,Acoustic Grand Piano _ 3,Piano 3,95850,120
250.35376449999998,0.6583333750000122,71,83,Track_4,Acoustic Grand Piano _ 3,Piano 3,95970,120
251.012097875,0.6521740000000023,57,83,Track_4,Acoustic Grand Piano _ 3,Piano 3,96090,60
251.664271875,0.6521740000000023,63,83,Track_4,Acoustic Grand Piano _ 3,Piano 3,96150,60
252.316445875,0.6521740000000023,55,83,Track_4,Acoustic Grand Piano _ 3,Piano 3,96210,60
252.968619875,0.6521740000000023,61,83,Track_4,Acoustic Grand Piano _ 3,Piano 3,96270,60
253.620793875,0.6521740000000023,57,83,Track_4,Acoustic Grand Piano _ 3,Piano 3,96330,60
254.272967875,0.6521740000000023,63,83,Track_4,Acoustic Grand Piano _ 3,Piano 3,96390,60
254.925141875,0.6521739999999738,55,83,Track_4,Acoustic Grand Piano _ 3,Piano 3,96450,60
255.57731587499998,0.6521740000000307,61,83,Track_4,Acoustic Grand Piano _ 3,Piano 3,96510,60
260.68782325,1.875,58,83,Track_4,Acoustic Grand Piano _ 3,Piano 3,96930,120
264.333657,0.5208337500000084,47,83,Track_4,Acoustic Grand Piano _ 3,Piano 3,97380,450
264.85449075,0.5208337500000084,61,83,Track_4,Acoustic Grand Piano _ 3,Piano 3,97830,450
265.37532450000003,0.5208337500000084,73,83,Track_4,Acoustic Grand Piano _ 3,Piano 3,98280,450
265.89615825000004,0.4166670000000181,73,91,Track_4,Acoustic Grand Piano _ 3,Piano 3,98730,180
266.31282525000006,0.41666699999996126,75,91,Track_4,Acoustic Grand Piano _ 3,Piano 3,98910,180
266.72949225,0.4166670000000181,73,91,Track_4,Acoustic Grand Piano _ 3,Piano 3,99090,180
267.14615925000004,0.20833349999998063,78,91,Track_4,Acoustic Grand Piano _ 3,Piano 3,99270,90
267.35449275,0.20833350000003747,75,91,Track_4,Acoustic Grand Piano _ 3,Piano 3,99360,90
267.56282625000006,0.41666699999996126,73,91,Track_4,Acoustic Grand Piano _ 3,Piano 3,99450,180
267.97949325,0.4166670000000181,68,91,Track_4,Acoustic Grand Piano _ 3,Piano 3,99630,180
268.39616025000004,0.4166670000000181,68,91,Track_4,Acoustic Grand Piano _ 3,Piano 3,99810,180
268.81282725000005,0.41666699999996126,66,91,Track_4,Acoustic Grand Piano _ 3,Piano 3,99990,180
269.22949425,0.4166670000000181,61,91,Track_4,Acoustic Grand Piano _ 3,Piano 3,100170,180
269.64616125000003,0.4166670000000181,63,91,Track_4,Acoustic Grand Piano _ 3,Piano 3,100350,180
270.06282825000005,0.41666699999996126,61,91,Track_4,Acoustic Grand Piano _ 3,Piano 3,100530,180
270.47949525,0.20833350000003747,66,91,Track_4,Acoustic Grand Piano _ 3,Piano 3,100710,90
270.68782875000005,0.20833349999998063,63,91,Track_4,Acoustic Grand Piano _ 3,Piano 3,100800,90
270.89616225000003,0.4166670000000181,61,91,Track_4,Acoustic Grand Piano _ 3,Piano 3,100890,180
271.31282925000005,0.4166670000000181,56,91,Track_4,Acoustic Grand Piano _ 3,Piano 3,101070,180
271.72949625000007,0.41666699999996126,56,88,Track_4,Acoustic Grand Piano _ 3,Piano 3,101250,180
272.14616325000003,0.4166670000000181,54,86,Track_4,Acoustic Grand Piano _ 3,Piano 3,101430,180
272.56283025000005,0.8333339999999794,57,91,Track_4,Acoustic Grand Piano _ 3,Piano 3,101610,480
273.39616425,0.8333340000000362,54,91,Track_4,Acoustic Grand Piano _ 3,Piano 3,102090,480
274.22949825000006,0.8333339999999794,57,91,Track_4,Acoustic Grand Piano _ 3,Piano 3,102570,480
275.06283225000004,0.8333339999999794,54,91,Track_4,Acoustic Grand Piano _ 3,Piano 3,103050,480
275.89616625,0.8999999999999773,57,91,Track_4,Acoustic Grand Piano _ 3,Piano 3,103530,900
276.79616625,0.9000000000000341,54,91,Track_4,Acoustic Grand Piano _ 3,Piano 3,104430,900
277.69616625000003,0.8999999999999773,52,91,Track_4,Acoustic Grand Piano _ 3,Piano 3,105330,900
278.59616625,0.8333339999999794,57,91,Track_4,Acoustic Grand Piano _ 3,Piano 3,106230,480
287.76284025,1.5,47,85,Track_4,Acoustic Grand Piano _ 3,Piano 3,111510,60
11.666667,1.2499994999999995,47,82,Track_5,Acoustic Grand Piano _ 4,Piano 4,4080,360
12.9166665,0.41666649999999983,49,82,Track_5,Acoustic Grand Piano _ 4,Piano 4,4440,120
13.333333,1.2499995000000013,47,82,Track_5,Acoustic Grand Piano _ 4,Piano 4,4560,360
14.583332500000001,0.41666649999999805,49,82,Track_5,Acoustic Grand Piano _ 4,Piano 4,4920,120
17.812501249999997,0.10416675000000097,83,78,Track_5,Acoustic Grand Piano _ 4,Piano 4,6660,60
18.22916825,0.10416674999999742,87,78,Track_5,Acoustic Grand Piano _ 4,Piano 4,6900,60
40.833333499999995,3.3333360000000027,37,99,Track_5,Acoustic Grand Piano _ 4,Piano 4,14520,1440
55.9722245,0.06944449999999591,59,83,Track_5,Acoustic Grand Piano _ 4,Piano 4,19950,30
62.708337,0.41666649999999805,56,71,Track_5,Acoustic Grand Piano _ 4,Piano 4,22380,120
63.1250035,0.41666650000000516,54,71,Track_5,Acoustic Grand Piano _ 4,Piano 4,22500,120
63.54167,0.8333330000000032,52,81,Track_5,Acoustic Grand Piano _ 4,Piano 4,22620,240
64.375003,0.8333329999999961,49,81,Track_5,Acoustic Grand Piano _ 4,Piano 4,22860,240
65.208336,0.8333329999999961,47,81,Track_5,Acoustic Grand Piano _ 4,Piano 4,23100,240
66.041669,0.8333329999999961,45,83,Track_5,Acoustic Grand Piano _ 4,Piano 4,23340,240
66.875002,0.8333330000000103,44,86,Track_5,Acoustic Grand Piano _ 4,Piano 4,23580,240
67.708335,0.8333329999999961,42,88,Track_5,Acoustic Grand Piano _ 4,Piano 4,23820,240
68.541668,0.8333329999999961,40,91,Track_5,Acoustic Grand Piano _ 4,Piano 4,24060,240
69.375001,0.10416662500000484,39,82,Track_5,Acoustic Grand Piano _ 4,Piano 4,24300,30
70.20833400000001,0.10416662499999063,43,82,Track_5,Acoustic Grand Piano _ 4,Piano 4,24540,30
71.041667,0.10416662499999063,39,82,Track_5,Acoustic Grand Piano _ 4,Piano 4,24780,30
71.875,0.10416662500000484,43,82,Track_5,Acoustic Grand Piano _ 4,Piano 4,25020,30
72.708333,0.10416662500000484,51,82,Track_5,Acoustic Grand Piano _ 4,Piano 4,25260,30
73.541666,0.10416662499999063,55,87,Track_5,Acoustic Grand Piano _ 4,Piano 4,25500,30
74.374999,0.10416662500000484,63,92,Track_5,Acoustic Grand Piano _ 4,Piano 4,25740,30
75.208332,0.10416662500000484,67,97,Track_5,Acoustic Grand Piano _ 4,Piano 4,25980,30
76.041665,0.4166667500000045,63,102,Track_5,Acoustic Grand Piano _ 4,Piano 4,26220,60
92.806371,0.4166667500000045,66,102,Track_5,Acoustic Grand Piano _ 4,Piano 4,29580,60
93.22303775,0.4166667499999903,84,91,Track_5,Acoustic Grand Piano _ 4,Piano 4,29640,60
93.6397045,0.4166667500000045,64,82,Track_5,Acoustic Grand Piano _ 4,Piano 4,29700,60
94.05637125,0.4166667500000045,87,91,Track_5,Acoustic Grand Piano _ 4,Piano 4,29760,60
94.473038,0.4166667499999903,66,82,Track_5,Acoustic Grand Piano _ 4,Piano 4,29820,60
94.88970474999999,0.4166667500000045,84,91,Track_5,Acoustic Grand Piano _ 4,Piano 4,29880,60
95.3063715,0.4166667500000045,64,82,Track_5,Acoustic Grand Piano _ 4,Piano 4,29940,60
95.72303825,0.4166667499999903,87,91,Track_5,Acoustic Grand Piano _ 4,Piano 4,30000,60
96.13970499999999,0.4166667500000045,63,82,Track_5,Acoustic Grand Piano _ 4,Piano 4,30060,60
96.55637175,0.4166667500000045,80,91,Track_5,Acoustic Grand Piano _ 4,Piano 4,30120,60
96.9730385,0.4166667499999903,61,82,Track_5,Acoustic Grand Piano _ 4,Piano 4,30180,60
97.38970524999999,0.4166667500000045,78,91,Track_5,Acoustic Grand Piano _ 4,Piano 4,30240,60
97.806372,0.4166667500000045,59,80,Track_5,Acoustic Grand Piano _ 4,Piano 4,30300,60
98.22303875,0.4166667499999903,76,88,Track_5,Acoustic Grand Piano _ 4,Piano 4,30360,60
98.63970549999999,0.4166667500000045,53,77,Track_5,Acoustic Grand Piano _ 4,Piano 4,30420,60
99.473039,0.4166667499999903,59,77,Track_5,Acoustic Grand Piano _ 4,Piano 4,30540,60
99.88970574999999,0.4166667500000045,76,74,Track_5,Acoustic Grand Piano _ 4,Piano 4,30600,60
100.3063725,0.4166667500000045,53,74,Track_5,Acoustic Grand Piano _ 4,Piano 4,30660,60
101.13970599999999,0.4166667500000045,59,72,Track_5,Acoustic Grand Piano _ 4,Piano 4,30780,60
101.55637275,0.4166667500000045,76,69,Track_5,Acoustic Grand Piano _ 4,Piano 4,30840,60
101.9730395,0.4166667499999903,53,69,Track_5,Acoustic Grand Piano _ 4,Piano 4,30900,60
102.806373,0.4166670000000039,52,69,Track_5,Acoustic Grand Piano _ 4,Piano 4,31020,360
103.63970699999999,0.4166670000000039,64,80,Track_5,Acoustic Grand Piano _ 4,Piano 4,31740,360
104.473041,0.4166670000000039,76,91,Track_5,Acoustic Grand Piano _ 4,Piano 4,32460,360
105.30637499999999,0.8333340000000078,70,91,Track_5,Acoustic Grand Piano _ 4,Piano 4,33180,720
106.139709,0.8333339999999936,68,91,Track_5,Acoustic Grand Piano _ 4,Piano 4,33900,720
106.97304299999999,0.6250004999999987,58,91,Track_5,Acoustic Grand Piano _ 4,Piano 4,34620,540
107.59804349999999,0.20833350000000905,58,91,Track_5,Acoustic Grand Piano _ 4,Piano 4,35160,180
108.63971099999999,0.8333339999999936,46,91,Track_5,Acoustic Grand Piano _ 4,Piano 4,36060,720
111.55637999999999,0.20833350000000905,70,91,Track_5,Acoustic Grand Piano _ 4,Piano 4,38580,180
111.7647135,0.20833349999999484,68,91,Track_5,Acoustic Grand Piano _ 4,Piano 4,38760,180
111.973047,0.8333339999999936,67,91,Track_5,Acoustic Grand Piano _ 4,Piano 4,38940,720
112.80638099999999,0.8333340000000078,60,91,Track_5,Acoustic Grand Piano _ 4,Piano 4,39660,720
115.51471649999999,0.20833349999999484,50,91,Track_5,Acoustic Grand Piano _ 4,Piano 4,42000,180
125.35741325,0.22727274999999736,61,91,Track_5,Acoustic Grand Piano _ 4,Piano 4,48960,60
125.58468599999999,0.4545454999999947,64,91,Track_5,Acoustic Grand Piano _ 4,Piano 4,49020,120
126.03923149999999,0.4545454999999947,62,91,Track_5,Acoustic Grand Piano _ 4,Piano 4,49140,120
126.94832249999999,0.4545454999999947,61,92,Track_5,Acoustic Grand Piano _ 4,Piano 4,49380,120
127.40286799999998,0.45454550000000893,62,93,Track_5,Acoustic Grand Piano _ 4,Piano 4,49500,120
127.85741349999999,0.4545454999999805,64,95,Track_5,Acoustic Grand Piano _ 4,Piano 4,49620,120
132.63013724999996,0.22727274999999736,66,95,Track_5,Acoustic Grand Piano _ 4,Piano 4,52800,60
132.85740999999996,0.45454550000002314,69,95,Track_5,Acoustic Grand Piano _ 4,Piano 4,52860,120
133.31195549999998,0.4545454999999947,67,95,Track_5,Acoustic Grand Piano _ 4,Piano 4,52980,120
134.22104649999997,0.4545454999999947,66,96,Track_5,Acoustic Grand Piano _ 4,Piano 4,53220,120
134.67559199999997,0.4545454999999947,67,96,Track_5,Acoustic Grand Piano _ 4,Piano 4,53340,120
135.13013749999996,0.4545454999999947,69,97,Track_5,Acoustic Grand Piano _ 4,Piano 4,53460,120
136.94831949999997,0.4545454999999947,64,97,Track_5,Acoustic Grand Piano _ 4,Piano 4,53940,120
138.31195599999998,0.4545454999999947,61,97,Track_5,Acoustic Grand Piano _ 4,Piano 4,54300,120
138.76650149999998,0.4545454999999947,58,97,Track_5,Acoustic Grand Piano _ 4,Piano 4,54420,120
190.12680999999995,0.6249997500000006,55,99,Track_5,Acoustic Grand Piano _ 4,Piano 4,77220,180
190.75180974999995,0.41666649999999095,57,99,Track_5,Acoustic Grand Piano _ 4,Piano 4,77400,120
191.16847624999994,0.20833325000000968,59,96,Track_5,Acoustic Grand Piano _ 4,Piano 4,77520,60
191.37680949999995,0.20833325000000968,57,96,Track_5,Acoustic Grand Piano _ 4,Piano 4,77580,60
191.58514274999996,0.20833324999998126,59,96,Track_5,Acoustic Grand Piano _ 4,Piano 4,77640,60
193.04347549999994,0.10416662500000484,63,96,Track_5,Acoustic Grand Piano _ 4,Piano 4,78060,30
193.25180874999995,0.10416662500000484,65,96,Track_5,Acoustic Grand Piano _ 4,Piano 4,78120,30
193.46014199999996,0.6459627499999954,66,99,Track_5,Acoustic Grand Piano _ 4,Piano 4,78180,180
194.10610474999996,0.4347825000000114,68,96,Track_5,Acoustic Grand Piano _ 4,Piano 4,78360,120
194.54088724999997,0.4379795000000115,69,93,Track_5,Acoustic Grand Piano _ 4,Piano 4,78480,120
194.97886674999998,0.22058825000002003,71,91,Track_5,Acoustic Grand Piano _ 4,Piano 4,78600,60
200.199454,1.6666659999999922,44,91,Track_5,Acoustic Grand Piano _ 4,Piano 4,79860,480
201.86612,1.6666660000000206,44,91,Track_5,Acoustic Grand Piano _ 4,Piano 4,80340,480
203.53278600000002,3.3333319999999844,32,99,Track_5,Acoustic Grand Piano _ 4,Piano 4,80820,960
251.012097875,0.6521740000000023,54,99,Track_5,Acoustic Grand Piano _ 4,Piano 4,96090,60
251.664271875,0.6521740000000023,59,99,Track_5,Acoustic Grand Piano _ 4,Piano 4,96150,60
252.316445875,0.6521740000000023,52,99,Track_5,Acoustic Grand Piano _ 4,Piano 4,96210,60
252.968619875,0.6521740000000023,57,99,Track_5,Acoustic Grand Piano _ 4,Piano 4,96270,60
253.620793875,0.6521740000000023,54,99,Track_5,Acoustic Grand Piano _ 4,Piano 4,96330,60
254.272967875,0.6521740000000023,59,99,Track_5,Acoustic Grand Piano _ 4,Piano 4,96390,60
254.925141875,0.6521739999999738,52,99,Track_5,Acoustic Grand Piano _ 4,Piano 4,96450,60
255.57731587499998,0.6521740000000307,57,99,Track_5,Acoustic Grand Piano _ 4,Piano 4,96510,60
256.229489875,0.7142857499999877,58,99,Track_5,Acoustic Grand Piano _ 4,Piano 4,96570,60
256.943775625,0.7142857499999877,63,99,Track_5,Acoustic Grand Piano _ 4,Piano 4,96630,60
257.658061375,0.7142857500000446,55,99,Track_5,Acoustic Grand Piano _ 4,Piano 4,96690,60
258.37234712500003,0.7321428749999654,61,99,Track_5,Acoustic Grand Piano _ 4,Piano 4,96750,60
259.10449,0.75,53,99,Track_5,Acoustic Grand Piano _ 4,Piano 4,96810,60
259.85449,0.8333332500000097,59,99,Track_5,Acoustic Grand Piano _ 4,Piano 4,96870,60
260.68782325,1.875,49,99,Track_5,Acoustic Grand Piano _ 4,Piano 4,96930,120
264.333657,0.5208337500000084,35,83,Track_5,Acoustic Grand Piano _ 4,Piano 4,97380,450
269.16004975000004,0.0694444999999746,59,83,Track_5,Acoustic Grand Piano _ 4,Piano 4,100140,30
272.56283025000005,0.8333339999999794,56,91,Track_5,Acoustic Grand Piano _ 4,Piano 4,101610,480
274.22949825000006,0.8333339999999794,56,91,Track_5,Acoustic Grand Piano _ 4,Piano 4,102570,480
275.89616625,0.8999999999999773,56,91,Track_5,Acoustic Grand Piano _ 4,Piano 4,103530,900
277.69616625000003,0.8999999999999773,44,91,Track_5,Acoustic Grand Piano _ 4,Piano 4,105330,900
278.59616625,0.8333339999999794,52,91,Track_5,Acoustic Grand Piano _ 4,Piano 4,106230,480
287.76284025,1.5,40,91,Track_5,Acoustic Grand Piano _ 4,Piano 4,111510,60
17.812501249999997,0.10416675000000097,79,82,Track_6,Acoustic Grand Piano _ 5,Piano 5,6660,60
18.22916825,0.10416674999999742,80,82,Track_6,Acoustic Grand Piano _ 5,Piano 5,6900,60
92.806371,0.4166667500000045,63,82,Track_6,Acoustic Grand Piano _ 5,Piano 5,29580,60
93.22303775,0.4166667499999903,80,91,Track_6,Acoustic Grand Piano _ 5,Piano 5,29640,60
93.6397045,0.4166667500000045,61,82,Track_6,Acoustic Grand Piano _ 5,Piano 5,29700,60
94.05637125,0.4166667500000045,82,91,Track_6,Acoustic Grand Piano _ 5,Piano 5,29760,60
94.473038,0.4166667499999903,63,82,Track_6,Acoustic Grand Piano _ 5,Piano 5,29820,60
94.88970474999999,0.4166667500000045,80,91,Track_6,Acoustic Grand Piano _ 5,Piano 5,29880,60
95.3063715,0.4166667500000045,61,82,Track_6,Acoustic Grand Piano _ 5,Piano 5,29940,60
95.72303825,0.4166667499999903,82,91,Track_6,Acoustic Grand Piano _ 5,Piano 5,30000,60
96.13970499999999,0.4166667500000045,56,82,Track_6,Acoustic Grand Piano _ 5,Piano 5,30060,60
96.9730385,0.4166667499999903,54,82,Track_6,Acoustic Grand Piano _ 5,Piano 5,30180,60
97.806372,0.4166667500000045,52,80,Track_6,Acoustic Grand Piano _ 5,Piano 5,30300,60
98.63970549999999,0.4166667500000045,46,77,Track_6,Acoustic Grand Piano _ 5,Piano 5,30420,60
99.473039,0.4166667499999903,52,77,Track_6,Acoustic Grand Piano _ 5,Piano 5,30540,60
100.3063725,0.4166667500000045,46,77,Track_6,Acoustic Grand Piano _ 5,Piano 5,30660,60
101.13970599999999,0.4166667500000045,52,72,Track_6,Acoustic Grand Piano _ 5,Piano 5,30780,60
101.9730395,0.4166667499999903,46,72,Track_6,Acoustic Grand Piano _ 5,Piano 5,30900,60
102.806373,0.4166670000000039,47,69,Track_6,Acoustic Grand Piano _ 5,Piano 5,31020,360
103.63970699999999,0.4166670000000039,59,80,Track_6,Acoustic Grand Piano _ 5,Piano 5,31740,360
104.473041,0.4166670000000039,71,91,Track_6,Acoustic Grand Piano _ 5,Piano 5,32460,360
124.67559499999999,1.818181999999993,49,91,Track_6,Acoustic Grand Piano _ 5,Piano 5,48780,480
126.49377699999998,1.818181999999993,49,91,Track_6,Acoustic Grand Piano _ 5,Piano 5,49260,480
131.94831899999997,1.8181820000000073,54,95,Track_6,Acoustic Grand Piano _ 5,Piano 5,52620,480
133.76650099999998,1.8181819999999789,54,95,Track_6,Acoustic Grand Piano _ 5,Piano 5,53100,480
135.58468299999996,0.9090910000000179,55,105,Track_6,Acoustic Grand Piano _ 5,Piano 5,53580,240
136.49377399999997,0.9090909999999894,58,105,Track_6,Acoustic Grand Piano _ 5,Piano 5,53820,240
137.40286499999996,0.9090910000000179,61,105,Track_6,Acoustic Grand Piano _ 5,Piano 5,54060,240
190.33514324999996,1.4583327499999825,44,99,Track_6,Acoustic Grand Piano _ 5,Piano 5,77280,420
193.46014199999996,0.6459627499999954,61,99,Track_6,Acoustic Grand Piano _ 5,Piano 5,78180,180
194.10610474999996,0.4347825000000114,63,96,Track_6,Acoustic Grand Piano _ 5,Piano 5,78360,120
194.54088724999997,0.4379795000000115,64,93,Track_6,Acoustic Grand Piano _ 5,Piano 5,78480,120
194.97886674999998,0.22058825000002003,66,91,Track_6,Acoustic Grand Piano _ 5,Piano 5,78600,60
200.199454,1.6666659999999922,32,91,Track_6,Acoustic Grand Piano _ 5,Piano 5,79860,480
201.86612,1.6666660000000206,32,91,Track_6,Acoustic Grand Piano _ 5,Piano 5,80340,480
251.012097875,0.6521740000000023,47,91,Track_6,Acoustic Grand Piano _ 5,Piano 5,96090,60
251.664271875,0.6521740000000023,52,91,Track_6,Acoustic Grand Piano _ 5,Piano 5,96150,60
252.316445875,0.6521740000000023,45,91,Track_6,Acoustic Grand Piano _ 5,Piano 5,96210,60
252.968619875,0.6521740000000023,50,91,Track_6,Acoustic Grand Piano _ 5,Piano 5,96270,60
253.620793875,0.6521740000000023,47,91,Track_6,Acoustic Grand Piano _ 5,Piano 5,96330,60
254.272967875,0.6521740000000023,52,91,Track_6,Acoustic Grand Piano _ 5,Piano 5,96390,60
254.925141875,0.6521739999999738,45,91,Track_6,Acoustic Grand Piano _ 5,Piano 5,96450,60
255.57731587499998,0.6521740000000307,50,91,Track_6,Acoustic Grand Piano _ 5,Piano 5,96510,60
256.229489875,0.7142857499999877,54,91,Track_6,Acoustic Grand Piano _ 5,Piano 5,96570,60
256.943775625,0.7142857499999877,59,91,Track_6,Acoustic Grand Piano _ 5,Piano 5,96630,60
257.658061375,0.7142857500000446,52,91,Track_6,Acoustic Grand Piano _ 5,Piano 5,96690,60
258.37234712500003,0.7321428749999654,57,91,Track_6,Acoustic Grand Piano _ 5,Piano 5,96750,60
259.10449,0.75,50,91,Track_6,Acoustic Grand Piano _ 5,Piano 5,96810,60
259.85449,0.8333332500000097,55,91,Track_6,Acoustic Grand Piano _ 5,Piano 5,96870,60
260.68782325,1.875,42,91,Track_6,Acoustic Grand Piano _ 5,Piano 5,96930,120
272.56283025000005,1.2500009999999975,52,91,Track_6,Acoustic Grand Piano _ 5,Piano 5,101610,720
273.81283125000004,1.8750014999999962,52,91,Track_6,Acoustic Grand Piano _ 5,Piano 5,102330,1080
275.68783275000004,2.008333499999992,52,91,Track_6,Acoustic Grand Piano _ 5,Piano 5,103410,1920
277.69616625000003,0.8999999999999773,88,101,Track_6,Acoustic Grand Piano _ 5,Piano 5,105330,900
278.59616625,0.8333339999999794,42,91,Track_6,Acoustic Grand Piano _ 5,Piano 5,106230,480
286.09617225,7.666668000000016,47,85,Track_6,Acoustic Grand Piano _ 5,Piano 5,110550,1200
92.806371,0.4166667500000045,56,82,Track_7,Acoustic Grand Piano _ 6,Piano 6,29580,60
93.6397045,0.4166667500000045,54,82,Track_7,Acoustic Grand Piano _ 6,Piano 6,29700,60
94.473038,0.4166667499999903,56,82,Track_7,Acoustic Grand Piano _ 6,Piano 6,29820,60
95.3063715,0.4166667500000045,54,82,Track_7,Acoustic Grand Piano _ 6,Piano 6,29940,60
190.33514324999996,1.4583327499999825,32,109,Track_7,Acoustic Grand Piano _ 6,Piano 6,77280,420
193.67442774999995,1.5250272500000506,44,99,Track_7,Acoustic Grand Piano _ 6,Piano 6,78240,420
256.229489875,0.7142857499999877,47,91,Track_7,Acoustic Grand Piano _ 6,Piano 6,96570,60
256.943775625,0.7142857499999877,52,91,Track_7,Acoustic Grand Piano _ 6,Piano 6,96630,60
257.658061375,0.7142857500000446,45,91,Track_7,Acoustic Grand Piano _ 6,Piano 6,96690,60
258.37234712500003,0.7321428749999654,50,91,Track_7,Acoustic Grand Piano _ 6,Piano 6,96750,60
259.10449,0.75,43,91,Track_7,Acoustic Grand Piano _ 6,Piano 6,96810,60
259.85449,0.8333332500000097,48,91,Track_7,Acoustic Grand Piano _ 6,Piano 6,96870,60
272.56283025000005,1.2500009999999975,45,101,Track_7,Acoustic Grand Piano _ 6,Piano 6,101610,720
273.81283125000004,1.8750014999999962,45,101,Track_7,Acoustic Grand Piano _ 6,Piano 6,102330,1080
275.68783275000004,2.008333499999992,45,101,Track_7,Acoustic Grand Piano _ 6,Piano 6,103410,1920
279.377416875,3.3854193750000263,47,91,Track_7,Acoustic Grand Piano _ 6,Piano 6,106680,1950
286.09617225,7.666668000000016,40,85,Track_7,Acoustic Grand Piano _ 6,Piano 6,110550,1200
193.67442774999995,1.5250272500000506,32,99,Track_8,Acoustic Grand Piano _ 7,Piano 7,78240,420
275.89616625,0.8999999999999773,93,101,Track_8,Acoustic Grand Piano _ 7,Piano 7,103530,900
276.79616625,0.9000000000000341,90,101,Track_8,Acoustic Grand Piano _ 7,Piano 7,104430,900
279.377416875,3.3854193750000263,40,91,Track_8,Acoustic Grand Piano _ 7,Piano 7,106680,1950
