time_start_sec,duration_sec,pitch,velocity,track,time_start_tick,duration_tick,instrument
0.0,0.19166666666666668,76,120,Piano RH,16,92,Acoustic Grand Piano _ 2
0.20416666666666666,0.19583333333333336,75,120,Piano RH,114,94,Acoustic Grand Piano _ 2
0.4,0.19166666666666665,76,120,Piano RH,208,92,Acoustic Grand Piano _ 2
0.6041666666666666,0.19583333333333341,75,120,Piano RH,306,94,Acoustic Grand Piano _ 2
0.8041666666666667,0.1958333333333332,76,120,Piano RH,402,94,Acoustic Grand Piano _ 2
0.9999999999999999,0.19166666666666687,71,120,Piano RH,496,92,Acoustic Grand Piano _ 2
1.2041666666666666,0.1958333333333333,74,120,Piano RH,594,94,Acoustic Grand Piano _ 2
1.4041666666666666,0.1958333333333333,72,120,Piano RH,690,94,Acoustic Grand Piano _ 2
1.6041666666666665,0.39583333333333326,69,120,Piano RH,786,190,Acoustic Grand Piano _ 2
2.2041666666666666,0.1958333333333333,60,120,Piano RH,1074,94,Acoustic Grand Piano _ 2
2.404166666666667,0.1958333333333333,64,120,Piano RH,1170,94,Acoustic Grand Piano _ 2
2.6,0.19166666666666687,69,120,Piano RH,1264,92,Acoustic Grand Piano _ 2
2.8000000000000003,0.3916666666666666,71,120,Piano RH,1360,188,Acoustic Grand Piano _ 2
3.4,0.19166666666666687,64,120,Piano RH,1648,92,Acoustic Grand Piano _ 2
3.6,0.19166666666666643,68,120,Piano RH,1744,92,Acoustic Grand Piano _ 2
3.8041666666666667,0.1958333333333333,71,120,Piano RH,1842,94,Acoustic Grand Piano _ 2
4.0,0.3916666666666666,72,120,Piano RH,1936,188,Acoustic Grand Piano _ 2
4.6,0.19166666666666732,64,120,Piano RH,2224,92,Acoustic Grand Piano _ 2
4.8,0.19166666666666732,76,120,Piano RH,2320,92,Acoustic Grand Piano _ 2
5.004166666666666,0.19583333333333375,75,120,Piano RH,2418,94,Acoustic Grand Piano _ 2
5.204166666666667,0.19583333333333375,76,120,Piano RH,2514,94,Acoustic Grand Piano _ 2
5.404166666666667,0.19583333333333286,75,120,Piano RH,2610,94,Acoustic Grand Piano _ 2
5.604166666666667,0.19583333333333286,76,120,Piano RH,2706,94,Acoustic Grand Piano _ 2
5.8,0.19166666666666732,71,120,Piano RH,2800,92,Acoustic Grand Piano _ 2
6.004166666666666,0.19583333333333375,74,120,Piano RH,2898,94,Acoustic Grand Piano _ 2
6.2,0.19166666666666643,72,120,Piano RH,2992,92,Acoustic Grand Piano _ 2
6.4,0.3916666666666666,69,120,Piano RH,3088,188,Acoustic Grand Piano _ 2
7.004166666666666,0.19583333333333375,60,120,Piano RH,3378,94,Acoustic Grand Piano _ 2
7.204166666666667,0.19583333333333375,64,120,Piano RH,3474,94,Acoustic Grand Piano _ 2
7.404166666666667,0.19583333333333286,69,120,Piano RH,3570,94,Acoustic Grand Piano _ 2
7.6,0.5916666666666668,71,120,Piano RH,3664,284,Acoustic Grand Piano _ 2
8.404166666666667,0.19583333333333286,72,120,Piano RH,4050,94,Acoustic Grand Piano _ 2
8.204166666666667,0.5958333333333332,62,120,Piano RH,3954,286,Acoustic Grand Piano _ 2
8.604166666666666,0.19583333333333464,71,120,Piano RH,4146,94,Acoustic Grand Piano _ 2
8.8,0.3916666666666657,69,120,Piano RH,4240,188,Acoustic Grand Piano _ 2
8.8,0.3916666666666657,60,120,Piano RH,4240,188,Acoustic Grand Piano _ 2
9.604166666666666,0.19904862499999965,76,120,Piano RH,4626,94,Acoustic Grand Piano _ 2
9.807555567708333,0.209500057291665,75,120,Piano RH,4722,94,Acoustic Grand Piano _ 2
10.021584609374997,0.21286226562500055,76,120,Piano RH,4818,94,Acoustic Grand Piano _ 2
10.238975859374998,0.21286226562500055,75,120,Piano RH,4914,94,Acoustic Grand Piano _ 2
10.451838124999998,0.20833328124999895,76,120,Piano RH,5008,92,Acoustic Grand Piano _ 2
10.669229374999997,0.1958466666666645,71,120,Piano RH,5104,92,Acoustic Grand Piano _ 2
10.873409374999996,0.19166666666666643,74,120,Piano RH,5200,92,Acoustic Grand Piano _ 2
11.077576041666662,0.19583333333333464,72,120,Piano RH,5298,94,Acoustic Grand Piano _ 2
11.273409374999996,0.3916666666666657,69,120,Piano RH,5392,188,Acoustic Grand Piano _ 2
11.877576041666662,0.19583333333333286,60,120,Piano RH,5682,94,Acoustic Grand Piano _ 2
12.073409374999995,0.19166666666666643,64,120,Piano RH,5776,92,Acoustic Grand Piano _ 2
12.273409374999995,0.1916666666666682,69,120,Piano RH,5872,92,Acoustic Grand Piano _ 2
12.477576041666662,0.3958333333333339,71,120,Piano RH,5970,190,Acoustic Grand Piano _ 2
13.077576041666662,0.19583333333333286,64,120,Piano RH,6258,94,Acoustic Grand Piano _ 2
13.277576041666663,0.19583333333333286,68,120,Piano RH,6354,94,Acoustic Grand Piano _ 2
13.477576041666662,0.19583333333333286,71,120,Piano RH,6450,94,Acoustic Grand Piano _ 2
13.677576041666663,0.39583333333333215,72,120,Piano RH,6546,190,Acoustic Grand Piano _ 2
14.277576041666663,0.19583333333333286,64,120,Piano RH,6834,94,Acoustic Grand Piano _ 2
14.473409374999996,0.19166666666666643,76,120,Piano RH,6928,92,Acoustic Grand Piano _ 2
14.673409374999995,0.1916666666666682,75,120,Piano RH,7024,92,Acoustic Grand Piano _ 2
14.877576041666662,0.19583333333333286,76,120,Piano RH,7122,94,Acoustic Grand Piano _ 2
15.077576041666662,0.19583333333333286,75,120,Piano RH,7218,94,Acoustic Grand Piano _ 2
15.273409374999995,0.19166666666666643,76,120,Piano RH,7312,92,Acoustic Grand Piano _ 2
15.477576041666662,0.19583333333333464,71,120,Piano RH,7410,94,Acoustic Grand Piano _ 2
15.673409374999997,0.19166666666666643,74,120,Piano RH,7504,92,Acoustic Grand Piano _ 2
15.877576041666662,0.19583333333333286,72,120,Piano RH,7602,94,Acoustic Grand Piano _ 2
16.07757604166666,0.39583333333333215,69,120,Piano RH,7698,190,Acoustic Grand Piano _ 2
16.673409374999995,0.19166666666666643,60,120,Piano RH,7984,92,Acoustic Grand Piano _ 2
16.873409374999994,0.19166666666666643,64,120,Piano RH,8080,92,Acoustic Grand Piano _ 2
17.073409374999994,0.19166666666666643,69,120,Piano RH,8176,92,Acoustic Grand Piano _ 2
17.27757604166666,0.3958333333333357,71,120,Piano RH,8274,190,Acoustic Grand Piano _ 2
18.073409374999994,0.19166666666666643,72,120,Piano RH,8656,92,Acoustic Grand Piano _ 2
18.273409374999993,0.19166666666666643,71,120,Piano RH,8752,92,Acoustic Grand Piano _ 2
17.87757604166666,0.5958333333333314,62,120,Piano RH,8562,286,Acoustic Grand Piano _ 2
18.473409374999992,0.3916666666666657,69,120,Piano RH,8848,188,Acoustic Grand Piano _ 2
18.477576041666662,0.39583333333333215,60,120,Piano RH,8850,190,Acoustic Grand Piano _ 2
19.07757604166666,0.19583333333333286,71,120,Piano RH,9138,94,Acoustic Grand Piano _ 2
19.273409374999993,0.19166666666666643,72,120,Piano RH,9232,92,Acoustic Grand Piano _ 2
19.477576041666662,0.19583333333333286,74,120,Piano RH,9330,94,Acoustic Grand Piano _ 2
19.673409374999995,0.591666666666665,76,120,Piano RH,9424,284,Acoustic Grand Piano _ 2
20.273409374999993,0.19166666666666643,67,120,Piano RH,9712,92,Acoustic Grand Piano _ 2
20.473409374999992,0.19166666666666998,77,120,Piano RH,9808,92,Acoustic Grand Piano _ 2
20.673409374999995,0.19166666666666288,76,120,Piano RH,9904,92,Acoustic Grand Piano _ 2
20.87757604166666,0.5958333333333314,74,120,Piano RH,10002,286,Acoustic Grand Piano _ 2
21.477576041666662,0.19583333333333286,65,120,Piano RH,10290,94,Acoustic Grand Piano _ 2
21.677576041666658,0.1958333333333364,76,120,Piano RH,10386,94,Acoustic Grand Piano _ 2
21.87757604166666,0.19583333333333286,74,120,Piano RH,10482,94,Acoustic Grand Piano _ 2
22.073409374999994,0.5916666666666686,72,120,Piano RH,10576,284,Acoustic Grand Piano _ 2
22.673409374999995,0.19166666666666288,64,120,Piano RH,10864,92,Acoustic Grand Piano _ 2
22.873409374999994,0.19166666666666643,74,120,Piano RH,10960,92,Acoustic Grand Piano _ 2
23.07757604166666,0.19583333333333286,72,120,Piano RH,11058,94,Acoustic Grand Piano _ 2
23.273409374999993,0.19166666666666643,71,120,Piano RH,11152,92,Acoustic Grand Piano _ 2
23.87757604166666,0.19583333333333286,64,120,Piano RH,11442,94,Acoustic Grand Piano _ 2
24.07757604166666,0.19583333333333286,76,120,Piano RH,11538,94,Acoustic Grand Piano _ 2
24.677576041666658,0.1958333333333364,76,120,Piano RH,11826,94,Acoustic Grand Piano _ 2
24.87757604166666,0.19583333333333286,88,120,Piano RH,11922,94,Acoustic Grand Piano _ 2
25.473409374999992,0.19166666666666998,75,120,Piano RH,12208,92,Acoustic Grand Piano _ 2
25.677576041666658,0.1958333333333364,76,120,Piano RH,12306,94,Acoustic Grand Piano _ 2
26.273409374999993,0.19166666666666643,75,120,Piano RH,12592,92,Acoustic Grand Piano _ 2
26.47757604166666,0.19674654166666627,76,120,Piano RH,12690,94,Acoustic Grand Piano _ 2
26.678603401041656,0.20167409895833543,75,120,Piano RH,12786,94,Acoustic Grand Piano _ 2
26.88027749999999,0.1996526979166653,76,120,Piano RH,12880,92,Acoustic Grand Piano _ 2
27.08861074999999,0.20457289583332994,75,120,Piano RH,12976,92,Acoustic Grand Piano _ 2
27.30717617708332,0.2261587395833331,76,120,Piano RH,13074,94,Acoustic Grand Piano _ 2
27.538217729166654,0.2294921875,71,120,Piano RH,13170,94,Acoustic Grand Piano _ 2
27.772592729166654,0.2294921875,74,120,Piano RH,13266,94,Acoustic Grand Piano _ 2
28.002084916666654,0.224609375,72,120,Piano RH,13360,92,Acoustic Grand Piano _ 2
28.236459916666654,0.42651561458333376,69,120,Piano RH,13456,188,Acoustic Grand Piano _ 2
28.879989333333324,0.19440629166666668,60,120,Piano RH,13744,92,Acoustic Grand Piano _ 2
29.082728958333327,0.19166666666666643,64,120,Piano RH,13840,92,Acoustic Grand Piano _ 2
29.282728958333326,0.19166666666666643,69,120,Piano RH,13936,92,Acoustic Grand Piano _ 2
29.486895624999992,0.39583333333333215,71,120,Piano RH,14034,190,Acoustic Grand Piano _ 2
30.086895624999993,0.19583333333333286,64,120,Piano RH,14322,94,Acoustic Grand Piano _ 2
30.282728958333326,0.19166666666666643,68,120,Piano RH,14416,92,Acoustic Grand Piano _ 2
30.486895624999992,0.19583333333333286,71,120,Piano RH,14514,94,Acoustic Grand Piano _ 2
30.68689562499999,0.39583333333333215,72,120,Piano RH,14610,190,Acoustic Grand Piano _ 2
31.286895624999993,0.19583333333333286,64,120,Piano RH,14898,94,Acoustic Grand Piano _ 2
31.482728958333325,0.19166666666666643,76,120,Piano RH,14992,92,Acoustic Grand Piano _ 2
31.68689562499999,0.19583333333333286,75,120,Piano RH,15090,94,Acoustic Grand Piano _ 2
31.88689562499999,0.19583333333333286,76,120,Piano RH,15186,94,Acoustic Grand Piano _ 2
32.08272895833333,0.19166666666666998,75,120,Piano RH,15280,92,Acoustic Grand Piano _ 2
32.28689562499999,0.19583333333333286,76,120,Piano RH,15378,94,Acoustic Grand Piano _ 2
32.482728958333325,0.19166666666666998,71,120,Piano RH,15472,92,Acoustic Grand Piano _ 2
32.686895625,0.19583333333333286,74,120,Piano RH,15570,94,Acoustic Grand Piano _ 2
32.886895624999994,0.19583333333333286,72,120,Piano RH,15666,94,Acoustic Grand Piano _ 2
33.086895625,0.3958333333333286,69,120,Piano RH,15762,190,Acoustic Grand Piano _ 2
33.68272895833333,0.19166666666666998,60,120,Piano RH,16048,92,Acoustic Grand Piano _ 2
33.88272895833333,0.19166666666666288,64,120,Piano RH,16144,92,Acoustic Grand Piano _ 2
34.086895625,0.19583333333333286,69,120,Piano RH,16242,94,Acoustic Grand Piano _ 2
34.28272895833333,0.3916666666666657,71,120,Piano RH,16336,188,Acoustic Grand Piano _ 2
35.08272895833333,0.19166666666666998,72,120,Piano RH,16720,92,Acoustic Grand Piano _ 2
34.88272895833333,0.5916666666666615,62,120,Piano RH,16624,284,Acoustic Grand Piano _ 2
35.28689562499999,0.19583333333333286,71,120,Piano RH,16818,94,Acoustic Grand Piano _ 2
35.486895624999995,0.3958333333333357,69,120,Piano RH,16914,190,Acoustic Grand Piano _ 2
35.486895624999995,0.3958333333333357,60,120,Piano RH,16914,190,Acoustic Grand Piano _ 2
36.08272895833333,0.19166666666666998,71,120,Piano RH,17200,92,Acoustic Grand Piano _ 2
36.28272895833333,0.19166666666666288,72,120,Piano RH,17296,92,Acoustic Grand Piano _ 2
36.482728958333325,0.19166666666666998,74,120,Piano RH,17392,92,Acoustic Grand Piano _ 2
36.68272895833333,0.5916666666666686,76,120,Piano RH,17488,284,Acoustic Grand Piano _ 2
37.28272895833333,0.19166666666666998,67,120,Piano RH,17776,92,Acoustic Grand Piano _ 2
37.482728958333325,0.19166666666666998,77,120,Piano RH,17872,92,Acoustic Grand Piano _ 2
37.68689562499999,0.19583333333333997,76,120,Piano RH,17970,94,Acoustic Grand Piano _ 2
37.88272895833333,0.5916666666666686,74,120,Piano RH,18064,284,Acoustic Grand Piano _ 2
38.486895624999995,0.19583333333333286,65,120,Piano RH,18354,94,Acoustic Grand Piano _ 2
38.68689562499999,0.19583333333333997,76,120,Piano RH,18450,94,Acoustic Grand Piano _ 2
38.886895624999994,0.19583333333333286,74,120,Piano RH,18546,94,Acoustic Grand Piano _ 2
39.08272895833333,0.5916666666666686,72,120,Piano RH,18640,284,Acoustic Grand Piano _ 2
39.68689562499999,0.19583333333333997,64,120,Piano RH,18930,94,Acoustic Grand Piano _ 2
39.88272895833333,0.19166666666666288,74,120,Piano RH,19024,92,Acoustic Grand Piano _ 2
40.08272895833333,0.19166666666666998,72,120,Piano RH,19120,92,Acoustic Grand Piano _ 2
40.286895625,0.2958333333333272,71,120,Piano RH,19218,142,Acoustic Grand Piano _ 2
40.886895624999994,0.09583333333333144,64,120,Piano RH,19506,46,Acoustic Grand Piano _ 2
41.08272895833333,0.19166666666666998,76,120,Piano RH,19600,92,Acoustic Grand Piano _ 2
41.68689562499999,0.09583333333333854,76,120,Piano RH,19890,46,Acoustic Grand Piano _ 2
41.886895624999994,0.09583333333333144,88,120,Piano RH,19986,46,Acoustic Grand Piano _ 2
42.482728958333325,0.09166666666666856,75,120,Piano RH,20272,44,Acoustic Grand Piano _ 2
42.68272895833333,0.19166666666666288,76,120,Piano RH,20368,92,Acoustic Grand Piano _ 2
43.28272895833333,0.09326478124999937,75,120,Piano RH,20656,44,Acoustic Grand Piano _ 2
43.49306227604166,0.204482015625004,76,120,Piano RH,20754,94,Acoustic Grand Piano _ 2
43.69754429166667,0.09683093749999472,75,120,Piano RH,20848,44,Acoustic Grand Piano _ 2
43.91640265104166,0.2139438072916704,76,120,Piano RH,20946,94,Acoustic Grand Piano _ 2
44.13034645833333,0.2165612916666717,75,120,Piano RH,21040,92,Acoustic Grand Piano _ 2
44.3613308125,0.228966312499999,76,120,Piano RH,21138,94,Acoustic Grand Piano _ 2
44.590297125,0.233672479166664,71,120,Piano RH,21232,92,Acoustic Grand Piano _ 2
44.8342155,0.23565560416666642,74,120,Piano RH,21328,92,Acoustic Grand Piano _ 2
45.08523994791666,0.11782780208333321,72,120,Piano RH,21426,46,Acoustic Grand Piano _ 2
45.324035374999994,0.33994210416666704,69,120,Piano RH,21520,140,Acoustic Grand Piano _ 2
46.003779791666666,0.20063078125000544,60,120,Piano RH,21808,92,Acoustic Grand Piano _ 2
46.21737194270834,0.19754559895834234,64,120,Piano RH,21906,94,Acoustic Grand Piano _ 2
46.41491754166668,0.19166666666666288,69,120,Piano RH,22000,92,Acoustic Grand Piano _ 2
46.61491754166668,0.3916666666666657,71,120,Piano RH,22096,188,Acoustic Grand Piano _ 2
47.21491754166668,0.19166666666666288,64,120,Piano RH,22384,92,Acoustic Grand Piano _ 2
47.41491754166668,0.19166666666666288,68,120,Piano RH,22480,92,Acoustic Grand Piano _ 2
47.61908420833335,0.19583333333333286,71,120,Piano RH,22578,94,Acoustic Grand Piano _ 2
47.819084208333344,0.3958333333333357,72,120,Piano RH,22674,190,Acoustic Grand Piano _ 2
48.419084208333345,0.09583333333333144,64,120,Piano RH,22962,46,Acoustic Grand Piano _ 2
48.61908420833335,0.19583333333333286,76,120,Piano RH,23058,94,Acoustic Grand Piano _ 2
48.819084208333344,0.19583333333333286,75,120,Piano RH,23154,94,Acoustic Grand Piano _ 2
49.01491754166668,0.19166666666666998,76,120,Piano RH,23248,92,Acoustic Grand Piano _ 2
49.21491754166668,0.19166666666666288,75,120,Piano RH,23344,92,Acoustic Grand Piano _ 2
49.419084208333345,0.19583333333333286,76,120,Piano RH,23442,94,Acoustic Grand Piano _ 2
49.61908420833335,0.19583333333333286,71,120,Piano RH,23538,94,Acoustic Grand Piano _ 2
49.819084208333344,0.19583333333333286,74,120,Piano RH,23634,94,Acoustic Grand Piano _ 2
50.01491754166668,0.19166666666666998,72,120,Piano RH,23728,92,Acoustic Grand Piano _ 2
50.21491754166668,0.2916666666666643,69,120,Piano RH,23824,140,Acoustic Grand Piano _ 2
50.819084208333344,0.19583333333333286,60,120,Piano RH,24114,94,Acoustic Grand Piano _ 2
51.01491754166668,0.19166666666666998,64,120,Piano RH,24208,92,Acoustic Grand Piano _ 2
51.21491754166668,0.19166666666666288,69,120,Piano RH,24304,92,Acoustic Grand Piano _ 2
51.41491754166668,0.3916666666666657,71,120,Piano RH,24400,188,Acoustic Grand Piano _ 2
52.01908420833335,0.19583333333333286,62,120,Piano RH,24690,94,Acoustic Grand Piano _ 2
52.21908420833334,0.19583333333333997,72,120,Piano RH,24786,94,Acoustic Grand Piano _ 2
52.419084208333345,0.09583333333333144,71,120,Piano RH,24882,46,Acoustic Grand Piano _ 2
52.61491754166668,0.2916666666666643,69,120,Piano RH,24976,140,Acoustic Grand Piano _ 2
52.61908420833335,0.2958333333333343,60,120,Piano RH,24978,142,Acoustic Grand Piano _ 2
53.21908420833334,0.09583333333333854,72,120,Piano RH,25266,46,Acoustic Grand Piano _ 2
53.21908420833334,0.09583333333333854,64,120,Piano RH,25266,46,Acoustic Grand Piano _ 2
53.41583075000001,0.09417798958332924,65,120,Piano RH,25360,44,Acoustic Grand Piano _ 2
53.42011156770835,0.09845880729166367,72,120,Piano RH,25362,46,Acoustic Grand Piano _ 2
53.62273700000001,0.0954860729166711,72,120,Piano RH,25456,44,Acoustic Grand Piano _ 2
53.627077276041675,0.09982634895833797,64,120,Piano RH,25458,46,Acoustic Grand Piano _ 2
53.627077276041675,0.09982634895833797,67,120,Piano RH,25458,46,Acoustic Grand Piano _ 2
53.832579916666674,0.7972637395833289,72,120,Piano RH,25552,332,Acoustic Grand Piano _ 2
54.765932234375,0.3578625572916678,77,120,Piano RH,25938,142,Acoustic Grand Piano _ 2
55.128835109375004,0.11592730729166334,76,120,Piano RH,26082,46,Acoustic Grand Piano _ 2
55.249802734375,0.46748980729167045,76,120,Piano RH,26130,190,Acoustic Grand Piano _ 2
55.71729254166667,0.3286449479166649,74,120,Piano RH,26320,140,Acoustic Grand Piano _ 2
56.16369108333334,0.3170289062500018,82,120,Piano RH,26512,140,Acoustic Grand Piano _ 2
56.49430694270834,0.10416664062500303,81,120,Piano RH,26658,46,Acoustic Grand Piano _ 2
56.603002567708344,0.21286226562499877,81,120,Piano RH,26706,94,Acoustic Grand Piano _ 2
56.81586483333334,0.20833328124999895,79,120,Piano RH,26800,92,Acoustic Grand Piano _ 2
57.03325608333334,0.20833328124999895,77,120,Piano RH,26896,92,Acoustic Grand Piano _ 2
57.25064733333334,0.20833328124999895,76,120,Piano RH,26992,92,Acoustic Grand Piano _ 2
57.47256756770834,0.21286226562500588,74,120,Piano RH,27090,94,Acoustic Grand Piano _ 2
57.685429833333345,0.20833328124999895,72,120,Piano RH,27184,92,Acoustic Grand Piano _ 2
57.90282108333334,0.42572453124999754,70,120,Piano RH,27280,188,Acoustic Grand Piano _ 2
58.34213256770834,0.3215578906250016,69,120,Piano RH,27474,142,Acoustic Grand Piano _ 2
58.66821944270834,0.10416664062500303,70,120,Piano RH,27618,46,Acoustic Grand Piano _ 2
58.776915067708345,0.10416664062499592,69,120,Piano RH,27666,46,Acoustic Grand Piano _ 2
58.88561069270834,0.10416664062500303,67,120,Piano RH,27714,46,Acoustic Grand Piano _ 2
58.98977733333334,0.0996376562499961,69,120,Piano RH,27760,44,Acoustic Grand Piano _ 2
59.10300194270834,0.10416664062500303,70,120,Piano RH,27810,46,Acoustic Grand Piano _ 2
59.20716858333334,0.8605070312500018,72,120,Piano RH,27856,380,Acoustic Grand Piano _ 2
60.08126256770834,0.21286226562499877,74,120,Piano RH,28242,94,Acoustic Grand Piano _ 2
60.29865381770834,0.21286226562499877,75,120,Piano RH,28338,94,Acoustic Grand Piano _ 2
60.51604506770834,0.5389491406250002,76,120,Piano RH,28434,238,Acoustic Grand Piano _ 2
61.16821881770834,0.21286226562499877,76,120,Piano RH,28722,94,Acoustic Grand Piano _ 2
61.38108108333334,0.20833328124999895,77,120,Piano RH,28816,92,Acoustic Grand Piano _ 2
61.59847233333334,0.0996376562500032,69,120,Piano RH,28912,44,Acoustic Grand Piano _ 2
61.81586358333334,0.3170289062500018,72,120,Piano RH,29008,140,Acoustic Grand Piano _ 2
62.25517506770834,0.10416664062499592,74,120,Piano RH,29202,46,Acoustic Grand Piano _ 2
62.36387069270834,0.10416664062500303,72,120,Piano RH,29250,46,Acoustic Grand Piano _ 2
62.47256631770834,0.10416664062499592,71,120,Piano RH,29298,46,Acoustic Grand Piano _ 2
62.57673295833334,0.0996376562500032,72,120,Piano RH,29344,44,Acoustic Grand Piano _ 2
62.68542858333334,0.3170289062500018,74,120,Piano RH,29392,140,Acoustic Grand Piano _ 2
63.01151545833334,0.0996376562499961,71,120,Piano RH,29536,44,Acoustic Grand Piano _ 2
63.124740067708345,0.10416664062499592,72,120,Piano RH,29586,46,Acoustic Grand Piano _ 2
63.22890670833334,0.0996376562500032,79,120,Piano RH,29632,44,Acoustic Grand Piano _ 2
63.34213131770834,0.10416664062499592,67,120,Piano RH,29682,46,Acoustic Grand Piano _ 2
63.45082694270834,0.10416664062500303,79,120,Piano RH,29730,46,Acoustic Grand Piano _ 2
63.55952256770834,0.10416664062499592,69,120,Piano RH,29778,46,Acoustic Grand Piano _ 2
63.66368920833334,0.0996376562500032,79,120,Piano RH,29824,44,Acoustic Grand Piano _ 2
63.77238483333334,0.0996376562500032,71,120,Piano RH,29872,44,Acoustic Grand Piano _ 2
63.88560944270834,0.10416664062499592,79,120,Piano RH,29922,46,Acoustic Grand Piano _ 2
63.98977608333334,0.0996376562499961,72,120,Piano RH,29968,44,Acoustic Grand Piano _ 2
64.10300069270833,0.10416664062501013,79,120,Piano RH,30018,46,Acoustic Grand Piano _ 2
64.20716733333335,0.0996376562499961,74,120,Piano RH,30064,44,Acoustic Grand Piano _ 2
64.31586295833334,0.0996376562499961,79,120,Piano RH,30112,44,Acoustic Grand Piano _ 2
64.42455858333334,0.09963765625001031,76,120,Piano RH,30160,44,Acoustic Grand Piano _ 2
64.53778319270835,0.10416664062499592,79,120,Piano RH,30210,46,Acoustic Grand Piano _ 2
64.64194983333334,0.0996376562499961,84,120,Piano RH,30256,44,Acoustic Grand Piano _ 2
64.75517444270834,0.10416664062499592,83,120,Piano RH,30306,46,Acoustic Grand Piano _ 2
64.86387006770835,0.10416664062499592,81,120,Piano RH,30354,46,Acoustic Grand Piano _ 2
64.96803670833334,0.0996376562499961,79,120,Piano RH,30400,44,Acoustic Grand Piano _ 2
65.07673233333334,0.0996376562499961,77,120,Piano RH,30448,44,Acoustic Grand Piano _ 2
65.18995694270833,0.10416664062501013,76,120,Piano RH,30498,46,Acoustic Grand Piano _ 2
65.29865256770834,0.10416664062499592,74,120,Piano RH,30546,46,Acoustic Grand Piano _ 2
65.40281920833334,0.0996376562499961,79,120,Piano RH,30592,44,Acoustic Grand Piano _ 2
65.51151483333334,0.09963765625001031,77,120,Piano RH,30640,44,Acoustic Grand Piano _ 2
65.62473944270835,0.10416664062499592,74,120,Piano RH,30690,46,Acoustic Grand Piano _ 2
65.73343506770834,0.10416664062499592,72,120,Piano RH,30738,46,Acoustic Grand Piano _ 2
65.84213069270834,0.10416664062501013,79,120,Piano RH,30786,46,Acoustic Grand Piano _ 2
65.95082631770833,0.10416664062501013,67,120,Piano RH,30834,46,Acoustic Grand Piano _ 2
66.05952194270834,0.10416664062499592,79,120,Piano RH,30882,46,Acoustic Grand Piano _ 2
66.16368858333334,0.0996376562499961,69,120,Piano RH,30928,44,Acoustic Grand Piano _ 2
66.27691319270834,0.10416664062501013,79,120,Piano RH,30978,46,Acoustic Grand Piano _ 2
66.38560881770834,0.10416664062499592,71,120,Piano RH,31026,46,Acoustic Grand Piano _ 2
66.48977545833334,0.0996376562499961,79,120,Piano RH,31072,44,Acoustic Grand Piano _ 2
66.59847108333334,0.09963765625001031,72,120,Piano RH,31120,44,Acoustic Grand Piano _ 2
66.70716670833335,0.0996376562499961,79,120,Piano RH,31168,44,Acoustic Grand Piano _ 2
66.81586233333334,0.0996376562499961,74,120,Piano RH,31216,44,Acoustic Grand Piano _ 2
66.92908694270834,0.10416664062499592,79,120,Piano RH,31266,46,Acoustic Grand Piano _ 2
67.03778256770835,0.10416664062499592,76,120,Piano RH,31314,46,Acoustic Grand Piano _ 2
67.14647819270834,0.10416664062499592,79,120,Piano RH,31362,46,Acoustic Grand Piano _ 2
67.25517381770834,0.10416664062499592,84,120,Piano RH,31410,46,Acoustic Grand Piano _ 2
67.36386944270834,0.10416664062501013,83,120,Piano RH,31458,46,Acoustic Grand Piano _ 2
67.46803608333335,0.0996376562499961,81,120,Piano RH,31504,44,Acoustic Grand Piano _ 2
67.58126069270834,0.10416664062499592,79,120,Piano RH,31554,46,Acoustic Grand Piano _ 2
67.68542733333334,0.0996376562499961,77,120,Piano RH,31600,44,Acoustic Grand Piano _ 2
67.79412295833335,0.0996376562499961,76,120,Piano RH,31648,44,Acoustic Grand Piano _ 2
67.90281858333334,0.0996376562499961,74,120,Piano RH,31696,44,Acoustic Grand Piano _ 2
68.01604319270834,0.10416664062501013,79,120,Piano RH,31746,46,Acoustic Grand Piano _ 2
68.12020983333335,0.0996376562499961,77,120,Piano RH,31792,44,Acoustic Grand Piano _ 2
68.23343444270834,0.10416664062499592,74,120,Piano RH,31842,46,Acoustic Grand Piano _ 2
68.33760108333334,0.0996376562499961,76,120,Piano RH,31888,44,Acoustic Grand Piano _ 2
68.45082569270834,0.10416664062501013,77,120,Piano RH,31938,46,Acoustic Grand Piano _ 2
68.55499233333335,0.0996376562499961,76,120,Piano RH,31984,44,Acoustic Grand Piano _ 2
68.66368795833334,0.0996376562499961,75,120,Piano RH,32032,44,Acoustic Grand Piano _ 2
68.77691256770834,0.10416664062501013,76,120,Piano RH,32082,46,Acoustic Grand Piano _ 2
68.88560819270835,0.10416664062499592,71,120,Piano RH,32130,46,Acoustic Grand Piano _ 2
68.99430381770834,0.10416664062499592,76,120,Piano RH,32178,46,Acoustic Grand Piano _ 2
69.10299944270834,0.10416664062499592,75,120,Piano RH,32226,46,Acoustic Grand Piano _ 2
69.21169506770835,0.10416664062499592,76,120,Piano RH,32274,46,Acoustic Grand Piano _ 2
69.31586170833334,0.0996376562499961,71,120,Piano RH,32320,44,Acoustic Grand Piano _ 2
69.42908631770834,0.10416664062499592,76,120,Piano RH,32370,46,Acoustic Grand Piano _ 2
69.53778194270834,0.10416664062501013,75,120,Piano RH,32418,46,Acoustic Grand Piano _ 2
69.64194858333335,0.6968248645833199,76,120,Piano RH,32464,284,Acoustic Grand Piano _ 2
70.34936666666667,0.2528599166666652,71,120,Piano RH,32752,92,Acoustic Grand Piano _ 2
70.619069109375,0.2678871822916591,76,120,Piano RH,32850,94,Acoustic Grand Piano _ 2
70.892743328125,0.27726533854166746,75,120,Piano RH,32946,94,Acoustic Grand Piano _ 2
71.17000866666666,0.8818509166666644,76,120,Piano RH,33040,284,Acoustic Grand Piano _ 2
72.06488041666665,0.2994791666666714,71,120,Piano RH,33328,92,Acoustic Grand Piano _ 2
72.37738041666667,0.3124998020833374,76,120,Piano RH,33424,92,Acoustic Grand Piano _ 2
73.362434140625,0.31929327604166247,75,120,Piano RH,33714,94,Acoustic Grand Piano _ 2
73.68172741666666,0.31080145833334427,76,120,Piano RH,33808,92,Acoustic Grand Piano _ 2
74.59895749999998,0.2558625312499885,75,120,Piano RH,34096,92,Acoustic Grand Piano _ 2
74.8706215833333,0.23881616666668037,76,120,Piano RH,34194,94,Acoustic Grand Piano _ 2
75.10943774999998,0.2085667499999886,75,120,Piano RH,34288,92,Acoustic Grand Piano _ 2
75.3263378333333,0.18958319791666156,76,120,Piano RH,34384,92,Acoustic Grand Piano _ 2
75.5241447083333,0.18914457291666054,71,120,Piano RH,34480,92,Acoustic Grand Piano _ 2
75.72151295833329,0.18914457291667475,74,120,Piano RH,34576,92,Acoustic Grand Piano _ 2
75.92299304687496,0.19325641145833572,72,120,Piano RH,34674,94,Acoustic Grand Piano _ 2
76.1162494583333,0.38651282291665723,69,120,Piano RH,34768,188,Acoustic Grand Piano _ 2
76.71246604687497,0.19325641145833572,60,120,Piano RH,35058,94,Acoustic Grand Piano _ 2
76.90983429687496,0.19325641145833572,64,120,Piano RH,35154,94,Acoustic Grand Piano _ 2
77.10720254687496,0.19325641145833572,69,120,Piano RH,35250,94,Acoustic Grand Piano _ 2
77.30457079687497,0.3906246614583324,71,120,Piano RH,35346,190,Acoustic Grand Piano _ 2
77.8925637083333,0.18914457291666054,64,120,Piano RH,35632,92,Acoustic Grand Piano _ 2
78.09404379687496,0.19325641145833572,68,120,Piano RH,35730,94,Acoustic Grand Piano _ 2
78.29141204687497,0.19325641145833572,71,120,Piano RH,35826,94,Acoustic Grand Piano _ 2
78.4846684583333,0.38651282291665723,72,120,Piano RH,35920,188,Acoustic Grand Piano _ 2
79.0767732083333,0.18914457291667475,64,120,Piano RH,36208,92,Acoustic Grand Piano _ 2
79.27825329687496,0.19325641145833572,76,120,Piano RH,36306,94,Acoustic Grand Piano _ 2
79.47562154687496,0.19325641145833572,75,120,Piano RH,36402,94,Acoustic Grand Piano _ 2
79.6688779583333,0.18914457291666054,76,120,Piano RH,36496,92,Acoustic Grand Piano _ 2
79.87035804687497,0.1932564114583215,75,120,Piano RH,36594,94,Acoustic Grand Piano _ 2
80.06361445833329,0.18914457291667475,76,120,Piano RH,36688,92,Acoustic Grand Piano _ 2
80.26509454687496,0.19325641145833572,71,120,Piano RH,36786,94,Acoustic Grand Piano _ 2
80.46246279687496,0.19325641145833572,74,120,Piano RH,36882,94,Acoustic Grand Piano _ 2
80.65983104687496,0.19325641145833572,72,120,Piano RH,36978,94,Acoustic Grand Piano _ 2
80.85719929687497,0.3906246614583324,69,120,Piano RH,37074,190,Acoustic Grand Piano _ 2
81.4451922083333,0.18914457291666054,60,120,Piano RH,37360,92,Acoustic Grand Piano _ 2
81.64256045833329,0.18914457291667475,64,120,Piano RH,37456,92,Acoustic Grand Piano _ 2
81.8399287083333,0.18914457291666054,69,120,Piano RH,37552,92,Acoustic Grand Piano _ 2
82.0372969583333,0.38651282291665723,71,120,Piano RH,37648,188,Acoustic Grand Piano _ 2
82.62940170833329,0.18914457291667475,62,120,Piano RH,37936,92,Acoustic Grand Piano _ 2
82.83088179687496,0.19325641145833572,72,120,Piano RH,38034,94,Acoustic Grand Piano _ 2
83.02825004687496,0.19325641145833572,71,120,Piano RH,38130,94,Acoustic Grand Piano _ 2
83.22561829687496,0.3906246614583466,69,120,Piano RH,38226,190,Acoustic Grand Piano _ 2
83.22561829687496,0.3906246614583466,60,120,Piano RH,38226,190,Acoustic Grand Piano _ 2
83.8136112083333,0.18914457291666054,71,120,Piano RH,38512,92,Acoustic Grand Piano _ 2
84.01509129687497,0.1932564114583215,72,120,Piano RH,38610,94,Acoustic Grand Piano _ 2
84.21245954687497,0.19325641145833572,74,120,Piano RH,38706,94,Acoustic Grand Piano _ 2
84.40982779687496,0.5879929114583291,76,120,Piano RH,38802,286,Acoustic Grand Piano _ 2
85.00193254687497,0.1932564114583215,67,120,Piano RH,39090,94,Acoustic Grand Piano _ 2
85.19930079687497,0.19325641145833572,77,120,Piano RH,39186,94,Acoustic Grand Piano _ 2
85.3925572083333,0.18914457291666054,76,120,Piano RH,39280,92,Acoustic Grand Piano _ 2
85.59403729687496,0.5879929114583433,74,120,Piano RH,39378,286,Acoustic Grand Piano _ 2
86.1820302083333,0.18914457291666054,65,120,Piano RH,39664,92,Acoustic Grand Piano _ 2
86.3793984583333,0.18914457291666054,76,120,Piano RH,39760,92,Acoustic Grand Piano _ 2
86.58087854687497,0.1932564114583215,74,120,Piano RH,39858,94,Acoustic Grand Piano _ 2
86.77824679687497,0.5879929114583291,72,120,Piano RH,39954,286,Acoustic Grand Piano _ 2
87.3662397083333,0.18914457291666054,64,120,Piano RH,40240,92,Acoustic Grand Piano _ 2
87.56771979687497,0.1932564114583215,74,120,Piano RH,40338,94,Acoustic Grand Piano _ 2
87.76097620833329,0.18914457291667475,72,120,Piano RH,40432,92,Acoustic Grand Piano _ 2
87.9583444583333,0.18914457291666054,71,120,Piano RH,40528,92,Acoustic Grand Piano _ 2
88.55456104687497,0.19325641145833572,64,120,Piano RH,40818,94,Acoustic Grand Piano _ 2
88.7478174583333,0.18914457291666054,76,120,Piano RH,40912,92,Acoustic Grand Piano _ 2
89.34403404687497,0.19325641145833572,76,120,Piano RH,41202,94,Acoustic Grand Piano _ 2
89.5372904583333,0.18914457291666054,88,120,Piano RH,41296,92,Acoustic Grand Piano _ 2
90.12939520833329,0.18914457291667475,75,120,Piano RH,41584,92,Acoustic Grand Piano _ 2
90.33087529687496,0.19325641145833572,76,120,Piano RH,41682,94,Acoustic Grand Piano _ 2
90.92298004687497,0.19325641145833572,75,120,Piano RH,41970,94,Acoustic Grand Piano _ 2
91.12034829687497,0.19325641145833572,76,120,Piano RH,42066,94,Acoustic Grand Piano _ 2
91.3136047083333,0.18914457291666054,75,120,Piano RH,42160,92,Acoustic Grand Piano _ 2
91.5109729583333,0.18914457291666054,76,120,Piano RH,42256,92,Acoustic Grand Piano _ 2
91.7083412083333,0.18914457291667475,75,120,Piano RH,42352,92,Acoustic Grand Piano _ 2
91.90982129687497,0.19325641145833572,76,120,Piano RH,42450,94,Acoustic Grand Piano _ 2
92.1030777083333,0.18914457291666054,71,120,Piano RH,42544,92,Acoustic Grand Piano _ 2
92.3004459583333,0.18914457291666054,74,120,Piano RH,42640,92,Acoustic Grand Piano _ 2
92.4978142083333,0.18914457291666054,72,120,Piano RH,42736,92,Acoustic Grand Piano _ 2
92.69929429687497,0.5879929114583291,69,120,Piano RH,42834,286,Acoustic Grand Piano _ 2
93.2872872083333,0.18914457291667475,60,120,Piano RH,43120,92,Acoustic Grand Piano _ 2
93.4846554583333,0.18914457291667475,64,120,Piano RH,43216,92,Acoustic Grand Piano _ 2
93.6820237083333,0.18914457291666054,69,120,Piano RH,43312,92,Acoustic Grand Piano _ 2
93.88350379687496,0.3906246614583324,71,120,Piano RH,43410,190,Acoustic Grand Piano _ 2
94.47149670833329,0.18914457291667475,64,120,Piano RH,43696,92,Acoustic Grand Piano _ 2
94.67297679687496,0.19325641145833572,68,120,Piano RH,43794,94,Acoustic Grand Piano _ 2
94.87034504687496,0.19325641145833572,71,120,Piano RH,43890,94,Acoustic Grand Piano _ 2
95.06771329687496,0.3906246614583324,72,120,Piano RH,43986,190,Acoustic Grand Piano _ 2
95.65981804687496,0.19325641145833572,64,120,Piano RH,44274,94,Acoustic Grand Piano _ 2
95.85718629687497,0.1932564114583215,76,120,Piano RH,44370,94,Acoustic Grand Piano _ 2
96.05044270833329,0.18914457291667475,75,120,Piano RH,44464,92,Acoustic Grand Piano _ 2
96.25192279687496,0.19325641145833572,76,120,Piano RH,44562,94,Acoustic Grand Piano _ 2
96.44929104687496,0.19325641145833572,75,120,Piano RH,44658,94,Acoustic Grand Piano _ 2
96.6425474583333,0.18914457291666054,76,120,Piano RH,44752,92,Acoustic Grand Piano _ 2
96.84402754687497,0.1932564114583215,71,120,Piano RH,44850,94,Acoustic Grand Piano _ 2
97.04139579687497,0.19325641145833572,74,120,Piano RH,44946,94,Acoustic Grand Piano _ 2
97.23876404687496,0.19325641145833572,72,120,Piano RH,45042,94,Acoustic Grand Piano _ 2
97.43613229687496,0.5879929114583433,69,120,Piano RH,45138,286,Acoustic Grand Piano _ 2
98.0241252083333,0.18914457291666054,60,120,Piano RH,45424,92,Acoustic Grand Piano _ 2
98.2214934583333,0.18914457291666054,64,120,Piano RH,45520,92,Acoustic Grand Piano _ 2
98.42297354687497,0.1932564114583215,69,120,Piano RH,45618,94,Acoustic Grand Piano _ 2
98.61622995833329,0.38651282291667144,71,120,Piano RH,45712,188,Acoustic Grand Piano _ 2
99.4057029583333,0.18914457291667475,72,120,Piano RH,46096,92,Acoustic Grand Piano _ 2
99.60307120833329,0.18914457291667475,71,120,Piano RH,46192,92,Acoustic Grand Piano _ 2
99.21244654687496,0.5879929114583433,62,120,Piano RH,46002,286,Acoustic Grand Piano _ 2
99.8004394583333,0.38651282291667144,69,120,Piano RH,46288,188,Acoustic Grand Piano _ 2
99.80455129687496,0.3906246614583324,60,120,Piano RH,46290,190,Acoustic Grand Piano _ 2
100.9846489583333,0.9786175729166615,64,120,Piano RH,46864,476,Acoustic Grand Piano _ 2
100.9846489583333,0.9786175729166615,70,120,Piano RH,46864,476,Acoustic Grand Piano _ 2
100.98876079687497,0.9827294114583225,67,120,Piano RH,46866,478,Acoustic Grand Piano _ 2
100.98876079687497,0.9827294114583225,73,120,Piano RH,46866,478,Acoustic Grand Piano _ 2
102.16885845833329,0.5838810729166823,74,120,Piano RH,47440,284,Acoustic Grand Piano _ 2
102.17297029687496,0.5879929114583291,65,120,Piano RH,47442,286,Acoustic Grand Piano _ 2
102.17297029687496,0.5879929114583291,69,120,Piano RH,47442,286,Acoustic Grand Piano _ 2
102.9583314583333,0.18914457291666054,73,120,Piano RH,47824,92,Acoustic Grand Piano _ 2
102.96244329687497,0.19325641145833572,76,120,Piano RH,47826,94,Acoustic Grand Piano _ 2
103.1556997083333,0.18914457291666054,77,120,Piano RH,47920,92,Acoustic Grand Piano _ 2
103.15981154687496,0.19325641145833572,74,120,Piano RH,47922,94,Acoustic Grand Piano _ 2
103.3530679583333,0.5838810729166681,68,120,Piano RH,48016,284,Acoustic Grand Piano _ 2
103.35717979687496,0.5879929114583433,74,120,Piano RH,48018,286,Acoustic Grand Piano _ 2
103.35717979687496,0.5879929114583433,77,120,Piano RH,48018,286,Acoustic Grand Piano _ 2
104.1425409583333,0.18914457291666054,68,120,Piano RH,48400,92,Acoustic Grand Piano _ 2
104.14665279687496,0.19325641145833572,74,120,Piano RH,48402,94,Acoustic Grand Piano _ 2
104.14665279687496,0.19325641145833572,77,120,Piano RH,48402,94,Acoustic Grand Piano _ 2
104.53727745833329,0.9786175729166757,72,120,Piano RH,48592,476,Acoustic Grand Piano _ 2
104.54138929687497,0.9827294114583367,69,120,Piano RH,48594,478,Acoustic Grand Piano _ 2
104.54138929687497,0.9827294114583367,76,120,Piano RH,48594,478,Acoustic Grand Piano _ 2
105.7214869583333,0.5838810729166681,74,120,Piano RH,49168,284,Acoustic Grand Piano _ 2
105.72559879687496,0.5879929114583291,65,120,Piano RH,49170,286,Acoustic Grand Piano _ 2
106.51507179687496,0.19325641145833572,72,120,Piano RH,49554,94,Acoustic Grand Piano _ 2
106.51507179687496,0.19325641145833572,64,120,Piano RH,49554,94,Acoustic Grand Piano _ 2
106.71244004687496,0.19325641145833572,71,120,Piano RH,49650,94,Acoustic Grand Piano _ 2
106.71244004687496,0.19325641145833572,62,120,Piano RH,49650,94,Acoustic Grand Piano _ 2
106.9056964583333,0.5838810729166681,66,120,Piano RH,49744,284,Acoustic Grand Piano _ 2
106.9056964583333,0.7812493229166648,60,120,Piano RH,49744,380,Acoustic Grand Piano _ 2
106.9056964583333,0.7812493229166648,69,120,Piano RH,49744,380,Acoustic Grand Piano _ 2
107.6951694583333,0.18914457291667475,69,120,Piano RH,50128,92,Acoustic Grand Piano _ 2
107.69928129687497,0.1932564114583215,60,120,Piano RH,50130,94,Acoustic Grand Piano _ 2
108.0899059583333,0.18914457291666054,60,120,Piano RH,50320,92,Acoustic Grand Piano _ 2
108.09401779687497,0.19325641145833572,69,120,Piano RH,50322,94,Acoustic Grand Piano _ 2
108.4846424583333,0.18914457291666054,72,120,Piano RH,50512,92,Acoustic Grand Piano _ 2
108.48875429687496,0.19325641145833572,64,120,Piano RH,50514,94,Acoustic Grand Piano _ 2
108.87937895833329,0.18914457291667475,62,120,Piano RH,50704,92,Acoustic Grand Piano _ 2
108.88349079687497,0.19325641145833572,71,120,Piano RH,50706,94,Acoustic Grand Piano _ 2
109.2741154583333,0.7812493229166648,60,120,Piano RH,50896,380,Acoustic Grand Piano _ 2
109.2741154583333,0.7812493229166648,69,120,Piano RH,50896,380,Acoustic Grand Piano _ 2
110.4583249583333,0.9786175729166757,64,120,Piano RH,51472,476,Acoustic Grand Piano _ 2
110.4583249583333,0.9786175729166757,67,120,Piano RH,51472,476,Acoustic Grand Piano _ 2
110.4583249583333,0.9786175729166757,73,120,Piano RH,51472,476,Acoustic Grand Piano _ 2
110.46243679687495,0.9827294114583367,70,120,Piano RH,51474,478,Acoustic Grand Piano _ 2
111.6425344583333,0.5838810729166539,69,120,Piano RH,52048,284,Acoustic Grand Piano _ 2
111.64664629687496,0.5879929114583433,74,120,Piano RH,52050,286,Acoustic Grand Piano _ 2
111.64664629687496,0.5879929114583433,65,120,Piano RH,52050,286,Acoustic Grand Piano _ 2
112.43200745833329,0.18914457291667475,76,120,Piano RH,52432,92,Acoustic Grand Piano _ 2
112.43611929687496,0.19325641145833572,73,120,Piano RH,52434,94,Acoustic Grand Piano _ 2
112.6293757083333,0.18914457291666054,77,120,Piano RH,52528,92,Acoustic Grand Piano _ 2
112.63348754687496,0.19325641145833572,74,120,Piano RH,52530,94,Acoustic Grand Piano _ 2
112.8267439583333,0.5838810729166681,77,120,Piano RH,52624,284,Acoustic Grand Piano _ 2
112.83085579687497,0.5879929114583291,74,120,Piano RH,52626,286,Acoustic Grand Piano _ 2
113.62032879687496,0.19325641145834993,77,120,Piano RH,53010,94,Acoustic Grand Piano _ 2
113.62032879687496,0.19325641145834993,74,120,Piano RH,53010,94,Acoustic Grand Piano _ 2
114.01095345833329,0.9786175729166757,77,120,Piano RH,53200,476,Acoustic Grand Piano _ 2
114.01506529687497,0.9827294114583225,74,120,Piano RH,53202,478,Acoustic Grand Piano _ 2
115.1951629583333,0.5838810729166681,67,120,Piano RH,53776,284,Acoustic Grand Piano _ 2
115.19927479687496,0.5879929114583433,75,120,Piano RH,53778,286,Acoustic Grand Piano _ 2
115.9846359583333,0.18914457291667475,65,120,Piano RH,54160,92,Acoustic Grand Piano _ 2
115.98874779687497,0.1932564114583215,74,120,Piano RH,54162,94,Acoustic Grand Piano _ 2
116.1820042083333,0.18914457291666054,72,120,Piano RH,54256,92,Acoustic Grand Piano _ 2
116.1820042083333,0.18914457291666054,63,120,Piano RH,54256,92,Acoustic Grand Piano _ 2
116.37937245833331,0.7812493229166648,70,120,Piano RH,54352,380,Acoustic Grand Piano _ 2
116.38348429687497,0.7853611614583258,62,120,Piano RH,54354,382,Acoustic Grand Piano _ 2
116.38348429687497,0.7853611614583258,65,120,Piano RH,54354,382,Acoustic Grand Piano _ 2
117.1688454583333,0.18914457291666054,69,120,Piano RH,54736,92,Acoustic Grand Piano _ 2
117.1688454583333,0.38651282291667144,65,120,Piano RH,54736,188,Acoustic Grand Piano _ 2
117.17295729687496,0.3906246614583324,62,120,Piano RH,54738,190,Acoustic Grand Piano _ 2
117.56769379687496,0.5879929114583291,68,120,Piano RH,54930,286,Acoustic Grand Piano _ 2
117.56769379687496,0.5879929114583291,65,120,Piano RH,54930,286,Acoustic Grand Piano _ 2
117.56769379687496,0.5879929114583291,62,120,Piano RH,54930,286,Acoustic Grand Piano _ 2
118.3530549583333,0.18914457291666054,62,120,Piano RH,55312,92,Acoustic Grand Piano _ 2
118.3530549583333,0.18914457291666054,65,120,Piano RH,55312,92,Acoustic Grand Piano _ 2
118.35716679687496,0.19325641145833572,68,120,Piano RH,55314,94,Acoustic Grand Piano _ 2
118.7477914583333,0.5838810729166681,69,120,Piano RH,55504,284,Acoustic Grand Piano _ 2
118.7477914583333,0.5838810729166681,60,120,Piano RH,55504,284,Acoustic Grand Piano _ 2
118.75190329687496,0.5879929114583433,64,120,Piano RH,55506,286,Acoustic Grand Piano _ 2
119.9320009583333,0.38651282291665723,64,120,Piano RH,56080,188,Acoustic Grand Piano _ 2
119.9320009583333,0.38651282291665723,71,120,Piano RH,56080,188,Acoustic Grand Piano _ 2
121.1162104583333,0.12335515624999971,57,120,Piano RH,56656,60,Acoustic Grand Piano _ 2
121.2519011302083,0.12746699479166068,60,120,Piano RH,56722,62,Acoustic Grand Piano _ 2
121.38347996354163,0.1274669947916749,64,120,Piano RH,56786,62,Acoustic Grand Piano _ 2
121.51505879687497,0.12746699479166068,69,120,Piano RH,56850,62,Acoustic Grand Piano _ 2
121.64663763020829,0.1274669947916749,72,120,Piano RH,56914,62,Acoustic Grand Piano _ 2
121.77410462499996,0.12335515624999971,76,120,Piano RH,56976,60,Acoustic Grand Piano _ 2
121.90979529687496,0.12969607812499362,74,120,Piano RH,57042,62,Acoustic Grand Piano _ 2
122.03949137499995,0.12925694791667297,72,120,Piano RH,57104,60,Acoustic Grand Piano _ 2
122.18176915104162,0.13654726562501196,71,120,Piano RH,57170,62,Acoustic Grand Piano _ 2
122.32284540104163,0.14148005729165902,69,120,Piano RH,57234,62,Acoustic Grand Piano _ 2
122.46898963541663,0.14573757291667278,72,120,Piano RH,57298,62,Acoustic Grand Piano _ 2
122.61953489583331,0.1508413124999919,76,120,Piano RH,57362,62,Acoustic Grand Piano _ 2
122.7752590208333,0.15580835416666616,81,120,Piano RH,57426,62,Acoustic Grand Piano _ 2
122.93106737499997,0.15556691666667177,84,120,Piano RH,57488,60,Acoustic Grand Piano _ 2
123.09705095833331,0.1586009270833273,88,120,Piano RH,57552,60,Acoustic Grand Piano _ 2
123.26661679166664,0.1658442083333398,86,120,Piano RH,57616,60,Acoustic Grand Piano _ 2
123.44362170833331,0.1696428229166571,84,120,Piano RH,57680,60,Acoustic Grand Piano _ 2
123.62462816666664,0.17045453125000165,83,120,Piano RH,57744,60,Acoustic Grand Piano _ 2
123.81212815104163,0.1761363489583374,81,120,Piano RH,57810,62,Acoustic Grand Piano _ 2
123.98826449999997,0.17192759374999866,84,120,Piano RH,57872,60,Acoustic Grand Piano _ 2
124.17755320312497,0.18027163020832404,88,120,Piano RH,57938,62,Acoustic Grand Piano _ 2
124.3578248333333,0.17688671875001205,93,120,Piano RH,58000,60,Acoustic Grand Piano _ 2
124.5524002239583,0.18278294270832873,96,120,Piano RH,58066,62,Acoustic Grand Piano _ 2
124.74107939062498,0.18278294270832873,100,120,Piano RH,58130,62,Acoustic Grand Piano _ 2
124.92975855729163,0.18278294270832873,98,120,Piano RH,58194,62,Acoustic Grand Piano _ 2
125.11843772395831,0.18278294270832873,96,120,Piano RH,58258,62,Acoustic Grand Piano _ 2
125.30711689062497,0.18278294270832873,95,120,Piano RH,58322,62,Acoustic Grand Piano _ 2
125.49579605729164,0.18278294270832873,94,120,Piano RH,58386,62,Acoustic Grand Piano _ 2
125.6844752239583,0.18278294270832873,93,120,Piano RH,58450,62,Acoustic Grand Piano _ 2
125.87315439062496,0.18190944270833143,92,120,Piano RH,58514,62,Acoustic Grand Piano _ 2
126.06085086979162,0.17771463020834233,91,120,Piano RH,58578,62,Acoustic Grand Piano _ 2
126.2442473177083,0.1761363489583374,90,120,Piano RH,58642,62,Acoustic Grand Piano _ 2
126.42606548437497,0.17451293229166254,89,120,Piano RH,58706,62,Acoustic Grand Piano _ 2
126.60057841666664,0.16682321874999673,88,120,Piano RH,58768,60,Acoustic Grand Piano _ 2
126.78384899479163,0.1669825468750048,87,120,Piano RH,58834,62,Acoustic Grand Piano _ 2
126.95083154166663,0.1588982812500035,86,120,Piano RH,58896,60,Acoustic Grand Piano _ 2
127.12032304166664,0.15625,85,120,Piano RH,58960,60,Acoustic Grand Piano _ 2
127.29219804166664,0.1614583333333286,84,120,Piano RH,59026,62,Acoustic Grand Piano _ 2
127.45886470833331,0.1614583333333286,83,120,Piano RH,59090,62,Acoustic Grand Piano _ 2
127.62032304166664,0.15625,82,120,Piano RH,59152,60,Acoustic Grand Piano _ 2
127.79219804166664,0.1614583333333286,81,120,Piano RH,59218,62,Acoustic Grand Piano _ 2
127.95365637499997,0.1562500000000142,80,120,Piano RH,59280,60,Acoustic Grand Piano _ 2
128.12032304166664,0.15319265625001321,79,120,Piano RH,59344,60,Acoustic Grand Piano _ 2
128.28863665104163,0.15498980729168466,78,120,Piano RH,59410,62,Acoustic Grand Piano _ 2
128.4485092708333,0.1513671875,77,120,Piano RH,59474,62,Acoustic Grand Piano _ 2
128.5998764583333,0.21974547916667575,76,120,Piano RH,59536,92,Acoustic Grand Piano _ 2
128.82895029166664,0.21265944791667835,75,120,Piano RH,59632,92,Acoustic Grand Piano _ 2
129.05519669270834,0.21082101562498679,76,120,Piano RH,59730,94,Acoustic Grand Piano _ 2
129.26601770833332,0.19929594791668137,71,120,Piano RH,59824,92,Acoustic Grand Piano _ 2
129.478156109375,0.19663239062498405,74,120,Piano RH,59922,94,Acoustic Grand Piano _ 2
129.67478849999998,0.19166666666666288,72,120,Piano RH,60016,92,Acoustic Grand Piano _ 2
129.87895516666666,0.3958333333333144,69,120,Piano RH,60114,190,Acoustic Grand Piano _ 2
130.47895516666665,0.19583333333332575,60,120,Piano RH,60402,94,Acoustic Grand Piano _ 2
130.67895516666664,0.19583333333335418,64,120,Piano RH,60498,94,Acoustic Grand Piano _ 2
130.8747885,0.19166666666666288,69,120,Piano RH,60592,92,Acoustic Grand Piano _ 2
131.07478849999998,0.39166666666667993,71,120,Piano RH,60688,188,Acoustic Grand Piano _ 2
131.67895516666664,0.19583333333335418,64,120,Piano RH,60978,94,Acoustic Grand Piano _ 2
131.87895516666666,0.19583333333332575,68,120,Piano RH,61074,94,Acoustic Grand Piano _ 2
132.07478849999998,0.19166666666666288,71,120,Piano RH,61168,92,Acoustic Grand Piano _ 2
132.27895516666666,0.3958333333333144,72,120,Piano RH,61266,190,Acoustic Grand Piano _ 2
132.8747885,0.19166666666666288,64,120,Piano RH,61552,92,Acoustic Grand Piano _ 2
133.07478849999998,0.19166666666666288,76,120,Piano RH,61648,92,Acoustic Grand Piano _ 2
133.27895516666666,0.19583333333332575,75,120,Piano RH,61746,94,Acoustic Grand Piano _ 2
133.4747885,0.19166666666666288,76,120,Piano RH,61840,92,Acoustic Grand Piano _ 2
133.67478849999998,0.19166666666666288,75,120,Piano RH,61936,92,Acoustic Grand Piano _ 2
133.87895516666666,0.19583333333332575,76,120,Piano RH,62034,94,Acoustic Grand Piano _ 2
134.07478849999998,0.19166666666666288,71,120,Piano RH,62128,92,Acoustic Grand Piano _ 2
134.27478849999997,0.1916666666666913,74,120,Piano RH,62224,92,Acoustic Grand Piano _ 2
134.4747885,0.19166666666666288,72,120,Piano RH,62320,92,Acoustic Grand Piano _ 2
134.67478849999998,0.39166666666667993,69,120,Piano RH,62416,188,Acoustic Grand Piano _ 2
135.27478849999997,0.1916666666666913,60,120,Piano RH,62704,92,Acoustic Grand Piano _ 2
135.4747885,0.19166666666666288,64,120,Piano RH,62800,92,Acoustic Grand Piano _ 2
135.67478849999998,0.19166666666666288,69,120,Piano RH,62896,92,Acoustic Grand Piano _ 2
135.87895516666666,0.3958333333333144,71,120,Piano RH,62994,190,Acoustic Grand Piano _ 2
136.47895516666665,0.19583333333332575,62,120,Piano RH,63282,94,Acoustic Grand Piano _ 2
136.67895516666664,0.19583333333335418,72,120,Piano RH,63378,94,Acoustic Grand Piano _ 2
136.87895516666666,0.19583333333332575,71,120,Piano RH,63474,94,Acoustic Grand Piano _ 2
137.07478849999998,0.39166666666667993,60,120,Piano RH,63568,188,Acoustic Grand Piano _ 2
137.07895516666665,0.3958333333333428,69,120,Piano RH,63570,190,Acoustic Grand Piano _ 2
137.67478849999998,0.19166666666666288,71,120,Piano RH,63856,92,Acoustic Grand Piano _ 2
137.87895516666666,0.19583333333332575,72,120,Piano RH,63954,94,Acoustic Grand Piano _ 2
138.07478849999998,0.19166666666666288,74,120,Piano RH,64048,92,Acoustic Grand Piano _ 2
138.27478849999997,0.5916666666666686,76,120,Piano RH,64144,284,Acoustic Grand Piano _ 2
138.87895516666666,0.19583333333332575,67,120,Piano RH,64434,94,Acoustic Grand Piano _ 2
139.07895516666665,0.19583333333332575,77,120,Piano RH,64530,94,Acoustic Grand Piano _ 2
139.27895516666663,0.19583333333335418,76,120,Piano RH,64626,94,Acoustic Grand Piano _ 2
139.4747885,0.5916666666666686,74,120,Piano RH,64720,284,Acoustic Grand Piano _ 2
140.07895516666665,0.19583333333332575,65,120,Piano RH,65010,94,Acoustic Grand Piano _ 2
140.27895516666663,0.19583333333335418,76,120,Piano RH,65106,94,Acoustic Grand Piano _ 2
140.47895516666665,0.19583333333332575,74,120,Piano RH,65202,94,Acoustic Grand Piano _ 2
140.67895516666664,0.5958333333333314,72,120,Piano RH,65298,286,Acoustic Grand Piano _ 2
141.27895516666663,0.19583333333335418,64,120,Piano RH,65586,94,Acoustic Grand Piano _ 2
141.4747885,0.19166666666666288,74,120,Piano RH,65680,92,Acoustic Grand Piano _ 2
141.67478849999998,0.19166666666666288,72,120,Piano RH,65776,92,Acoustic Grand Piano _ 2
141.8747885,0.19166666666666288,71,120,Piano RH,65872,92,Acoustic Grand Piano _ 2
142.4747885,0.19166666666666288,64,120,Piano RH,66160,92,Acoustic Grand Piano _ 2
142.67478849999998,0.19166666666666288,76,120,Piano RH,66256,92,Acoustic Grand Piano _ 2
143.27895516666663,0.19583333333335418,76,120,Piano RH,66546,94,Acoustic Grand Piano _ 2
143.47895516666665,0.19583333333332575,88,120,Piano RH,66642,94,Acoustic Grand Piano _ 2
144.07478849999998,0.19166666666666288,75,120,Piano RH,66928,92,Acoustic Grand Piano _ 2
144.27478849999997,0.19166666666666288,76,120,Piano RH,67024,92,Acoustic Grand Piano _ 2
144.8747885,0.19166666666666288,75,120,Piano RH,67312,92,Acoustic Grand Piano _ 2
145.07895516666665,0.19583333333332575,76,120,Piano RH,67410,94,Acoustic Grand Piano _ 2
145.27895516666663,0.19583333333335418,75,120,Piano RH,67506,94,Acoustic Grand Piano _ 2
145.4747885,0.19166666666666288,76,120,Piano RH,67600,92,Acoustic Grand Piano _ 2
145.67478849999998,0.19166666666666288,75,120,Piano RH,67696,92,Acoustic Grand Piano _ 2
145.8747885,0.19166666666666288,76,120,Piano RH,67792,92,Acoustic Grand Piano _ 2
146.07478849999998,0.19166666666666288,71,120,Piano RH,67888,92,Acoustic Grand Piano _ 2
146.27478849999997,0.19166666666666288,74,120,Piano RH,67984,92,Acoustic Grand Piano _ 2
146.47895516666665,0.19583333333332575,72,120,Piano RH,68082,94,Acoustic Grand Piano _ 2
146.67895516666664,0.5958333333333314,69,120,Piano RH,68178,286,Acoustic Grand Piano _ 2
147.27895516666663,0.19583333333335418,60,120,Piano RH,68466,94,Acoustic Grand Piano _ 2
147.4747885,0.19166666666666288,64,120,Piano RH,68560,92,Acoustic Grand Piano _ 2
147.67478849999998,0.19166666666666288,69,120,Piano RH,68656,92,Acoustic Grand Piano _ 2
147.8747885,0.5916666666666401,71,120,Piano RH,68752,284,Acoustic Grand Piano _ 2
148.47895516666665,0.19583333333332575,64,120,Piano RH,69042,94,Acoustic Grand Piano _ 2
148.67478849999998,0.19166666666666288,68,120,Piano RH,69136,92,Acoustic Grand Piano _ 2
148.87895516666666,0.19583333333332575,71,120,Piano RH,69234,94,Acoustic Grand Piano _ 2
149.07478849999998,0.3916666666666515,72,120,Piano RH,69328,188,Acoustic Grand Piano _ 2
149.67895516666664,0.19583333333335418,64,120,Piano RH,69618,94,Acoustic Grand Piano _ 2
149.8747885,0.19166666666666288,76,120,Piano RH,69712,92,Acoustic Grand Piano _ 2
150.07478849999998,0.19166666666666288,75,120,Piano RH,69808,92,Acoustic Grand Piano _ 2
150.27478849999997,0.19166666666666288,76,120,Piano RH,69904,92,Acoustic Grand Piano _ 2
150.47895516666665,0.19583333333332575,75,120,Piano RH,70002,94,Acoustic Grand Piano _ 2
150.67478849999998,0.19166666666666288,76,120,Piano RH,70096,92,Acoustic Grand Piano _ 2
150.8747885,0.19166666666666288,71,120,Piano RH,70192,92,Acoustic Grand Piano _ 2
151.07895516666665,0.19583333333332575,74,120,Piano RH,70290,94,Acoustic Grand Piano _ 2
151.27478849999997,0.1916666666666913,72,120,Piano RH,70384,92,Acoustic Grand Piano _ 2
151.47895516666665,0.4050035416667015,69,120,Piano RH,70482,190,Acoustic Grand Piano _ 2
152.09229195833336,0.19965269791666174,60,120,Piano RH,70768,92,Acoustic Grand Piano _ 2
152.30502661458337,0.2068660937499942,64,120,Piano RH,70866,94,Acoustic Grand Piano _ 2
152.51629411458336,0.21094859375000397,69,120,Piano RH,70962,94,Acoustic Grand Piano _ 2
152.73177169270838,0.432416598958298,71,120,Piano RH,71058,190,Acoustic Grand Piano _ 2
153.61661346875002,0.22495673958331963,72,120,Piano RH,71442,94,Acoustic Grand Piano _ 2
153.84157020833334,0.22340737499999364,71,120,Piano RH,71536,92,Acoustic Grand Piano _ 2
153.39273296875,0.6820102395833203,62,120,Piano RH,71346,286,Acoustic Grand Piano _ 2
154.07474320833333,0.9495219791666614,60,120,Piano RH,71632,380,Acoustic Grand Piano _ 2
154.07962602083333,0.9548850625000114,69,120,Piano RH,71634,382,Acoustic Grand Piano _ 2
1.5999999999999999,0.19166666666666665,45,120,Piano LH,784,92,Acoustic Grand Piano _ 1
1.8041666666666665,0.1958333333333333,52,120,Piano LH,882,94,Acoustic Grand Piano _ 1
2.004166666666667,0.1958333333333333,57,120,Piano LH,978,94,Acoustic Grand Piano _ 1
2.8000000000000003,0.19166666666666643,40,120,Piano LH,1360,92,Acoustic Grand Piano _ 1
3.004166666666667,0.1958333333333333,52,120,Piano LH,1458,94,Acoustic Grand Piano _ 1
3.2,0.19166666666666643,56,120,Piano LH,1552,92,Acoustic Grand Piano _ 1
4.004166666666666,0.19583333333333375,45,120,Piano LH,1938,94,Acoustic Grand Piano _ 1
4.204166666666667,0.19583333333333375,52,120,Piano LH,2034,94,Acoustic Grand Piano _ 1
4.404166666666667,0.19583333333333286,57,120,Piano LH,2130,94,Acoustic Grand Piano _ 1
6.4,0.19166666666666643,45,120,Piano LH,3088,92,Acoustic Grand Piano _ 1
6.604166666666667,0.19583333333333286,52,120,Piano LH,3186,94,Acoustic Grand Piano _ 1
6.8,0.19166666666666643,57,120,Piano LH,3280,92,Acoustic Grand Piano _ 1
7.6,0.19166666666666732,40,120,Piano LH,3664,92,Acoustic Grand Piano _ 1
7.804166666666666,0.19583333333333375,52,120,Piano LH,3762,94,Acoustic Grand Piano _ 1
8.004166666666666,0.19583333333333286,56,120,Piano LH,3858,94,Acoustic Grand Piano _ 1
8.8,0.19166666666666643,45,120,Piano LH,4240,92,Acoustic Grand Piano _ 1
9.0,0.19166666666666643,52,120,Piano LH,4336,92,Acoustic Grand Piano _ 1
9.2,0.1916666666666682,57,120,Piano LH,4432,92,Acoustic Grand Piano _ 1
11.277576041666663,0.19583333333333286,45,120,Piano LH,5394,94,Acoustic Grand Piano _ 1
11.477576041666662,0.19583333333333286,52,120,Piano LH,5490,94,Acoustic Grand Piano _ 1
11.673409374999995,0.1916666666666682,57,120,Piano LH,5584,92,Acoustic Grand Piano _ 1
12.477576041666662,0.19583333333333286,40,120,Piano LH,5970,94,Acoustic Grand Piano _ 1
12.673409374999995,0.1916666666666682,52,120,Piano LH,6064,92,Acoustic Grand Piano _ 1
12.873409374999996,0.19166666666666643,56,120,Piano LH,6160,92,Acoustic Grand Piano _ 1
13.673409374999995,0.1916666666666682,45,120,Piano LH,6544,92,Acoustic Grand Piano _ 1
13.877576041666662,0.19583333333333286,52,120,Piano LH,6642,94,Acoustic Grand Piano _ 1
14.073409374999995,0.19166666666666643,57,120,Piano LH,6736,92,Acoustic Grand Piano _ 1
16.07757604166666,0.19583333333333286,45,120,Piano LH,7698,94,Acoustic Grand Piano _ 1
16.273409374999993,0.19166666666666643,52,120,Piano LH,7792,92,Acoustic Grand Piano _ 1
16.473409374999992,0.19166666666666998,57,120,Piano LH,7888,92,Acoustic Grand Piano _ 1
17.273409374999993,0.19166666666666643,40,120,Piano LH,8272,92,Acoustic Grand Piano _ 1
17.477576041666662,0.19583333333333286,52,120,Piano LH,8370,94,Acoustic Grand Piano _ 1
17.67757604166666,0.19583333333333286,56,120,Piano LH,8466,94,Acoustic Grand Piano _ 1
18.477576041666662,0.19583333333333286,45,120,Piano LH,8850,94,Acoustic Grand Piano _ 1
18.67757604166666,0.19583333333333286,52,120,Piano LH,8946,94,Acoustic Grand Piano _ 1
18.87757604166666,0.19583333333333286,57,120,Piano LH,9042,94,Acoustic Grand Piano _ 1
19.677576041666658,0.1958333333333364,48,120,Piano LH,9426,94,Acoustic Grand Piano _ 1
19.873409374999994,0.19166666666666643,55,120,Piano LH,9520,92,Acoustic Grand Piano _ 1
20.07757604166666,0.19583333333333286,60,120,Piano LH,9618,94,Acoustic Grand Piano _ 1
20.87757604166666,0.19583333333333286,43,120,Piano LH,10002,94,Acoustic Grand Piano _ 1
21.073409374999994,0.19166666666666643,55,120,Piano LH,10096,92,Acoustic Grand Piano _ 1
21.27757604166666,0.19583333333333286,59,120,Piano LH,10194,94,Acoustic Grand Piano _ 1
22.073409374999994,0.19166666666666643,45,120,Piano LH,10576,92,Acoustic Grand Piano _ 1
22.27757604166666,0.19583333333333286,52,120,Piano LH,10674,94,Acoustic Grand Piano _ 1
22.473409374999992,0.19166666666666998,57,120,Piano LH,10768,92,Acoustic Grand Piano _ 1
23.273409374999993,0.19166666666666643,40,120,Piano LH,11152,92,Acoustic Grand Piano _ 1
23.473409374999992,0.19166666666666998,52,120,Piano LH,11248,92,Acoustic Grand Piano _ 1
23.677576041666658,0.1958333333333364,64,120,Piano LH,11346,94,Acoustic Grand Piano _ 1
24.27757604166666,0.19583333333333286,64,120,Piano LH,11634,94,Acoustic Grand Piano _ 1
24.477576041666662,0.19583333333333286,76,120,Piano LH,11730,94,Acoustic Grand Piano _ 1
25.07757604166666,0.19583333333333286,75,120,Piano LH,12018,94,Acoustic Grand Piano _ 1
25.273409374999993,0.19166666666666643,76,120,Piano LH,12112,92,Acoustic Grand Piano _ 1
25.87757604166666,0.19583333333333286,75,120,Piano LH,12402,94,Acoustic Grand Piano _ 1
26.073409374999994,0.19166666666666288,76,120,Piano LH,12496,92,Acoustic Grand Piano _ 1
28.241267604166655,0.21805781249999967,45,120,Piano LH,13458,94,Acoustic Grand Piano _ 1
28.459325416666655,0.2036501145833327,52,120,Piano LH,13552,92,Acoustic Grand Piano _ 1
28.67165608333332,0.19965269791666884,57,120,Piano LH,13648,92,Acoustic Grand Piano _ 1
29.482728958333325,0.19166666666666643,40,120,Piano LH,14032,92,Acoustic Grand Piano _ 1
29.682728958333325,0.19166666666666643,52,120,Piano LH,14128,92,Acoustic Grand Piano _ 1
29.882728958333324,0.19166666666666643,56,120,Piano LH,14224,92,Acoustic Grand Piano _ 1
30.682728958333325,0.19166666666666643,45,120,Piano LH,14608,92,Acoustic Grand Piano _ 1
30.882728958333324,0.19166666666666643,52,120,Piano LH,14704,92,Acoustic Grand Piano _ 1
31.082728958333323,0.19166666666666998,57,120,Piano LH,14800,92,Acoustic Grand Piano _ 1
33.086895625,0.19583333333333286,45,120,Piano LH,15762,94,Acoustic Grand Piano _ 1
33.28689562499999,0.19583333333333286,52,120,Piano LH,15858,94,Acoustic Grand Piano _ 1
33.482728958333325,0.19166666666666998,57,120,Piano LH,15952,92,Acoustic Grand Piano _ 1
34.28272895833333,0.19166666666666288,40,120,Piano LH,16336,92,Acoustic Grand Piano _ 1
34.482728958333325,0.19166666666666998,52,120,Piano LH,16432,92,Acoustic Grand Piano _ 1
34.686895625,0.19583333333333286,56,120,Piano LH,16530,94,Acoustic Grand Piano _ 1
35.482728958333325,0.19166666666666998,45,120,Piano LH,16912,92,Acoustic Grand Piano _ 1
35.68272895833333,0.19166666666666998,52,120,Piano LH,17008,92,Acoustic Grand Piano _ 1
35.886895624999994,0.19583333333333286,57,120,Piano LH,17106,94,Acoustic Grand Piano _ 1
36.686895625,0.19583333333333286,48,120,Piano LH,17490,94,Acoustic Grand Piano _ 1
36.88272895833333,0.19166666666666288,55,120,Piano LH,17584,92,Acoustic Grand Piano _ 1
37.086895625,0.19583333333333286,60,120,Piano LH,17682,94,Acoustic Grand Piano _ 1
37.886895624999994,0.19583333333333286,43,120,Piano LH,18066,94,Acoustic Grand Piano _ 1
38.086895625,0.19583333333333286,55,120,Piano LH,18162,94,Acoustic Grand Piano _ 1
38.28272895833333,0.19166666666666998,59,120,Piano LH,18256,92,Acoustic Grand Piano _ 1
39.086895625,0.19583333333333286,45,120,Piano LH,18642,94,Acoustic Grand Piano _ 1
39.286895625,0.19583333333332575,52,120,Piano LH,18738,94,Acoustic Grand Piano _ 1
39.486895624999995,0.19583333333333286,57,120,Piano LH,18834,94,Acoustic Grand Piano _ 1
40.286895625,0.19583333333332575,40,120,Piano LH,19218,94,Acoustic Grand Piano _ 1
40.486895624999995,0.19583333333333286,52,120,Piano LH,19314,94,Acoustic Grand Piano _ 1
40.68689562499999,0.19583333333333997,64,120,Piano LH,19410,94,Acoustic Grand Piano _ 1
41.286895625,0.19583333333332575,64,120,Piano LH,19698,94,Acoustic Grand Piano _ 1
41.482728958333325,0.19166666666666998,76,120,Piano LH,19792,92,Acoustic Grand Piano _ 1
42.08272895833333,0.19166666666666998,75,120,Piano LH,20080,92,Acoustic Grand Piano _ 1
42.28689562499999,0.19583333333333286,76,120,Piano LH,20178,94,Acoustic Grand Piano _ 1
42.88272895833333,0.19166666666666288,75,120,Piano LH,20464,92,Acoustic Grand Piano _ 1
43.086895625,0.19583333333333286,76,120,Piano LH,20562,94,Acoustic Grand Piano _ 1
45.32907569270833,0.22999372395833007,45,120,Piano LH,21522,94,Acoustic Grand Piano _ 1
45.55906941666666,0.21684831250000514,52,120,Piano LH,21616,92,Acoustic Grand Piano _ 1
45.78991026041666,0.21386953125000474,57,120,Piano LH,21714,94,Acoustic Grand Piano _ 1
46.61491754166668,0.19166666666666998,40,120,Piano LH,22096,92,Acoustic Grand Piano _ 1
46.819084208333344,0.19583333333333286,52,120,Piano LH,22194,94,Acoustic Grand Piano _ 1
47.01491754166668,0.19166666666666998,56,120,Piano LH,22288,92,Acoustic Grand Piano _ 1
47.819084208333344,0.19583333333333286,45,120,Piano LH,22674,94,Acoustic Grand Piano _ 1
48.01491754166668,0.19166666666666998,52,120,Piano LH,22768,92,Acoustic Grand Piano _ 1
48.21908420833334,0.19583333333333997,57,120,Piano LH,22866,94,Acoustic Grand Piano _ 1
50.21491754166668,0.19166666666666288,45,120,Piano LH,23824,92,Acoustic Grand Piano _ 1
50.41491754166668,0.19166666666666288,52,120,Piano LH,23920,92,Acoustic Grand Piano _ 1
50.61908420833335,0.19583333333333286,57,120,Piano LH,24018,94,Acoustic Grand Piano _ 1
51.41491754166668,0.19166666666666288,40,120,Piano LH,24400,92,Acoustic Grand Piano _ 1
51.61908420833335,0.19583333333333286,52,120,Piano LH,24498,94,Acoustic Grand Piano _ 1
51.819084208333344,0.19583333333333286,56,120,Piano LH,24594,94,Acoustic Grand Piano _ 1
52.61491754166668,0.19166666666666998,45,120,Piano LH,24976,92,Acoustic Grand Piano _ 1
52.81491754166668,0.19166666666666288,52,120,Piano LH,25072,92,Acoustic Grand Piano _ 1
53.01491754166668,0.19166666666666998,57,120,Piano LH,25168,92,Acoustic Grand Piano _ 1
53.21491754166668,0.19235157291666383,60,120,Piano LH,25264,92,Acoustic Grand Piano _ 1
53.21908420833334,0.19674654166666983,58,120,Piano LH,25266,94,Acoustic Grand Piano _ 1
53.42011156770835,0.2026254322916614,57,120,Piano LH,25362,94,Acoustic Grand Piano _ 1
53.42011156770835,0.2026254322916614,60,120,Piano LH,25362,94,Acoustic Grand Piano _ 1
53.62273700000001,0.20078494791666657,60,120,Piano LH,25456,92,Acoustic Grand Piano _ 1
53.627077276041675,0.20550264062499934,55,120,Piano LH,25458,94,Acoustic Grand Piano _ 1
53.627077276041675,0.20550264062499934,58,120,Piano LH,25458,94,Acoustic Grand Piano _ 1
53.832579916666674,0.21130752083332993,53,120,Piano LH,25552,92,Acoustic Grand Piano _ 1
54.05321579166667,0.2228602916666631,57,120,Piano LH,25648,92,Acoustic Grand Piano _ 1
54.285841708333336,0.224609375,60,120,Piano LH,25744,92,Acoustic Grand Piano _ 1
54.525099520833336,0.2357923958333359,57,120,Piano LH,25842,94,Acoustic Grand Piano _ 1
54.765932234375,0.23689493229166914,60,120,Piano LH,25938,94,Acoustic Grand Piano _ 1
55.007867484375005,0.23689493229166203,57,120,Piano LH,26034,94,Acoustic Grand Piano _ 1
55.249802734375,0.23311480729167045,53,120,Piano LH,26130,94,Acoustic Grand Piano _ 1
55.48780035416667,0.2294921875,58,120,Piano LH,26226,94,Acoustic Grand Piano _ 1
55.72217535416667,0.22304293750000426,62,120,Piano LH,26322,94,Acoustic Grand Piano _ 1
55.949882468750005,0.21380861458333555,58,120,Piano LH,26418,94,Acoustic Grand Piano _ 1
56.16822006770834,0.21286226562499877,62,120,Piano LH,26514,94,Acoustic Grand Piano _ 1
56.38108233333334,0.20833328125000605,58,120,Piano LH,26608,92,Acoustic Grand Piano _ 1
56.598473583333345,0.20833328124999895,53,120,Piano LH,26704,92,Acoustic Grand Piano _ 1
56.81586483333334,0.20833328124999895,62,120,Piano LH,26800,92,Acoustic Grand Piano _ 1
57.03325608333334,0.20833328124999895,53,120,Piano LH,26896,92,Acoustic Grand Piano _ 1
57.03778506770834,0.21286226562499877,58,120,Piano LH,26898,94,Acoustic Grand Piano _ 1
57.03778506770834,0.21286226562499877,55,120,Piano LH,26898,94,Acoustic Grand Piano _ 1
57.25517631770834,0.21286226562499877,62,120,Piano LH,26994,94,Acoustic Grand Piano _ 1
57.47256756770834,0.21286226562500588,58,120,Piano LH,27090,94,Acoustic Grand Piano _ 1
57.47256756770834,0.21286226562500588,55,120,Piano LH,27090,94,Acoustic Grand Piano _ 1
57.47256756770834,0.21286226562500588,53,120,Piano LH,27090,94,Acoustic Grand Piano _ 1
57.685429833333345,0.20833328124999895,62,120,Piano LH,27184,92,Acoustic Grand Piano _ 1
57.90735006770834,0.21286226562499877,53,120,Piano LH,27282,94,Acoustic Grand Piano _ 1
58.12474131770834,0.21286226562499877,57,120,Piano LH,27378,94,Acoustic Grand Piano _ 1
58.34213256770834,0.21286226562499877,60,120,Piano LH,27474,94,Acoustic Grand Piano _ 1
58.55499483333334,0.20833328125000605,57,120,Piano LH,27568,92,Acoustic Grand Piano _ 1
58.776915067708345,0.21286226562499877,60,120,Piano LH,27666,94,Acoustic Grand Piano _ 1
58.98977733333334,0.20833328124999895,57,120,Piano LH,27760,92,Acoustic Grand Piano _ 1
59.20716858333334,0.20833328124999895,53,120,Piano LH,27856,92,Acoustic Grand Piano _ 1
59.42455983333334,0.20833328124999895,57,120,Piano LH,27952,92,Acoustic Grand Piano _ 1
59.64648006770834,0.21286226562500588,60,120,Piano LH,28050,94,Acoustic Grand Piano _ 1
59.863871317708345,0.21286226562499877,57,120,Piano LH,28146,94,Acoustic Grand Piano _ 1
60.07673358333334,0.20833328124999895,60,120,Piano LH,28240,92,Acoustic Grand Piano _ 1
60.29865381770834,0.21286226562499877,57,120,Piano LH,28338,94,Acoustic Grand Piano _ 1
60.51604506770834,0.21286226562499877,52,120,Piano LH,28434,94,Acoustic Grand Piano _ 1
60.72890733333334,0.20833328125000605,57,120,Piano LH,28528,92,Acoustic Grand Piano _ 1
60.946298583333345,0.20833328124999895,60,120,Piano LH,28624,92,Acoustic Grand Piano _ 1
61.16821881770834,0.21286226562499877,57,120,Piano LH,28722,94,Acoustic Grand Piano _ 1
61.38561006770834,0.21286226562499877,50,120,Piano LH,28818,94,Acoustic Grand Piano _ 1
61.38561006770834,0.21286226562499877,62,120,Piano LH,28818,94,Acoustic Grand Piano _ 1
61.59847233333334,0.20833328124999895,53,120,Piano LH,28912,92,Acoustic Grand Piano _ 1
61.82039256770834,0.21286226562500588,55,120,Piano LH,29010,94,Acoustic Grand Piano _ 1
62.037783817708345,0.21286226562499877,64,120,Piano LH,29106,94,Acoustic Grand Piano _ 1
62.25517506770834,0.21286226562499877,55,120,Piano LH,29202,94,Acoustic Grand Piano _ 1
62.46803733333334,0.20833328124999895,64,120,Piano LH,29296,92,Acoustic Grand Piano _ 1
62.68542858333334,0.20833328124999895,55,120,Piano LH,29392,92,Acoustic Grand Piano _ 1
62.90734881770834,0.21286226562500588,65,120,Piano LH,29490,94,Acoustic Grand Piano _ 1
63.120211083333345,0.20833328124999895,60,120,Piano LH,29584,92,Acoustic Grand Piano _ 1
63.120211083333345,0.20833328124999895,64,120,Piano LH,29584,92,Acoustic Grand Piano _ 1
63.77238483333334,0.20833328124999895,67,120,Piano LH,29872,92,Acoustic Grand Piano _ 1
63.77691381770834,0.21286226562499877,65,120,Piano LH,29874,94,Acoustic Grand Piano _ 1
63.98977608333334,0.20833328125000605,64,120,Piano LH,29968,92,Acoustic Grand Piano _ 1
63.99430506770834,0.21286226562500588,67,120,Piano LH,29970,94,Acoustic Grand Piano _ 1
64.20716733333335,0.20833328124999184,62,120,Piano LH,30064,92,Acoustic Grand Piano _ 1
64.20716733333335,0.20833328124999184,67,120,Piano LH,30064,92,Acoustic Grand Piano _ 1
64.21169631770834,0.21286226562499166,65,120,Piano LH,30066,94,Acoustic Grand Piano _ 1
64.42455858333334,0.20833328125000605,60,120,Piano LH,30160,92,Acoustic Grand Piano _ 1
64.42908756770834,0.21286226562500588,64,120,Piano LH,30162,94,Acoustic Grand Piano _ 1
64.42908756770834,0.21286226562500588,67,120,Piano LH,30162,94,Acoustic Grand Piano _ 1
64.85934108333333,0.42572453125001175,57,120,Piano LH,30352,188,Acoustic Grand Piano _ 1
64.86387006770835,0.43025351562499736,53,120,Piano LH,30354,190,Acoustic Grand Piano _ 1
65.29865256770834,0.21286226562499166,59,120,Piano LH,30546,94,Acoustic Grand Piano _ 1
65.29865256770834,0.21286226562499166,55,120,Piano LH,30546,94,Acoustic Grand Piano _ 1
65.73343506770834,0.21286226562500588,60,120,Piano LH,30738,94,Acoustic Grand Piano _ 1
66.38107983333335,0.20833328124999184,67,120,Piano LH,31024,92,Acoustic Grand Piano _ 1
66.38560881770834,0.21286226562499166,65,120,Piano LH,31026,94,Acoustic Grand Piano _ 1
66.59847108333334,0.20833328125000605,64,120,Piano LH,31120,92,Acoustic Grand Piano _ 1
66.59847108333334,0.20833328125000605,67,120,Piano LH,31120,92,Acoustic Grand Piano _ 1
66.81586233333334,0.20833328124999184,65,120,Piano LH,31216,92,Acoustic Grand Piano _ 1
66.81586233333334,0.20833328124999184,62,120,Piano LH,31216,92,Acoustic Grand Piano _ 1
66.82039131770834,0.21286226562499166,67,120,Piano LH,31218,94,Acoustic Grand Piano _ 1
67.03325358333333,0.20833328125000605,67,120,Piano LH,31312,92,Acoustic Grand Piano _ 1
67.03325358333333,0.20833328125000605,60,120,Piano LH,31312,92,Acoustic Grand Piano _ 1
67.03778256770835,0.21286226562499166,64,120,Piano LH,31314,94,Acoustic Grand Piano _ 1
67.47256506770835,0.21286226562499166,53,120,Piano LH,31506,94,Acoustic Grand Piano _ 1
67.47256506770835,0.21286226562499166,57,120,Piano LH,31506,94,Acoustic Grand Piano _ 1
67.90734756770834,0.21286226562500588,59,120,Piano LH,31698,94,Acoustic Grand Piano _ 1
67.90734756770834,0.21286226562500588,55,120,Piano LH,31698,94,Acoustic Grand Piano _ 1
68.33760108333334,0.42572453124999754,59,120,Piano LH,31888,188,Acoustic Grand Piano _ 1
68.34213006770834,0.43025351562499736,56,120,Piano LH,31890,190,Acoustic Grand Piano _ 1
72.70346716666667,0.3124998020833374,75,120,Piano LH,33520,92,Acoustic Grand Piano _ 1
73.02955391666667,0.3124998020833232,76,120,Piano LH,33616,92,Acoustic Grand Piano _ 1
74.012060125,0.3018229166666515,75,120,Piano LH,33906,94,Acoustic Grand Piano _ 1
74.32013304166667,0.27882445833331815,76,120,Piano LH,34002,94,Acoustic Grand Piano _ 1
76.1162494583333,0.18914457291666054,45,120,Piano LH,34768,92,Acoustic Grand Piano _ 1
76.3136177083333,0.18914457291666054,52,120,Piano LH,34864,92,Acoustic Grand Piano _ 1
76.5109859583333,0.18914457291667475,57,120,Piano LH,34960,92,Acoustic Grand Piano _ 1
77.30457079687497,0.1932564114583215,40,120,Piano LH,35346,94,Acoustic Grand Piano _ 1
77.49782720833329,0.18914457291667475,52,120,Piano LH,35440,92,Acoustic Grand Piano _ 1
77.6951954583333,0.18914457291666054,56,120,Piano LH,35536,92,Acoustic Grand Piano _ 1
78.4846684583333,0.18914457291666054,45,120,Piano LH,35920,92,Acoustic Grand Piano _ 1
78.68614854687496,0.19325641145833572,52,120,Piano LH,36018,94,Acoustic Grand Piano _ 1
78.8794049583333,0.18914457291666054,57,120,Piano LH,36112,92,Acoustic Grand Piano _ 1
80.85308745833329,0.18914457291667475,45,120,Piano LH,37072,92,Acoustic Grand Piano _ 1
81.05456754687496,0.19325641145833572,52,120,Piano LH,37170,94,Acoustic Grand Piano _ 1
81.25193579687496,0.19325641145833572,57,120,Piano LH,37266,94,Acoustic Grand Piano _ 1
82.04140879687496,0.19325641145833572,40,120,Piano LH,37650,94,Acoustic Grand Piano _ 1
82.2346652083333,0.18914457291666054,52,120,Piano LH,37744,92,Acoustic Grand Piano _ 1
82.4320334583333,0.18914457291667475,56,120,Piano LH,37840,92,Acoustic Grand Piano _ 1
83.22561829687496,0.19325641145833572,45,120,Piano LH,38226,94,Acoustic Grand Piano _ 1
83.41887470833329,0.18914457291667475,52,120,Piano LH,38320,92,Acoustic Grand Piano _ 1
83.62035479687496,0.19325641145833572,57,120,Piano LH,38418,94,Acoustic Grand Piano _ 1
84.40982779687496,0.19325641145833572,48,120,Piano LH,38802,94,Acoustic Grand Piano _ 1
84.6030842083333,0.18914457291666054,55,120,Piano LH,38896,92,Acoustic Grand Piano _ 1
84.80456429687496,0.19325641145833572,60,120,Piano LH,38994,94,Acoustic Grand Piano _ 1
85.5899254583333,0.18914457291666054,43,120,Piano LH,39376,92,Acoustic Grand Piano _ 1
85.79140554687497,0.1932564114583215,55,120,Piano LH,39474,94,Acoustic Grand Piano _ 1
85.98466195833329,0.18914457291667475,59,120,Piano LH,39568,92,Acoustic Grand Piano _ 1
86.77413495833329,0.18914457291667475,45,120,Piano LH,39952,92,Acoustic Grand Piano _ 1
86.97561504687496,0.19325641145833572,52,120,Piano LH,40050,94,Acoustic Grand Piano _ 1
87.1688714583333,0.18914457291666054,57,120,Piano LH,40144,92,Acoustic Grand Piano _ 1
87.9583444583333,0.18914457291666054,40,120,Piano LH,40528,92,Acoustic Grand Piano _ 1
88.15982454687496,0.19325641145833572,52,120,Piano LH,40626,94,Acoustic Grand Piano _ 1
88.3530809583333,0.18914457291667475,64,120,Piano LH,40720,92,Acoustic Grand Piano _ 1
88.9451857083333,0.18914457291666054,64,120,Piano LH,41008,92,Acoustic Grand Piano _ 1
89.1425539583333,0.18914457291667475,76,120,Piano LH,41104,92,Acoustic Grand Piano _ 1
89.7346587083333,0.18914457291666054,75,120,Piano LH,41392,92,Acoustic Grand Piano _ 1
89.9320269583333,0.18914457291666054,76,120,Piano LH,41488,92,Acoustic Grand Piano _ 1
90.5241317083333,0.18914457291666054,75,120,Piano LH,41776,92,Acoustic Grand Piano _ 1
90.7214999583333,0.18914457291666054,76,120,Piano LH,41872,92,Acoustic Grand Piano _ 1
92.69929429687497,0.1932564114583215,45,120,Piano LH,42834,94,Acoustic Grand Piano _ 1
92.89255070833329,0.18914457291667475,52,120,Piano LH,42928,92,Acoustic Grand Piano _ 1
93.09403079687496,0.19325641145833572,57,120,Piano LH,43026,94,Acoustic Grand Piano _ 1
93.8793919583333,0.18914457291666054,40,120,Piano LH,43408,92,Acoustic Grand Piano _ 1
94.0767602083333,0.18914457291666054,52,120,Piano LH,43504,92,Acoustic Grand Piano _ 1
94.27824029687497,0.1932564114583215,56,120,Piano LH,43602,94,Acoustic Grand Piano _ 1
95.06771329687496,0.19325641145833572,45,120,Piano LH,43986,94,Acoustic Grand Piano _ 1
95.26508154687497,0.1932564114583215,52,120,Piano LH,44082,94,Acoustic Grand Piano _ 1
95.46244979687496,0.19325641145833572,57,120,Piano LH,44178,94,Acoustic Grand Piano _ 1
97.4320204583333,0.18914457291666054,45,120,Piano LH,45136,92,Acoustic Grand Piano _ 1
97.6293887083333,0.18914457291666054,52,120,Piano LH,45232,92,Acoustic Grand Piano _ 1
97.83086879687497,0.19325641145833572,57,120,Piano LH,45330,94,Acoustic Grand Piano _ 1
98.61622995833329,0.18914457291667475,40,120,Piano LH,45712,92,Acoustic Grand Piano _ 1
98.8135982083333,0.18914457291666054,52,120,Piano LH,45808,92,Acoustic Grand Piano _ 1
99.0109664583333,0.18914457291666054,56,120,Piano LH,45904,92,Acoustic Grand Piano _ 1
99.8004394583333,0.18914457291666054,45,120,Piano LH,46288,92,Acoustic Grand Piano _ 1
100.00191954687496,0.19325641145833572,45,120,Piano LH,46386,94,Acoustic Grand Piano _ 1
100.1951759583333,0.18914457291667475,45,120,Piano LH,46480,92,Acoustic Grand Piano _ 1
100.3925442083333,0.18914457291666054,45,120,Piano LH,46576,92,Acoustic Grand Piano _ 1
100.59402429687496,0.19325641145833572,45,120,Piano LH,46674,94,Acoustic Grand Piano _ 1
100.79139254687496,0.19325641145833572,45,120,Piano LH,46770,94,Acoustic Grand Piano _ 1
100.98876079687497,0.1932564114583215,45,120,Piano LH,46866,94,Acoustic Grand Piano _ 1
101.18201720833329,0.18914457291667475,45,120,Piano LH,46960,92,Acoustic Grand Piano _ 1
101.38349729687496,0.19325641145833572,45,120,Piano LH,47058,94,Acoustic Grand Piano _ 1
101.58086554687496,0.19325641145833572,45,120,Piano LH,47154,94,Acoustic Grand Piano _ 1
101.7741219583333,0.18914457291666054,45,120,Piano LH,47248,92,Acoustic Grand Piano _ 1
101.9714902083333,0.18914457291667475,45,120,Piano LH,47344,92,Acoustic Grand Piano _ 1
102.16885845833329,0.18914457291667475,45,120,Piano LH,47440,92,Acoustic Grand Piano _ 1
102.3662267083333,0.18914457291666054,45,120,Piano LH,47536,92,Acoustic Grand Piano _ 1
102.56770679687497,0.1932564114583215,45,120,Piano LH,47634,94,Acoustic Grand Piano _ 1
102.7609632083333,0.18914457291667475,45,120,Piano LH,47728,92,Acoustic Grand Piano _ 1
102.9583314583333,0.18914457291666054,45,120,Piano LH,47824,92,Acoustic Grand Piano _ 1
103.1556997083333,0.18914457291666054,45,120,Piano LH,47920,92,Acoustic Grand Piano _ 1
103.3530679583333,0.18914457291666054,45,120,Piano LH,48016,92,Acoustic Grand Piano _ 1
103.5504362083333,0.18914457291667475,45,120,Piano LH,48112,92,Acoustic Grand Piano _ 1
103.75191629687497,0.19325641145833572,45,120,Piano LH,48210,94,Acoustic Grand Piano _ 1
103.9451727083333,0.18914457291666054,45,120,Piano LH,48304,92,Acoustic Grand Piano _ 1
104.14665279687496,0.19325641145833572,45,120,Piano LH,48402,94,Acoustic Grand Piano _ 1
104.3399092083333,0.18914457291666054,45,120,Piano LH,48496,92,Acoustic Grand Piano _ 1
104.54138929687497,0.1932564114583215,45,120,Piano LH,48594,94,Acoustic Grand Piano _ 1
104.73464570833329,0.18914457291667475,45,120,Piano LH,48688,92,Acoustic Grand Piano _ 1
104.93612579687496,0.19325641145833572,45,120,Piano LH,48786,94,Acoustic Grand Piano _ 1
105.1293822083333,0.18914457291667475,45,120,Piano LH,48880,92,Acoustic Grand Piano _ 1
105.33086229687497,0.19325641145833572,45,120,Piano LH,48978,94,Acoustic Grand Piano _ 1
105.5241187083333,0.18914457291666054,45,120,Piano LH,49072,92,Acoustic Grand Piano _ 1
105.72559879687496,0.19325641145833572,45,120,Piano LH,49170,94,Acoustic Grand Piano _ 1
105.72559879687496,0.19325641145833572,38,120,Piano LH,49170,94,Acoustic Grand Piano _ 1
105.92296704687496,0.19325641145833572,45,120,Piano LH,49266,94,Acoustic Grand Piano _ 1
105.92296704687496,0.19325641145833572,38,120,Piano LH,49266,94,Acoustic Grand Piano _ 1
106.1162234583333,0.18914457291667475,38,120,Piano LH,49360,92,Acoustic Grand Piano _ 1
106.12033529687497,0.1932564114583215,45,120,Piano LH,49362,94,Acoustic Grand Piano _ 1
106.31770354687497,0.19325641145833572,38,120,Piano LH,49458,94,Acoustic Grand Piano _ 1
106.31770354687497,0.19325641145833572,45,120,Piano LH,49458,94,Acoustic Grand Piano _ 1
106.5109599583333,0.18914457291666054,45,120,Piano LH,49552,92,Acoustic Grand Piano _ 1
106.51507179687496,0.19325641145833572,38,120,Piano LH,49554,94,Acoustic Grand Piano _ 1
106.7083282083333,0.18914457291666054,45,120,Piano LH,49648,92,Acoustic Grand Piano _ 1
106.71244004687496,0.19325641145833572,38,120,Piano LH,49650,94,Acoustic Grand Piano _ 1
106.90980829687496,0.19325641145833572,39,120,Piano LH,49746,94,Acoustic Grand Piano _ 1
106.90980829687496,0.19325641145833572,45,120,Piano LH,49746,94,Acoustic Grand Piano _ 1
107.10306470833329,0.18914457291667475,45,120,Piano LH,49840,92,Acoustic Grand Piano _ 1
107.10717654687497,0.1932564114583215,39,120,Piano LH,49842,94,Acoustic Grand Piano _ 1
107.30454479687496,0.19325641145833572,45,120,Piano LH,49938,94,Acoustic Grand Piano _ 1
107.30454479687496,0.19325641145833572,39,120,Piano LH,49938,94,Acoustic Grand Piano _ 1
107.4978012083333,0.18914457291666054,39,120,Piano LH,50032,92,Acoustic Grand Piano _ 1
107.4978012083333,0.18914457291666054,45,120,Piano LH,50032,92,Acoustic Grand Piano _ 1
107.6951694583333,0.18914457291667475,45,120,Piano LH,50128,92,Acoustic Grand Piano _ 1
107.69928129687497,0.1932564114583215,39,120,Piano LH,50130,94,Acoustic Grand Piano _ 1
107.8925377083333,0.18914457291666054,39,120,Piano LH,50224,92,Acoustic Grand Piano _ 1
107.8925377083333,0.18914457291666054,45,120,Piano LH,50224,92,Acoustic Grand Piano _ 1
108.0899059583333,0.18914457291666054,45,120,Piano LH,50320,92,Acoustic Grand Piano _ 1
108.0899059583333,0.18914457291666054,40,120,Piano LH,50320,92,Acoustic Grand Piano _ 1
108.29138604687496,0.19325641145833572,45,120,Piano LH,50418,94,Acoustic Grand Piano _ 1
108.29138604687496,0.19325641145833572,40,120,Piano LH,50418,94,Acoustic Grand Piano _ 1
108.4846424583333,0.18914457291666054,40,120,Piano LH,50512,92,Acoustic Grand Piano _ 1
108.48875429687496,0.19325641145833572,45,120,Piano LH,50514,94,Acoustic Grand Piano _ 1
108.6820107083333,0.18914457291667475,40,120,Piano LH,50608,92,Acoustic Grand Piano _ 1
108.68612254687497,0.1932564114583215,45,120,Piano LH,50610,94,Acoustic Grand Piano _ 1
108.87937895833329,0.18914457291667475,44,120,Piano LH,50704,92,Acoustic Grand Piano _ 1
108.87937895833329,0.18914457291667475,40,120,Piano LH,50704,92,Acoustic Grand Piano _ 1
109.08085904687496,0.19325641145833572,44,120,Piano LH,50802,94,Acoustic Grand Piano _ 1
109.08085904687496,0.19325641145833572,40,120,Piano LH,50802,94,Acoustic Grand Piano _ 1
109.2741154583333,0.18914457291667475,45,120,Piano LH,50896,92,Acoustic Grand Piano _ 1
109.2741154583333,0.38651282291665723,33,120,Piano LH,50896,188,Acoustic Grand Piano _ 1
109.4714837083333,0.18914457291666054,45,120,Piano LH,50992,92,Acoustic Grand Piano _ 1
109.67296379687497,0.1932564114583215,45,120,Piano LH,51090,94,Acoustic Grand Piano _ 1
109.87033204687496,0.19325641145833572,45,120,Piano LH,51186,94,Acoustic Grand Piano _ 1
110.06770029687496,0.19325641145833572,45,120,Piano LH,51282,94,Acoustic Grand Piano _ 1
110.26506854687497,0.1932564114583215,45,120,Piano LH,51378,94,Acoustic Grand Piano _ 1
110.46243679687495,0.19325641145834993,45,120,Piano LH,51474,94,Acoustic Grand Piano _ 1
110.65980504687496,0.19325641145833572,45,120,Piano LH,51570,94,Acoustic Grand Piano _ 1
110.85717329687496,0.19325641145833572,45,120,Piano LH,51666,94,Acoustic Grand Piano _ 1
111.05454154687496,0.19325641145834993,45,120,Piano LH,51762,94,Acoustic Grand Piano _ 1
111.24779795833331,0.18914457291666054,45,120,Piano LH,51856,92,Acoustic Grand Piano _ 1
111.44516620833329,0.18914457291667475,45,120,Piano LH,51952,92,Acoustic Grand Piano _ 1
111.6425344583333,0.18914457291666054,45,120,Piano LH,52048,92,Acoustic Grand Piano _ 1
111.84401454687497,0.1932564114583215,45,120,Piano LH,52146,94,Acoustic Grand Piano _ 1
112.04138279687496,0.19325641145834993,45,120,Piano LH,52242,94,Acoustic Grand Piano _ 1
112.23875104687497,0.1932564114583215,45,120,Piano LH,52338,94,Acoustic Grand Piano _ 1
112.43611929687496,0.19325641145833572,45,120,Piano LH,52434,94,Acoustic Grand Piano _ 1
112.63348754687496,0.19325641145833572,45,120,Piano LH,52530,94,Acoustic Grand Piano _ 1
112.83085579687497,0.1932564114583215,45,120,Piano LH,52626,94,Acoustic Grand Piano _ 1
113.02822404687497,0.19325641145833572,45,120,Piano LH,52722,94,Acoustic Grand Piano _ 1
113.2214804583333,0.18914457291666054,45,120,Piano LH,52816,92,Acoustic Grand Piano _ 1
113.4188487083333,0.18914457291667475,45,120,Piano LH,52912,92,Acoustic Grand Piano _ 1
113.62032879687496,0.19325641145834993,45,120,Piano LH,53010,94,Acoustic Grand Piano _ 1
113.81358520833331,0.18914457291666054,45,120,Piano LH,53104,92,Acoustic Grand Piano _ 1
114.01095345833329,0.18914457291667475,46,120,Piano LH,53200,92,Acoustic Grand Piano _ 1
114.21243354687496,0.19325641145833572,46,120,Piano LH,53298,94,Acoustic Grand Piano _ 1
114.4056899583333,0.18914457291667475,46,120,Piano LH,53392,92,Acoustic Grand Piano _ 1
114.6030582083333,0.18914457291666054,46,120,Piano LH,53488,92,Acoustic Grand Piano _ 1
114.80453829687497,0.1932564114583215,46,120,Piano LH,53586,94,Acoustic Grand Piano _ 1
115.00190654687496,0.19325641145833572,46,120,Piano LH,53682,94,Acoustic Grand Piano _ 1
115.19927479687496,0.19325641145833572,46,120,Piano LH,53778,94,Acoustic Grand Piano _ 1
115.3925312083333,0.18914457291667475,46,120,Piano LH,53872,92,Acoustic Grand Piano _ 1
115.59401129687497,0.19325641145833572,46,120,Piano LH,53970,94,Acoustic Grand Piano _ 1
115.7872677083333,0.18914457291666054,46,120,Piano LH,54064,92,Acoustic Grand Piano _ 1
115.9846359583333,0.18914457291667475,46,120,Piano LH,54160,92,Acoustic Grand Piano _ 1
116.1820042083333,0.18914457291666054,46,120,Piano LH,54256,92,Acoustic Grand Piano _ 1
116.38348429687497,0.1932564114583215,46,120,Piano LH,54354,94,Acoustic Grand Piano _ 1
116.57674070833329,0.18914457291667475,46,120,Piano LH,54448,92,Acoustic Grand Piano _ 1
116.7741089583333,0.18914457291666054,46,120,Piano LH,54544,92,Acoustic Grand Piano _ 1
116.9714772083333,0.18914457291667475,46,120,Piano LH,54640,92,Acoustic Grand Piano _ 1
117.17295729687496,0.19325641145834993,46,120,Piano LH,54738,94,Acoustic Grand Piano _ 1
117.37032554687497,0.1932564114583215,46,120,Piano LH,54834,94,Acoustic Grand Piano _ 1
117.56358195833329,0.18914457291667475,47,120,Piano LH,54928,92,Acoustic Grand Piano _ 1
117.7609502083333,0.18914457291666054,47,120,Piano LH,55024,92,Acoustic Grand Piano _ 1
117.96243029687497,0.1932564114583215,47,120,Piano LH,55122,94,Acoustic Grand Piano _ 1
118.15568670833329,0.18914457291667475,47,120,Piano LH,55216,92,Acoustic Grand Piano _ 1
118.35716679687496,0.19325641145833572,47,120,Piano LH,55314,94,Acoustic Grand Piano _ 1
118.5504232083333,0.18914457291667475,47,120,Piano LH,55408,92,Acoustic Grand Piano _ 1
118.7477914583333,0.38651282291667144,48,120,Piano LH,55504,188,Acoustic Grand Piano _ 1
119.9320009583333,0.38651282291665723,52,120,Piano LH,56080,188,Acoustic Grand Piano _ 1
119.9320009583333,0.38651282291665723,56,120,Piano LH,56080,188,Acoustic Grand Piano _ 1
121.12032229687497,0.3906246614583324,33,120,Piano LH,56658,190,Acoustic Grand Piano _ 1
121.90979529687496,0.19818916145833043,64,120,Piano LH,57042,94,Acoustic Grand Piano _ 1
121.90979529687496,0.19818916145833043,57,120,Piano LH,57042,94,Acoustic Grand Piano _ 1
121.90979529687496,0.40852111979167205,60,120,Piano LH,57042,190,Acoustic Grand Piano _ 1
122.32284540104163,0.21610689062499944,64,120,Piano LH,57234,94,Acoustic Grand Piano _ 1
122.32284540104163,0.21610689062499944,57,120,Piano LH,57234,94,Acoustic Grand Piano _ 1
122.32284540104163,0.21610689062499944,60,120,Piano LH,57234,94,Acoustic Grand Piano _ 1
123.26661679166664,0.2557386562500028,57,120,Piano LH,57616,92,Acoustic Grand Piano _ 1
123.26661679166664,0.2557386562500028,60,120,Piano LH,57616,92,Acoustic Grand Piano _ 1
123.27209924479163,0.2616198385416766,64,120,Piano LH,57618,94,Acoustic Grand Piano _ 1
123.8064463333333,0.26136361458334534,64,120,Piano LH,57808,92,Acoustic Grand Piano _ 1
123.8064463333333,0.26136361458334534,57,120,Piano LH,57808,92,Acoustic Grand Piano _ 1
123.8064463333333,0.26136361458334534,60,120,Piano LH,57808,92,Acoustic Grand Piano _ 1
124.9238623333333,0.27122630208333476,64,120,Piano LH,58192,92,Acoustic Grand Piano _ 1
124.9238623333333,0.27122630208333476,60,120,Piano LH,58192,92,Acoustic Grand Piano _ 1
124.92975855729163,0.27712252604166565,57,120,Piano LH,58194,94,Acoustic Grand Piano _ 1
125.4898998333333,0.27122630208333476,60,120,Piano LH,58384,92,Acoustic Grand Piano _ 1
125.4898998333333,0.27122630208333476,64,120,Piano LH,58384,92,Acoustic Grand Piano _ 1
125.49579605729164,0.27712252604166565,57,120,Piano LH,58386,94,Acoustic Grand Piano _ 1
129.8747885,0.19166666666666288,45,120,Piano LH,60112,92,Acoustic Grand Piano _ 1
130.07895516666665,0.19583333333332575,52,120,Piano LH,60210,94,Acoustic Grand Piano _ 1
130.27895516666666,0.19583333333332575,57,120,Piano LH,60306,94,Acoustic Grand Piano _ 1
131.07478849999998,0.19166666666666288,40,120,Piano LH,60688,92,Acoustic Grand Piano _ 1
131.27895516666666,0.19583333333332575,52,120,Piano LH,60786,94,Acoustic Grand Piano _ 1
131.4747885,0.19166666666666288,56,120,Piano LH,60880,92,Acoustic Grand Piano _ 1
132.27478849999997,0.1916666666666913,45,120,Piano LH,61264,92,Acoustic Grand Piano _ 1
132.4747885,0.19166666666666288,52,120,Piano LH,61360,92,Acoustic Grand Piano _ 1
132.67478849999998,0.19166666666666288,57,120,Piano LH,61456,92,Acoustic Grand Piano _ 1
134.67478849999998,0.19166666666666288,45,120,Piano LH,62416,92,Acoustic Grand Piano _ 1
134.87895516666666,0.19583333333332575,52,120,Piano LH,62514,94,Acoustic Grand Piano _ 1
135.07895516666665,0.19583333333332575,57,120,Piano LH,62610,94,Acoustic Grand Piano _ 1
135.8747885,0.19166666666666288,40,120,Piano LH,62992,92,Acoustic Grand Piano _ 1
136.07895516666665,0.19583333333332575,52,120,Piano LH,63090,94,Acoustic Grand Piano _ 1
136.27478849999997,0.1916666666666913,56,120,Piano LH,63184,92,Acoustic Grand Piano _ 1
137.07895516666665,0.19583333333332575,45,120,Piano LH,63570,94,Acoustic Grand Piano _ 1
137.27895516666666,0.19583333333332575,52,120,Piano LH,63666,94,Acoustic Grand Piano _ 1
137.47895516666665,0.19583333333332575,57,120,Piano LH,63762,94,Acoustic Grand Piano _ 1
138.27895516666663,0.19583333333335418,48,120,Piano LH,64146,94,Acoustic Grand Piano _ 1
138.47895516666665,0.19583333333332575,55,120,Piano LH,64242,94,Acoustic Grand Piano _ 1
138.67895516666664,0.19583333333335418,60,120,Piano LH,64338,94,Acoustic Grand Piano _ 1
139.47895516666665,0.19583333333332575,43,120,Piano LH,64722,94,Acoustic Grand Piano _ 1
139.67895516666664,0.19583333333335418,55,120,Piano LH,64818,94,Acoustic Grand Piano _ 1
139.8747885,0.19166666666666288,59,120,Piano LH,64912,92,Acoustic Grand Piano _ 1
140.67478849999998,0.19166666666666288,45,120,Piano LH,65296,92,Acoustic Grand Piano _ 1
140.8747885,0.19166666666666288,52,120,Piano LH,65392,92,Acoustic Grand Piano _ 1
141.07478849999998,0.19166666666666288,57,120,Piano LH,65488,92,Acoustic Grand Piano _ 1
141.8747885,0.19166666666666288,40,120,Piano LH,65872,92,Acoustic Grand Piano _ 1
142.07895516666665,0.19583333333332575,52,120,Piano LH,65970,94,Acoustic Grand Piano _ 1
142.27478849999997,0.19166666666666288,64,120,Piano LH,66064,92,Acoustic Grand Piano _ 1
142.8747885,0.19166666666666288,64,120,Piano LH,66352,92,Acoustic Grand Piano _ 1
143.07895516666665,0.19583333333332575,76,120,Piano LH,66450,94,Acoustic Grand Piano _ 1
143.67478849999998,0.19166666666666288,75,120,Piano LH,66736,92,Acoustic Grand Piano _ 1
143.87895516666666,0.19583333333332575,76,120,Piano LH,66834,94,Acoustic Grand Piano _ 1
144.47895516666665,0.19583333333332575,75,120,Piano LH,67122,94,Acoustic Grand Piano _ 1
144.67895516666664,0.19583333333335418,76,120,Piano LH,67218,94,Acoustic Grand Piano _ 1
146.67895516666664,0.19583333333335418,45,120,Piano LH,68178,94,Acoustic Grand Piano _ 1
146.8747885,0.19166666666666288,52,120,Piano LH,68272,92,Acoustic Grand Piano _ 1
147.07895516666665,0.19583333333332575,57,120,Piano LH,68370,94,Acoustic Grand Piano _ 1
147.87895516666666,0.19583333333332575,40,120,Piano LH,68754,94,Acoustic Grand Piano _ 1
148.07478849999998,0.19166666666666288,52,120,Piano LH,68848,92,Acoustic Grand Piano _ 1
148.27895516666663,0.19583333333335418,56,120,Piano LH,68946,94,Acoustic Grand Piano _ 1
149.07478849999998,0.19166666666666288,45,120,Piano LH,69328,92,Acoustic Grand Piano _ 1
149.27478849999997,0.19166666666666288,52,120,Piano LH,69424,92,Acoustic Grand Piano _ 1
149.47895516666665,0.19583333333332575,57,120,Piano LH,69522,94,Acoustic Grand Piano _ 1
151.4747885,0.19417798958335197,45,120,Piano LH,70480,92,Acoustic Grand Piano _ 1
151.677528125,0.19775003124999557,52,120,Piano LH,70576,92,Acoustic Grand Piano _ 1
151.888298984375,0.20399297395834992,57,120,Piano LH,70674,94,Acoustic Grand Piano _ 1
152.72724270833336,0.20833328124999184,40,120,Piano LH,71056,92,Acoustic Grand Piano _ 1
152.94463395833336,0.2102259791666654,52,120,Piano LH,71152,92,Acoustic Grand Piano _ 1
153.16418829166668,0.2145521458333235,56,120,Piano LH,71248,92,Acoustic Grand Piano _ 1
154.07474320833333,0.9495219791666614,45,120,Piano LH,71632,380,Acoustic Grand Piano _ 1
154.07962602083333,0.9548850625000114,33,120,Piano LH,71634,382,Acoustic Grand Piano _ 1
0.0,0.19166666666666668,76,120,Piano RH,16,92,Acoustic Grand Piano _ 2
0.20416666666666666,0.19583333333333336,75,120,Piano RH,114,94,Acoustic Grand Piano _ 2
0.4,0.19166666666666665,76,120,Piano RH,208,92,Acoustic Grand Piano _ 2
0.6,0.19166666666666665,75,120,Piano RH,304,92,Acoustic Grand Piano _ 2
0.8,0.19166666666666654,76,120,Piano RH,400,92,Acoustic Grand Piano _ 2
0.9999999999999999,0.19166666666666687,71,120,Piano RH,496,92,Acoustic Grand Piano _ 2
1.2041666666666666,0.1958333333333333,74,120,Piano RH,594,94,Acoustic Grand Piano _ 2
1.4041666666666666,0.1958333333333333,72,120,Piano RH,690,94,Acoustic Grand Piano _ 2
1.5999999999999999,0.3916666666666666,69,120,Piano RH,784,188,Acoustic Grand Piano _ 2
2.2,0.19166666666666643,60,120,Piano RH,1072,92,Acoustic Grand Piano _ 2
2.404166666666667,0.1958333333333333,64,120,Piano RH,1170,94,Acoustic Grand Piano _ 2
2.604166666666667,0.1958333333333333,69,120,Piano RH,1266,94,Acoustic Grand Piano _ 2
2.8000000000000003,0.3916666666666666,71,120,Piano RH,1360,188,Acoustic Grand Piano _ 2
3.404166666666667,0.1958333333333333,64,120,Piano RH,1650,94,Acoustic Grand Piano _ 2
3.6041666666666665,0.19583333333333375,68,120,Piano RH,1746,94,Acoustic Grand Piano _ 2
3.8000000000000003,0.19166666666666687,71,120,Piano RH,1840,92,Acoustic Grand Piano _ 2
4.0,0.3916666666666666,72,120,Piano RH,1936,188,Acoustic Grand Piano _ 2
4.6,0.19166666666666732,64,120,Piano RH,2224,92,Acoustic Grand Piano _ 2
4.8,0.19166666666666732,76,120,Piano RH,2320,92,Acoustic Grand Piano _ 2
5.0,0.19166666666666643,75,120,Piano RH,2416,92,Acoustic Grand Piano _ 2
5.2,0.19166666666666643,76,120,Piano RH,2512,92,Acoustic Grand Piano _ 2
5.404166666666667,0.19583333333333286,75,120,Piano RH,2610,94,Acoustic Grand Piano _ 2
5.6,0.19166666666666732,76,120,Piano RH,2704,92,Acoustic Grand Piano _ 2
5.8,0.19166666666666732,71,120,Piano RH,2800,92,Acoustic Grand Piano _ 2
6.004166666666666,0.19583333333333375,74,120,Piano RH,2898,94,Acoustic Grand Piano _ 2
6.2,0.19166666666666643,72,120,Piano RH,2992,92,Acoustic Grand Piano _ 2
6.4,0.3916666666666666,69,120,Piano RH,3088,188,Acoustic Grand Piano _ 2
7.004166666666666,0.19583333333333375,60,120,Piano RH,3378,94,Acoustic Grand Piano _ 2
7.2,0.19166666666666643,64,120,Piano RH,3472,92,Acoustic Grand Piano _ 2
7.404166666666667,0.19583333333333286,69,120,Piano RH,3570,94,Acoustic Grand Piano _ 2
7.6,0.5916666666666668,71,120,Piano RH,3664,284,Acoustic Grand Piano _ 2
8.404166666666667,0.19583333333333286,72,120,Piano RH,4050,94,Acoustic Grand Piano _ 2
8.2,0.5916666666666668,62,120,Piano RH,3952,284,Acoustic Grand Piano _ 2
8.6,0.19166666666666643,71,120,Piano RH,4144,92,Acoustic Grand Piano _ 2
8.8,0.3916666666666657,69,120,Piano RH,4240,188,Acoustic Grand Piano _ 2
8.804166666666667,0.39583333333333215,60,120,Piano RH,4242,190,Acoustic Grand Piano _ 2
9.604166666666666,0.19904862499999965,76,120,Piano RH,4626,94,Acoustic Grand Piano _ 2
9.803215291666666,0.2047823645833322,75,120,Piano RH,4720,92,Acoustic Grand Piano _ 2
10.021584609374997,0.21286226562500055,76,120,Piano RH,4818,94,Acoustic Grand Piano _ 2
10.234446874999998,0.20833328125000072,75,120,Piano RH,4912,92,Acoustic Grand Piano _ 2
10.456367109374998,0.21286226562499877,76,120,Piano RH,5010,94,Acoustic Grand Piano _ 2
10.673630781249997,0.19977859374999873,71,120,Piano RH,5106,94,Acoustic Grand Piano _ 2
10.873409374999996,0.19166666666666643,74,120,Piano RH,5200,92,Acoustic Grand Piano _ 2
11.073409374999995,0.19166666666666643,72,120,Piano RH,5296,92,Acoustic Grand Piano _ 2
11.273409374999996,0.3916666666666657,69,120,Piano RH,5392,188,Acoustic Grand Piano _ 2
11.873409374999996,0.19166666666666643,60,120,Piano RH,5680,92,Acoustic Grand Piano _ 2
12.073409374999995,0.19166666666666643,64,120,Piano RH,5776,92,Acoustic Grand Piano _ 2
12.277576041666663,0.19583333333333286,69,120,Piano RH,5874,94,Acoustic Grand Piano _ 2
12.477576041666662,0.3958333333333339,71,120,Piano RH,5970,190,Acoustic Grand Piano _ 2
13.073409374999995,0.19166666666666643,64,120,Piano RH,6256,92,Acoustic Grand Piano _ 2
13.273409374999995,0.1916666666666682,68,120,Piano RH,6352,92,Acoustic Grand Piano _ 2
13.477576041666662,0.19583333333333286,71,120,Piano RH,6450,94,Acoustic Grand Piano _ 2
13.677576041666663,0.39583333333333215,72,120,Piano RH,6546,190,Acoustic Grand Piano _ 2
14.273409374999995,0.1916666666666682,64,120,Piano RH,6832,92,Acoustic Grand Piano _ 2
14.473409374999996,0.19166666666666643,76,120,Piano RH,6928,92,Acoustic Grand Piano _ 2
14.677576041666663,0.19583333333333286,75,120,Piano RH,7026,94,Acoustic Grand Piano _ 2
14.877576041666662,0.19583333333333286,76,120,Piano RH,7122,94,Acoustic Grand Piano _ 2
15.077576041666662,0.19583333333333286,75,120,Piano RH,7218,94,Acoustic Grand Piano _ 2
15.273409374999995,0.19166666666666643,76,120,Piano RH,7312,92,Acoustic Grand Piano _ 2
15.473409374999996,0.19166666666666643,71,120,Piano RH,7408,92,Acoustic Grand Piano _ 2
15.673409374999997,0.19166666666666643,74,120,Piano RH,7504,92,Acoustic Grand Piano _ 2
15.873409374999996,0.19166666666666643,72,120,Piano RH,7600,92,Acoustic Grand Piano _ 2
16.073409374999994,0.3916666666666657,69,120,Piano RH,7696,188,Acoustic Grand Piano _ 2
16.673409374999995,0.19166666666666643,60,120,Piano RH,7984,92,Acoustic Grand Piano _ 2
16.87757604166666,0.19583333333333286,64,120,Piano RH,8082,94,Acoustic Grand Piano _ 2
17.073409374999994,0.19166666666666643,69,120,Piano RH,8176,92,Acoustic Grand Piano _ 2
17.273409374999993,0.39166666666666927,71,120,Piano RH,8272,188,Acoustic Grand Piano _ 2
18.073409374999994,0.19166666666666643,72,120,Piano RH,8656,92,Acoustic Grand Piano _ 2
17.873409374999994,0.591666666666665,62,120,Piano RH,8560,284,Acoustic Grand Piano _ 2
18.273409374999993,0.19166666666666643,71,120,Piano RH,8752,92,Acoustic Grand Piano _ 2
18.473409374999992,0.3916666666666657,60,120,Piano RH,8848,188,Acoustic Grand Piano _ 2
18.473409374999992,0.3916666666666657,69,120,Piano RH,8848,188,Acoustic Grand Piano _ 2
19.073409374999994,0.19166666666666643,71,120,Piano RH,9136,92,Acoustic Grand Piano _ 2
19.273409374999993,0.19166666666666643,72,120,Piano RH,9232,92,Acoustic Grand Piano _ 2
19.473409374999992,0.19166666666666998,74,120,Piano RH,9328,92,Acoustic Grand Piano _ 2
19.677576041666658,0.595833333333335,76,120,Piano RH,9426,286,Acoustic Grand Piano _ 2
20.27757604166666,0.19583333333333286,67,120,Piano RH,9714,94,Acoustic Grand Piano _ 2
20.477576041666662,0.19583333333333286,77,120,Piano RH,9810,94,Acoustic Grand Piano _ 2
20.673409374999995,0.19166666666666288,76,120,Piano RH,9904,92,Acoustic Grand Piano _ 2
20.87757604166666,0.5958333333333314,74,120,Piano RH,10002,286,Acoustic Grand Piano _ 2
21.473409374999992,0.19166666666666998,65,120,Piano RH,10288,92,Acoustic Grand Piano _ 2
21.673409374999995,0.19166666666666288,76,120,Piano RH,10384,92,Acoustic Grand Piano _ 2
21.873409374999994,0.19166666666666643,74,120,Piano RH,10480,92,Acoustic Grand Piano _ 2
22.07757604166666,0.595833333333335,72,120,Piano RH,10578,286,Acoustic Grand Piano _ 2
22.673409374999995,0.19166666666666288,64,120,Piano RH,10864,92,Acoustic Grand Piano _ 2
22.87757604166666,0.19583333333333286,74,120,Piano RH,10962,94,Acoustic Grand Piano _ 2
23.073409374999994,0.19166666666666643,72,120,Piano RH,11056,92,Acoustic Grand Piano _ 2
23.273409374999993,0.19166666666666643,71,120,Piano RH,11152,92,Acoustic Grand Piano _ 2
23.87757604166666,0.19583333333333286,64,120,Piano RH,11442,94,Acoustic Grand Piano _ 2
24.07757604166666,0.19583333333333286,76,120,Piano RH,11538,94,Acoustic Grand Piano _ 2
24.677576041666658,0.1958333333333364,76,120,Piano RH,11826,94,Acoustic Grand Piano _ 2
24.87757604166666,0.19583333333333286,88,120,Piano RH,11922,94,Acoustic Grand Piano _ 2
25.473409374999992,0.19166666666666998,75,120,Piano RH,12208,92,Acoustic Grand Piano _ 2
25.673409374999995,0.19166666666666288,76,120,Piano RH,12304,92,Acoustic Grand Piano _ 2
26.273409374999993,0.19166666666666643,75,120,Piano RH,12592,92,Acoustic Grand Piano _ 2
26.47757604166666,0.19674654166666627,76,120,Piano RH,12690,94,Acoustic Grand Piano _ 2
26.678603401041656,0.20167409895833543,75,120,Piano RH,12786,94,Acoustic Grand Piano _ 2
26.884617776041654,0.2039929739583357,76,120,Piano RH,12882,94,Acoustic Grand Piano _ 2
27.092951026041657,0.20956097395832884,75,120,Piano RH,12978,94,Acoustic Grand Piano _ 2
27.302511999999986,0.22105729166666777,76,120,Piano RH,13072,92,Acoustic Grand Piano _ 2
27.538217729166654,0.2294921875,71,120,Piano RH,13170,94,Acoustic Grand Piano _ 2
27.767709916666654,0.224609375,74,120,Piano RH,13264,92,Acoustic Grand Piano _ 2
28.002084916666654,0.224609375,72,120,Piano RH,13360,92,Acoustic Grand Piano _ 2
28.241267604166655,0.4303884791666661,69,120,Piano RH,13458,190,Acoustic Grand Piano _ 2
28.879989333333324,0.19440629166666668,60,120,Piano RH,13744,92,Acoustic Grand Piano _ 2
29.082728958333327,0.19166666666666643,64,120,Piano RH,13840,92,Acoustic Grand Piano _ 2
29.282728958333326,0.19166666666666643,69,120,Piano RH,13936,92,Acoustic Grand Piano _ 2
29.486895624999992,0.39583333333333215,71,120,Piano RH,14034,190,Acoustic Grand Piano _ 2
30.086895624999993,0.19583333333333286,64,120,Piano RH,14322,94,Acoustic Grand Piano _ 2
30.282728958333326,0.19166666666666643,68,120,Piano RH,14416,92,Acoustic Grand Piano _ 2
30.482728958333325,0.19166666666666643,71,120,Piano RH,14512,92,Acoustic Grand Piano _ 2
30.68689562499999,0.39583333333333215,72,120,Piano RH,14610,190,Acoustic Grand Piano _ 2
31.282728958333326,0.19166666666666643,64,120,Piano RH,14896,92,Acoustic Grand Piano _ 2
31.482728958333325,0.19166666666666643,76,120,Piano RH,14992,92,Acoustic Grand Piano _ 2
31.68689562499999,0.19583333333333286,75,120,Piano RH,15090,94,Acoustic Grand Piano _ 2
31.882728958333324,0.19166666666666643,76,120,Piano RH,15184,92,Acoustic Grand Piano _ 2
32.086895625,0.19583333333333286,75,120,Piano RH,15282,94,Acoustic Grand Piano _ 2
32.28272895833333,0.19166666666666288,76,120,Piano RH,15376,92,Acoustic Grand Piano _ 2
32.482728958333325,0.19166666666666998,71,120,Piano RH,15472,92,Acoustic Grand Piano _ 2
32.68272895833333,0.19166666666666998,74,120,Piano RH,15568,92,Acoustic Grand Piano _ 2
32.886895624999994,0.19583333333333286,72,120,Piano RH,15666,94,Acoustic Grand Piano _ 2
33.086895625,0.3958333333333286,69,120,Piano RH,15762,190,Acoustic Grand Piano _ 2
33.686895625,0.19583333333333286,60,120,Piano RH,16050,94,Acoustic Grand Piano _ 2
33.886895624999994,0.19583333333333286,64,120,Piano RH,16146,94,Acoustic Grand Piano _ 2
34.08272895833333,0.19166666666666998,69,120,Piano RH,16240,92,Acoustic Grand Piano _ 2
34.28272895833333,0.3916666666666657,71,120,Piano RH,16336,188,Acoustic Grand Piano _ 2
35.08272895833333,0.19166666666666998,72,120,Piano RH,16720,92,Acoustic Grand Piano _ 2
34.886895624999994,0.5958333333333314,62,120,Piano RH,16626,286,Acoustic Grand Piano _ 2
35.28689562499999,0.19583333333333286,71,120,Piano RH,16818,94,Acoustic Grand Piano _ 2
35.482728958333325,0.3916666666666728,60,120,Piano RH,16912,188,Acoustic Grand Piano _ 2
35.486895624999995,0.3958333333333357,69,120,Piano RH,16914,190,Acoustic Grand Piano _ 2
36.08272895833333,0.19166666666666998,71,120,Piano RH,17200,92,Acoustic Grand Piano _ 2
36.28272895833333,0.19166666666666288,72,120,Piano RH,17296,92,Acoustic Grand Piano _ 2
36.482728958333325,0.19166666666666998,74,120,Piano RH,17392,92,Acoustic Grand Piano _ 2
36.68272895833333,0.5916666666666686,76,120,Piano RH,17488,284,Acoustic Grand Piano _ 2
37.28272895833333,0.19166666666666998,67,120,Piano RH,17776,92,Acoustic Grand Piano _ 2
37.486895624999995,0.19583333333333286,77,120,Piano RH,17874,94,Acoustic Grand Piano _ 2
37.68689562499999,0.19583333333333997,76,120,Piano RH,17970,94,Acoustic Grand Piano _ 2
37.886895624999994,0.5958333333333314,74,120,Piano RH,18066,286,Acoustic Grand Piano _ 2
38.482728958333325,0.19166666666666998,65,120,Piano RH,18352,92,Acoustic Grand Piano _ 2
38.68689562499999,0.19583333333333997,76,120,Piano RH,18450,94,Acoustic Grand Piano _ 2
38.886895624999994,0.19583333333333286,74,120,Piano RH,18546,94,Acoustic Grand Piano _ 2
39.086895625,0.5958333333333314,72,120,Piano RH,18642,286,Acoustic Grand Piano _ 2
39.68689562499999,0.19583333333333997,64,120,Piano RH,18930,94,Acoustic Grand Piano _ 2
39.886895624999994,0.19583333333333286,74,120,Piano RH,19026,94,Acoustic Grand Piano _ 2
40.08272895833333,0.19166666666666998,72,120,Piano RH,19120,92,Acoustic Grand Piano _ 2
40.28272895833333,0.2916666666666643,71,120,Piano RH,19216,140,Acoustic Grand Piano _ 2
40.88272895833333,0.09166666666666856,64,120,Piano RH,19504,44,Acoustic Grand Piano _ 2
41.086895625,0.19583333333333286,76,120,Piano RH,19602,94,Acoustic Grand Piano _ 2
41.68272895833333,0.09166666666666856,76,120,Piano RH,19888,44,Acoustic Grand Piano _ 2
41.886895624999994,0.09583333333333144,88,120,Piano RH,19986,46,Acoustic Grand Piano _ 2
42.482728958333325,0.09166666666666856,75,120,Piano RH,20272,44,Acoustic Grand Piano _ 2
42.68689562499999,0.19583333333333997,76,120,Piano RH,20370,94,Acoustic Grand Piano _ 2
43.28272895833333,0.09326478124999937,75,120,Piano RH,20656,44,Acoustic Grand Piano _ 2
43.488721999999996,0.20001947916667007,76,120,Piano RH,20752,92,Acoustic Grand Piano _ 2
43.70194569791666,0.10123234374999868,75,120,Piano RH,20850,46,Acoustic Grand Piano _ 2
43.91640265104166,0.2139438072916704,76,120,Piano RH,20946,94,Acoustic Grand Piano _ 2
44.13034645833333,0.2165612916666717,75,120,Piano RH,21040,92,Acoustic Grand Piano _ 2
44.356523125,0.22400837499999682,76,120,Piano RH,21136,92,Acoustic Grand Piano _ 2
44.595337442708335,0.23887805729166445,71,120,Piano RH,21234,94,Acoustic Grand Piano _ 2
44.8342155,0.23565560416666642,74,120,Piano RH,21328,92,Acoustic Grand Piano _ 2
45.080117,0.11270485416666531,72,120,Piano RH,21424,44,Acoustic Grand Piano _ 2
45.32907569270833,0.344230140625001,69,120,Piano RH,21522,142,Acoustic Grand Piano _ 2
46.00818119791666,0.20490992708334232,60,120,Piano RH,21810,94,Acoustic Grand Piano _ 2
46.21737194270834,0.19754559895834234,64,120,Piano RH,21906,94,Acoustic Grand Piano _ 2
46.419084208333345,0.19583333333333286,69,120,Piano RH,22002,94,Acoustic Grand Piano _ 2
46.61491754166668,0.3916666666666657,71,120,Piano RH,22096,188,Acoustic Grand Piano _ 2
47.21908420833334,0.19583333333333997,64,120,Piano RH,22386,94,Acoustic Grand Piano _ 2
47.419084208333345,0.19583333333333286,68,120,Piano RH,22482,94,Acoustic Grand Piano _ 2
47.61491754166668,0.19166666666666998,71,120,Piano RH,22576,92,Acoustic Grand Piano _ 2
47.81491754166668,0.3916666666666657,72,120,Piano RH,22672,188,Acoustic Grand Piano _ 2
48.41491754166668,0.09166666666666146,64,120,Piano RH,22960,44,Acoustic Grand Piano _ 2
48.61908420833335,0.19583333333333286,76,120,Piano RH,23058,94,Acoustic Grand Piano _ 2
48.819084208333344,0.19583333333333286,75,120,Piano RH,23154,94,Acoustic Grand Piano _ 2
49.01491754166668,0.19166666666666998,76,120,Piano RH,23248,92,Acoustic Grand Piano _ 2
49.21491754166668,0.19166666666666288,75,120,Piano RH,23344,92,Acoustic Grand Piano _ 2
49.41491754166668,0.19166666666666288,76,120,Piano RH,23440,92,Acoustic Grand Piano _ 2
49.61491754166668,0.19166666666666998,71,120,Piano RH,23536,92,Acoustic Grand Piano _ 2
49.81491754166668,0.19166666666666288,74,120,Piano RH,23632,92,Acoustic Grand Piano _ 2
50.01908420833335,0.19583333333333286,72,120,Piano RH,23730,94,Acoustic Grand Piano _ 2
50.21491754166668,0.2916666666666643,69,120,Piano RH,23824,140,Acoustic Grand Piano _ 2
50.81491754166668,0.19166666666666288,60,120,Piano RH,24112,92,Acoustic Grand Piano _ 2
51.01491754166668,0.19166666666666998,64,120,Piano RH,24208,92,Acoustic Grand Piano _ 2
51.21908420833334,0.19583333333333997,69,120,Piano RH,24306,94,Acoustic Grand Piano _ 2
51.419084208333345,0.3958333333333357,71,120,Piano RH,24402,190,Acoustic Grand Piano _ 2
52.01908420833335,0.19583333333333286,62,120,Piano RH,24690,94,Acoustic Grand Piano _ 2
52.21491754166668,0.19166666666666288,72,120,Piano RH,24784,92,Acoustic Grand Piano _ 2
52.41491754166668,0.09166666666666146,71,120,Piano RH,24880,44,Acoustic Grand Piano _ 2
52.61491754166668,0.2916666666666643,60,120,Piano RH,24976,140,Acoustic Grand Piano _ 2
52.61908420833335,0.2958333333333343,69,120,Piano RH,24978,142,Acoustic Grand Piano _ 2
53.21908420833334,0.09583333333333854,72,120,Piano RH,25266,46,Acoustic Grand Piano _ 2
53.21908420833334,0.09583333333333854,64,120,Piano RH,25266,46,Acoustic Grand Piano _ 2
53.41583075000001,0.09417798958332924,65,120,Piano RH,25360,44,Acoustic Grand Piano _ 2
53.41583075000001,0.09417798958332924,72,120,Piano RH,25360,44,Acoustic Grand Piano _ 2
53.62273700000001,0.0954860729166711,67,120,Piano RH,25456,44,Acoustic Grand Piano _ 2
53.627077276041675,0.09982634895833797,72,120,Piano RH,25458,46,Acoustic Grand Piano _ 2
53.627077276041675,0.09982634895833797,64,120,Piano RH,25458,46,Acoustic Grand Piano _ 2
53.837108901041674,0.8028153906249926,72,120,Piano RH,25554,334,Acoustic Grand Piano _ 2
54.76089191666667,0.3528222395833325,77,120,Piano RH,25936,140,Acoustic Grand Piano _ 2
55.128835109375004,0.11592730729166334,76,120,Piano RH,26082,46,Acoustic Grand Piano _ 2
55.24476241666667,0.4627645000000058,76,120,Piano RH,26128,188,Acoustic Grand Piano _ 2
55.71729254166667,0.3286449479166649,74,120,Piano RH,26320,140,Acoustic Grand Piano _ 2
56.16369108333334,0.3170289062500018,82,120,Piano RH,26512,140,Acoustic Grand Piano _ 2
56.49430694270834,0.10416664062500303,81,120,Piano RH,26658,46,Acoustic Grand Piano _ 2
56.603002567708344,0.21286226562499877,81,120,Piano RH,26706,94,Acoustic Grand Piano _ 2
56.82039381770834,0.21286226562499877,79,120,Piano RH,26802,94,Acoustic Grand Piano _ 2
57.03325608333334,0.20833328124999895,77,120,Piano RH,26896,92,Acoustic Grand Piano _ 2
57.25064733333334,0.20833328124999895,76,120,Piano RH,26992,92,Acoustic Grand Piano _ 2
57.46803858333334,0.20833328125000605,74,120,Piano RH,27088,92,Acoustic Grand Piano _ 2
57.685429833333345,0.20833328124999895,72,120,Piano RH,27184,92,Acoustic Grand Piano _ 2
57.90282108333334,0.42572453124999754,70,120,Piano RH,27280,188,Acoustic Grand Piano _ 2
58.33760358333334,0.3170289062500018,69,120,Piano RH,27472,140,Acoustic Grand Piano _ 2
58.66369045833334,0.0996376562500032,70,120,Piano RH,27616,44,Acoustic Grand Piano _ 2
58.776915067708345,0.10416664062499592,69,120,Piano RH,27666,46,Acoustic Grand Piano _ 2
58.88561069270834,0.10416664062500303,67,120,Piano RH,27714,46,Acoustic Grand Piano _ 2
58.98977733333334,0.0996376562499961,69,120,Piano RH,27760,44,Acoustic Grand Piano _ 2
59.10300194270834,0.10416664062500303,70,120,Piano RH,27810,46,Acoustic Grand Piano _ 2
59.21169756770834,0.8650360156250017,72,120,Piano RH,27858,382,Acoustic Grand Piano _ 2
60.07673358333334,0.20833328124999895,74,120,Piano RH,28240,92,Acoustic Grand Piano _ 2
60.29412483333334,0.20833328124999895,75,120,Piano RH,28336,92,Acoustic Grand Piano _ 2
60.51604506770834,0.5389491406250002,76,120,Piano RH,28434,238,Acoustic Grand Piano _ 2
61.16368983333334,0.20833328124999895,76,120,Piano RH,28720,92,Acoustic Grand Piano _ 2
61.38108108333334,0.20833328124999895,77,120,Piano RH,28816,92,Acoustic Grand Piano _ 2
61.59847233333334,0.0996376562500032,69,120,Piano RH,28912,44,Acoustic Grand Piano _ 2
61.82039256770834,0.3215578906250016,72,120,Piano RH,29010,142,Acoustic Grand Piano _ 2
62.25517506770834,0.10416664062499592,74,120,Piano RH,29202,46,Acoustic Grand Piano _ 2
62.36387069270834,0.10416664062500303,72,120,Piano RH,29250,46,Acoustic Grand Piano _ 2
62.46803733333334,0.0996376562499961,71,120,Piano RH,29296,44,Acoustic Grand Piano _ 2
62.58126194270834,0.10416664062500303,72,120,Piano RH,29346,46,Acoustic Grand Piano _ 2
62.68995756770834,0.3215578906250016,74,120,Piano RH,29394,142,Acoustic Grand Piano _ 2
63.01151545833334,0.0996376562499961,71,120,Piano RH,29536,44,Acoustic Grand Piano _ 2
63.124740067708345,0.10416664062499592,72,120,Piano RH,29586,46,Acoustic Grand Piano _ 2
63.23343569270834,0.10416664062500303,79,120,Piano RH,29634,46,Acoustic Grand Piano _ 2
63.34213131770834,0.10416664062499592,67,120,Piano RH,29682,46,Acoustic Grand Piano _ 2
63.44629795833334,0.0996376562500032,79,120,Piano RH,29728,44,Acoustic Grand Piano _ 2
63.55499358333334,0.0996376562499961,69,120,Piano RH,29776,44,Acoustic Grand Piano _ 2
63.66821819270834,0.10416664062500303,79,120,Piano RH,29826,46,Acoustic Grand Piano _ 2
63.77691381770834,0.10416664062500303,71,120,Piano RH,29874,46,Acoustic Grand Piano _ 2
63.881080458333344,0.0996376562499961,79,120,Piano RH,29920,44,Acoustic Grand Piano _ 2
63.99430506770834,0.10416664062499592,72,120,Piano RH,29970,46,Acoustic Grand Piano _ 2
64.10300069270833,0.10416664062501013,79,120,Piano RH,30018,46,Acoustic Grand Piano _ 2
64.20716733333335,0.0996376562499961,74,120,Piano RH,30064,44,Acoustic Grand Piano _ 2
64.32039194270834,0.10416664062499592,79,120,Piano RH,30114,46,Acoustic Grand Piano _ 2
64.42455858333334,0.09963765625001031,76,120,Piano RH,30160,44,Acoustic Grand Piano _ 2
64.53325420833335,0.0996376562499961,79,120,Piano RH,30208,44,Acoustic Grand Piano _ 2
64.64647881770834,0.10416664062499592,84,120,Piano RH,30258,46,Acoustic Grand Piano _ 2
64.75517444270834,0.10416664062499592,83,120,Piano RH,30306,46,Acoustic Grand Piano _ 2
64.85934108333333,0.09963765625001031,81,120,Piano RH,30352,44,Acoustic Grand Piano _ 2
64.97256569270834,0.10416664062499592,79,120,Piano RH,30402,46,Acoustic Grand Piano _ 2
65.08126131770834,0.10416664062499592,77,120,Piano RH,30450,46,Acoustic Grand Piano _ 2
65.18542795833334,0.09963765625001031,76,120,Piano RH,30496,44,Acoustic Grand Piano _ 2
65.29412358333335,0.0996376562499961,74,120,Piano RH,30544,44,Acoustic Grand Piano _ 2
65.40281920833334,0.0996376562499961,79,120,Piano RH,30592,44,Acoustic Grand Piano _ 2
65.51604381770834,0.10416664062501013,77,120,Piano RH,30642,46,Acoustic Grand Piano _ 2
65.62021045833335,0.0996376562499961,74,120,Piano RH,30688,44,Acoustic Grand Piano _ 2
65.73343506770834,0.10416664062499592,72,120,Piano RH,30738,46,Acoustic Grand Piano _ 2
65.84213069270834,0.10416664062501013,79,120,Piano RH,30786,46,Acoustic Grand Piano _ 2
65.94629733333335,0.0996376562499961,67,120,Piano RH,30832,44,Acoustic Grand Piano _ 2
66.05952194270834,0.10416664062499592,79,120,Piano RH,30882,46,Acoustic Grand Piano _ 2
66.16368858333334,0.0996376562499961,69,120,Piano RH,30928,44,Acoustic Grand Piano _ 2
66.27238420833334,0.09963765625001031,79,120,Piano RH,30976,44,Acoustic Grand Piano _ 2
66.38107983333335,0.0996376562499961,71,120,Piano RH,31024,44,Acoustic Grand Piano _ 2
66.48977545833334,0.0996376562499961,79,120,Piano RH,31072,44,Acoustic Grand Piano _ 2
66.59847108333334,0.09963765625001031,72,120,Piano RH,31120,44,Acoustic Grand Piano _ 2
66.70716670833335,0.0996376562499961,79,120,Piano RH,31168,44,Acoustic Grand Piano _ 2
66.81586233333334,0.0996376562499961,74,120,Piano RH,31216,44,Acoustic Grand Piano _ 2
66.92908694270834,0.10416664062499592,79,120,Piano RH,31266,46,Acoustic Grand Piano _ 2
67.03325358333333,0.09963765625001031,76,120,Piano RH,31312,44,Acoustic Grand Piano _ 2
67.14194920833334,0.0996376562499961,79,120,Piano RH,31360,44,Acoustic Grand Piano _ 2
67.25517381770834,0.10416664062499592,84,120,Piano RH,31410,46,Acoustic Grand Piano _ 2
67.36386944270834,0.10416664062501013,83,120,Piano RH,31458,46,Acoustic Grand Piano _ 2
67.47256506770835,0.10416664062499592,81,120,Piano RH,31506,46,Acoustic Grand Piano _ 2
67.57673170833334,0.0996376562499961,79,120,Piano RH,31552,44,Acoustic Grand Piano _ 2
67.68995631770834,0.10416664062501013,77,120,Piano RH,31602,46,Acoustic Grand Piano _ 2
67.79412295833335,0.0996376562499961,76,120,Piano RH,31648,44,Acoustic Grand Piano _ 2
67.90281858333334,0.0996376562499961,74,120,Piano RH,31696,44,Acoustic Grand Piano _ 2
68.01604319270834,0.10416664062501013,79,120,Piano RH,31746,46,Acoustic Grand Piano _ 2
68.12020983333335,0.0996376562499961,77,120,Piano RH,31792,44,Acoustic Grand Piano _ 2
68.23343444270834,0.10416664062499592,74,120,Piano RH,31842,46,Acoustic Grand Piano _ 2
68.34213006770834,0.10416664062499592,76,120,Piano RH,31890,46,Acoustic Grand Piano _ 2
68.44629670833334,0.09963765625001031,77,120,Piano RH,31936,44,Acoustic Grand Piano _ 2
68.55499233333335,0.0996376562499961,76,120,Piano RH,31984,44,Acoustic Grand Piano _ 2
68.66368795833334,0.0996376562499961,75,120,Piano RH,32032,44,Acoustic Grand Piano _ 2
68.77691256770834,0.10416664062501013,76,120,Piano RH,32082,46,Acoustic Grand Piano _ 2
68.88560819270835,0.10416664062499592,71,120,Piano RH,32130,46,Acoustic Grand Piano _ 2
68.98977483333334,0.0996376562499961,76,120,Piano RH,32176,44,Acoustic Grand Piano _ 2
69.09847045833334,0.0996376562499961,75,120,Piano RH,32224,44,Acoustic Grand Piano _ 2
69.21169506770835,0.10416664062499592,76,120,Piano RH,32274,46,Acoustic Grand Piano _ 2
69.32039069270834,0.10416664062499592,71,120,Piano RH,32322,46,Acoustic Grand Piano _ 2
69.42908631770834,0.10416664062499592,76,120,Piano RH,32370,46,Acoustic Grand Piano _ 2
69.53325295833334,0.09963765625001031,75,120,Piano RH,32416,44,Acoustic Grand Piano _ 2
69.64194858333335,0.6968248645833199,76,120,Piano RH,32464,284,Acoustic Grand Piano _ 2
70.35466327604168,0.2587240156249919,71,120,Piano RH,32754,94,Acoustic Grand Piano _ 2
70.61338729166667,0.26199492708333594,76,120,Piano RH,32848,92,Acoustic Grand Piano _ 2
70.88695629166666,0.2710331458333286,75,120,Piano RH,32944,92,Acoustic Grand Piano _ 2
71.17601828124998,0.888862135416673,76,120,Piano RH,33042,286,Acoustic Grand Piano _ 2
72.06488041666665,0.2994791666666714,71,120,Piano RH,33328,92,Acoustic Grand Piano _ 2
72.37738041666667,0.3124998020833374,76,120,Piano RH,33424,92,Acoustic Grand Piano _ 2
73.362434140625,0.31929327604166247,75,120,Piano RH,33714,94,Acoustic Grand Piano _ 2
73.68172741666666,0.31080145833334427,76,120,Piano RH,33808,92,Acoustic Grand Piano _ 2
74.59895749999998,0.2558625312499885,75,120,Piano RH,34096,92,Acoustic Grand Piano _ 2
74.8706215833333,0.23881616666668037,76,120,Piano RH,34194,94,Acoustic Grand Piano _ 2
75.11424543749999,0.2120923958333094,75,120,Piano RH,34290,94,Acoustic Grand Piano _ 2
75.3263378333333,0.18958319791666156,76,120,Piano RH,34384,92,Acoustic Grand Piano _ 2
75.5241447083333,0.18914457291666054,71,120,Piano RH,34480,92,Acoustic Grand Piano _ 2
75.72562479687497,0.1932564114583215,74,120,Piano RH,34578,94,Acoustic Grand Piano _ 2
75.91888120833329,0.18914457291667475,72,120,Piano RH,34672,92,Acoustic Grand Piano _ 2
76.12036129687496,0.3906246614583324,69,120,Piano RH,34770,190,Acoustic Grand Piano _ 2
76.70835420833329,0.18914457291667475,60,120,Piano RH,35056,92,Acoustic Grand Piano _ 2
76.90983429687496,0.19325641145833572,64,120,Piano RH,35154,94,Acoustic Grand Piano _ 2
77.1030907083333,0.18914457291666054,69,120,Piano RH,35248,92,Acoustic Grand Piano _ 2
77.30457079687497,0.3906246614583324,71,120,Piano RH,35346,190,Acoustic Grand Piano _ 2
77.8925637083333,0.18914457291666054,64,120,Piano RH,35632,92,Acoustic Grand Piano _ 2
78.0899319583333,0.18914457291666054,68,120,Piano RH,35728,92,Acoustic Grand Piano _ 2
78.28730020833329,0.18914457291667475,71,120,Piano RH,35824,92,Acoustic Grand Piano _ 2
78.4846684583333,0.38651282291665723,72,120,Piano RH,35920,188,Acoustic Grand Piano _ 2
79.08088504687497,0.1932564114583215,64,120,Piano RH,36210,94,Acoustic Grand Piano _ 2
79.27825329687496,0.19325641145833572,76,120,Piano RH,36306,94,Acoustic Grand Piano _ 2
79.4715097083333,0.18914457291666054,75,120,Piano RH,36400,92,Acoustic Grand Piano _ 2
79.6688779583333,0.18914457291666054,76,120,Piano RH,36496,92,Acoustic Grand Piano _ 2
79.87035804687497,0.1932564114583215,75,120,Piano RH,36594,94,Acoustic Grand Piano _ 2
80.06361445833329,0.18914457291667475,76,120,Piano RH,36688,92,Acoustic Grand Piano _ 2
80.26509454687496,0.19325641145833572,71,120,Piano RH,36786,94,Acoustic Grand Piano _ 2
80.4583509583333,0.18914457291666054,74,120,Piano RH,36880,92,Acoustic Grand Piano _ 2
80.65983104687496,0.19325641145833572,72,120,Piano RH,36978,94,Acoustic Grand Piano _ 2
80.85308745833329,0.38651282291667144,69,120,Piano RH,37072,188,Acoustic Grand Piano _ 2
81.44930404687496,0.19325641145833572,60,120,Piano RH,37362,94,Acoustic Grand Piano _ 2
81.64667229687497,0.19325641145833572,64,120,Piano RH,37458,94,Acoustic Grand Piano _ 2
81.84404054687496,0.19325641145833572,69,120,Piano RH,37554,94,Acoustic Grand Piano _ 2
82.0372969583333,0.38651282291665723,71,120,Piano RH,37648,188,Acoustic Grand Piano _ 2
82.63351354687497,0.19325641145833572,62,120,Piano RH,37938,94,Acoustic Grand Piano _ 2
82.83088179687496,0.19325641145833572,72,120,Piano RH,38034,94,Acoustic Grand Piano _ 2
83.0241382083333,0.18914457291666054,71,120,Piano RH,38128,92,Acoustic Grand Piano _ 2
83.22561829687496,0.3906246614583466,69,120,Piano RH,38226,190,Acoustic Grand Piano _ 2
83.22561829687496,0.3906246614583466,60,120,Piano RH,38226,190,Acoustic Grand Piano _ 2
83.8136112083333,0.18914457291666054,71,120,Piano RH,38512,92,Acoustic Grand Piano _ 2
84.01509129687497,0.1932564114583215,72,120,Piano RH,38610,94,Acoustic Grand Piano _ 2
84.20834770833329,0.18914457291667475,74,120,Piano RH,38704,92,Acoustic Grand Piano _ 2
84.4057159583333,0.5838810729166539,76,120,Piano RH,38800,284,Acoustic Grand Piano _ 2
85.00193254687497,0.1932564114583215,67,120,Piano RH,39090,94,Acoustic Grand Piano _ 2
85.19930079687497,0.19325641145833572,77,120,Piano RH,39186,94,Acoustic Grand Piano _ 2
85.3925572083333,0.18914457291666054,76,120,Piano RH,39280,92,Acoustic Grand Piano _ 2
85.59403729687496,0.5879929114583433,74,120,Piano RH,39378,286,Acoustic Grand Piano _ 2
86.1820302083333,0.18914457291666054,65,120,Piano RH,39664,92,Acoustic Grand Piano _ 2
86.3793984583333,0.18914457291666054,76,120,Piano RH,39760,92,Acoustic Grand Piano _ 2
86.58087854687497,0.1932564114583215,74,120,Piano RH,39858,94,Acoustic Grand Piano _ 2
86.77413495833329,0.5838810729166681,72,120,Piano RH,39952,284,Acoustic Grand Piano _ 2
87.3662397083333,0.18914457291666054,64,120,Piano RH,40240,92,Acoustic Grand Piano _ 2
87.5636079583333,0.18914457291667475,74,120,Piano RH,40336,92,Acoustic Grand Piano _ 2
87.76508804687496,0.19325641145833572,72,120,Piano RH,40434,94,Acoustic Grand Piano _ 2
87.9583444583333,0.18914457291666054,71,120,Piano RH,40528,92,Acoustic Grand Piano _ 2
88.55044920833329,0.18914457291667475,64,120,Piano RH,40816,92,Acoustic Grand Piano _ 2
88.7478174583333,0.18914457291666054,76,120,Piano RH,40912,92,Acoustic Grand Piano _ 2
89.34403404687497,0.19325641145833572,76,120,Piano RH,41202,94,Acoustic Grand Piano _ 2
89.54140229687496,0.19325641145833572,88,120,Piano RH,41298,94,Acoustic Grand Piano _ 2
90.13350704687497,0.1932564114583215,75,120,Piano RH,41586,94,Acoustic Grand Piano _ 2
90.33087529687496,0.19325641145833572,76,120,Piano RH,41682,94,Acoustic Grand Piano _ 2
90.9188682083333,0.18914457291667475,75,120,Piano RH,41968,92,Acoustic Grand Piano _ 2
91.1162364583333,0.18914457291666054,76,120,Piano RH,42064,92,Acoustic Grand Piano _ 2
91.31771654687496,0.19325641145833572,75,120,Piano RH,42162,94,Acoustic Grand Piano _ 2
91.5109729583333,0.18914457291666054,76,120,Piano RH,42256,92,Acoustic Grand Piano _ 2
91.7083412083333,0.18914457291667475,75,120,Piano RH,42352,92,Acoustic Grand Piano _ 2
91.90570945833329,0.18914457291667475,76,120,Piano RH,42448,92,Acoustic Grand Piano _ 2
92.1030777083333,0.18914457291666054,71,120,Piano RH,42544,92,Acoustic Grand Piano _ 2
92.3004459583333,0.18914457291666054,74,120,Piano RH,42640,92,Acoustic Grand Piano _ 2
92.50192604687496,0.19325641145833572,72,120,Piano RH,42738,94,Acoustic Grand Piano _ 2
92.69518245833329,0.5838810729166681,69,120,Piano RH,42832,284,Acoustic Grand Piano _ 2
93.2872872083333,0.18914457291667475,60,120,Piano RH,43120,92,Acoustic Grand Piano _ 2
93.48876729687497,0.19325641145833572,64,120,Piano RH,43218,94,Acoustic Grand Piano _ 2
93.68613554687497,0.19325641145833572,69,120,Piano RH,43314,94,Acoustic Grand Piano _ 2
93.88350379687496,0.3906246614583324,71,120,Piano RH,43410,190,Acoustic Grand Piano _ 2
94.47149670833329,0.18914457291667475,64,120,Piano RH,43696,92,Acoustic Grand Piano _ 2
94.67297679687496,0.19325641145833572,68,120,Piano RH,43794,94,Acoustic Grand Piano _ 2
94.8662332083333,0.18914457291666054,71,120,Piano RH,43888,92,Acoustic Grand Piano _ 2
95.06771329687496,0.3906246614583324,72,120,Piano RH,43986,190,Acoustic Grand Piano _ 2
95.6557062083333,0.18914457291666054,64,120,Piano RH,44272,92,Acoustic Grand Piano _ 2
95.85718629687497,0.1932564114583215,76,120,Piano RH,44370,94,Acoustic Grand Piano _ 2
96.05455454687497,0.19325641145833572,75,120,Piano RH,44466,94,Acoustic Grand Piano _ 2
96.2478109583333,0.18914457291666054,76,120,Piano RH,44560,92,Acoustic Grand Piano _ 2
96.44929104687496,0.19325641145833572,75,120,Piano RH,44658,94,Acoustic Grand Piano _ 2
96.6425474583333,0.18914457291666054,76,120,Piano RH,44752,92,Acoustic Grand Piano _ 2
96.84402754687497,0.1932564114583215,71,120,Piano RH,44850,94,Acoustic Grand Piano _ 2
97.04139579687497,0.19325641145833572,74,120,Piano RH,44946,94,Acoustic Grand Piano _ 2
97.23876404687496,0.19325641145833572,72,120,Piano RH,45042,94,Acoustic Grand Piano _ 2
97.4320204583333,0.5838810729166681,69,120,Piano RH,45136,284,Acoustic Grand Piano _ 2
98.0241252083333,0.18914457291666054,60,120,Piano RH,45424,92,Acoustic Grand Piano _ 2
98.22560529687496,0.19325641145833572,64,120,Piano RH,45522,94,Acoustic Grand Piano _ 2
98.42297354687497,0.1932564114583215,69,120,Piano RH,45618,94,Acoustic Grand Piano _ 2
98.61622995833329,0.38651282291667144,71,120,Piano RH,45712,188,Acoustic Grand Piano _ 2
99.40981479687497,0.1932564114583215,72,120,Piano RH,46098,94,Acoustic Grand Piano _ 2
99.60307120833329,0.18914457291667475,71,120,Piano RH,46192,92,Acoustic Grand Piano _ 2
99.21244654687496,0.5879929114583433,62,120,Piano RH,46002,286,Acoustic Grand Piano _ 2
99.8004394583333,0.38651282291667144,69,120,Piano RH,46288,188,Acoustic Grand Piano _ 2
99.80455129687496,0.3906246614583324,60,120,Piano RH,46290,190,Acoustic Grand Piano _ 2
100.9846489583333,0.9786175729166615,70,120,Piano RH,46864,476,Acoustic Grand Piano _ 2
100.98876079687497,0.9827294114583225,64,120,Piano RH,46866,478,Acoustic Grand Piano _ 2
100.98876079687497,0.9827294114583225,67,120,Piano RH,46866,478,Acoustic Grand Piano _ 2
100.98876079687497,0.9827294114583225,73,120,Piano RH,46866,478,Acoustic Grand Piano _ 2
102.16885845833329,0.5838810729166823,65,120,Piano RH,47440,284,Acoustic Grand Piano _ 2
102.17297029687496,0.5879929114583291,74,120,Piano RH,47442,286,Acoustic Grand Piano _ 2
102.17297029687496,0.5879929114583291,69,120,Piano RH,47442,286,Acoustic Grand Piano _ 2
102.9583314583333,0.18914457291666054,73,120,Piano RH,47824,92,Acoustic Grand Piano _ 2
102.9583314583333,0.18914457291666054,76,120,Piano RH,47824,92,Acoustic Grand Piano _ 2
103.1556997083333,0.18914457291666054,74,120,Piano RH,47920,92,Acoustic Grand Piano _ 2
103.1556997083333,0.18914457291666054,77,120,Piano RH,47920,92,Acoustic Grand Piano _ 2
103.3530679583333,0.5838810729166681,74,120,Piano RH,48016,284,Acoustic Grand Piano _ 2
103.35717979687496,0.5879929114583433,77,120,Piano RH,48018,286,Acoustic Grand Piano _ 2
103.35717979687496,0.5879929114583433,68,120,Piano RH,48018,286,Acoustic Grand Piano _ 2
104.14665279687496,0.19325641145833572,68,120,Piano RH,48402,94,Acoustic Grand Piano _ 2
104.14665279687496,0.19325641145833572,74,120,Piano RH,48402,94,Acoustic Grand Piano _ 2
104.14665279687496,0.19325641145833572,77,120,Piano RH,48402,94,Acoustic Grand Piano _ 2
104.53727745833329,0.9786175729166757,72,120,Piano RH,48592,476,Acoustic Grand Piano _ 2
104.54138929687497,0.9827294114583367,69,120,Piano RH,48594,478,Acoustic Grand Piano _ 2
104.54138929687497,0.9827294114583367,76,120,Piano RH,48594,478,Acoustic Grand Piano _ 2
105.7214869583333,0.5838810729166681,74,120,Piano RH,49168,284,Acoustic Grand Piano _ 2
105.7214869583333,0.5838810729166681,65,120,Piano RH,49168,284,Acoustic Grand Piano _ 2
106.51507179687496,0.19325641145833572,72,120,Piano RH,49554,94,Acoustic Grand Piano _ 2
106.51507179687496,0.19325641145833572,64,120,Piano RH,49554,94,Acoustic Grand Piano _ 2
106.7083282083333,0.18914457291666054,71,120,Piano RH,49648,92,Acoustic Grand Piano _ 2
106.7083282083333,0.18914457291666054,62,120,Piano RH,49648,92,Acoustic Grand Piano _ 2
106.90980829687496,0.5879929114583433,66,120,Piano RH,49746,286,Acoustic Grand Piano _ 2
106.9056964583333,0.7812493229166648,60,120,Piano RH,49744,380,Acoustic Grand Piano _ 2
106.90980829687496,0.78536116145834,69,120,Piano RH,49746,382,Acoustic Grand Piano _ 2
107.6951694583333,0.18914457291667475,69,120,Piano RH,50128,92,Acoustic Grand Piano _ 2
107.69928129687497,0.1932564114583215,60,120,Piano RH,50130,94,Acoustic Grand Piano _ 2
108.0899059583333,0.18914457291666054,60,120,Piano RH,50320,92,Acoustic Grand Piano _ 2
108.09401779687497,0.19325641145833572,69,120,Piano RH,50322,94,Acoustic Grand Piano _ 2
108.4846424583333,0.18914457291666054,64,120,Piano RH,50512,92,Acoustic Grand Piano _ 2
108.48875429687496,0.19325641145833572,72,120,Piano RH,50514,94,Acoustic Grand Piano _ 2
108.87937895833329,0.18914457291667475,62,120,Piano RH,50704,92,Acoustic Grand Piano _ 2
108.88349079687497,0.19325641145833572,71,120,Piano RH,50706,94,Acoustic Grand Piano _ 2
109.2741154583333,0.7812493229166648,60,120,Piano RH,50896,380,Acoustic Grand Piano _ 2
109.27822729687497,0.7853611614583258,69,120,Piano RH,50898,382,Acoustic Grand Piano _ 2
110.4583249583333,0.9786175729166757,70,120,Piano RH,51472,476,Acoustic Grand Piano _ 2
110.46243679687495,0.9827294114583367,64,120,Piano RH,51474,478,Acoustic Grand Piano _ 2
110.46243679687495,0.9827294114583367,67,120,Piano RH,51474,478,Acoustic Grand Piano _ 2
110.46243679687495,0.9827294114583367,73,120,Piano RH,51474,478,Acoustic Grand Piano _ 2
111.6425344583333,0.5838810729166539,74,120,Piano RH,52048,284,Acoustic Grand Piano _ 2
111.6425344583333,0.5838810729166539,65,120,Piano RH,52048,284,Acoustic Grand Piano _ 2
111.64664629687496,0.5879929114583433,69,120,Piano RH,52050,286,Acoustic Grand Piano _ 2
112.43200745833329,0.18914457291667475,73,120,Piano RH,52432,92,Acoustic Grand Piano _ 2
112.43611929687496,0.19325641145833572,76,120,Piano RH,52434,94,Acoustic Grand Piano _ 2
112.63348754687496,0.19325641145833572,74,120,Piano RH,52530,94,Acoustic Grand Piano _ 2
112.63348754687496,0.19325641145833572,77,120,Piano RH,52530,94,Acoustic Grand Piano _ 2
112.83085579687497,0.5879929114583291,74,120,Piano RH,52626,286,Acoustic Grand Piano _ 2
112.83085579687497,0.5879929114583291,77,120,Piano RH,52626,286,Acoustic Grand Piano _ 2
113.62032879687496,0.19325641145834993,77,120,Piano RH,53010,94,Acoustic Grand Piano _ 2
113.62032879687496,0.19325641145834993,74,120,Piano RH,53010,94,Acoustic Grand Piano _ 2
114.01506529687497,0.9827294114583225,74,120,Piano RH,53202,478,Acoustic Grand Piano _ 2
114.01506529687497,0.9827294114583225,77,120,Piano RH,53202,478,Acoustic Grand Piano _ 2
115.1951629583333,0.5838810729166681,67,120,Piano RH,53776,284,Acoustic Grand Piano _ 2
115.19927479687496,0.5879929114583433,75,120,Piano RH,53778,286,Acoustic Grand Piano _ 2
115.9846359583333,0.18914457291667475,65,120,Piano RH,54160,92,Acoustic Grand Piano _ 2
115.98874779687497,0.1932564114583215,74,120,Piano RH,54162,94,Acoustic Grand Piano _ 2
116.1820042083333,0.18914457291666054,72,120,Piano RH,54256,92,Acoustic Grand Piano _ 2
116.18611604687496,0.19325641145834993,63,120,Piano RH,54258,94,Acoustic Grand Piano _ 2
116.38348429687497,0.7853611614583258,62,120,Piano RH,54354,382,Acoustic Grand Piano _ 2
116.38348429687497,0.7853611614583258,65,120,Piano RH,54354,382,Acoustic Grand Piano _ 2
116.38348429687497,0.7853611614583258,70,120,Piano RH,54354,382,Acoustic Grand Piano _ 2
117.1688454583333,0.18914457291666054,69,120,Piano RH,54736,92,Acoustic Grand Piano _ 2
117.1688454583333,0.38651282291667144,65,120,Piano RH,54736,188,Acoustic Grand Piano _ 2
117.17295729687496,0.3906246614583324,62,120,Piano RH,54738,190,Acoustic Grand Piano _ 2
117.56358195833329,0.5838810729166823,68,120,Piano RH,54928,284,Acoustic Grand Piano _ 2
117.56358195833329,0.5838810729166823,65,120,Piano RH,54928,284,Acoustic Grand Piano _ 2
117.56769379687496,0.5879929114583291,62,120,Piano RH,54930,286,Acoustic Grand Piano _ 2
118.3530549583333,0.18914457291666054,62,120,Piano RH,55312,92,Acoustic Grand Piano _ 2
118.35716679687496,0.19325641145833572,68,120,Piano RH,55314,94,Acoustic Grand Piano _ 2
118.35716679687496,0.19325641145833572,65,120,Piano RH,55314,94,Acoustic Grand Piano _ 2
118.7477914583333,0.5838810729166681,69,120,Piano RH,55504,284,Acoustic Grand Piano _ 2
118.7477914583333,0.5838810729166681,64,120,Piano RH,55504,284,Acoustic Grand Piano _ 2
118.75190329687496,0.5879929114583433,60,120,Piano RH,55506,286,Acoustic Grand Piano _ 2
119.9320009583333,0.38651282291665723,64,120,Piano RH,56080,188,Acoustic Grand Piano _ 2
119.93611279687497,0.3906246614583324,71,120,Piano RH,56082,190,Acoustic Grand Piano _ 2
121.1162104583333,0.12335515624999971,57,120,Piano RH,56656,60,Acoustic Grand Piano _ 2
121.24778929166663,0.12335515624999971,60,120,Piano RH,56720,60,Acoustic Grand Piano _ 2
121.37936812499996,0.12335515624999971,64,120,Piano RH,56784,60,Acoustic Grand Piano _ 2
121.5109469583333,0.12335515624999971,69,120,Piano RH,56848,60,Acoustic Grand Piano _ 2
121.64252579166663,0.12335515624999971,72,120,Piano RH,56912,60,Acoustic Grand Piano _ 2
121.77410462499996,0.12335515624999971,76,120,Piano RH,56976,60,Acoustic Grand Piano _ 2
121.9056834583333,0.12524628124999992,74,120,Piano RH,57040,60,Acoustic Grand Piano _ 2
122.03949137499995,0.12925694791667297,72,120,Piano RH,57104,60,Acoustic Grand Piano _ 2
122.17742887499996,0.13182957291667208,71,120,Piano RH,57168,60,Acoustic Grand Piano _ 2
122.32284540104163,0.14148005729165902,69,120,Piano RH,57234,62,Acoustic Grand Piano _ 2
122.46898963541663,0.14573757291667278,72,120,Piano RH,57298,62,Acoustic Grand Piano _ 2
122.61953489583331,0.1508413124999919,76,120,Piano RH,57362,62,Acoustic Grand Piano _ 2
122.7703762083333,0.15044527083333037,81,120,Piano RH,57424,60,Acoustic Grand Piano _ 2
122.93106737499997,0.15556691666667177,84,120,Piano RH,57488,60,Acoustic Grand Piano _ 2
123.09705095833331,0.1586009270833273,88,120,Piano RH,57552,60,Acoustic Grand Piano _ 2
123.27209924479163,0.17152246354167744,86,120,Piano RH,57618,62,Acoustic Grand Piano _ 2
123.44920206249998,0.17542610416666093,84,120,Piano RH,57682,62,Acoustic Grand Piano _ 2
123.62462816666664,0.17045453125000165,83,120,Piano RH,57744,60,Acoustic Grand Piano _ 2
123.81212815104163,0.1761363489583374,81,120,Piano RH,57810,62,Acoustic Grand Piano _ 2
123.9939463177083,0.1778198489583218,84,120,Piano RH,57874,62,Acoustic Grand Piano _ 2
124.17755320312497,0.18027163020832404,88,120,Piano RH,57938,62,Acoustic Grand Piano _ 2
124.36372105729164,0.18278294270832873,93,120,Piano RH,58002,62,Acoustic Grand Piano _ 2
124.5524002239583,0.18278294270832873,96,120,Piano RH,58066,62,Acoustic Grand Piano _ 2
124.73518316666663,0.17688671875001205,100,120,Piano RH,58128,60,Acoustic Grand Piano _ 2
124.9238623333333,0.17688671874999784,98,120,Piano RH,58192,60,Acoustic Grand Piano _ 2
125.11843772395831,0.18278294270832873,96,120,Piano RH,58258,62,Acoustic Grand Piano _ 2
125.30711689062497,0.18278294270832873,95,120,Piano RH,58322,62,Acoustic Grand Piano _ 2
125.49579605729164,0.18278294270832873,94,120,Piano RH,58386,62,Acoustic Grand Piano _ 2
125.67857899999997,0.17688671874999784,93,120,Piano RH,58448,60,Acoustic Grand Piano _ 2
125.87315439062496,0.18190944270833143,92,120,Piano RH,58514,62,Acoustic Grand Piano _ 2
126.05506383333329,0.17213803125001448,91,120,Piano RH,58576,60,Acoustic Grand Piano _ 2
126.2442473177083,0.1761363489583374,90,120,Piano RH,58642,62,Acoustic Grand Piano _ 2
126.42606548437497,0.17451293229166254,89,120,Piano RH,58706,62,Acoustic Grand Piano _ 2
126.6061587708333,0.1722077708333245,88,120,Piano RH,58770,62,Acoustic Grand Piano _ 2
126.77836654166663,0.16187178124999946,87,120,Piano RH,58832,60,Acoustic Grand Piano _ 2
126.95083154166663,0.1588982812500035,86,120,Piano RH,58896,60,Acoustic Grand Piano _ 2
127.12032304166664,0.15625,85,120,Piano RH,58960,60,Acoustic Grand Piano _ 2
127.28698970833331,0.15625,84,120,Piano RH,59024,60,Acoustic Grand Piano _ 2
127.45886470833331,0.1614583333333286,83,120,Piano RH,59090,62,Acoustic Grand Piano _ 2
127.62032304166664,0.15625,82,120,Piano RH,59152,60,Acoustic Grand Piano _ 2
127.78698970833331,0.15625,81,120,Piano RH,59216,60,Acoustic Grand Piano _ 2
127.95365637499997,0.1562500000000142,80,120,Piano RH,59280,60,Acoustic Grand Piano _ 2
128.1254459895833,0.1581503437499805,79,120,Piano RH,59346,62,Acoustic Grand Piano _ 2
128.28863665104163,0.15498980729168466,78,120,Piano RH,59410,62,Acoustic Grand Piano _ 2
128.4436264583333,0.146484375,77,120,Piano RH,59472,60,Acoustic Grand Piano _ 2
128.5998764583333,0.21974547916667575,76,120,Piano RH,59536,92,Acoustic Grand Piano _ 2
128.83361446874997,0.21705323958335043,75,120,Piano RH,59634,94,Acoustic Grand Piano _ 2
129.05519669270834,0.21082101562498679,76,120,Piano RH,59730,94,Acoustic Grand Piano _ 2
129.27035798437498,0.20351730729169049,71,120,Piano RH,59826,94,Acoustic Grand Piano _ 2
129.478156109375,0.19663239062498405,74,120,Piano RH,59922,94,Acoustic Grand Piano _ 2
129.67478849999998,0.19166666666666288,72,120,Piano RH,60016,92,Acoustic Grand Piano _ 2
129.87895516666666,0.3958333333333144,69,120,Piano RH,60114,190,Acoustic Grand Piano _ 2
130.47895516666665,0.19583333333332575,60,120,Piano RH,60402,94,Acoustic Grand Piano _ 2
130.67895516666664,0.19583333333335418,64,120,Piano RH,60498,94,Acoustic Grand Piano _ 2
130.87895516666666,0.19583333333332575,69,120,Piano RH,60594,94,Acoustic Grand Piano _ 2
131.07478849999998,0.39166666666667993,71,120,Piano RH,60688,188,Acoustic Grand Piano _ 2
131.67895516666664,0.19583333333335418,64,120,Piano RH,60978,94,Acoustic Grand Piano _ 2
131.87895516666666,0.19583333333332575,68,120,Piano RH,61074,94,Acoustic Grand Piano _ 2
132.07895516666665,0.19583333333332575,71,120,Piano RH,61170,94,Acoustic Grand Piano _ 2
132.27895516666666,0.3958333333333144,72,120,Piano RH,61266,190,Acoustic Grand Piano _ 2
132.87895516666666,0.19583333333332575,64,120,Piano RH,61554,94,Acoustic Grand Piano _ 2
133.07478849999998,0.19166666666666288,76,120,Piano RH,61648,92,Acoustic Grand Piano _ 2
133.27895516666666,0.19583333333332575,75,120,Piano RH,61746,94,Acoustic Grand Piano _ 2
133.47895516666665,0.19583333333332575,76,120,Piano RH,61842,94,Acoustic Grand Piano _ 2
133.67478849999998,0.19166666666666288,75,120,Piano RH,61936,92,Acoustic Grand Piano _ 2
133.8747885,0.19166666666666288,76,120,Piano RH,62032,92,Acoustic Grand Piano _ 2
134.07895516666665,0.19583333333332575,71,120,Piano RH,62130,94,Acoustic Grand Piano _ 2
134.27895516666666,0.19583333333332575,74,120,Piano RH,62226,94,Acoustic Grand Piano _ 2
134.47895516666665,0.19583333333332575,72,120,Piano RH,62322,94,Acoustic Grand Piano _ 2
134.67895516666664,0.3958333333333428,69,120,Piano RH,62418,190,Acoustic Grand Piano _ 2
135.27478849999997,0.1916666666666913,60,120,Piano RH,62704,92,Acoustic Grand Piano _ 2
135.47895516666665,0.19583333333332575,64,120,Piano RH,62802,94,Acoustic Grand Piano _ 2
135.67895516666664,0.19583333333335418,69,120,Piano RH,62898,94,Acoustic Grand Piano _ 2
135.87895516666666,0.3958333333333144,71,120,Piano RH,62994,190,Acoustic Grand Piano _ 2
136.4747885,0.19166666666666288,62,120,Piano RH,63280,92,Acoustic Grand Piano _ 2
136.67895516666664,0.19583333333335418,72,120,Piano RH,63378,94,Acoustic Grand Piano _ 2
136.87895516666666,0.19583333333332575,71,120,Piano RH,63474,94,Acoustic Grand Piano _ 2
137.07895516666665,0.3958333333333428,69,120,Piano RH,63570,190,Acoustic Grand Piano _ 2
137.07895516666665,0.3958333333333428,60,120,Piano RH,63570,190,Acoustic Grand Piano _ 2
137.67478849999998,0.19166666666666288,71,120,Piano RH,63856,92,Acoustic Grand Piano _ 2
137.8747885,0.19166666666666288,72,120,Piano RH,63952,92,Acoustic Grand Piano _ 2
138.07478849999998,0.19166666666666288,74,120,Piano RH,64048,92,Acoustic Grand Piano _ 2
138.27478849999997,0.5916666666666686,76,120,Piano RH,64144,284,Acoustic Grand Piano _ 2
138.87895516666666,0.19583333333332575,67,120,Piano RH,64434,94,Acoustic Grand Piano _ 2
139.07895516666665,0.19583333333332575,77,120,Piano RH,64530,94,Acoustic Grand Piano _ 2
139.27478849999997,0.19166666666666288,76,120,Piano RH,64624,92,Acoustic Grand Piano _ 2
139.4747885,0.5916666666666686,74,120,Piano RH,64720,284,Acoustic Grand Piano _ 2
140.07895516666665,0.19583333333332575,65,120,Piano RH,65010,94,Acoustic Grand Piano _ 2
140.27478849999997,0.19166666666666288,76,120,Piano RH,65104,92,Acoustic Grand Piano _ 2
140.4747885,0.19166666666666288,74,120,Piano RH,65200,92,Acoustic Grand Piano _ 2
140.67895516666664,0.5958333333333314,72,120,Piano RH,65298,286,Acoustic Grand Piano _ 2
141.27895516666663,0.19583333333335418,64,120,Piano RH,65586,94,Acoustic Grand Piano _ 2
141.4747885,0.19166666666666288,74,120,Piano RH,65680,92,Acoustic Grand Piano _ 2
141.67478849999998,0.19166666666666288,72,120,Piano RH,65776,92,Acoustic Grand Piano _ 2
141.87895516666666,0.19583333333332575,71,120,Piano RH,65874,94,Acoustic Grand Piano _ 2
142.47895516666665,0.19583333333332575,64,120,Piano RH,66162,94,Acoustic Grand Piano _ 2
142.67895516666664,0.19583333333335418,76,120,Piano RH,66258,94,Acoustic Grand Piano _ 2
143.27895516666663,0.19583333333335418,76,120,Piano RH,66546,94,Acoustic Grand Piano _ 2
143.47895516666665,0.19583333333332575,88,120,Piano RH,66642,94,Acoustic Grand Piano _ 2
144.07478849999998,0.19166666666666288,75,120,Piano RH,66928,92,Acoustic Grand Piano _ 2
144.27895516666663,0.19583333333335418,76,120,Piano RH,67026,94,Acoustic Grand Piano _ 2
144.87895516666666,0.19583333333332575,75,120,Piano RH,67314,94,Acoustic Grand Piano _ 2
145.07895516666665,0.19583333333332575,76,120,Piano RH,67410,94,Acoustic Grand Piano _ 2
145.27478849999997,0.19166666666666288,75,120,Piano RH,67504,92,Acoustic Grand Piano _ 2
145.4747885,0.19166666666666288,76,120,Piano RH,67600,92,Acoustic Grand Piano _ 2
145.67895516666664,0.19583333333335418,75,120,Piano RH,67698,94,Acoustic Grand Piano _ 2
145.87895516666666,0.19583333333332575,76,120,Piano RH,67794,94,Acoustic Grand Piano _ 2
146.07478849999998,0.19166666666666288,71,120,Piano RH,67888,92,Acoustic Grand Piano _ 2
146.27895516666663,0.19583333333335418,74,120,Piano RH,67986,94,Acoustic Grand Piano _ 2
146.4747885,0.19166666666666288,72,120,Piano RH,68080,92,Acoustic Grand Piano _ 2
146.67478849999998,0.5916666666666686,69,120,Piano RH,68176,284,Acoustic Grand Piano _ 2
147.27478849999997,0.19166666666666288,60,120,Piano RH,68464,92,Acoustic Grand Piano _ 2
147.4747885,0.19166666666666288,64,120,Piano RH,68560,92,Acoustic Grand Piano _ 2
147.67478849999998,0.19166666666666288,69,120,Piano RH,68656,92,Acoustic Grand Piano _ 2
147.8747885,0.5916666666666401,71,120,Piano RH,68752,284,Acoustic Grand Piano _ 2
148.47895516666665,0.19583333333332575,64,120,Piano RH,69042,94,Acoustic Grand Piano _ 2
148.67895516666664,0.19583333333335418,68,120,Piano RH,69138,94,Acoustic Grand Piano _ 2
148.8747885,0.19166666666666288,71,120,Piano RH,69232,92,Acoustic Grand Piano _ 2
149.07895516666665,0.3958333333333428,72,120,Piano RH,69330,190,Acoustic Grand Piano _ 2
149.67895516666664,0.19583333333335418,64,120,Piano RH,69618,94,Acoustic Grand Piano _ 2
149.87895516666666,0.19583333333332575,76,120,Piano RH,69714,94,Acoustic Grand Piano _ 2
150.07478849999998,0.19166666666666288,75,120,Piano RH,69808,92,Acoustic Grand Piano _ 2
150.27478849999997,0.19166666666666288,76,120,Piano RH,69904,92,Acoustic Grand Piano _ 2
150.4747885,0.19166666666666288,75,120,Piano RH,70000,92,Acoustic Grand Piano _ 2
150.67895516666664,0.19583333333335418,76,120,Piano RH,70098,94,Acoustic Grand Piano _ 2
150.87895516666666,0.19583333333332575,71,120,Piano RH,70194,94,Acoustic Grand Piano _ 2
151.07478849999998,0.19166666666666288,74,120,Piano RH,70288,92,Acoustic Grand Piano _ 2
151.27478849999997,0.1916666666666913,72,120,Piano RH,70384,92,Acoustic Grand Piano _ 2
151.4747885,0.4004896562500164,69,120,Piano RH,70480,188,Acoustic Grand Piano _ 2
152.09663223437502,0.20399297395834992,60,120,Piano RH,70770,94,Acoustic Grand Piano _ 2
152.30062520833337,0.20246468749999735,64,120,Piano RH,70864,92,Acoustic Grand Piano _ 2
152.51189270833336,0.20629203125000117,69,120,Piano RH,70960,92,Acoustic Grand Piano _ 2
152.72724270833336,0.4276172291666569,71,120,Piano RH,71056,188,Acoustic Grand Piano _ 2
153.61194929166666,0.22000554166666575,72,120,Piano RH,71440,92,Acoustic Grand Piano _ 2
153.39273296875,0.6820102395833203,62,120,Piano RH,71346,286,Acoustic Grand Piano _ 2
153.84637789583334,0.2283653124999887,71,120,Piano RH,71538,94,Acoustic Grand Piano _ 2
154.07962602083333,0.9548850625000114,60,120,Piano RH,71634,382,Acoustic Grand Piano _ 2
154.07962602083333,0.9548850625000114,69,120,Piano RH,71634,382,Acoustic Grand Piano _ 2
1.6041666666666665,0.1958333333333333,45,120,Piano LH,786,94,Acoustic Grand Piano _ 1
1.7999999999999998,0.19166666666666665,52,120,Piano LH,880,92,Acoustic Grand Piano _ 1
1.9999999999999998,0.19166666666666687,57,120,Piano LH,976,92,Acoustic Grand Piano _ 1
2.8041666666666667,0.1958333333333333,40,120,Piano LH,1362,94,Acoustic Grand Piano _ 1
3.0,0.19166666666666687,52,120,Piano LH,1456,92,Acoustic Grand Piano _ 1
3.2041666666666666,0.1958333333333333,56,120,Piano LH,1554,94,Acoustic Grand Piano _ 1
4.004166666666666,0.19583333333333375,45,120,Piano LH,1938,94,Acoustic Grand Piano _ 1
4.204166666666667,0.19583333333333375,52,120,Piano LH,2034,94,Acoustic Grand Piano _ 1
4.404166666666667,0.19583333333333286,57,120,Piano LH,2130,94,Acoustic Grand Piano _ 1
6.404166666666667,0.19583333333333286,45,120,Piano LH,3090,94,Acoustic Grand Piano _ 1
6.6,0.19166666666666732,52,120,Piano LH,3184,92,Acoustic Grand Piano _ 1
6.8,0.19166666666666643,57,120,Piano LH,3280,92,Acoustic Grand Piano _ 1
7.604166666666667,0.19583333333333286,40,120,Piano LH,3666,94,Acoustic Grand Piano _ 1
7.804166666666666,0.19583333333333375,52,120,Piano LH,3762,94,Acoustic Grand Piano _ 1
8.0,0.19166666666666643,56,120,Piano LH,3856,92,Acoustic Grand Piano _ 1
8.804166666666667,0.19583333333333286,45,120,Piano LH,4242,94,Acoustic Grand Piano _ 1
9.0,0.19166666666666643,52,120,Piano LH,4336,92,Acoustic Grand Piano _ 1
9.2,0.1916666666666682,57,120,Piano LH,4432,92,Acoustic Grand Piano _ 1
11.273409374999996,0.19166666666666643,45,120,Piano LH,5392,92,Acoustic Grand Piano _ 1
11.477576041666662,0.19583333333333286,52,120,Piano LH,5490,94,Acoustic Grand Piano _ 1
11.677576041666661,0.19583333333333464,57,120,Piano LH,5586,94,Acoustic Grand Piano _ 1
12.473409374999996,0.19166666666666643,40,120,Piano LH,5968,92,Acoustic Grand Piano _ 1
12.673409374999995,0.1916666666666682,52,120,Piano LH,6064,92,Acoustic Grand Piano _ 1
12.873409374999996,0.19166666666666643,56,120,Piano LH,6160,92,Acoustic Grand Piano _ 1
13.673409374999995,0.1916666666666682,45,120,Piano LH,6544,92,Acoustic Grand Piano _ 1
13.877576041666662,0.19583333333333286,52,120,Piano LH,6642,94,Acoustic Grand Piano _ 1
14.077576041666662,0.19583333333333286,57,120,Piano LH,6738,94,Acoustic Grand Piano _ 1
16.073409374999994,0.19166666666666643,45,120,Piano LH,7696,92,Acoustic Grand Piano _ 1
16.273409374999993,0.19166666666666643,52,120,Piano LH,7792,92,Acoustic Grand Piano _ 1
16.473409374999992,0.19166666666666998,57,120,Piano LH,7888,92,Acoustic Grand Piano _ 1
17.27757604166666,0.19583333333333286,40,120,Piano LH,8274,94,Acoustic Grand Piano _ 1
17.477576041666662,0.19583333333333286,52,120,Piano LH,8370,94,Acoustic Grand Piano _ 1
17.673409374999995,0.19166666666666643,56,120,Piano LH,8464,92,Acoustic Grand Piano _ 1
18.477576041666662,0.19583333333333286,45,120,Piano LH,8850,94,Acoustic Grand Piano _ 1
18.67757604166666,0.19583333333333286,52,120,Piano LH,8946,94,Acoustic Grand Piano _ 1
18.873409374999994,0.19166666666666643,57,120,Piano LH,9040,92,Acoustic Grand Piano _ 1
19.673409374999995,0.19166666666666288,48,120,Piano LH,9424,92,Acoustic Grand Piano _ 1
19.87757604166666,0.19583333333333286,55,120,Piano LH,9522,94,Acoustic Grand Piano _ 1
20.07757604166666,0.19583333333333286,60,120,Piano LH,9618,94,Acoustic Grand Piano _ 1
20.87757604166666,0.19583333333333286,43,120,Piano LH,10002,94,Acoustic Grand Piano _ 1
21.073409374999994,0.19166666666666643,55,120,Piano LH,10096,92,Acoustic Grand Piano _ 1
21.27757604166666,0.19583333333333286,59,120,Piano LH,10194,94,Acoustic Grand Piano _ 1
22.07757604166666,0.19583333333333286,45,120,Piano LH,10578,94,Acoustic Grand Piano _ 1
22.27757604166666,0.19583333333333286,52,120,Piano LH,10674,94,Acoustic Grand Piano _ 1
22.473409374999992,0.19166666666666998,57,120,Piano LH,10768,92,Acoustic Grand Piano _ 1
23.273409374999993,0.19166666666666643,40,120,Piano LH,11152,92,Acoustic Grand Piano _ 1
23.477576041666662,0.19583333333333286,52,120,Piano LH,11250,94,Acoustic Grand Piano _ 1
23.677576041666658,0.1958333333333364,64,120,Piano LH,11346,94,Acoustic Grand Piano _ 1
24.27757604166666,0.19583333333333286,64,120,Piano LH,11634,94,Acoustic Grand Piano _ 1
24.473409374999992,0.19166666666666998,76,120,Piano LH,11728,92,Acoustic Grand Piano _ 1
25.073409374999994,0.19166666666666643,75,120,Piano LH,12016,92,Acoustic Grand Piano _ 1
25.27757604166666,0.19583333333333286,76,120,Piano LH,12114,94,Acoustic Grand Piano _ 1
25.873409374999994,0.19166666666666643,75,120,Piano LH,12400,92,Acoustic Grand Piano _ 1
26.07757604166666,0.19583333333333286,76,120,Piano LH,12498,94,Acoustic Grand Piano _ 1
28.236459916666654,0.2138075312500014,45,120,Piano LH,13456,92,Acoustic Grand Piano _ 1
28.463854401041655,0.20780168229166662,52,120,Piano LH,13554,94,Acoustic Grand Piano _ 1
28.675996359374988,0.2039929739583357,57,120,Piano LH,13650,94,Acoustic Grand Piano _ 1
29.482728958333325,0.19166666666666643,40,120,Piano LH,14032,92,Acoustic Grand Piano _ 1
29.682728958333325,0.19166666666666643,52,120,Piano LH,14128,92,Acoustic Grand Piano _ 1
29.882728958333324,0.19166666666666643,56,120,Piano LH,14224,92,Acoustic Grand Piano _ 1
30.68689562499999,0.19583333333333286,45,120,Piano LH,14610,94,Acoustic Grand Piano _ 1
30.88689562499999,0.19583333333333286,52,120,Piano LH,14706,94,Acoustic Grand Piano _ 1
31.086895624999993,0.19583333333333286,57,120,Piano LH,14802,94,Acoustic Grand Piano _ 1
33.08272895833333,0.19166666666666998,45,120,Piano LH,15760,92,Acoustic Grand Piano _ 1
33.28689562499999,0.19583333333333286,52,120,Piano LH,15858,94,Acoustic Grand Piano _ 1
33.486895624999995,0.19583333333333286,57,120,Piano LH,15954,94,Acoustic Grand Piano _ 1
34.28689562499999,0.19583333333333286,40,120,Piano LH,16338,94,Acoustic Grand Piano _ 1
34.486895624999995,0.19583333333333286,52,120,Piano LH,16434,94,Acoustic Grand Piano _ 1
34.686895625,0.19583333333333286,56,120,Piano LH,16530,94,Acoustic Grand Piano _ 1
35.482728958333325,0.19166666666666998,45,120,Piano LH,16912,92,Acoustic Grand Piano _ 1
35.68272895833333,0.19166666666666998,52,120,Piano LH,17008,92,Acoustic Grand Piano _ 1
35.88272895833333,0.19166666666666288,57,120,Piano LH,17104,92,Acoustic Grand Piano _ 1
36.686895625,0.19583333333333286,48,120,Piano LH,17490,94,Acoustic Grand Piano _ 1
36.88272895833333,0.19166666666666288,55,120,Piano LH,17584,92,Acoustic Grand Piano _ 1
37.08272895833333,0.19166666666666998,60,120,Piano LH,17680,92,Acoustic Grand Piano _ 1
37.88272895833333,0.19166666666666288,43,120,Piano LH,18064,92,Acoustic Grand Piano _ 1
38.086895625,0.19583333333333286,55,120,Piano LH,18162,94,Acoustic Grand Piano _ 1
38.286895625,0.19583333333332575,59,120,Piano LH,18258,94,Acoustic Grand Piano _ 1
39.08272895833333,0.19166666666666998,45,120,Piano LH,18640,92,Acoustic Grand Piano _ 1
39.28272895833333,0.19166666666666998,52,120,Piano LH,18736,92,Acoustic Grand Piano _ 1
39.482728958333325,0.19166666666666998,57,120,Piano LH,18832,92,Acoustic Grand Piano _ 1
40.286895625,0.19583333333332575,40,120,Piano LH,19218,94,Acoustic Grand Piano _ 1
40.482728958333325,0.19166666666666998,52,120,Piano LH,19312,92,Acoustic Grand Piano _ 1
40.68689562499999,0.19583333333333997,64,120,Piano LH,19410,94,Acoustic Grand Piano _ 1
41.286895625,0.19583333333332575,64,120,Piano LH,19698,94,Acoustic Grand Piano _ 1
41.482728958333325,0.19166666666666998,76,120,Piano LH,19792,92,Acoustic Grand Piano _ 1
42.086895625,0.19583333333333286,75,120,Piano LH,20082,94,Acoustic Grand Piano _ 1
42.28272895833333,0.19166666666666288,76,120,Piano LH,20176,92,Acoustic Grand Piano _ 1
42.88272895833333,0.19166666666666288,75,120,Piano LH,20464,92,Acoustic Grand Piano _ 1
43.08272895833333,0.19166666666666998,76,120,Piano LH,20560,92,Acoustic Grand Piano _ 1
45.32907569270833,0.22999372395833007,45,120,Piano LH,21522,94,Acoustic Grand Piano _ 1
45.563877104166664,0.22136897916666953,52,120,Piano LH,21618,94,Acoustic Grand Piano _ 1
45.785246083333334,0.2097308958333315,57,120,Piano LH,21712,92,Acoustic Grand Piano _ 1
46.61491754166668,0.19166666666666998,40,120,Piano LH,22096,92,Acoustic Grand Piano _ 1
46.819084208333344,0.19583333333333286,52,120,Piano LH,22194,94,Acoustic Grand Piano _ 1
47.01908420833335,0.19583333333333286,56,120,Piano LH,22290,94,Acoustic Grand Piano _ 1
47.819084208333344,0.19583333333333286,45,120,Piano LH,22674,94,Acoustic Grand Piano _ 1
48.01908420833335,0.19583333333333286,52,120,Piano LH,22770,94,Acoustic Grand Piano _ 1
48.21491754166668,0.19166666666666288,57,120,Piano LH,22864,92,Acoustic Grand Piano _ 1
50.21491754166668,0.19166666666666288,45,120,Piano LH,23824,92,Acoustic Grand Piano _ 1
50.41491754166668,0.19166666666666288,52,120,Piano LH,23920,92,Acoustic Grand Piano _ 1
50.61908420833335,0.19583333333333286,57,120,Piano LH,24018,94,Acoustic Grand Piano _ 1
51.41491754166668,0.19166666666666288,40,120,Piano LH,24400,92,Acoustic Grand Piano _ 1
51.61491754166668,0.19166666666666998,52,120,Piano LH,24496,92,Acoustic Grand Piano _ 1
51.81491754166668,0.19166666666666288,56,120,Piano LH,24592,92,Acoustic Grand Piano _ 1
52.61491754166668,0.19166666666666998,45,120,Piano LH,24976,92,Acoustic Grand Piano _ 1
52.819084208333344,0.19583333333333286,52,120,Piano LH,25074,94,Acoustic Grand Piano _ 1
53.01491754166668,0.19166666666666998,57,120,Piano LH,25168,92,Acoustic Grand Piano _ 1
53.21908420833334,0.19674654166666983,58,120,Piano LH,25266,94,Acoustic Grand Piano _ 1
53.21908420833334,0.19674654166666983,60,120,Piano LH,25266,94,Acoustic Grand Piano _ 1
53.42011156770835,0.2026254322916614,57,120,Piano LH,25362,94,Acoustic Grand Piano _ 1
53.42011156770835,0.2026254322916614,60,120,Piano LH,25362,94,Acoustic Grand Piano _ 1
53.627077276041675,0.20550264062499934,58,120,Piano LH,25458,94,Acoustic Grand Piano _ 1
53.627077276041675,0.20550264062499934,55,120,Piano LH,25458,94,Acoustic Grand Piano _ 1
53.627077276041675,0.20550264062499934,60,120,Piano LH,25458,94,Acoustic Grand Piano _ 1
53.832579916666674,0.21130752083332993,53,120,Piano LH,25552,92,Acoustic Grand Piano _ 1
54.05321579166667,0.2228602916666631,57,120,Piano LH,25648,92,Acoustic Grand Piano _ 1
54.285841708333336,0.224609375,60,120,Piano LH,25744,92,Acoustic Grand Piano _ 1
54.525099520833336,0.2357923958333359,57,120,Piano LH,25842,94,Acoustic Grand Piano _ 1
54.765932234375,0.23689493229166914,60,120,Piano LH,25938,94,Acoustic Grand Piano _ 1
55.007867484375005,0.23689493229166203,57,120,Piano LH,26034,94,Acoustic Grand Piano _ 1
55.24476241666667,0.2283895000000058,53,120,Piano LH,26128,92,Acoustic Grand Piano _ 1
55.48291754166667,0.224609375,58,120,Piano LH,26224,92,Acoustic Grand Piano _ 1
55.71729254166667,0.21859739583333493,62,120,Piano LH,26320,92,Acoustic Grand Piano _ 1
55.949882468750005,0.21380861458333555,58,120,Piano LH,26418,94,Acoustic Grand Piano _ 1
56.16369108333334,0.20833328124999895,62,120,Piano LH,26512,92,Acoustic Grand Piano _ 1
56.38561131770834,0.21286226562500588,58,120,Piano LH,26610,94,Acoustic Grand Piano _ 1
56.598473583333345,0.20833328124999895,53,120,Piano LH,26704,92,Acoustic Grand Piano _ 1
56.82039381770834,0.21286226562499877,62,120,Piano LH,26802,94,Acoustic Grand Piano _ 1
57.03778506770834,0.21286226562499877,55,120,Piano LH,26898,94,Acoustic Grand Piano _ 1
57.03778506770834,0.21286226562499877,58,120,Piano LH,26898,94,Acoustic Grand Piano _ 1
57.03778506770834,0.21286226562499877,53,120,Piano LH,26898,94,Acoustic Grand Piano _ 1
57.25517631770834,0.21286226562499877,62,120,Piano LH,26994,94,Acoustic Grand Piano _ 1
57.46803858333334,0.20833328125000605,58,120,Piano LH,27088,92,Acoustic Grand Piano _ 1
57.47256756770834,0.21286226562500588,55,120,Piano LH,27090,94,Acoustic Grand Piano _ 1
57.47256756770834,0.21286226562500588,53,120,Piano LH,27090,94,Acoustic Grand Piano _ 1
57.685429833333345,0.20833328124999895,62,120,Piano LH,27184,92,Acoustic Grand Piano _ 1
57.90282108333334,0.20833328124999895,53,120,Piano LH,27280,92,Acoustic Grand Piano _ 1
58.12021233333334,0.20833328124999895,57,120,Piano LH,27376,92,Acoustic Grand Piano _ 1
58.33760358333334,0.20833328124999895,60,120,Piano LH,27472,92,Acoustic Grand Piano _ 1
58.55952381770834,0.21286226562500588,57,120,Piano LH,27570,94,Acoustic Grand Piano _ 1
58.772386083333345,0.20833328124999895,60,120,Piano LH,27664,92,Acoustic Grand Piano _ 1
58.99430631770834,0.21286226562499877,57,120,Piano LH,27762,94,Acoustic Grand Piano _ 1
59.21169756770834,0.21286226562499877,53,120,Piano LH,27858,94,Acoustic Grand Piano _ 1
59.42908881770834,0.21286226562499877,57,120,Piano LH,27954,94,Acoustic Grand Piano _ 1
59.64648006770834,0.21286226562500588,60,120,Piano LH,28050,94,Acoustic Grand Piano _ 1
59.863871317708345,0.21286226562499877,57,120,Piano LH,28146,94,Acoustic Grand Piano _ 1
60.07673358333334,0.20833328124999895,60,120,Piano LH,28240,92,Acoustic Grand Piano _ 1
60.29865381770834,0.21286226562499877,57,120,Piano LH,28338,94,Acoustic Grand Piano _ 1
60.51604506770834,0.21286226562499877,52,120,Piano LH,28434,94,Acoustic Grand Piano _ 1
60.72890733333334,0.20833328125000605,57,120,Piano LH,28528,92,Acoustic Grand Piano _ 1
60.946298583333345,0.20833328124999895,60,120,Piano LH,28624,92,Acoustic Grand Piano _ 1
61.16368983333334,0.20833328124999895,57,120,Piano LH,28720,92,Acoustic Grand Piano _ 1
61.38561006770834,0.21286226562499877,50,120,Piano LH,28818,94,Acoustic Grand Piano _ 1
61.38561006770834,0.21286226562499877,62,120,Piano LH,28818,94,Acoustic Grand Piano _ 1
61.60300131770834,0.21286226562499877,53,120,Piano LH,28914,94,Acoustic Grand Piano _ 1
61.81586358333334,0.20833328124999895,55,120,Piano LH,29008,92,Acoustic Grand Piano _ 1
62.033254833333345,0.20833328124999895,64,120,Piano LH,29104,92,Acoustic Grand Piano _ 1
62.25064608333334,0.20833328124999895,55,120,Piano LH,29200,92,Acoustic Grand Piano _ 1
62.46803733333334,0.20833328124999895,64,120,Piano LH,29296,92,Acoustic Grand Piano _ 1
62.68995756770834,0.21286226562499877,55,120,Piano LH,29394,94,Acoustic Grand Piano _ 1
62.90734881770834,0.21286226562500588,65,120,Piano LH,29490,94,Acoustic Grand Piano _ 1
63.124740067708345,0.21286226562499877,60,120,Piano LH,29586,94,Acoustic Grand Piano _ 1
63.124740067708345,0.21286226562499877,64,120,Piano LH,29586,94,Acoustic Grand Piano _ 1
63.77691381770834,0.21286226562499877,65,120,Piano LH,29874,94,Acoustic Grand Piano _ 1
63.77691381770834,0.21286226562499877,67,120,Piano LH,29874,94,Acoustic Grand Piano _ 1
63.98977608333334,0.20833328125000605,67,120,Piano LH,29968,92,Acoustic Grand Piano _ 1
63.98977608333334,0.20833328125000605,64,120,Piano LH,29968,92,Acoustic Grand Piano _ 1
64.20716733333335,0.20833328124999184,65,120,Piano LH,30064,92,Acoustic Grand Piano _ 1
64.20716733333335,0.20833328124999184,67,120,Piano LH,30064,92,Acoustic Grand Piano _ 1
64.20716733333335,0.20833328124999184,62,120,Piano LH,30064,92,Acoustic Grand Piano _ 1
64.42455858333334,0.20833328125000605,67,120,Piano LH,30160,92,Acoustic Grand Piano _ 1
64.42908756770834,0.21286226562500588,64,120,Piano LH,30162,94,Acoustic Grand Piano _ 1
64.42908756770834,0.21286226562500588,60,120,Piano LH,30162,94,Acoustic Grand Piano _ 1
64.85934108333333,0.42572453125001175,57,120,Piano LH,30352,188,Acoustic Grand Piano _ 1
64.86387006770835,0.43025351562499736,53,120,Piano LH,30354,190,Acoustic Grand Piano _ 1
65.29412358333335,0.20833328124999184,59,120,Piano LH,30544,92,Acoustic Grand Piano _ 1
65.29865256770834,0.21286226562499166,55,120,Piano LH,30546,94,Acoustic Grand Piano _ 1
65.72890608333334,0.20833328125000605,60,120,Piano LH,30736,92,Acoustic Grand Piano _ 1
66.38107983333335,0.20833328124999184,67,120,Piano LH,31024,92,Acoustic Grand Piano _ 1
66.38560881770834,0.21286226562499166,65,120,Piano LH,31026,94,Acoustic Grand Piano _ 1
66.59847108333334,0.20833328125000605,67,120,Piano LH,31120,92,Acoustic Grand Piano _ 1
66.60300006770834,0.21286226562500588,64,120,Piano LH,31122,94,Acoustic Grand Piano _ 1
66.81586233333334,0.20833328124999184,67,120,Piano LH,31216,92,Acoustic Grand Piano _ 1
66.81586233333334,0.20833328124999184,62,120,Piano LH,31216,92,Acoustic Grand Piano _ 1
66.82039131770834,0.21286226562499166,65,120,Piano LH,31218,94,Acoustic Grand Piano _ 1
67.03325358333333,0.20833328125000605,64,120,Piano LH,31312,92,Acoustic Grand Piano _ 1
67.03778256770835,0.21286226562499166,67,120,Piano LH,31314,94,Acoustic Grand Piano _ 1
67.03778256770835,0.21286226562499166,60,120,Piano LH,31314,94,Acoustic Grand Piano _ 1
67.47256506770835,0.21286226562499166,53,120,Piano LH,31506,94,Acoustic Grand Piano _ 1
67.47256506770835,0.21286226562499166,57,120,Piano LH,31506,94,Acoustic Grand Piano _ 1
67.90281858333334,0.20833328125000605,59,120,Piano LH,31696,92,Acoustic Grand Piano _ 1
67.90281858333334,0.20833328125000605,55,120,Piano LH,31696,92,Acoustic Grand Piano _ 1
68.34213006770834,0.43025351562499736,59,120,Piano LH,31890,190,Acoustic Grand Piano _ 1
68.34213006770834,0.43025351562499736,56,120,Piano LH,31890,190,Acoustic Grand Piano _ 1
72.710260640625,0.3192932760416767,75,120,Piano LH,33522,94,Acoustic Grand Piano _ 1
73.036347390625,0.3192932760416767,76,120,Piano LH,33618,94,Acoustic Grand Piano _ 1
74.012060125,0.3018229166666515,75,120,Piano LH,33906,94,Acoustic Grand Piano _ 1
74.31388304166666,0.27371082291665516,76,120,Piano LH,34000,92,Acoustic Grand Piano _ 1
76.1162494583333,0.18914457291666054,45,120,Piano LH,34768,92,Acoustic Grand Piano _ 1
76.31772954687496,0.19325641145833572,52,120,Piano LH,34866,94,Acoustic Grand Piano _ 1
76.51509779687497,0.1932564114583215,57,120,Piano LH,34962,94,Acoustic Grand Piano _ 1
77.30457079687497,0.1932564114583215,40,120,Piano LH,35346,94,Acoustic Grand Piano _ 1
77.50193904687497,0.19325641145833572,52,120,Piano LH,35442,94,Acoustic Grand Piano _ 1
77.69930729687496,0.19325641145833572,56,120,Piano LH,35538,94,Acoustic Grand Piano _ 1
78.4846684583333,0.18914457291666054,45,120,Piano LH,35920,92,Acoustic Grand Piano _ 1
78.68614854687496,0.19325641145833572,52,120,Piano LH,36018,94,Acoustic Grand Piano _ 1
78.8794049583333,0.18914457291666054,57,120,Piano LH,36112,92,Acoustic Grand Piano _ 1
80.85719929687497,0.19325641145833572,45,120,Piano LH,37074,94,Acoustic Grand Piano _ 1
81.0504557083333,0.18914457291666054,52,120,Piano LH,37168,92,Acoustic Grand Piano _ 1
81.25193579687496,0.19325641145833572,57,120,Piano LH,37266,94,Acoustic Grand Piano _ 1
82.0372969583333,0.18914457291666054,40,120,Piano LH,37648,92,Acoustic Grand Piano _ 1
82.2346652083333,0.18914457291666054,52,120,Piano LH,37744,92,Acoustic Grand Piano _ 1
82.4320334583333,0.18914457291667475,56,120,Piano LH,37840,92,Acoustic Grand Piano _ 1
83.2215064583333,0.18914457291666054,45,120,Piano LH,38224,92,Acoustic Grand Piano _ 1
83.41887470833329,0.18914457291667475,52,120,Piano LH,38320,92,Acoustic Grand Piano _ 1
83.6162429583333,0.18914457291666054,57,120,Piano LH,38416,92,Acoustic Grand Piano _ 1
84.4057159583333,0.18914457291666054,48,120,Piano LH,38800,92,Acoustic Grand Piano _ 1
84.60719604687496,0.19325641145833572,55,120,Piano LH,38898,94,Acoustic Grand Piano _ 1
84.8004524583333,0.18914457291666054,60,120,Piano LH,38992,92,Acoustic Grand Piano _ 1
85.5899254583333,0.18914457291666054,43,120,Piano LH,39376,92,Acoustic Grand Piano _ 1
85.79140554687497,0.1932564114583215,55,120,Piano LH,39474,94,Acoustic Grand Piano _ 1
85.98466195833329,0.18914457291667475,59,120,Piano LH,39568,92,Acoustic Grand Piano _ 1
86.77824679687497,0.19325641145833572,45,120,Piano LH,39954,94,Acoustic Grand Piano _ 1
86.9715032083333,0.18914457291666054,52,120,Piano LH,40048,92,Acoustic Grand Piano _ 1
87.17298329687496,0.19325641145833572,57,120,Piano LH,40146,94,Acoustic Grand Piano _ 1
87.96245629687496,0.19325641145833572,40,120,Piano LH,40530,94,Acoustic Grand Piano _ 1
88.15982454687496,0.19325641145833572,52,120,Piano LH,40626,94,Acoustic Grand Piano _ 1
88.35719279687497,0.1932564114583215,64,120,Piano LH,40722,94,Acoustic Grand Piano _ 1
88.9451857083333,0.18914457291666054,64,120,Piano LH,41008,92,Acoustic Grand Piano _ 1
89.1425539583333,0.18914457291667475,76,120,Piano LH,41104,92,Acoustic Grand Piano _ 1
89.73877054687496,0.19325641145833572,75,120,Piano LH,41394,94,Acoustic Grand Piano _ 1
89.93613879687496,0.19325641145833572,76,120,Piano LH,41490,94,Acoustic Grand Piano _ 1
90.52824354687496,0.19325641145833572,75,120,Piano LH,41778,94,Acoustic Grand Piano _ 1
90.72561179687496,0.19325641145833572,76,120,Piano LH,41874,94,Acoustic Grand Piano _ 1
92.69929429687497,0.1932564114583215,45,120,Piano LH,42834,94,Acoustic Grand Piano _ 1
92.89666254687496,0.19325641145833572,52,120,Piano LH,42930,94,Acoustic Grand Piano _ 1
93.09403079687496,0.19325641145833572,57,120,Piano LH,43026,94,Acoustic Grand Piano _ 1
93.8793919583333,0.18914457291666054,40,120,Piano LH,43408,92,Acoustic Grand Piano _ 1
94.08087204687496,0.19325641145833572,52,120,Piano LH,43506,94,Acoustic Grand Piano _ 1
94.27824029687497,0.1932564114583215,56,120,Piano LH,43602,94,Acoustic Grand Piano _ 1
95.06771329687496,0.19325641145833572,45,120,Piano LH,43986,94,Acoustic Grand Piano _ 1
95.26508154687497,0.1932564114583215,52,120,Piano LH,44082,94,Acoustic Grand Piano _ 1
95.46244979687496,0.19325641145833572,57,120,Piano LH,44178,94,Acoustic Grand Piano _ 1
97.43613229687496,0.19325641145833572,45,120,Piano LH,45138,94,Acoustic Grand Piano _ 1
97.63350054687496,0.19325641145834993,52,120,Piano LH,45234,94,Acoustic Grand Piano _ 1
97.8267569583333,0.18914457291666054,57,120,Piano LH,45328,92,Acoustic Grand Piano _ 1
98.62034179687497,0.19325641145833572,40,120,Piano LH,45714,94,Acoustic Grand Piano _ 1
98.81771004687496,0.19325641145833572,52,120,Piano LH,45810,94,Acoustic Grand Piano _ 1
99.01507829687496,0.19325641145833572,56,120,Piano LH,45906,94,Acoustic Grand Piano _ 1
99.8004394583333,0.18914457291666054,45,120,Piano LH,46288,92,Acoustic Grand Piano _ 1
100.00191954687496,0.19325641145833572,45,120,Piano LH,46386,94,Acoustic Grand Piano _ 1
100.19928779687496,0.19325641145834993,45,120,Piano LH,46482,94,Acoustic Grand Piano _ 1
100.39665604687497,0.19325641145833572,45,120,Piano LH,46578,94,Acoustic Grand Piano _ 1
100.59402429687496,0.19325641145833572,45,120,Piano LH,46674,94,Acoustic Grand Piano _ 1
100.79139254687496,0.19325641145833572,45,120,Piano LH,46770,94,Acoustic Grand Piano _ 1
100.9846489583333,0.18914457291667475,45,120,Piano LH,46864,92,Acoustic Grand Piano _ 1
101.18612904687497,0.19325641145833572,45,120,Piano LH,46962,94,Acoustic Grand Piano _ 1
101.3793854583333,0.18914457291666054,45,120,Piano LH,47056,92,Acoustic Grand Piano _ 1
101.58086554687496,0.19325641145833572,45,120,Piano LH,47154,94,Acoustic Grand Piano _ 1
101.7741219583333,0.18914457291666054,45,120,Piano LH,47248,92,Acoustic Grand Piano _ 1
101.9714902083333,0.18914457291667475,45,120,Piano LH,47344,92,Acoustic Grand Piano _ 1
102.17297029687496,0.19325641145833572,45,120,Piano LH,47442,94,Acoustic Grand Piano _ 1
102.37033854687496,0.19325641145833572,45,120,Piano LH,47538,94,Acoustic Grand Piano _ 1
102.56770679687497,0.1932564114583215,45,120,Piano LH,47634,94,Acoustic Grand Piano _ 1
102.76507504687497,0.19325641145833572,45,120,Piano LH,47730,94,Acoustic Grand Piano _ 1
102.96244329687497,0.19325641145833572,45,120,Piano LH,47826,94,Acoustic Grand Piano _ 1
103.15981154687496,0.19325641145833572,45,120,Piano LH,47922,94,Acoustic Grand Piano _ 1
103.35717979687496,0.19325641145833572,45,120,Piano LH,48018,94,Acoustic Grand Piano _ 1
103.55454804687497,0.1932564114583215,45,120,Piano LH,48114,94,Acoustic Grand Piano _ 1
103.75191629687497,0.19325641145833572,45,120,Piano LH,48210,94,Acoustic Grand Piano _ 1
103.9451727083333,0.18914457291666054,45,120,Piano LH,48304,92,Acoustic Grand Piano _ 1
104.14665279687496,0.19325641145833572,45,120,Piano LH,48402,94,Acoustic Grand Piano _ 1
104.34402104687496,0.19325641145833572,45,120,Piano LH,48498,94,Acoustic Grand Piano _ 1
104.54138929687497,0.1932564114583215,45,120,Piano LH,48594,94,Acoustic Grand Piano _ 1
104.73464570833329,0.18914457291667475,45,120,Piano LH,48688,92,Acoustic Grand Piano _ 1
104.9320139583333,0.18914457291666054,45,120,Piano LH,48784,92,Acoustic Grand Piano _ 1
105.13349404687497,0.1932564114583215,45,120,Piano LH,48882,94,Acoustic Grand Piano _ 1
105.33086229687497,0.19325641145833572,45,120,Piano LH,48978,94,Acoustic Grand Piano _ 1
105.5241187083333,0.18914457291666054,45,120,Piano LH,49072,92,Acoustic Grand Piano _ 1
105.7214869583333,0.18914457291666054,45,120,Piano LH,49168,92,Acoustic Grand Piano _ 1
105.72559879687496,0.19325641145833572,38,120,Piano LH,49170,94,Acoustic Grand Piano _ 1
105.9188552083333,0.18914457291666054,38,120,Piano LH,49264,92,Acoustic Grand Piano _ 1
105.92296704687496,0.19325641145833572,45,120,Piano LH,49266,94,Acoustic Grand Piano _ 1
106.1162234583333,0.18914457291667475,38,120,Piano LH,49360,92,Acoustic Grand Piano _ 1
106.1162234583333,0.18914457291667475,45,120,Piano LH,49360,92,Acoustic Grand Piano _ 1
106.31359170833329,0.18914457291667475,38,120,Piano LH,49456,92,Acoustic Grand Piano _ 1
106.31359170833329,0.18914457291667475,45,120,Piano LH,49456,92,Acoustic Grand Piano _ 1
106.5109599583333,0.18914457291666054,45,120,Piano LH,49552,92,Acoustic Grand Piano _ 1
106.5109599583333,0.18914457291666054,38,120,Piano LH,49552,92,Acoustic Grand Piano _ 1
106.7083282083333,0.18914457291666054,38,120,Piano LH,49648,92,Acoustic Grand Piano _ 1
106.71244004687496,0.19325641145833572,45,120,Piano LH,49650,94,Acoustic Grand Piano _ 1
106.9056964583333,0.18914457291666054,39,120,Piano LH,49744,92,Acoustic Grand Piano _ 1
106.90980829687496,0.19325641145833572,45,120,Piano LH,49746,94,Acoustic Grand Piano _ 1
107.10306470833329,0.18914457291667475,45,120,Piano LH,49840,92,Acoustic Grand Piano _ 1
107.10306470833329,0.18914457291667475,39,120,Piano LH,49840,92,Acoustic Grand Piano _ 1
107.30043295833329,0.18914457291667475,39,120,Piano LH,49936,92,Acoustic Grand Piano _ 1
107.30454479687496,0.19325641145833572,45,120,Piano LH,49938,94,Acoustic Grand Piano _ 1
107.4978012083333,0.18914457291666054,45,120,Piano LH,50032,92,Acoustic Grand Piano _ 1
107.50191304687496,0.19325641145833572,39,120,Piano LH,50034,94,Acoustic Grand Piano _ 1
107.69928129687497,0.1932564114583215,45,120,Piano LH,50130,94,Acoustic Grand Piano _ 1
107.69928129687497,0.1932564114583215,39,120,Piano LH,50130,94,Acoustic Grand Piano _ 1
107.89664954687495,0.19325641145834993,39,120,Piano LH,50226,94,Acoustic Grand Piano _ 1
107.89664954687495,0.19325641145834993,45,120,Piano LH,50226,94,Acoustic Grand Piano _ 1
108.0899059583333,0.18914457291666054,45,120,Piano LH,50320,92,Acoustic Grand Piano _ 1
108.0899059583333,0.18914457291666054,40,120,Piano LH,50320,92,Acoustic Grand Piano _ 1
108.2872742083333,0.18914457291666054,45,120,Piano LH,50416,92,Acoustic Grand Piano _ 1
108.29138604687496,0.19325641145833572,40,120,Piano LH,50418,94,Acoustic Grand Piano _ 1
108.48875429687496,0.19325641145833572,40,120,Piano LH,50514,94,Acoustic Grand Piano _ 1
108.48875429687496,0.19325641145833572,45,120,Piano LH,50514,94,Acoustic Grand Piano _ 1
108.6820107083333,0.18914457291667475,45,120,Piano LH,50608,92,Acoustic Grand Piano _ 1
108.68612254687497,0.1932564114583215,40,120,Piano LH,50610,94,Acoustic Grand Piano _ 1
108.87937895833329,0.18914457291667475,40,120,Piano LH,50704,92,Acoustic Grand Piano _ 1
108.88349079687497,0.19325641145833572,44,120,Piano LH,50706,94,Acoustic Grand Piano _ 1
109.0767472083333,0.18914457291666054,44,120,Piano LH,50800,92,Acoustic Grand Piano _ 1
109.0767472083333,0.18914457291666054,40,120,Piano LH,50800,92,Acoustic Grand Piano _ 1
109.27822729687497,0.1932564114583215,45,120,Piano LH,50898,94,Acoustic Grand Piano _ 1
109.4714837083333,0.18914457291666054,45,120,Piano LH,50992,92,Acoustic Grand Piano _ 1
109.27822729687497,0.3906246614583324,33,120,Piano LH,50898,190,Acoustic Grand Piano _ 1
109.6688519583333,0.18914457291666054,45,120,Piano LH,51088,92,Acoustic Grand Piano _ 1
109.86622020833329,0.18914457291667475,45,120,Piano LH,51184,92,Acoustic Grand Piano _ 1
110.0635884583333,0.18914457291666054,45,120,Piano LH,51280,92,Acoustic Grand Piano _ 1
110.2609567083333,0.18914457291667475,45,120,Piano LH,51376,92,Acoustic Grand Piano _ 1
110.46243679687495,0.19325641145834993,45,120,Piano LH,51474,94,Acoustic Grand Piano _ 1
110.65980504687496,0.19325641145833572,45,120,Piano LH,51570,94,Acoustic Grand Piano _ 1
110.85717329687496,0.19325641145833572,45,120,Piano LH,51666,94,Acoustic Grand Piano _ 1
111.0504297083333,0.18914457291666054,45,120,Piano LH,51760,92,Acoustic Grand Piano _ 1
111.24779795833331,0.18914457291666054,45,120,Piano LH,51856,92,Acoustic Grand Piano _ 1
111.44927804687497,0.19325641145833572,45,120,Piano LH,51954,94,Acoustic Grand Piano _ 1
111.64664629687496,0.19325641145833572,45,120,Piano LH,52050,94,Acoustic Grand Piano _ 1
111.8399027083333,0.18914457291667475,45,120,Piano LH,52144,92,Acoustic Grand Piano _ 1
112.04138279687496,0.19325641145834993,45,120,Piano LH,52242,94,Acoustic Grand Piano _ 1
112.2346392083333,0.18914457291666054,45,120,Piano LH,52336,92,Acoustic Grand Piano _ 1
112.43611929687496,0.19325641145833572,45,120,Piano LH,52434,94,Acoustic Grand Piano _ 1
112.63348754687496,0.19325641145833572,45,120,Piano LH,52530,94,Acoustic Grand Piano _ 1
112.8267439583333,0.18914457291667475,45,120,Piano LH,52624,92,Acoustic Grand Piano _ 1
113.02411220833329,0.18914457291667475,45,120,Piano LH,52720,92,Acoustic Grand Piano _ 1
113.2214804583333,0.18914457291666054,45,120,Piano LH,52816,92,Acoustic Grand Piano _ 1
113.4188487083333,0.18914457291667475,45,120,Piano LH,52912,92,Acoustic Grand Piano _ 1
113.6162169583333,0.18914457291666054,45,120,Piano LH,53008,92,Acoustic Grand Piano _ 1
113.81358520833331,0.18914457291666054,45,120,Piano LH,53104,92,Acoustic Grand Piano _ 1
114.01506529687497,0.19325641145833572,46,120,Piano LH,53202,94,Acoustic Grand Piano _ 1
114.2083217083333,0.18914457291666054,46,120,Piano LH,53296,92,Acoustic Grand Piano _ 1
114.40980179687497,0.1932564114583215,46,120,Piano LH,53394,94,Acoustic Grand Piano _ 1
114.60717004687496,0.19325641145834993,46,120,Piano LH,53490,94,Acoustic Grand Piano _ 1
114.80453829687497,0.1932564114583215,46,120,Piano LH,53586,94,Acoustic Grand Piano _ 1
115.00190654687496,0.19325641145833572,46,120,Piano LH,53682,94,Acoustic Grand Piano _ 1
115.19927479687496,0.19325641145833572,46,120,Piano LH,53778,94,Acoustic Grand Piano _ 1
115.39664304687497,0.1932564114583215,46,120,Piano LH,53874,94,Acoustic Grand Piano _ 1
115.58989945833329,0.18914457291667475,46,120,Piano LH,53968,92,Acoustic Grand Piano _ 1
115.7872677083333,0.18914457291666054,46,120,Piano LH,54064,92,Acoustic Grand Piano _ 1
115.98874779687497,0.1932564114583215,46,120,Piano LH,54162,94,Acoustic Grand Piano _ 1
116.18611604687496,0.19325641145834993,46,120,Piano LH,54258,94,Acoustic Grand Piano _ 1
116.37937245833331,0.18914457291666054,46,120,Piano LH,54352,92,Acoustic Grand Piano _ 1
116.57674070833329,0.18914457291667475,46,120,Piano LH,54448,92,Acoustic Grand Piano _ 1
116.77822079687496,0.19325641145833572,46,120,Piano LH,54546,94,Acoustic Grand Piano _ 1
116.9714772083333,0.18914457291667475,46,120,Piano LH,54640,92,Acoustic Grand Piano _ 1
117.1688454583333,0.18914457291666054,46,120,Piano LH,54736,92,Acoustic Grand Piano _ 1
117.37032554687497,0.1932564114583215,46,120,Piano LH,54834,94,Acoustic Grand Piano _ 1
117.56769379687496,0.19325641145833572,47,120,Piano LH,54930,94,Acoustic Grand Piano _ 1
117.76506204687496,0.19325641145833572,47,120,Piano LH,55026,94,Acoustic Grand Piano _ 1
117.96243029687497,0.1932564114583215,47,120,Piano LH,55122,94,Acoustic Grand Piano _ 1
118.15979854687497,0.19325641145833572,47,120,Piano LH,55218,94,Acoustic Grand Piano _ 1
118.35716679687496,0.19325641145833572,47,120,Piano LH,55314,94,Acoustic Grand Piano _ 1
118.55453504687497,0.1932564114583215,47,120,Piano LH,55410,94,Acoustic Grand Piano _ 1
118.75190329687496,0.3906246614583324,48,120,Piano LH,55506,190,Acoustic Grand Piano _ 1
119.9320009583333,0.38651282291665723,52,120,Piano LH,56080,188,Acoustic Grand Piano _ 1
119.93611279687497,0.3906246614583324,56,120,Piano LH,56082,190,Acoustic Grand Piano _ 1
121.1162104583333,0.38651282291665723,33,120,Piano LH,56656,188,Acoustic Grand Piano _ 1
121.9056834583333,0.19373936458332253,57,120,Piano LH,57040,92,Acoustic Grand Piano _ 1
121.90979529687496,0.19818916145833043,64,120,Piano LH,57042,94,Acoustic Grand Piano _ 1
121.90979529687496,0.40852111979167205,60,120,Piano LH,57042,190,Acoustic Grand Piano _ 1
122.31831641666663,0.21130752083332993,64,120,Piano LH,57232,92,Acoustic Grand Piano _ 1
122.31831641666663,0.21130752083332993,60,120,Piano LH,57232,92,Acoustic Grand Piano _ 1
122.32284540104163,0.21610689062499944,57,120,Piano LH,57234,94,Acoustic Grand Piano _ 1
123.26661679166664,0.2557386562500028,57,120,Piano LH,57616,92,Acoustic Grand Piano _ 1
123.26661679166664,0.2557386562500028,60,120,Piano LH,57616,92,Acoustic Grand Piano _ 1
123.27209924479163,0.2616198385416766,64,120,Piano LH,57618,94,Acoustic Grand Piano _ 1
123.8064463333333,0.26136361458334534,64,120,Piano LH,57808,92,Acoustic Grand Piano _ 1
123.8064463333333,0.26136361458334534,57,120,Piano LH,57808,92,Acoustic Grand Piano _ 1
123.81212815104163,0.2670454322916669,60,120,Piano LH,57810,94,Acoustic Grand Piano _ 1
124.9238623333333,0.27122630208333476,64,120,Piano LH,58192,92,Acoustic Grand Piano _ 1
124.92975855729163,0.27712252604166565,57,120,Piano LH,58194,94,Acoustic Grand Piano _ 1
124.92975855729163,0.27712252604166565,60,120,Piano LH,58194,94,Acoustic Grand Piano _ 1
125.4898998333333,0.27122630208333476,57,120,Piano LH,58384,92,Acoustic Grand Piano _ 1
125.4898998333333,0.27122630208333476,64,120,Piano LH,58384,92,Acoustic Grand Piano _ 1
125.4898998333333,0.27122630208333476,60,120,Piano LH,58384,92,Acoustic Grand Piano _ 1
129.8747885,0.19166666666666288,45,120,Piano LH,60112,92,Acoustic Grand Piano _ 1
130.07895516666665,0.19583333333332575,52,120,Piano LH,60210,94,Acoustic Grand Piano _ 1
130.27478849999997,0.1916666666666913,57,120,Piano LH,60304,92,Acoustic Grand Piano _ 1
131.07895516666665,0.19583333333332575,40,120,Piano LH,60690,94,Acoustic Grand Piano _ 1
131.27478849999997,0.1916666666666913,52,120,Piano LH,60784,92,Acoustic Grand Piano _ 1
131.47895516666665,0.19583333333332575,56,120,Piano LH,60882,94,Acoustic Grand Piano _ 1
132.27895516666666,0.19583333333332575,45,120,Piano LH,61266,94,Acoustic Grand Piano _ 1
132.4747885,0.19166666666666288,52,120,Piano LH,61360,92,Acoustic Grand Piano _ 1
132.67478849999998,0.19166666666666288,57,120,Piano LH,61456,92,Acoustic Grand Piano _ 1
134.67478849999998,0.19166666666666288,45,120,Piano LH,62416,92,Acoustic Grand Piano _ 1
134.87895516666666,0.19583333333332575,52,120,Piano LH,62514,94,Acoustic Grand Piano _ 1
135.07895516666665,0.19583333333332575,57,120,Piano LH,62610,94,Acoustic Grand Piano _ 1
135.87895516666666,0.19583333333332575,40,120,Piano LH,62994,94,Acoustic Grand Piano _ 1
136.07895516666665,0.19583333333332575,52,120,Piano LH,63090,94,Acoustic Grand Piano _ 1
136.27895516666666,0.19583333333332575,56,120,Piano LH,63186,94,Acoustic Grand Piano _ 1
137.07478849999998,0.19166666666666288,45,120,Piano LH,63568,92,Acoustic Grand Piano _ 1
137.27895516666666,0.19583333333332575,52,120,Piano LH,63666,94,Acoustic Grand Piano _ 1
137.47895516666665,0.19583333333332575,57,120,Piano LH,63762,94,Acoustic Grand Piano _ 1
138.27895516666663,0.19583333333335418,48,120,Piano LH,64146,94,Acoustic Grand Piano _ 1
138.47895516666665,0.19583333333332575,55,120,Piano LH,64242,94,Acoustic Grand Piano _ 1
138.67895516666664,0.19583333333335418,60,120,Piano LH,64338,94,Acoustic Grand Piano _ 1
139.4747885,0.19166666666666288,43,120,Piano LH,64720,92,Acoustic Grand Piano _ 1
139.67478849999998,0.19166666666666288,55,120,Piano LH,64816,92,Acoustic Grand Piano _ 1
139.87895516666666,0.19583333333332575,59,120,Piano LH,64914,94,Acoustic Grand Piano _ 1
140.67895516666664,0.19583333333335418,45,120,Piano LH,65298,94,Acoustic Grand Piano _ 1
140.87895516666666,0.19583333333332575,52,120,Piano LH,65394,94,Acoustic Grand Piano _ 1
141.07895516666665,0.19583333333332575,57,120,Piano LH,65490,94,Acoustic Grand Piano _ 1
141.87895516666666,0.19583333333332575,40,120,Piano LH,65874,94,Acoustic Grand Piano _ 1
142.07478849999998,0.19166666666666288,52,120,Piano LH,65968,92,Acoustic Grand Piano _ 1
142.27478849999997,0.19166666666666288,64,120,Piano LH,66064,92,Acoustic Grand Piano _ 1
142.8747885,0.19166666666666288,64,120,Piano LH,66352,92,Acoustic Grand Piano _ 1
143.07895516666665,0.19583333333332575,76,120,Piano LH,66450,94,Acoustic Grand Piano _ 1
143.67478849999998,0.19166666666666288,75,120,Piano LH,66736,92,Acoustic Grand Piano _ 1
143.8747885,0.19166666666666288,76,120,Piano LH,66832,92,Acoustic Grand Piano _ 1
144.47895516666665,0.19583333333332575,75,120,Piano LH,67122,94,Acoustic Grand Piano _ 1
144.67478849999998,0.19166666666666288,76,120,Piano LH,67216,92,Acoustic Grand Piano _ 1
146.67478849999998,0.19166666666666288,45,120,Piano LH,68176,92,Acoustic Grand Piano _ 1
146.87895516666666,0.19583333333332575,52,120,Piano LH,68274,94,Acoustic Grand Piano _ 1
147.07895516666665,0.19583333333332575,57,120,Piano LH,68370,94,Acoustic Grand Piano _ 1
147.87895516666666,0.19583333333332575,40,120,Piano LH,68754,94,Acoustic Grand Piano _ 1
148.07478849999998,0.19166666666666288,52,120,Piano LH,68848,92,Acoustic Grand Piano _ 1
148.27895516666663,0.19583333333335418,56,120,Piano LH,68946,94,Acoustic Grand Piano _ 1
149.07478849999998,0.19166666666666288,45,120,Piano LH,69328,92,Acoustic Grand Piano _ 1
149.27478849999997,0.19166666666666288,52,120,Piano LH,69424,92,Acoustic Grand Piano _ 1
149.4747885,0.19166666666666288,57,120,Piano LH,69520,92,Acoustic Grand Piano _ 1
151.4747885,0.19417798958335197,45,120,Piano LH,70480,92,Acoustic Grand Piano _ 1
151.68180894270836,0.20214976562499487,52,120,Piano LH,70578,94,Acoustic Grand Piano _ 1
151.888298984375,0.20399297395834992,57,120,Piano LH,70674,94,Acoustic Grand Piano _ 1
152.73177169270838,0.21286226562497745,40,120,Piano LH,71058,94,Acoustic Grand Piano _ 1
152.94916294270837,0.2150253489583065,52,120,Piano LH,71154,94,Acoustic Grand Piano _ 1
153.16418829166668,0.2145521458333235,56,120,Piano LH,71248,92,Acoustic Grand Piano _ 1
154.07474320833333,0.9495219791666614,33,120,Piano LH,71632,380,Acoustic Grand Piano _ 1
154.07962602083333,0.9548850625000114,45,120,Piano LH,71634,382,Acoustic Grand Piano _ 1
