time_start_sec,duration_sec,pitch,velocity,track,instrument,track_new,time_start_tick,duration_tick
30.46875,0.234375,60,127,Kurt Cobain -Vocals-,Trumpet _ 1,Trumpet _ 1,15840,120
30.703125,0.703125,63,127,Kurt Cobain -Vocals-,Trumpet _ 1,Trumpet _ 1,15960,360
31.171875,0.3125,65,127,Kurt Cobain -Vocals-,Trumpet _ 1,Trumpet _ 1,16200,160
31.640625,0.78125,56,127,Kurt Cobain -Vocals-,Trumpet _ 1,Trumpet _ 1,16440,400
32.8125,0.46875,65,127,Kurt Cobain -Vocals-,Trumpet _ 1,Trumpet _ 1,17040,240
33.28125,0.46875,63,127,Kurt Cobain -Vocals-,Trumpet _ 1,Trumpet _ 1,17280,240
33.75,0.46875,60,127,Kurt Cobain -Vocals-,Trumpet _ 1,Trumpet _ 1,17520,240
34.21875,0.234375,61,127,Kurt Cobain -Vocals-,Trumpet _ 1,Trumpet _ 1,17760,120
34.453125,0.46875,60,127,Kurt Cobain -Vocals-,Trumpet _ 1,Trumpet _ 1,17880,240
34.921875,0.46875,58,127,Kurt Cobain -Vocals-,Trumpet _ 1,Trumpet _ 1,18120,240
35.625,0.46875,56,127,Kurt Cobain -Vocals-,Trumpet _ 1,Trumpet _ 1,18480,240
36.09375,0.46875,58,127,Kurt Cobain -Vocals-,Trumpet _ 1,Trumpet _ 1,18720,240
36.328125,0.46875,60,127,Kurt Cobain -Vocals-,Trumpet _ 1,Trumpet _ 1,18840,240
36.796875,0.234375,58,127,Kurt Cobain -Vocals-,Trumpet _ 1,Trumpet _ 1,19080,120
37.03125,0.234375,56,127,Kurt Cobain -Vocals-,Trumpet _ 1,Trumpet _ 1,19200,120
37.265625,0.234375,55,127,Kurt Cobain -Vocals-,Trumpet _ 1,Trumpet _ 1,19320,120
37.96875,0.234375,60,127,Kurt Cobain -Vocals-,Trumpet _ 1,Trumpet _ 1,19680,120
38.203125,0.703125,63,127,Kurt Cobain -Vocals-,Trumpet _ 1,Trumpet _ 1,19800,360
38.671875,0.3125,65,127,Kurt Cobain -Vocals-,Trumpet _ 1,Trumpet _ 1,20040,160
39.140625,0.78125,56,127,Kurt Cobain -Vocals-,Trumpet _ 1,Trumpet _ 1,20280,400
40.3125,0.46875,65,127,Kurt Cobain -Vocals-,Trumpet _ 1,Trumpet _ 1,20880,240
40.78125,0.46875,63,127,Kurt Cobain -Vocals-,Trumpet _ 1,Trumpet _ 1,21120,240
41.25,0.46875,60,127,Kurt Cobain -Vocals-,Trumpet _ 1,Trumpet _ 1,21360,240
41.71875,0.234375,61,127,Kurt Cobain -Vocals-,Trumpet _ 1,Trumpet _ 1,21600,120
41.953125,0.46875,60,127,Kurt Cobain -Vocals-,Trumpet _ 1,Trumpet _ 1,21720,240
42.421875,0.46875,58,127,Kurt Cobain -Vocals-,Trumpet _ 1,Trumpet _ 1,21960,240
43.125,0.46875,56,127,Kurt Cobain -Vocals-,Trumpet _ 1,Trumpet _ 1,22320,240
43.59375,0.46875,58,127,Kurt Cobain -Vocals-,Trumpet _ 1,Trumpet _ 1,22560,240
43.828125,0.46875,60,127,Kurt Cobain -Vocals-,Trumpet _ 1,Trumpet _ 1,22680,240
44.296875,0.234375,58,127,Kurt Cobain -Vocals-,Trumpet _ 1,Trumpet _ 1,22920,120
44.53125,0.234375,56,127,Kurt Cobain -Vocals-,Trumpet _ 1,Trumpet _ 1,23040,120
44.765625,0.833984375,55,127,Kurt Cobain -Vocals-,Trumpet _ 1,Trumpet _ 1,23160,427
45.46875,0.234375,56,127,Kurt Cobain -Vocals-,Trumpet _ 1,Trumpet _ 1,23520,120
45.703125,0.46875,55,127,Kurt Cobain -Vocals-,Trumpet _ 1,Trumpet _ 1,23640,240
46.40625,0.234375,56,127,Kurt Cobain -Vocals-,Trumpet _ 1,Trumpet _ 1,24000,120
46.640625,0.46875,55,127,Kurt Cobain -Vocals-,Trumpet _ 1,Trumpet _ 1,24120,240
47.34375,0.234375,56,127,Kurt Cobain -Vocals-,Trumpet _ 1,Trumpet _ 1,24480,120
47.578125,0.46875,55,127,Kurt Cobain -Vocals-,Trumpet _ 1,Trumpet _ 1,24600,240
48.046875,0.234375,56,127,Kurt Cobain -Vocals-,Trumpet _ 1,Trumpet _ 1,24840,120
48.28125,0.234375,55,127,Kurt Cobain -Vocals-,Trumpet _ 1,Trumpet _ 1,24960,120
48.515625,0.234375,55,127,Kurt Cobain -Vocals-,Trumpet _ 1,Trumpet _ 1,25080,120
48.75,0.234375,53,127,Kurt Cobain -Vocals-,Trumpet _ 1,Trumpet _ 1,25200,120
49.21875,0.234375,56,127,Kurt Cobain -Vocals-,Trumpet _ 1,Trumpet _ 1,25440,120
49.453125,0.46875,55,127,Kurt Cobain -Vocals-,Trumpet _ 1,Trumpet _ 1,25560,240
50.15625,0.234375,56,127,Kurt Cobain -Vocals-,Trumpet _ 1,Trumpet _ 1,25920,120
50.390625,0.46875,55,127,Kurt Cobain -Vocals-,Trumpet _ 1,Trumpet _ 1,26040,240
51.09375,0.234375,56,127,Kurt Cobain -Vocals-,Trumpet _ 1,Trumpet _ 1,26400,120
51.328125,0.46875,55,127,Kurt Cobain -Vocals-,Trumpet _ 1,Trumpet _ 1,26520,240
51.796875,0.234375,56,127,Kurt Cobain -Vocals-,Trumpet _ 1,Trumpet _ 1,26760,120
52.03125,0.234375,55,127,Kurt Cobain -Vocals-,Trumpet _ 1,Trumpet _ 1,26880,120
52.265625,0.234375,55,127,Kurt Cobain -Vocals-,Trumpet _ 1,Trumpet _ 1,27000,120
52.5,0.234375,53,127,Kurt Cobain -Vocals-,Trumpet _ 1,Trumpet _ 1,27120,120
52.96875,0.234375,56,127,Kurt Cobain -Vocals-,Trumpet _ 1,Trumpet _ 1,27360,120
53.203125,0.46875,55,127,Kurt Cobain -Vocals-,Trumpet _ 1,Trumpet _ 1,27480,240
53.90625,0.234375,56,127,Kurt Cobain -Vocals-,Trumpet _ 1,Trumpet _ 1,27840,120
54.140625,0.46875,55,127,Kurt Cobain -Vocals-,Trumpet _ 1,Trumpet _ 1,27960,240
54.84375,0.234375,56,127,Kurt Cobain -Vocals-,Trumpet _ 1,Trumpet _ 1,28320,120
55.078125,0.46875,55,127,Kurt Cobain -Vocals-,Trumpet _ 1,Trumpet _ 1,28440,240
55.546875,0.234375,56,127,Kurt Cobain -Vocals-,Trumpet _ 1,Trumpet _ 1,28680,120
55.78125,0.234375,55,127,Kurt Cobain -Vocals-,Trumpet _ 1,Trumpet _ 1,28800,120
56.015625,0.234375,55,127,Kurt Cobain -Vocals-,Trumpet _ 1,Trumpet _ 1,28920,120
56.25,0.234375,53,127,Kurt Cobain -Vocals-,Trumpet _ 1,Trumpet _ 1,29040,120
56.71875,0.267578125,56,127,Kurt Cobain -Vocals-,Trumpet _ 1,Trumpet _ 1,29280,137
56.953125,0.576171875,55,127,Kurt Cobain -Vocals-,Trumpet _ 1,Trumpet _ 1,29400,295
57.65625,0.267578125,56,127,Kurt Cobain -Vocals-,Trumpet _ 1,Trumpet _ 1,29760,137
57.890625,0.56640625,55,127,Kurt Cobain -Vocals-,Trumpet _ 1,Trumpet _ 1,29880,290
58.59375,0.267578125,56,127,Kurt Cobain -Vocals-,Trumpet _ 1,Trumpet _ 1,30240,137
59.296875,0.234375,68,127,Kurt Cobain -Vocals-,Trumpet _ 1,Trumpet _ 1,30600,120
58.828125,1.09765625,55,127,Kurt Cobain -Vocals-,Trumpet _ 1,Trumpet _ 1,30360,562
76.40625,0.3125,71,127,Kurt Cobain -Vocals-,Trumpet _ 1,Trumpet _ 1,39360,160
80.15625,0.3125,71,127,Kurt Cobain -Vocals-,Trumpet _ 1,Trumpet _ 1,41280,160
90.46875,0.234375,60,127,Kurt Cobain -Vocals-,Trumpet _ 1,Trumpet _ 1,46560,120
90.703125,0.703125,63,127,Kurt Cobain -Vocals-,Trumpet _ 1,Trumpet _ 1,46680,360
91.171875,0.3125,65,127,Kurt Cobain -Vocals-,Trumpet _ 1,Trumpet _ 1,46920,160
91.640625,0.78125,56,127,Kurt Cobain -Vocals-,Trumpet _ 1,Trumpet _ 1,47160,400
92.8125,0.46875,65,127,Kurt Cobain -Vocals-,Trumpet _ 1,Trumpet _ 1,47760,240
93.28125,0.46875,63,127,Kurt Cobain -Vocals-,Trumpet _ 1,Trumpet _ 1,48000,240
93.75,0.46875,60,127,Kurt Cobain -Vocals-,Trumpet _ 1,Trumpet _ 1,48240,240
94.21875,0.234375,61,127,Kurt Cobain -Vocals-,Trumpet _ 1,Trumpet _ 1,48480,120
94.453125,0.46875,60,127,Kurt Cobain -Vocals-,Trumpet _ 1,Trumpet _ 1,48600,240
94.921875,0.46875,58,127,Kurt Cobain -Vocals-,Trumpet _ 1,Trumpet _ 1,48840,240
95.625,0.46875,56,127,Kurt Cobain -Vocals-,Trumpet _ 1,Trumpet _ 1,49200,240
96.09375,0.46875,58,127,Kurt Cobain -Vocals-,Trumpet _ 1,Trumpet _ 1,49440,240
96.328125,0.46875,60,127,Kurt Cobain -Vocals-,Trumpet _ 1,Trumpet _ 1,49560,240
96.796875,0.234375,58,127,Kurt Cobain -Vocals-,Trumpet _ 1,Trumpet _ 1,49800,120
97.03125,0.234375,56,127,Kurt Cobain -Vocals-,Trumpet _ 1,Trumpet _ 1,49920,120
97.265625,0.234375,55,127,Kurt Cobain -Vocals-,Trumpet _ 1,Trumpet _ 1,50040,120
97.96875,0.234375,60,127,Kurt Cobain -Vocals-,Trumpet _ 1,Trumpet _ 1,50400,120
98.203125,0.703125,63,127,Kurt Cobain -Vocals-,Trumpet _ 1,Trumpet _ 1,50520,360
98.671875,0.3125,65,127,Kurt Cobain -Vocals-,Trumpet _ 1,Trumpet _ 1,50760,160
99.140625,0.78125,56,127,Kurt Cobain -Vocals-,Trumpet _ 1,Trumpet _ 1,51000,400
100.3125,0.46875,65,127,Kurt Cobain -Vocals-,Trumpet _ 1,Trumpet _ 1,51600,240
100.78125,0.46875,63,127,Kurt Cobain -Vocals-,Trumpet _ 1,Trumpet _ 1,51840,240
101.25,0.46875,60,127,Kurt Cobain -Vocals-,Trumpet _ 1,Trumpet _ 1,52080,240
101.71875,0.234375,61,127,Kurt Cobain -Vocals-,Trumpet _ 1,Trumpet _ 1,52320,120
101.953125,0.46875,60,127,Kurt Cobain -Vocals-,Trumpet _ 1,Trumpet _ 1,52440,240
102.421875,0.46875,58,127,Kurt Cobain -Vocals-,Trumpet _ 1,Trumpet _ 1,52680,240
103.125,0.46875,56,127,Kurt Cobain -Vocals-,Trumpet _ 1,Trumpet _ 1,53040,240
103.59375,0.46875,58,127,Kurt Cobain -Vocals-,Trumpet _ 1,Trumpet _ 1,53280,240
103.828125,0.46875,60,127,Kurt Cobain -Vocals-,Trumpet _ 1,Trumpet _ 1,53400,240
104.296875,0.234375,58,127,Kurt Cobain -Vocals-,Trumpet _ 1,Trumpet _ 1,53640,120
104.53125,0.234375,56,127,Kurt Cobain -Vocals-,Trumpet _ 1,Trumpet _ 1,53760,120
104.765625,0.833984375,55,127,Kurt Cobain -Vocals-,Trumpet _ 1,Trumpet _ 1,53880,427
105.46875,0.234375,56,127,Kurt Cobain -Vocals-,Trumpet _ 1,Trumpet _ 1,54240,120
105.703125,0.46875,55,127,Kurt Cobain -Vocals-,Trumpet _ 1,Trumpet _ 1,54360,240
106.40625,0.234375,56,127,Kurt Cobain -Vocals-,Trumpet _ 1,Trumpet _ 1,54720,120
106.640625,0.46875,55,127,Kurt Cobain -Vocals-,Trumpet _ 1,Trumpet _ 1,54840,240
107.34375,0.234375,56,127,Kurt Cobain -Vocals-,Trumpet _ 1,Trumpet _ 1,55200,120
107.578125,0.46875,55,127,Kurt Cobain -Vocals-,Trumpet _ 1,Trumpet _ 1,55320,240
108.046875,0.234375,56,127,Kurt Cobain -Vocals-,Trumpet _ 1,Trumpet _ 1,55560,120
108.28125,0.234375,55,127,Kurt Cobain -Vocals-,Trumpet _ 1,Trumpet _ 1,55680,120
108.515625,0.234375,55,127,Kurt Cobain -Vocals-,Trumpet _ 1,Trumpet _ 1,55800,120
108.75,0.234375,53,127,Kurt Cobain -Vocals-,Trumpet _ 1,Trumpet _ 1,55920,120
109.21875,0.234375,56,127,Kurt Cobain -Vocals-,Trumpet _ 1,Trumpet _ 1,56160,120
109.453125,0.46875,55,127,Kurt Cobain -Vocals-,Trumpet _ 1,Trumpet _ 1,56280,240
110.15625,0.234375,56,127,Kurt Cobain -Vocals-,Trumpet _ 1,Trumpet _ 1,56640,120
110.390625,0.46875,55,127,Kurt Cobain -Vocals-,Trumpet _ 1,Trumpet _ 1,56760,240
111.09375,0.234375,56,127,Kurt Cobain -Vocals-,Trumpet _ 1,Trumpet _ 1,57120,120
111.328125,0.46875,55,127,Kurt Cobain -Vocals-,Trumpet _ 1,Trumpet _ 1,57240,240
111.796875,0.234375,56,127,Kurt Cobain -Vocals-,Trumpet _ 1,Trumpet _ 1,57480,120
112.03125,0.234375,55,127,Kurt Cobain -Vocals-,Trumpet _ 1,Trumpet _ 1,57600,120
112.265625,0.234375,55,127,Kurt Cobain -Vocals-,Trumpet _ 1,Trumpet _ 1,57720,120
112.5,0.234375,53,127,Kurt Cobain -Vocals-,Trumpet _ 1,Trumpet _ 1,57840,120
112.96875,0.234375,56,127,Kurt Cobain -Vocals-,Trumpet _ 1,Trumpet _ 1,58080,120
113.203125,0.46875,55,127,Kurt Cobain -Vocals-,Trumpet _ 1,Trumpet _ 1,58200,240
113.90625,0.234375,56,127,Kurt Cobain -Vocals-,Trumpet _ 1,Trumpet _ 1,58560,120
114.140625,0.46875,55,127,Kurt Cobain -Vocals-,Trumpet _ 1,Trumpet _ 1,58680,240
114.84375,0.234375,56,127,Kurt Cobain -Vocals-,Trumpet _ 1,Trumpet _ 1,59040,120
115.078125,0.46875,55,127,Kurt Cobain -Vocals-,Trumpet _ 1,Trumpet _ 1,59160,240
115.546875,0.234375,56,127,Kurt Cobain -Vocals-,Trumpet _ 1,Trumpet _ 1,59400,120
115.78125,0.234375,55,127,Kurt Cobain -Vocals-,Trumpet _ 1,Trumpet _ 1,59520,120
116.015625,0.234375,55,127,Kurt Cobain -Vocals-,Trumpet _ 1,Trumpet _ 1,59640,120
116.25,0.234375,53,127,Kurt Cobain -Vocals-,Trumpet _ 1,Trumpet _ 1,59760,120
116.71875,0.267578125,56,127,Kurt Cobain -Vocals-,Trumpet _ 1,Trumpet _ 1,60000,137
116.953125,0.576171875,55,127,Kurt Cobain -Vocals-,Trumpet _ 1,Trumpet _ 1,60120,295
117.65625,0.267578125,56,127,Kurt Cobain -Vocals-,Trumpet _ 1,Trumpet _ 1,60480,137
117.890625,0.56640625,55,127,Kurt Cobain -Vocals-,Trumpet _ 1,Trumpet _ 1,60600,290
118.59375,0.267578125,56,127,Kurt Cobain -Vocals-,Trumpet _ 1,Trumpet _ 1,60960,137
119.296875,0.234375,68,127,Kurt Cobain -Vocals-,Trumpet _ 1,Trumpet _ 1,61320,120
118.828125,1.09765625,55,127,Kurt Cobain -Vocals-,Trumpet _ 1,Trumpet _ 1,61080,562
136.40625,0.3125,71,127,Kurt Cobain -Vocals-,Trumpet _ 1,Trumpet _ 1,70080,160
140.15625,0.3125,71,127,Kurt Cobain -Vocals-,Trumpet _ 1,Trumpet _ 1,72000,160
180.46875,0.234375,60,127,Kurt Cobain -Vocals-,Trumpet _ 1,Trumpet _ 1,92640,120
180.703125,0.703125,63,127,Kurt Cobain -Vocals-,Trumpet _ 1,Trumpet _ 1,92760,360
181.171875,0.3125,65,127,Kurt Cobain -Vocals-,Trumpet _ 1,Trumpet _ 1,93000,160
181.640625,0.78125,56,127,Kurt Cobain -Vocals-,Trumpet _ 1,Trumpet _ 1,93240,400
182.8125,0.46875,65,127,Kurt Cobain -Vocals-,Trumpet _ 1,Trumpet _ 1,93840,240
183.28125,0.46875,63,127,Kurt Cobain -Vocals-,Trumpet _ 1,Trumpet _ 1,94080,240
183.75,0.46875,60,127,Kurt Cobain -Vocals-,Trumpet _ 1,Trumpet _ 1,94320,240
184.21875,0.234375,61,127,Kurt Cobain -Vocals-,Trumpet _ 1,Trumpet _ 1,94560,120
184.453125,0.46875,60,127,Kurt Cobain -Vocals-,Trumpet _ 1,Trumpet _ 1,94680,240
184.921875,0.46875,58,127,Kurt Cobain -Vocals-,Trumpet _ 1,Trumpet _ 1,94920,240
185.625,0.46875,56,127,Kurt Cobain -Vocals-,Trumpet _ 1,Trumpet _ 1,95280,240
186.09375,0.46875,58,127,Kurt Cobain -Vocals-,Trumpet _ 1,Trumpet _ 1,95520,240
186.328125,0.46875,60,127,Kurt Cobain -Vocals-,Trumpet _ 1,Trumpet _ 1,95640,240
186.796875,0.234375,58,127,Kurt Cobain -Vocals-,Trumpet _ 1,Trumpet _ 1,95880,120
187.03125,0.234375,56,127,Kurt Cobain -Vocals-,Trumpet _ 1,Trumpet _ 1,96000,120
187.265625,0.234375,55,127,Kurt Cobain -Vocals-,Trumpet _ 1,Trumpet _ 1,96120,120
187.96875,0.234375,60,127,Kurt Cobain -Vocals-,Trumpet _ 1,Trumpet _ 1,96480,120
188.203125,0.703125,63,127,Kurt Cobain -Vocals-,Trumpet _ 1,Trumpet _ 1,96600,360
188.671875,0.3125,65,127,Kurt Cobain -Vocals-,Trumpet _ 1,Trumpet _ 1,96840,160
189.140625,0.78125,56,127,Kurt Cobain -Vocals-,Trumpet _ 1,Trumpet _ 1,97080,400
190.3125,0.46875,65,127,Kurt Cobain -Vocals-,Trumpet _ 1,Trumpet _ 1,97680,240
190.78125,0.46875,63,127,Kurt Cobain -Vocals-,Trumpet _ 1,Trumpet _ 1,97920,240
191.25,0.46875,60,127,Kurt Cobain -Vocals-,Trumpet _ 1,Trumpet _ 1,98160,240
191.71875,0.234375,61,127,Kurt Cobain -Vocals-,Trumpet _ 1,Trumpet _ 1,98400,120
191.953125,0.46875,60,127,Kurt Cobain -Vocals-,Trumpet _ 1,Trumpet _ 1,98520,240
192.421875,0.46875,58,127,Kurt Cobain -Vocals-,Trumpet _ 1,Trumpet _ 1,98760,240
193.125,0.46875,56,127,Kurt Cobain -Vocals-,Trumpet _ 1,Trumpet _ 1,99120,240
193.59375,0.46875,58,127,Kurt Cobain -Vocals-,Trumpet _ 1,Trumpet _ 1,99360,240
193.828125,0.46875,60,127,Kurt Cobain -Vocals-,Trumpet _ 1,Trumpet _ 1,99480,240
194.296875,0.234375,58,127,Kurt Cobain -Vocals-,Trumpet _ 1,Trumpet _ 1,99720,120
194.53125,0.234375,56,127,Kurt Cobain -Vocals-,Trumpet _ 1,Trumpet _ 1,99840,120
194.765625,0.833984375,55,127,Kurt Cobain -Vocals-,Trumpet _ 1,Trumpet _ 1,99960,427
195.46875,0.234375,56,127,Kurt Cobain -Vocals-,Trumpet _ 1,Trumpet _ 1,100320,120
195.703125,0.46875,55,127,Kurt Cobain -Vocals-,Trumpet _ 1,Trumpet _ 1,100440,240
196.40625,0.234375,56,127,Kurt Cobain -Vocals-,Trumpet _ 1,Trumpet _ 1,100800,120
196.640625,0.46875,55,127,Kurt Cobain -Vocals-,Trumpet _ 1,Trumpet _ 1,100920,240
197.34375,0.234375,56,127,Kurt Cobain -Vocals-,Trumpet _ 1,Trumpet _ 1,101280,120
197.578125,0.46875,55,127,Kurt Cobain -Vocals-,Trumpet _ 1,Trumpet _ 1,101400,240
198.046875,0.234375,56,127,Kurt Cobain -Vocals-,Trumpet _ 1,Trumpet _ 1,101640,120
198.28125,0.234375,55,127,Kurt Cobain -Vocals-,Trumpet _ 1,Trumpet _ 1,101760,120
198.515625,0.234375,55,127,Kurt Cobain -Vocals-,Trumpet _ 1,Trumpet _ 1,101880,120
198.75,0.234375,53,127,Kurt Cobain -Vocals-,Trumpet _ 1,Trumpet _ 1,102000,120
199.21875,0.234375,56,127,Kurt Cobain -Vocals-,Trumpet _ 1,Trumpet _ 1,102240,120
199.453125,0.46875,55,127,Kurt Cobain -Vocals-,Trumpet _ 1,Trumpet _ 1,102360,240
200.15625,0.234375,56,127,Kurt Cobain -Vocals-,Trumpet _ 1,Trumpet _ 1,102720,120
200.390625,0.46875,55,127,Kurt Cobain -Vocals-,Trumpet _ 1,Trumpet _ 1,102840,240
201.09375,0.234375,56,127,Kurt Cobain -Vocals-,Trumpet _ 1,Trumpet _ 1,103200,120
201.328125,0.46875,55,127,Kurt Cobain -Vocals-,Trumpet _ 1,Trumpet _ 1,103320,240
201.796875,0.234375,56,127,Kurt Cobain -Vocals-,Trumpet _ 1,Trumpet _ 1,103560,120
202.03125,0.234375,55,127,Kurt Cobain -Vocals-,Trumpet _ 1,Trumpet _ 1,103680,120
202.265625,0.234375,55,127,Kurt Cobain -Vocals-,Trumpet _ 1,Trumpet _ 1,103800,120
202.5,0.234375,53,127,Kurt Cobain -Vocals-,Trumpet _ 1,Trumpet _ 1,103920,120
202.96875,0.234375,56,127,Kurt Cobain -Vocals-,Trumpet _ 1,Trumpet _ 1,104160,120
203.203125,0.46875,55,127,Kurt Cobain -Vocals-,Trumpet _ 1,Trumpet _ 1,104280,240
203.90625,0.234375,56,127,Kurt Cobain -Vocals-,Trumpet _ 1,Trumpet _ 1,104640,120
204.140625,0.46875,55,127,Kurt Cobain -Vocals-,Trumpet _ 1,Trumpet _ 1,104760,240
204.84375,0.234375,56,127,Kurt Cobain -Vocals-,Trumpet _ 1,Trumpet _ 1,105120,120
205.078125,0.46875,55,127,Kurt Cobain -Vocals-,Trumpet _ 1,Trumpet _ 1,105240,240
205.546875,0.234375,56,127,Kurt Cobain -Vocals-,Trumpet _ 1,Trumpet _ 1,105480,120
205.78125,0.234375,55,127,Kurt Cobain -Vocals-,Trumpet _ 1,Trumpet _ 1,105600,120
206.015625,0.234375,55,127,Kurt Cobain -Vocals-,Trumpet _ 1,Trumpet _ 1,105720,120
206.25,0.234375,53,127,Kurt Cobain -Vocals-,Trumpet _ 1,Trumpet _ 1,105840,120
206.71875,0.267578125,56,127,Kurt Cobain -Vocals-,Trumpet _ 1,Trumpet _ 1,106080,137
206.953125,0.576171875,55,127,Kurt Cobain -Vocals-,Trumpet _ 1,Trumpet _ 1,106200,295
207.65625,0.267578125,56,127,Kurt Cobain -Vocals-,Trumpet _ 1,Trumpet _ 1,106560,137
207.890625,0.56640625,55,127,Kurt Cobain -Vocals-,Trumpet _ 1,Trumpet _ 1,106680,290
208.59375,0.267578125,56,127,Kurt Cobain -Vocals-,Trumpet _ 1,Trumpet _ 1,107040,137
209.296875,0.234375,68,127,Kurt Cobain -Vocals-,Trumpet _ 1,Trumpet _ 1,107400,120
208.828125,1.09765625,55,127,Kurt Cobain -Vocals-,Trumpet _ 1,Trumpet _ 1,107160,562
0.0,0.46875,41,127,Kurt Cobain -slap bass-,Slap Bass 2 _ 2,Slap Bass 2 _ 2,240,240
0.0,0.46875,48,127,Kurt Cobain -slap bass-,Slap Bass 2 _ 2,Slap Bass 2 _ 2,240,240
0.0,0.46875,53,127,Kurt Cobain -slap bass-,Slap Bass 2 _ 2,Slap Bass 2 _ 2,240,240
0.46875,0.234375,41,127,Kurt Cobain -slap bass-,Slap Bass 2 _ 2,Slap Bass 2 _ 2,480,120
0.46875,0.234375,48,127,Kurt Cobain -slap bass-,Slap Bass 2 _ 2,Slap Bass 2 _ 2,480,120
0.46875,0.234375,53,127,Kurt Cobain -slap bass-,Slap Bass 2 _ 2,Slap Bass 2 _ 2,480,120
0.8203125,0.0390625,53,127,Kurt Cobain -slap bass-,Slap Bass 2 _ 2,Slap Bass 2 _ 2,660,20
0.8203125,0.0390625,48,127,Kurt Cobain -slap bass-,Slap Bass 2 _ 2,Slap Bass 2 _ 2,660,20
0.8203125,0.0390625,41,127,Kurt Cobain -slap bass-,Slap Bass 2 _ 2,Slap Bass 2 _ 2,660,20
0.9375,0.078125,53,127,Kurt Cobain -slap bass-,Slap Bass 2 _ 2,Slap Bass 2 _ 2,720,40
0.9375,0.078125,48,127,Kurt Cobain -slap bass-,Slap Bass 2 _ 2,Slap Bass 2 _ 2,720,40
0.9375,0.078125,41,127,Kurt Cobain -slap bass-,Slap Bass 2 _ 2,Slap Bass 2 _ 2,720,40
1.0546875,0.0390625,53,127,Kurt Cobain -slap bass-,Slap Bass 2 _ 2,Slap Bass 2 _ 2,780,20
1.0546875,0.0390625,48,127,Kurt Cobain -slap bass-,Slap Bass 2 _ 2,Slap Bass 2 _ 2,780,20
1.0546875,0.0390625,41,127,Kurt Cobain -slap bass-,Slap Bass 2 _ 2,Slap Bass 2 _ 2,780,20
1.171875,0.234375,46,127,Kurt Cobain -slap bass-,Slap Bass 2 _ 2,Slap Bass 2 _ 2,840,120
1.171875,0.234375,53,127,Kurt Cobain -slap bass-,Slap Bass 2 _ 2,Slap Bass 2 _ 2,840,120
1.171875,0.234375,58,127,Kurt Cobain -slap bass-,Slap Bass 2 _ 2,Slap Bass 2 _ 2,840,120
1.40625,0.1171875,46,127,Kurt Cobain -slap bass-,Slap Bass 2 _ 2,Slap Bass 2 _ 2,960,60
1.40625,0.1171875,53,127,Kurt Cobain -slap bass-,Slap Bass 2 _ 2,Slap Bass 2 _ 2,960,60
1.40625,0.1171875,58,127,Kurt Cobain -slap bass-,Slap Bass 2 _ 2,Slap Bass 2 _ 2,960,60
1.640625,0.078125,48,127,Kurt Cobain -slap bass-,Slap Bass 2 _ 2,Slap Bass 2 _ 2,1080,40
1.640625,0.078125,41,127,Kurt Cobain -slap bass-,Slap Bass 2 _ 2,Slap Bass 2 _ 2,1080,40
1.5234375,0.1953125,53,127,Kurt Cobain -slap bass-,Slap Bass 2 _ 2,Slap Bass 2 _ 2,1020,100
1.5234375,0.234375,58,127,Kurt Cobain -slap bass-,Slap Bass 2 _ 2,Slap Bass 2 _ 2,1020,120
1.5234375,0.234375,46,127,Kurt Cobain -slap bass-,Slap Bass 2 _ 2,Slap Bass 2 _ 2,1020,120
1.875,0.46875,44,127,Kurt Cobain -slap bass-,Slap Bass 2 _ 2,Slap Bass 2 _ 2,1200,240
1.875,0.46875,51,127,Kurt Cobain -slap bass-,Slap Bass 2 _ 2,Slap Bass 2 _ 2,1200,240
1.875,0.46875,56,127,Kurt Cobain -slap bass-,Slap Bass 2 _ 2,Slap Bass 2 _ 2,1200,240
2.34375,0.234375,44,127,Kurt Cobain -slap bass-,Slap Bass 2 _ 2,Slap Bass 2 _ 2,1440,120
2.34375,0.234375,51,127,Kurt Cobain -slap bass-,Slap Bass 2 _ 2,Slap Bass 2 _ 2,1440,120
2.34375,0.234375,56,127,Kurt Cobain -slap bass-,Slap Bass 2 _ 2,Slap Bass 2 _ 2,1440,120
2.578125,0.0390625,56,127,Kurt Cobain -slap bass-,Slap Bass 2 _ 2,Slap Bass 2 _ 2,1560,20
2.578125,0.0390625,51,127,Kurt Cobain -slap bass-,Slap Bass 2 _ 2,Slap Bass 2 _ 2,1560,20
2.578125,0.0390625,44,127,Kurt Cobain -slap bass-,Slap Bass 2 _ 2,Slap Bass 2 _ 2,1560,20
2.6953125,0.0390625,56,127,Kurt Cobain -slap bass-,Slap Bass 2 _ 2,Slap Bass 2 _ 2,1620,20
2.6953125,0.0390625,51,127,Kurt Cobain -slap bass-,Slap Bass 2 _ 2,Slap Bass 2 _ 2,1620,20
2.6953125,0.0390625,44,127,Kurt Cobain -slap bass-,Slap Bass 2 _ 2,Slap Bass 2 _ 2,1620,20
2.8125,0.078125,56,127,Kurt Cobain -slap bass-,Slap Bass 2 _ 2,Slap Bass 2 _ 2,1680,40
2.8125,0.078125,51,127,Kurt Cobain -slap bass-,Slap Bass 2 _ 2,Slap Bass 2 _ 2,1680,40
2.8125,0.078125,44,127,Kurt Cobain -slap bass-,Slap Bass 2 _ 2,Slap Bass 2 _ 2,1680,40
2.9296875,0.0390625,56,127,Kurt Cobain -slap bass-,Slap Bass 2 _ 2,Slap Bass 2 _ 2,1740,20
2.9296875,0.0390625,51,127,Kurt Cobain -slap bass-,Slap Bass 2 _ 2,Slap Bass 2 _ 2,1740,20
2.9296875,0.0390625,44,127,Kurt Cobain -slap bass-,Slap Bass 2 _ 2,Slap Bass 2 _ 2,1740,20
3.046875,0.234375,49,127,Kurt Cobain -slap bass-,Slap Bass 2 _ 2,Slap Bass 2 _ 2,1800,120
3.046875,0.234375,56,127,Kurt Cobain -slap bass-,Slap Bass 2 _ 2,Slap Bass 2 _ 2,1800,120
3.046875,0.234375,61,127,Kurt Cobain -slap bass-,Slap Bass 2 _ 2,Slap Bass 2 _ 2,1800,120
3.28125,0.1171875,49,127,Kurt Cobain -slap bass-,Slap Bass 2 _ 2,Slap Bass 2 _ 2,1920,60
3.28125,0.1171875,56,127,Kurt Cobain -slap bass-,Slap Bass 2 _ 2,Slap Bass 2 _ 2,1920,60
3.28125,0.1171875,61,127,Kurt Cobain -slap bass-,Slap Bass 2 _ 2,Slap Bass 2 _ 2,1920,60
3.515625,0.078125,51,127,Kurt Cobain -slap bass-,Slap Bass 2 _ 2,Slap Bass 2 _ 2,2040,40
3.515625,0.078125,44,127,Kurt Cobain -slap bass-,Slap Bass 2 _ 2,Slap Bass 2 _ 2,2040,40
3.3984375,0.1953125,56,127,Kurt Cobain -slap bass-,Slap Bass 2 _ 2,Slap Bass 2 _ 2,1980,100
3.3984375,0.234375,61,127,Kurt Cobain -slap bass-,Slap Bass 2 _ 2,Slap Bass 2 _ 2,1980,120
3.3984375,0.234375,49,127,Kurt Cobain -slap bass-,Slap Bass 2 _ 2,Slap Bass 2 _ 2,1980,120
3.75,0.46875,41,127,Kurt Cobain -slap bass-,Slap Bass 2 _ 2,Slap Bass 2 _ 2,2160,240
3.75,0.46875,48,127,Kurt Cobain -slap bass-,Slap Bass 2 _ 2,Slap Bass 2 _ 2,2160,240
3.75,0.46875,53,127,Kurt Cobain -slap bass-,Slap Bass 2 _ 2,Slap Bass 2 _ 2,2160,240
4.21875,0.234375,41,127,Kurt Cobain -slap bass-,Slap Bass 2 _ 2,Slap Bass 2 _ 2,2400,120
4.21875,0.234375,48,127,Kurt Cobain -slap bass-,Slap Bass 2 _ 2,Slap Bass 2 _ 2,2400,120
4.21875,0.234375,53,127,Kurt Cobain -slap bass-,Slap Bass 2 _ 2,Slap Bass 2 _ 2,2400,120
4.5703125,0.0390625,53,127,Kurt Cobain -slap bass-,Slap Bass 2 _ 2,Slap Bass 2 _ 2,2580,20
4.5703125,0.0390625,48,127,Kurt Cobain -slap bass-,Slap Bass 2 _ 2,Slap Bass 2 _ 2,2580,20
4.5703125,0.0390625,41,127,Kurt Cobain -slap bass-,Slap Bass 2 _ 2,Slap Bass 2 _ 2,2580,20
4.6875,0.078125,53,127,Kurt Cobain -slap bass-,Slap Bass 2 _ 2,Slap Bass 2 _ 2,2640,40
4.6875,0.078125,48,127,Kurt Cobain -slap bass-,Slap Bass 2 _ 2,Slap Bass 2 _ 2,2640,40
4.6875,0.078125,41,127,Kurt Cobain -slap bass-,Slap Bass 2 _ 2,Slap Bass 2 _ 2,2640,40
4.8046875,0.0390625,53,127,Kurt Cobain -slap bass-,Slap Bass 2 _ 2,Slap Bass 2 _ 2,2700,20
4.8046875,0.0390625,48,127,Kurt Cobain -slap bass-,Slap Bass 2 _ 2,Slap Bass 2 _ 2,2700,20
4.8046875,0.0390625,41,127,Kurt Cobain -slap bass-,Slap Bass 2 _ 2,Slap Bass 2 _ 2,2700,20
4.921875,0.234375,46,127,Kurt Cobain -slap bass-,Slap Bass 2 _ 2,Slap Bass 2 _ 2,2760,120
4.921875,0.234375,53,127,Kurt Cobain -slap bass-,Slap Bass 2 _ 2,Slap Bass 2 _ 2,2760,120
4.921875,0.234375,58,127,Kurt Cobain -slap bass-,Slap Bass 2 _ 2,Slap Bass 2 _ 2,2760,120
5.15625,0.1171875,46,127,Kurt Cobain -slap bass-,Slap Bass 2 _ 2,Slap Bass 2 _ 2,2880,60
5.15625,0.1171875,53,127,Kurt Cobain -slap bass-,Slap Bass 2 _ 2,Slap Bass 2 _ 2,2880,60
5.15625,0.1171875,58,127,Kurt Cobain -slap bass-,Slap Bass 2 _ 2,Slap Bass 2 _ 2,2880,60
5.390625,0.078125,48,127,Kurt Cobain -slap bass-,Slap Bass 2 _ 2,Slap Bass 2 _ 2,3000,40
5.390625,0.078125,41,127,Kurt Cobain -slap bass-,Slap Bass 2 _ 2,Slap Bass 2 _ 2,3000,40
5.2734375,0.1953125,53,127,Kurt Cobain -slap bass-,Slap Bass 2 _ 2,Slap Bass 2 _ 2,2940,100
5.2734375,0.234375,58,127,Kurt Cobain -slap bass-,Slap Bass 2 _ 2,Slap Bass 2 _ 2,2940,120
5.2734375,0.234375,46,127,Kurt Cobain -slap bass-,Slap Bass 2 _ 2,Slap Bass 2 _ 2,2940,120
5.625,0.46875,44,127,Kurt Cobain -slap bass-,Slap Bass 2 _ 2,Slap Bass 2 _ 2,3120,240
5.625,0.46875,51,127,Kurt Cobain -slap bass-,Slap Bass 2 _ 2,Slap Bass 2 _ 2,3120,240
5.625,0.46875,56,127,Kurt Cobain -slap bass-,Slap Bass 2 _ 2,Slap Bass 2 _ 2,3120,240
6.09375,0.234375,44,127,Kurt Cobain -slap bass-,Slap Bass 2 _ 2,Slap Bass 2 _ 2,3360,120
6.09375,0.234375,51,127,Kurt Cobain -slap bass-,Slap Bass 2 _ 2,Slap Bass 2 _ 2,3360,120
6.09375,0.234375,56,127,Kurt Cobain -slap bass-,Slap Bass 2 _ 2,Slap Bass 2 _ 2,3360,120
6.4453125,0.0390625,56,127,Kurt Cobain -slap bass-,Slap Bass 2 _ 2,Slap Bass 2 _ 2,3540,20
6.4453125,0.0390625,51,127,Kurt Cobain -slap bass-,Slap Bass 2 _ 2,Slap Bass 2 _ 2,3540,20
6.4453125,0.0390625,44,127,Kurt Cobain -slap bass-,Slap Bass 2 _ 2,Slap Bass 2 _ 2,3540,20
6.5625,0.078125,56,127,Kurt Cobain -slap bass-,Slap Bass 2 _ 2,Slap Bass 2 _ 2,3600,40
6.5625,0.078125,51,127,Kurt Cobain -slap bass-,Slap Bass 2 _ 2,Slap Bass 2 _ 2,3600,40
6.5625,0.078125,44,127,Kurt Cobain -slap bass-,Slap Bass 2 _ 2,Slap Bass 2 _ 2,3600,40
6.6796875,0.0390625,56,127,Kurt Cobain -slap bass-,Slap Bass 2 _ 2,Slap Bass 2 _ 2,3660,20
6.6796875,0.0390625,51,127,Kurt Cobain -slap bass-,Slap Bass 2 _ 2,Slap Bass 2 _ 2,3660,20
6.6796875,0.0390625,44,127,Kurt Cobain -slap bass-,Slap Bass 2 _ 2,Slap Bass 2 _ 2,3660,20
6.796875,0.234375,49,127,Kurt Cobain -slap bass-,Slap Bass 2 _ 2,Slap Bass 2 _ 2,3720,120
6.796875,0.234375,56,127,Kurt Cobain -slap bass-,Slap Bass 2 _ 2,Slap Bass 2 _ 2,3720,120
6.796875,0.234375,61,127,Kurt Cobain -slap bass-,Slap Bass 2 _ 2,Slap Bass 2 _ 2,3720,120
7.03125,0.1171875,49,127,Kurt Cobain -slap bass-,Slap Bass 2 _ 2,Slap Bass 2 _ 2,3840,60
7.03125,0.1171875,56,127,Kurt Cobain -slap bass-,Slap Bass 2 _ 2,Slap Bass 2 _ 2,3840,60
7.03125,0.1171875,61,127,Kurt Cobain -slap bass-,Slap Bass 2 _ 2,Slap Bass 2 _ 2,3840,60
7.1484375,0.234375,49,127,Kurt Cobain -slap bass-,Slap Bass 2 _ 2,Slap Bass 2 _ 2,3900,120
7.1484375,0.234375,56,127,Kurt Cobain -slap bass-,Slap Bass 2 _ 2,Slap Bass 2 _ 2,3900,120
7.1484375,0.234375,61,127,Kurt Cobain -slap bass-,Slap Bass 2 _ 2,Slap Bass 2 _ 2,3900,120
7.03125,0.46875,48,115,Kurt Cobain -Dist Guitar-,Distortion Guitar _ 1,Distortion Guitar _ 1,3840,240
7.03125,0.46875,43,115,Kurt Cobain -Dist Guitar-,Distortion Guitar _ 1,Distortion Guitar _ 1,3840,240
7.03125,0.46875,36,115,Kurt Cobain -Dist Guitar-,Distortion Guitar _ 1,Distortion Guitar _ 1,3840,240
7.5,0.46875,41,115,Kurt Cobain -Dist Guitar-,Distortion Guitar _ 1,Distortion Guitar _ 1,4080,240
7.5,0.46875,48,115,Kurt Cobain -Dist Guitar-,Distortion Guitar _ 1,Distortion Guitar _ 1,4080,240
7.5,0.46875,53,115,Kurt Cobain -Dist Guitar-,Distortion Guitar _ 1,Distortion Guitar _ 1,4080,240
7.96875,0.46875,41,115,Kurt Cobain -Dist Guitar-,Distortion Guitar _ 1,Distortion Guitar _ 1,4320,240
7.96875,0.46875,48,115,Kurt Cobain -Dist Guitar-,Distortion Guitar _ 1,Distortion Guitar _ 1,4320,240
7.96875,0.46875,53,115,Kurt Cobain -Dist Guitar-,Distortion Guitar _ 1,Distortion Guitar _ 1,4320,240
8.4375,0.1171875,41,115,Kurt Cobain -Dist Guitar-,Distortion Guitar _ 1,Distortion Guitar _ 1,4560,60
8.4375,0.1171875,48,115,Kurt Cobain -Dist Guitar-,Distortion Guitar _ 1,Distortion Guitar _ 1,4560,60
8.4375,0.1171875,53,115,Kurt Cobain -Dist Guitar-,Distortion Guitar _ 1,Distortion Guitar _ 1,4560,60
8.5546875,0.1171875,41,115,Kurt Cobain -Dist Guitar-,Distortion Guitar _ 1,Distortion Guitar _ 1,4620,60
8.5546875,0.1171875,48,115,Kurt Cobain -Dist Guitar-,Distortion Guitar _ 1,Distortion Guitar _ 1,4620,60
8.5546875,0.1171875,53,115,Kurt Cobain -Dist Guitar-,Distortion Guitar _ 1,Distortion Guitar _ 1,4620,60
8.671875,0.234375,46,115,Kurt Cobain -Dist Guitar-,Distortion Guitar _ 1,Distortion Guitar _ 1,4680,120
8.671875,0.234375,53,115,Kurt Cobain -Dist Guitar-,Distortion Guitar _ 1,Distortion Guitar _ 1,4680,120
8.671875,0.234375,58,115,Kurt Cobain -Dist Guitar-,Distortion Guitar _ 1,Distortion Guitar _ 1,4680,120
8.90625,0.234375,46,115,Kurt Cobain -Dist Guitar-,Distortion Guitar _ 1,Distortion Guitar _ 1,4800,120
8.90625,0.234375,53,115,Kurt Cobain -Dist Guitar-,Distortion Guitar _ 1,Distortion Guitar _ 1,4800,120
8.90625,0.234375,58,115,Kurt Cobain -Dist Guitar-,Distortion Guitar _ 1,Distortion Guitar _ 1,4800,120
9.140625,0.234375,41,115,Kurt Cobain -Dist Guitar-,Distortion Guitar _ 1,Distortion Guitar _ 1,4920,120
9.140625,0.234375,48,115,Kurt Cobain -Dist Guitar-,Distortion Guitar _ 1,Distortion Guitar _ 1,4920,120
9.140625,0.234375,53,115,Kurt Cobain -Dist Guitar-,Distortion Guitar _ 1,Distortion Guitar _ 1,4920,120
9.375,0.46875,44,115,Kurt Cobain -Dist Guitar-,Distortion Guitar _ 1,Distortion Guitar _ 1,5040,240
9.375,0.46875,51,115,Kurt Cobain -Dist Guitar-,Distortion Guitar _ 1,Distortion Guitar _ 1,5040,240
9.375,0.46875,56,115,Kurt Cobain -Dist Guitar-,Distortion Guitar _ 1,Distortion Guitar _ 1,5040,240
9.84375,0.46875,44,115,Kurt Cobain -Dist Guitar-,Distortion Guitar _ 1,Distortion Guitar _ 1,5280,240
9.84375,0.46875,51,115,Kurt Cobain -Dist Guitar-,Distortion Guitar _ 1,Distortion Guitar _ 1,5280,240
9.84375,0.46875,56,115,Kurt Cobain -Dist Guitar-,Distortion Guitar _ 1,Distortion Guitar _ 1,5280,240
10.3125,0.1171875,44,115,Kurt Cobain -Dist Guitar-,Distortion Guitar _ 1,Distortion Guitar _ 1,5520,60
10.3125,0.1171875,51,115,Kurt Cobain -Dist Guitar-,Distortion Guitar _ 1,Distortion Guitar _ 1,5520,60
10.3125,0.1171875,56,115,Kurt Cobain -Dist Guitar-,Distortion Guitar _ 1,Distortion Guitar _ 1,5520,60
10.4296875,0.1171875,44,115,Kurt Cobain -Dist Guitar-,Distortion Guitar _ 1,Distortion Guitar _ 1,5580,60
10.4296875,0.1171875,51,115,Kurt Cobain -Dist Guitar-,Distortion Guitar _ 1,Distortion Guitar _ 1,5580,60
10.4296875,0.1171875,56,115,Kurt Cobain -Dist Guitar-,Distortion Guitar _ 1,Distortion Guitar _ 1,5580,60
10.546875,0.234375,49,115,Kurt Cobain -Dist Guitar-,Distortion Guitar _ 1,Distortion Guitar _ 1,5640,120
10.546875,0.234375,56,115,Kurt Cobain -Dist Guitar-,Distortion Guitar _ 1,Distortion Guitar _ 1,5640,120
10.546875,0.234375,61,115,Kurt Cobain -Dist Guitar-,Distortion Guitar _ 1,Distortion Guitar _ 1,5640,120
10.78125,0.234375,49,115,Kurt Cobain -Dist Guitar-,Distortion Guitar _ 1,Distortion Guitar _ 1,5760,120
10.78125,0.234375,56,115,Kurt Cobain -Dist Guitar-,Distortion Guitar _ 1,Distortion Guitar _ 1,5760,120
10.78125,0.234375,61,115,Kurt Cobain -Dist Guitar-,Distortion Guitar _ 1,Distortion Guitar _ 1,5760,120
11.015625,0.234375,44,115,Kurt Cobain -Dist Guitar-,Distortion Guitar _ 1,Distortion Guitar _ 1,5880,120
11.015625,0.234375,51,115,Kurt Cobain -Dist Guitar-,Distortion Guitar _ 1,Distortion Guitar _ 1,5880,120
11.015625,0.234375,56,115,Kurt Cobain -Dist Guitar-,Distortion Guitar _ 1,Distortion Guitar _ 1,5880,120
11.25,0.46875,41,115,Kurt Cobain -Dist Guitar-,Distortion Guitar _ 1,Distortion Guitar _ 1,6000,240
11.25,0.46875,48,115,Kurt Cobain -Dist Guitar-,Distortion Guitar _ 1,Distortion Guitar _ 1,6000,240
11.25,0.46875,53,115,Kurt Cobain -Dist Guitar-,Distortion Guitar _ 1,Distortion Guitar _ 1,6000,240
11.71875,0.46875,41,115,Kurt Cobain -Dist Guitar-,Distortion Guitar _ 1,Distortion Guitar _ 1,6240,240
11.71875,0.46875,48,115,Kurt Cobain -Dist Guitar-,Distortion Guitar _ 1,Distortion Guitar _ 1,6240,240
11.71875,0.46875,53,115,Kurt Cobain -Dist Guitar-,Distortion Guitar _ 1,Distortion Guitar _ 1,6240,240
12.1875,0.1171875,41,115,Kurt Cobain -Dist Guitar-,Distortion Guitar _ 1,Distortion Guitar _ 1,6480,60
12.1875,0.1171875,48,115,Kurt Cobain -Dist Guitar-,Distortion Guitar _ 1,Distortion Guitar _ 1,6480,60
12.1875,0.1171875,53,115,Kurt Cobain -Dist Guitar-,Distortion Guitar _ 1,Distortion Guitar _ 1,6480,60
12.3046875,0.1171875,41,115,Kurt Cobain -Dist Guitar-,Distortion Guitar _ 1,Distortion Guitar _ 1,6540,60
12.3046875,0.1171875,48,115,Kurt Cobain -Dist Guitar-,Distortion Guitar _ 1,Distortion Guitar _ 1,6540,60
12.3046875,0.1171875,53,115,Kurt Cobain -Dist Guitar-,Distortion Guitar _ 1,Distortion Guitar _ 1,6540,60
12.421875,0.234375,46,115,Kurt Cobain -Dist Guitar-,Distortion Guitar _ 1,Distortion Guitar _ 1,6600,120
12.421875,0.234375,53,115,Kurt Cobain -Dist Guitar-,Distortion Guitar _ 1,Distortion Guitar _ 1,6600,120
12.421875,0.234375,58,115,Kurt Cobain -Dist Guitar-,Distortion Guitar _ 1,Distortion Guitar _ 1,6600,120
12.65625,0.234375,46,115,Kurt Cobain -Dist Guitar-,Distortion Guitar _ 1,Distortion Guitar _ 1,6720,120
12.65625,0.234375,53,115,Kurt Cobain -Dist Guitar-,Distortion Guitar _ 1,Distortion Guitar _ 1,6720,120
12.65625,0.234375,58,115,Kurt Cobain -Dist Guitar-,Distortion Guitar _ 1,Distortion Guitar _ 1,6720,120
12.890625,0.234375,41,115,Kurt Cobain -Dist Guitar-,Distortion Guitar _ 1,Distortion Guitar _ 1,6840,120
12.890625,0.234375,48,115,Kurt Cobain -Dist Guitar-,Distortion Guitar _ 1,Distortion Guitar _ 1,6840,120
12.890625,0.234375,53,115,Kurt Cobain -Dist Guitar-,Distortion Guitar _ 1,Distortion Guitar _ 1,6840,120
13.125,0.46875,44,115,Kurt Cobain -Dist Guitar-,Distortion Guitar _ 1,Distortion Guitar _ 1,6960,240
13.125,0.46875,51,115,Kurt Cobain -Dist Guitar-,Distortion Guitar _ 1,Distortion Guitar _ 1,6960,240
13.125,0.46875,56,115,Kurt Cobain -Dist Guitar-,Distortion Guitar _ 1,Distortion Guitar _ 1,6960,240
13.59375,0.46875,44,115,Kurt Cobain -Dist Guitar-,Distortion Guitar _ 1,Distortion Guitar _ 1,7200,240
13.59375,0.46875,51,115,Kurt Cobain -Dist Guitar-,Distortion Guitar _ 1,Distortion Guitar _ 1,7200,240
13.59375,0.46875,56,115,Kurt Cobain -Dist Guitar-,Distortion Guitar _ 1,Distortion Guitar _ 1,7200,240
14.0625,0.1171875,44,115,Kurt Cobain -Dist Guitar-,Distortion Guitar _ 1,Distortion Guitar _ 1,7440,60
14.0625,0.1171875,51,115,Kurt Cobain -Dist Guitar-,Distortion Guitar _ 1,Distortion Guitar _ 1,7440,60
14.0625,0.1171875,56,115,Kurt Cobain -Dist Guitar-,Distortion Guitar _ 1,Distortion Guitar _ 1,7440,60
14.1796875,0.1171875,44,115,Kurt Cobain -Dist Guitar-,Distortion Guitar _ 1,Distortion Guitar _ 1,7500,60
14.1796875,0.1171875,51,115,Kurt Cobain -Dist Guitar-,Distortion Guitar _ 1,Distortion Guitar _ 1,7500,60
14.1796875,0.1171875,56,115,Kurt Cobain -Dist Guitar-,Distortion Guitar _ 1,Distortion Guitar _ 1,7500,60
14.296875,0.234375,49,115,Kurt Cobain -Dist Guitar-,Distortion Guitar _ 1,Distortion Guitar _ 1,7560,120
14.296875,0.234375,56,115,Kurt Cobain -Dist Guitar-,Distortion Guitar _ 1,Distortion Guitar _ 1,7560,120
14.296875,0.234375,61,115,Kurt Cobain -Dist Guitar-,Distortion Guitar _ 1,Distortion Guitar _ 1,7560,120
14.53125,0.234375,49,115,Kurt Cobain -Dist Guitar-,Distortion Guitar _ 1,Distortion Guitar _ 1,7680,120
14.53125,0.234375,56,115,Kurt Cobain -Dist Guitar-,Distortion Guitar _ 1,Distortion Guitar _ 1,7680,120
14.53125,0.234375,61,115,Kurt Cobain -Dist Guitar-,Distortion Guitar _ 1,Distortion Guitar _ 1,7680,120
14.765625,0.234375,44,115,Kurt Cobain -Dist Guitar-,Distortion Guitar _ 1,Distortion Guitar _ 1,7800,120
14.765625,0.234375,51,115,Kurt Cobain -Dist Guitar-,Distortion Guitar _ 1,Distortion Guitar _ 1,7800,120
14.765625,0.234375,56,115,Kurt Cobain -Dist Guitar-,Distortion Guitar _ 1,Distortion Guitar _ 1,7800,120
15.0,0.46875,41,115,Kurt Cobain -Dist Guitar-,Distortion Guitar _ 1,Distortion Guitar _ 1,7920,240
15.0,0.46875,48,115,Kurt Cobain -Dist Guitar-,Distortion Guitar _ 1,Distortion Guitar _ 1,7920,240
15.0,0.46875,53,115,Kurt Cobain -Dist Guitar-,Distortion Guitar _ 1,Distortion Guitar _ 1,7920,240
15.46875,0.46875,41,115,Kurt Cobain -Dist Guitar-,Distortion Guitar _ 1,Distortion Guitar _ 1,8160,240
15.46875,0.46875,48,115,Kurt Cobain -Dist Guitar-,Distortion Guitar _ 1,Distortion Guitar _ 1,8160,240
15.46875,0.46875,53,115,Kurt Cobain -Dist Guitar-,Distortion Guitar _ 1,Distortion Guitar _ 1,8160,240
15.9375,0.1171875,41,115,Kurt Cobain -Dist Guitar-,Distortion Guitar _ 1,Distortion Guitar _ 1,8400,60
15.9375,0.1171875,48,115,Kurt Cobain -Dist Guitar-,Distortion Guitar _ 1,Distortion Guitar _ 1,8400,60
15.9375,0.1171875,53,115,Kurt Cobain -Dist Guitar-,Distortion Guitar _ 1,Distortion Guitar _ 1,8400,60
16.0546875,0.1171875,41,115,Kurt Cobain -Dist Guitar-,Distortion Guitar _ 1,Distortion Guitar _ 1,8460,60
16.0546875,0.1171875,48,115,Kurt Cobain -Dist Guitar-,Distortion Guitar _ 1,Distortion Guitar _ 1,8460,60
16.0546875,0.1171875,53,115,Kurt Cobain -Dist Guitar-,Distortion Guitar _ 1,Distortion Guitar _ 1,8460,60
16.171875,0.234375,46,115,Kurt Cobain -Dist Guitar-,Distortion Guitar _ 1,Distortion Guitar _ 1,8520,120
16.171875,0.234375,53,115,Kurt Cobain -Dist Guitar-,Distortion Guitar _ 1,Distortion Guitar _ 1,8520,120
16.171875,0.234375,58,115,Kurt Cobain -Dist Guitar-,Distortion Guitar _ 1,Distortion Guitar _ 1,8520,120
16.40625,0.234375,46,115,Kurt Cobain -Dist Guitar-,Distortion Guitar _ 1,Distortion Guitar _ 1,8640,120
16.40625,0.234375,53,115,Kurt Cobain -Dist Guitar-,Distortion Guitar _ 1,Distortion Guitar _ 1,8640,120
16.40625,0.234375,58,115,Kurt Cobain -Dist Guitar-,Distortion Guitar _ 1,Distortion Guitar _ 1,8640,120
16.640625,0.234375,41,115,Kurt Cobain -Dist Guitar-,Distortion Guitar _ 1,Distortion Guitar _ 1,8760,120
16.640625,0.234375,48,115,Kurt Cobain -Dist Guitar-,Distortion Guitar _ 1,Distortion Guitar _ 1,8760,120
16.640625,0.234375,53,115,Kurt Cobain -Dist Guitar-,Distortion Guitar _ 1,Distortion Guitar _ 1,8760,120
16.875,0.46875,44,115,Kurt Cobain -Dist Guitar-,Distortion Guitar _ 1,Distortion Guitar _ 1,8880,240
16.875,0.46875,51,115,Kurt Cobain -Dist Guitar-,Distortion Guitar _ 1,Distortion Guitar _ 1,8880,240
16.875,0.46875,56,115,Kurt Cobain -Dist Guitar-,Distortion Guitar _ 1,Distortion Guitar _ 1,8880,240
17.34375,0.46875,44,115,Kurt Cobain -Dist Guitar-,Distortion Guitar _ 1,Distortion Guitar _ 1,9120,240
17.34375,0.46875,51,115,Kurt Cobain -Dist Guitar-,Distortion Guitar _ 1,Distortion Guitar _ 1,9120,240
17.34375,0.46875,56,115,Kurt Cobain -Dist Guitar-,Distortion Guitar _ 1,Distortion Guitar _ 1,9120,240
17.8125,0.1171875,44,115,Kurt Cobain -Dist Guitar-,Distortion Guitar _ 1,Distortion Guitar _ 1,9360,60
17.8125,0.1171875,51,115,Kurt Cobain -Dist Guitar-,Distortion Guitar _ 1,Distortion Guitar _ 1,9360,60
17.8125,0.1171875,56,115,Kurt Cobain -Dist Guitar-,Distortion Guitar _ 1,Distortion Guitar _ 1,9360,60
17.9296875,0.1171875,44,115,Kurt Cobain -Dist Guitar-,Distortion Guitar _ 1,Distortion Guitar _ 1,9420,60
17.9296875,0.1171875,51,115,Kurt Cobain -Dist Guitar-,Distortion Guitar _ 1,Distortion Guitar _ 1,9420,60
17.9296875,0.1171875,56,115,Kurt Cobain -Dist Guitar-,Distortion Guitar _ 1,Distortion Guitar _ 1,9420,60
18.046875,0.234375,49,115,Kurt Cobain -Dist Guitar-,Distortion Guitar _ 1,Distortion Guitar _ 1,9480,120
18.046875,0.234375,56,115,Kurt Cobain -Dist Guitar-,Distortion Guitar _ 1,Distortion Guitar _ 1,9480,120
18.046875,0.234375,61,115,Kurt Cobain -Dist Guitar-,Distortion Guitar _ 1,Distortion Guitar _ 1,9480,120
18.28125,0.234375,49,115,Kurt Cobain -Dist Guitar-,Distortion Guitar _ 1,Distortion Guitar _ 1,9600,120
18.28125,0.234375,56,115,Kurt Cobain -Dist Guitar-,Distortion Guitar _ 1,Distortion Guitar _ 1,9600,120
18.28125,0.234375,61,115,Kurt Cobain -Dist Guitar-,Distortion Guitar _ 1,Distortion Guitar _ 1,9600,120
18.515625,0.234375,44,115,Kurt Cobain -Dist Guitar-,Distortion Guitar _ 1,Distortion Guitar _ 1,9720,120
18.515625,0.234375,51,115,Kurt Cobain -Dist Guitar-,Distortion Guitar _ 1,Distortion Guitar _ 1,9720,120
18.515625,0.234375,56,115,Kurt Cobain -Dist Guitar-,Distortion Guitar _ 1,Distortion Guitar _ 1,9720,120
18.75,0.46875,41,115,Kurt Cobain -Dist Guitar-,Distortion Guitar _ 1,Distortion Guitar _ 1,9840,240
18.75,0.46875,48,115,Kurt Cobain -Dist Guitar-,Distortion Guitar _ 1,Distortion Guitar _ 1,9840,240
18.75,0.46875,53,115,Kurt Cobain -Dist Guitar-,Distortion Guitar _ 1,Distortion Guitar _ 1,9840,240
19.21875,0.46875,41,115,Kurt Cobain -Dist Guitar-,Distortion Guitar _ 1,Distortion Guitar _ 1,10080,240
19.21875,0.46875,48,115,Kurt Cobain -Dist Guitar-,Distortion Guitar _ 1,Distortion Guitar _ 1,10080,240
19.21875,0.46875,53,115,Kurt Cobain -Dist Guitar-,Distortion Guitar _ 1,Distortion Guitar _ 1,10080,240
19.6875,0.1171875,41,115,Kurt Cobain -Dist Guitar-,Distortion Guitar _ 1,Distortion Guitar _ 1,10320,60
19.6875,0.1171875,48,115,Kurt Cobain -Dist Guitar-,Distortion Guitar _ 1,Distortion Guitar _ 1,10320,60
19.6875,0.1171875,53,115,Kurt Cobain -Dist Guitar-,Distortion Guitar _ 1,Distortion Guitar _ 1,10320,60
19.8046875,0.1171875,41,115,Kurt Cobain -Dist Guitar-,Distortion Guitar _ 1,Distortion Guitar _ 1,10380,60
19.8046875,0.1171875,48,115,Kurt Cobain -Dist Guitar-,Distortion Guitar _ 1,Distortion Guitar _ 1,10380,60
19.8046875,0.1171875,53,115,Kurt Cobain -Dist Guitar-,Distortion Guitar _ 1,Distortion Guitar _ 1,10380,60
19.921875,0.234375,46,115,Kurt Cobain -Dist Guitar-,Distortion Guitar _ 1,Distortion Guitar _ 1,10440,120
19.921875,0.234375,53,115,Kurt Cobain -Dist Guitar-,Distortion Guitar _ 1,Distortion Guitar _ 1,10440,120
19.921875,0.234375,58,115,Kurt Cobain -Dist Guitar-,Distortion Guitar _ 1,Distortion Guitar _ 1,10440,120
20.15625,0.234375,46,115,Kurt Cobain -Dist Guitar-,Distortion Guitar _ 1,Distortion Guitar _ 1,10560,120
20.15625,0.234375,53,115,Kurt Cobain -Dist Guitar-,Distortion Guitar _ 1,Distortion Guitar _ 1,10560,120
20.15625,0.234375,58,115,Kurt Cobain -Dist Guitar-,Distortion Guitar _ 1,Distortion Guitar _ 1,10560,120
20.390625,0.234375,41,115,Kurt Cobain -Dist Guitar-,Distortion Guitar _ 1,Distortion Guitar _ 1,10680,120
20.390625,0.234375,48,115,Kurt Cobain -Dist Guitar-,Distortion Guitar _ 1,Distortion Guitar _ 1,10680,120
20.390625,0.234375,53,115,Kurt Cobain -Dist Guitar-,Distortion Guitar _ 1,Distortion Guitar _ 1,10680,120
20.625,0.46875,44,115,Kurt Cobain -Dist Guitar-,Distortion Guitar _ 1,Distortion Guitar _ 1,10800,240
20.625,0.46875,51,115,Kurt Cobain -Dist Guitar-,Distortion Guitar _ 1,Distortion Guitar _ 1,10800,240
20.625,0.46875,56,115,Kurt Cobain -Dist Guitar-,Distortion Guitar _ 1,Distortion Guitar _ 1,10800,240
21.09375,0.46875,44,115,Kurt Cobain -Dist Guitar-,Distortion Guitar _ 1,Distortion Guitar _ 1,11040,240
21.09375,0.46875,51,115,Kurt Cobain -Dist Guitar-,Distortion Guitar _ 1,Distortion Guitar _ 1,11040,240
21.09375,0.46875,56,115,Kurt Cobain -Dist Guitar-,Distortion Guitar _ 1,Distortion Guitar _ 1,11040,240
21.5625,0.1171875,44,115,Kurt Cobain -Dist Guitar-,Distortion Guitar _ 1,Distortion Guitar _ 1,11280,60
21.5625,0.1171875,51,115,Kurt Cobain -Dist Guitar-,Distortion Guitar _ 1,Distortion Guitar _ 1,11280,60
21.5625,0.1171875,56,115,Kurt Cobain -Dist Guitar-,Distortion Guitar _ 1,Distortion Guitar _ 1,11280,60
21.6796875,0.1171875,44,115,Kurt Cobain -Dist Guitar-,Distortion Guitar _ 1,Distortion Guitar _ 1,11340,60
21.6796875,0.1171875,51,115,Kurt Cobain -Dist Guitar-,Distortion Guitar _ 1,Distortion Guitar _ 1,11340,60
21.6796875,0.1171875,56,115,Kurt Cobain -Dist Guitar-,Distortion Guitar _ 1,Distortion Guitar _ 1,11340,60
21.796875,0.234375,49,115,Kurt Cobain -Dist Guitar-,Distortion Guitar _ 1,Distortion Guitar _ 1,11400,120
21.796875,0.234375,56,115,Kurt Cobain -Dist Guitar-,Distortion Guitar _ 1,Distortion Guitar _ 1,11400,120
21.796875,0.234375,61,115,Kurt Cobain -Dist Guitar-,Distortion Guitar _ 1,Distortion Guitar _ 1,11400,120
22.03125,0.1171875,49,115,Kurt Cobain -Dist Guitar-,Distortion Guitar _ 1,Distortion Guitar _ 1,11520,60
22.03125,0.1171875,56,115,Kurt Cobain -Dist Guitar-,Distortion Guitar _ 1,Distortion Guitar _ 1,11520,60
22.03125,0.1171875,61,115,Kurt Cobain -Dist Guitar-,Distortion Guitar _ 1,Distortion Guitar _ 1,11520,60
22.1484375,0.234375,49,115,Kurt Cobain -Dist Guitar-,Distortion Guitar _ 1,Distortion Guitar _ 1,11580,120
22.1484375,0.234375,56,115,Kurt Cobain -Dist Guitar-,Distortion Guitar _ 1,Distortion Guitar _ 1,11580,120
22.1484375,0.234375,61,115,Kurt Cobain -Dist Guitar-,Distortion Guitar _ 1,Distortion Guitar _ 1,11580,120
45.0,3.75,53,115,Kurt Cobain -Dist Guitar-,Distortion Guitar _ 1,Distortion Guitar _ 1,23280,1920
45.0,3.75,48,115,Kurt Cobain -Dist Guitar-,Distortion Guitar _ 1,Distortion Guitar _ 1,23280,1920
45.0,3.75,41,115,Kurt Cobain -Dist Guitar-,Distortion Guitar _ 1,Distortion Guitar _ 1,23280,1920
48.75,3.75,53,115,Kurt Cobain -Dist Guitar-,Distortion Guitar _ 1,Distortion Guitar _ 1,25200,1920
48.75,3.75,48,115,Kurt Cobain -Dist Guitar-,Distortion Guitar _ 1,Distortion Guitar _ 1,25200,1920
48.75,3.75,41,115,Kurt Cobain -Dist Guitar-,Distortion Guitar _ 1,Distortion Guitar _ 1,25200,1920
52.5,3.75,53,115,Kurt Cobain -Dist Guitar-,Distortion Guitar _ 1,Distortion Guitar _ 1,27120,1920
52.5,3.75,48,115,Kurt Cobain -Dist Guitar-,Distortion Guitar _ 1,Distortion Guitar _ 1,27120,1920
52.5,3.75,41,115,Kurt Cobain -Dist Guitar-,Distortion Guitar _ 1,Distortion Guitar _ 1,27120,1920
56.25,3.75,53,115,Kurt Cobain -Dist Guitar-,Distortion Guitar _ 1,Distortion Guitar _ 1,29040,1920
56.25,3.75,48,115,Kurt Cobain -Dist Guitar-,Distortion Guitar _ 1,Distortion Guitar _ 1,29040,1920
56.25,3.75,41,115,Kurt Cobain -Dist Guitar-,Distortion Guitar _ 1,Distortion Guitar _ 1,29040,1920
60.0,0.46875,41,117,Kurt Cobain -Dist Guitar-,Distortion Guitar _ 1,Distortion Guitar _ 1,30960,240
60.0,0.46875,48,117,Kurt Cobain -Dist Guitar-,Distortion Guitar _ 1,Distortion Guitar _ 1,30960,240
60.0,0.46875,53,117,Kurt Cobain -Dist Guitar-,Distortion Guitar _ 1,Distortion Guitar _ 1,30960,240
60.46875,0.46875,41,117,Kurt Cobain -Dist Guitar-,Distortion Guitar _ 1,Distortion Guitar _ 1,31200,240
60.46875,0.46875,48,117,Kurt Cobain -Dist Guitar-,Distortion Guitar _ 1,Distortion Guitar _ 1,31200,240
60.46875,0.46875,53,117,Kurt Cobain -Dist Guitar-,Distortion Guitar _ 1,Distortion Guitar _ 1,31200,240
60.9375,0.1171875,41,117,Kurt Cobain -Dist Guitar-,Distortion Guitar _ 1,Distortion Guitar _ 1,31440,60
60.9375,0.1171875,48,117,Kurt Cobain -Dist Guitar-,Distortion Guitar _ 1,Distortion Guitar _ 1,31440,60
60.9375,0.1171875,53,117,Kurt Cobain -Dist Guitar-,Distortion Guitar _ 1,Distortion Guitar _ 1,31440,60
61.0546875,0.1171875,41,117,Kurt Cobain -Dist Guitar-,Distortion Guitar _ 1,Distortion Guitar _ 1,31500,60
61.0546875,0.1171875,48,117,Kurt Cobain -Dist Guitar-,Distortion Guitar _ 1,Distortion Guitar _ 1,31500,60
61.0546875,0.1171875,53,117,Kurt Cobain -Dist Guitar-,Distortion Guitar _ 1,Distortion Guitar _ 1,31500,60
61.171875,0.234375,46,117,Kurt Cobain -Dist Guitar-,Distortion Guitar _ 1,Distortion Guitar _ 1,31560,120
61.171875,0.234375,53,117,Kurt Cobain -Dist Guitar-,Distortion Guitar _ 1,Distortion Guitar _ 1,31560,120
61.171875,0.234375,58,117,Kurt Cobain -Dist Guitar-,Distortion Guitar _ 1,Distortion Guitar _ 1,31560,120
61.40625,0.234375,46,117,Kurt Cobain -Dist Guitar-,Distortion Guitar _ 1,Distortion Guitar _ 1,31680,120
61.40625,0.234375,53,117,Kurt Cobain -Dist Guitar-,Distortion Guitar _ 1,Distortion Guitar _ 1,31680,120
61.40625,0.234375,58,117,Kurt Cobain -Dist Guitar-,Distortion Guitar _ 1,Distortion Guitar _ 1,31680,120
61.640625,0.234375,41,117,Kurt Cobain -Dist Guitar-,Distortion Guitar _ 1,Distortion Guitar _ 1,31800,120
61.640625,0.234375,48,117,Kurt Cobain -Dist Guitar-,Distortion Guitar _ 1,Distortion Guitar _ 1,31800,120
61.640625,0.234375,53,117,Kurt Cobain -Dist Guitar-,Distortion Guitar _ 1,Distortion Guitar _ 1,31800,120
61.875,0.46875,44,117,Kurt Cobain -Dist Guitar-,Distortion Guitar _ 1,Distortion Guitar _ 1,31920,240
61.875,0.46875,51,117,Kurt Cobain -Dist Guitar-,Distortion Guitar _ 1,Distortion Guitar _ 1,31920,240
61.875,0.46875,56,117,Kurt Cobain -Dist Guitar-,Distortion Guitar _ 1,Distortion Guitar _ 1,31920,240
62.34375,0.46875,44,117,Kurt Cobain -Dist Guitar-,Distortion Guitar _ 1,Distortion Guitar _ 1,32160,240
62.34375,0.46875,51,117,Kurt Cobain -Dist Guitar-,Distortion Guitar _ 1,Distortion Guitar _ 1,32160,240
62.34375,0.46875,56,117,Kurt Cobain -Dist Guitar-,Distortion Guitar _ 1,Distortion Guitar _ 1,32160,240
62.8125,0.1171875,44,117,Kurt Cobain -Dist Guitar-,Distortion Guitar _ 1,Distortion Guitar _ 1,32400,60
62.8125,0.1171875,51,117,Kurt Cobain -Dist Guitar-,Distortion Guitar _ 1,Distortion Guitar _ 1,32400,60
62.8125,0.1171875,56,117,Kurt Cobain -Dist Guitar-,Distortion Guitar _ 1,Distortion Guitar _ 1,32400,60
62.9296875,0.1171875,44,117,Kurt Cobain -Dist Guitar-,Distortion Guitar _ 1,Distortion Guitar _ 1,32460,60
62.9296875,0.1171875,51,117,Kurt Cobain -Dist Guitar-,Distortion Guitar _ 1,Distortion Guitar _ 1,32460,60
62.9296875,0.1171875,56,117,Kurt Cobain -Dist Guitar-,Distortion Guitar _ 1,Distortion Guitar _ 1,32460,60
63.046875,0.234375,49,117,Kurt Cobain -Dist Guitar-,Distortion Guitar _ 1,Distortion Guitar _ 1,32520,120
63.046875,0.234375,56,117,Kurt Cobain -Dist Guitar-,Distortion Guitar _ 1,Distortion Guitar _ 1,32520,120
63.046875,0.234375,61,117,Kurt Cobain -Dist Guitar-,Distortion Guitar _ 1,Distortion Guitar _ 1,32520,120
63.28125,0.234375,49,117,Kurt Cobain -Dist Guitar-,Distortion Guitar _ 1,Distortion Guitar _ 1,32640,120
63.28125,0.234375,56,117,Kurt Cobain -Dist Guitar-,Distortion Guitar _ 1,Distortion Guitar _ 1,32640,120
63.28125,0.234375,61,117,Kurt Cobain -Dist Guitar-,Distortion Guitar _ 1,Distortion Guitar _ 1,32640,120
63.515625,0.234375,44,117,Kurt Cobain -Dist Guitar-,Distortion Guitar _ 1,Distortion Guitar _ 1,32760,120
63.515625,0.234375,51,117,Kurt Cobain -Dist Guitar-,Distortion Guitar _ 1,Distortion Guitar _ 1,32760,120
63.515625,0.234375,56,117,Kurt Cobain -Dist Guitar-,Distortion Guitar _ 1,Distortion Guitar _ 1,32760,120
63.75,0.46875,41,117,Kurt Cobain -Dist Guitar-,Distortion Guitar _ 1,Distortion Guitar _ 1,32880,240
63.75,0.46875,48,117,Kurt Cobain -Dist Guitar-,Distortion Guitar _ 1,Distortion Guitar _ 1,32880,240
63.75,0.46875,53,117,Kurt Cobain -Dist Guitar-,Distortion Guitar _ 1,Distortion Guitar _ 1,32880,240
64.21875,0.46875,41,117,Kurt Cobain -Dist Guitar-,Distortion Guitar _ 1,Distortion Guitar _ 1,33120,240
64.21875,0.46875,48,117,Kurt Cobain -Dist Guitar-,Distortion Guitar _ 1,Distortion Guitar _ 1,33120,240
64.21875,0.46875,53,117,Kurt Cobain -Dist Guitar-,Distortion Guitar _ 1,Distortion Guitar _ 1,33120,240
64.6875,0.1171875,41,117,Kurt Cobain -Dist Guitar-,Distortion Guitar _ 1,Distortion Guitar _ 1,33360,60
64.6875,0.1171875,48,117,Kurt Cobain -Dist Guitar-,Distortion Guitar _ 1,Distortion Guitar _ 1,33360,60
64.6875,0.1171875,53,117,Kurt Cobain -Dist Guitar-,Distortion Guitar _ 1,Distortion Guitar _ 1,33360,60
64.8046875,0.1171875,41,117,Kurt Cobain -Dist Guitar-,Distortion Guitar _ 1,Distortion Guitar _ 1,33420,60
64.8046875,0.1171875,48,117,Kurt Cobain -Dist Guitar-,Distortion Guitar _ 1,Distortion Guitar _ 1,33420,60
64.8046875,0.1171875,53,117,Kurt Cobain -Dist Guitar-,Distortion Guitar _ 1,Distortion Guitar _ 1,33420,60
64.921875,0.234375,46,117,Kurt Cobain -Dist Guitar-,Distortion Guitar _ 1,Distortion Guitar _ 1,33480,120
64.921875,0.234375,53,117,Kurt Cobain -Dist Guitar-,Distortion Guitar _ 1,Distortion Guitar _ 1,33480,120
64.921875,0.234375,58,117,Kurt Cobain -Dist Guitar-,Distortion Guitar _ 1,Distortion Guitar _ 1,33480,120
65.15625,0.234375,46,117,Kurt Cobain -Dist Guitar-,Distortion Guitar _ 1,Distortion Guitar _ 1,33600,120
65.15625,0.234375,53,117,Kurt Cobain -Dist Guitar-,Distortion Guitar _ 1,Distortion Guitar _ 1,33600,120
65.15625,0.234375,58,117,Kurt Cobain -Dist Guitar-,Distortion Guitar _ 1,Distortion Guitar _ 1,33600,120
65.390625,0.234375,41,117,Kurt Cobain -Dist Guitar-,Distortion Guitar _ 1,Distortion Guitar _ 1,33720,120
65.390625,0.234375,48,117,Kurt Cobain -Dist Guitar-,Distortion Guitar _ 1,Distortion Guitar _ 1,33720,120
65.390625,0.234375,53,117,Kurt Cobain -Dist Guitar-,Distortion Guitar _ 1,Distortion Guitar _ 1,33720,120
65.625,0.46875,44,117,Kurt Cobain -Dist Guitar-,Distortion Guitar _ 1,Distortion Guitar _ 1,33840,240
65.625,0.46875,51,117,Kurt Cobain -Dist Guitar-,Distortion Guitar _ 1,Distortion Guitar _ 1,33840,240
65.625,0.46875,56,117,Kurt Cobain -Dist Guitar-,Distortion Guitar _ 1,Distortion Guitar _ 1,33840,240
66.09375,0.46875,44,117,Kurt Cobain -Dist Guitar-,Distortion Guitar _ 1,Distortion Guitar _ 1,34080,240
66.09375,0.46875,51,117,Kurt Cobain -Dist Guitar-,Distortion Guitar _ 1,Distortion Guitar _ 1,34080,240
66.09375,0.46875,56,117,Kurt Cobain -Dist Guitar-,Distortion Guitar _ 1,Distortion Guitar _ 1,34080,240
66.5625,0.1171875,44,117,Kurt Cobain -Dist Guitar-,Distortion Guitar _ 1,Distortion Guitar _ 1,34320,60
66.5625,0.1171875,51,117,Kurt Cobain -Dist Guitar-,Distortion Guitar _ 1,Distortion Guitar _ 1,34320,60
66.5625,0.1171875,56,117,Kurt Cobain -Dist Guitar-,Distortion Guitar _ 1,Distortion Guitar _ 1,34320,60
66.6796875,0.1171875,44,117,Kurt Cobain -Dist Guitar-,Distortion Guitar _ 1,Distortion Guitar _ 1,34380,60
66.6796875,0.1171875,51,117,Kurt Cobain -Dist Guitar-,Distortion Guitar _ 1,Distortion Guitar _ 1,34380,60
66.6796875,0.1171875,56,117,Kurt Cobain -Dist Guitar-,Distortion Guitar _ 1,Distortion Guitar _ 1,34380,60
66.796875,0.234375,49,117,Kurt Cobain -Dist Guitar-,Distortion Guitar _ 1,Distortion Guitar _ 1,34440,120
66.796875,0.234375,56,117,Kurt Cobain -Dist Guitar-,Distortion Guitar _ 1,Distortion Guitar _ 1,34440,120
66.796875,0.234375,61,117,Kurt Cobain -Dist Guitar-,Distortion Guitar _ 1,Distortion Guitar _ 1,34440,120
67.03125,0.234375,49,117,Kurt Cobain -Dist Guitar-,Distortion Guitar _ 1,Distortion Guitar _ 1,34560,120
67.03125,0.234375,56,117,Kurt Cobain -Dist Guitar-,Distortion Guitar _ 1,Distortion Guitar _ 1,34560,120
67.03125,0.234375,61,117,Kurt Cobain -Dist Guitar-,Distortion Guitar _ 1,Distortion Guitar _ 1,34560,120
67.265625,0.234375,44,117,Kurt Cobain -Dist Guitar-,Distortion Guitar _ 1,Distortion Guitar _ 1,34680,120
67.265625,0.234375,51,117,Kurt Cobain -Dist Guitar-,Distortion Guitar _ 1,Distortion Guitar _ 1,34680,120
67.265625,0.234375,56,117,Kurt Cobain -Dist Guitar-,Distortion Guitar _ 1,Distortion Guitar _ 1,34680,120
67.5,0.46875,41,117,Kurt Cobain -Dist Guitar-,Distortion Guitar _ 1,Distortion Guitar _ 1,34800,240
67.5,0.46875,48,117,Kurt Cobain -Dist Guitar-,Distortion Guitar _ 1,Distortion Guitar _ 1,34800,240
67.5,0.46875,53,117,Kurt Cobain -Dist Guitar-,Distortion Guitar _ 1,Distortion Guitar _ 1,34800,240
67.96875,0.46875,41,117,Kurt Cobain -Dist Guitar-,Distortion Guitar _ 1,Distortion Guitar _ 1,35040,240
67.96875,0.46875,48,117,Kurt Cobain -Dist Guitar-,Distortion Guitar _ 1,Distortion Guitar _ 1,35040,240
67.96875,0.46875,53,117,Kurt Cobain -Dist Guitar-,Distortion Guitar _ 1,Distortion Guitar _ 1,35040,240
68.4375,0.1171875,41,117,Kurt Cobain -Dist Guitar-,Distortion Guitar _ 1,Distortion Guitar _ 1,35280,60
68.4375,0.1171875,48,117,Kurt Cobain -Dist Guitar-,Distortion Guitar _ 1,Distortion Guitar _ 1,35280,60
68.4375,0.1171875,53,117,Kurt Cobain -Dist Guitar-,Distortion Guitar _ 1,Distortion Guitar _ 1,35280,60
68.5546875,0.1171875,41,117,Kurt Cobain -Dist Guitar-,Distortion Guitar _ 1,Distortion Guitar _ 1,35340,60
68.5546875,0.1171875,48,117,Kurt Cobain -Dist Guitar-,Distortion Guitar _ 1,Distortion Guitar _ 1,35340,60
68.5546875,0.1171875,53,117,Kurt Cobain -Dist Guitar-,Distortion Guitar _ 1,Distortion Guitar _ 1,35340,60
68.671875,0.234375,46,117,Kurt Cobain -Dist Guitar-,Distortion Guitar _ 1,Distortion Guitar _ 1,35400,120
68.671875,0.234375,53,117,Kurt Cobain -Dist Guitar-,Distortion Guitar _ 1,Distortion Guitar _ 1,35400,120
68.671875,0.234375,58,117,Kurt Cobain -Dist Guitar-,Distortion Guitar _ 1,Distortion Guitar _ 1,35400,120
68.90625,0.234375,46,117,Kurt Cobain -Dist Guitar-,Distortion Guitar _ 1,Distortion Guitar _ 1,35520,120
68.90625,0.234375,53,117,Kurt Cobain -Dist Guitar-,Distortion Guitar _ 1,Distortion Guitar _ 1,35520,120
68.90625,0.234375,58,117,Kurt Cobain -Dist Guitar-,Distortion Guitar _ 1,Distortion Guitar _ 1,35520,120
69.140625,0.234375,41,117,Kurt Cobain -Dist Guitar-,Distortion Guitar _ 1,Distortion Guitar _ 1,35640,120
69.140625,0.234375,48,117,Kurt Cobain -Dist Guitar-,Distortion Guitar _ 1,Distortion Guitar _ 1,35640,120
69.140625,0.234375,53,117,Kurt Cobain -Dist Guitar-,Distortion Guitar _ 1,Distortion Guitar _ 1,35640,120
69.375,0.46875,44,117,Kurt Cobain -Dist Guitar-,Distortion Guitar _ 1,Distortion Guitar _ 1,35760,240
69.375,0.46875,51,117,Kurt Cobain -Dist Guitar-,Distortion Guitar _ 1,Distortion Guitar _ 1,35760,240
69.375,0.46875,56,117,Kurt Cobain -Dist Guitar-,Distortion Guitar _ 1,Distortion Guitar _ 1,35760,240
69.84375,0.46875,44,117,Kurt Cobain -Dist Guitar-,Distortion Guitar _ 1,Distortion Guitar _ 1,36000,240
69.84375,0.46875,51,117,Kurt Cobain -Dist Guitar-,Distortion Guitar _ 1,Distortion Guitar _ 1,36000,240
69.84375,0.46875,56,117,Kurt Cobain -Dist Guitar-,Distortion Guitar _ 1,Distortion Guitar _ 1,36000,240
70.3125,0.1171875,44,117,Kurt Cobain -Dist Guitar-,Distortion Guitar _ 1,Distortion Guitar _ 1,36240,60
70.3125,0.1171875,51,117,Kurt Cobain -Dist Guitar-,Distortion Guitar _ 1,Distortion Guitar _ 1,36240,60
70.3125,0.1171875,56,117,Kurt Cobain -Dist Guitar-,Distortion Guitar _ 1,Distortion Guitar _ 1,36240,60
70.4296875,0.1171875,44,117,Kurt Cobain -Dist Guitar-,Distortion Guitar _ 1,Distortion Guitar _ 1,36300,60
70.4296875,0.1171875,51,117,Kurt Cobain -Dist Guitar-,Distortion Guitar _ 1,Distortion Guitar _ 1,36300,60
70.4296875,0.1171875,56,117,Kurt Cobain -Dist Guitar-,Distortion Guitar _ 1,Distortion Guitar _ 1,36300,60
70.546875,0.234375,49,117,Kurt Cobain -Dist Guitar-,Distortion Guitar _ 1,Distortion Guitar _ 1,36360,120
70.546875,0.234375,56,117,Kurt Cobain -Dist Guitar-,Distortion Guitar _ 1,Distortion Guitar _ 1,36360,120
70.546875,0.234375,61,117,Kurt Cobain -Dist Guitar-,Distortion Guitar _ 1,Distortion Guitar _ 1,36360,120
70.78125,0.234375,49,117,Kurt Cobain -Dist Guitar-,Distortion Guitar _ 1,Distortion Guitar _ 1,36480,120
70.78125,0.234375,56,117,Kurt Cobain -Dist Guitar-,Distortion Guitar _ 1,Distortion Guitar _ 1,36480,120
70.78125,0.234375,61,117,Kurt Cobain -Dist Guitar-,Distortion Guitar _ 1,Distortion Guitar _ 1,36480,120
71.015625,0.234375,44,117,Kurt Cobain -Dist Guitar-,Distortion Guitar _ 1,Distortion Guitar _ 1,36600,120
71.015625,0.234375,51,117,Kurt Cobain -Dist Guitar-,Distortion Guitar _ 1,Distortion Guitar _ 1,36600,120
71.015625,0.234375,56,117,Kurt Cobain -Dist Guitar-,Distortion Guitar _ 1,Distortion Guitar _ 1,36600,120
71.25,0.46875,41,117,Kurt Cobain -Dist Guitar-,Distortion Guitar _ 1,Distortion Guitar _ 1,36720,240
71.25,0.46875,48,117,Kurt Cobain -Dist Guitar-,Distortion Guitar _ 1,Distortion Guitar _ 1,36720,240
71.25,0.46875,53,117,Kurt Cobain -Dist Guitar-,Distortion Guitar _ 1,Distortion Guitar _ 1,36720,240
71.71875,0.46875,41,117,Kurt Cobain -Dist Guitar-,Distortion Guitar _ 1,Distortion Guitar _ 1,36960,240
71.71875,0.46875,48,117,Kurt Cobain -Dist Guitar-,Distortion Guitar _ 1,Distortion Guitar _ 1,36960,240
71.71875,0.46875,53,117,Kurt Cobain -Dist Guitar-,Distortion Guitar _ 1,Distortion Guitar _ 1,36960,240
72.1875,0.1171875,41,117,Kurt Cobain -Dist Guitar-,Distortion Guitar _ 1,Distortion Guitar _ 1,37200,60
72.1875,0.1171875,48,117,Kurt Cobain -Dist Guitar-,Distortion Guitar _ 1,Distortion Guitar _ 1,37200,60
72.1875,0.1171875,53,117,Kurt Cobain -Dist Guitar-,Distortion Guitar _ 1,Distortion Guitar _ 1,37200,60
72.3046875,0.1171875,41,117,Kurt Cobain -Dist Guitar-,Distortion Guitar _ 1,Distortion Guitar _ 1,37260,60
72.3046875,0.1171875,48,117,Kurt Cobain -Dist Guitar-,Distortion Guitar _ 1,Distortion Guitar _ 1,37260,60
72.3046875,0.1171875,53,117,Kurt Cobain -Dist Guitar-,Distortion Guitar _ 1,Distortion Guitar _ 1,37260,60
72.421875,0.234375,46,117,Kurt Cobain -Dist Guitar-,Distortion Guitar _ 1,Distortion Guitar _ 1,37320,120
72.421875,0.234375,53,117,Kurt Cobain -Dist Guitar-,Distortion Guitar _ 1,Distortion Guitar _ 1,37320,120
72.421875,0.234375,58,117,Kurt Cobain -Dist Guitar-,Distortion Guitar _ 1,Distortion Guitar _ 1,37320,120
72.65625,0.234375,46,117,Kurt Cobain -Dist Guitar-,Distortion Guitar _ 1,Distortion Guitar _ 1,37440,120
72.65625,0.234375,53,117,Kurt Cobain -Dist Guitar-,Distortion Guitar _ 1,Distortion Guitar _ 1,37440,120
72.65625,0.234375,58,117,Kurt Cobain -Dist Guitar-,Distortion Guitar _ 1,Distortion Guitar _ 1,37440,120
72.890625,0.234375,41,117,Kurt Cobain -Dist Guitar-,Distortion Guitar _ 1,Distortion Guitar _ 1,37560,120
72.890625,0.234375,48,117,Kurt Cobain -Dist Guitar-,Distortion Guitar _ 1,Distortion Guitar _ 1,37560,120
72.890625,0.234375,53,117,Kurt Cobain -Dist Guitar-,Distortion Guitar _ 1,Distortion Guitar _ 1,37560,120
73.125,0.46875,44,117,Kurt Cobain -Dist Guitar-,Distortion Guitar _ 1,Distortion Guitar _ 1,37680,240
73.125,0.46875,51,117,Kurt Cobain -Dist Guitar-,Distortion Guitar _ 1,Distortion Guitar _ 1,37680,240
73.125,0.46875,56,117,Kurt Cobain -Dist Guitar-,Distortion Guitar _ 1,Distortion Guitar _ 1,37680,240
73.59375,0.46875,44,117,Kurt Cobain -Dist Guitar-,Distortion Guitar _ 1,Distortion Guitar _ 1,37920,240
73.59375,0.46875,51,117,Kurt Cobain -Dist Guitar-,Distortion Guitar _ 1,Distortion Guitar _ 1,37920,240
73.59375,0.46875,56,117,Kurt Cobain -Dist Guitar-,Distortion Guitar _ 1,Distortion Guitar _ 1,37920,240
74.0625,0.1171875,44,117,Kurt Cobain -Dist Guitar-,Distortion Guitar _ 1,Distortion Guitar _ 1,38160,60
74.0625,0.1171875,51,117,Kurt Cobain -Dist Guitar-,Distortion Guitar _ 1,Distortion Guitar _ 1,38160,60
74.0625,0.1171875,56,117,Kurt Cobain -Dist Guitar-,Distortion Guitar _ 1,Distortion Guitar _ 1,38160,60
74.1796875,0.1171875,44,117,Kurt Cobain -Dist Guitar-,Distortion Guitar _ 1,Distortion Guitar _ 1,38220,60
74.1796875,0.1171875,51,117,Kurt Cobain -Dist Guitar-,Distortion Guitar _ 1,Distortion Guitar _ 1,38220,60
74.1796875,0.1171875,56,117,Kurt Cobain -Dist Guitar-,Distortion Guitar _ 1,Distortion Guitar _ 1,38220,60
74.296875,0.234375,49,117,Kurt Cobain -Dist Guitar-,Distortion Guitar _ 1,Distortion Guitar _ 1,38280,120
74.296875,0.234375,56,117,Kurt Cobain -Dist Guitar-,Distortion Guitar _ 1,Distortion Guitar _ 1,38280,120
74.296875,0.234375,61,117,Kurt Cobain -Dist Guitar-,Distortion Guitar _ 1,Distortion Guitar _ 1,38280,120
74.53125,0.234375,49,85,Kurt Cobain -Dist Guitar-,Distortion Guitar _ 1,Distortion Guitar _ 1,38400,120
74.53125,0.234375,56,85,Kurt Cobain -Dist Guitar-,Distortion Guitar _ 1,Distortion Guitar _ 1,38400,120
74.53125,0.234375,61,85,Kurt Cobain -Dist Guitar-,Distortion Guitar _ 1,Distortion Guitar _ 1,38400,120
74.765625,0.234375,56,85,Kurt Cobain -Dist Guitar-,Distortion Guitar _ 1,Distortion Guitar _ 1,38520,120
74.765625,0.234375,49,85,Kurt Cobain -Dist Guitar-,Distortion Guitar _ 1,Distortion Guitar _ 1,38520,120
74.765625,0.234375,61,85,Kurt Cobain -Dist Guitar-,Distortion Guitar _ 1,Distortion Guitar _ 1,38520,120
75.0,0.46875,53,85,Kurt Cobain -Dist Guitar-,Distortion Guitar _ 1,Distortion Guitar _ 1,38640,240
75.0,0.46875,48,85,Kurt Cobain -Dist Guitar-,Distortion Guitar _ 1,Distortion Guitar _ 1,38640,240
75.0,0.46875,41,85,Kurt Cobain -Dist Guitar-,Distortion Guitar _ 1,Distortion Guitar _ 1,38640,240
75.46875,0.234375,52,85,Kurt Cobain -Dist Guitar-,Distortion Guitar _ 1,Distortion Guitar _ 1,38880,120
75.46875,0.234375,47,85,Kurt Cobain -Dist Guitar-,Distortion Guitar _ 1,Distortion Guitar _ 1,38880,120
75.46875,0.234375,40,85,Kurt Cobain -Dist Guitar-,Distortion Guitar _ 1,Distortion Guitar _ 1,38880,120
75.703125,0.234375,41,85,Kurt Cobain -Dist Guitar-,Distortion Guitar _ 1,Distortion Guitar _ 1,39000,120
75.703125,0.234375,48,85,Kurt Cobain -Dist Guitar-,Distortion Guitar _ 1,Distortion Guitar _ 1,39000,120
75.703125,0.234375,53,85,Kurt Cobain -Dist Guitar-,Distortion Guitar _ 1,Distortion Guitar _ 1,39000,120
75.9375,0.234375,42,85,Kurt Cobain -Dist Guitar-,Distortion Guitar _ 1,Distortion Guitar _ 1,39120,120
75.9375,0.234375,49,85,Kurt Cobain -Dist Guitar-,Distortion Guitar _ 1,Distortion Guitar _ 1,39120,120
75.9375,0.234375,54,85,Kurt Cobain -Dist Guitar-,Distortion Guitar _ 1,Distortion Guitar _ 1,39120,120
76.171875,0.234375,42,85,Kurt Cobain -Dist Guitar-,Distortion Guitar _ 1,Distortion Guitar _ 1,39240,120
76.171875,0.234375,49,85,Kurt Cobain -Dist Guitar-,Distortion Guitar _ 1,Distortion Guitar _ 1,39240,120
76.171875,0.234375,54,85,Kurt Cobain -Dist Guitar-,Distortion Guitar _ 1,Distortion Guitar _ 1,39240,120
76.40625,0.46875,54,97,Kurt Cobain -Dist Guitar-,Distortion Guitar _ 1,Distortion Guitar _ 1,39360,240
76.875,0.46875,53,85,Kurt Cobain -Dist Guitar-,Distortion Guitar _ 1,Distortion Guitar _ 1,39600,240
76.875,0.46875,48,85,Kurt Cobain -Dist Guitar-,Distortion Guitar _ 1,Distortion Guitar _ 1,39600,240
76.875,0.46875,41,85,Kurt Cobain -Dist Guitar-,Distortion Guitar _ 1,Distortion Guitar _ 1,39600,240
77.34375,0.234375,52,85,Kurt Cobain -Dist Guitar-,Distortion Guitar _ 1,Distortion Guitar _ 1,39840,120
77.34375,0.234375,47,85,Kurt Cobain -Dist Guitar-,Distortion Guitar _ 1,Distortion Guitar _ 1,39840,120
77.34375,0.234375,40,85,Kurt Cobain -Dist Guitar-,Distortion Guitar _ 1,Distortion Guitar _ 1,39840,120
77.578125,0.234375,41,85,Kurt Cobain -Dist Guitar-,Distortion Guitar _ 1,Distortion Guitar _ 1,39960,120
77.578125,0.234375,48,85,Kurt Cobain -Dist Guitar-,Distortion Guitar _ 1,Distortion Guitar _ 1,39960,120
77.578125,0.234375,53,85,Kurt Cobain -Dist Guitar-,Distortion Guitar _ 1,Distortion Guitar _ 1,39960,120
77.8125,0.46875,46,85,Kurt Cobain -Dist Guitar-,Distortion Guitar _ 1,Distortion Guitar _ 1,40080,240
77.8125,0.46875,53,85,Kurt Cobain -Dist Guitar-,Distortion Guitar _ 1,Distortion Guitar _ 1,40080,240
77.8125,0.46875,58,85,Kurt Cobain -Dist Guitar-,Distortion Guitar _ 1,Distortion Guitar _ 1,40080,240
78.28125,0.46875,44,85,Kurt Cobain -Dist Guitar-,Distortion Guitar _ 1,Distortion Guitar _ 1,40320,240
78.28125,0.46875,51,85,Kurt Cobain -Dist Guitar-,Distortion Guitar _ 1,Distortion Guitar _ 1,40320,240
78.28125,0.46875,56,85,Kurt Cobain -Dist Guitar-,Distortion Guitar _ 1,Distortion Guitar _ 1,40320,240
78.75,0.46875,53,85,Kurt Cobain -Dist Guitar-,Distortion Guitar _ 1,Distortion Guitar _ 1,40560,240
78.75,0.46875,48,85,Kurt Cobain -Dist Guitar-,Distortion Guitar _ 1,Distortion Guitar _ 1,40560,240
78.75,0.46875,41,85,Kurt Cobain -Dist Guitar-,Distortion Guitar _ 1,Distortion Guitar _ 1,40560,240
79.21875,0.234375,52,85,Kurt Cobain -Dist Guitar-,Distortion Guitar _ 1,Distortion Guitar _ 1,40800,120
79.21875,0.234375,47,85,Kurt Cobain -Dist Guitar-,Distortion Guitar _ 1,Distortion Guitar _ 1,40800,120
79.21875,0.234375,40,85,Kurt Cobain -Dist Guitar-,Distortion Guitar _ 1,Distortion Guitar _ 1,40800,120
79.453125,0.234375,41,85,Kurt Cobain -Dist Guitar-,Distortion Guitar _ 1,Distortion Guitar _ 1,40920,120
79.453125,0.234375,48,85,Kurt Cobain -Dist Guitar-,Distortion Guitar _ 1,Distortion Guitar _ 1,40920,120
79.453125,0.234375,53,85,Kurt Cobain -Dist Guitar-,Distortion Guitar _ 1,Distortion Guitar _ 1,40920,120
79.6875,0.234375,42,85,Kurt Cobain -Dist Guitar-,Distortion Guitar _ 1,Distortion Guitar _ 1,41040,120
79.6875,0.234375,49,85,Kurt Cobain -Dist Guitar-,Distortion Guitar _ 1,Distortion Guitar _ 1,41040,120
79.6875,0.234375,54,85,Kurt Cobain -Dist Guitar-,Distortion Guitar _ 1,Distortion Guitar _ 1,41040,120
79.921875,0.234375,42,85,Kurt Cobain -Dist Guitar-,Distortion Guitar _ 1,Distortion Guitar _ 1,41160,120
79.921875,0.234375,49,85,Kurt Cobain -Dist Guitar-,Distortion Guitar _ 1,Distortion Guitar _ 1,41160,120
79.921875,0.234375,54,85,Kurt Cobain -Dist Guitar-,Distortion Guitar _ 1,Distortion Guitar _ 1,41160,120
80.15625,0.46875,54,97,Kurt Cobain -Dist Guitar-,Distortion Guitar _ 1,Distortion Guitar _ 1,41280,240
80.625,0.46875,53,85,Kurt Cobain -Dist Guitar-,Distortion Guitar _ 1,Distortion Guitar _ 1,41520,240
80.625,0.46875,48,85,Kurt Cobain -Dist Guitar-,Distortion Guitar _ 1,Distortion Guitar _ 1,41520,240
80.625,0.46875,41,85,Kurt Cobain -Dist Guitar-,Distortion Guitar _ 1,Distortion Guitar _ 1,41520,240
81.09375,0.234375,52,85,Kurt Cobain -Dist Guitar-,Distortion Guitar _ 1,Distortion Guitar _ 1,41760,120
81.09375,0.234375,47,85,Kurt Cobain -Dist Guitar-,Distortion Guitar _ 1,Distortion Guitar _ 1,41760,120
81.09375,0.234375,40,85,Kurt Cobain -Dist Guitar-,Distortion Guitar _ 1,Distortion Guitar _ 1,41760,120
81.328125,0.234375,41,85,Kurt Cobain -Dist Guitar-,Distortion Guitar _ 1,Distortion Guitar _ 1,41880,120
81.328125,0.234375,48,85,Kurt Cobain -Dist Guitar-,Distortion Guitar _ 1,Distortion Guitar _ 1,41880,120
81.328125,0.234375,53,85,Kurt Cobain -Dist Guitar-,Distortion Guitar _ 1,Distortion Guitar _ 1,41880,120
81.5625,0.46875,46,85,Kurt Cobain -Dist Guitar-,Distortion Guitar _ 1,Distortion Guitar _ 1,42000,240
81.5625,0.46875,53,85,Kurt Cobain -Dist Guitar-,Distortion Guitar _ 1,Distortion Guitar _ 1,42000,240
81.5625,0.46875,58,85,Kurt Cobain -Dist Guitar-,Distortion Guitar _ 1,Distortion Guitar _ 1,42000,240
82.03125,0.46875,44,85,Kurt Cobain -Dist Guitar-,Distortion Guitar _ 1,Distortion Guitar _ 1,42240,240
82.03125,0.46875,51,85,Kurt Cobain -Dist Guitar-,Distortion Guitar _ 1,Distortion Guitar _ 1,42240,240
82.03125,0.46875,56,85,Kurt Cobain -Dist Guitar-,Distortion Guitar _ 1,Distortion Guitar _ 1,42240,240
105.0,3.75,53,85,Kurt Cobain -Dist Guitar-,Distortion Guitar _ 1,Distortion Guitar _ 1,54000,1920
105.0,3.75,48,85,Kurt Cobain -Dist Guitar-,Distortion Guitar _ 1,Distortion Guitar _ 1,54000,1920
105.0,3.75,41,85,Kurt Cobain -Dist Guitar-,Distortion Guitar _ 1,Distortion Guitar _ 1,54000,1920
108.75,3.75,53,85,Kurt Cobain -Dist Guitar-,Distortion Guitar _ 1,Distortion Guitar _ 1,55920,1920
108.75,3.75,48,85,Kurt Cobain -Dist Guitar-,Distortion Guitar _ 1,Distortion Guitar _ 1,55920,1920
108.75,3.75,41,85,Kurt Cobain -Dist Guitar-,Distortion Guitar _ 1,Distortion Guitar _ 1,55920,1920
112.5,3.75,53,85,Kurt Cobain -Dist Guitar-,Distortion Guitar _ 1,Distortion Guitar _ 1,57840,1920
112.5,3.75,48,85,Kurt Cobain -Dist Guitar-,Distortion Guitar _ 1,Distortion Guitar _ 1,57840,1920
112.5,3.75,41,85,Kurt Cobain -Dist Guitar-,Distortion Guitar _ 1,Distortion Guitar _ 1,57840,1920
116.25,3.75,53,85,Kurt Cobain -Dist Guitar-,Distortion Guitar _ 1,Distortion Guitar _ 1,59760,1920
116.25,3.75,48,85,Kurt Cobain -Dist Guitar-,Distortion Guitar _ 1,Distortion Guitar _ 1,59760,1920
116.25,3.75,41,85,Kurt Cobain -Dist Guitar-,Distortion Guitar _ 1,Distortion Guitar _ 1,59760,1920
120.0,0.46875,41,125,Kurt Cobain -Dist Guitar-,Distortion Guitar _ 1,Distortion Guitar _ 1,61680,240
120.0,0.46875,48,125,Kurt Cobain -Dist Guitar-,Distortion Guitar _ 1,Distortion Guitar _ 1,61680,240
120.0,0.46875,53,125,Kurt Cobain -Dist Guitar-,Distortion Guitar _ 1,Distortion Guitar _ 1,61680,240
120.46875,0.46875,41,125,Kurt Cobain -Dist Guitar-,Distortion Guitar _ 1,Distortion Guitar _ 1,61920,240
120.46875,0.46875,48,125,Kurt Cobain -Dist Guitar-,Distortion Guitar _ 1,Distortion Guitar _ 1,61920,240
120.46875,0.46875,53,125,Kurt Cobain -Dist Guitar-,Distortion Guitar _ 1,Distortion Guitar _ 1,61920,240
120.9375,0.1171875,41,125,Kurt Cobain -Dist Guitar-,Distortion Guitar _ 1,Distortion Guitar _ 1,62160,60
120.9375,0.1171875,48,125,Kurt Cobain -Dist Guitar-,Distortion Guitar _ 1,Distortion Guitar _ 1,62160,60
120.9375,0.1171875,53,125,Kurt Cobain -Dist Guitar-,Distortion Guitar _ 1,Distortion Guitar _ 1,62160,60
121.0546875,0.1171875,41,125,Kurt Cobain -Dist Guitar-,Distortion Guitar _ 1,Distortion Guitar _ 1,62220,60
121.0546875,0.1171875,48,125,Kurt Cobain -Dist Guitar-,Distortion Guitar _ 1,Distortion Guitar _ 1,62220,60
121.0546875,0.1171875,53,125,Kurt Cobain -Dist Guitar-,Distortion Guitar _ 1,Distortion Guitar _ 1,62220,60
121.171875,0.234375,46,125,Kurt Cobain -Dist Guitar-,Distortion Guitar _ 1,Distortion Guitar _ 1,62280,120
121.171875,0.234375,53,125,Kurt Cobain -Dist Guitar-,Distortion Guitar _ 1,Distortion Guitar _ 1,62280,120
121.171875,0.234375,58,125,Kurt Cobain -Dist Guitar-,Distortion Guitar _ 1,Distortion Guitar _ 1,62280,120
121.40625,0.234375,46,125,Kurt Cobain -Dist Guitar-,Distortion Guitar _ 1,Distortion Guitar _ 1,62400,120
121.40625,0.234375,53,125,Kurt Cobain -Dist Guitar-,Distortion Guitar _ 1,Distortion Guitar _ 1,62400,120
121.40625,0.234375,58,125,Kurt Cobain -Dist Guitar-,Distortion Guitar _ 1,Distortion Guitar _ 1,62400,120
121.640625,0.234375,41,125,Kurt Cobain -Dist Guitar-,Distortion Guitar _ 1,Distortion Guitar _ 1,62520,120
121.640625,0.234375,48,125,Kurt Cobain -Dist Guitar-,Distortion Guitar _ 1,Distortion Guitar _ 1,62520,120
121.640625,0.234375,53,125,Kurt Cobain -Dist Guitar-,Distortion Guitar _ 1,Distortion Guitar _ 1,62520,120
121.875,0.46875,44,125,Kurt Cobain -Dist Guitar-,Distortion Guitar _ 1,Distortion Guitar _ 1,62640,240
121.875,0.46875,51,125,Kurt Cobain -Dist Guitar-,Distortion Guitar _ 1,Distortion Guitar _ 1,62640,240
121.875,0.46875,56,125,Kurt Cobain -Dist Guitar-,Distortion Guitar _ 1,Distortion Guitar _ 1,62640,240
122.34375,0.46875,44,125,Kurt Cobain -Dist Guitar-,Distortion Guitar _ 1,Distortion Guitar _ 1,62880,240
122.34375,0.46875,51,125,Kurt Cobain -Dist Guitar-,Distortion Guitar _ 1,Distortion Guitar _ 1,62880,240
122.34375,0.46875,56,125,Kurt Cobain -Dist Guitar-,Distortion Guitar _ 1,Distortion Guitar _ 1,62880,240
122.8125,0.1171875,44,125,Kurt Cobain -Dist Guitar-,Distortion Guitar _ 1,Distortion Guitar _ 1,63120,60
122.8125,0.1171875,51,125,Kurt Cobain -Dist Guitar-,Distortion Guitar _ 1,Distortion Guitar _ 1,63120,60
122.8125,0.1171875,56,125,Kurt Cobain -Dist Guitar-,Distortion Guitar _ 1,Distortion Guitar _ 1,63120,60
122.9296875,0.1171875,44,125,Kurt Cobain -Dist Guitar-,Distortion Guitar _ 1,Distortion Guitar _ 1,63180,60
122.9296875,0.1171875,51,125,Kurt Cobain -Dist Guitar-,Distortion Guitar _ 1,Distortion Guitar _ 1,63180,60
122.9296875,0.1171875,56,125,Kurt Cobain -Dist Guitar-,Distortion Guitar _ 1,Distortion Guitar _ 1,63180,60
123.046875,0.234375,49,125,Kurt Cobain -Dist Guitar-,Distortion Guitar _ 1,Distortion Guitar _ 1,63240,120
123.046875,0.234375,56,125,Kurt Cobain -Dist Guitar-,Distortion Guitar _ 1,Distortion Guitar _ 1,63240,120
123.046875,0.234375,61,125,Kurt Cobain -Dist Guitar-,Distortion Guitar _ 1,Distortion Guitar _ 1,63240,120
123.28125,0.234375,49,125,Kurt Cobain -Dist Guitar-,Distortion Guitar _ 1,Distortion Guitar _ 1,63360,120
123.28125,0.234375,56,125,Kurt Cobain -Dist Guitar-,Distortion Guitar _ 1,Distortion Guitar _ 1,63360,120
123.28125,0.234375,61,125,Kurt Cobain -Dist Guitar-,Distortion Guitar _ 1,Distortion Guitar _ 1,63360,120
123.515625,0.234375,44,125,Kurt Cobain -Dist Guitar-,Distortion Guitar _ 1,Distortion Guitar _ 1,63480,120
123.515625,0.234375,51,125,Kurt Cobain -Dist Guitar-,Distortion Guitar _ 1,Distortion Guitar _ 1,63480,120
123.515625,0.234375,56,125,Kurt Cobain -Dist Guitar-,Distortion Guitar _ 1,Distortion Guitar _ 1,63480,120
123.75,0.46875,41,125,Kurt Cobain -Dist Guitar-,Distortion Guitar _ 1,Distortion Guitar _ 1,63600,240
123.75,0.46875,48,125,Kurt Cobain -Dist Guitar-,Distortion Guitar _ 1,Distortion Guitar _ 1,63600,240
123.75,0.46875,53,125,Kurt Cobain -Dist Guitar-,Distortion Guitar _ 1,Distortion Guitar _ 1,63600,240
124.21875,0.46875,41,125,Kurt Cobain -Dist Guitar-,Distortion Guitar _ 1,Distortion Guitar _ 1,63840,240
124.21875,0.46875,48,125,Kurt Cobain -Dist Guitar-,Distortion Guitar _ 1,Distortion Guitar _ 1,63840,240
124.21875,0.46875,53,125,Kurt Cobain -Dist Guitar-,Distortion Guitar _ 1,Distortion Guitar _ 1,63840,240
124.6875,0.1171875,41,125,Kurt Cobain -Dist Guitar-,Distortion Guitar _ 1,Distortion Guitar _ 1,64080,60
124.6875,0.1171875,48,125,Kurt Cobain -Dist Guitar-,Distortion Guitar _ 1,Distortion Guitar _ 1,64080,60
124.6875,0.1171875,53,125,Kurt Cobain -Dist Guitar-,Distortion Guitar _ 1,Distortion Guitar _ 1,64080,60
124.8046875,0.1171875,41,125,Kurt Cobain -Dist Guitar-,Distortion Guitar _ 1,Distortion Guitar _ 1,64140,60
124.8046875,0.1171875,48,125,Kurt Cobain -Dist Guitar-,Distortion Guitar _ 1,Distortion Guitar _ 1,64140,60
124.8046875,0.1171875,53,125,Kurt Cobain -Dist Guitar-,Distortion Guitar _ 1,Distortion Guitar _ 1,64140,60
124.921875,0.234375,46,125,Kurt Cobain -Dist Guitar-,Distortion Guitar _ 1,Distortion Guitar _ 1,64200,120
124.921875,0.234375,53,125,Kurt Cobain -Dist Guitar-,Distortion Guitar _ 1,Distortion Guitar _ 1,64200,120
124.921875,0.234375,58,125,Kurt Cobain -Dist Guitar-,Distortion Guitar _ 1,Distortion Guitar _ 1,64200,120
125.15625,0.234375,46,125,Kurt Cobain -Dist Guitar-,Distortion Guitar _ 1,Distortion Guitar _ 1,64320,120
125.15625,0.234375,53,125,Kurt Cobain -Dist Guitar-,Distortion Guitar _ 1,Distortion Guitar _ 1,64320,120
125.15625,0.234375,58,125,Kurt Cobain -Dist Guitar-,Distortion Guitar _ 1,Distortion Guitar _ 1,64320,120
125.390625,0.234375,41,125,Kurt Cobain -Dist Guitar-,Distortion Guitar _ 1,Distortion Guitar _ 1,64440,120
125.390625,0.234375,48,125,Kurt Cobain -Dist Guitar-,Distortion Guitar _ 1,Distortion Guitar _ 1,64440,120
125.390625,0.234375,53,125,Kurt Cobain -Dist Guitar-,Distortion Guitar _ 1,Distortion Guitar _ 1,64440,120
125.625,0.46875,44,125,Kurt Cobain -Dist Guitar-,Distortion Guitar _ 1,Distortion Guitar _ 1,64560,240
125.625,0.46875,51,125,Kurt Cobain -Dist Guitar-,Distortion Guitar _ 1,Distortion Guitar _ 1,64560,240
125.625,0.46875,56,125,Kurt Cobain -Dist Guitar-,Distortion Guitar _ 1,Distortion Guitar _ 1,64560,240
126.09375,0.46875,44,125,Kurt Cobain -Dist Guitar-,Distortion Guitar _ 1,Distortion Guitar _ 1,64800,240
126.09375,0.46875,51,125,Kurt Cobain -Dist Guitar-,Distortion Guitar _ 1,Distortion Guitar _ 1,64800,240
126.09375,0.46875,56,125,Kurt Cobain -Dist Guitar-,Distortion Guitar _ 1,Distortion Guitar _ 1,64800,240
126.5625,0.1171875,44,125,Kurt Cobain -Dist Guitar-,Distortion Guitar _ 1,Distortion Guitar _ 1,65040,60
126.5625,0.1171875,51,125,Kurt Cobain -Dist Guitar-,Distortion Guitar _ 1,Distortion Guitar _ 1,65040,60
126.5625,0.1171875,56,125,Kurt Cobain -Dist Guitar-,Distortion Guitar _ 1,Distortion Guitar _ 1,65040,60
126.6796875,0.1171875,44,125,Kurt Cobain -Dist Guitar-,Distortion Guitar _ 1,Distortion Guitar _ 1,65100,60
126.6796875,0.1171875,51,125,Kurt Cobain -Dist Guitar-,Distortion Guitar _ 1,Distortion Guitar _ 1,65100,60
126.6796875,0.1171875,56,125,Kurt Cobain -Dist Guitar-,Distortion Guitar _ 1,Distortion Guitar _ 1,65100,60
126.796875,0.234375,49,125,Kurt Cobain -Dist Guitar-,Distortion Guitar _ 1,Distortion Guitar _ 1,65160,120
126.796875,0.234375,56,125,Kurt Cobain -Dist Guitar-,Distortion Guitar _ 1,Distortion Guitar _ 1,65160,120
126.796875,0.234375,61,125,Kurt Cobain -Dist Guitar-,Distortion Guitar _ 1,Distortion Guitar _ 1,65160,120
127.03125,0.234375,49,125,Kurt Cobain -Dist Guitar-,Distortion Guitar _ 1,Distortion Guitar _ 1,65280,120
127.03125,0.234375,56,125,Kurt Cobain -Dist Guitar-,Distortion Guitar _ 1,Distortion Guitar _ 1,65280,120
127.03125,0.234375,61,125,Kurt Cobain -Dist Guitar-,Distortion Guitar _ 1,Distortion Guitar _ 1,65280,120
127.265625,0.234375,44,125,Kurt Cobain -Dist Guitar-,Distortion Guitar _ 1,Distortion Guitar _ 1,65400,120
127.265625,0.234375,51,125,Kurt Cobain -Dist Guitar-,Distortion Guitar _ 1,Distortion Guitar _ 1,65400,120
127.265625,0.234375,56,125,Kurt Cobain -Dist Guitar-,Distortion Guitar _ 1,Distortion Guitar _ 1,65400,120
127.5,0.46875,41,125,Kurt Cobain -Dist Guitar-,Distortion Guitar _ 1,Distortion Guitar _ 1,65520,240
127.5,0.46875,48,125,Kurt Cobain -Dist Guitar-,Distortion Guitar _ 1,Distortion Guitar _ 1,65520,240
127.5,0.46875,53,125,Kurt Cobain -Dist Guitar-,Distortion Guitar _ 1,Distortion Guitar _ 1,65520,240
127.96875,0.46875,41,125,Kurt Cobain -Dist Guitar-,Distortion Guitar _ 1,Distortion Guitar _ 1,65760,240
127.96875,0.46875,48,125,Kurt Cobain -Dist Guitar-,Distortion Guitar _ 1,Distortion Guitar _ 1,65760,240
127.96875,0.46875,53,125,Kurt Cobain -Dist Guitar-,Distortion Guitar _ 1,Distortion Guitar _ 1,65760,240
128.4375,0.1171875,41,125,Kurt Cobain -Dist Guitar-,Distortion Guitar _ 1,Distortion Guitar _ 1,66000,60
128.4375,0.1171875,48,125,Kurt Cobain -Dist Guitar-,Distortion Guitar _ 1,Distortion Guitar _ 1,66000,60
128.4375,0.1171875,53,125,Kurt Cobain -Dist Guitar-,Distortion Guitar _ 1,Distortion Guitar _ 1,66000,60
128.5546875,0.1171875,41,125,Kurt Cobain -Dist Guitar-,Distortion Guitar _ 1,Distortion Guitar _ 1,66060,60
128.5546875,0.1171875,48,125,Kurt Cobain -Dist Guitar-,Distortion Guitar _ 1,Distortion Guitar _ 1,66060,60
128.5546875,0.1171875,53,125,Kurt Cobain -Dist Guitar-,Distortion Guitar _ 1,Distortion Guitar _ 1,66060,60
128.671875,0.234375,46,125,Kurt Cobain -Dist Guitar-,Distortion Guitar _ 1,Distortion Guitar _ 1,66120,120
128.671875,0.234375,53,125,Kurt Cobain -Dist Guitar-,Distortion Guitar _ 1,Distortion Guitar _ 1,66120,120
128.671875,0.234375,58,125,Kurt Cobain -Dist Guitar-,Distortion Guitar _ 1,Distortion Guitar _ 1,66120,120
128.90625,0.234375,46,125,Kurt Cobain -Dist Guitar-,Distortion Guitar _ 1,Distortion Guitar _ 1,66240,120
128.90625,0.234375,53,125,Kurt Cobain -Dist Guitar-,Distortion Guitar _ 1,Distortion Guitar _ 1,66240,120
128.90625,0.234375,58,125,Kurt Cobain -Dist Guitar-,Distortion Guitar _ 1,Distortion Guitar _ 1,66240,120
129.140625,0.234375,41,125,Kurt Cobain -Dist Guitar-,Distortion Guitar _ 1,Distortion Guitar _ 1,66360,120
129.140625,0.234375,48,125,Kurt Cobain -Dist Guitar-,Distortion Guitar _ 1,Distortion Guitar _ 1,66360,120
129.140625,0.234375,53,125,Kurt Cobain -Dist Guitar-,Distortion Guitar _ 1,Distortion Guitar _ 1,66360,120
129.375,0.46875,44,125,Kurt Cobain -Dist Guitar-,Distortion Guitar _ 1,Distortion Guitar _ 1,66480,240
129.375,0.46875,51,125,Kurt Cobain -Dist Guitar-,Distortion Guitar _ 1,Distortion Guitar _ 1,66480,240
129.375,0.46875,56,125,Kurt Cobain -Dist Guitar-,Distortion Guitar _ 1,Distortion Guitar _ 1,66480,240
129.84375,0.46875,44,125,Kurt Cobain -Dist Guitar-,Distortion Guitar _ 1,Distortion Guitar _ 1,66720,240
129.84375,0.46875,51,125,Kurt Cobain -Dist Guitar-,Distortion Guitar _ 1,Distortion Guitar _ 1,66720,240
129.84375,0.46875,56,125,Kurt Cobain -Dist Guitar-,Distortion Guitar _ 1,Distortion Guitar _ 1,66720,240
130.3125,0.1171875,44,125,Kurt Cobain -Dist Guitar-,Distortion Guitar _ 1,Distortion Guitar _ 1,66960,60
130.3125,0.1171875,51,125,Kurt Cobain -Dist Guitar-,Distortion Guitar _ 1,Distortion Guitar _ 1,66960,60
130.3125,0.1171875,56,125,Kurt Cobain -Dist Guitar-,Distortion Guitar _ 1,Distortion Guitar _ 1,66960,60
130.4296875,0.1171875,44,125,Kurt Cobain -Dist Guitar-,Distortion Guitar _ 1,Distortion Guitar _ 1,67020,60
130.4296875,0.1171875,51,125,Kurt Cobain -Dist Guitar-,Distortion Guitar _ 1,Distortion Guitar _ 1,67020,60
130.4296875,0.1171875,56,125,Kurt Cobain -Dist Guitar-,Distortion Guitar _ 1,Distortion Guitar _ 1,67020,60
130.546875,0.234375,49,125,Kurt Cobain -Dist Guitar-,Distortion Guitar _ 1,Distortion Guitar _ 1,67080,120
130.546875,0.234375,56,125,Kurt Cobain -Dist Guitar-,Distortion Guitar _ 1,Distortion Guitar _ 1,67080,120
130.546875,0.234375,61,125,Kurt Cobain -Dist Guitar-,Distortion Guitar _ 1,Distortion Guitar _ 1,67080,120
130.78125,0.234375,49,125,Kurt Cobain -Dist Guitar-,Distortion Guitar _ 1,Distortion Guitar _ 1,67200,120
130.78125,0.234375,56,125,Kurt Cobain -Dist Guitar-,Distortion Guitar _ 1,Distortion Guitar _ 1,67200,120
130.78125,0.234375,61,125,Kurt Cobain -Dist Guitar-,Distortion Guitar _ 1,Distortion Guitar _ 1,67200,120
131.015625,0.234375,44,125,Kurt Cobain -Dist Guitar-,Distortion Guitar _ 1,Distortion Guitar _ 1,67320,120
131.015625,0.234375,51,125,Kurt Cobain -Dist Guitar-,Distortion Guitar _ 1,Distortion Guitar _ 1,67320,120
131.015625,0.234375,56,125,Kurt Cobain -Dist Guitar-,Distortion Guitar _ 1,Distortion Guitar _ 1,67320,120
131.25,0.46875,41,125,Kurt Cobain -Dist Guitar-,Distortion Guitar _ 1,Distortion Guitar _ 1,67440,240
131.25,0.46875,48,125,Kurt Cobain -Dist Guitar-,Distortion Guitar _ 1,Distortion Guitar _ 1,67440,240
131.25,0.46875,53,125,Kurt Cobain -Dist Guitar-,Distortion Guitar _ 1,Distortion Guitar _ 1,67440,240
131.71875,0.46875,41,125,Kurt Cobain -Dist Guitar-,Distortion Guitar _ 1,Distortion Guitar _ 1,67680,240
131.71875,0.46875,48,125,Kurt Cobain -Dist Guitar-,Distortion Guitar _ 1,Distortion Guitar _ 1,67680,240
131.71875,0.46875,53,125,Kurt Cobain -Dist Guitar-,Distortion Guitar _ 1,Distortion Guitar _ 1,67680,240
132.1875,0.1171875,41,125,Kurt Cobain -Dist Guitar-,Distortion Guitar _ 1,Distortion Guitar _ 1,67920,60
132.1875,0.1171875,48,125,Kurt Cobain -Dist Guitar-,Distortion Guitar _ 1,Distortion Guitar _ 1,67920,60
132.1875,0.1171875,53,125,Kurt Cobain -Dist Guitar-,Distortion Guitar _ 1,Distortion Guitar _ 1,67920,60
132.3046875,0.1171875,41,125,Kurt Cobain -Dist Guitar-,Distortion Guitar _ 1,Distortion Guitar _ 1,67980,60
132.3046875,0.1171875,48,125,Kurt Cobain -Dist Guitar-,Distortion Guitar _ 1,Distortion Guitar _ 1,67980,60
132.3046875,0.1171875,53,125,Kurt Cobain -Dist Guitar-,Distortion Guitar _ 1,Distortion Guitar _ 1,67980,60
132.421875,0.234375,46,125,Kurt Cobain -Dist Guitar-,Distortion Guitar _ 1,Distortion Guitar _ 1,68040,120
132.421875,0.234375,53,125,Kurt Cobain -Dist Guitar-,Distortion Guitar _ 1,Distortion Guitar _ 1,68040,120
132.421875,0.234375,58,125,Kurt Cobain -Dist Guitar-,Distortion Guitar _ 1,Distortion Guitar _ 1,68040,120
132.65625,0.234375,46,125,Kurt Cobain -Dist Guitar-,Distortion Guitar _ 1,Distortion Guitar _ 1,68160,120
132.65625,0.234375,53,125,Kurt Cobain -Dist Guitar-,Distortion Guitar _ 1,Distortion Guitar _ 1,68160,120
132.65625,0.234375,58,125,Kurt Cobain -Dist Guitar-,Distortion Guitar _ 1,Distortion Guitar _ 1,68160,120
132.890625,0.234375,41,125,Kurt Cobain -Dist Guitar-,Distortion Guitar _ 1,Distortion Guitar _ 1,68280,120
132.890625,0.234375,48,125,Kurt Cobain -Dist Guitar-,Distortion Guitar _ 1,Distortion Guitar _ 1,68280,120
132.890625,0.234375,53,125,Kurt Cobain -Dist Guitar-,Distortion Guitar _ 1,Distortion Guitar _ 1,68280,120
133.125,0.46875,44,125,Kurt Cobain -Dist Guitar-,Distortion Guitar _ 1,Distortion Guitar _ 1,68400,240
133.125,0.46875,51,125,Kurt Cobain -Dist Guitar-,Distortion Guitar _ 1,Distortion Guitar _ 1,68400,240
133.125,0.46875,56,125,Kurt Cobain -Dist Guitar-,Distortion Guitar _ 1,Distortion Guitar _ 1,68400,240
133.59375,0.46875,44,125,Kurt Cobain -Dist Guitar-,Distortion Guitar _ 1,Distortion Guitar _ 1,68640,240
133.59375,0.46875,51,125,Kurt Cobain -Dist Guitar-,Distortion Guitar _ 1,Distortion Guitar _ 1,68640,240
133.59375,0.46875,56,125,Kurt Cobain -Dist Guitar-,Distortion Guitar _ 1,Distortion Guitar _ 1,68640,240
134.0625,0.1171875,44,125,Kurt Cobain -Dist Guitar-,Distortion Guitar _ 1,Distortion Guitar _ 1,68880,60
134.0625,0.1171875,51,125,Kurt Cobain -Dist Guitar-,Distortion Guitar _ 1,Distortion Guitar _ 1,68880,60
134.0625,0.1171875,56,125,Kurt Cobain -Dist Guitar-,Distortion Guitar _ 1,Distortion Guitar _ 1,68880,60
134.1796875,0.1171875,44,125,Kurt Cobain -Dist Guitar-,Distortion Guitar _ 1,Distortion Guitar _ 1,68940,60
134.1796875,0.1171875,51,125,Kurt Cobain -Dist Guitar-,Distortion Guitar _ 1,Distortion Guitar _ 1,68940,60
134.1796875,0.1171875,56,125,Kurt Cobain -Dist Guitar-,Distortion Guitar _ 1,Distortion Guitar _ 1,68940,60
134.296875,0.234375,49,125,Kurt Cobain -Dist Guitar-,Distortion Guitar _ 1,Distortion Guitar _ 1,69000,120
134.296875,0.234375,56,125,Kurt Cobain -Dist Guitar-,Distortion Guitar _ 1,Distortion Guitar _ 1,69000,120
134.296875,0.234375,61,125,Kurt Cobain -Dist Guitar-,Distortion Guitar _ 1,Distortion Guitar _ 1,69000,120
134.53125,0.234375,49,85,Kurt Cobain -Dist Guitar-,Distortion Guitar _ 1,Distortion Guitar _ 1,69120,120
134.53125,0.234375,56,85,Kurt Cobain -Dist Guitar-,Distortion Guitar _ 1,Distortion Guitar _ 1,69120,120
134.53125,0.234375,61,85,Kurt Cobain -Dist Guitar-,Distortion Guitar _ 1,Distortion Guitar _ 1,69120,120
134.765625,0.234375,56,85,Kurt Cobain -Dist Guitar-,Distortion Guitar _ 1,Distortion Guitar _ 1,69240,120
134.765625,0.234375,49,85,Kurt Cobain -Dist Guitar-,Distortion Guitar _ 1,Distortion Guitar _ 1,69240,120
134.765625,0.234375,61,85,Kurt Cobain -Dist Guitar-,Distortion Guitar _ 1,Distortion Guitar _ 1,69240,120
135.0,0.46875,53,85,Kurt Cobain -Dist Guitar-,Distortion Guitar _ 1,Distortion Guitar _ 1,69360,240
135.0,0.46875,48,85,Kurt Cobain -Dist Guitar-,Distortion Guitar _ 1,Distortion Guitar _ 1,69360,240
135.0,0.46875,41,85,Kurt Cobain -Dist Guitar-,Distortion Guitar _ 1,Distortion Guitar _ 1,69360,240
135.46875,0.234375,52,85,Kurt Cobain -Dist Guitar-,Distortion Guitar _ 1,Distortion Guitar _ 1,69600,120
135.46875,0.234375,47,85,Kurt Cobain -Dist Guitar-,Distortion Guitar _ 1,Distortion Guitar _ 1,69600,120
135.46875,0.234375,40,85,Kurt Cobain -Dist Guitar-,Distortion Guitar _ 1,Distortion Guitar _ 1,69600,120
135.703125,0.234375,41,85,Kurt Cobain -Dist Guitar-,Distortion Guitar _ 1,Distortion Guitar _ 1,69720,120
135.703125,0.234375,48,85,Kurt Cobain -Dist Guitar-,Distortion Guitar _ 1,Distortion Guitar _ 1,69720,120
135.703125,0.234375,53,85,Kurt Cobain -Dist Guitar-,Distortion Guitar _ 1,Distortion Guitar _ 1,69720,120
135.9375,0.234375,42,85,Kurt Cobain -Dist Guitar-,Distortion Guitar _ 1,Distortion Guitar _ 1,69840,120
135.9375,0.234375,49,85,Kurt Cobain -Dist Guitar-,Distortion Guitar _ 1,Distortion Guitar _ 1,69840,120
135.9375,0.234375,54,85,Kurt Cobain -Dist Guitar-,Distortion Guitar _ 1,Distortion Guitar _ 1,69840,120
136.171875,0.234375,42,85,Kurt Cobain -Dist Guitar-,Distortion Guitar _ 1,Distortion Guitar _ 1,69960,120
136.171875,0.234375,49,85,Kurt Cobain -Dist Guitar-,Distortion Guitar _ 1,Distortion Guitar _ 1,69960,120
136.171875,0.234375,54,85,Kurt Cobain -Dist Guitar-,Distortion Guitar _ 1,Distortion Guitar _ 1,69960,120
136.40625,0.46875,54,97,Kurt Cobain -Dist Guitar-,Distortion Guitar _ 1,Distortion Guitar _ 1,70080,240
136.875,0.46875,53,85,Kurt Cobain -Dist Guitar-,Distortion Guitar _ 1,Distortion Guitar _ 1,70320,240
136.875,0.46875,48,85,Kurt Cobain -Dist Guitar-,Distortion Guitar _ 1,Distortion Guitar _ 1,70320,240
136.875,0.46875,41,85,Kurt Cobain -Dist Guitar-,Distortion Guitar _ 1,Distortion Guitar _ 1,70320,240
137.34375,0.234375,52,85,Kurt Cobain -Dist Guitar-,Distortion Guitar _ 1,Distortion Guitar _ 1,70560,120
137.34375,0.234375,47,85,Kurt Cobain -Dist Guitar-,Distortion Guitar _ 1,Distortion Guitar _ 1,70560,120
137.34375,0.234375,40,85,Kurt Cobain -Dist Guitar-,Distortion Guitar _ 1,Distortion Guitar _ 1,70560,120
137.578125,0.234375,41,85,Kurt Cobain -Dist Guitar-,Distortion Guitar _ 1,Distortion Guitar _ 1,70680,120
137.578125,0.234375,48,85,Kurt Cobain -Dist Guitar-,Distortion Guitar _ 1,Distortion Guitar _ 1,70680,120
137.578125,0.234375,53,85,Kurt Cobain -Dist Guitar-,Distortion Guitar _ 1,Distortion Guitar _ 1,70680,120
137.8125,0.46875,46,85,Kurt Cobain -Dist Guitar-,Distortion Guitar _ 1,Distortion Guitar _ 1,70800,240
137.8125,0.46875,53,85,Kurt Cobain -Dist Guitar-,Distortion Guitar _ 1,Distortion Guitar _ 1,70800,240
137.8125,0.46875,58,85,Kurt Cobain -Dist Guitar-,Distortion Guitar _ 1,Distortion Guitar _ 1,70800,240
138.28125,0.46875,44,85,Kurt Cobain -Dist Guitar-,Distortion Guitar _ 1,Distortion Guitar _ 1,71040,240
138.28125,0.46875,51,85,Kurt Cobain -Dist Guitar-,Distortion Guitar _ 1,Distortion Guitar _ 1,71040,240
138.28125,0.46875,56,85,Kurt Cobain -Dist Guitar-,Distortion Guitar _ 1,Distortion Guitar _ 1,71040,240
138.75,0.46875,53,85,Kurt Cobain -Dist Guitar-,Distortion Guitar _ 1,Distortion Guitar _ 1,71280,240
138.75,0.46875,48,85,Kurt Cobain -Dist Guitar-,Distortion Guitar _ 1,Distortion Guitar _ 1,71280,240
138.75,0.46875,41,85,Kurt Cobain -Dist Guitar-,Distortion Guitar _ 1,Distortion Guitar _ 1,71280,240
139.21875,0.234375,52,85,Kurt Cobain -Dist Guitar-,Distortion Guitar _ 1,Distortion Guitar _ 1,71520,120
139.21875,0.234375,47,85,Kurt Cobain -Dist Guitar-,Distortion Guitar _ 1,Distortion Guitar _ 1,71520,120
139.21875,0.234375,40,85,Kurt Cobain -Dist Guitar-,Distortion Guitar _ 1,Distortion Guitar _ 1,71520,120
139.453125,0.234375,41,85,Kurt Cobain -Dist Guitar-,Distortion Guitar _ 1,Distortion Guitar _ 1,71640,120
139.453125,0.234375,48,85,Kurt Cobain -Dist Guitar-,Distortion Guitar _ 1,Distortion Guitar _ 1,71640,120
139.453125,0.234375,53,85,Kurt Cobain -Dist Guitar-,Distortion Guitar _ 1,Distortion Guitar _ 1,71640,120
139.6875,0.234375,42,85,Kurt Cobain -Dist Guitar-,Distortion Guitar _ 1,Distortion Guitar _ 1,71760,120
139.6875,0.234375,49,85,Kurt Cobain -Dist Guitar-,Distortion Guitar _ 1,Distortion Guitar _ 1,71760,120
139.6875,0.234375,54,85,Kurt Cobain -Dist Guitar-,Distortion Guitar _ 1,Distortion Guitar _ 1,71760,120
139.921875,0.234375,42,85,Kurt Cobain -Dist Guitar-,Distortion Guitar _ 1,Distortion Guitar _ 1,71880,120
139.921875,0.234375,49,85,Kurt Cobain -Dist Guitar-,Distortion Guitar _ 1,Distortion Guitar _ 1,71880,120
139.921875,0.234375,54,85,Kurt Cobain -Dist Guitar-,Distortion Guitar _ 1,Distortion Guitar _ 1,71880,120
140.15625,0.46875,54,97,Kurt Cobain -Dist Guitar-,Distortion Guitar _ 1,Distortion Guitar _ 1,72000,240
140.625,0.46875,53,85,Kurt Cobain -Dist Guitar-,Distortion Guitar _ 1,Distortion Guitar _ 1,72240,240
140.625,0.46875,48,85,Kurt Cobain -Dist Guitar-,Distortion Guitar _ 1,Distortion Guitar _ 1,72240,240
140.625,0.46875,41,85,Kurt Cobain -Dist Guitar-,Distortion Guitar _ 1,Distortion Guitar _ 1,72240,240
141.09375,0.234375,52,85,Kurt Cobain -Dist Guitar-,Distortion Guitar _ 1,Distortion Guitar _ 1,72480,120
141.09375,0.234375,47,85,Kurt Cobain -Dist Guitar-,Distortion Guitar _ 1,Distortion Guitar _ 1,72480,120
141.09375,0.234375,40,85,Kurt Cobain -Dist Guitar-,Distortion Guitar _ 1,Distortion Guitar _ 1,72480,120
141.328125,0.234375,41,85,Kurt Cobain -Dist Guitar-,Distortion Guitar _ 1,Distortion Guitar _ 1,72600,120
141.328125,0.234375,48,85,Kurt Cobain -Dist Guitar-,Distortion Guitar _ 1,Distortion Guitar _ 1,72600,120
141.328125,0.234375,53,85,Kurt Cobain -Dist Guitar-,Distortion Guitar _ 1,Distortion Guitar _ 1,72600,120
141.5625,0.46875,46,85,Kurt Cobain -Dist Guitar-,Distortion Guitar _ 1,Distortion Guitar _ 1,72720,240
141.5625,0.46875,53,85,Kurt Cobain -Dist Guitar-,Distortion Guitar _ 1,Distortion Guitar _ 1,72720,240
141.5625,0.46875,58,85,Kurt Cobain -Dist Guitar-,Distortion Guitar _ 1,Distortion Guitar _ 1,72720,240
142.03125,0.46875,44,85,Kurt Cobain -Dist Guitar-,Distortion Guitar _ 1,Distortion Guitar _ 1,72960,240
142.03125,0.46875,51,85,Kurt Cobain -Dist Guitar-,Distortion Guitar _ 1,Distortion Guitar _ 1,72960,240
142.03125,0.46875,56,85,Kurt Cobain -Dist Guitar-,Distortion Guitar _ 1,Distortion Guitar _ 1,72960,240
142.5,0.46875,41,85,Kurt Cobain -Dist Guitar-,Distortion Guitar _ 1,Distortion Guitar _ 1,73200,240
142.5,0.46875,48,85,Kurt Cobain -Dist Guitar-,Distortion Guitar _ 1,Distortion Guitar _ 1,73200,240
142.5,0.46875,53,85,Kurt Cobain -Dist Guitar-,Distortion Guitar _ 1,Distortion Guitar _ 1,73200,240
142.96875,0.46875,41,85,Kurt Cobain -Dist Guitar-,Distortion Guitar _ 1,Distortion Guitar _ 1,73440,240
142.96875,0.46875,48,85,Kurt Cobain -Dist Guitar-,Distortion Guitar _ 1,Distortion Guitar _ 1,73440,240
142.96875,0.46875,53,85,Kurt Cobain -Dist Guitar-,Distortion Guitar _ 1,Distortion Guitar _ 1,73440,240
143.4375,0.1171875,41,85,Kurt Cobain -Dist Guitar-,Distortion Guitar _ 1,Distortion Guitar _ 1,73680,60
143.4375,0.1171875,48,85,Kurt Cobain -Dist Guitar-,Distortion Guitar _ 1,Distortion Guitar _ 1,73680,60
143.4375,0.1171875,53,85,Kurt Cobain -Dist Guitar-,Distortion Guitar _ 1,Distortion Guitar _ 1,73680,60
143.5546875,0.1171875,41,85,Kurt Cobain -Dist Guitar-,Distortion Guitar _ 1,Distortion Guitar _ 1,73740,60
143.5546875,0.1171875,48,85,Kurt Cobain -Dist Guitar-,Distortion Guitar _ 1,Distortion Guitar _ 1,73740,60
143.5546875,0.1171875,53,85,Kurt Cobain -Dist Guitar-,Distortion Guitar _ 1,Distortion Guitar _ 1,73740,60
143.671875,0.234375,46,85,Kurt Cobain -Dist Guitar-,Distortion Guitar _ 1,Distortion Guitar _ 1,73800,120
143.671875,0.234375,53,85,Kurt Cobain -Dist Guitar-,Distortion Guitar _ 1,Distortion Guitar _ 1,73800,120
143.671875,0.234375,58,85,Kurt Cobain -Dist Guitar-,Distortion Guitar _ 1,Distortion Guitar _ 1,73800,120
143.90625,0.234375,46,85,Kurt Cobain -Dist Guitar-,Distortion Guitar _ 1,Distortion Guitar _ 1,73920,120
143.90625,0.234375,53,85,Kurt Cobain -Dist Guitar-,Distortion Guitar _ 1,Distortion Guitar _ 1,73920,120
143.90625,0.234375,58,85,Kurt Cobain -Dist Guitar-,Distortion Guitar _ 1,Distortion Guitar _ 1,73920,120
144.140625,0.234375,41,85,Kurt Cobain -Dist Guitar-,Distortion Guitar _ 1,Distortion Guitar _ 1,74040,120
144.140625,0.234375,48,85,Kurt Cobain -Dist Guitar-,Distortion Guitar _ 1,Distortion Guitar _ 1,74040,120
144.140625,0.234375,53,85,Kurt Cobain -Dist Guitar-,Distortion Guitar _ 1,Distortion Guitar _ 1,74040,120
144.375,0.46875,44,85,Kurt Cobain -Dist Guitar-,Distortion Guitar _ 1,Distortion Guitar _ 1,74160,240
144.375,0.46875,51,85,Kurt Cobain -Dist Guitar-,Distortion Guitar _ 1,Distortion Guitar _ 1,74160,240
144.375,0.46875,56,85,Kurt Cobain -Dist Guitar-,Distortion Guitar _ 1,Distortion Guitar _ 1,74160,240
144.84375,0.46875,44,85,Kurt Cobain -Dist Guitar-,Distortion Guitar _ 1,Distortion Guitar _ 1,74400,240
144.84375,0.46875,51,85,Kurt Cobain -Dist Guitar-,Distortion Guitar _ 1,Distortion Guitar _ 1,74400,240
144.84375,0.46875,56,85,Kurt Cobain -Dist Guitar-,Distortion Guitar _ 1,Distortion Guitar _ 1,74400,240
145.3125,0.1171875,44,85,Kurt Cobain -Dist Guitar-,Distortion Guitar _ 1,Distortion Guitar _ 1,74640,60
145.3125,0.1171875,51,85,Kurt Cobain -Dist Guitar-,Distortion Guitar _ 1,Distortion Guitar _ 1,74640,60
145.3125,0.1171875,56,85,Kurt Cobain -Dist Guitar-,Distortion Guitar _ 1,Distortion Guitar _ 1,74640,60
145.4296875,0.1171875,44,85,Kurt Cobain -Dist Guitar-,Distortion Guitar _ 1,Distortion Guitar _ 1,74700,60
145.4296875,0.1171875,51,85,Kurt Cobain -Dist Guitar-,Distortion Guitar _ 1,Distortion Guitar _ 1,74700,60
145.4296875,0.1171875,56,85,Kurt Cobain -Dist Guitar-,Distortion Guitar _ 1,Distortion Guitar _ 1,74700,60
145.546875,0.234375,49,85,Kurt Cobain -Dist Guitar-,Distortion Guitar _ 1,Distortion Guitar _ 1,74760,120
145.546875,0.234375,56,85,Kurt Cobain -Dist Guitar-,Distortion Guitar _ 1,Distortion Guitar _ 1,74760,120
145.546875,0.234375,61,85,Kurt Cobain -Dist Guitar-,Distortion Guitar _ 1,Distortion Guitar _ 1,74760,120
145.78125,0.234375,49,85,Kurt Cobain -Dist Guitar-,Distortion Guitar _ 1,Distortion Guitar _ 1,74880,120
145.78125,0.234375,56,85,Kurt Cobain -Dist Guitar-,Distortion Guitar _ 1,Distortion Guitar _ 1,74880,120
145.78125,0.234375,61,85,Kurt Cobain -Dist Guitar-,Distortion Guitar _ 1,Distortion Guitar _ 1,74880,120
146.015625,0.234375,44,85,Kurt Cobain -Dist Guitar-,Distortion Guitar _ 1,Distortion Guitar _ 1,75000,120
146.015625,0.234375,51,85,Kurt Cobain -Dist Guitar-,Distortion Guitar _ 1,Distortion Guitar _ 1,75000,120
146.015625,0.234375,56,85,Kurt Cobain -Dist Guitar-,Distortion Guitar _ 1,Distortion Guitar _ 1,75000,120
146.25,0.46875,41,85,Kurt Cobain -Dist Guitar-,Distortion Guitar _ 1,Distortion Guitar _ 1,75120,240
146.25,0.46875,48,85,Kurt Cobain -Dist Guitar-,Distortion Guitar _ 1,Distortion Guitar _ 1,75120,240
146.25,0.46875,53,85,Kurt Cobain -Dist Guitar-,Distortion Guitar _ 1,Distortion Guitar _ 1,75120,240
146.71875,0.46875,41,85,Kurt Cobain -Dist Guitar-,Distortion Guitar _ 1,Distortion Guitar _ 1,75360,240
146.71875,0.46875,48,85,Kurt Cobain -Dist Guitar-,Distortion Guitar _ 1,Distortion Guitar _ 1,75360,240
146.71875,0.46875,53,85,Kurt Cobain -Dist Guitar-,Distortion Guitar _ 1,Distortion Guitar _ 1,75360,240
147.1875,0.1171875,41,85,Kurt Cobain -Dist Guitar-,Distortion Guitar _ 1,Distortion Guitar _ 1,75600,60
147.1875,0.1171875,48,85,Kurt Cobain -Dist Guitar-,Distortion Guitar _ 1,Distortion Guitar _ 1,75600,60
147.1875,0.1171875,53,85,Kurt Cobain -Dist Guitar-,Distortion Guitar _ 1,Distortion Guitar _ 1,75600,60
147.3046875,0.1171875,41,85,Kurt Cobain -Dist Guitar-,Distortion Guitar _ 1,Distortion Guitar _ 1,75660,60
147.3046875,0.1171875,48,85,Kurt Cobain -Dist Guitar-,Distortion Guitar _ 1,Distortion Guitar _ 1,75660,60
147.3046875,0.1171875,53,85,Kurt Cobain -Dist Guitar-,Distortion Guitar _ 1,Distortion Guitar _ 1,75660,60
147.421875,0.234375,46,85,Kurt Cobain -Dist Guitar-,Distortion Guitar _ 1,Distortion Guitar _ 1,75720,120
147.421875,0.234375,53,85,Kurt Cobain -Dist Guitar-,Distortion Guitar _ 1,Distortion Guitar _ 1,75720,120
147.421875,0.234375,58,85,Kurt Cobain -Dist Guitar-,Distortion Guitar _ 1,Distortion Guitar _ 1,75720,120
147.65625,0.234375,46,85,Kurt Cobain -Dist Guitar-,Distortion Guitar _ 1,Distortion Guitar _ 1,75840,120
147.65625,0.234375,53,85,Kurt Cobain -Dist Guitar-,Distortion Guitar _ 1,Distortion Guitar _ 1,75840,120
147.65625,0.234375,58,85,Kurt Cobain -Dist Guitar-,Distortion Guitar _ 1,Distortion Guitar _ 1,75840,120
147.890625,0.234375,41,85,Kurt Cobain -Dist Guitar-,Distortion Guitar _ 1,Distortion Guitar _ 1,75960,120
147.890625,0.234375,48,85,Kurt Cobain -Dist Guitar-,Distortion Guitar _ 1,Distortion Guitar _ 1,75960,120
147.890625,0.234375,53,85,Kurt Cobain -Dist Guitar-,Distortion Guitar _ 1,Distortion Guitar _ 1,75960,120
148.125,0.46875,44,85,Kurt Cobain -Dist Guitar-,Distortion Guitar _ 1,Distortion Guitar _ 1,76080,240
148.125,0.46875,51,85,Kurt Cobain -Dist Guitar-,Distortion Guitar _ 1,Distortion Guitar _ 1,76080,240
148.125,0.46875,56,85,Kurt Cobain -Dist Guitar-,Distortion Guitar _ 1,Distortion Guitar _ 1,76080,240
148.59375,0.46875,44,85,Kurt Cobain -Dist Guitar-,Distortion Guitar _ 1,Distortion Guitar _ 1,76320,240
148.59375,0.46875,51,85,Kurt Cobain -Dist Guitar-,Distortion Guitar _ 1,Distortion Guitar _ 1,76320,240
148.59375,0.46875,56,85,Kurt Cobain -Dist Guitar-,Distortion Guitar _ 1,Distortion Guitar _ 1,76320,240
149.0625,0.1171875,44,85,Kurt Cobain -Dist Guitar-,Distortion Guitar _ 1,Distortion Guitar _ 1,76560,60
149.0625,0.1171875,51,85,Kurt Cobain -Dist Guitar-,Distortion Guitar _ 1,Distortion Guitar _ 1,76560,60
149.0625,0.1171875,56,85,Kurt Cobain -Dist Guitar-,Distortion Guitar _ 1,Distortion Guitar _ 1,76560,60
149.1796875,0.1171875,44,85,Kurt Cobain -Dist Guitar-,Distortion Guitar _ 1,Distortion Guitar _ 1,76620,60
149.1796875,0.1171875,51,85,Kurt Cobain -Dist Guitar-,Distortion Guitar _ 1,Distortion Guitar _ 1,76620,60
149.1796875,0.1171875,56,85,Kurt Cobain -Dist Guitar-,Distortion Guitar _ 1,Distortion Guitar _ 1,76620,60
149.296875,0.234375,49,85,Kurt Cobain -Dist Guitar-,Distortion Guitar _ 1,Distortion Guitar _ 1,76680,120
149.296875,0.234375,56,85,Kurt Cobain -Dist Guitar-,Distortion Guitar _ 1,Distortion Guitar _ 1,76680,120
149.296875,0.234375,61,85,Kurt Cobain -Dist Guitar-,Distortion Guitar _ 1,Distortion Guitar _ 1,76680,120
149.53125,0.234375,49,85,Kurt Cobain -Dist Guitar-,Distortion Guitar _ 1,Distortion Guitar _ 1,76800,120
149.53125,0.234375,56,85,Kurt Cobain -Dist Guitar-,Distortion Guitar _ 1,Distortion Guitar _ 1,76800,120
149.53125,0.234375,61,85,Kurt Cobain -Dist Guitar-,Distortion Guitar _ 1,Distortion Guitar _ 1,76800,120
149.765625,0.234375,44,85,Kurt Cobain -Dist Guitar-,Distortion Guitar _ 1,Distortion Guitar _ 1,76920,120
149.765625,0.234375,51,85,Kurt Cobain -Dist Guitar-,Distortion Guitar _ 1,Distortion Guitar _ 1,76920,120
149.765625,0.234375,56,85,Kurt Cobain -Dist Guitar-,Distortion Guitar _ 1,Distortion Guitar _ 1,76920,120
150.0,0.46875,41,85,Kurt Cobain -Dist Guitar-,Distortion Guitar _ 1,Distortion Guitar _ 1,77040,240
150.0,0.46875,48,85,Kurt Cobain -Dist Guitar-,Distortion Guitar _ 1,Distortion Guitar _ 1,77040,240
150.0,0.46875,53,85,Kurt Cobain -Dist Guitar-,Distortion Guitar _ 1,Distortion Guitar _ 1,77040,240
150.46875,0.46875,41,85,Kurt Cobain -Dist Guitar-,Distortion Guitar _ 1,Distortion Guitar _ 1,77280,240
150.46875,0.46875,48,85,Kurt Cobain -Dist Guitar-,Distortion Guitar _ 1,Distortion Guitar _ 1,77280,240
150.46875,0.46875,53,85,Kurt Cobain -Dist Guitar-,Distortion Guitar _ 1,Distortion Guitar _ 1,77280,240
150.9375,0.1171875,41,85,Kurt Cobain -Dist Guitar-,Distortion Guitar _ 1,Distortion Guitar _ 1,77520,60
150.9375,0.1171875,48,85,Kurt Cobain -Dist Guitar-,Distortion Guitar _ 1,Distortion Guitar _ 1,77520,60
150.9375,0.1171875,53,85,Kurt Cobain -Dist Guitar-,Distortion Guitar _ 1,Distortion Guitar _ 1,77520,60
151.0546875,0.1171875,41,85,Kurt Cobain -Dist Guitar-,Distortion Guitar _ 1,Distortion Guitar _ 1,77580,60
151.0546875,0.1171875,48,85,Kurt Cobain -Dist Guitar-,Distortion Guitar _ 1,Distortion Guitar _ 1,77580,60
151.0546875,0.1171875,53,85,Kurt Cobain -Dist Guitar-,Distortion Guitar _ 1,Distortion Guitar _ 1,77580,60
151.171875,0.234375,46,85,Kurt Cobain -Dist Guitar-,Distortion Guitar _ 1,Distortion Guitar _ 1,77640,120
151.171875,0.234375,53,85,Kurt Cobain -Dist Guitar-,Distortion Guitar _ 1,Distortion Guitar _ 1,77640,120
151.171875,0.234375,58,85,Kurt Cobain -Dist Guitar-,Distortion Guitar _ 1,Distortion Guitar _ 1,77640,120
151.40625,0.234375,46,85,Kurt Cobain -Dist Guitar-,Distortion Guitar _ 1,Distortion Guitar _ 1,77760,120
151.40625,0.234375,53,85,Kurt Cobain -Dist Guitar-,Distortion Guitar _ 1,Distortion Guitar _ 1,77760,120
151.40625,0.234375,58,85,Kurt Cobain -Dist Guitar-,Distortion Guitar _ 1,Distortion Guitar _ 1,77760,120
151.640625,0.234375,41,85,Kurt Cobain -Dist Guitar-,Distortion Guitar _ 1,Distortion Guitar _ 1,77880,120
151.640625,0.234375,48,85,Kurt Cobain -Dist Guitar-,Distortion Guitar _ 1,Distortion Guitar _ 1,77880,120
151.640625,0.234375,53,85,Kurt Cobain -Dist Guitar-,Distortion Guitar _ 1,Distortion Guitar _ 1,77880,120
151.875,0.46875,44,85,Kurt Cobain -Dist Guitar-,Distortion Guitar _ 1,Distortion Guitar _ 1,78000,240
151.875,0.46875,51,85,Kurt Cobain -Dist Guitar-,Distortion Guitar _ 1,Distortion Guitar _ 1,78000,240
151.875,0.46875,56,85,Kurt Cobain -Dist Guitar-,Distortion Guitar _ 1,Distortion Guitar _ 1,78000,240
152.34375,0.46875,44,85,Kurt Cobain -Dist Guitar-,Distortion Guitar _ 1,Distortion Guitar _ 1,78240,240
152.34375,0.46875,51,85,Kurt Cobain -Dist Guitar-,Distortion Guitar _ 1,Distortion Guitar _ 1,78240,240
152.34375,0.46875,56,85,Kurt Cobain -Dist Guitar-,Distortion Guitar _ 1,Distortion Guitar _ 1,78240,240
152.8125,0.1171875,44,85,Kurt Cobain -Dist Guitar-,Distortion Guitar _ 1,Distortion Guitar _ 1,78480,60
152.8125,0.1171875,51,85,Kurt Cobain -Dist Guitar-,Distortion Guitar _ 1,Distortion Guitar _ 1,78480,60
152.8125,0.1171875,56,85,Kurt Cobain -Dist Guitar-,Distortion Guitar _ 1,Distortion Guitar _ 1,78480,60
152.9296875,0.1171875,44,85,Kurt Cobain -Dist Guitar-,Distortion Guitar _ 1,Distortion Guitar _ 1,78540,60
152.9296875,0.1171875,51,85,Kurt Cobain -Dist Guitar-,Distortion Guitar _ 1,Distortion Guitar _ 1,78540,60
152.9296875,0.1171875,56,85,Kurt Cobain -Dist Guitar-,Distortion Guitar _ 1,Distortion Guitar _ 1,78540,60
153.046875,0.234375,49,85,Kurt Cobain -Dist Guitar-,Distortion Guitar _ 1,Distortion Guitar _ 1,78600,120
153.046875,0.234375,56,85,Kurt Cobain -Dist Guitar-,Distortion Guitar _ 1,Distortion Guitar _ 1,78600,120
153.046875,0.234375,61,85,Kurt Cobain -Dist Guitar-,Distortion Guitar _ 1,Distortion Guitar _ 1,78600,120
153.28125,0.234375,49,85,Kurt Cobain -Dist Guitar-,Distortion Guitar _ 1,Distortion Guitar _ 1,78720,120
153.28125,0.234375,56,85,Kurt Cobain -Dist Guitar-,Distortion Guitar _ 1,Distortion Guitar _ 1,78720,120
153.28125,0.234375,61,85,Kurt Cobain -Dist Guitar-,Distortion Guitar _ 1,Distortion Guitar _ 1,78720,120
153.515625,0.234375,44,85,Kurt Cobain -Dist Guitar-,Distortion Guitar _ 1,Distortion Guitar _ 1,78840,120
153.515625,0.234375,51,85,Kurt Cobain -Dist Guitar-,Distortion Guitar _ 1,Distortion Guitar _ 1,78840,120
153.515625,0.234375,56,85,Kurt Cobain -Dist Guitar-,Distortion Guitar _ 1,Distortion Guitar _ 1,78840,120
153.75,0.46875,41,85,Kurt Cobain -Dist Guitar-,Distortion Guitar _ 1,Distortion Guitar _ 1,78960,240
153.75,0.46875,48,85,Kurt Cobain -Dist Guitar-,Distortion Guitar _ 1,Distortion Guitar _ 1,78960,240
153.75,0.46875,53,85,Kurt Cobain -Dist Guitar-,Distortion Guitar _ 1,Distortion Guitar _ 1,78960,240
154.21875,0.46875,41,85,Kurt Cobain -Dist Guitar-,Distortion Guitar _ 1,Distortion Guitar _ 1,79200,240
154.21875,0.46875,48,85,Kurt Cobain -Dist Guitar-,Distortion Guitar _ 1,Distortion Guitar _ 1,79200,240
154.21875,0.46875,53,85,Kurt Cobain -Dist Guitar-,Distortion Guitar _ 1,Distortion Guitar _ 1,79200,240
154.6875,0.1171875,41,85,Kurt Cobain -Dist Guitar-,Distortion Guitar _ 1,Distortion Guitar _ 1,79440,60
154.6875,0.1171875,48,85,Kurt Cobain -Dist Guitar-,Distortion Guitar _ 1,Distortion Guitar _ 1,79440,60
154.6875,0.1171875,53,85,Kurt Cobain -Dist Guitar-,Distortion Guitar _ 1,Distortion Guitar _ 1,79440,60
154.8046875,0.1171875,41,85,Kurt Cobain -Dist Guitar-,Distortion Guitar _ 1,Distortion Guitar _ 1,79500,60
154.8046875,0.1171875,48,85,Kurt Cobain -Dist Guitar-,Distortion Guitar _ 1,Distortion Guitar _ 1,79500,60
154.8046875,0.1171875,53,85,Kurt Cobain -Dist Guitar-,Distortion Guitar _ 1,Distortion Guitar _ 1,79500,60
154.921875,0.234375,46,85,Kurt Cobain -Dist Guitar-,Distortion Guitar _ 1,Distortion Guitar _ 1,79560,120
154.921875,0.234375,53,85,Kurt Cobain -Dist Guitar-,Distortion Guitar _ 1,Distortion Guitar _ 1,79560,120
154.921875,0.234375,58,85,Kurt Cobain -Dist Guitar-,Distortion Guitar _ 1,Distortion Guitar _ 1,79560,120
155.15625,0.234375,46,85,Kurt Cobain -Dist Guitar-,Distortion Guitar _ 1,Distortion Guitar _ 1,79680,120
155.15625,0.234375,53,85,Kurt Cobain -Dist Guitar-,Distortion Guitar _ 1,Distortion Guitar _ 1,79680,120
155.15625,0.234375,58,85,Kurt Cobain -Dist Guitar-,Distortion Guitar _ 1,Distortion Guitar _ 1,79680,120
155.390625,0.234375,41,85,Kurt Cobain -Dist Guitar-,Distortion Guitar _ 1,Distortion Guitar _ 1,79800,120
155.390625,0.234375,48,85,Kurt Cobain -Dist Guitar-,Distortion Guitar _ 1,Distortion Guitar _ 1,79800,120
155.390625,0.234375,53,85,Kurt Cobain -Dist Guitar-,Distortion Guitar _ 1,Distortion Guitar _ 1,79800,120
155.625,0.46875,44,85,Kurt Cobain -Dist Guitar-,Distortion Guitar _ 1,Distortion Guitar _ 1,79920,240
155.625,0.46875,51,85,Kurt Cobain -Dist Guitar-,Distortion Guitar _ 1,Distortion Guitar _ 1,79920,240
155.625,0.46875,56,85,Kurt Cobain -Dist Guitar-,Distortion Guitar _ 1,Distortion Guitar _ 1,79920,240
156.09375,0.46875,44,85,Kurt Cobain -Dist Guitar-,Distortion Guitar _ 1,Distortion Guitar _ 1,80160,240
156.09375,0.46875,51,85,Kurt Cobain -Dist Guitar-,Distortion Guitar _ 1,Distortion Guitar _ 1,80160,240
156.09375,0.46875,56,85,Kurt Cobain -Dist Guitar-,Distortion Guitar _ 1,Distortion Guitar _ 1,80160,240
156.5625,0.1171875,44,85,Kurt Cobain -Dist Guitar-,Distortion Guitar _ 1,Distortion Guitar _ 1,80400,60
156.5625,0.1171875,51,85,Kurt Cobain -Dist Guitar-,Distortion Guitar _ 1,Distortion Guitar _ 1,80400,60
156.5625,0.1171875,56,85,Kurt Cobain -Dist Guitar-,Distortion Guitar _ 1,Distortion Guitar _ 1,80400,60
156.6796875,0.1171875,44,85,Kurt Cobain -Dist Guitar-,Distortion Guitar _ 1,Distortion Guitar _ 1,80460,60
156.6796875,0.1171875,51,85,Kurt Cobain -Dist Guitar-,Distortion Guitar _ 1,Distortion Guitar _ 1,80460,60
156.6796875,0.1171875,56,85,Kurt Cobain -Dist Guitar-,Distortion Guitar _ 1,Distortion Guitar _ 1,80460,60
156.796875,0.234375,49,85,Kurt Cobain -Dist Guitar-,Distortion Guitar _ 1,Distortion Guitar _ 1,80520,120
156.796875,0.234375,56,85,Kurt Cobain -Dist Guitar-,Distortion Guitar _ 1,Distortion Guitar _ 1,80520,120
156.796875,0.234375,61,85,Kurt Cobain -Dist Guitar-,Distortion Guitar _ 1,Distortion Guitar _ 1,80520,120
157.03125,0.234375,49,85,Kurt Cobain -Dist Guitar-,Distortion Guitar _ 1,Distortion Guitar _ 1,80640,120
157.03125,0.234375,56,85,Kurt Cobain -Dist Guitar-,Distortion Guitar _ 1,Distortion Guitar _ 1,80640,120
157.03125,0.234375,61,85,Kurt Cobain -Dist Guitar-,Distortion Guitar _ 1,Distortion Guitar _ 1,80640,120
157.265625,0.234375,44,85,Kurt Cobain -Dist Guitar-,Distortion Guitar _ 1,Distortion Guitar _ 1,80760,120
157.265625,0.234375,51,85,Kurt Cobain -Dist Guitar-,Distortion Guitar _ 1,Distortion Guitar _ 1,80760,120
157.265625,0.234375,56,85,Kurt Cobain -Dist Guitar-,Distortion Guitar _ 1,Distortion Guitar _ 1,80760,120
157.5,0.46875,41,85,Kurt Cobain -Dist Guitar-,Distortion Guitar _ 1,Distortion Guitar _ 1,80880,240
157.5,0.46875,48,85,Kurt Cobain -Dist Guitar-,Distortion Guitar _ 1,Distortion Guitar _ 1,80880,240
157.5,0.46875,53,85,Kurt Cobain -Dist Guitar-,Distortion Guitar _ 1,Distortion Guitar _ 1,80880,240
157.96875,0.46875,41,85,Kurt Cobain -Dist Guitar-,Distortion Guitar _ 1,Distortion Guitar _ 1,81120,240
157.96875,0.46875,48,85,Kurt Cobain -Dist Guitar-,Distortion Guitar _ 1,Distortion Guitar _ 1,81120,240
157.96875,0.46875,53,85,Kurt Cobain -Dist Guitar-,Distortion Guitar _ 1,Distortion Guitar _ 1,81120,240
158.4375,0.1171875,41,85,Kurt Cobain -Dist Guitar-,Distortion Guitar _ 1,Distortion Guitar _ 1,81360,60
158.4375,0.1171875,48,85,Kurt Cobain -Dist Guitar-,Distortion Guitar _ 1,Distortion Guitar _ 1,81360,60
158.4375,0.1171875,53,85,Kurt Cobain -Dist Guitar-,Distortion Guitar _ 1,Distortion Guitar _ 1,81360,60
158.5546875,0.1171875,41,85,Kurt Cobain -Dist Guitar-,Distortion Guitar _ 1,Distortion Guitar _ 1,81420,60
158.5546875,0.1171875,48,85,Kurt Cobain -Dist Guitar-,Distortion Guitar _ 1,Distortion Guitar _ 1,81420,60
158.5546875,0.1171875,53,85,Kurt Cobain -Dist Guitar-,Distortion Guitar _ 1,Distortion Guitar _ 1,81420,60
158.671875,0.234375,46,85,Kurt Cobain -Dist Guitar-,Distortion Guitar _ 1,Distortion Guitar _ 1,81480,120
158.671875,0.234375,53,85,Kurt Cobain -Dist Guitar-,Distortion Guitar _ 1,Distortion Guitar _ 1,81480,120
158.671875,0.234375,58,85,Kurt Cobain -Dist Guitar-,Distortion Guitar _ 1,Distortion Guitar _ 1,81480,120
158.90625,0.234375,46,85,Kurt Cobain -Dist Guitar-,Distortion Guitar _ 1,Distortion Guitar _ 1,81600,120
158.90625,0.234375,53,85,Kurt Cobain -Dist Guitar-,Distortion Guitar _ 1,Distortion Guitar _ 1,81600,120
158.90625,0.234375,58,85,Kurt Cobain -Dist Guitar-,Distortion Guitar _ 1,Distortion Guitar _ 1,81600,120
159.140625,0.234375,41,85,Kurt Cobain -Dist Guitar-,Distortion Guitar _ 1,Distortion Guitar _ 1,81720,120
159.140625,0.234375,48,85,Kurt Cobain -Dist Guitar-,Distortion Guitar _ 1,Distortion Guitar _ 1,81720,120
159.140625,0.234375,53,85,Kurt Cobain -Dist Guitar-,Distortion Guitar _ 1,Distortion Guitar _ 1,81720,120
159.375,0.46875,44,85,Kurt Cobain -Dist Guitar-,Distortion Guitar _ 1,Distortion Guitar _ 1,81840,240
159.375,0.46875,51,85,Kurt Cobain -Dist Guitar-,Distortion Guitar _ 1,Distortion Guitar _ 1,81840,240
159.375,0.46875,56,85,Kurt Cobain -Dist Guitar-,Distortion Guitar _ 1,Distortion Guitar _ 1,81840,240
159.84375,0.46875,44,85,Kurt Cobain -Dist Guitar-,Distortion Guitar _ 1,Distortion Guitar _ 1,82080,240
159.84375,0.46875,51,85,Kurt Cobain -Dist Guitar-,Distortion Guitar _ 1,Distortion Guitar _ 1,82080,240
159.84375,0.46875,56,85,Kurt Cobain -Dist Guitar-,Distortion Guitar _ 1,Distortion Guitar _ 1,82080,240
160.3125,0.1171875,44,85,Kurt Cobain -Dist Guitar-,Distortion Guitar _ 1,Distortion Guitar _ 1,82320,60
160.3125,0.1171875,51,85,Kurt Cobain -Dist Guitar-,Distortion Guitar _ 1,Distortion Guitar _ 1,82320,60
160.3125,0.1171875,56,85,Kurt Cobain -Dist Guitar-,Distortion Guitar _ 1,Distortion Guitar _ 1,82320,60
160.4296875,0.1171875,44,85,Kurt Cobain -Dist Guitar-,Distortion Guitar _ 1,Distortion Guitar _ 1,82380,60
160.4296875,0.1171875,51,85,Kurt Cobain -Dist Guitar-,Distortion Guitar _ 1,Distortion Guitar _ 1,82380,60
160.4296875,0.1171875,56,85,Kurt Cobain -Dist Guitar-,Distortion Guitar _ 1,Distortion Guitar _ 1,82380,60
160.546875,0.234375,49,85,Kurt Cobain -Dist Guitar-,Distortion Guitar _ 1,Distortion Guitar _ 1,82440,120
160.546875,0.234375,56,85,Kurt Cobain -Dist Guitar-,Distortion Guitar _ 1,Distortion Guitar _ 1,82440,120
160.546875,0.234375,61,85,Kurt Cobain -Dist Guitar-,Distortion Guitar _ 1,Distortion Guitar _ 1,82440,120
160.78125,0.234375,49,85,Kurt Cobain -Dist Guitar-,Distortion Guitar _ 1,Distortion Guitar _ 1,82560,120
160.78125,0.234375,56,85,Kurt Cobain -Dist Guitar-,Distortion Guitar _ 1,Distortion Guitar _ 1,82560,120
160.78125,0.234375,61,85,Kurt Cobain -Dist Guitar-,Distortion Guitar _ 1,Distortion Guitar _ 1,82560,120
161.015625,0.234375,44,85,Kurt Cobain -Dist Guitar-,Distortion Guitar _ 1,Distortion Guitar _ 1,82680,120
161.015625,0.234375,51,85,Kurt Cobain -Dist Guitar-,Distortion Guitar _ 1,Distortion Guitar _ 1,82680,120
161.015625,0.234375,56,85,Kurt Cobain -Dist Guitar-,Distortion Guitar _ 1,Distortion Guitar _ 1,82680,120
161.25,0.46875,41,85,Kurt Cobain -Dist Guitar-,Distortion Guitar _ 1,Distortion Guitar _ 1,82800,240
161.25,0.46875,48,85,Kurt Cobain -Dist Guitar-,Distortion Guitar _ 1,Distortion Guitar _ 1,82800,240
161.25,0.46875,53,85,Kurt Cobain -Dist Guitar-,Distortion Guitar _ 1,Distortion Guitar _ 1,82800,240
161.71875,0.46875,41,85,Kurt Cobain -Dist Guitar-,Distortion Guitar _ 1,Distortion Guitar _ 1,83040,240
161.71875,0.46875,48,85,Kurt Cobain -Dist Guitar-,Distortion Guitar _ 1,Distortion Guitar _ 1,83040,240
161.71875,0.46875,53,85,Kurt Cobain -Dist Guitar-,Distortion Guitar _ 1,Distortion Guitar _ 1,83040,240
162.1875,0.1171875,41,85,Kurt Cobain -Dist Guitar-,Distortion Guitar _ 1,Distortion Guitar _ 1,83280,60
162.1875,0.1171875,48,85,Kurt Cobain -Dist Guitar-,Distortion Guitar _ 1,Distortion Guitar _ 1,83280,60
162.1875,0.1171875,53,85,Kurt Cobain -Dist Guitar-,Distortion Guitar _ 1,Distortion Guitar _ 1,83280,60
162.3046875,0.1171875,41,85,Kurt Cobain -Dist Guitar-,Distortion Guitar _ 1,Distortion Guitar _ 1,83340,60
162.3046875,0.1171875,48,85,Kurt Cobain -Dist Guitar-,Distortion Guitar _ 1,Distortion Guitar _ 1,83340,60
162.3046875,0.1171875,53,85,Kurt Cobain -Dist Guitar-,Distortion Guitar _ 1,Distortion Guitar _ 1,83340,60
162.421875,0.234375,46,85,Kurt Cobain -Dist Guitar-,Distortion Guitar _ 1,Distortion Guitar _ 1,83400,120
162.421875,0.234375,53,85,Kurt Cobain -Dist Guitar-,Distortion Guitar _ 1,Distortion Guitar _ 1,83400,120
162.421875,0.234375,58,85,Kurt Cobain -Dist Guitar-,Distortion Guitar _ 1,Distortion Guitar _ 1,83400,120
162.65625,0.234375,46,85,Kurt Cobain -Dist Guitar-,Distortion Guitar _ 1,Distortion Guitar _ 1,83520,120
162.65625,0.234375,53,85,Kurt Cobain -Dist Guitar-,Distortion Guitar _ 1,Distortion Guitar _ 1,83520,120
162.65625,0.234375,58,85,Kurt Cobain -Dist Guitar-,Distortion Guitar _ 1,Distortion Guitar _ 1,83520,120
162.890625,0.234375,41,85,Kurt Cobain -Dist Guitar-,Distortion Guitar _ 1,Distortion Guitar _ 1,83640,120
162.890625,0.234375,48,85,Kurt Cobain -Dist Guitar-,Distortion Guitar _ 1,Distortion Guitar _ 1,83640,120
162.890625,0.234375,53,85,Kurt Cobain -Dist Guitar-,Distortion Guitar _ 1,Distortion Guitar _ 1,83640,120
163.125,0.46875,44,85,Kurt Cobain -Dist Guitar-,Distortion Guitar _ 1,Distortion Guitar _ 1,83760,240
163.125,0.46875,51,85,Kurt Cobain -Dist Guitar-,Distortion Guitar _ 1,Distortion Guitar _ 1,83760,240
163.125,0.46875,56,85,Kurt Cobain -Dist Guitar-,Distortion Guitar _ 1,Distortion Guitar _ 1,83760,240
163.59375,0.46875,44,85,Kurt Cobain -Dist Guitar-,Distortion Guitar _ 1,Distortion Guitar _ 1,84000,240
163.59375,0.46875,51,85,Kurt Cobain -Dist Guitar-,Distortion Guitar _ 1,Distortion Guitar _ 1,84000,240
163.59375,0.46875,56,85,Kurt Cobain -Dist Guitar-,Distortion Guitar _ 1,Distortion Guitar _ 1,84000,240
164.0625,0.1171875,44,85,Kurt Cobain -Dist Guitar-,Distortion Guitar _ 1,Distortion Guitar _ 1,84240,60
164.0625,0.1171875,51,85,Kurt Cobain -Dist Guitar-,Distortion Guitar _ 1,Distortion Guitar _ 1,84240,60
164.0625,0.1171875,56,85,Kurt Cobain -Dist Guitar-,Distortion Guitar _ 1,Distortion Guitar _ 1,84240,60
164.1796875,0.1171875,44,85,Kurt Cobain -Dist Guitar-,Distortion Guitar _ 1,Distortion Guitar _ 1,84300,60
164.1796875,0.1171875,51,85,Kurt Cobain -Dist Guitar-,Distortion Guitar _ 1,Distortion Guitar _ 1,84300,60
164.1796875,0.1171875,56,85,Kurt Cobain -Dist Guitar-,Distortion Guitar _ 1,Distortion Guitar _ 1,84300,60
164.296875,0.234375,49,85,Kurt Cobain -Dist Guitar-,Distortion Guitar _ 1,Distortion Guitar _ 1,84360,120
164.296875,0.234375,56,85,Kurt Cobain -Dist Guitar-,Distortion Guitar _ 1,Distortion Guitar _ 1,84360,120
164.296875,0.234375,61,85,Kurt Cobain -Dist Guitar-,Distortion Guitar _ 1,Distortion Guitar _ 1,84360,120
164.53125,0.234375,49,85,Kurt Cobain -Dist Guitar-,Distortion Guitar _ 1,Distortion Guitar _ 1,84480,120
164.53125,0.234375,56,85,Kurt Cobain -Dist Guitar-,Distortion Guitar _ 1,Distortion Guitar _ 1,84480,120
164.53125,0.234375,61,85,Kurt Cobain -Dist Guitar-,Distortion Guitar _ 1,Distortion Guitar _ 1,84480,120
164.765625,0.234375,44,85,Kurt Cobain -Dist Guitar-,Distortion Guitar _ 1,Distortion Guitar _ 1,84600,120
164.765625,0.234375,51,85,Kurt Cobain -Dist Guitar-,Distortion Guitar _ 1,Distortion Guitar _ 1,84600,120
164.765625,0.234375,56,85,Kurt Cobain -Dist Guitar-,Distortion Guitar _ 1,Distortion Guitar _ 1,84600,120
165.0,0.46875,41,85,Kurt Cobain -Dist Guitar-,Distortion Guitar _ 1,Distortion Guitar _ 1,84720,240
165.0,0.46875,48,85,Kurt Cobain -Dist Guitar-,Distortion Guitar _ 1,Distortion Guitar _ 1,84720,240
165.0,0.46875,53,85,Kurt Cobain -Dist Guitar-,Distortion Guitar _ 1,Distortion Guitar _ 1,84720,240
165.46875,0.46875,41,85,Kurt Cobain -Dist Guitar-,Distortion Guitar _ 1,Distortion Guitar _ 1,84960,240
165.46875,0.46875,48,85,Kurt Cobain -Dist Guitar-,Distortion Guitar _ 1,Distortion Guitar _ 1,84960,240
165.46875,0.46875,53,85,Kurt Cobain -Dist Guitar-,Distortion Guitar _ 1,Distortion Guitar _ 1,84960,240
165.9375,0.1171875,41,85,Kurt Cobain -Dist Guitar-,Distortion Guitar _ 1,Distortion Guitar _ 1,85200,60
165.9375,0.1171875,48,85,Kurt Cobain -Dist Guitar-,Distortion Guitar _ 1,Distortion Guitar _ 1,85200,60
165.9375,0.1171875,53,85,Kurt Cobain -Dist Guitar-,Distortion Guitar _ 1,Distortion Guitar _ 1,85200,60
166.0546875,0.1171875,41,85,Kurt Cobain -Dist Guitar-,Distortion Guitar _ 1,Distortion Guitar _ 1,85260,60
166.0546875,0.1171875,48,85,Kurt Cobain -Dist Guitar-,Distortion Guitar _ 1,Distortion Guitar _ 1,85260,60
166.0546875,0.1171875,53,85,Kurt Cobain -Dist Guitar-,Distortion Guitar _ 1,Distortion Guitar _ 1,85260,60
166.171875,0.234375,46,85,Kurt Cobain -Dist Guitar-,Distortion Guitar _ 1,Distortion Guitar _ 1,85320,120
166.171875,0.234375,53,85,Kurt Cobain -Dist Guitar-,Distortion Guitar _ 1,Distortion Guitar _ 1,85320,120
166.171875,0.234375,58,85,Kurt Cobain -Dist Guitar-,Distortion Guitar _ 1,Distortion Guitar _ 1,85320,120
166.40625,0.234375,46,85,Kurt Cobain -Dist Guitar-,Distortion Guitar _ 1,Distortion Guitar _ 1,85440,120
166.40625,0.234375,53,85,Kurt Cobain -Dist Guitar-,Distortion Guitar _ 1,Distortion Guitar _ 1,85440,120
166.40625,0.234375,58,85,Kurt Cobain -Dist Guitar-,Distortion Guitar _ 1,Distortion Guitar _ 1,85440,120
166.640625,0.234375,41,85,Kurt Cobain -Dist Guitar-,Distortion Guitar _ 1,Distortion Guitar _ 1,85560,120
166.640625,0.234375,48,85,Kurt Cobain -Dist Guitar-,Distortion Guitar _ 1,Distortion Guitar _ 1,85560,120
166.640625,0.234375,53,85,Kurt Cobain -Dist Guitar-,Distortion Guitar _ 1,Distortion Guitar _ 1,85560,120
166.875,0.46875,44,85,Kurt Cobain -Dist Guitar-,Distortion Guitar _ 1,Distortion Guitar _ 1,85680,240
166.875,0.46875,51,85,Kurt Cobain -Dist Guitar-,Distortion Guitar _ 1,Distortion Guitar _ 1,85680,240
166.875,0.46875,56,85,Kurt Cobain -Dist Guitar-,Distortion Guitar _ 1,Distortion Guitar _ 1,85680,240
167.34375,0.46875,44,85,Kurt Cobain -Dist Guitar-,Distortion Guitar _ 1,Distortion Guitar _ 1,85920,240
167.34375,0.46875,51,85,Kurt Cobain -Dist Guitar-,Distortion Guitar _ 1,Distortion Guitar _ 1,85920,240
167.34375,0.46875,56,85,Kurt Cobain -Dist Guitar-,Distortion Guitar _ 1,Distortion Guitar _ 1,85920,240
167.8125,0.1171875,44,85,Kurt Cobain -Dist Guitar-,Distortion Guitar _ 1,Distortion Guitar _ 1,86160,60
167.8125,0.1171875,51,85,Kurt Cobain -Dist Guitar-,Distortion Guitar _ 1,Distortion Guitar _ 1,86160,60
167.8125,0.1171875,56,85,Kurt Cobain -Dist Guitar-,Distortion Guitar _ 1,Distortion Guitar _ 1,86160,60
167.9296875,0.1171875,44,85,Kurt Cobain -Dist Guitar-,Distortion Guitar _ 1,Distortion Guitar _ 1,86220,60
167.9296875,0.1171875,51,85,Kurt Cobain -Dist Guitar-,Distortion Guitar _ 1,Distortion Guitar _ 1,86220,60
167.9296875,0.1171875,56,85,Kurt Cobain -Dist Guitar-,Distortion Guitar _ 1,Distortion Guitar _ 1,86220,60
168.046875,0.234375,49,85,Kurt Cobain -Dist Guitar-,Distortion Guitar _ 1,Distortion Guitar _ 1,86280,120
168.046875,0.234375,56,85,Kurt Cobain -Dist Guitar-,Distortion Guitar _ 1,Distortion Guitar _ 1,86280,120
168.046875,0.234375,61,85,Kurt Cobain -Dist Guitar-,Distortion Guitar _ 1,Distortion Guitar _ 1,86280,120
168.28125,0.234375,49,85,Kurt Cobain -Dist Guitar-,Distortion Guitar _ 1,Distortion Guitar _ 1,86400,120
168.28125,0.234375,56,85,Kurt Cobain -Dist Guitar-,Distortion Guitar _ 1,Distortion Guitar _ 1,86400,120
168.28125,0.234375,61,85,Kurt Cobain -Dist Guitar-,Distortion Guitar _ 1,Distortion Guitar _ 1,86400,120
168.515625,0.234375,44,85,Kurt Cobain -Dist Guitar-,Distortion Guitar _ 1,Distortion Guitar _ 1,86520,120
168.515625,0.234375,51,85,Kurt Cobain -Dist Guitar-,Distortion Guitar _ 1,Distortion Guitar _ 1,86520,120
168.515625,0.234375,56,85,Kurt Cobain -Dist Guitar-,Distortion Guitar _ 1,Distortion Guitar _ 1,86520,120
168.75,0.46875,41,85,Kurt Cobain -Dist Guitar-,Distortion Guitar _ 1,Distortion Guitar _ 1,86640,240
168.75,0.46875,48,85,Kurt Cobain -Dist Guitar-,Distortion Guitar _ 1,Distortion Guitar _ 1,86640,240
168.75,0.46875,53,85,Kurt Cobain -Dist Guitar-,Distortion Guitar _ 1,Distortion Guitar _ 1,86640,240
169.21875,0.46875,41,85,Kurt Cobain -Dist Guitar-,Distortion Guitar _ 1,Distortion Guitar _ 1,86880,240
169.21875,0.46875,48,85,Kurt Cobain -Dist Guitar-,Distortion Guitar _ 1,Distortion Guitar _ 1,86880,240
169.21875,0.46875,53,85,Kurt Cobain -Dist Guitar-,Distortion Guitar _ 1,Distortion Guitar _ 1,86880,240
169.6875,0.1171875,41,85,Kurt Cobain -Dist Guitar-,Distortion Guitar _ 1,Distortion Guitar _ 1,87120,60
169.6875,0.1171875,48,85,Kurt Cobain -Dist Guitar-,Distortion Guitar _ 1,Distortion Guitar _ 1,87120,60
169.6875,0.1171875,53,85,Kurt Cobain -Dist Guitar-,Distortion Guitar _ 1,Distortion Guitar _ 1,87120,60
169.8046875,0.1171875,41,85,Kurt Cobain -Dist Guitar-,Distortion Guitar _ 1,Distortion Guitar _ 1,87180,60
169.8046875,0.1171875,48,85,Kurt Cobain -Dist Guitar-,Distortion Guitar _ 1,Distortion Guitar _ 1,87180,60
169.8046875,0.1171875,53,85,Kurt Cobain -Dist Guitar-,Distortion Guitar _ 1,Distortion Guitar _ 1,87180,60
169.921875,0.234375,46,85,Kurt Cobain -Dist Guitar-,Distortion Guitar _ 1,Distortion Guitar _ 1,87240,120
169.921875,0.234375,53,85,Kurt Cobain -Dist Guitar-,Distortion Guitar _ 1,Distortion Guitar _ 1,87240,120
169.921875,0.234375,58,85,Kurt Cobain -Dist Guitar-,Distortion Guitar _ 1,Distortion Guitar _ 1,87240,120
170.15625,0.234375,46,85,Kurt Cobain -Dist Guitar-,Distortion Guitar _ 1,Distortion Guitar _ 1,87360,120
170.15625,0.234375,53,85,Kurt Cobain -Dist Guitar-,Distortion Guitar _ 1,Distortion Guitar _ 1,87360,120
170.15625,0.234375,58,85,Kurt Cobain -Dist Guitar-,Distortion Guitar _ 1,Distortion Guitar _ 1,87360,120
170.390625,0.234375,41,85,Kurt Cobain -Dist Guitar-,Distortion Guitar _ 1,Distortion Guitar _ 1,87480,120
170.390625,0.234375,48,85,Kurt Cobain -Dist Guitar-,Distortion Guitar _ 1,Distortion Guitar _ 1,87480,120
170.390625,0.234375,53,85,Kurt Cobain -Dist Guitar-,Distortion Guitar _ 1,Distortion Guitar _ 1,87480,120
170.625,0.46875,44,85,Kurt Cobain -Dist Guitar-,Distortion Guitar _ 1,Distortion Guitar _ 1,87600,240
170.625,0.46875,51,85,Kurt Cobain -Dist Guitar-,Distortion Guitar _ 1,Distortion Guitar _ 1,87600,240
170.625,0.46875,56,85,Kurt Cobain -Dist Guitar-,Distortion Guitar _ 1,Distortion Guitar _ 1,87600,240
171.09375,0.46875,44,85,Kurt Cobain -Dist Guitar-,Distortion Guitar _ 1,Distortion Guitar _ 1,87840,240
171.09375,0.46875,51,85,Kurt Cobain -Dist Guitar-,Distortion Guitar _ 1,Distortion Guitar _ 1,87840,240
171.09375,0.46875,56,85,Kurt Cobain -Dist Guitar-,Distortion Guitar _ 1,Distortion Guitar _ 1,87840,240
171.5625,0.1171875,44,85,Kurt Cobain -Dist Guitar-,Distortion Guitar _ 1,Distortion Guitar _ 1,88080,60
171.5625,0.1171875,51,85,Kurt Cobain -Dist Guitar-,Distortion Guitar _ 1,Distortion Guitar _ 1,88080,60
171.5625,0.1171875,56,85,Kurt Cobain -Dist Guitar-,Distortion Guitar _ 1,Distortion Guitar _ 1,88080,60
171.6796875,0.1171875,44,85,Kurt Cobain -Dist Guitar-,Distortion Guitar _ 1,Distortion Guitar _ 1,88140,60
171.6796875,0.1171875,51,85,Kurt Cobain -Dist Guitar-,Distortion Guitar _ 1,Distortion Guitar _ 1,88140,60
171.6796875,0.1171875,56,85,Kurt Cobain -Dist Guitar-,Distortion Guitar _ 1,Distortion Guitar _ 1,88140,60
171.796875,0.234375,49,85,Kurt Cobain -Dist Guitar-,Distortion Guitar _ 1,Distortion Guitar _ 1,88200,120
171.796875,0.234375,56,85,Kurt Cobain -Dist Guitar-,Distortion Guitar _ 1,Distortion Guitar _ 1,88200,120
171.796875,0.234375,61,85,Kurt Cobain -Dist Guitar-,Distortion Guitar _ 1,Distortion Guitar _ 1,88200,120
172.03125,0.234375,49,85,Kurt Cobain -Dist Guitar-,Distortion Guitar _ 1,Distortion Guitar _ 1,88320,120
172.03125,0.234375,56,85,Kurt Cobain -Dist Guitar-,Distortion Guitar _ 1,Distortion Guitar _ 1,88320,120
172.03125,0.234375,61,85,Kurt Cobain -Dist Guitar-,Distortion Guitar _ 1,Distortion Guitar _ 1,88320,120
172.265625,0.234375,44,85,Kurt Cobain -Dist Guitar-,Distortion Guitar _ 1,Distortion Guitar _ 1,88440,120
172.265625,0.234375,51,85,Kurt Cobain -Dist Guitar-,Distortion Guitar _ 1,Distortion Guitar _ 1,88440,120
172.265625,0.234375,56,85,Kurt Cobain -Dist Guitar-,Distortion Guitar _ 1,Distortion Guitar _ 1,88440,120
172.5,7.50390625,53,73,Kurt Cobain -Dist Guitar-,Distortion Guitar _ 1,Distortion Guitar _ 1,88560,3842
172.5,7.50390625,48,73,Kurt Cobain -Dist Guitar-,Distortion Guitar _ 1,Distortion Guitar _ 1,88560,3842
172.5,7.50390625,41,73,Kurt Cobain -Dist Guitar-,Distortion Guitar _ 1,Distortion Guitar _ 1,88560,3842
195.0,3.75,53,85,Kurt Cobain -Dist Guitar-,Distortion Guitar _ 1,Distortion Guitar _ 1,100080,1920
195.0,3.75,48,85,Kurt Cobain -Dist Guitar-,Distortion Guitar _ 1,Distortion Guitar _ 1,100080,1920
195.0,3.75,41,85,Kurt Cobain -Dist Guitar-,Distortion Guitar _ 1,Distortion Guitar _ 1,100080,1920
198.75,3.75,53,85,Kurt Cobain -Dist Guitar-,Distortion Guitar _ 1,Distortion Guitar _ 1,102000,1920
198.75,3.75,48,85,Kurt Cobain -Dist Guitar-,Distortion Guitar _ 1,Distortion Guitar _ 1,102000,1920
198.75,3.75,41,85,Kurt Cobain -Dist Guitar-,Distortion Guitar _ 1,Distortion Guitar _ 1,102000,1920
202.5,3.75,53,85,Kurt Cobain -Dist Guitar-,Distortion Guitar _ 1,Distortion Guitar _ 1,103920,1920
202.5,3.75,48,85,Kurt Cobain -Dist Guitar-,Distortion Guitar _ 1,Distortion Guitar _ 1,103920,1920
202.5,3.75,41,85,Kurt Cobain -Dist Guitar-,Distortion Guitar _ 1,Distortion Guitar _ 1,103920,1920
206.25,3.75,53,85,Kurt Cobain -Dist Guitar-,Distortion Guitar _ 1,Distortion Guitar _ 1,105840,1920
206.25,3.75,48,85,Kurt Cobain -Dist Guitar-,Distortion Guitar _ 1,Distortion Guitar _ 1,105840,1920
206.25,3.75,41,85,Kurt Cobain -Dist Guitar-,Distortion Guitar _ 1,Distortion Guitar _ 1,105840,1920
210.0,0.46875,41,125,Kurt Cobain -Dist Guitar-,Distortion Guitar _ 1,Distortion Guitar _ 1,107760,240
210.0,0.46875,48,125,Kurt Cobain -Dist Guitar-,Distortion Guitar _ 1,Distortion Guitar _ 1,107760,240
210.0,0.46875,53,125,Kurt Cobain -Dist Guitar-,Distortion Guitar _ 1,Distortion Guitar _ 1,107760,240
210.46875,0.46875,41,125,Kurt Cobain -Dist Guitar-,Distortion Guitar _ 1,Distortion Guitar _ 1,108000,240
210.46875,0.46875,48,125,Kurt Cobain -Dist Guitar-,Distortion Guitar _ 1,Distortion Guitar _ 1,108000,240
210.46875,0.46875,53,125,Kurt Cobain -Dist Guitar-,Distortion Guitar _ 1,Distortion Guitar _ 1,108000,240
210.9375,0.1171875,41,125,Kurt Cobain -Dist Guitar-,Distortion Guitar _ 1,Distortion Guitar _ 1,108240,60
210.9375,0.1171875,48,125,Kurt Cobain -Dist Guitar-,Distortion Guitar _ 1,Distortion Guitar _ 1,108240,60
210.9375,0.1171875,53,125,Kurt Cobain -Dist Guitar-,Distortion Guitar _ 1,Distortion Guitar _ 1,108240,60
211.0546875,0.1171875,41,125,Kurt Cobain -Dist Guitar-,Distortion Guitar _ 1,Distortion Guitar _ 1,108300,60
211.0546875,0.1171875,48,125,Kurt Cobain -Dist Guitar-,Distortion Guitar _ 1,Distortion Guitar _ 1,108300,60
211.0546875,0.1171875,53,125,Kurt Cobain -Dist Guitar-,Distortion Guitar _ 1,Distortion Guitar _ 1,108300,60
211.171875,0.234375,46,125,Kurt Cobain -Dist Guitar-,Distortion Guitar _ 1,Distortion Guitar _ 1,108360,120
211.171875,0.234375,53,125,Kurt Cobain -Dist Guitar-,Distortion Guitar _ 1,Distortion Guitar _ 1,108360,120
211.171875,0.234375,58,125,Kurt Cobain -Dist Guitar-,Distortion Guitar _ 1,Distortion Guitar _ 1,108360,120
211.40625,0.234375,46,125,Kurt Cobain -Dist Guitar-,Distortion Guitar _ 1,Distortion Guitar _ 1,108480,120
211.40625,0.234375,53,125,Kurt Cobain -Dist Guitar-,Distortion Guitar _ 1,Distortion Guitar _ 1,108480,120
211.40625,0.234375,58,125,Kurt Cobain -Dist Guitar-,Distortion Guitar _ 1,Distortion Guitar _ 1,108480,120
211.640625,0.234375,41,125,Kurt Cobain -Dist Guitar-,Distortion Guitar _ 1,Distortion Guitar _ 1,108600,120
211.640625,0.234375,48,125,Kurt Cobain -Dist Guitar-,Distortion Guitar _ 1,Distortion Guitar _ 1,108600,120
211.640625,0.234375,53,125,Kurt Cobain -Dist Guitar-,Distortion Guitar _ 1,Distortion Guitar _ 1,108600,120
211.875,0.46875,44,125,Kurt Cobain -Dist Guitar-,Distortion Guitar _ 1,Distortion Guitar _ 1,108720,240
211.875,0.46875,51,125,Kurt Cobain -Dist Guitar-,Distortion Guitar _ 1,Distortion Guitar _ 1,108720,240
211.875,0.46875,56,125,Kurt Cobain -Dist Guitar-,Distortion Guitar _ 1,Distortion Guitar _ 1,108720,240
212.34375,0.46875,44,125,Kurt Cobain -Dist Guitar-,Distortion Guitar _ 1,Distortion Guitar _ 1,108960,240
212.34375,0.46875,51,125,Kurt Cobain -Dist Guitar-,Distortion Guitar _ 1,Distortion Guitar _ 1,108960,240
212.34375,0.46875,56,125,Kurt Cobain -Dist Guitar-,Distortion Guitar _ 1,Distortion Guitar _ 1,108960,240
212.8125,0.1171875,44,125,Kurt Cobain -Dist Guitar-,Distortion Guitar _ 1,Distortion Guitar _ 1,109200,60
212.8125,0.1171875,51,125,Kurt Cobain -Dist Guitar-,Distortion Guitar _ 1,Distortion Guitar _ 1,109200,60
212.8125,0.1171875,56,125,Kurt Cobain -Dist Guitar-,Distortion Guitar _ 1,Distortion Guitar _ 1,109200,60
212.9296875,0.1171875,44,125,Kurt Cobain -Dist Guitar-,Distortion Guitar _ 1,Distortion Guitar _ 1,109260,60
212.9296875,0.1171875,51,125,Kurt Cobain -Dist Guitar-,Distortion Guitar _ 1,Distortion Guitar _ 1,109260,60
212.9296875,0.1171875,56,125,Kurt Cobain -Dist Guitar-,Distortion Guitar _ 1,Distortion Guitar _ 1,109260,60
213.046875,0.234375,49,125,Kurt Cobain -Dist Guitar-,Distortion Guitar _ 1,Distortion Guitar _ 1,109320,120
213.046875,0.234375,56,125,Kurt Cobain -Dist Guitar-,Distortion Guitar _ 1,Distortion Guitar _ 1,109320,120
213.046875,0.234375,61,125,Kurt Cobain -Dist Guitar-,Distortion Guitar _ 1,Distortion Guitar _ 1,109320,120
213.28125,0.234375,49,125,Kurt Cobain -Dist Guitar-,Distortion Guitar _ 1,Distortion Guitar _ 1,109440,120
213.28125,0.234375,56,125,Kurt Cobain -Dist Guitar-,Distortion Guitar _ 1,Distortion Guitar _ 1,109440,120
213.28125,0.234375,61,125,Kurt Cobain -Dist Guitar-,Distortion Guitar _ 1,Distortion Guitar _ 1,109440,120
213.515625,0.234375,44,125,Kurt Cobain -Dist Guitar-,Distortion Guitar _ 1,Distortion Guitar _ 1,109560,120
213.515625,0.234375,51,125,Kurt Cobain -Dist Guitar-,Distortion Guitar _ 1,Distortion Guitar _ 1,109560,120
213.515625,0.234375,56,125,Kurt Cobain -Dist Guitar-,Distortion Guitar _ 1,Distortion Guitar _ 1,109560,120
213.75,0.46875,41,125,Kurt Cobain -Dist Guitar-,Distortion Guitar _ 1,Distortion Guitar _ 1,109680,240
213.75,0.46875,48,125,Kurt Cobain -Dist Guitar-,Distortion Guitar _ 1,Distortion Guitar _ 1,109680,240
213.75,0.46875,53,125,Kurt Cobain -Dist Guitar-,Distortion Guitar _ 1,Distortion Guitar _ 1,109680,240
214.21875,0.46875,41,125,Kurt Cobain -Dist Guitar-,Distortion Guitar _ 1,Distortion Guitar _ 1,109920,240
214.21875,0.46875,48,125,Kurt Cobain -Dist Guitar-,Distortion Guitar _ 1,Distortion Guitar _ 1,109920,240
214.21875,0.46875,53,125,Kurt Cobain -Dist Guitar-,Distortion Guitar _ 1,Distortion Guitar _ 1,109920,240
214.6875,0.1171875,41,125,Kurt Cobain -Dist Guitar-,Distortion Guitar _ 1,Distortion Guitar _ 1,110160,60
214.6875,0.1171875,48,125,Kurt Cobain -Dist Guitar-,Distortion Guitar _ 1,Distortion Guitar _ 1,110160,60
214.6875,0.1171875,53,125,Kurt Cobain -Dist Guitar-,Distortion Guitar _ 1,Distortion Guitar _ 1,110160,60
214.8046875,0.1171875,41,125,Kurt Cobain -Dist Guitar-,Distortion Guitar _ 1,Distortion Guitar _ 1,110220,60
214.8046875,0.1171875,48,125,Kurt Cobain -Dist Guitar-,Distortion Guitar _ 1,Distortion Guitar _ 1,110220,60
214.8046875,0.1171875,53,125,Kurt Cobain -Dist Guitar-,Distortion Guitar _ 1,Distortion Guitar _ 1,110220,60
214.921875,0.234375,46,125,Kurt Cobain -Dist Guitar-,Distortion Guitar _ 1,Distortion Guitar _ 1,110280,120
214.921875,0.234375,53,125,Kurt Cobain -Dist Guitar-,Distortion Guitar _ 1,Distortion Guitar _ 1,110280,120
214.921875,0.234375,58,125,Kurt Cobain -Dist Guitar-,Distortion Guitar _ 1,Distortion Guitar _ 1,110280,120
215.15625,0.234375,46,125,Kurt Cobain -Dist Guitar-,Distortion Guitar _ 1,Distortion Guitar _ 1,110400,120
215.15625,0.234375,53,125,Kurt Cobain -Dist Guitar-,Distortion Guitar _ 1,Distortion Guitar _ 1,110400,120
215.15625,0.234375,58,125,Kurt Cobain -Dist Guitar-,Distortion Guitar _ 1,Distortion Guitar _ 1,110400,120
215.390625,0.234375,41,125,Kurt Cobain -Dist Guitar-,Distortion Guitar _ 1,Distortion Guitar _ 1,110520,120
215.390625,0.234375,48,125,Kurt Cobain -Dist Guitar-,Distortion Guitar _ 1,Distortion Guitar _ 1,110520,120
215.390625,0.234375,53,125,Kurt Cobain -Dist Guitar-,Distortion Guitar _ 1,Distortion Guitar _ 1,110520,120
215.625,0.46875,44,125,Kurt Cobain -Dist Guitar-,Distortion Guitar _ 1,Distortion Guitar _ 1,110640,240
215.625,0.46875,51,125,Kurt Cobain -Dist Guitar-,Distortion Guitar _ 1,Distortion Guitar _ 1,110640,240
215.625,0.46875,56,125,Kurt Cobain -Dist Guitar-,Distortion Guitar _ 1,Distortion Guitar _ 1,110640,240
216.09375,0.46875,44,125,Kurt Cobain -Dist Guitar-,Distortion Guitar _ 1,Distortion Guitar _ 1,110880,240
216.09375,0.46875,51,125,Kurt Cobain -Dist Guitar-,Distortion Guitar _ 1,Distortion Guitar _ 1,110880,240
216.09375,0.46875,56,125,Kurt Cobain -Dist Guitar-,Distortion Guitar _ 1,Distortion Guitar _ 1,110880,240
216.5625,0.1171875,44,125,Kurt Cobain -Dist Guitar-,Distortion Guitar _ 1,Distortion Guitar _ 1,111120,60
216.5625,0.1171875,51,125,Kurt Cobain -Dist Guitar-,Distortion Guitar _ 1,Distortion Guitar _ 1,111120,60
216.5625,0.1171875,56,125,Kurt Cobain -Dist Guitar-,Distortion Guitar _ 1,Distortion Guitar _ 1,111120,60
216.6796875,0.1171875,44,125,Kurt Cobain -Dist Guitar-,Distortion Guitar _ 1,Distortion Guitar _ 1,111180,60
216.6796875,0.1171875,51,125,Kurt Cobain -Dist Guitar-,Distortion Guitar _ 1,Distortion Guitar _ 1,111180,60
216.6796875,0.1171875,56,125,Kurt Cobain -Dist Guitar-,Distortion Guitar _ 1,Distortion Guitar _ 1,111180,60
216.796875,0.234375,49,125,Kurt Cobain -Dist Guitar-,Distortion Guitar _ 1,Distortion Guitar _ 1,111240,120
216.796875,0.234375,56,125,Kurt Cobain -Dist Guitar-,Distortion Guitar _ 1,Distortion Guitar _ 1,111240,120
216.796875,0.234375,61,125,Kurt Cobain -Dist Guitar-,Distortion Guitar _ 1,Distortion Guitar _ 1,111240,120
217.03125,0.234375,49,125,Kurt Cobain -Dist Guitar-,Distortion Guitar _ 1,Distortion Guitar _ 1,111360,120
217.03125,0.234375,56,125,Kurt Cobain -Dist Guitar-,Distortion Guitar _ 1,Distortion Guitar _ 1,111360,120
217.03125,0.234375,61,125,Kurt Cobain -Dist Guitar-,Distortion Guitar _ 1,Distortion Guitar _ 1,111360,120
217.265625,0.234375,44,125,Kurt Cobain -Dist Guitar-,Distortion Guitar _ 1,Distortion Guitar _ 1,111480,120
217.265625,0.234375,51,125,Kurt Cobain -Dist Guitar-,Distortion Guitar _ 1,Distortion Guitar _ 1,111480,120
217.265625,0.234375,56,125,Kurt Cobain -Dist Guitar-,Distortion Guitar _ 1,Distortion Guitar _ 1,111480,120
217.5,0.46875,41,125,Kurt Cobain -Dist Guitar-,Distortion Guitar _ 1,Distortion Guitar _ 1,111600,240
217.5,0.46875,48,125,Kurt Cobain -Dist Guitar-,Distortion Guitar _ 1,Distortion Guitar _ 1,111600,240
217.5,0.46875,53,125,Kurt Cobain -Dist Guitar-,Distortion Guitar _ 1,Distortion Guitar _ 1,111600,240
217.96875,0.46875,41,125,Kurt Cobain -Dist Guitar-,Distortion Guitar _ 1,Distortion Guitar _ 1,111840,240
217.96875,0.46875,48,125,Kurt Cobain -Dist Guitar-,Distortion Guitar _ 1,Distortion Guitar _ 1,111840,240
217.96875,0.46875,53,125,Kurt Cobain -Dist Guitar-,Distortion Guitar _ 1,Distortion Guitar _ 1,111840,240
218.4375,0.1171875,41,125,Kurt Cobain -Dist Guitar-,Distortion Guitar _ 1,Distortion Guitar _ 1,112080,60
218.4375,0.1171875,48,125,Kurt Cobain -Dist Guitar-,Distortion Guitar _ 1,Distortion Guitar _ 1,112080,60
218.4375,0.1171875,53,125,Kurt Cobain -Dist Guitar-,Distortion Guitar _ 1,Distortion Guitar _ 1,112080,60
218.5546875,0.1171875,41,125,Kurt Cobain -Dist Guitar-,Distortion Guitar _ 1,Distortion Guitar _ 1,112140,60
218.5546875,0.1171875,48,125,Kurt Cobain -Dist Guitar-,Distortion Guitar _ 1,Distortion Guitar _ 1,112140,60
218.5546875,0.1171875,53,125,Kurt Cobain -Dist Guitar-,Distortion Guitar _ 1,Distortion Guitar _ 1,112140,60
218.671875,0.234375,46,125,Kurt Cobain -Dist Guitar-,Distortion Guitar _ 1,Distortion Guitar _ 1,112200,120
218.671875,0.234375,53,125,Kurt Cobain -Dist Guitar-,Distortion Guitar _ 1,Distortion Guitar _ 1,112200,120
218.671875,0.234375,58,125,Kurt Cobain -Dist Guitar-,Distortion Guitar _ 1,Distortion Guitar _ 1,112200,120
218.90625,0.234375,46,125,Kurt Cobain -Dist Guitar-,Distortion Guitar _ 1,Distortion Guitar _ 1,112320,120
218.90625,0.234375,53,125,Kurt Cobain -Dist Guitar-,Distortion Guitar _ 1,Distortion Guitar _ 1,112320,120
218.90625,0.234375,58,125,Kurt Cobain -Dist Guitar-,Distortion Guitar _ 1,Distortion Guitar _ 1,112320,120
219.140625,0.234375,41,125,Kurt Cobain -Dist Guitar-,Distortion Guitar _ 1,Distortion Guitar _ 1,112440,120
219.140625,0.234375,48,125,Kurt Cobain -Dist Guitar-,Distortion Guitar _ 1,Distortion Guitar _ 1,112440,120
219.140625,0.234375,53,125,Kurt Cobain -Dist Guitar-,Distortion Guitar _ 1,Distortion Guitar _ 1,112440,120
219.375,0.46875,44,125,Kurt Cobain -Dist Guitar-,Distortion Guitar _ 1,Distortion Guitar _ 1,112560,240
219.375,0.46875,51,125,Kurt Cobain -Dist Guitar-,Distortion Guitar _ 1,Distortion Guitar _ 1,112560,240
219.375,0.46875,56,125,Kurt Cobain -Dist Guitar-,Distortion Guitar _ 1,Distortion Guitar _ 1,112560,240
219.84375,0.46875,44,125,Kurt Cobain -Dist Guitar-,Distortion Guitar _ 1,Distortion Guitar _ 1,112800,240
219.84375,0.46875,51,125,Kurt Cobain -Dist Guitar-,Distortion Guitar _ 1,Distortion Guitar _ 1,112800,240
219.84375,0.46875,56,125,Kurt Cobain -Dist Guitar-,Distortion Guitar _ 1,Distortion Guitar _ 1,112800,240
220.3125,0.1171875,44,125,Kurt Cobain -Dist Guitar-,Distortion Guitar _ 1,Distortion Guitar _ 1,113040,60
220.3125,0.1171875,51,125,Kurt Cobain -Dist Guitar-,Distortion Guitar _ 1,Distortion Guitar _ 1,113040,60
220.3125,0.1171875,56,125,Kurt Cobain -Dist Guitar-,Distortion Guitar _ 1,Distortion Guitar _ 1,113040,60
220.4296875,0.1171875,44,125,Kurt Cobain -Dist Guitar-,Distortion Guitar _ 1,Distortion Guitar _ 1,113100,60
220.4296875,0.1171875,51,125,Kurt Cobain -Dist Guitar-,Distortion Guitar _ 1,Distortion Guitar _ 1,113100,60
220.4296875,0.1171875,56,125,Kurt Cobain -Dist Guitar-,Distortion Guitar _ 1,Distortion Guitar _ 1,113100,60
220.546875,0.234375,49,125,Kurt Cobain -Dist Guitar-,Distortion Guitar _ 1,Distortion Guitar _ 1,113160,120
220.546875,0.234375,56,125,Kurt Cobain -Dist Guitar-,Distortion Guitar _ 1,Distortion Guitar _ 1,113160,120
220.546875,0.234375,61,125,Kurt Cobain -Dist Guitar-,Distortion Guitar _ 1,Distortion Guitar _ 1,113160,120
220.78125,0.234375,49,125,Kurt Cobain -Dist Guitar-,Distortion Guitar _ 1,Distortion Guitar _ 1,113280,120
220.78125,0.234375,56,125,Kurt Cobain -Dist Guitar-,Distortion Guitar _ 1,Distortion Guitar _ 1,113280,120
220.78125,0.234375,61,125,Kurt Cobain -Dist Guitar-,Distortion Guitar _ 1,Distortion Guitar _ 1,113280,120
221.015625,0.234375,44,125,Kurt Cobain -Dist Guitar-,Distortion Guitar _ 1,Distortion Guitar _ 1,113400,120
221.015625,0.234375,51,125,Kurt Cobain -Dist Guitar-,Distortion Guitar _ 1,Distortion Guitar _ 1,113400,120
221.015625,0.234375,56,125,Kurt Cobain -Dist Guitar-,Distortion Guitar _ 1,Distortion Guitar _ 1,113400,120
221.25,0.46875,41,125,Kurt Cobain -Dist Guitar-,Distortion Guitar _ 1,Distortion Guitar _ 1,113520,240
221.25,0.46875,48,125,Kurt Cobain -Dist Guitar-,Distortion Guitar _ 1,Distortion Guitar _ 1,113520,240
221.25,0.46875,53,125,Kurt Cobain -Dist Guitar-,Distortion Guitar _ 1,Distortion Guitar _ 1,113520,240
221.71875,0.46875,41,125,Kurt Cobain -Dist Guitar-,Distortion Guitar _ 1,Distortion Guitar _ 1,113760,240
221.71875,0.46875,48,125,Kurt Cobain -Dist Guitar-,Distortion Guitar _ 1,Distortion Guitar _ 1,113760,240
221.71875,0.46875,53,125,Kurt Cobain -Dist Guitar-,Distortion Guitar _ 1,Distortion Guitar _ 1,113760,240
222.1875,0.1171875,41,125,Kurt Cobain -Dist Guitar-,Distortion Guitar _ 1,Distortion Guitar _ 1,114000,60
222.1875,0.1171875,48,125,Kurt Cobain -Dist Guitar-,Distortion Guitar _ 1,Distortion Guitar _ 1,114000,60
222.1875,0.1171875,53,125,Kurt Cobain -Dist Guitar-,Distortion Guitar _ 1,Distortion Guitar _ 1,114000,60
222.3046875,0.1171875,41,125,Kurt Cobain -Dist Guitar-,Distortion Guitar _ 1,Distortion Guitar _ 1,114060,60
222.3046875,0.1171875,48,125,Kurt Cobain -Dist Guitar-,Distortion Guitar _ 1,Distortion Guitar _ 1,114060,60
222.3046875,0.1171875,53,125,Kurt Cobain -Dist Guitar-,Distortion Guitar _ 1,Distortion Guitar _ 1,114060,60
222.421875,0.234375,46,125,Kurt Cobain -Dist Guitar-,Distortion Guitar _ 1,Distortion Guitar _ 1,114120,120
222.421875,0.234375,53,125,Kurt Cobain -Dist Guitar-,Distortion Guitar _ 1,Distortion Guitar _ 1,114120,120
222.421875,0.234375,58,125,Kurt Cobain -Dist Guitar-,Distortion Guitar _ 1,Distortion Guitar _ 1,114120,120
222.65625,0.234375,46,125,Kurt Cobain -Dist Guitar-,Distortion Guitar _ 1,Distortion Guitar _ 1,114240,120
222.65625,0.234375,53,125,Kurt Cobain -Dist Guitar-,Distortion Guitar _ 1,Distortion Guitar _ 1,114240,120
222.65625,0.234375,58,125,Kurt Cobain -Dist Guitar-,Distortion Guitar _ 1,Distortion Guitar _ 1,114240,120
222.890625,0.234375,41,125,Kurt Cobain -Dist Guitar-,Distortion Guitar _ 1,Distortion Guitar _ 1,114360,120
222.890625,0.234375,48,125,Kurt Cobain -Dist Guitar-,Distortion Guitar _ 1,Distortion Guitar _ 1,114360,120
222.890625,0.234375,53,125,Kurt Cobain -Dist Guitar-,Distortion Guitar _ 1,Distortion Guitar _ 1,114360,120
223.125,0.46875,44,125,Kurt Cobain -Dist Guitar-,Distortion Guitar _ 1,Distortion Guitar _ 1,114480,240
223.125,0.46875,51,125,Kurt Cobain -Dist Guitar-,Distortion Guitar _ 1,Distortion Guitar _ 1,114480,240
223.125,0.46875,56,125,Kurt Cobain -Dist Guitar-,Distortion Guitar _ 1,Distortion Guitar _ 1,114480,240
223.59375,0.46875,44,125,Kurt Cobain -Dist Guitar-,Distortion Guitar _ 1,Distortion Guitar _ 1,114720,240
223.59375,0.46875,51,125,Kurt Cobain -Dist Guitar-,Distortion Guitar _ 1,Distortion Guitar _ 1,114720,240
223.59375,0.46875,56,125,Kurt Cobain -Dist Guitar-,Distortion Guitar _ 1,Distortion Guitar _ 1,114720,240
224.0625,0.1171875,44,125,Kurt Cobain -Dist Guitar-,Distortion Guitar _ 1,Distortion Guitar _ 1,114960,60
224.0625,0.1171875,51,125,Kurt Cobain -Dist Guitar-,Distortion Guitar _ 1,Distortion Guitar _ 1,114960,60
224.0625,0.1171875,56,125,Kurt Cobain -Dist Guitar-,Distortion Guitar _ 1,Distortion Guitar _ 1,114960,60
224.1796875,0.1171875,44,125,Kurt Cobain -Dist Guitar-,Distortion Guitar _ 1,Distortion Guitar _ 1,115020,60
224.1796875,0.1171875,51,125,Kurt Cobain -Dist Guitar-,Distortion Guitar _ 1,Distortion Guitar _ 1,115020,60
224.1796875,0.1171875,56,125,Kurt Cobain -Dist Guitar-,Distortion Guitar _ 1,Distortion Guitar _ 1,115020,60
224.296875,0.234375,49,125,Kurt Cobain -Dist Guitar-,Distortion Guitar _ 1,Distortion Guitar _ 1,115080,120
224.296875,0.234375,56,125,Kurt Cobain -Dist Guitar-,Distortion Guitar _ 1,Distortion Guitar _ 1,115080,120
224.296875,0.234375,61,125,Kurt Cobain -Dist Guitar-,Distortion Guitar _ 1,Distortion Guitar _ 1,115080,120
224.53125,0.234375,49,125,Kurt Cobain -Dist Guitar-,Distortion Guitar _ 1,Distortion Guitar _ 1,115200,120
224.53125,0.234375,56,125,Kurt Cobain -Dist Guitar-,Distortion Guitar _ 1,Distortion Guitar _ 1,115200,120
224.53125,0.234375,61,125,Kurt Cobain -Dist Guitar-,Distortion Guitar _ 1,Distortion Guitar _ 1,115200,120
224.765625,0.234375,56,125,Kurt Cobain -Dist Guitar-,Distortion Guitar _ 1,Distortion Guitar _ 1,115320,120
224.765625,0.234375,49,125,Kurt Cobain -Dist Guitar-,Distortion Guitar _ 1,Distortion Guitar _ 1,115320,120
224.765625,0.234375,61,125,Kurt Cobain -Dist Guitar-,Distortion Guitar _ 1,Distortion Guitar _ 1,115320,120
225.0,0.5,41,125,Kurt Cobain -Dist Guitar-,Distortion Guitar _ 1,Distortion Guitar _ 1,115440,240
225.0,0.5,48,125,Kurt Cobain -Dist Guitar-,Distortion Guitar _ 1,Distortion Guitar _ 1,115440,240
225.0,0.5,53,125,Kurt Cobain -Dist Guitar-,Distortion Guitar _ 1,Distortion Guitar _ 1,115440,240
225.5,0.5,41,125,Kurt Cobain -Dist Guitar-,Distortion Guitar _ 1,Distortion Guitar _ 1,115680,240
225.5,0.5,48,125,Kurt Cobain -Dist Guitar-,Distortion Guitar _ 1,Distortion Guitar _ 1,115680,240
225.5,0.5,53,125,Kurt Cobain -Dist Guitar-,Distortion Guitar _ 1,Distortion Guitar _ 1,115680,240
226.0,0.125,41,125,Kurt Cobain -Dist Guitar-,Distortion Guitar _ 1,Distortion Guitar _ 1,115920,60
226.0,0.125,48,125,Kurt Cobain -Dist Guitar-,Distortion Guitar _ 1,Distortion Guitar _ 1,115920,60
226.0,0.125,53,125,Kurt Cobain -Dist Guitar-,Distortion Guitar _ 1,Distortion Guitar _ 1,115920,60
226.125,0.125,41,125,Kurt Cobain -Dist Guitar-,Distortion Guitar _ 1,Distortion Guitar _ 1,115980,60
226.125,0.125,48,125,Kurt Cobain -Dist Guitar-,Distortion Guitar _ 1,Distortion Guitar _ 1,115980,60
226.125,0.125,53,125,Kurt Cobain -Dist Guitar-,Distortion Guitar _ 1,Distortion Guitar _ 1,115980,60
226.25,0.25,46,125,Kurt Cobain -Dist Guitar-,Distortion Guitar _ 1,Distortion Guitar _ 1,116040,120
226.25,0.25,53,125,Kurt Cobain -Dist Guitar-,Distortion Guitar _ 1,Distortion Guitar _ 1,116040,120
226.25,0.25,58,125,Kurt Cobain -Dist Guitar-,Distortion Guitar _ 1,Distortion Guitar _ 1,116040,120
226.5,0.25,46,125,Kurt Cobain -Dist Guitar-,Distortion Guitar _ 1,Distortion Guitar _ 1,116160,120
226.5,0.25,53,125,Kurt Cobain -Dist Guitar-,Distortion Guitar _ 1,Distortion Guitar _ 1,116160,120
226.5,0.25,58,125,Kurt Cobain -Dist Guitar-,Distortion Guitar _ 1,Distortion Guitar _ 1,116160,120
226.75,0.25,41,125,Kurt Cobain -Dist Guitar-,Distortion Guitar _ 1,Distortion Guitar _ 1,116280,120
226.75,0.25,48,125,Kurt Cobain -Dist Guitar-,Distortion Guitar _ 1,Distortion Guitar _ 1,116280,120
226.75,0.25,53,125,Kurt Cobain -Dist Guitar-,Distortion Guitar _ 1,Distortion Guitar _ 1,116280,120
227.0,0.5,44,125,Kurt Cobain -Dist Guitar-,Distortion Guitar _ 1,Distortion Guitar _ 1,116400,240
227.0,0.5,51,125,Kurt Cobain -Dist Guitar-,Distortion Guitar _ 1,Distortion Guitar _ 1,116400,240
227.0,0.5,56,125,Kurt Cobain -Dist Guitar-,Distortion Guitar _ 1,Distortion Guitar _ 1,116400,240
227.5,0.5,44,125,Kurt Cobain -Dist Guitar-,Distortion Guitar _ 1,Distortion Guitar _ 1,116640,240
227.5,0.5,51,125,Kurt Cobain -Dist Guitar-,Distortion Guitar _ 1,Distortion Guitar _ 1,116640,240
227.5,0.5,56,125,Kurt Cobain -Dist Guitar-,Distortion Guitar _ 1,Distortion Guitar _ 1,116640,240
228.0,0.125,44,125,Kurt Cobain -Dist Guitar-,Distortion Guitar _ 1,Distortion Guitar _ 1,116880,60
228.0,0.125,51,125,Kurt Cobain -Dist Guitar-,Distortion Guitar _ 1,Distortion Guitar _ 1,116880,60
228.0,0.125,56,125,Kurt Cobain -Dist Guitar-,Distortion Guitar _ 1,Distortion Guitar _ 1,116880,60
228.125,0.1245694791666665,44,125,Kurt Cobain -Dist Guitar-,Distortion Guitar _ 1,Distortion Guitar _ 1,116940,60
228.125,0.1245694791666665,51,125,Kurt Cobain -Dist Guitar-,Distortion Guitar _ 1,Distortion Guitar _ 1,116940,60
228.125,0.1245694791666665,56,125,Kurt Cobain -Dist Guitar-,Distortion Guitar _ 1,Distortion Guitar _ 1,116940,60
228.24956947916667,0.24793349999998782,49,125,Kurt Cobain -Dist Guitar-,Distortion Guitar _ 1,Distortion Guitar _ 1,117000,120
228.24956947916667,0.24793349999998782,56,125,Kurt Cobain -Dist Guitar-,Distortion Guitar _ 1,Distortion Guitar _ 1,117000,120
228.24956947916667,0.24793349999998782,61,125,Kurt Cobain -Dist Guitar-,Distortion Guitar _ 1,Distortion Guitar _ 1,117000,120
228.49750297916665,0.24793350000001624,49,125,Kurt Cobain -Dist Guitar-,Distortion Guitar _ 1,Distortion Guitar _ 1,117120,120
228.49750297916665,0.24793350000001624,56,125,Kurt Cobain -Dist Guitar-,Distortion Guitar _ 1,Distortion Guitar _ 1,117120,120
228.49750297916665,0.24793350000001624,61,125,Kurt Cobain -Dist Guitar-,Distortion Guitar _ 1,Distortion Guitar _ 1,117120,120
228.74543647916667,0.24793349999998782,44,125,Kurt Cobain -Dist Guitar-,Distortion Guitar _ 1,Distortion Guitar _ 1,117240,120
228.74543647916667,0.24793349999998782,51,125,Kurt Cobain -Dist Guitar-,Distortion Guitar _ 1,Distortion Guitar _ 1,117240,120
228.74543647916667,0.24793349999998782,56,125,Kurt Cobain -Dist Guitar-,Distortion Guitar _ 1,Distortion Guitar _ 1,117240,120
228.99336997916666,0.49586700000000405,41,125,Kurt Cobain -Dist Guitar-,Distortion Guitar _ 1,Distortion Guitar _ 1,117360,240
228.99336997916666,0.49586700000000405,48,125,Kurt Cobain -Dist Guitar-,Distortion Guitar _ 1,Distortion Guitar _ 1,117360,240
228.99336997916666,0.49586700000000405,53,125,Kurt Cobain -Dist Guitar-,Distortion Guitar _ 1,Distortion Guitar _ 1,117360,240
229.48923697916666,0.49586700000000405,41,125,Kurt Cobain -Dist Guitar-,Distortion Guitar _ 1,Distortion Guitar _ 1,117600,240
229.48923697916666,0.49586700000000405,48,125,Kurt Cobain -Dist Guitar-,Distortion Guitar _ 1,Distortion Guitar _ 1,117600,240
229.48923697916666,0.49586700000000405,53,125,Kurt Cobain -Dist Guitar-,Distortion Guitar _ 1,Distortion Guitar _ 1,117600,240
229.98510397916667,0.12396674999999391,41,125,Kurt Cobain -Dist Guitar-,Distortion Guitar _ 1,Distortion Guitar _ 1,117840,60
229.98510397916667,0.12396674999999391,48,125,Kurt Cobain -Dist Guitar-,Distortion Guitar _ 1,Distortion Guitar _ 1,117840,60
229.98510397916667,0.12396674999999391,53,125,Kurt Cobain -Dist Guitar-,Distortion Guitar _ 1,Distortion Guitar _ 1,117840,60
230.10907072916666,0.12396674999999391,41,125,Kurt Cobain -Dist Guitar-,Distortion Guitar _ 1,Distortion Guitar _ 1,117900,60
230.10907072916666,0.12396674999999391,48,125,Kurt Cobain -Dist Guitar-,Distortion Guitar _ 1,Distortion Guitar _ 1,117900,60
230.10907072916666,0.12396674999999391,53,125,Kurt Cobain -Dist Guitar-,Distortion Guitar _ 1,Distortion Guitar _ 1,117900,60
230.23303747916665,0.24793350000001624,46,125,Kurt Cobain -Dist Guitar-,Distortion Guitar _ 1,Distortion Guitar _ 1,117960,120
230.23303747916665,0.24793350000001624,53,125,Kurt Cobain -Dist Guitar-,Distortion Guitar _ 1,Distortion Guitar _ 1,117960,120
230.23303747916665,0.24793350000001624,58,125,Kurt Cobain -Dist Guitar-,Distortion Guitar _ 1,Distortion Guitar _ 1,117960,120
230.48097097916667,0.24793349999998782,46,125,Kurt Cobain -Dist Guitar-,Distortion Guitar _ 1,Distortion Guitar _ 1,118080,120
230.48097097916667,0.24793349999998782,53,125,Kurt Cobain -Dist Guitar-,Distortion Guitar _ 1,Distortion Guitar _ 1,118080,120
230.48097097916667,0.24793349999998782,58,125,Kurt Cobain -Dist Guitar-,Distortion Guitar _ 1,Distortion Guitar _ 1,118080,120
230.72890447916666,0.24793349999998782,41,125,Kurt Cobain -Dist Guitar-,Distortion Guitar _ 1,Distortion Guitar _ 1,118200,120
230.72890447916666,0.24793349999998782,48,125,Kurt Cobain -Dist Guitar-,Distortion Guitar _ 1,Distortion Guitar _ 1,118200,120
230.72890447916666,0.24793349999998782,53,125,Kurt Cobain -Dist Guitar-,Distortion Guitar _ 1,Distortion Guitar _ 1,118200,120
230.97683797916665,0.4950203333333434,44,125,Kurt Cobain -Dist Guitar-,Distortion Guitar _ 1,Distortion Guitar _ 1,118320,240
230.97683797916665,0.4950203333333434,51,125,Kurt Cobain -Dist Guitar-,Distortion Guitar _ 1,Distortion Guitar _ 1,118320,240
230.97683797916665,0.4950203333333434,56,125,Kurt Cobain -Dist Guitar-,Distortion Guitar _ 1,Distortion Guitar _ 1,118320,240
231.4718583125,0.49180300000000443,44,125,Kurt Cobain -Dist Guitar-,Distortion Guitar _ 1,Distortion Guitar _ 1,118560,240
231.4718583125,0.49180300000000443,51,125,Kurt Cobain -Dist Guitar-,Distortion Guitar _ 1,Distortion Guitar _ 1,118560,240
231.4718583125,0.49180300000000443,56,125,Kurt Cobain -Dist Guitar-,Distortion Guitar _ 1,Distortion Guitar _ 1,118560,240
231.9636613125,0.12295075000000111,44,125,Kurt Cobain -Dist Guitar-,Distortion Guitar _ 1,Distortion Guitar _ 1,118800,60
231.9636613125,0.12295075000000111,51,125,Kurt Cobain -Dist Guitar-,Distortion Guitar _ 1,Distortion Guitar _ 1,118800,60
231.9636613125,0.12295075000000111,56,125,Kurt Cobain -Dist Guitar-,Distortion Guitar _ 1,Distortion Guitar _ 1,118800,60
232.0866120625,0.12295075000000111,44,125,Kurt Cobain -Dist Guitar-,Distortion Guitar _ 1,Distortion Guitar _ 1,118860,60
232.0866120625,0.12295075000000111,51,125,Kurt Cobain -Dist Guitar-,Distortion Guitar _ 1,Distortion Guitar _ 1,118860,60
232.0866120625,0.12295075000000111,56,125,Kurt Cobain -Dist Guitar-,Distortion Guitar _ 1,Distortion Guitar _ 1,118860,60
232.2095628125,0.24590150000000222,49,125,Kurt Cobain -Dist Guitar-,Distortion Guitar _ 1,Distortion Guitar _ 1,118920,120
232.2095628125,0.24590150000000222,56,125,Kurt Cobain -Dist Guitar-,Distortion Guitar _ 1,Distortion Guitar _ 1,118920,120
232.2095628125,0.24590150000000222,61,125,Kurt Cobain -Dist Guitar-,Distortion Guitar _ 1,Distortion Guitar _ 1,118920,120
232.4554643125,0.24590150000000222,49,125,Kurt Cobain -Dist Guitar-,Distortion Guitar _ 1,Distortion Guitar _ 1,119040,120
232.4554643125,0.24590150000000222,56,125,Kurt Cobain -Dist Guitar-,Distortion Guitar _ 1,Distortion Guitar _ 1,119040,120
232.4554643125,0.24590150000000222,61,125,Kurt Cobain -Dist Guitar-,Distortion Guitar _ 1,Distortion Guitar _ 1,119040,120
232.7013658125,0.24590150000000222,44,125,Kurt Cobain -Dist Guitar-,Distortion Guitar _ 1,Distortion Guitar _ 1,119160,120
232.7013658125,0.24590150000000222,51,125,Kurt Cobain -Dist Guitar-,Distortion Guitar _ 1,Distortion Guitar _ 1,119160,120
232.7013658125,0.24590150000000222,56,125,Kurt Cobain -Dist Guitar-,Distortion Guitar _ 1,Distortion Guitar _ 1,119160,120
232.9472673125,0.49180300000000443,41,125,Kurt Cobain -Dist Guitar-,Distortion Guitar _ 1,Distortion Guitar _ 1,119280,240
232.9472673125,0.49180300000000443,48,125,Kurt Cobain -Dist Guitar-,Distortion Guitar _ 1,Distortion Guitar _ 1,119280,240
232.9472673125,0.49180300000000443,53,125,Kurt Cobain -Dist Guitar-,Distortion Guitar _ 1,Distortion Guitar _ 1,119280,240
233.4390703125,0.491802999999976,41,125,Kurt Cobain -Dist Guitar-,Distortion Guitar _ 1,Distortion Guitar _ 1,119520,240
233.4390703125,0.491802999999976,48,125,Kurt Cobain -Dist Guitar-,Distortion Guitar _ 1,Distortion Guitar _ 1,119520,240
233.4390703125,0.491802999999976,53,125,Kurt Cobain -Dist Guitar-,Distortion Guitar _ 1,Distortion Guitar _ 1,119520,240
233.93087331249998,0.12295075000000111,41,125,Kurt Cobain -Dist Guitar-,Distortion Guitar _ 1,Distortion Guitar _ 1,119760,60
233.93087331249998,0.12295075000000111,48,125,Kurt Cobain -Dist Guitar-,Distortion Guitar _ 1,Distortion Guitar _ 1,119760,60
233.93087331249998,0.12295075000000111,53,125,Kurt Cobain -Dist Guitar-,Distortion Guitar _ 1,Distortion Guitar _ 1,119760,60
234.05382406249998,0.12295075000000111,41,125,Kurt Cobain -Dist Guitar-,Distortion Guitar _ 1,Distortion Guitar _ 1,119820,60
234.05382406249998,0.12295075000000111,48,125,Kurt Cobain -Dist Guitar-,Distortion Guitar _ 1,Distortion Guitar _ 1,119820,60
234.05382406249998,0.12295075000000111,53,125,Kurt Cobain -Dist Guitar-,Distortion Guitar _ 1,Distortion Guitar _ 1,119820,60
234.17677481249999,0.24590150000000222,46,125,Kurt Cobain -Dist Guitar-,Distortion Guitar _ 1,Distortion Guitar _ 1,119880,120
234.17677481249999,0.24590150000000222,53,125,Kurt Cobain -Dist Guitar-,Distortion Guitar _ 1,Distortion Guitar _ 1,119880,120
234.17677481249999,0.24590150000000222,58,125,Kurt Cobain -Dist Guitar-,Distortion Guitar _ 1,Distortion Guitar _ 1,119880,120
234.4226763125,0.24465181249999546,46,125,Kurt Cobain -Dist Guitar-,Distortion Guitar _ 1,Distortion Guitar _ 1,120000,120
234.4226763125,0.24465181249999546,53,125,Kurt Cobain -Dist Guitar-,Distortion Guitar _ 1,Distortion Guitar _ 1,120000,120
234.4226763125,0.24465181249999546,58,125,Kurt Cobain -Dist Guitar-,Distortion Guitar _ 1,Distortion Guitar _ 1,120000,120
234.66732812499998,0.24390200000001983,41,125,Kurt Cobain -Dist Guitar-,Distortion Guitar _ 1,Distortion Guitar _ 1,120120,120
234.66732812499998,0.24390200000001983,48,125,Kurt Cobain -Dist Guitar-,Distortion Guitar _ 1,Distortion Guitar _ 1,120120,120
234.66732812499998,0.24390200000001983,53,125,Kurt Cobain -Dist Guitar-,Distortion Guitar _ 1,Distortion Guitar _ 1,120120,120
234.911230125,0.4878039999999828,44,125,Kurt Cobain -Dist Guitar-,Distortion Guitar _ 1,Distortion Guitar _ 1,120240,240
234.911230125,0.4878039999999828,51,125,Kurt Cobain -Dist Guitar-,Distortion Guitar _ 1,Distortion Guitar _ 1,120240,240
234.911230125,0.4878039999999828,56,125,Kurt Cobain -Dist Guitar-,Distortion Guitar _ 1,Distortion Guitar _ 1,120240,240
235.399034125,0.48780400000001123,44,125,Kurt Cobain -Dist Guitar-,Distortion Guitar _ 1,Distortion Guitar _ 1,120480,240
235.399034125,0.48780400000001123,51,125,Kurt Cobain -Dist Guitar-,Distortion Guitar _ 1,Distortion Guitar _ 1,120480,240
235.399034125,0.48780400000001123,56,125,Kurt Cobain -Dist Guitar-,Distortion Guitar _ 1,Distortion Guitar _ 1,120480,240
235.886838125,0.1219509999999957,44,125,Kurt Cobain -Dist Guitar-,Distortion Guitar _ 1,Distortion Guitar _ 1,120720,60
235.886838125,0.1219509999999957,51,125,Kurt Cobain -Dist Guitar-,Distortion Guitar _ 1,Distortion Guitar _ 1,120720,60
235.886838125,0.1219509999999957,56,125,Kurt Cobain -Dist Guitar-,Distortion Guitar _ 1,Distortion Guitar _ 1,120720,60
236.008789125,0.1219509999999957,44,125,Kurt Cobain -Dist Guitar-,Distortion Guitar _ 1,Distortion Guitar _ 1,120780,60
236.008789125,0.1219509999999957,51,125,Kurt Cobain -Dist Guitar-,Distortion Guitar _ 1,Distortion Guitar _ 1,120780,60
236.008789125,0.1219509999999957,56,125,Kurt Cobain -Dist Guitar-,Distortion Guitar _ 1,Distortion Guitar _ 1,120780,60
236.130740125,0.24390200000001983,49,125,Kurt Cobain -Dist Guitar-,Distortion Guitar _ 1,Distortion Guitar _ 1,120840,120
236.130740125,0.24390200000001983,56,125,Kurt Cobain -Dist Guitar-,Distortion Guitar _ 1,Distortion Guitar _ 1,120840,120
236.130740125,0.24390200000001983,61,125,Kurt Cobain -Dist Guitar-,Distortion Guitar _ 1,Distortion Guitar _ 1,120840,120
236.374642125,0.2439019999999914,49,125,Kurt Cobain -Dist Guitar-,Distortion Guitar _ 1,Distortion Guitar _ 1,120960,120
236.374642125,0.2439019999999914,56,125,Kurt Cobain -Dist Guitar-,Distortion Guitar _ 1,Distortion Guitar _ 1,120960,120
236.374642125,0.2439019999999914,61,125,Kurt Cobain -Dist Guitar-,Distortion Guitar _ 1,Distortion Guitar _ 1,120960,120
236.618544125,0.2439019999999914,44,125,Kurt Cobain -Dist Guitar-,Distortion Guitar _ 1,Distortion Guitar _ 1,121080,120
236.618544125,0.2439019999999914,51,125,Kurt Cobain -Dist Guitar-,Distortion Guitar _ 1,Distortion Guitar _ 1,121080,120
236.618544125,0.2439019999999914,56,125,Kurt Cobain -Dist Guitar-,Distortion Guitar _ 1,Distortion Guitar _ 1,121080,120
236.862446125,0.48780400000001123,41,125,Kurt Cobain -Dist Guitar-,Distortion Guitar _ 1,Distortion Guitar _ 1,121200,240
236.862446125,0.48780400000001123,48,125,Kurt Cobain -Dist Guitar-,Distortion Guitar _ 1,Distortion Guitar _ 1,121200,240
236.862446125,0.48780400000001123,53,125,Kurt Cobain -Dist Guitar-,Distortion Guitar _ 1,Distortion Guitar _ 1,121200,240
237.350250125,0.4861648333333335,41,125,Kurt Cobain -Dist Guitar-,Distortion Guitar _ 1,Distortion Guitar _ 1,121440,240
237.350250125,0.4861648333333335,48,125,Kurt Cobain -Dist Guitar-,Distortion Guitar _ 1,Distortion Guitar _ 1,121440,240
237.350250125,0.4861648333333335,53,125,Kurt Cobain -Dist Guitar-,Distortion Guitar _ 1,Distortion Guitar _ 1,121440,240
237.83641495833334,0.12096749999997769,41,125,Kurt Cobain -Dist Guitar-,Distortion Guitar _ 1,Distortion Guitar _ 1,121680,60
237.83641495833334,0.12096749999997769,48,125,Kurt Cobain -Dist Guitar-,Distortion Guitar _ 1,Distortion Guitar _ 1,121680,60
237.83641495833334,0.12096749999997769,53,125,Kurt Cobain -Dist Guitar-,Distortion Guitar _ 1,Distortion Guitar _ 1,121680,60
237.9573824583333,0.12096750000000611,41,125,Kurt Cobain -Dist Guitar-,Distortion Guitar _ 1,Distortion Guitar _ 1,121740,60
237.9573824583333,0.12096750000000611,48,125,Kurt Cobain -Dist Guitar-,Distortion Guitar _ 1,Distortion Guitar _ 1,121740,60
237.9573824583333,0.12096750000000611,53,125,Kurt Cobain -Dist Guitar-,Distortion Guitar _ 1,Distortion Guitar _ 1,121740,60
238.07834995833332,0.24193500000001222,46,125,Kurt Cobain -Dist Guitar-,Distortion Guitar _ 1,Distortion Guitar _ 1,121800,120
238.07834995833332,0.24193500000001222,53,125,Kurt Cobain -Dist Guitar-,Distortion Guitar _ 1,Distortion Guitar _ 1,121800,120
238.07834995833332,0.24193500000001222,58,125,Kurt Cobain -Dist Guitar-,Distortion Guitar _ 1,Distortion Guitar _ 1,121800,120
238.32028495833333,0.2419349999999838,46,125,Kurt Cobain -Dist Guitar-,Distortion Guitar _ 1,Distortion Guitar _ 1,121920,120
238.32028495833333,0.2419349999999838,53,125,Kurt Cobain -Dist Guitar-,Distortion Guitar _ 1,Distortion Guitar _ 1,121920,120
238.32028495833333,0.2419349999999838,58,125,Kurt Cobain -Dist Guitar-,Distortion Guitar _ 1,Distortion Guitar _ 1,121920,120
238.56221995833332,0.24193500000001222,41,125,Kurt Cobain -Dist Guitar-,Distortion Guitar _ 1,Distortion Guitar _ 1,122040,120
238.56221995833332,0.24193500000001222,48,125,Kurt Cobain -Dist Guitar-,Distortion Guitar _ 1,Distortion Guitar _ 1,122040,120
238.56221995833332,0.24193500000001222,53,125,Kurt Cobain -Dist Guitar-,Distortion Guitar _ 1,Distortion Guitar _ 1,122040,120
238.80415495833333,0.5114259375000074,44,125,Kurt Cobain -Dist Guitar-,Distortion Guitar _ 1,Distortion Guitar _ 1,122160,240
238.80415495833333,0.5114259375000074,51,125,Kurt Cobain -Dist Guitar-,Distortion Guitar _ 1,Distortion Guitar _ 1,122160,240
238.80415495833333,0.5114259375000074,56,125,Kurt Cobain -Dist Guitar-,Distortion Guitar _ 1,Distortion Guitar _ 1,122160,240
239.31558089583334,0.5454540000000065,44,125,Kurt Cobain -Dist Guitar-,Distortion Guitar _ 1,Distortion Guitar _ 1,122400,240
239.31558089583334,0.5454540000000065,51,125,Kurt Cobain -Dist Guitar-,Distortion Guitar _ 1,Distortion Guitar _ 1,122400,240
239.31558089583334,0.5454540000000065,56,125,Kurt Cobain -Dist Guitar-,Distortion Guitar _ 1,Distortion Guitar _ 1,122400,240
239.86103489583334,0.13636349999998743,44,125,Kurt Cobain -Dist Guitar-,Distortion Guitar _ 1,Distortion Guitar _ 1,122640,60
239.86103489583334,0.13636349999998743,51,125,Kurt Cobain -Dist Guitar-,Distortion Guitar _ 1,Distortion Guitar _ 1,122640,60
239.86103489583334,0.13636349999998743,56,125,Kurt Cobain -Dist Guitar-,Distortion Guitar _ 1,Distortion Guitar _ 1,122640,60
239.99739839583333,0.13636350000001585,44,125,Kurt Cobain -Dist Guitar-,Distortion Guitar _ 1,Distortion Guitar _ 1,122700,60
239.99739839583333,0.13636350000001585,51,125,Kurt Cobain -Dist Guitar-,Distortion Guitar _ 1,Distortion Guitar _ 1,122700,60
239.99739839583333,0.13636350000001585,56,125,Kurt Cobain -Dist Guitar-,Distortion Guitar _ 1,Distortion Guitar _ 1,122700,60
240.13376189583335,0.27272699999997485,49,125,Kurt Cobain -Dist Guitar-,Distortion Guitar _ 1,Distortion Guitar _ 1,122760,120
240.13376189583335,0.27272699999997485,56,125,Kurt Cobain -Dist Guitar-,Distortion Guitar _ 1,Distortion Guitar _ 1,122760,120
240.13376189583335,0.27272699999997485,61,125,Kurt Cobain -Dist Guitar-,Distortion Guitar _ 1,Distortion Guitar _ 1,122760,120
240.40648889583332,0.2727270000000033,49,125,Kurt Cobain -Dist Guitar-,Distortion Guitar _ 1,Distortion Guitar _ 1,122880,120
240.40648889583332,0.2727270000000033,56,125,Kurt Cobain -Dist Guitar-,Distortion Guitar _ 1,Distortion Guitar _ 1,122880,120
240.40648889583332,0.2727270000000033,61,125,Kurt Cobain -Dist Guitar-,Distortion Guitar _ 1,Distortion Guitar _ 1,122880,120
240.67921589583332,0.2727270000000033,44,125,Kurt Cobain -Dist Guitar-,Distortion Guitar _ 1,Distortion Guitar _ 1,123000,120
240.67921589583332,0.2727270000000033,51,125,Kurt Cobain -Dist Guitar-,Distortion Guitar _ 1,Distortion Guitar _ 1,123000,120
240.67921589583332,0.2727270000000033,56,125,Kurt Cobain -Dist Guitar-,Distortion Guitar _ 1,Distortion Guitar _ 1,123000,120
240.95194289583333,4.368177450000019,41,113,Kurt Cobain -Dist Guitar-,Distortion Guitar _ 1,Distortion Guitar _ 1,123120,1922
240.95194289583333,4.368177450000019,48,113,Kurt Cobain -Dist Guitar-,Distortion Guitar _ 1,Distortion Guitar _ 1,123120,1922
240.95194289583333,4.368177450000019,53,113,Kurt Cobain -Dist Guitar-,Distortion Guitar _ 1,Distortion Guitar _ 1,123120,1922
7.5,0.46875,41,125,Kurt Cobain -slap bass 2-,Slap Bass 2 _ 1,Slap Bass 2 _ 1,4080,240
7.5,0.46875,48,125,Kurt Cobain -slap bass 2-,Slap Bass 2 _ 1,Slap Bass 2 _ 1,4080,240
7.5,0.46875,53,125,Kurt Cobain -slap bass 2-,Slap Bass 2 _ 1,Slap Bass 2 _ 1,4080,240
7.96875,0.46875,41,125,Kurt Cobain -slap bass 2-,Slap Bass 2 _ 1,Slap Bass 2 _ 1,4320,240
7.96875,0.46875,48,125,Kurt Cobain -slap bass 2-,Slap Bass 2 _ 1,Slap Bass 2 _ 1,4320,240
7.96875,0.46875,53,125,Kurt Cobain -slap bass 2-,Slap Bass 2 _ 1,Slap Bass 2 _ 1,4320,240
8.4375,0.1171875,41,125,Kurt Cobain -slap bass 2-,Slap Bass 2 _ 1,Slap Bass 2 _ 1,4560,60
8.4375,0.1171875,48,125,Kurt Cobain -slap bass 2-,Slap Bass 2 _ 1,Slap Bass 2 _ 1,4560,60
8.4375,0.1171875,53,125,Kurt Cobain -slap bass 2-,Slap Bass 2 _ 1,Slap Bass 2 _ 1,4560,60
8.5546875,0.1171875,41,125,Kurt Cobain -slap bass 2-,Slap Bass 2 _ 1,Slap Bass 2 _ 1,4620,60
8.5546875,0.1171875,48,125,Kurt Cobain -slap bass 2-,Slap Bass 2 _ 1,Slap Bass 2 _ 1,4620,60
8.5546875,0.1171875,53,125,Kurt Cobain -slap bass 2-,Slap Bass 2 _ 1,Slap Bass 2 _ 1,4620,60
8.671875,0.234375,46,125,Kurt Cobain -slap bass 2-,Slap Bass 2 _ 1,Slap Bass 2 _ 1,4680,120
8.671875,0.234375,53,125,Kurt Cobain -slap bass 2-,Slap Bass 2 _ 1,Slap Bass 2 _ 1,4680,120
8.671875,0.234375,58,125,Kurt Cobain -slap bass 2-,Slap Bass 2 _ 1,Slap Bass 2 _ 1,4680,120
8.90625,0.234375,46,125,Kurt Cobain -slap bass 2-,Slap Bass 2 _ 1,Slap Bass 2 _ 1,4800,120
8.90625,0.234375,53,125,Kurt Cobain -slap bass 2-,Slap Bass 2 _ 1,Slap Bass 2 _ 1,4800,120
8.90625,0.234375,58,125,Kurt Cobain -slap bass 2-,Slap Bass 2 _ 1,Slap Bass 2 _ 1,4800,120
9.140625,0.234375,41,125,Kurt Cobain -slap bass 2-,Slap Bass 2 _ 1,Slap Bass 2 _ 1,4920,120
9.140625,0.234375,48,125,Kurt Cobain -slap bass 2-,Slap Bass 2 _ 1,Slap Bass 2 _ 1,4920,120
9.140625,0.234375,53,125,Kurt Cobain -slap bass 2-,Slap Bass 2 _ 1,Slap Bass 2 _ 1,4920,120
9.375,0.46875,44,125,Kurt Cobain -slap bass 2-,Slap Bass 2 _ 1,Slap Bass 2 _ 1,5040,240
9.375,0.46875,51,125,Kurt Cobain -slap bass 2-,Slap Bass 2 _ 1,Slap Bass 2 _ 1,5040,240
9.375,0.46875,56,125,Kurt Cobain -slap bass 2-,Slap Bass 2 _ 1,Slap Bass 2 _ 1,5040,240
9.84375,0.46875,44,125,Kurt Cobain -slap bass 2-,Slap Bass 2 _ 1,Slap Bass 2 _ 1,5280,240
9.84375,0.46875,51,125,Kurt Cobain -slap bass 2-,Slap Bass 2 _ 1,Slap Bass 2 _ 1,5280,240
9.84375,0.46875,56,125,Kurt Cobain -slap bass 2-,Slap Bass 2 _ 1,Slap Bass 2 _ 1,5280,240
10.3125,0.1171875,44,125,Kurt Cobain -slap bass 2-,Slap Bass 2 _ 1,Slap Bass 2 _ 1,5520,60
10.3125,0.1171875,51,125,Kurt Cobain -slap bass 2-,Slap Bass 2 _ 1,Slap Bass 2 _ 1,5520,60
10.3125,0.1171875,56,125,Kurt Cobain -slap bass 2-,Slap Bass 2 _ 1,Slap Bass 2 _ 1,5520,60
10.4296875,0.1171875,44,125,Kurt Cobain -slap bass 2-,Slap Bass 2 _ 1,Slap Bass 2 _ 1,5580,60
10.4296875,0.1171875,51,125,Kurt Cobain -slap bass 2-,Slap Bass 2 _ 1,Slap Bass 2 _ 1,5580,60
10.4296875,0.1171875,56,125,Kurt Cobain -slap bass 2-,Slap Bass 2 _ 1,Slap Bass 2 _ 1,5580,60
10.546875,0.234375,49,125,Kurt Cobain -slap bass 2-,Slap Bass 2 _ 1,Slap Bass 2 _ 1,5640,120
10.546875,0.234375,56,125,Kurt Cobain -slap bass 2-,Slap Bass 2 _ 1,Slap Bass 2 _ 1,5640,120
10.546875,0.234375,61,125,Kurt Cobain -slap bass 2-,Slap Bass 2 _ 1,Slap Bass 2 _ 1,5640,120
10.78125,0.234375,49,125,Kurt Cobain -slap bass 2-,Slap Bass 2 _ 1,Slap Bass 2 _ 1,5760,120
10.78125,0.234375,56,125,Kurt Cobain -slap bass 2-,Slap Bass 2 _ 1,Slap Bass 2 _ 1,5760,120
10.78125,0.234375,61,125,Kurt Cobain -slap bass 2-,Slap Bass 2 _ 1,Slap Bass 2 _ 1,5760,120
11.015625,0.234375,44,125,Kurt Cobain -slap bass 2-,Slap Bass 2 _ 1,Slap Bass 2 _ 1,5880,120
11.015625,0.234375,51,125,Kurt Cobain -slap bass 2-,Slap Bass 2 _ 1,Slap Bass 2 _ 1,5880,120
11.015625,0.234375,56,125,Kurt Cobain -slap bass 2-,Slap Bass 2 _ 1,Slap Bass 2 _ 1,5880,120
11.25,0.46875,41,125,Kurt Cobain -slap bass 2-,Slap Bass 2 _ 1,Slap Bass 2 _ 1,6000,240
11.25,0.46875,48,125,Kurt Cobain -slap bass 2-,Slap Bass 2 _ 1,Slap Bass 2 _ 1,6000,240
11.25,0.46875,53,125,Kurt Cobain -slap bass 2-,Slap Bass 2 _ 1,Slap Bass 2 _ 1,6000,240
11.71875,0.46875,41,125,Kurt Cobain -slap bass 2-,Slap Bass 2 _ 1,Slap Bass 2 _ 1,6240,240
11.71875,0.46875,48,125,Kurt Cobain -slap bass 2-,Slap Bass 2 _ 1,Slap Bass 2 _ 1,6240,240
11.71875,0.46875,53,125,Kurt Cobain -slap bass 2-,Slap Bass 2 _ 1,Slap Bass 2 _ 1,6240,240
12.1875,0.1171875,41,125,Kurt Cobain -slap bass 2-,Slap Bass 2 _ 1,Slap Bass 2 _ 1,6480,60
12.1875,0.1171875,48,125,Kurt Cobain -slap bass 2-,Slap Bass 2 _ 1,Slap Bass 2 _ 1,6480,60
12.1875,0.1171875,53,125,Kurt Cobain -slap bass 2-,Slap Bass 2 _ 1,Slap Bass 2 _ 1,6480,60
12.3046875,0.1171875,41,125,Kurt Cobain -slap bass 2-,Slap Bass 2 _ 1,Slap Bass 2 _ 1,6540,60
12.3046875,0.1171875,48,125,Kurt Cobain -slap bass 2-,Slap Bass 2 _ 1,Slap Bass 2 _ 1,6540,60
12.3046875,0.1171875,53,125,Kurt Cobain -slap bass 2-,Slap Bass 2 _ 1,Slap Bass 2 _ 1,6540,60
12.421875,0.234375,46,125,Kurt Cobain -slap bass 2-,Slap Bass 2 _ 1,Slap Bass 2 _ 1,6600,120
12.421875,0.234375,53,125,Kurt Cobain -slap bass 2-,Slap Bass 2 _ 1,Slap Bass 2 _ 1,6600,120
12.421875,0.234375,58,125,Kurt Cobain -slap bass 2-,Slap Bass 2 _ 1,Slap Bass 2 _ 1,6600,120
12.65625,0.234375,46,125,Kurt Cobain -slap bass 2-,Slap Bass 2 _ 1,Slap Bass 2 _ 1,6720,120
12.65625,0.234375,53,125,Kurt Cobain -slap bass 2-,Slap Bass 2 _ 1,Slap Bass 2 _ 1,6720,120
12.65625,0.234375,58,125,Kurt Cobain -slap bass 2-,Slap Bass 2 _ 1,Slap Bass 2 _ 1,6720,120
12.890625,0.234375,41,125,Kurt Cobain -slap bass 2-,Slap Bass 2 _ 1,Slap Bass 2 _ 1,6840,120
12.890625,0.234375,48,125,Kurt Cobain -slap bass 2-,Slap Bass 2 _ 1,Slap Bass 2 _ 1,6840,120
12.890625,0.234375,53,125,Kurt Cobain -slap bass 2-,Slap Bass 2 _ 1,Slap Bass 2 _ 1,6840,120
13.125,0.46875,44,125,Kurt Cobain -slap bass 2-,Slap Bass 2 _ 1,Slap Bass 2 _ 1,6960,240
13.125,0.46875,51,125,Kurt Cobain -slap bass 2-,Slap Bass 2 _ 1,Slap Bass 2 _ 1,6960,240
13.125,0.46875,56,125,Kurt Cobain -slap bass 2-,Slap Bass 2 _ 1,Slap Bass 2 _ 1,6960,240
13.59375,0.46875,44,125,Kurt Cobain -slap bass 2-,Slap Bass 2 _ 1,Slap Bass 2 _ 1,7200,240
13.59375,0.46875,51,125,Kurt Cobain -slap bass 2-,Slap Bass 2 _ 1,Slap Bass 2 _ 1,7200,240
13.59375,0.46875,56,125,Kurt Cobain -slap bass 2-,Slap Bass 2 _ 1,Slap Bass 2 _ 1,7200,240
14.0625,0.1171875,44,125,Kurt Cobain -slap bass 2-,Slap Bass 2 _ 1,Slap Bass 2 _ 1,7440,60
14.0625,0.1171875,51,125,Kurt Cobain -slap bass 2-,Slap Bass 2 _ 1,Slap Bass 2 _ 1,7440,60
14.0625,0.1171875,56,125,Kurt Cobain -slap bass 2-,Slap Bass 2 _ 1,Slap Bass 2 _ 1,7440,60
14.1796875,0.1171875,44,125,Kurt Cobain -slap bass 2-,Slap Bass 2 _ 1,Slap Bass 2 _ 1,7500,60
14.1796875,0.1171875,51,125,Kurt Cobain -slap bass 2-,Slap Bass 2 _ 1,Slap Bass 2 _ 1,7500,60
14.1796875,0.1171875,56,125,Kurt Cobain -slap bass 2-,Slap Bass 2 _ 1,Slap Bass 2 _ 1,7500,60
14.296875,0.234375,49,125,Kurt Cobain -slap bass 2-,Slap Bass 2 _ 1,Slap Bass 2 _ 1,7560,120
14.296875,0.234375,56,125,Kurt Cobain -slap bass 2-,Slap Bass 2 _ 1,Slap Bass 2 _ 1,7560,120
14.296875,0.234375,61,125,Kurt Cobain -slap bass 2-,Slap Bass 2 _ 1,Slap Bass 2 _ 1,7560,120
14.53125,0.234375,49,125,Kurt Cobain -slap bass 2-,Slap Bass 2 _ 1,Slap Bass 2 _ 1,7680,120
14.53125,0.234375,56,125,Kurt Cobain -slap bass 2-,Slap Bass 2 _ 1,Slap Bass 2 _ 1,7680,120
14.53125,0.234375,61,125,Kurt Cobain -slap bass 2-,Slap Bass 2 _ 1,Slap Bass 2 _ 1,7680,120
14.765625,0.234375,44,125,Kurt Cobain -slap bass 2-,Slap Bass 2 _ 1,Slap Bass 2 _ 1,7800,120
14.765625,0.234375,51,125,Kurt Cobain -slap bass 2-,Slap Bass 2 _ 1,Slap Bass 2 _ 1,7800,120
14.765625,0.234375,56,125,Kurt Cobain -slap bass 2-,Slap Bass 2 _ 1,Slap Bass 2 _ 1,7800,120
15.0,0.46875,41,125,Kurt Cobain -slap bass 2-,Slap Bass 2 _ 1,Slap Bass 2 _ 1,7920,240
15.0,0.46875,48,125,Kurt Cobain -slap bass 2-,Slap Bass 2 _ 1,Slap Bass 2 _ 1,7920,240
15.0,0.46875,53,125,Kurt Cobain -slap bass 2-,Slap Bass 2 _ 1,Slap Bass 2 _ 1,7920,240
15.46875,0.46875,41,125,Kurt Cobain -slap bass 2-,Slap Bass 2 _ 1,Slap Bass 2 _ 1,8160,240
15.46875,0.46875,48,125,Kurt Cobain -slap bass 2-,Slap Bass 2 _ 1,Slap Bass 2 _ 1,8160,240
15.46875,0.46875,53,125,Kurt Cobain -slap bass 2-,Slap Bass 2 _ 1,Slap Bass 2 _ 1,8160,240
15.9375,0.1171875,41,125,Kurt Cobain -slap bass 2-,Slap Bass 2 _ 1,Slap Bass 2 _ 1,8400,60
15.9375,0.1171875,48,125,Kurt Cobain -slap bass 2-,Slap Bass 2 _ 1,Slap Bass 2 _ 1,8400,60
15.9375,0.1171875,53,125,Kurt Cobain -slap bass 2-,Slap Bass 2 _ 1,Slap Bass 2 _ 1,8400,60
16.0546875,0.1171875,41,125,Kurt Cobain -slap bass 2-,Slap Bass 2 _ 1,Slap Bass 2 _ 1,8460,60
16.0546875,0.1171875,48,125,Kurt Cobain -slap bass 2-,Slap Bass 2 _ 1,Slap Bass 2 _ 1,8460,60
16.0546875,0.1171875,53,125,Kurt Cobain -slap bass 2-,Slap Bass 2 _ 1,Slap Bass 2 _ 1,8460,60
16.171875,0.234375,46,125,Kurt Cobain -slap bass 2-,Slap Bass 2 _ 1,Slap Bass 2 _ 1,8520,120
16.171875,0.234375,53,125,Kurt Cobain -slap bass 2-,Slap Bass 2 _ 1,Slap Bass 2 _ 1,8520,120
16.171875,0.234375,58,125,Kurt Cobain -slap bass 2-,Slap Bass 2 _ 1,Slap Bass 2 _ 1,8520,120
16.40625,0.234375,46,125,Kurt Cobain -slap bass 2-,Slap Bass 2 _ 1,Slap Bass 2 _ 1,8640,120
16.40625,0.234375,53,125,Kurt Cobain -slap bass 2-,Slap Bass 2 _ 1,Slap Bass 2 _ 1,8640,120
16.40625,0.234375,58,125,Kurt Cobain -slap bass 2-,Slap Bass 2 _ 1,Slap Bass 2 _ 1,8640,120
16.640625,0.234375,41,125,Kurt Cobain -slap bass 2-,Slap Bass 2 _ 1,Slap Bass 2 _ 1,8760,120
16.640625,0.234375,48,125,Kurt Cobain -slap bass 2-,Slap Bass 2 _ 1,Slap Bass 2 _ 1,8760,120
16.640625,0.234375,53,125,Kurt Cobain -slap bass 2-,Slap Bass 2 _ 1,Slap Bass 2 _ 1,8760,120
16.875,0.46875,44,125,Kurt Cobain -slap bass 2-,Slap Bass 2 _ 1,Slap Bass 2 _ 1,8880,240
16.875,0.46875,51,125,Kurt Cobain -slap bass 2-,Slap Bass 2 _ 1,Slap Bass 2 _ 1,8880,240
16.875,0.46875,56,125,Kurt Cobain -slap bass 2-,Slap Bass 2 _ 1,Slap Bass 2 _ 1,8880,240
17.34375,0.46875,44,125,Kurt Cobain -slap bass 2-,Slap Bass 2 _ 1,Slap Bass 2 _ 1,9120,240
17.34375,0.46875,51,125,Kurt Cobain -slap bass 2-,Slap Bass 2 _ 1,Slap Bass 2 _ 1,9120,240
17.34375,0.46875,56,125,Kurt Cobain -slap bass 2-,Slap Bass 2 _ 1,Slap Bass 2 _ 1,9120,240
17.8125,0.1171875,44,125,Kurt Cobain -slap bass 2-,Slap Bass 2 _ 1,Slap Bass 2 _ 1,9360,60
17.8125,0.1171875,51,125,Kurt Cobain -slap bass 2-,Slap Bass 2 _ 1,Slap Bass 2 _ 1,9360,60
17.8125,0.1171875,56,125,Kurt Cobain -slap bass 2-,Slap Bass 2 _ 1,Slap Bass 2 _ 1,9360,60
17.9296875,0.1171875,44,125,Kurt Cobain -slap bass 2-,Slap Bass 2 _ 1,Slap Bass 2 _ 1,9420,60
17.9296875,0.1171875,51,125,Kurt Cobain -slap bass 2-,Slap Bass 2 _ 1,Slap Bass 2 _ 1,9420,60
17.9296875,0.1171875,56,125,Kurt Cobain -slap bass 2-,Slap Bass 2 _ 1,Slap Bass 2 _ 1,9420,60
18.046875,0.234375,49,125,Kurt Cobain -slap bass 2-,Slap Bass 2 _ 1,Slap Bass 2 _ 1,9480,120
18.046875,0.234375,56,125,Kurt Cobain -slap bass 2-,Slap Bass 2 _ 1,Slap Bass 2 _ 1,9480,120
18.046875,0.234375,61,125,Kurt Cobain -slap bass 2-,Slap Bass 2 _ 1,Slap Bass 2 _ 1,9480,120
18.28125,0.234375,49,125,Kurt Cobain -slap bass 2-,Slap Bass 2 _ 1,Slap Bass 2 _ 1,9600,120
18.28125,0.234375,56,125,Kurt Cobain -slap bass 2-,Slap Bass 2 _ 1,Slap Bass 2 _ 1,9600,120
18.28125,0.234375,61,125,Kurt Cobain -slap bass 2-,Slap Bass 2 _ 1,Slap Bass 2 _ 1,9600,120
18.515625,0.234375,44,125,Kurt Cobain -slap bass 2-,Slap Bass 2 _ 1,Slap Bass 2 _ 1,9720,120
18.515625,0.234375,51,125,Kurt Cobain -slap bass 2-,Slap Bass 2 _ 1,Slap Bass 2 _ 1,9720,120
18.515625,0.234375,56,125,Kurt Cobain -slap bass 2-,Slap Bass 2 _ 1,Slap Bass 2 _ 1,9720,120
18.75,0.46875,41,125,Kurt Cobain -slap bass 2-,Slap Bass 2 _ 1,Slap Bass 2 _ 1,9840,240
18.75,0.46875,48,125,Kurt Cobain -slap bass 2-,Slap Bass 2 _ 1,Slap Bass 2 _ 1,9840,240
18.75,0.46875,53,125,Kurt Cobain -slap bass 2-,Slap Bass 2 _ 1,Slap Bass 2 _ 1,9840,240
19.21875,0.46875,41,125,Kurt Cobain -slap bass 2-,Slap Bass 2 _ 1,Slap Bass 2 _ 1,10080,240
19.21875,0.46875,48,125,Kurt Cobain -slap bass 2-,Slap Bass 2 _ 1,Slap Bass 2 _ 1,10080,240
19.21875,0.46875,53,125,Kurt Cobain -slap bass 2-,Slap Bass 2 _ 1,Slap Bass 2 _ 1,10080,240
19.6875,0.1171875,41,125,Kurt Cobain -slap bass 2-,Slap Bass 2 _ 1,Slap Bass 2 _ 1,10320,60
19.6875,0.1171875,48,125,Kurt Cobain -slap bass 2-,Slap Bass 2 _ 1,Slap Bass 2 _ 1,10320,60
19.6875,0.1171875,53,125,Kurt Cobain -slap bass 2-,Slap Bass 2 _ 1,Slap Bass 2 _ 1,10320,60
19.8046875,0.1171875,41,125,Kurt Cobain -slap bass 2-,Slap Bass 2 _ 1,Slap Bass 2 _ 1,10380,60
19.8046875,0.1171875,48,125,Kurt Cobain -slap bass 2-,Slap Bass 2 _ 1,Slap Bass 2 _ 1,10380,60
19.8046875,0.1171875,53,125,Kurt Cobain -slap bass 2-,Slap Bass 2 _ 1,Slap Bass 2 _ 1,10380,60
19.921875,0.234375,46,125,Kurt Cobain -slap bass 2-,Slap Bass 2 _ 1,Slap Bass 2 _ 1,10440,120
19.921875,0.234375,53,125,Kurt Cobain -slap bass 2-,Slap Bass 2 _ 1,Slap Bass 2 _ 1,10440,120
19.921875,0.234375,58,125,Kurt Cobain -slap bass 2-,Slap Bass 2 _ 1,Slap Bass 2 _ 1,10440,120
20.15625,0.234375,46,125,Kurt Cobain -slap bass 2-,Slap Bass 2 _ 1,Slap Bass 2 _ 1,10560,120
20.15625,0.234375,53,125,Kurt Cobain -slap bass 2-,Slap Bass 2 _ 1,Slap Bass 2 _ 1,10560,120
20.15625,0.234375,58,125,Kurt Cobain -slap bass 2-,Slap Bass 2 _ 1,Slap Bass 2 _ 1,10560,120
20.390625,0.234375,41,125,Kurt Cobain -slap bass 2-,Slap Bass 2 _ 1,Slap Bass 2 _ 1,10680,120
20.390625,0.234375,48,125,Kurt Cobain -slap bass 2-,Slap Bass 2 _ 1,Slap Bass 2 _ 1,10680,120
20.390625,0.234375,53,125,Kurt Cobain -slap bass 2-,Slap Bass 2 _ 1,Slap Bass 2 _ 1,10680,120
20.625,0.46875,44,125,Kurt Cobain -slap bass 2-,Slap Bass 2 _ 1,Slap Bass 2 _ 1,10800,240
20.625,0.46875,51,125,Kurt Cobain -slap bass 2-,Slap Bass 2 _ 1,Slap Bass 2 _ 1,10800,240
20.625,0.46875,56,125,Kurt Cobain -slap bass 2-,Slap Bass 2 _ 1,Slap Bass 2 _ 1,10800,240
21.09375,0.46875,44,125,Kurt Cobain -slap bass 2-,Slap Bass 2 _ 1,Slap Bass 2 _ 1,11040,240
21.09375,0.46875,51,125,Kurt Cobain -slap bass 2-,Slap Bass 2 _ 1,Slap Bass 2 _ 1,11040,240
21.09375,0.46875,56,125,Kurt Cobain -slap bass 2-,Slap Bass 2 _ 1,Slap Bass 2 _ 1,11040,240
21.5625,0.1171875,44,125,Kurt Cobain -slap bass 2-,Slap Bass 2 _ 1,Slap Bass 2 _ 1,11280,60
21.5625,0.1171875,51,125,Kurt Cobain -slap bass 2-,Slap Bass 2 _ 1,Slap Bass 2 _ 1,11280,60
21.5625,0.1171875,56,125,Kurt Cobain -slap bass 2-,Slap Bass 2 _ 1,Slap Bass 2 _ 1,11280,60
21.6796875,0.1171875,44,125,Kurt Cobain -slap bass 2-,Slap Bass 2 _ 1,Slap Bass 2 _ 1,11340,60
21.6796875,0.1171875,51,125,Kurt Cobain -slap bass 2-,Slap Bass 2 _ 1,Slap Bass 2 _ 1,11340,60
21.6796875,0.1171875,56,125,Kurt Cobain -slap bass 2-,Slap Bass 2 _ 1,Slap Bass 2 _ 1,11340,60
21.796875,0.234375,49,125,Kurt Cobain -slap bass 2-,Slap Bass 2 _ 1,Slap Bass 2 _ 1,11400,120
21.796875,0.234375,56,125,Kurt Cobain -slap bass 2-,Slap Bass 2 _ 1,Slap Bass 2 _ 1,11400,120
21.796875,0.234375,61,125,Kurt Cobain -slap bass 2-,Slap Bass 2 _ 1,Slap Bass 2 _ 1,11400,120
22.03125,0.1171875,49,125,Kurt Cobain -slap bass 2-,Slap Bass 2 _ 1,Slap Bass 2 _ 1,11520,60
22.03125,0.1171875,56,125,Kurt Cobain -slap bass 2-,Slap Bass 2 _ 1,Slap Bass 2 _ 1,11520,60
22.03125,0.1171875,61,125,Kurt Cobain -slap bass 2-,Slap Bass 2 _ 1,Slap Bass 2 _ 1,11520,60
22.1484375,0.234375,49,125,Kurt Cobain -slap bass 2-,Slap Bass 2 _ 1,Slap Bass 2 _ 1,11580,120
22.1484375,0.234375,56,125,Kurt Cobain -slap bass 2-,Slap Bass 2 _ 1,Slap Bass 2 _ 1,11580,120
22.1484375,0.234375,61,125,Kurt Cobain -slap bass 2-,Slap Bass 2 _ 1,Slap Bass 2 _ 1,11580,120
45.0,0.46875,60,127,Kurt Cobain -slap bass 2-,Slap Bass 2 _ 1,Slap Bass 2 _ 1,23280,240
45.46875,0.46875,65,127,Kurt Cobain -slap bass 2-,Slap Bass 2 _ 1,Slap Bass 2 _ 1,23520,240
45.9375,0.46875,60,127,Kurt Cobain -slap bass 2-,Slap Bass 2 _ 1,Slap Bass 2 _ 1,23760,240
46.40625,0.46875,65,127,Kurt Cobain -slap bass 2-,Slap Bass 2 _ 1,Slap Bass 2 _ 1,24000,240
46.875,0.46875,60,127,Kurt Cobain -slap bass 2-,Slap Bass 2 _ 1,Slap Bass 2 _ 1,24240,240
47.34375,0.46875,65,127,Kurt Cobain -slap bass 2-,Slap Bass 2 _ 1,Slap Bass 2 _ 1,24480,240
47.8125,0.46875,60,127,Kurt Cobain -slap bass 2-,Slap Bass 2 _ 1,Slap Bass 2 _ 1,24720,240
48.28125,0.46875,65,127,Kurt Cobain -slap bass 2-,Slap Bass 2 _ 1,Slap Bass 2 _ 1,24960,240
48.75,0.46875,60,127,Kurt Cobain -slap bass 2-,Slap Bass 2 _ 1,Slap Bass 2 _ 1,25200,240
49.21875,0.46875,65,127,Kurt Cobain -slap bass 2-,Slap Bass 2 _ 1,Slap Bass 2 _ 1,25440,240
49.6875,0.46875,60,127,Kurt Cobain -slap bass 2-,Slap Bass 2 _ 1,Slap Bass 2 _ 1,25680,240
50.15625,0.46875,65,127,Kurt Cobain -slap bass 2-,Slap Bass 2 _ 1,Slap Bass 2 _ 1,25920,240
50.625,0.46875,60,127,Kurt Cobain -slap bass 2-,Slap Bass 2 _ 1,Slap Bass 2 _ 1,26160,240
51.09375,0.46875,65,127,Kurt Cobain -slap bass 2-,Slap Bass 2 _ 1,Slap Bass 2 _ 1,26400,240
51.5625,0.46875,60,127,Kurt Cobain -slap bass 2-,Slap Bass 2 _ 1,Slap Bass 2 _ 1,26640,240
52.03125,0.46875,65,127,Kurt Cobain -slap bass 2-,Slap Bass 2 _ 1,Slap Bass 2 _ 1,26880,240
52.5,0.46875,60,127,Kurt Cobain -slap bass 2-,Slap Bass 2 _ 1,Slap Bass 2 _ 1,27120,240
52.96875,0.46875,65,127,Kurt Cobain -slap bass 2-,Slap Bass 2 _ 1,Slap Bass 2 _ 1,27360,240
53.4375,0.46875,60,127,Kurt Cobain -slap bass 2-,Slap Bass 2 _ 1,Slap Bass 2 _ 1,27600,240
53.90625,0.46875,65,127,Kurt Cobain -slap bass 2-,Slap Bass 2 _ 1,Slap Bass 2 _ 1,27840,240
54.375,0.46875,60,127,Kurt Cobain -slap bass 2-,Slap Bass 2 _ 1,Slap Bass 2 _ 1,28080,240
54.84375,0.46875,65,127,Kurt Cobain -slap bass 2-,Slap Bass 2 _ 1,Slap Bass 2 _ 1,28320,240
55.3125,0.46875,60,127,Kurt Cobain -slap bass 2-,Slap Bass 2 _ 1,Slap Bass 2 _ 1,28560,240
55.78125,0.46875,65,127,Kurt Cobain -slap bass 2-,Slap Bass 2 _ 1,Slap Bass 2 _ 1,28800,240
56.25,0.46875,60,127,Kurt Cobain -slap bass 2-,Slap Bass 2 _ 1,Slap Bass 2 _ 1,29040,240
56.71875,0.46875,65,127,Kurt Cobain -slap bass 2-,Slap Bass 2 _ 1,Slap Bass 2 _ 1,29280,240
57.1875,0.46875,60,127,Kurt Cobain -slap bass 2-,Slap Bass 2 _ 1,Slap Bass 2 _ 1,29520,240
57.65625,0.46875,65,127,Kurt Cobain -slap bass 2-,Slap Bass 2 _ 1,Slap Bass 2 _ 1,29760,240
58.125,0.46875,60,127,Kurt Cobain -slap bass 2-,Slap Bass 2 _ 1,Slap Bass 2 _ 1,30000,240
58.59375,0.46875,65,127,Kurt Cobain -slap bass 2-,Slap Bass 2 _ 1,Slap Bass 2 _ 1,30240,240
59.0625,0.46875,60,127,Kurt Cobain -slap bass 2-,Slap Bass 2 _ 1,Slap Bass 2 _ 1,30480,240
59.53125,0.46875,45,117,Kurt Cobain -slap bass 2-,Slap Bass 2 _ 1,Slap Bass 2 _ 1,30720,240
59.53125,0.46875,40,117,Kurt Cobain -slap bass 2-,Slap Bass 2 _ 1,Slap Bass 2 _ 1,30720,240
59.53125,0.46875,33,117,Kurt Cobain -slap bass 2-,Slap Bass 2 _ 1,Slap Bass 2 _ 1,30720,240
60.0,0.46875,41,117,Kurt Cobain -slap bass 2-,Slap Bass 2 _ 1,Slap Bass 2 _ 1,30960,240
60.0,0.46875,48,117,Kurt Cobain -slap bass 2-,Slap Bass 2 _ 1,Slap Bass 2 _ 1,30960,240
60.0,0.46875,53,117,Kurt Cobain -slap bass 2-,Slap Bass 2 _ 1,Slap Bass 2 _ 1,30960,240
60.46875,0.46875,41,117,Kurt Cobain -slap bass 2-,Slap Bass 2 _ 1,Slap Bass 2 _ 1,31200,240
60.46875,0.46875,48,117,Kurt Cobain -slap bass 2-,Slap Bass 2 _ 1,Slap Bass 2 _ 1,31200,240
60.46875,0.46875,53,117,Kurt Cobain -slap bass 2-,Slap Bass 2 _ 1,Slap Bass 2 _ 1,31200,240
60.9375,0.1171875,41,117,Kurt Cobain -slap bass 2-,Slap Bass 2 _ 1,Slap Bass 2 _ 1,31440,60
60.9375,0.1171875,48,117,Kurt Cobain -slap bass 2-,Slap Bass 2 _ 1,Slap Bass 2 _ 1,31440,60
60.9375,0.1171875,53,117,Kurt Cobain -slap bass 2-,Slap Bass 2 _ 1,Slap Bass 2 _ 1,31440,60
61.0546875,0.1171875,41,117,Kurt Cobain -slap bass 2-,Slap Bass 2 _ 1,Slap Bass 2 _ 1,31500,60
61.0546875,0.1171875,48,117,Kurt Cobain -slap bass 2-,Slap Bass 2 _ 1,Slap Bass 2 _ 1,31500,60
61.0546875,0.1171875,53,117,Kurt Cobain -slap bass 2-,Slap Bass 2 _ 1,Slap Bass 2 _ 1,31500,60
61.171875,0.234375,46,117,Kurt Cobain -slap bass 2-,Slap Bass 2 _ 1,Slap Bass 2 _ 1,31560,120
61.171875,0.234375,53,117,Kurt Cobain -slap bass 2-,Slap Bass 2 _ 1,Slap Bass 2 _ 1,31560,120
61.171875,0.234375,58,117,Kurt Cobain -slap bass 2-,Slap Bass 2 _ 1,Slap Bass 2 _ 1,31560,120
61.40625,0.234375,46,117,Kurt Cobain -slap bass 2-,Slap Bass 2 _ 1,Slap Bass 2 _ 1,31680,120
61.40625,0.234375,53,117,Kurt Cobain -slap bass 2-,Slap Bass 2 _ 1,Slap Bass 2 _ 1,31680,120
61.40625,0.234375,58,117,Kurt Cobain -slap bass 2-,Slap Bass 2 _ 1,Slap Bass 2 _ 1,31680,120
61.640625,0.234375,41,117,Kurt Cobain -slap bass 2-,Slap Bass 2 _ 1,Slap Bass 2 _ 1,31800,120
61.640625,0.234375,48,117,Kurt Cobain -slap bass 2-,Slap Bass 2 _ 1,Slap Bass 2 _ 1,31800,120
61.640625,0.234375,53,117,Kurt Cobain -slap bass 2-,Slap Bass 2 _ 1,Slap Bass 2 _ 1,31800,120
61.875,0.46875,44,117,Kurt Cobain -slap bass 2-,Slap Bass 2 _ 1,Slap Bass 2 _ 1,31920,240
61.875,0.46875,51,117,Kurt Cobain -slap bass 2-,Slap Bass 2 _ 1,Slap Bass 2 _ 1,31920,240
61.875,0.46875,56,117,Kurt Cobain -slap bass 2-,Slap Bass 2 _ 1,Slap Bass 2 _ 1,31920,240
62.34375,0.46875,44,117,Kurt Cobain -slap bass 2-,Slap Bass 2 _ 1,Slap Bass 2 _ 1,32160,240
62.34375,0.46875,51,117,Kurt Cobain -slap bass 2-,Slap Bass 2 _ 1,Slap Bass 2 _ 1,32160,240
62.34375,0.46875,56,117,Kurt Cobain -slap bass 2-,Slap Bass 2 _ 1,Slap Bass 2 _ 1,32160,240
62.8125,0.1171875,44,117,Kurt Cobain -slap bass 2-,Slap Bass 2 _ 1,Slap Bass 2 _ 1,32400,60
62.8125,0.1171875,51,117,Kurt Cobain -slap bass 2-,Slap Bass 2 _ 1,Slap Bass 2 _ 1,32400,60
62.8125,0.1171875,56,117,Kurt Cobain -slap bass 2-,Slap Bass 2 _ 1,Slap Bass 2 _ 1,32400,60
62.9296875,0.1171875,44,117,Kurt Cobain -slap bass 2-,Slap Bass 2 _ 1,Slap Bass 2 _ 1,32460,60
62.9296875,0.1171875,51,117,Kurt Cobain -slap bass 2-,Slap Bass 2 _ 1,Slap Bass 2 _ 1,32460,60
62.9296875,0.1171875,56,117,Kurt Cobain -slap bass 2-,Slap Bass 2 _ 1,Slap Bass 2 _ 1,32460,60
63.046875,0.234375,49,117,Kurt Cobain -slap bass 2-,Slap Bass 2 _ 1,Slap Bass 2 _ 1,32520,120
63.046875,0.234375,56,117,Kurt Cobain -slap bass 2-,Slap Bass 2 _ 1,Slap Bass 2 _ 1,32520,120
63.046875,0.234375,61,117,Kurt Cobain -slap bass 2-,Slap Bass 2 _ 1,Slap Bass 2 _ 1,32520,120
63.28125,0.234375,49,117,Kurt Cobain -slap bass 2-,Slap Bass 2 _ 1,Slap Bass 2 _ 1,32640,120
63.28125,0.234375,56,117,Kurt Cobain -slap bass 2-,Slap Bass 2 _ 1,Slap Bass 2 _ 1,32640,120
63.28125,0.234375,61,117,Kurt Cobain -slap bass 2-,Slap Bass 2 _ 1,Slap Bass 2 _ 1,32640,120
63.515625,0.234375,44,117,Kurt Cobain -slap bass 2-,Slap Bass 2 _ 1,Slap Bass 2 _ 1,32760,120
63.515625,0.234375,51,117,Kurt Cobain -slap bass 2-,Slap Bass 2 _ 1,Slap Bass 2 _ 1,32760,120
63.515625,0.234375,56,117,Kurt Cobain -slap bass 2-,Slap Bass 2 _ 1,Slap Bass 2 _ 1,32760,120
63.75,0.46875,41,117,Kurt Cobain -slap bass 2-,Slap Bass 2 _ 1,Slap Bass 2 _ 1,32880,240
63.75,0.46875,48,117,Kurt Cobain -slap bass 2-,Slap Bass 2 _ 1,Slap Bass 2 _ 1,32880,240
63.75,0.46875,53,117,Kurt Cobain -slap bass 2-,Slap Bass 2 _ 1,Slap Bass 2 _ 1,32880,240
64.21875,0.46875,41,117,Kurt Cobain -slap bass 2-,Slap Bass 2 _ 1,Slap Bass 2 _ 1,33120,240
64.21875,0.46875,48,117,Kurt Cobain -slap bass 2-,Slap Bass 2 _ 1,Slap Bass 2 _ 1,33120,240
64.21875,0.46875,53,117,Kurt Cobain -slap bass 2-,Slap Bass 2 _ 1,Slap Bass 2 _ 1,33120,240
64.6875,0.1171875,41,117,Kurt Cobain -slap bass 2-,Slap Bass 2 _ 1,Slap Bass 2 _ 1,33360,60
64.6875,0.1171875,48,117,Kurt Cobain -slap bass 2-,Slap Bass 2 _ 1,Slap Bass 2 _ 1,33360,60
64.6875,0.1171875,53,117,Kurt Cobain -slap bass 2-,Slap Bass 2 _ 1,Slap Bass 2 _ 1,33360,60
64.8046875,0.1171875,41,117,Kurt Cobain -slap bass 2-,Slap Bass 2 _ 1,Slap Bass 2 _ 1,33420,60
64.8046875,0.1171875,48,117,Kurt Cobain -slap bass 2-,Slap Bass 2 _ 1,Slap Bass 2 _ 1,33420,60
64.8046875,0.1171875,53,117,Kurt Cobain -slap bass 2-,Slap Bass 2 _ 1,Slap Bass 2 _ 1,33420,60
64.921875,0.234375,46,117,Kurt Cobain -slap bass 2-,Slap Bass 2 _ 1,Slap Bass 2 _ 1,33480,120
64.921875,0.234375,53,117,Kurt Cobain -slap bass 2-,Slap Bass 2 _ 1,Slap Bass 2 _ 1,33480,120
64.921875,0.234375,58,117,Kurt Cobain -slap bass 2-,Slap Bass 2 _ 1,Slap Bass 2 _ 1,33480,120
65.15625,0.234375,46,117,Kurt Cobain -slap bass 2-,Slap Bass 2 _ 1,Slap Bass 2 _ 1,33600,120
65.15625,0.234375,53,117,Kurt Cobain -slap bass 2-,Slap Bass 2 _ 1,Slap Bass 2 _ 1,33600,120
65.15625,0.234375,58,117,Kurt Cobain -slap bass 2-,Slap Bass 2 _ 1,Slap Bass 2 _ 1,33600,120
65.390625,0.234375,41,117,Kurt Cobain -slap bass 2-,Slap Bass 2 _ 1,Slap Bass 2 _ 1,33720,120
65.390625,0.234375,48,117,Kurt Cobain -slap bass 2-,Slap Bass 2 _ 1,Slap Bass 2 _ 1,33720,120
65.390625,0.234375,53,117,Kurt Cobain -slap bass 2-,Slap Bass 2 _ 1,Slap Bass 2 _ 1,33720,120
65.625,0.46875,44,117,Kurt Cobain -slap bass 2-,Slap Bass 2 _ 1,Slap Bass 2 _ 1,33840,240
65.625,0.46875,51,117,Kurt Cobain -slap bass 2-,Slap Bass 2 _ 1,Slap Bass 2 _ 1,33840,240
65.625,0.46875,56,117,Kurt Cobain -slap bass 2-,Slap Bass 2 _ 1,Slap Bass 2 _ 1,33840,240
66.09375,0.46875,44,117,Kurt Cobain -slap bass 2-,Slap Bass 2 _ 1,Slap Bass 2 _ 1,34080,240
66.09375,0.46875,51,117,Kurt Cobain -slap bass 2-,Slap Bass 2 _ 1,Slap Bass 2 _ 1,34080,240
66.09375,0.46875,56,117,Kurt Cobain -slap bass 2-,Slap Bass 2 _ 1,Slap Bass 2 _ 1,34080,240
66.5625,0.1171875,44,117,Kurt Cobain -slap bass 2-,Slap Bass 2 _ 1,Slap Bass 2 _ 1,34320,60
66.5625,0.1171875,51,117,Kurt Cobain -slap bass 2-,Slap Bass 2 _ 1,Slap Bass 2 _ 1,34320,60
66.5625,0.1171875,56,117,Kurt Cobain -slap bass 2-,Slap Bass 2 _ 1,Slap Bass 2 _ 1,34320,60
66.6796875,0.1171875,44,117,Kurt Cobain -slap bass 2-,Slap Bass 2 _ 1,Slap Bass 2 _ 1,34380,60
66.6796875,0.1171875,51,117,Kurt Cobain -slap bass 2-,Slap Bass 2 _ 1,Slap Bass 2 _ 1,34380,60
66.6796875,0.1171875,56,117,Kurt Cobain -slap bass 2-,Slap Bass 2 _ 1,Slap Bass 2 _ 1,34380,60
66.796875,0.234375,49,117,Kurt Cobain -slap bass 2-,Slap Bass 2 _ 1,Slap Bass 2 _ 1,34440,120
66.796875,0.234375,56,117,Kurt Cobain -slap bass 2-,Slap Bass 2 _ 1,Slap Bass 2 _ 1,34440,120
66.796875,0.234375,61,117,Kurt Cobain -slap bass 2-,Slap Bass 2 _ 1,Slap Bass 2 _ 1,34440,120
67.03125,0.234375,49,117,Kurt Cobain -slap bass 2-,Slap Bass 2 _ 1,Slap Bass 2 _ 1,34560,120
67.03125,0.234375,56,117,Kurt Cobain -slap bass 2-,Slap Bass 2 _ 1,Slap Bass 2 _ 1,34560,120
67.03125,0.234375,61,117,Kurt Cobain -slap bass 2-,Slap Bass 2 _ 1,Slap Bass 2 _ 1,34560,120
67.265625,0.234375,44,117,Kurt Cobain -slap bass 2-,Slap Bass 2 _ 1,Slap Bass 2 _ 1,34680,120
67.265625,0.234375,51,117,Kurt Cobain -slap bass 2-,Slap Bass 2 _ 1,Slap Bass 2 _ 1,34680,120
67.265625,0.234375,56,117,Kurt Cobain -slap bass 2-,Slap Bass 2 _ 1,Slap Bass 2 _ 1,34680,120
67.5,0.46875,41,117,Kurt Cobain -slap bass 2-,Slap Bass 2 _ 1,Slap Bass 2 _ 1,34800,240
67.5,0.46875,48,117,Kurt Cobain -slap bass 2-,Slap Bass 2 _ 1,Slap Bass 2 _ 1,34800,240
67.5,0.46875,53,117,Kurt Cobain -slap bass 2-,Slap Bass 2 _ 1,Slap Bass 2 _ 1,34800,240
67.96875,0.46875,41,117,Kurt Cobain -slap bass 2-,Slap Bass 2 _ 1,Slap Bass 2 _ 1,35040,240
67.96875,0.46875,48,117,Kurt Cobain -slap bass 2-,Slap Bass 2 _ 1,Slap Bass 2 _ 1,35040,240
67.96875,0.46875,53,117,Kurt Cobain -slap bass 2-,Slap Bass 2 _ 1,Slap Bass 2 _ 1,35040,240
68.4375,0.1171875,41,117,Kurt Cobain -slap bass 2-,Slap Bass 2 _ 1,Slap Bass 2 _ 1,35280,60
68.4375,0.1171875,48,117,Kurt Cobain -slap bass 2-,Slap Bass 2 _ 1,Slap Bass 2 _ 1,35280,60
68.4375,0.1171875,53,117,Kurt Cobain -slap bass 2-,Slap Bass 2 _ 1,Slap Bass 2 _ 1,35280,60
68.5546875,0.1171875,41,117,Kurt Cobain -slap bass 2-,Slap Bass 2 _ 1,Slap Bass 2 _ 1,35340,60
68.5546875,0.1171875,48,117,Kurt Cobain -slap bass 2-,Slap Bass 2 _ 1,Slap Bass 2 _ 1,35340,60
68.5546875,0.1171875,53,117,Kurt Cobain -slap bass 2-,Slap Bass 2 _ 1,Slap Bass 2 _ 1,35340,60
68.671875,0.234375,46,117,Kurt Cobain -slap bass 2-,Slap Bass 2 _ 1,Slap Bass 2 _ 1,35400,120
68.671875,0.234375,53,117,Kurt Cobain -slap bass 2-,Slap Bass 2 _ 1,Slap Bass 2 _ 1,35400,120
68.671875,0.234375,58,117,Kurt Cobain -slap bass 2-,Slap Bass 2 _ 1,Slap Bass 2 _ 1,35400,120
68.90625,0.234375,46,117,Kurt Cobain -slap bass 2-,Slap Bass 2 _ 1,Slap Bass 2 _ 1,35520,120
68.90625,0.234375,53,117,Kurt Cobain -slap bass 2-,Slap Bass 2 _ 1,Slap Bass 2 _ 1,35520,120
68.90625,0.234375,58,117,Kurt Cobain -slap bass 2-,Slap Bass 2 _ 1,Slap Bass 2 _ 1,35520,120
69.140625,0.234375,41,117,Kurt Cobain -slap bass 2-,Slap Bass 2 _ 1,Slap Bass 2 _ 1,35640,120
69.140625,0.234375,48,117,Kurt Cobain -slap bass 2-,Slap Bass 2 _ 1,Slap Bass 2 _ 1,35640,120
69.140625,0.234375,53,117,Kurt Cobain -slap bass 2-,Slap Bass 2 _ 1,Slap Bass 2 _ 1,35640,120
69.375,0.46875,44,117,Kurt Cobain -slap bass 2-,Slap Bass 2 _ 1,Slap Bass 2 _ 1,35760,240
69.375,0.46875,51,117,Kurt Cobain -slap bass 2-,Slap Bass 2 _ 1,Slap Bass 2 _ 1,35760,240
69.375,0.46875,56,117,Kurt Cobain -slap bass 2-,Slap Bass 2 _ 1,Slap Bass 2 _ 1,35760,240
69.84375,0.46875,44,117,Kurt Cobain -slap bass 2-,Slap Bass 2 _ 1,Slap Bass 2 _ 1,36000,240
69.84375,0.46875,51,117,Kurt Cobain -slap bass 2-,Slap Bass 2 _ 1,Slap Bass 2 _ 1,36000,240
69.84375,0.46875,56,117,Kurt Cobain -slap bass 2-,Slap Bass 2 _ 1,Slap Bass 2 _ 1,36000,240
70.3125,0.1171875,44,117,Kurt Cobain -slap bass 2-,Slap Bass 2 _ 1,Slap Bass 2 _ 1,36240,60
70.3125,0.1171875,51,117,Kurt Cobain -slap bass 2-,Slap Bass 2 _ 1,Slap Bass 2 _ 1,36240,60
70.3125,0.1171875,56,117,Kurt Cobain -slap bass 2-,Slap Bass 2 _ 1,Slap Bass 2 _ 1,36240,60
70.4296875,0.1171875,44,117,Kurt Cobain -slap bass 2-,Slap Bass 2 _ 1,Slap Bass 2 _ 1,36300,60
70.4296875,0.1171875,51,117,Kurt Cobain -slap bass 2-,Slap Bass 2 _ 1,Slap Bass 2 _ 1,36300,60
70.4296875,0.1171875,56,117,Kurt Cobain -slap bass 2-,Slap Bass 2 _ 1,Slap Bass 2 _ 1,36300,60
70.546875,0.234375,49,117,Kurt Cobain -slap bass 2-,Slap Bass 2 _ 1,Slap Bass 2 _ 1,36360,120
70.546875,0.234375,56,117,Kurt Cobain -slap bass 2-,Slap Bass 2 _ 1,Slap Bass 2 _ 1,36360,120
70.546875,0.234375,61,117,Kurt Cobain -slap bass 2-,Slap Bass 2 _ 1,Slap Bass 2 _ 1,36360,120
70.78125,0.234375,49,117,Kurt Cobain -slap bass 2-,Slap Bass 2 _ 1,Slap Bass 2 _ 1,36480,120
70.78125,0.234375,56,117,Kurt Cobain -slap bass 2-,Slap Bass 2 _ 1,Slap Bass 2 _ 1,36480,120
70.78125,0.234375,61,117,Kurt Cobain -slap bass 2-,Slap Bass 2 _ 1,Slap Bass 2 _ 1,36480,120
71.015625,0.234375,44,117,Kurt Cobain -slap bass 2-,Slap Bass 2 _ 1,Slap Bass 2 _ 1,36600,120
71.015625,0.234375,51,117,Kurt Cobain -slap bass 2-,Slap Bass 2 _ 1,Slap Bass 2 _ 1,36600,120
71.015625,0.234375,56,117,Kurt Cobain -slap bass 2-,Slap Bass 2 _ 1,Slap Bass 2 _ 1,36600,120
71.25,0.46875,41,117,Kurt Cobain -slap bass 2-,Slap Bass 2 _ 1,Slap Bass 2 _ 1,36720,240
71.25,0.46875,48,117,Kurt Cobain -slap bass 2-,Slap Bass 2 _ 1,Slap Bass 2 _ 1,36720,240
71.25,0.46875,53,117,Kurt Cobain -slap bass 2-,Slap Bass 2 _ 1,Slap Bass 2 _ 1,36720,240
71.71875,0.46875,41,117,Kurt Cobain -slap bass 2-,Slap Bass 2 _ 1,Slap Bass 2 _ 1,36960,240
71.71875,0.46875,48,117,Kurt Cobain -slap bass 2-,Slap Bass 2 _ 1,Slap Bass 2 _ 1,36960,240
71.71875,0.46875,53,117,Kurt Cobain -slap bass 2-,Slap Bass 2 _ 1,Slap Bass 2 _ 1,36960,240
72.1875,0.1171875,41,117,Kurt Cobain -slap bass 2-,Slap Bass 2 _ 1,Slap Bass 2 _ 1,37200,60
72.1875,0.1171875,48,117,Kurt Cobain -slap bass 2-,Slap Bass 2 _ 1,Slap Bass 2 _ 1,37200,60
72.1875,0.1171875,53,117,Kurt Cobain -slap bass 2-,Slap Bass 2 _ 1,Slap Bass 2 _ 1,37200,60
72.3046875,0.1171875,41,117,Kurt Cobain -slap bass 2-,Slap Bass 2 _ 1,Slap Bass 2 _ 1,37260,60
72.3046875,0.1171875,48,117,Kurt Cobain -slap bass 2-,Slap Bass 2 _ 1,Slap Bass 2 _ 1,37260,60
72.3046875,0.1171875,53,117,Kurt Cobain -slap bass 2-,Slap Bass 2 _ 1,Slap Bass 2 _ 1,37260,60
72.421875,0.234375,46,117,Kurt Cobain -slap bass 2-,Slap Bass 2 _ 1,Slap Bass 2 _ 1,37320,120
72.421875,0.234375,53,117,Kurt Cobain -slap bass 2-,Slap Bass 2 _ 1,Slap Bass 2 _ 1,37320,120
72.421875,0.234375,58,117,Kurt Cobain -slap bass 2-,Slap Bass 2 _ 1,Slap Bass 2 _ 1,37320,120
72.65625,0.234375,46,117,Kurt Cobain -slap bass 2-,Slap Bass 2 _ 1,Slap Bass 2 _ 1,37440,120
72.65625,0.234375,53,117,Kurt Cobain -slap bass 2-,Slap Bass 2 _ 1,Slap Bass 2 _ 1,37440,120
72.65625,0.234375,58,117,Kurt Cobain -slap bass 2-,Slap Bass 2 _ 1,Slap Bass 2 _ 1,37440,120
72.890625,0.234375,41,117,Kurt Cobain -slap bass 2-,Slap Bass 2 _ 1,Slap Bass 2 _ 1,37560,120
72.890625,0.234375,48,117,Kurt Cobain -slap bass 2-,Slap Bass 2 _ 1,Slap Bass 2 _ 1,37560,120
72.890625,0.234375,53,117,Kurt Cobain -slap bass 2-,Slap Bass 2 _ 1,Slap Bass 2 _ 1,37560,120
73.125,0.46875,44,117,Kurt Cobain -slap bass 2-,Slap Bass 2 _ 1,Slap Bass 2 _ 1,37680,240
73.125,0.46875,51,117,Kurt Cobain -slap bass 2-,Slap Bass 2 _ 1,Slap Bass 2 _ 1,37680,240
73.125,0.46875,56,117,Kurt Cobain -slap bass 2-,Slap Bass 2 _ 1,Slap Bass 2 _ 1,37680,240
73.59375,0.46875,44,117,Kurt Cobain -slap bass 2-,Slap Bass 2 _ 1,Slap Bass 2 _ 1,37920,240
73.59375,0.46875,51,117,Kurt Cobain -slap bass 2-,Slap Bass 2 _ 1,Slap Bass 2 _ 1,37920,240
73.59375,0.46875,56,117,Kurt Cobain -slap bass 2-,Slap Bass 2 _ 1,Slap Bass 2 _ 1,37920,240
74.0625,0.1171875,44,117,Kurt Cobain -slap bass 2-,Slap Bass 2 _ 1,Slap Bass 2 _ 1,38160,60
74.0625,0.1171875,51,117,Kurt Cobain -slap bass 2-,Slap Bass 2 _ 1,Slap Bass 2 _ 1,38160,60
74.0625,0.1171875,56,117,Kurt Cobain -slap bass 2-,Slap Bass 2 _ 1,Slap Bass 2 _ 1,38160,60
74.1796875,0.1171875,44,117,Kurt Cobain -slap bass 2-,Slap Bass 2 _ 1,Slap Bass 2 _ 1,38220,60
74.1796875,0.1171875,51,117,Kurt Cobain -slap bass 2-,Slap Bass 2 _ 1,Slap Bass 2 _ 1,38220,60
74.1796875,0.1171875,56,117,Kurt Cobain -slap bass 2-,Slap Bass 2 _ 1,Slap Bass 2 _ 1,38220,60
74.296875,0.234375,49,117,Kurt Cobain -slap bass 2-,Slap Bass 2 _ 1,Slap Bass 2 _ 1,38280,120
74.296875,0.234375,56,117,Kurt Cobain -slap bass 2-,Slap Bass 2 _ 1,Slap Bass 2 _ 1,38280,120
74.296875,0.234375,61,117,Kurt Cobain -slap bass 2-,Slap Bass 2 _ 1,Slap Bass 2 _ 1,38280,120
74.53125,0.234375,49,95,Kurt Cobain -slap bass 2-,Slap Bass 2 _ 1,Slap Bass 2 _ 1,38400,120
74.53125,0.234375,56,95,Kurt Cobain -slap bass 2-,Slap Bass 2 _ 1,Slap Bass 2 _ 1,38400,120
74.53125,0.234375,61,95,Kurt Cobain -slap bass 2-,Slap Bass 2 _ 1,Slap Bass 2 _ 1,38400,120
74.765625,0.234375,56,95,Kurt Cobain -slap bass 2-,Slap Bass 2 _ 1,Slap Bass 2 _ 1,38520,120
74.765625,0.234375,49,95,Kurt Cobain -slap bass 2-,Slap Bass 2 _ 1,Slap Bass 2 _ 1,38520,120
74.765625,0.234375,61,95,Kurt Cobain -slap bass 2-,Slap Bass 2 _ 1,Slap Bass 2 _ 1,38520,120
75.0,0.46875,53,95,Kurt Cobain -slap bass 2-,Slap Bass 2 _ 1,Slap Bass 2 _ 1,38640,240
75.0,0.46875,48,95,Kurt Cobain -slap bass 2-,Slap Bass 2 _ 1,Slap Bass 2 _ 1,38640,240
75.0,0.46875,41,95,Kurt Cobain -slap bass 2-,Slap Bass 2 _ 1,Slap Bass 2 _ 1,38640,240
75.46875,0.234375,52,95,Kurt Cobain -slap bass 2-,Slap Bass 2 _ 1,Slap Bass 2 _ 1,38880,120
75.46875,0.234375,47,95,Kurt Cobain -slap bass 2-,Slap Bass 2 _ 1,Slap Bass 2 _ 1,38880,120
75.46875,0.234375,40,95,Kurt Cobain -slap bass 2-,Slap Bass 2 _ 1,Slap Bass 2 _ 1,38880,120
75.703125,0.234375,41,95,Kurt Cobain -slap bass 2-,Slap Bass 2 _ 1,Slap Bass 2 _ 1,39000,120
75.703125,0.234375,48,95,Kurt Cobain -slap bass 2-,Slap Bass 2 _ 1,Slap Bass 2 _ 1,39000,120
75.703125,0.234375,53,95,Kurt Cobain -slap bass 2-,Slap Bass 2 _ 1,Slap Bass 2 _ 1,39000,120
75.9375,0.234375,42,95,Kurt Cobain -slap bass 2-,Slap Bass 2 _ 1,Slap Bass 2 _ 1,39120,120
75.9375,0.234375,49,95,Kurt Cobain -slap bass 2-,Slap Bass 2 _ 1,Slap Bass 2 _ 1,39120,120
75.9375,0.234375,54,95,Kurt Cobain -slap bass 2-,Slap Bass 2 _ 1,Slap Bass 2 _ 1,39120,120
76.171875,0.234375,42,95,Kurt Cobain -slap bass 2-,Slap Bass 2 _ 1,Slap Bass 2 _ 1,39240,120
76.171875,0.234375,49,95,Kurt Cobain -slap bass 2-,Slap Bass 2 _ 1,Slap Bass 2 _ 1,39240,120
76.171875,0.234375,54,95,Kurt Cobain -slap bass 2-,Slap Bass 2 _ 1,Slap Bass 2 _ 1,39240,120
76.40625,0.46875,54,97,Kurt Cobain -slap bass 2-,Slap Bass 2 _ 1,Slap Bass 2 _ 1,39360,240
76.875,0.46875,53,95,Kurt Cobain -slap bass 2-,Slap Bass 2 _ 1,Slap Bass 2 _ 1,39600,240
76.875,0.46875,48,95,Kurt Cobain -slap bass 2-,Slap Bass 2 _ 1,Slap Bass 2 _ 1,39600,240
76.875,0.46875,41,95,Kurt Cobain -slap bass 2-,Slap Bass 2 _ 1,Slap Bass 2 _ 1,39600,240
77.34375,0.234375,52,95,Kurt Cobain -slap bass 2-,Slap Bass 2 _ 1,Slap Bass 2 _ 1,39840,120
77.34375,0.234375,47,95,Kurt Cobain -slap bass 2-,Slap Bass 2 _ 1,Slap Bass 2 _ 1,39840,120
77.34375,0.234375,40,95,Kurt Cobain -slap bass 2-,Slap Bass 2 _ 1,Slap Bass 2 _ 1,39840,120
77.578125,0.234375,41,95,Kurt Cobain -slap bass 2-,Slap Bass 2 _ 1,Slap Bass 2 _ 1,39960,120
77.578125,0.234375,48,95,Kurt Cobain -slap bass 2-,Slap Bass 2 _ 1,Slap Bass 2 _ 1,39960,120
77.578125,0.234375,53,95,Kurt Cobain -slap bass 2-,Slap Bass 2 _ 1,Slap Bass 2 _ 1,39960,120
77.8125,0.46875,46,95,Kurt Cobain -slap bass 2-,Slap Bass 2 _ 1,Slap Bass 2 _ 1,40080,240
77.8125,0.46875,53,95,Kurt Cobain -slap bass 2-,Slap Bass 2 _ 1,Slap Bass 2 _ 1,40080,240
77.8125,0.46875,58,95,Kurt Cobain -slap bass 2-,Slap Bass 2 _ 1,Slap Bass 2 _ 1,40080,240
78.28125,0.46875,44,95,Kurt Cobain -slap bass 2-,Slap Bass 2 _ 1,Slap Bass 2 _ 1,40320,240
78.28125,0.46875,51,95,Kurt Cobain -slap bass 2-,Slap Bass 2 _ 1,Slap Bass 2 _ 1,40320,240
78.28125,0.46875,56,95,Kurt Cobain -slap bass 2-,Slap Bass 2 _ 1,Slap Bass 2 _ 1,40320,240
78.75,0.46875,53,95,Kurt Cobain -slap bass 2-,Slap Bass 2 _ 1,Slap Bass 2 _ 1,40560,240
78.75,0.46875,48,95,Kurt Cobain -slap bass 2-,Slap Bass 2 _ 1,Slap Bass 2 _ 1,40560,240
78.75,0.46875,41,95,Kurt Cobain -slap bass 2-,Slap Bass 2 _ 1,Slap Bass 2 _ 1,40560,240
79.21875,0.234375,52,95,Kurt Cobain -slap bass 2-,Slap Bass 2 _ 1,Slap Bass 2 _ 1,40800,120
79.21875,0.234375,47,95,Kurt Cobain -slap bass 2-,Slap Bass 2 _ 1,Slap Bass 2 _ 1,40800,120
79.21875,0.234375,40,95,Kurt Cobain -slap bass 2-,Slap Bass 2 _ 1,Slap Bass 2 _ 1,40800,120
79.453125,0.234375,41,95,Kurt Cobain -slap bass 2-,Slap Bass 2 _ 1,Slap Bass 2 _ 1,40920,120
79.453125,0.234375,48,95,Kurt Cobain -slap bass 2-,Slap Bass 2 _ 1,Slap Bass 2 _ 1,40920,120
79.453125,0.234375,53,95,Kurt Cobain -slap bass 2-,Slap Bass 2 _ 1,Slap Bass 2 _ 1,40920,120
79.6875,0.234375,42,95,Kurt Cobain -slap bass 2-,Slap Bass 2 _ 1,Slap Bass 2 _ 1,41040,120
79.6875,0.234375,49,95,Kurt Cobain -slap bass 2-,Slap Bass 2 _ 1,Slap Bass 2 _ 1,41040,120
79.6875,0.234375,54,95,Kurt Cobain -slap bass 2-,Slap Bass 2 _ 1,Slap Bass 2 _ 1,41040,120
79.921875,0.234375,42,95,Kurt Cobain -slap bass 2-,Slap Bass 2 _ 1,Slap Bass 2 _ 1,41160,120
79.921875,0.234375,49,95,Kurt Cobain -slap bass 2-,Slap Bass 2 _ 1,Slap Bass 2 _ 1,41160,120
79.921875,0.234375,54,95,Kurt Cobain -slap bass 2-,Slap Bass 2 _ 1,Slap Bass 2 _ 1,41160,120
80.15625,0.46875,54,97,Kurt Cobain -slap bass 2-,Slap Bass 2 _ 1,Slap Bass 2 _ 1,41280,240
80.625,0.46875,53,95,Kurt Cobain -slap bass 2-,Slap Bass 2 _ 1,Slap Bass 2 _ 1,41520,240
80.625,0.46875,48,95,Kurt Cobain -slap bass 2-,Slap Bass 2 _ 1,Slap Bass 2 _ 1,41520,240
80.625,0.46875,41,95,Kurt Cobain -slap bass 2-,Slap Bass 2 _ 1,Slap Bass 2 _ 1,41520,240
81.09375,0.234375,52,95,Kurt Cobain -slap bass 2-,Slap Bass 2 _ 1,Slap Bass 2 _ 1,41760,120
81.09375,0.234375,47,95,Kurt Cobain -slap bass 2-,Slap Bass 2 _ 1,Slap Bass 2 _ 1,41760,120
81.09375,0.234375,40,95,Kurt Cobain -slap bass 2-,Slap Bass 2 _ 1,Slap Bass 2 _ 1,41760,120
81.328125,0.234375,41,95,Kurt Cobain -slap bass 2-,Slap Bass 2 _ 1,Slap Bass 2 _ 1,41880,120
81.328125,0.234375,48,95,Kurt Cobain -slap bass 2-,Slap Bass 2 _ 1,Slap Bass 2 _ 1,41880,120
81.328125,0.234375,53,95,Kurt Cobain -slap bass 2-,Slap Bass 2 _ 1,Slap Bass 2 _ 1,41880,120
81.5625,0.46875,46,95,Kurt Cobain -slap bass 2-,Slap Bass 2 _ 1,Slap Bass 2 _ 1,42000,240
81.5625,0.46875,53,95,Kurt Cobain -slap bass 2-,Slap Bass 2 _ 1,Slap Bass 2 _ 1,42000,240
81.5625,0.46875,58,95,Kurt Cobain -slap bass 2-,Slap Bass 2 _ 1,Slap Bass 2 _ 1,42000,240
82.03125,0.46875,44,95,Kurt Cobain -slap bass 2-,Slap Bass 2 _ 1,Slap Bass 2 _ 1,42240,240
82.03125,0.46875,51,95,Kurt Cobain -slap bass 2-,Slap Bass 2 _ 1,Slap Bass 2 _ 1,42240,240
82.03125,0.46875,56,95,Kurt Cobain -slap bass 2-,Slap Bass 2 _ 1,Slap Bass 2 _ 1,42240,240
105.0,0.46875,60,97,Kurt Cobain -slap bass 2-,Slap Bass 2 _ 1,Slap Bass 2 _ 1,54000,240
105.46875,0.46875,65,97,Kurt Cobain -slap bass 2-,Slap Bass 2 _ 1,Slap Bass 2 _ 1,54240,240
105.9375,0.46875,60,97,Kurt Cobain -slap bass 2-,Slap Bass 2 _ 1,Slap Bass 2 _ 1,54480,240
106.40625,0.46875,65,97,Kurt Cobain -slap bass 2-,Slap Bass 2 _ 1,Slap Bass 2 _ 1,54720,240
106.875,0.46875,60,97,Kurt Cobain -slap bass 2-,Slap Bass 2 _ 1,Slap Bass 2 _ 1,54960,240
107.34375,0.46875,65,97,Kurt Cobain -slap bass 2-,Slap Bass 2 _ 1,Slap Bass 2 _ 1,55200,240
107.8125,0.46875,60,97,Kurt Cobain -slap bass 2-,Slap Bass 2 _ 1,Slap Bass 2 _ 1,55440,240
108.28125,0.46875,65,97,Kurt Cobain -slap bass 2-,Slap Bass 2 _ 1,Slap Bass 2 _ 1,55680,240
108.75,0.46875,60,97,Kurt Cobain -slap bass 2-,Slap Bass 2 _ 1,Slap Bass 2 _ 1,55920,240
109.21875,0.46875,65,97,Kurt Cobain -slap bass 2-,Slap Bass 2 _ 1,Slap Bass 2 _ 1,56160,240
109.6875,0.46875,60,97,Kurt Cobain -slap bass 2-,Slap Bass 2 _ 1,Slap Bass 2 _ 1,56400,240
110.15625,0.46875,65,97,Kurt Cobain -slap bass 2-,Slap Bass 2 _ 1,Slap Bass 2 _ 1,56640,240
110.625,0.46875,60,97,Kurt Cobain -slap bass 2-,Slap Bass 2 _ 1,Slap Bass 2 _ 1,56880,240
111.09375,0.46875,65,97,Kurt Cobain -slap bass 2-,Slap Bass 2 _ 1,Slap Bass 2 _ 1,57120,240
111.5625,0.46875,60,97,Kurt Cobain -slap bass 2-,Slap Bass 2 _ 1,Slap Bass 2 _ 1,57360,240
112.03125,0.46875,65,97,Kurt Cobain -slap bass 2-,Slap Bass 2 _ 1,Slap Bass 2 _ 1,57600,240
112.5,0.46875,60,97,Kurt Cobain -slap bass 2-,Slap Bass 2 _ 1,Slap Bass 2 _ 1,57840,240
112.96875,0.46875,65,97,Kurt Cobain -slap bass 2-,Slap Bass 2 _ 1,Slap Bass 2 _ 1,58080,240
113.4375,0.46875,60,97,Kurt Cobain -slap bass 2-,Slap Bass 2 _ 1,Slap Bass 2 _ 1,58320,240
113.90625,0.46875,65,97,Kurt Cobain -slap bass 2-,Slap Bass 2 _ 1,Slap Bass 2 _ 1,58560,240
114.375,0.46875,60,97,Kurt Cobain -slap bass 2-,Slap Bass 2 _ 1,Slap Bass 2 _ 1,58800,240
114.84375,0.46875,65,97,Kurt Cobain -slap bass 2-,Slap Bass 2 _ 1,Slap Bass 2 _ 1,59040,240
115.3125,0.46875,60,97,Kurt Cobain -slap bass 2-,Slap Bass 2 _ 1,Slap Bass 2 _ 1,59280,240
115.78125,0.46875,65,97,Kurt Cobain -slap bass 2-,Slap Bass 2 _ 1,Slap Bass 2 _ 1,59520,240
116.25,0.46875,60,97,Kurt Cobain -slap bass 2-,Slap Bass 2 _ 1,Slap Bass 2 _ 1,59760,240
116.71875,0.46875,65,97,Kurt Cobain -slap bass 2-,Slap Bass 2 _ 1,Slap Bass 2 _ 1,60000,240
117.1875,0.46875,60,97,Kurt Cobain -slap bass 2-,Slap Bass 2 _ 1,Slap Bass 2 _ 1,60240,240
117.65625,0.46875,65,97,Kurt Cobain -slap bass 2-,Slap Bass 2 _ 1,Slap Bass 2 _ 1,60480,240
118.125,0.46875,60,97,Kurt Cobain -slap bass 2-,Slap Bass 2 _ 1,Slap Bass 2 _ 1,60720,240
118.59375,0.46875,65,97,Kurt Cobain -slap bass 2-,Slap Bass 2 _ 1,Slap Bass 2 _ 1,60960,240
119.0625,0.46875,60,97,Kurt Cobain -slap bass 2-,Slap Bass 2 _ 1,Slap Bass 2 _ 1,61200,240
119.53125,0.46875,43,127,Kurt Cobain -slap bass 2-,Slap Bass 2 _ 1,Slap Bass 2 _ 1,61440,240
119.53125,0.46875,38,127,Kurt Cobain -slap bass 2-,Slap Bass 2 _ 1,Slap Bass 2 _ 1,61440,240
119.53125,0.46875,31,127,Kurt Cobain -slap bass 2-,Slap Bass 2 _ 1,Slap Bass 2 _ 1,61440,240
120.0,0.46875,41,127,Kurt Cobain -slap bass 2-,Slap Bass 2 _ 1,Slap Bass 2 _ 1,61680,240
120.0,0.46875,48,127,Kurt Cobain -slap bass 2-,Slap Bass 2 _ 1,Slap Bass 2 _ 1,61680,240
120.0,0.46875,53,127,Kurt Cobain -slap bass 2-,Slap Bass 2 _ 1,Slap Bass 2 _ 1,61680,240
120.46875,0.46875,41,127,Kurt Cobain -slap bass 2-,Slap Bass 2 _ 1,Slap Bass 2 _ 1,61920,240
120.46875,0.46875,48,127,Kurt Cobain -slap bass 2-,Slap Bass 2 _ 1,Slap Bass 2 _ 1,61920,240
120.46875,0.46875,53,127,Kurt Cobain -slap bass 2-,Slap Bass 2 _ 1,Slap Bass 2 _ 1,61920,240
120.9375,0.1171875,41,127,Kurt Cobain -slap bass 2-,Slap Bass 2 _ 1,Slap Bass 2 _ 1,62160,60
120.9375,0.1171875,48,127,Kurt Cobain -slap bass 2-,Slap Bass 2 _ 1,Slap Bass 2 _ 1,62160,60
120.9375,0.1171875,53,127,Kurt Cobain -slap bass 2-,Slap Bass 2 _ 1,Slap Bass 2 _ 1,62160,60
121.0546875,0.1171875,41,127,Kurt Cobain -slap bass 2-,Slap Bass 2 _ 1,Slap Bass 2 _ 1,62220,60
121.0546875,0.1171875,48,127,Kurt Cobain -slap bass 2-,Slap Bass 2 _ 1,Slap Bass 2 _ 1,62220,60
121.0546875,0.1171875,53,127,Kurt Cobain -slap bass 2-,Slap Bass 2 _ 1,Slap Bass 2 _ 1,62220,60
121.171875,0.234375,46,127,Kurt Cobain -slap bass 2-,Slap Bass 2 _ 1,Slap Bass 2 _ 1,62280,120
121.171875,0.234375,53,127,Kurt Cobain -slap bass 2-,Slap Bass 2 _ 1,Slap Bass 2 _ 1,62280,120
121.171875,0.234375,58,127,Kurt Cobain -slap bass 2-,Slap Bass 2 _ 1,Slap Bass 2 _ 1,62280,120
121.40625,0.234375,46,127,Kurt Cobain -slap bass 2-,Slap Bass 2 _ 1,Slap Bass 2 _ 1,62400,120
121.40625,0.234375,53,127,Kurt Cobain -slap bass 2-,Slap Bass 2 _ 1,Slap Bass 2 _ 1,62400,120
121.40625,0.234375,58,127,Kurt Cobain -slap bass 2-,Slap Bass 2 _ 1,Slap Bass 2 _ 1,62400,120
121.640625,0.234375,41,127,Kurt Cobain -slap bass 2-,Slap Bass 2 _ 1,Slap Bass 2 _ 1,62520,120
121.640625,0.234375,48,127,Kurt Cobain -slap bass 2-,Slap Bass 2 _ 1,Slap Bass 2 _ 1,62520,120
121.640625,0.234375,53,127,Kurt Cobain -slap bass 2-,Slap Bass 2 _ 1,Slap Bass 2 _ 1,62520,120
121.875,0.46875,44,127,Kurt Cobain -slap bass 2-,Slap Bass 2 _ 1,Slap Bass 2 _ 1,62640,240
121.875,0.46875,51,127,Kurt Cobain -slap bass 2-,Slap Bass 2 _ 1,Slap Bass 2 _ 1,62640,240
121.875,0.46875,56,127,Kurt Cobain -slap bass 2-,Slap Bass 2 _ 1,Slap Bass 2 _ 1,62640,240
122.34375,0.46875,44,127,Kurt Cobain -slap bass 2-,Slap Bass 2 _ 1,Slap Bass 2 _ 1,62880,240
122.34375,0.46875,51,127,Kurt Cobain -slap bass 2-,Slap Bass 2 _ 1,Slap Bass 2 _ 1,62880,240
122.34375,0.46875,56,127,Kurt Cobain -slap bass 2-,Slap Bass 2 _ 1,Slap Bass 2 _ 1,62880,240
122.8125,0.1171875,44,127,Kurt Cobain -slap bass 2-,Slap Bass 2 _ 1,Slap Bass 2 _ 1,63120,60
122.8125,0.1171875,51,127,Kurt Cobain -slap bass 2-,Slap Bass 2 _ 1,Slap Bass 2 _ 1,63120,60
122.8125,0.1171875,56,127,Kurt Cobain -slap bass 2-,Slap Bass 2 _ 1,Slap Bass 2 _ 1,63120,60
122.9296875,0.1171875,44,127,Kurt Cobain -slap bass 2-,Slap Bass 2 _ 1,Slap Bass 2 _ 1,63180,60
122.9296875,0.1171875,51,127,Kurt Cobain -slap bass 2-,Slap Bass 2 _ 1,Slap Bass 2 _ 1,63180,60
122.9296875,0.1171875,56,127,Kurt Cobain -slap bass 2-,Slap Bass 2 _ 1,Slap Bass 2 _ 1,63180,60
123.046875,0.234375,49,127,Kurt Cobain -slap bass 2-,Slap Bass 2 _ 1,Slap Bass 2 _ 1,63240,120
123.046875,0.234375,56,127,Kurt Cobain -slap bass 2-,Slap Bass 2 _ 1,Slap Bass 2 _ 1,63240,120
123.046875,0.234375,61,127,Kurt Cobain -slap bass 2-,Slap Bass 2 _ 1,Slap Bass 2 _ 1,63240,120
123.28125,0.234375,49,127,Kurt Cobain -slap bass 2-,Slap Bass 2 _ 1,Slap Bass 2 _ 1,63360,120
123.28125,0.234375,56,127,Kurt Cobain -slap bass 2-,Slap Bass 2 _ 1,Slap Bass 2 _ 1,63360,120
123.28125,0.234375,61,127,Kurt Cobain -slap bass 2-,Slap Bass 2 _ 1,Slap Bass 2 _ 1,63360,120
123.515625,0.234375,44,127,Kurt Cobain -slap bass 2-,Slap Bass 2 _ 1,Slap Bass 2 _ 1,63480,120
123.515625,0.234375,51,127,Kurt Cobain -slap bass 2-,Slap Bass 2 _ 1,Slap Bass 2 _ 1,63480,120
123.515625,0.234375,56,127,Kurt Cobain -slap bass 2-,Slap Bass 2 _ 1,Slap Bass 2 _ 1,63480,120
123.75,0.46875,41,127,Kurt Cobain -slap bass 2-,Slap Bass 2 _ 1,Slap Bass 2 _ 1,63600,240
123.75,0.46875,48,127,Kurt Cobain -slap bass 2-,Slap Bass 2 _ 1,Slap Bass 2 _ 1,63600,240
123.75,0.46875,53,127,Kurt Cobain -slap bass 2-,Slap Bass 2 _ 1,Slap Bass 2 _ 1,63600,240
124.21875,0.46875,41,127,Kurt Cobain -slap bass 2-,Slap Bass 2 _ 1,Slap Bass 2 _ 1,63840,240
124.21875,0.46875,48,127,Kurt Cobain -slap bass 2-,Slap Bass 2 _ 1,Slap Bass 2 _ 1,63840,240
124.21875,0.46875,53,127,Kurt Cobain -slap bass 2-,Slap Bass 2 _ 1,Slap Bass 2 _ 1,63840,240
124.6875,0.1171875,41,127,Kurt Cobain -slap bass 2-,Slap Bass 2 _ 1,Slap Bass 2 _ 1,64080,60
124.6875,0.1171875,48,127,Kurt Cobain -slap bass 2-,Slap Bass 2 _ 1,Slap Bass 2 _ 1,64080,60
124.6875,0.1171875,53,127,Kurt Cobain -slap bass 2-,Slap Bass 2 _ 1,Slap Bass 2 _ 1,64080,60
124.8046875,0.1171875,41,127,Kurt Cobain -slap bass 2-,Slap Bass 2 _ 1,Slap Bass 2 _ 1,64140,60
124.8046875,0.1171875,48,127,Kurt Cobain -slap bass 2-,Slap Bass 2 _ 1,Slap Bass 2 _ 1,64140,60
124.8046875,0.1171875,53,127,Kurt Cobain -slap bass 2-,Slap Bass 2 _ 1,Slap Bass 2 _ 1,64140,60
124.921875,0.234375,46,127,Kurt Cobain -slap bass 2-,Slap Bass 2 _ 1,Slap Bass 2 _ 1,64200,120
124.921875,0.234375,53,127,Kurt Cobain -slap bass 2-,Slap Bass 2 _ 1,Slap Bass 2 _ 1,64200,120
124.921875,0.234375,58,127,Kurt Cobain -slap bass 2-,Slap Bass 2 _ 1,Slap Bass 2 _ 1,64200,120
125.15625,0.234375,46,127,Kurt Cobain -slap bass 2-,Slap Bass 2 _ 1,Slap Bass 2 _ 1,64320,120
125.15625,0.234375,53,127,Kurt Cobain -slap bass 2-,Slap Bass 2 _ 1,Slap Bass 2 _ 1,64320,120
125.15625,0.234375,58,127,Kurt Cobain -slap bass 2-,Slap Bass 2 _ 1,Slap Bass 2 _ 1,64320,120
125.390625,0.234375,41,127,Kurt Cobain -slap bass 2-,Slap Bass 2 _ 1,Slap Bass 2 _ 1,64440,120
125.390625,0.234375,48,127,Kurt Cobain -slap bass 2-,Slap Bass 2 _ 1,Slap Bass 2 _ 1,64440,120
125.390625,0.234375,53,127,Kurt Cobain -slap bass 2-,Slap Bass 2 _ 1,Slap Bass 2 _ 1,64440,120
125.625,0.46875,44,127,Kurt Cobain -slap bass 2-,Slap Bass 2 _ 1,Slap Bass 2 _ 1,64560,240
125.625,0.46875,51,127,Kurt Cobain -slap bass 2-,Slap Bass 2 _ 1,Slap Bass 2 _ 1,64560,240
125.625,0.46875,56,127,Kurt Cobain -slap bass 2-,Slap Bass 2 _ 1,Slap Bass 2 _ 1,64560,240
126.09375,0.46875,44,127,Kurt Cobain -slap bass 2-,Slap Bass 2 _ 1,Slap Bass 2 _ 1,64800,240
126.09375,0.46875,51,127,Kurt Cobain -slap bass 2-,Slap Bass 2 _ 1,Slap Bass 2 _ 1,64800,240
126.09375,0.46875,56,127,Kurt Cobain -slap bass 2-,Slap Bass 2 _ 1,Slap Bass 2 _ 1,64800,240
126.5625,0.1171875,44,127,Kurt Cobain -slap bass 2-,Slap Bass 2 _ 1,Slap Bass 2 _ 1,65040,60
126.5625,0.1171875,51,127,Kurt Cobain -slap bass 2-,Slap Bass 2 _ 1,Slap Bass 2 _ 1,65040,60
126.5625,0.1171875,56,127,Kurt Cobain -slap bass 2-,Slap Bass 2 _ 1,Slap Bass 2 _ 1,65040,60
126.6796875,0.1171875,44,127,Kurt Cobain -slap bass 2-,Slap Bass 2 _ 1,Slap Bass 2 _ 1,65100,60
126.6796875,0.1171875,51,127,Kurt Cobain -slap bass 2-,Slap Bass 2 _ 1,Slap Bass 2 _ 1,65100,60
126.6796875,0.1171875,56,127,Kurt Cobain -slap bass 2-,Slap Bass 2 _ 1,Slap Bass 2 _ 1,65100,60
126.796875,0.234375,49,127,Kurt Cobain -slap bass 2-,Slap Bass 2 _ 1,Slap Bass 2 _ 1,65160,120
126.796875,0.234375,56,127,Kurt Cobain -slap bass 2-,Slap Bass 2 _ 1,Slap Bass 2 _ 1,65160,120
126.796875,0.234375,61,127,Kurt Cobain -slap bass 2-,Slap Bass 2 _ 1,Slap Bass 2 _ 1,65160,120
127.03125,0.234375,49,127,Kurt Cobain -slap bass 2-,Slap Bass 2 _ 1,Slap Bass 2 _ 1,65280,120
127.03125,0.234375,56,127,Kurt Cobain -slap bass 2-,Slap Bass 2 _ 1,Slap Bass 2 _ 1,65280,120
127.03125,0.234375,61,127,Kurt Cobain -slap bass 2-,Slap Bass 2 _ 1,Slap Bass 2 _ 1,65280,120
127.265625,0.234375,44,127,Kurt Cobain -slap bass 2-,Slap Bass 2 _ 1,Slap Bass 2 _ 1,65400,120
127.265625,0.234375,51,127,Kurt Cobain -slap bass 2-,Slap Bass 2 _ 1,Slap Bass 2 _ 1,65400,120
127.265625,0.234375,56,127,Kurt Cobain -slap bass 2-,Slap Bass 2 _ 1,Slap Bass 2 _ 1,65400,120
127.5,0.46875,41,127,Kurt Cobain -slap bass 2-,Slap Bass 2 _ 1,Slap Bass 2 _ 1,65520,240
127.5,0.46875,48,127,Kurt Cobain -slap bass 2-,Slap Bass 2 _ 1,Slap Bass 2 _ 1,65520,240
127.5,0.46875,53,127,Kurt Cobain -slap bass 2-,Slap Bass 2 _ 1,Slap Bass 2 _ 1,65520,240
127.96875,0.46875,41,127,Kurt Cobain -slap bass 2-,Slap Bass 2 _ 1,Slap Bass 2 _ 1,65760,240
127.96875,0.46875,48,127,Kurt Cobain -slap bass 2-,Slap Bass 2 _ 1,Slap Bass 2 _ 1,65760,240
127.96875,0.46875,53,127,Kurt Cobain -slap bass 2-,Slap Bass 2 _ 1,Slap Bass 2 _ 1,65760,240
128.4375,0.1171875,41,127,Kurt Cobain -slap bass 2-,Slap Bass 2 _ 1,Slap Bass 2 _ 1,66000,60
128.4375,0.1171875,48,127,Kurt Cobain -slap bass 2-,Slap Bass 2 _ 1,Slap Bass 2 _ 1,66000,60
128.4375,0.1171875,53,127,Kurt Cobain -slap bass 2-,Slap Bass 2 _ 1,Slap Bass 2 _ 1,66000,60
128.5546875,0.1171875,41,127,Kurt Cobain -slap bass 2-,Slap Bass 2 _ 1,Slap Bass 2 _ 1,66060,60
128.5546875,0.1171875,48,127,Kurt Cobain -slap bass 2-,Slap Bass 2 _ 1,Slap Bass 2 _ 1,66060,60
128.5546875,0.1171875,53,127,Kurt Cobain -slap bass 2-,Slap Bass 2 _ 1,Slap Bass 2 _ 1,66060,60
128.671875,0.234375,46,127,Kurt Cobain -slap bass 2-,Slap Bass 2 _ 1,Slap Bass 2 _ 1,66120,120
128.671875,0.234375,53,127,Kurt Cobain -slap bass 2-,Slap Bass 2 _ 1,Slap Bass 2 _ 1,66120,120
128.671875,0.234375,58,127,Kurt Cobain -slap bass 2-,Slap Bass 2 _ 1,Slap Bass 2 _ 1,66120,120
128.90625,0.234375,46,127,Kurt Cobain -slap bass 2-,Slap Bass 2 _ 1,Slap Bass 2 _ 1,66240,120
128.90625,0.234375,53,127,Kurt Cobain -slap bass 2-,Slap Bass 2 _ 1,Slap Bass 2 _ 1,66240,120
128.90625,0.234375,58,127,Kurt Cobain -slap bass 2-,Slap Bass 2 _ 1,Slap Bass 2 _ 1,66240,120
129.140625,0.234375,41,127,Kurt Cobain -slap bass 2-,Slap Bass 2 _ 1,Slap Bass 2 _ 1,66360,120
129.140625,0.234375,48,127,Kurt Cobain -slap bass 2-,Slap Bass 2 _ 1,Slap Bass 2 _ 1,66360,120
129.140625,0.234375,53,127,Kurt Cobain -slap bass 2-,Slap Bass 2 _ 1,Slap Bass 2 _ 1,66360,120
129.375,0.46875,44,127,Kurt Cobain -slap bass 2-,Slap Bass 2 _ 1,Slap Bass 2 _ 1,66480,240
129.375,0.46875,51,127,Kurt Cobain -slap bass 2-,Slap Bass 2 _ 1,Slap Bass 2 _ 1,66480,240
129.375,0.46875,56,127,Kurt Cobain -slap bass 2-,Slap Bass 2 _ 1,Slap Bass 2 _ 1,66480,240
129.84375,0.46875,44,127,Kurt Cobain -slap bass 2-,Slap Bass 2 _ 1,Slap Bass 2 _ 1,66720,240
129.84375,0.46875,51,127,Kurt Cobain -slap bass 2-,Slap Bass 2 _ 1,Slap Bass 2 _ 1,66720,240
129.84375,0.46875,56,127,Kurt Cobain -slap bass 2-,Slap Bass 2 _ 1,Slap Bass 2 _ 1,66720,240
130.3125,0.1171875,44,127,Kurt Cobain -slap bass 2-,Slap Bass 2 _ 1,Slap Bass 2 _ 1,66960,60
130.3125,0.1171875,51,127,Kurt Cobain -slap bass 2-,Slap Bass 2 _ 1,Slap Bass 2 _ 1,66960,60
130.3125,0.1171875,56,127,Kurt Cobain -slap bass 2-,Slap Bass 2 _ 1,Slap Bass 2 _ 1,66960,60
130.4296875,0.1171875,44,127,Kurt Cobain -slap bass 2-,Slap Bass 2 _ 1,Slap Bass 2 _ 1,67020,60
130.4296875,0.1171875,51,127,Kurt Cobain -slap bass 2-,Slap Bass 2 _ 1,Slap Bass 2 _ 1,67020,60
130.4296875,0.1171875,56,127,Kurt Cobain -slap bass 2-,Slap Bass 2 _ 1,Slap Bass 2 _ 1,67020,60
130.546875,0.234375,49,127,Kurt Cobain -slap bass 2-,Slap Bass 2 _ 1,Slap Bass 2 _ 1,67080,120
130.546875,0.234375,56,127,Kurt Cobain -slap bass 2-,Slap Bass 2 _ 1,Slap Bass 2 _ 1,67080,120
130.546875,0.234375,61,127,Kurt Cobain -slap bass 2-,Slap Bass 2 _ 1,Slap Bass 2 _ 1,67080,120
130.78125,0.234375,49,127,Kurt Cobain -slap bass 2-,Slap Bass 2 _ 1,Slap Bass 2 _ 1,67200,120
130.78125,0.234375,56,127,Kurt Cobain -slap bass 2-,Slap Bass 2 _ 1,Slap Bass 2 _ 1,67200,120
130.78125,0.234375,61,127,Kurt Cobain -slap bass 2-,Slap Bass 2 _ 1,Slap Bass 2 _ 1,67200,120
131.015625,0.234375,44,127,Kurt Cobain -slap bass 2-,Slap Bass 2 _ 1,Slap Bass 2 _ 1,67320,120
131.015625,0.234375,51,127,Kurt Cobain -slap bass 2-,Slap Bass 2 _ 1,Slap Bass 2 _ 1,67320,120
131.015625,0.234375,56,127,Kurt Cobain -slap bass 2-,Slap Bass 2 _ 1,Slap Bass 2 _ 1,67320,120
131.25,0.46875,41,127,Kurt Cobain -slap bass 2-,Slap Bass 2 _ 1,Slap Bass 2 _ 1,67440,240
131.25,0.46875,48,127,Kurt Cobain -slap bass 2-,Slap Bass 2 _ 1,Slap Bass 2 _ 1,67440,240
131.25,0.46875,53,127,Kurt Cobain -slap bass 2-,Slap Bass 2 _ 1,Slap Bass 2 _ 1,67440,240
131.71875,0.46875,41,127,Kurt Cobain -slap bass 2-,Slap Bass 2 _ 1,Slap Bass 2 _ 1,67680,240
131.71875,0.46875,48,127,Kurt Cobain -slap bass 2-,Slap Bass 2 _ 1,Slap Bass 2 _ 1,67680,240
131.71875,0.46875,53,127,Kurt Cobain -slap bass 2-,Slap Bass 2 _ 1,Slap Bass 2 _ 1,67680,240
132.1875,0.1171875,41,127,Kurt Cobain -slap bass 2-,Slap Bass 2 _ 1,Slap Bass 2 _ 1,67920,60
132.1875,0.1171875,48,127,Kurt Cobain -slap bass 2-,Slap Bass 2 _ 1,Slap Bass 2 _ 1,67920,60
132.1875,0.1171875,53,127,Kurt Cobain -slap bass 2-,Slap Bass 2 _ 1,Slap Bass 2 _ 1,67920,60
132.3046875,0.1171875,41,127,Kurt Cobain -slap bass 2-,Slap Bass 2 _ 1,Slap Bass 2 _ 1,67980,60
132.3046875,0.1171875,48,127,Kurt Cobain -slap bass 2-,Slap Bass 2 _ 1,Slap Bass 2 _ 1,67980,60
132.3046875,0.1171875,53,127,Kurt Cobain -slap bass 2-,Slap Bass 2 _ 1,Slap Bass 2 _ 1,67980,60
132.421875,0.234375,46,127,Kurt Cobain -slap bass 2-,Slap Bass 2 _ 1,Slap Bass 2 _ 1,68040,120
132.421875,0.234375,53,127,Kurt Cobain -slap bass 2-,Slap Bass 2 _ 1,Slap Bass 2 _ 1,68040,120
132.421875,0.234375,58,127,Kurt Cobain -slap bass 2-,Slap Bass 2 _ 1,Slap Bass 2 _ 1,68040,120
132.65625,0.234375,46,127,Kurt Cobain -slap bass 2-,Slap Bass 2 _ 1,Slap Bass 2 _ 1,68160,120
132.65625,0.234375,53,127,Kurt Cobain -slap bass 2-,Slap Bass 2 _ 1,Slap Bass 2 _ 1,68160,120
132.65625,0.234375,58,127,Kurt Cobain -slap bass 2-,Slap Bass 2 _ 1,Slap Bass 2 _ 1,68160,120
132.890625,0.234375,41,127,Kurt Cobain -slap bass 2-,Slap Bass 2 _ 1,Slap Bass 2 _ 1,68280,120
132.890625,0.234375,48,127,Kurt Cobain -slap bass 2-,Slap Bass 2 _ 1,Slap Bass 2 _ 1,68280,120
132.890625,0.234375,53,127,Kurt Cobain -slap bass 2-,Slap Bass 2 _ 1,Slap Bass 2 _ 1,68280,120
133.125,0.46875,44,127,Kurt Cobain -slap bass 2-,Slap Bass 2 _ 1,Slap Bass 2 _ 1,68400,240
133.125,0.46875,51,127,Kurt Cobain -slap bass 2-,Slap Bass 2 _ 1,Slap Bass 2 _ 1,68400,240
133.125,0.46875,56,127,Kurt Cobain -slap bass 2-,Slap Bass 2 _ 1,Slap Bass 2 _ 1,68400,240
133.59375,0.46875,44,127,Kurt Cobain -slap bass 2-,Slap Bass 2 _ 1,Slap Bass 2 _ 1,68640,240
133.59375,0.46875,51,127,Kurt Cobain -slap bass 2-,Slap Bass 2 _ 1,Slap Bass 2 _ 1,68640,240
133.59375,0.46875,56,127,Kurt Cobain -slap bass 2-,Slap Bass 2 _ 1,Slap Bass 2 _ 1,68640,240
134.0625,0.1171875,44,127,Kurt Cobain -slap bass 2-,Slap Bass 2 _ 1,Slap Bass 2 _ 1,68880,60
134.0625,0.1171875,51,127,Kurt Cobain -slap bass 2-,Slap Bass 2 _ 1,Slap Bass 2 _ 1,68880,60
134.0625,0.1171875,56,127,Kurt Cobain -slap bass 2-,Slap Bass 2 _ 1,Slap Bass 2 _ 1,68880,60
134.1796875,0.1171875,44,127,Kurt Cobain -slap bass 2-,Slap Bass 2 _ 1,Slap Bass 2 _ 1,68940,60
134.1796875,0.1171875,51,127,Kurt Cobain -slap bass 2-,Slap Bass 2 _ 1,Slap Bass 2 _ 1,68940,60
134.1796875,0.1171875,56,127,Kurt Cobain -slap bass 2-,Slap Bass 2 _ 1,Slap Bass 2 _ 1,68940,60
134.296875,0.234375,49,127,Kurt Cobain -slap bass 2-,Slap Bass 2 _ 1,Slap Bass 2 _ 1,69000,120
134.296875,0.234375,56,127,Kurt Cobain -slap bass 2-,Slap Bass 2 _ 1,Slap Bass 2 _ 1,69000,120
134.296875,0.234375,61,127,Kurt Cobain -slap bass 2-,Slap Bass 2 _ 1,Slap Bass 2 _ 1,69000,120
134.53125,0.234375,49,95,Kurt Cobain -slap bass 2-,Slap Bass 2 _ 1,Slap Bass 2 _ 1,69120,120
134.53125,0.234375,56,95,Kurt Cobain -slap bass 2-,Slap Bass 2 _ 1,Slap Bass 2 _ 1,69120,120
134.53125,0.234375,61,95,Kurt Cobain -slap bass 2-,Slap Bass 2 _ 1,Slap Bass 2 _ 1,69120,120
134.765625,0.234375,56,95,Kurt Cobain -slap bass 2-,Slap Bass 2 _ 1,Slap Bass 2 _ 1,69240,120
134.765625,0.234375,49,95,Kurt Cobain -slap bass 2-,Slap Bass 2 _ 1,Slap Bass 2 _ 1,69240,120
134.765625,0.234375,61,95,Kurt Cobain -slap bass 2-,Slap Bass 2 _ 1,Slap Bass 2 _ 1,69240,120
135.0,0.46875,53,95,Kurt Cobain -slap bass 2-,Slap Bass 2 _ 1,Slap Bass 2 _ 1,69360,240
135.0,0.46875,48,95,Kurt Cobain -slap bass 2-,Slap Bass 2 _ 1,Slap Bass 2 _ 1,69360,240
135.0,0.46875,41,95,Kurt Cobain -slap bass 2-,Slap Bass 2 _ 1,Slap Bass 2 _ 1,69360,240
135.46875,0.234375,52,95,Kurt Cobain -slap bass 2-,Slap Bass 2 _ 1,Slap Bass 2 _ 1,69600,120
135.46875,0.234375,47,95,Kurt Cobain -slap bass 2-,Slap Bass 2 _ 1,Slap Bass 2 _ 1,69600,120
135.46875,0.234375,40,95,Kurt Cobain -slap bass 2-,Slap Bass 2 _ 1,Slap Bass 2 _ 1,69600,120
135.703125,0.234375,41,95,Kurt Cobain -slap bass 2-,Slap Bass 2 _ 1,Slap Bass 2 _ 1,69720,120
135.703125,0.234375,48,95,Kurt Cobain -slap bass 2-,Slap Bass 2 _ 1,Slap Bass 2 _ 1,69720,120
135.703125,0.234375,53,95,Kurt Cobain -slap bass 2-,Slap Bass 2 _ 1,Slap Bass 2 _ 1,69720,120
135.9375,0.234375,42,95,Kurt Cobain -slap bass 2-,Slap Bass 2 _ 1,Slap Bass 2 _ 1,69840,120
135.9375,0.234375,49,95,Kurt Cobain -slap bass 2-,Slap Bass 2 _ 1,Slap Bass 2 _ 1,69840,120
135.9375,0.234375,54,95,Kurt Cobain -slap bass 2-,Slap Bass 2 _ 1,Slap Bass 2 _ 1,69840,120
136.171875,0.234375,42,95,Kurt Cobain -slap bass 2-,Slap Bass 2 _ 1,Slap Bass 2 _ 1,69960,120
136.171875,0.234375,49,95,Kurt Cobain -slap bass 2-,Slap Bass 2 _ 1,Slap Bass 2 _ 1,69960,120
136.171875,0.234375,54,95,Kurt Cobain -slap bass 2-,Slap Bass 2 _ 1,Slap Bass 2 _ 1,69960,120
136.40625,0.46875,54,97,Kurt Cobain -slap bass 2-,Slap Bass 2 _ 1,Slap Bass 2 _ 1,70080,240
136.875,0.46875,53,95,Kurt Cobain -slap bass 2-,Slap Bass 2 _ 1,Slap Bass 2 _ 1,70320,240
136.875,0.46875,48,95,Kurt Cobain -slap bass 2-,Slap Bass 2 _ 1,Slap Bass 2 _ 1,70320,240
136.875,0.46875,41,95,Kurt Cobain -slap bass 2-,Slap Bass 2 _ 1,Slap Bass 2 _ 1,70320,240
137.34375,0.234375,52,95,Kurt Cobain -slap bass 2-,Slap Bass 2 _ 1,Slap Bass 2 _ 1,70560,120
137.34375,0.234375,47,95,Kurt Cobain -slap bass 2-,Slap Bass 2 _ 1,Slap Bass 2 _ 1,70560,120
137.34375,0.234375,40,95,Kurt Cobain -slap bass 2-,Slap Bass 2 _ 1,Slap Bass 2 _ 1,70560,120
137.578125,0.234375,41,95,Kurt Cobain -slap bass 2-,Slap Bass 2 _ 1,Slap Bass 2 _ 1,70680,120
137.578125,0.234375,48,95,Kurt Cobain -slap bass 2-,Slap Bass 2 _ 1,Slap Bass 2 _ 1,70680,120
137.578125,0.234375,53,95,Kurt Cobain -slap bass 2-,Slap Bass 2 _ 1,Slap Bass 2 _ 1,70680,120
137.8125,0.46875,46,95,Kurt Cobain -slap bass 2-,Slap Bass 2 _ 1,Slap Bass 2 _ 1,70800,240
137.8125,0.46875,53,95,Kurt Cobain -slap bass 2-,Slap Bass 2 _ 1,Slap Bass 2 _ 1,70800,240
137.8125,0.46875,58,95,Kurt Cobain -slap bass 2-,Slap Bass 2 _ 1,Slap Bass 2 _ 1,70800,240
138.28125,0.46875,44,95,Kurt Cobain -slap bass 2-,Slap Bass 2 _ 1,Slap Bass 2 _ 1,71040,240
138.28125,0.46875,51,95,Kurt Cobain -slap bass 2-,Slap Bass 2 _ 1,Slap Bass 2 _ 1,71040,240
138.28125,0.46875,56,95,Kurt Cobain -slap bass 2-,Slap Bass 2 _ 1,Slap Bass 2 _ 1,71040,240
138.75,0.46875,53,95,Kurt Cobain -slap bass 2-,Slap Bass 2 _ 1,Slap Bass 2 _ 1,71280,240
138.75,0.46875,48,95,Kurt Cobain -slap bass 2-,Slap Bass 2 _ 1,Slap Bass 2 _ 1,71280,240
138.75,0.46875,41,95,Kurt Cobain -slap bass 2-,Slap Bass 2 _ 1,Slap Bass 2 _ 1,71280,240
139.21875,0.234375,52,95,Kurt Cobain -slap bass 2-,Slap Bass 2 _ 1,Slap Bass 2 _ 1,71520,120
139.21875,0.234375,47,95,Kurt Cobain -slap bass 2-,Slap Bass 2 _ 1,Slap Bass 2 _ 1,71520,120
139.21875,0.234375,40,95,Kurt Cobain -slap bass 2-,Slap Bass 2 _ 1,Slap Bass 2 _ 1,71520,120
139.453125,0.234375,41,95,Kurt Cobain -slap bass 2-,Slap Bass 2 _ 1,Slap Bass 2 _ 1,71640,120
139.453125,0.234375,48,95,Kurt Cobain -slap bass 2-,Slap Bass 2 _ 1,Slap Bass 2 _ 1,71640,120
139.453125,0.234375,53,95,Kurt Cobain -slap bass 2-,Slap Bass 2 _ 1,Slap Bass 2 _ 1,71640,120
139.6875,0.234375,42,95,Kurt Cobain -slap bass 2-,Slap Bass 2 _ 1,Slap Bass 2 _ 1,71760,120
139.6875,0.234375,49,95,Kurt Cobain -slap bass 2-,Slap Bass 2 _ 1,Slap Bass 2 _ 1,71760,120
139.6875,0.234375,54,95,Kurt Cobain -slap bass 2-,Slap Bass 2 _ 1,Slap Bass 2 _ 1,71760,120
139.921875,0.234375,42,95,Kurt Cobain -slap bass 2-,Slap Bass 2 _ 1,Slap Bass 2 _ 1,71880,120
139.921875,0.234375,49,95,Kurt Cobain -slap bass 2-,Slap Bass 2 _ 1,Slap Bass 2 _ 1,71880,120
139.921875,0.234375,54,95,Kurt Cobain -slap bass 2-,Slap Bass 2 _ 1,Slap Bass 2 _ 1,71880,120
140.15625,0.46875,54,97,Kurt Cobain -slap bass 2-,Slap Bass 2 _ 1,Slap Bass 2 _ 1,72000,240
140.625,0.46875,53,95,Kurt Cobain -slap bass 2-,Slap Bass 2 _ 1,Slap Bass 2 _ 1,72240,240
140.625,0.46875,48,95,Kurt Cobain -slap bass 2-,Slap Bass 2 _ 1,Slap Bass 2 _ 1,72240,240
140.625,0.46875,41,95,Kurt Cobain -slap bass 2-,Slap Bass 2 _ 1,Slap Bass 2 _ 1,72240,240
141.09375,0.234375,52,95,Kurt Cobain -slap bass 2-,Slap Bass 2 _ 1,Slap Bass 2 _ 1,72480,120
141.09375,0.234375,47,95,Kurt Cobain -slap bass 2-,Slap Bass 2 _ 1,Slap Bass 2 _ 1,72480,120
141.09375,0.234375,40,95,Kurt Cobain -slap bass 2-,Slap Bass 2 _ 1,Slap Bass 2 _ 1,72480,120
141.328125,0.234375,41,95,Kurt Cobain -slap bass 2-,Slap Bass 2 _ 1,Slap Bass 2 _ 1,72600,120
141.328125,0.234375,48,95,Kurt Cobain -slap bass 2-,Slap Bass 2 _ 1,Slap Bass 2 _ 1,72600,120
141.328125,0.234375,53,95,Kurt Cobain -slap bass 2-,Slap Bass 2 _ 1,Slap Bass 2 _ 1,72600,120
141.5625,0.46875,46,95,Kurt Cobain -slap bass 2-,Slap Bass 2 _ 1,Slap Bass 2 _ 1,72720,240
141.5625,0.46875,53,95,Kurt Cobain -slap bass 2-,Slap Bass 2 _ 1,Slap Bass 2 _ 1,72720,240
141.5625,0.46875,58,95,Kurt Cobain -slap bass 2-,Slap Bass 2 _ 1,Slap Bass 2 _ 1,72720,240
142.03125,0.46875,44,95,Kurt Cobain -slap bass 2-,Slap Bass 2 _ 1,Slap Bass 2 _ 1,72960,240
142.03125,0.46875,51,95,Kurt Cobain -slap bass 2-,Slap Bass 2 _ 1,Slap Bass 2 _ 1,72960,240
142.03125,0.46875,56,95,Kurt Cobain -slap bass 2-,Slap Bass 2 _ 1,Slap Bass 2 _ 1,72960,240
142.96875,0.234375,60,95,Kurt Cobain -slap bass 2-,Slap Bass 2 _ 1,Slap Bass 2 _ 1,73440,120
143.203125,0.703125,63,95,Kurt Cobain -slap bass 2-,Slap Bass 2 _ 1,Slap Bass 2 _ 1,73560,360
143.671875,0.46875,65,95,Kurt Cobain -slap bass 2-,Slap Bass 2 _ 1,Slap Bass 2 _ 1,73800,240
144.84375,0.46875,60,76,Kurt Cobain -slap bass 2-,Slap Bass 2 _ 1,Slap Bass 2 _ 1,74400,240
144.140625,1.40625,56,95,Kurt Cobain -slap bass 2-,Slap Bass 2 _ 1,Slap Bass 2 _ 1,74040,720
145.3125,0.46875,65,95,Kurt Cobain -slap bass 2-,Slap Bass 2 _ 1,Slap Bass 2 _ 1,74640,240
145.78125,0.46875,63,95,Kurt Cobain -slap bass 2-,Slap Bass 2 _ 1,Slap Bass 2 _ 1,74880,240
146.25,0.46875,60,95,Kurt Cobain -slap bass 2-,Slap Bass 2 _ 1,Slap Bass 2 _ 1,75120,240
146.71875,0.234375,61,95,Kurt Cobain -slap bass 2-,Slap Bass 2 _ 1,Slap Bass 2 _ 1,75360,120
146.953125,0.46875,60,95,Kurt Cobain -slap bass 2-,Slap Bass 2 _ 1,Slap Bass 2 _ 1,75480,240
147.421875,0.9375,58,95,Kurt Cobain -slap bass 2-,Slap Bass 2 _ 1,Slap Bass 2 _ 1,75720,480
148.125,0.46875,56,95,Kurt Cobain -slap bass 2-,Slap Bass 2 _ 1,Slap Bass 2 _ 1,76080,240
148.59375,0.46875,58,95,Kurt Cobain -slap bass 2-,Slap Bass 2 _ 1,Slap Bass 2 _ 1,76320,240
148.828125,0.46875,60,95,Kurt Cobain -slap bass 2-,Slap Bass 2 _ 1,Slap Bass 2 _ 1,76440,240
149.296875,0.234375,58,95,Kurt Cobain -slap bass 2-,Slap Bass 2 _ 1,Slap Bass 2 _ 1,76680,120
149.53125,0.234375,56,95,Kurt Cobain -slap bass 2-,Slap Bass 2 _ 1,Slap Bass 2 _ 1,76800,120
149.765625,0.55078125,55,95,Kurt Cobain -slap bass 2-,Slap Bass 2 _ 1,Slap Bass 2 _ 1,76920,282
150.46875,0.234375,60,95,Kurt Cobain -slap bass 2-,Slap Bass 2 _ 1,Slap Bass 2 _ 1,77280,120
150.703125,0.703125,63,95,Kurt Cobain -slap bass 2-,Slap Bass 2 _ 1,Slap Bass 2 _ 1,77400,360
151.171875,0.4921875,65,95,Kurt Cobain -slap bass 2-,Slap Bass 2 _ 1,Slap Bass 2 _ 1,77640,252
151.640625,0.78125,56,95,Kurt Cobain -slap bass 2-,Slap Bass 2 _ 1,Slap Bass 2 _ 1,77880,400
152.34375,0.46875,60,76,Kurt Cobain -slap bass 2-,Slap Bass 2 _ 1,Slap Bass 2 _ 1,78240,240
152.8125,0.46875,65,95,Kurt Cobain -slap bass 2-,Slap Bass 2 _ 1,Slap Bass 2 _ 1,78480,240
153.28125,0.46875,63,95,Kurt Cobain -slap bass 2-,Slap Bass 2 _ 1,Slap Bass 2 _ 1,78720,240
153.75,0.46875,60,95,Kurt Cobain -slap bass 2-,Slap Bass 2 _ 1,Slap Bass 2 _ 1,78960,240
154.21875,0.234375,61,95,Kurt Cobain -slap bass 2-,Slap Bass 2 _ 1,Slap Bass 2 _ 1,79200,120
154.453125,0.46875,60,95,Kurt Cobain -slap bass 2-,Slap Bass 2 _ 1,Slap Bass 2 _ 1,79320,240
154.921875,0.9375,58,95,Kurt Cobain -slap bass 2-,Slap Bass 2 _ 1,Slap Bass 2 _ 1,79560,480
155.625,0.46875,56,95,Kurt Cobain -slap bass 2-,Slap Bass 2 _ 1,Slap Bass 2 _ 1,79920,240
156.09375,0.46875,58,95,Kurt Cobain -slap bass 2-,Slap Bass 2 _ 1,Slap Bass 2 _ 1,80160,240
156.328125,0.46875,60,95,Kurt Cobain -slap bass 2-,Slap Bass 2 _ 1,Slap Bass 2 _ 1,80280,240
156.796875,0.234375,58,95,Kurt Cobain -slap bass 2-,Slap Bass 2 _ 1,Slap Bass 2 _ 1,80520,120
157.03125,0.234375,56,95,Kurt Cobain -slap bass 2-,Slap Bass 2 _ 1,Slap Bass 2 _ 1,80640,120
157.96875,0.234375,56,95,Kurt Cobain -slap bass 2-,Slap Bass 2 _ 1,Slap Bass 2 _ 1,81120,120
157.265625,1.302734375,55,95,Kurt Cobain -slap bass 2-,Slap Bass 2 _ 1,Slap Bass 2 _ 1,80760,667
158.90625,0.234375,56,95,Kurt Cobain -slap bass 2-,Slap Bass 2 _ 1,Slap Bass 2 _ 1,81600,120
159.140625,0.921875,55,95,Kurt Cobain -slap bass 2-,Slap Bass 2 _ 1,Slap Bass 2 _ 1,81720,472
159.84375,0.234375,56,95,Kurt Cobain -slap bass 2-,Slap Bass 2 _ 1,Slap Bass 2 _ 1,82080,120
160.546875,0.234375,56,95,Kurt Cobain -slap bass 2-,Slap Bass 2 _ 1,Slap Bass 2 _ 1,82440,120
160.078125,0.921875,55,95,Kurt Cobain -slap bass 2-,Slap Bass 2 _ 1,Slap Bass 2 _ 1,82200,472
161.015625,0.302734375,55,95,Kurt Cobain -slap bass 2-,Slap Bass 2 _ 1,Slap Bass 2 _ 1,82680,155
161.25,0.46875,53,95,Kurt Cobain -slap bass 2-,Slap Bass 2 _ 1,Slap Bass 2 _ 1,82800,240
161.71875,0.234375,56,95,Kurt Cobain -slap bass 2-,Slap Bass 2 _ 1,Slap Bass 2 _ 1,83040,120
161.953125,0.46875,55,95,Kurt Cobain -slap bass 2-,Slap Bass 2 _ 1,Slap Bass 2 _ 1,83160,240
162.65625,0.234375,56,95,Kurt Cobain -slap bass 2-,Slap Bass 2 _ 1,Slap Bass 2 _ 1,83520,120
162.890625,0.921875,55,95,Kurt Cobain -slap bass 2-,Slap Bass 2 _ 1,Slap Bass 2 _ 1,83640,472
163.59375,0.234375,56,95,Kurt Cobain -slap bass 2-,Slap Bass 2 _ 1,Slap Bass 2 _ 1,84000,120
164.296875,0.234375,56,95,Kurt Cobain -slap bass 2-,Slap Bass 2 _ 1,Slap Bass 2 _ 1,84360,120
163.828125,0.921875,55,95,Kurt Cobain -slap bass 2-,Slap Bass 2 _ 1,Slap Bass 2 _ 1,84120,472
164.765625,0.234375,55,95,Kurt Cobain -slap bass 2-,Slap Bass 2 _ 1,Slap Bass 2 _ 1,84600,120
165.0,0.46875,53,95,Kurt Cobain -slap bass 2-,Slap Bass 2 _ 1,Slap Bass 2 _ 1,84720,240
165.46875,0.234375,56,95,Kurt Cobain -slap bass 2-,Slap Bass 2 _ 1,Slap Bass 2 _ 1,84960,120
165.703125,0.46875,55,95,Kurt Cobain -slap bass 2-,Slap Bass 2 _ 1,Slap Bass 2 _ 1,85080,240
166.40625,0.234375,56,95,Kurt Cobain -slap bass 2-,Slap Bass 2 _ 1,Slap Bass 2 _ 1,85440,120
166.640625,0.921875,55,95,Kurt Cobain -slap bass 2-,Slap Bass 2 _ 1,Slap Bass 2 _ 1,85560,472
167.34375,0.234375,56,95,Kurt Cobain -slap bass 2-,Slap Bass 2 _ 1,Slap Bass 2 _ 1,85920,120
168.046875,0.234375,56,95,Kurt Cobain -slap bass 2-,Slap Bass 2 _ 1,Slap Bass 2 _ 1,86280,120
167.578125,0.921875,55,95,Kurt Cobain -slap bass 2-,Slap Bass 2 _ 1,Slap Bass 2 _ 1,86040,472
168.515625,0.302734375,55,95,Kurt Cobain -slap bass 2-,Slap Bass 2 _ 1,Slap Bass 2 _ 1,86520,155
168.75,0.46875,53,76,Kurt Cobain -slap bass 2-,Slap Bass 2 _ 1,Slap Bass 2 _ 1,86640,240
169.21875,0.234375,56,95,Kurt Cobain -slap bass 2-,Slap Bass 2 _ 1,Slap Bass 2 _ 1,86880,120
169.453125,0.46875,55,95,Kurt Cobain -slap bass 2-,Slap Bass 2 _ 1,Slap Bass 2 _ 1,87000,240
170.15625,0.234375,56,95,Kurt Cobain -slap bass 2-,Slap Bass 2 _ 1,Slap Bass 2 _ 1,87360,120
170.390625,0.921875,55,95,Kurt Cobain -slap bass 2-,Slap Bass 2 _ 1,Slap Bass 2 _ 1,87480,472
171.09375,0.234375,56,95,Kurt Cobain -slap bass 2-,Slap Bass 2 _ 1,Slap Bass 2 _ 1,87840,120
171.796875,0.234375,56,95,Kurt Cobain -slap bass 2-,Slap Bass 2 _ 1,Slap Bass 2 _ 1,88200,120
171.328125,0.921875,55,95,Kurt Cobain -slap bass 2-,Slap Bass 2 _ 1,Slap Bass 2 _ 1,87960,472
172.265625,0.302734375,55,95,Kurt Cobain -slap bass 2-,Slap Bass 2 _ 1,Slap Bass 2 _ 1,88440,155
172.5,3.75390625,53,76,Kurt Cobain -slap bass 2-,Slap Bass 2 _ 1,Slap Bass 2 _ 1,88560,1922
172.5,3.75390625,41,76,Kurt Cobain -slap bass 2-,Slap Bass 2 _ 1,Slap Bass 2 _ 1,88560,1922
172.5,3.75390625,48,76,Kurt Cobain -slap bass 2-,Slap Bass 2 _ 1,Slap Bass 2 _ 1,88560,1922
195.0,0.46875,60,97,Kurt Cobain -slap bass 2-,Slap Bass 2 _ 1,Slap Bass 2 _ 1,100080,240
195.46875,0.46875,65,97,Kurt Cobain -slap bass 2-,Slap Bass 2 _ 1,Slap Bass 2 _ 1,100320,240
195.9375,0.46875,60,97,Kurt Cobain -slap bass 2-,Slap Bass 2 _ 1,Slap Bass 2 _ 1,100560,240
196.40625,0.46875,65,97,Kurt Cobain -slap bass 2-,Slap Bass 2 _ 1,Slap Bass 2 _ 1,100800,240
196.875,0.46875,60,97,Kurt Cobain -slap bass 2-,Slap Bass 2 _ 1,Slap Bass 2 _ 1,101040,240
197.34375,0.46875,65,97,Kurt Cobain -slap bass 2-,Slap Bass 2 _ 1,Slap Bass 2 _ 1,101280,240
197.8125,0.46875,60,97,Kurt Cobain -slap bass 2-,Slap Bass 2 _ 1,Slap Bass 2 _ 1,101520,240
198.28125,0.46875,65,97,Kurt Cobain -slap bass 2-,Slap Bass 2 _ 1,Slap Bass 2 _ 1,101760,240
198.75,0.46875,60,97,Kurt Cobain -slap bass 2-,Slap Bass 2 _ 1,Slap Bass 2 _ 1,102000,240
199.21875,0.46875,65,97,Kurt Cobain -slap bass 2-,Slap Bass 2 _ 1,Slap Bass 2 _ 1,102240,240
199.6875,0.46875,60,97,Kurt Cobain -slap bass 2-,Slap Bass 2 _ 1,Slap Bass 2 _ 1,102480,240
200.15625,0.46875,65,97,Kurt Cobain -slap bass 2-,Slap Bass 2 _ 1,Slap Bass 2 _ 1,102720,240
200.625,0.46875,60,97,Kurt Cobain -slap bass 2-,Slap Bass 2 _ 1,Slap Bass 2 _ 1,102960,240
201.09375,0.46875,65,97,Kurt Cobain -slap bass 2-,Slap Bass 2 _ 1,Slap Bass 2 _ 1,103200,240
201.5625,0.46875,60,97,Kurt Cobain -slap bass 2-,Slap Bass 2 _ 1,Slap Bass 2 _ 1,103440,240
202.03125,0.46875,65,97,Kurt Cobain -slap bass 2-,Slap Bass 2 _ 1,Slap Bass 2 _ 1,103680,240
202.5,0.46875,60,97,Kurt Cobain -slap bass 2-,Slap Bass 2 _ 1,Slap Bass 2 _ 1,103920,240
202.96875,0.46875,65,97,Kurt Cobain -slap bass 2-,Slap Bass 2 _ 1,Slap Bass 2 _ 1,104160,240
203.4375,0.46875,60,97,Kurt Cobain -slap bass 2-,Slap Bass 2 _ 1,Slap Bass 2 _ 1,104400,240
203.90625,0.46875,65,97,Kurt Cobain -slap bass 2-,Slap Bass 2 _ 1,Slap Bass 2 _ 1,104640,240
204.375,0.46875,60,97,Kurt Cobain -slap bass 2-,Slap Bass 2 _ 1,Slap Bass 2 _ 1,104880,240
204.84375,0.46875,65,97,Kurt Cobain -slap bass 2-,Slap Bass 2 _ 1,Slap Bass 2 _ 1,105120,240
205.3125,0.46875,60,97,Kurt Cobain -slap bass 2-,Slap Bass 2 _ 1,Slap Bass 2 _ 1,105360,240
205.78125,0.46875,65,97,Kurt Cobain -slap bass 2-,Slap Bass 2 _ 1,Slap Bass 2 _ 1,105600,240
206.25,0.46875,60,97,Kurt Cobain -slap bass 2-,Slap Bass 2 _ 1,Slap Bass 2 _ 1,105840,240
206.71875,0.46875,65,97,Kurt Cobain -slap bass 2-,Slap Bass 2 _ 1,Slap Bass 2 _ 1,106080,240
207.1875,0.46875,60,97,Kurt Cobain -slap bass 2-,Slap Bass 2 _ 1,Slap Bass 2 _ 1,106320,240
207.65625,0.46875,65,97,Kurt Cobain -slap bass 2-,Slap Bass 2 _ 1,Slap Bass 2 _ 1,106560,240
208.125,0.46875,60,97,Kurt Cobain -slap bass 2-,Slap Bass 2 _ 1,Slap Bass 2 _ 1,106800,240
208.59375,0.46875,65,97,Kurt Cobain -slap bass 2-,Slap Bass 2 _ 1,Slap Bass 2 _ 1,107040,240
209.0625,0.46875,60,97,Kurt Cobain -slap bass 2-,Slap Bass 2 _ 1,Slap Bass 2 _ 1,107280,240
209.53125,0.46875,65,127,Kurt Cobain -slap bass 2-,Slap Bass 2 _ 1,Slap Bass 2 _ 1,107520,240
209.53125,0.46875,43,127,Kurt Cobain -slap bass 2-,Slap Bass 2 _ 1,Slap Bass 2 _ 1,107520,240
209.53125,0.46875,38,127,Kurt Cobain -slap bass 2-,Slap Bass 2 _ 1,Slap Bass 2 _ 1,107520,240
209.53125,0.46875,31,127,Kurt Cobain -slap bass 2-,Slap Bass 2 _ 1,Slap Bass 2 _ 1,107520,240
210.0,0.46875,41,127,Kurt Cobain -slap bass 2-,Slap Bass 2 _ 1,Slap Bass 2 _ 1,107760,240
210.0,0.46875,48,127,Kurt Cobain -slap bass 2-,Slap Bass 2 _ 1,Slap Bass 2 _ 1,107760,240
210.0,0.46875,53,127,Kurt Cobain -slap bass 2-,Slap Bass 2 _ 1,Slap Bass 2 _ 1,107760,240
210.46875,0.46875,41,127,Kurt Cobain -slap bass 2-,Slap Bass 2 _ 1,Slap Bass 2 _ 1,108000,240
210.46875,0.46875,48,127,Kurt Cobain -slap bass 2-,Slap Bass 2 _ 1,Slap Bass 2 _ 1,108000,240
210.46875,0.46875,53,127,Kurt Cobain -slap bass 2-,Slap Bass 2 _ 1,Slap Bass 2 _ 1,108000,240
210.9375,0.1171875,41,127,Kurt Cobain -slap bass 2-,Slap Bass 2 _ 1,Slap Bass 2 _ 1,108240,60
210.9375,0.1171875,48,127,Kurt Cobain -slap bass 2-,Slap Bass 2 _ 1,Slap Bass 2 _ 1,108240,60
210.9375,0.1171875,53,127,Kurt Cobain -slap bass 2-,Slap Bass 2 _ 1,Slap Bass 2 _ 1,108240,60
211.0546875,0.1171875,41,127,Kurt Cobain -slap bass 2-,Slap Bass 2 _ 1,Slap Bass 2 _ 1,108300,60
211.0546875,0.1171875,48,127,Kurt Cobain -slap bass 2-,Slap Bass 2 _ 1,Slap Bass 2 _ 1,108300,60
211.0546875,0.1171875,53,127,Kurt Cobain -slap bass 2-,Slap Bass 2 _ 1,Slap Bass 2 _ 1,108300,60
211.171875,0.234375,46,127,Kurt Cobain -slap bass 2-,Slap Bass 2 _ 1,Slap Bass 2 _ 1,108360,120
211.171875,0.234375,53,127,Kurt Cobain -slap bass 2-,Slap Bass 2 _ 1,Slap Bass 2 _ 1,108360,120
211.171875,0.234375,58,127,Kurt Cobain -slap bass 2-,Slap Bass 2 _ 1,Slap Bass 2 _ 1,108360,120
211.40625,0.234375,46,127,Kurt Cobain -slap bass 2-,Slap Bass 2 _ 1,Slap Bass 2 _ 1,108480,120
211.40625,0.234375,53,127,Kurt Cobain -slap bass 2-,Slap Bass 2 _ 1,Slap Bass 2 _ 1,108480,120
211.40625,0.234375,58,127,Kurt Cobain -slap bass 2-,Slap Bass 2 _ 1,Slap Bass 2 _ 1,108480,120
211.640625,0.234375,41,127,Kurt Cobain -slap bass 2-,Slap Bass 2 _ 1,Slap Bass 2 _ 1,108600,120
211.640625,0.234375,48,127,Kurt Cobain -slap bass 2-,Slap Bass 2 _ 1,Slap Bass 2 _ 1,108600,120
211.640625,0.234375,53,127,Kurt Cobain -slap bass 2-,Slap Bass 2 _ 1,Slap Bass 2 _ 1,108600,120
211.875,0.46875,44,127,Kurt Cobain -slap bass 2-,Slap Bass 2 _ 1,Slap Bass 2 _ 1,108720,240
211.875,0.46875,51,127,Kurt Cobain -slap bass 2-,Slap Bass 2 _ 1,Slap Bass 2 _ 1,108720,240
211.875,0.46875,56,127,Kurt Cobain -slap bass 2-,Slap Bass 2 _ 1,Slap Bass 2 _ 1,108720,240
212.34375,0.46875,44,127,Kurt Cobain -slap bass 2-,Slap Bass 2 _ 1,Slap Bass 2 _ 1,108960,240
212.34375,0.46875,51,127,Kurt Cobain -slap bass 2-,Slap Bass 2 _ 1,Slap Bass 2 _ 1,108960,240
212.34375,0.46875,56,127,Kurt Cobain -slap bass 2-,Slap Bass 2 _ 1,Slap Bass 2 _ 1,108960,240
212.8125,0.1171875,44,127,Kurt Cobain -slap bass 2-,Slap Bass 2 _ 1,Slap Bass 2 _ 1,109200,60
212.8125,0.1171875,51,127,Kurt Cobain -slap bass 2-,Slap Bass 2 _ 1,Slap Bass 2 _ 1,109200,60
212.8125,0.1171875,56,127,Kurt Cobain -slap bass 2-,Slap Bass 2 _ 1,Slap Bass 2 _ 1,109200,60
212.9296875,0.1171875,44,127,Kurt Cobain -slap bass 2-,Slap Bass 2 _ 1,Slap Bass 2 _ 1,109260,60
212.9296875,0.1171875,51,127,Kurt Cobain -slap bass 2-,Slap Bass 2 _ 1,Slap Bass 2 _ 1,109260,60
212.9296875,0.1171875,56,127,Kurt Cobain -slap bass 2-,Slap Bass 2 _ 1,Slap Bass 2 _ 1,109260,60
213.046875,0.234375,49,127,Kurt Cobain -slap bass 2-,Slap Bass 2 _ 1,Slap Bass 2 _ 1,109320,120
213.046875,0.234375,56,127,Kurt Cobain -slap bass 2-,Slap Bass 2 _ 1,Slap Bass 2 _ 1,109320,120
213.046875,0.234375,61,127,Kurt Cobain -slap bass 2-,Slap Bass 2 _ 1,Slap Bass 2 _ 1,109320,120
213.28125,0.234375,49,127,Kurt Cobain -slap bass 2-,Slap Bass 2 _ 1,Slap Bass 2 _ 1,109440,120
213.28125,0.234375,56,127,Kurt Cobain -slap bass 2-,Slap Bass 2 _ 1,Slap Bass 2 _ 1,109440,120
213.28125,0.234375,61,127,Kurt Cobain -slap bass 2-,Slap Bass 2 _ 1,Slap Bass 2 _ 1,109440,120
213.515625,0.234375,44,127,Kurt Cobain -slap bass 2-,Slap Bass 2 _ 1,Slap Bass 2 _ 1,109560,120
213.515625,0.234375,51,127,Kurt Cobain -slap bass 2-,Slap Bass 2 _ 1,Slap Bass 2 _ 1,109560,120
213.515625,0.234375,56,127,Kurt Cobain -slap bass 2-,Slap Bass 2 _ 1,Slap Bass 2 _ 1,109560,120
213.75,0.46875,41,127,Kurt Cobain -slap bass 2-,Slap Bass 2 _ 1,Slap Bass 2 _ 1,109680,240
213.75,0.46875,48,127,Kurt Cobain -slap bass 2-,Slap Bass 2 _ 1,Slap Bass 2 _ 1,109680,240
213.75,0.46875,53,127,Kurt Cobain -slap bass 2-,Slap Bass 2 _ 1,Slap Bass 2 _ 1,109680,240
214.21875,0.46875,41,127,Kurt Cobain -slap bass 2-,Slap Bass 2 _ 1,Slap Bass 2 _ 1,109920,240
214.21875,0.46875,48,127,Kurt Cobain -slap bass 2-,Slap Bass 2 _ 1,Slap Bass 2 _ 1,109920,240
214.21875,0.46875,53,127,Kurt Cobain -slap bass 2-,Slap Bass 2 _ 1,Slap Bass 2 _ 1,109920,240
214.6875,0.1171875,41,127,Kurt Cobain -slap bass 2-,Slap Bass 2 _ 1,Slap Bass 2 _ 1,110160,60
214.6875,0.1171875,48,127,Kurt Cobain -slap bass 2-,Slap Bass 2 _ 1,Slap Bass 2 _ 1,110160,60
214.6875,0.1171875,53,127,Kurt Cobain -slap bass 2-,Slap Bass 2 _ 1,Slap Bass 2 _ 1,110160,60
214.8046875,0.1171875,41,127,Kurt Cobain -slap bass 2-,Slap Bass 2 _ 1,Slap Bass 2 _ 1,110220,60
214.8046875,0.1171875,48,127,Kurt Cobain -slap bass 2-,Slap Bass 2 _ 1,Slap Bass 2 _ 1,110220,60
214.8046875,0.1171875,53,127,Kurt Cobain -slap bass 2-,Slap Bass 2 _ 1,Slap Bass 2 _ 1,110220,60
214.921875,0.234375,46,127,Kurt Cobain -slap bass 2-,Slap Bass 2 _ 1,Slap Bass 2 _ 1,110280,120
214.921875,0.234375,53,127,Kurt Cobain -slap bass 2-,Slap Bass 2 _ 1,Slap Bass 2 _ 1,110280,120
214.921875,0.234375,58,127,Kurt Cobain -slap bass 2-,Slap Bass 2 _ 1,Slap Bass 2 _ 1,110280,120
215.15625,0.234375,46,127,Kurt Cobain -slap bass 2-,Slap Bass 2 _ 1,Slap Bass 2 _ 1,110400,120
215.15625,0.234375,53,127,Kurt Cobain -slap bass 2-,Slap Bass 2 _ 1,Slap Bass 2 _ 1,110400,120
215.15625,0.234375,58,127,Kurt Cobain -slap bass 2-,Slap Bass 2 _ 1,Slap Bass 2 _ 1,110400,120
215.390625,0.234375,41,127,Kurt Cobain -slap bass 2-,Slap Bass 2 _ 1,Slap Bass 2 _ 1,110520,120
215.390625,0.234375,48,127,Kurt Cobain -slap bass 2-,Slap Bass 2 _ 1,Slap Bass 2 _ 1,110520,120
215.390625,0.234375,53,127,Kurt Cobain -slap bass 2-,Slap Bass 2 _ 1,Slap Bass 2 _ 1,110520,120
215.625,0.46875,44,127,Kurt Cobain -slap bass 2-,Slap Bass 2 _ 1,Slap Bass 2 _ 1,110640,240
215.625,0.46875,51,127,Kurt Cobain -slap bass 2-,Slap Bass 2 _ 1,Slap Bass 2 _ 1,110640,240
215.625,0.46875,56,127,Kurt Cobain -slap bass 2-,Slap Bass 2 _ 1,Slap Bass 2 _ 1,110640,240
216.09375,0.46875,44,127,Kurt Cobain -slap bass 2-,Slap Bass 2 _ 1,Slap Bass 2 _ 1,110880,240
216.09375,0.46875,51,127,Kurt Cobain -slap bass 2-,Slap Bass 2 _ 1,Slap Bass 2 _ 1,110880,240
216.09375,0.46875,56,127,Kurt Cobain -slap bass 2-,Slap Bass 2 _ 1,Slap Bass 2 _ 1,110880,240
216.5625,0.1171875,44,127,Kurt Cobain -slap bass 2-,Slap Bass 2 _ 1,Slap Bass 2 _ 1,111120,60
216.5625,0.1171875,51,127,Kurt Cobain -slap bass 2-,Slap Bass 2 _ 1,Slap Bass 2 _ 1,111120,60
216.5625,0.1171875,56,127,Kurt Cobain -slap bass 2-,Slap Bass 2 _ 1,Slap Bass 2 _ 1,111120,60
216.6796875,0.1171875,44,127,Kurt Cobain -slap bass 2-,Slap Bass 2 _ 1,Slap Bass 2 _ 1,111180,60
216.6796875,0.1171875,51,127,Kurt Cobain -slap bass 2-,Slap Bass 2 _ 1,Slap Bass 2 _ 1,111180,60
216.6796875,0.1171875,56,127,Kurt Cobain -slap bass 2-,Slap Bass 2 _ 1,Slap Bass 2 _ 1,111180,60
216.796875,0.234375,49,127,Kurt Cobain -slap bass 2-,Slap Bass 2 _ 1,Slap Bass 2 _ 1,111240,120
216.796875,0.234375,56,127,Kurt Cobain -slap bass 2-,Slap Bass 2 _ 1,Slap Bass 2 _ 1,111240,120
216.796875,0.234375,61,127,Kurt Cobain -slap bass 2-,Slap Bass 2 _ 1,Slap Bass 2 _ 1,111240,120
217.03125,0.234375,49,127,Kurt Cobain -slap bass 2-,Slap Bass 2 _ 1,Slap Bass 2 _ 1,111360,120
217.03125,0.234375,56,127,Kurt Cobain -slap bass 2-,Slap Bass 2 _ 1,Slap Bass 2 _ 1,111360,120
217.03125,0.234375,61,127,Kurt Cobain -slap bass 2-,Slap Bass 2 _ 1,Slap Bass 2 _ 1,111360,120
217.265625,0.234375,44,127,Kurt Cobain -slap bass 2-,Slap Bass 2 _ 1,Slap Bass 2 _ 1,111480,120
217.265625,0.234375,51,127,Kurt Cobain -slap bass 2-,Slap Bass 2 _ 1,Slap Bass 2 _ 1,111480,120
217.265625,0.234375,56,127,Kurt Cobain -slap bass 2-,Slap Bass 2 _ 1,Slap Bass 2 _ 1,111480,120
217.5,0.46875,41,127,Kurt Cobain -slap bass 2-,Slap Bass 2 _ 1,Slap Bass 2 _ 1,111600,240
217.5,0.46875,48,127,Kurt Cobain -slap bass 2-,Slap Bass 2 _ 1,Slap Bass 2 _ 1,111600,240
217.5,0.46875,53,127,Kurt Cobain -slap bass 2-,Slap Bass 2 _ 1,Slap Bass 2 _ 1,111600,240
217.96875,0.46875,41,127,Kurt Cobain -slap bass 2-,Slap Bass 2 _ 1,Slap Bass 2 _ 1,111840,240
217.96875,0.46875,48,127,Kurt Cobain -slap bass 2-,Slap Bass 2 _ 1,Slap Bass 2 _ 1,111840,240
217.96875,0.46875,53,127,Kurt Cobain -slap bass 2-,Slap Bass 2 _ 1,Slap Bass 2 _ 1,111840,240
218.4375,0.1171875,41,127,Kurt Cobain -slap bass 2-,Slap Bass 2 _ 1,Slap Bass 2 _ 1,112080,60
218.4375,0.1171875,48,127,Kurt Cobain -slap bass 2-,Slap Bass 2 _ 1,Slap Bass 2 _ 1,112080,60
218.4375,0.1171875,53,127,Kurt Cobain -slap bass 2-,Slap Bass 2 _ 1,Slap Bass 2 _ 1,112080,60
218.5546875,0.1171875,41,127,Kurt Cobain -slap bass 2-,Slap Bass 2 _ 1,Slap Bass 2 _ 1,112140,60
218.5546875,0.1171875,48,127,Kurt Cobain -slap bass 2-,Slap Bass 2 _ 1,Slap Bass 2 _ 1,112140,60
218.5546875,0.1171875,53,127,Kurt Cobain -slap bass 2-,Slap Bass 2 _ 1,Slap Bass 2 _ 1,112140,60
218.671875,0.234375,46,127,Kurt Cobain -slap bass 2-,Slap Bass 2 _ 1,Slap Bass 2 _ 1,112200,120
218.671875,0.234375,53,127,Kurt Cobain -slap bass 2-,Slap Bass 2 _ 1,Slap Bass 2 _ 1,112200,120
218.671875,0.234375,58,127,Kurt Cobain -slap bass 2-,Slap Bass 2 _ 1,Slap Bass 2 _ 1,112200,120
218.90625,0.234375,46,127,Kurt Cobain -slap bass 2-,Slap Bass 2 _ 1,Slap Bass 2 _ 1,112320,120
218.90625,0.234375,53,127,Kurt Cobain -slap bass 2-,Slap Bass 2 _ 1,Slap Bass 2 _ 1,112320,120
218.90625,0.234375,58,127,Kurt Cobain -slap bass 2-,Slap Bass 2 _ 1,Slap Bass 2 _ 1,112320,120
219.140625,0.234375,41,127,Kurt Cobain -slap bass 2-,Slap Bass 2 _ 1,Slap Bass 2 _ 1,112440,120
219.140625,0.234375,48,127,Kurt Cobain -slap bass 2-,Slap Bass 2 _ 1,Slap Bass 2 _ 1,112440,120
219.140625,0.234375,53,127,Kurt Cobain -slap bass 2-,Slap Bass 2 _ 1,Slap Bass 2 _ 1,112440,120
219.375,0.46875,44,127,Kurt Cobain -slap bass 2-,Slap Bass 2 _ 1,Slap Bass 2 _ 1,112560,240
219.375,0.46875,51,127,Kurt Cobain -slap bass 2-,Slap Bass 2 _ 1,Slap Bass 2 _ 1,112560,240
219.375,0.46875,56,127,Kurt Cobain -slap bass 2-,Slap Bass 2 _ 1,Slap Bass 2 _ 1,112560,240
219.84375,0.46875,44,127,Kurt Cobain -slap bass 2-,Slap Bass 2 _ 1,Slap Bass 2 _ 1,112800,240
219.84375,0.46875,51,127,Kurt Cobain -slap bass 2-,Slap Bass 2 _ 1,Slap Bass 2 _ 1,112800,240
219.84375,0.46875,56,127,Kurt Cobain -slap bass 2-,Slap Bass 2 _ 1,Slap Bass 2 _ 1,112800,240
220.3125,0.1171875,44,127,Kurt Cobain -slap bass 2-,Slap Bass 2 _ 1,Slap Bass 2 _ 1,113040,60
220.3125,0.1171875,51,127,Kurt Cobain -slap bass 2-,Slap Bass 2 _ 1,Slap Bass 2 _ 1,113040,60
220.3125,0.1171875,56,127,Kurt Cobain -slap bass 2-,Slap Bass 2 _ 1,Slap Bass 2 _ 1,113040,60
220.4296875,0.1171875,44,127,Kurt Cobain -slap bass 2-,Slap Bass 2 _ 1,Slap Bass 2 _ 1,113100,60
220.4296875,0.1171875,51,127,Kurt Cobain -slap bass 2-,Slap Bass 2 _ 1,Slap Bass 2 _ 1,113100,60
220.4296875,0.1171875,56,127,Kurt Cobain -slap bass 2-,Slap Bass 2 _ 1,Slap Bass 2 _ 1,113100,60
220.546875,0.234375,49,127,Kurt Cobain -slap bass 2-,Slap Bass 2 _ 1,Slap Bass 2 _ 1,113160,120
220.546875,0.234375,56,127,Kurt Cobain -slap bass 2-,Slap Bass 2 _ 1,Slap Bass 2 _ 1,113160,120
220.546875,0.234375,61,127,Kurt Cobain -slap bass 2-,Slap Bass 2 _ 1,Slap Bass 2 _ 1,113160,120
220.78125,0.234375,49,127,Kurt Cobain -slap bass 2-,Slap Bass 2 _ 1,Slap Bass 2 _ 1,113280,120
220.78125,0.234375,56,127,Kurt Cobain -slap bass 2-,Slap Bass 2 _ 1,Slap Bass 2 _ 1,113280,120
220.78125,0.234375,61,127,Kurt Cobain -slap bass 2-,Slap Bass 2 _ 1,Slap Bass 2 _ 1,113280,120
221.015625,0.234375,44,127,Kurt Cobain -slap bass 2-,Slap Bass 2 _ 1,Slap Bass 2 _ 1,113400,120
221.015625,0.234375,51,127,Kurt Cobain -slap bass 2-,Slap Bass 2 _ 1,Slap Bass 2 _ 1,113400,120
221.015625,0.234375,56,127,Kurt Cobain -slap bass 2-,Slap Bass 2 _ 1,Slap Bass 2 _ 1,113400,120
221.25,0.46875,41,127,Kurt Cobain -slap bass 2-,Slap Bass 2 _ 1,Slap Bass 2 _ 1,113520,240
221.25,0.46875,48,127,Kurt Cobain -slap bass 2-,Slap Bass 2 _ 1,Slap Bass 2 _ 1,113520,240
221.25,0.46875,53,127,Kurt Cobain -slap bass 2-,Slap Bass 2 _ 1,Slap Bass 2 _ 1,113520,240
221.71875,0.46875,41,127,Kurt Cobain -slap bass 2-,Slap Bass 2 _ 1,Slap Bass 2 _ 1,113760,240
221.71875,0.46875,48,127,Kurt Cobain -slap bass 2-,Slap Bass 2 _ 1,Slap Bass 2 _ 1,113760,240
221.71875,0.46875,53,127,Kurt Cobain -slap bass 2-,Slap Bass 2 _ 1,Slap Bass 2 _ 1,113760,240
222.1875,0.1171875,41,127,Kurt Cobain -slap bass 2-,Slap Bass 2 _ 1,Slap Bass 2 _ 1,114000,60
222.1875,0.1171875,48,127,Kurt Cobain -slap bass 2-,Slap Bass 2 _ 1,Slap Bass 2 _ 1,114000,60
222.1875,0.1171875,53,127,Kurt Cobain -slap bass 2-,Slap Bass 2 _ 1,Slap Bass 2 _ 1,114000,60
222.3046875,0.1171875,41,127,Kurt Cobain -slap bass 2-,Slap Bass 2 _ 1,Slap Bass 2 _ 1,114060,60
222.3046875,0.1171875,48,127,Kurt Cobain -slap bass 2-,Slap Bass 2 _ 1,Slap Bass 2 _ 1,114060,60
222.3046875,0.1171875,53,127,Kurt Cobain -slap bass 2-,Slap Bass 2 _ 1,Slap Bass 2 _ 1,114060,60
222.421875,0.234375,46,127,Kurt Cobain -slap bass 2-,Slap Bass 2 _ 1,Slap Bass 2 _ 1,114120,120
222.421875,0.234375,53,127,Kurt Cobain -slap bass 2-,Slap Bass 2 _ 1,Slap Bass 2 _ 1,114120,120
222.421875,0.234375,58,127,Kurt Cobain -slap bass 2-,Slap Bass 2 _ 1,Slap Bass 2 _ 1,114120,120
222.65625,0.234375,46,127,Kurt Cobain -slap bass 2-,Slap Bass 2 _ 1,Slap Bass 2 _ 1,114240,120
222.65625,0.234375,53,127,Kurt Cobain -slap bass 2-,Slap Bass 2 _ 1,Slap Bass 2 _ 1,114240,120
222.65625,0.234375,58,127,Kurt Cobain -slap bass 2-,Slap Bass 2 _ 1,Slap Bass 2 _ 1,114240,120
222.890625,0.234375,41,127,Kurt Cobain -slap bass 2-,Slap Bass 2 _ 1,Slap Bass 2 _ 1,114360,120
222.890625,0.234375,48,127,Kurt Cobain -slap bass 2-,Slap Bass 2 _ 1,Slap Bass 2 _ 1,114360,120
222.890625,0.234375,53,127,Kurt Cobain -slap bass 2-,Slap Bass 2 _ 1,Slap Bass 2 _ 1,114360,120
223.125,0.46875,44,127,Kurt Cobain -slap bass 2-,Slap Bass 2 _ 1,Slap Bass 2 _ 1,114480,240
223.125,0.46875,51,127,Kurt Cobain -slap bass 2-,Slap Bass 2 _ 1,Slap Bass 2 _ 1,114480,240
223.125,0.46875,56,127,Kurt Cobain -slap bass 2-,Slap Bass 2 _ 1,Slap Bass 2 _ 1,114480,240
223.59375,0.46875,44,127,Kurt Cobain -slap bass 2-,Slap Bass 2 _ 1,Slap Bass 2 _ 1,114720,240
223.59375,0.46875,51,127,Kurt Cobain -slap bass 2-,Slap Bass 2 _ 1,Slap Bass 2 _ 1,114720,240
223.59375,0.46875,56,127,Kurt Cobain -slap bass 2-,Slap Bass 2 _ 1,Slap Bass 2 _ 1,114720,240
224.0625,0.1171875,44,127,Kurt Cobain -slap bass 2-,Slap Bass 2 _ 1,Slap Bass 2 _ 1,114960,60
224.0625,0.1171875,51,127,Kurt Cobain -slap bass 2-,Slap Bass 2 _ 1,Slap Bass 2 _ 1,114960,60
224.0625,0.1171875,56,127,Kurt Cobain -slap bass 2-,Slap Bass 2 _ 1,Slap Bass 2 _ 1,114960,60
224.1796875,0.1171875,44,127,Kurt Cobain -slap bass 2-,Slap Bass 2 _ 1,Slap Bass 2 _ 1,115020,60
224.1796875,0.1171875,51,127,Kurt Cobain -slap bass 2-,Slap Bass 2 _ 1,Slap Bass 2 _ 1,115020,60
224.1796875,0.1171875,56,127,Kurt Cobain -slap bass 2-,Slap Bass 2 _ 1,Slap Bass 2 _ 1,115020,60
224.296875,0.234375,49,127,Kurt Cobain -slap bass 2-,Slap Bass 2 _ 1,Slap Bass 2 _ 1,115080,120
224.296875,0.234375,56,127,Kurt Cobain -slap bass 2-,Slap Bass 2 _ 1,Slap Bass 2 _ 1,115080,120
224.296875,0.234375,61,127,Kurt Cobain -slap bass 2-,Slap Bass 2 _ 1,Slap Bass 2 _ 1,115080,120
224.53125,0.234375,49,127,Kurt Cobain -slap bass 2-,Slap Bass 2 _ 1,Slap Bass 2 _ 1,115200,120
224.53125,0.234375,56,127,Kurt Cobain -slap bass 2-,Slap Bass 2 _ 1,Slap Bass 2 _ 1,115200,120
224.53125,0.234375,61,127,Kurt Cobain -slap bass 2-,Slap Bass 2 _ 1,Slap Bass 2 _ 1,115200,120
224.765625,0.234375,56,127,Kurt Cobain -slap bass 2-,Slap Bass 2 _ 1,Slap Bass 2 _ 1,115320,120
224.765625,0.234375,49,127,Kurt Cobain -slap bass 2-,Slap Bass 2 _ 1,Slap Bass 2 _ 1,115320,120
224.765625,0.234375,61,127,Kurt Cobain -slap bass 2-,Slap Bass 2 _ 1,Slap Bass 2 _ 1,115320,120
225.0,0.5,41,127,Kurt Cobain -slap bass 2-,Slap Bass 2 _ 1,Slap Bass 2 _ 1,115440,240
225.0,0.5,48,127,Kurt Cobain -slap bass 2-,Slap Bass 2 _ 1,Slap Bass 2 _ 1,115440,240
225.0,0.5,53,127,Kurt Cobain -slap bass 2-,Slap Bass 2 _ 1,Slap Bass 2 _ 1,115440,240
225.5,0.5,41,127,Kurt Cobain -slap bass 2-,Slap Bass 2 _ 1,Slap Bass 2 _ 1,115680,240
225.5,0.5,48,127,Kurt Cobain -slap bass 2-,Slap Bass 2 _ 1,Slap Bass 2 _ 1,115680,240
225.5,0.5,53,127,Kurt Cobain -slap bass 2-,Slap Bass 2 _ 1,Slap Bass 2 _ 1,115680,240
226.0,0.125,41,127,Kurt Cobain -slap bass 2-,Slap Bass 2 _ 1,Slap Bass 2 _ 1,115920,60
226.0,0.125,48,127,Kurt Cobain -slap bass 2-,Slap Bass 2 _ 1,Slap Bass 2 _ 1,115920,60
226.0,0.125,53,127,Kurt Cobain -slap bass 2-,Slap Bass 2 _ 1,Slap Bass 2 _ 1,115920,60
226.125,0.125,41,127,Kurt Cobain -slap bass 2-,Slap Bass 2 _ 1,Slap Bass 2 _ 1,115980,60
226.125,0.125,48,127,Kurt Cobain -slap bass 2-,Slap Bass 2 _ 1,Slap Bass 2 _ 1,115980,60
226.125,0.125,53,127,Kurt Cobain -slap bass 2-,Slap Bass 2 _ 1,Slap Bass 2 _ 1,115980,60
226.25,0.25,46,127,Kurt Cobain -slap bass 2-,Slap Bass 2 _ 1,Slap Bass 2 _ 1,116040,120
226.25,0.25,53,127,Kurt Cobain -slap bass 2-,Slap Bass 2 _ 1,Slap Bass 2 _ 1,116040,120
226.25,0.25,58,127,Kurt Cobain -slap bass 2-,Slap Bass 2 _ 1,Slap Bass 2 _ 1,116040,120
226.5,0.25,46,127,Kurt Cobain -slap bass 2-,Slap Bass 2 _ 1,Slap Bass 2 _ 1,116160,120
226.5,0.25,53,127,Kurt Cobain -slap bass 2-,Slap Bass 2 _ 1,Slap Bass 2 _ 1,116160,120
226.5,0.25,58,127,Kurt Cobain -slap bass 2-,Slap Bass 2 _ 1,Slap Bass 2 _ 1,116160,120
226.75,0.25,41,127,Kurt Cobain -slap bass 2-,Slap Bass 2 _ 1,Slap Bass 2 _ 1,116280,120
226.75,0.25,48,127,Kurt Cobain -slap bass 2-,Slap Bass 2 _ 1,Slap Bass 2 _ 1,116280,120
226.75,0.25,53,127,Kurt Cobain -slap bass 2-,Slap Bass 2 _ 1,Slap Bass 2 _ 1,116280,120
227.0,0.5,44,127,Kurt Cobain -slap bass 2-,Slap Bass 2 _ 1,Slap Bass 2 _ 1,116400,240
227.0,0.5,51,127,Kurt Cobain -slap bass 2-,Slap Bass 2 _ 1,Slap Bass 2 _ 1,116400,240
227.0,0.5,56,127,Kurt Cobain -slap bass 2-,Slap Bass 2 _ 1,Slap Bass 2 _ 1,116400,240
227.5,0.5,44,127,Kurt Cobain -slap bass 2-,Slap Bass 2 _ 1,Slap Bass 2 _ 1,116640,240
227.5,0.5,51,127,Kurt Cobain -slap bass 2-,Slap Bass 2 _ 1,Slap Bass 2 _ 1,116640,240
227.5,0.5,56,127,Kurt Cobain -slap bass 2-,Slap Bass 2 _ 1,Slap Bass 2 _ 1,116640,240
228.0,0.125,44,127,Kurt Cobain -slap bass 2-,Slap Bass 2 _ 1,Slap Bass 2 _ 1,116880,60
228.0,0.125,51,127,Kurt Cobain -slap bass 2-,Slap Bass 2 _ 1,Slap Bass 2 _ 1,116880,60
228.0,0.125,56,127,Kurt Cobain -slap bass 2-,Slap Bass 2 _ 1,Slap Bass 2 _ 1,116880,60
228.125,0.1245694791666665,44,127,Kurt Cobain -slap bass 2-,Slap Bass 2 _ 1,Slap Bass 2 _ 1,116940,60
228.125,0.1245694791666665,51,127,Kurt Cobain -slap bass 2-,Slap Bass 2 _ 1,Slap Bass 2 _ 1,116940,60
228.125,0.1245694791666665,56,127,Kurt Cobain -slap bass 2-,Slap Bass 2 _ 1,Slap Bass 2 _ 1,116940,60
228.24956947916667,0.24793349999998782,49,127,Kurt Cobain -slap bass 2-,Slap Bass 2 _ 1,Slap Bass 2 _ 1,117000,120
228.24956947916667,0.24793349999998782,56,127,Kurt Cobain -slap bass 2-,Slap Bass 2 _ 1,Slap Bass 2 _ 1,117000,120
228.24956947916667,0.24793349999998782,61,127,Kurt Cobain -slap bass 2-,Slap Bass 2 _ 1,Slap Bass 2 _ 1,117000,120
228.49750297916665,0.24793350000001624,49,127,Kurt Cobain -slap bass 2-,Slap Bass 2 _ 1,Slap Bass 2 _ 1,117120,120
228.49750297916665,0.24793350000001624,56,127,Kurt Cobain -slap bass 2-,Slap Bass 2 _ 1,Slap Bass 2 _ 1,117120,120
228.49750297916665,0.24793350000001624,61,127,Kurt Cobain -slap bass 2-,Slap Bass 2 _ 1,Slap Bass 2 _ 1,117120,120
228.74543647916667,0.24793349999998782,44,127,Kurt Cobain -slap bass 2-,Slap Bass 2 _ 1,Slap Bass 2 _ 1,117240,120
228.74543647916667,0.24793349999998782,51,127,Kurt Cobain -slap bass 2-,Slap Bass 2 _ 1,Slap Bass 2 _ 1,117240,120
228.74543647916667,0.24793349999998782,56,127,Kurt Cobain -slap bass 2-,Slap Bass 2 _ 1,Slap Bass 2 _ 1,117240,120
228.99336997916666,0.49586700000000405,41,127,Kurt Cobain -slap bass 2-,Slap Bass 2 _ 1,Slap Bass 2 _ 1,117360,240
228.99336997916666,0.49586700000000405,48,127,Kurt Cobain -slap bass 2-,Slap Bass 2 _ 1,Slap Bass 2 _ 1,117360,240
228.99336997916666,0.49586700000000405,53,127,Kurt Cobain -slap bass 2-,Slap Bass 2 _ 1,Slap Bass 2 _ 1,117360,240
229.48923697916666,0.49586700000000405,41,127,Kurt Cobain -slap bass 2-,Slap Bass 2 _ 1,Slap Bass 2 _ 1,117600,240
229.48923697916666,0.49586700000000405,48,127,Kurt Cobain -slap bass 2-,Slap Bass 2 _ 1,Slap Bass 2 _ 1,117600,240
229.48923697916666,0.49586700000000405,53,127,Kurt Cobain -slap bass 2-,Slap Bass 2 _ 1,Slap Bass 2 _ 1,117600,240
229.98510397916667,0.12396674999999391,41,127,Kurt Cobain -slap bass 2-,Slap Bass 2 _ 1,Slap Bass 2 _ 1,117840,60
229.98510397916667,0.12396674999999391,48,127,Kurt Cobain -slap bass 2-,Slap Bass 2 _ 1,Slap Bass 2 _ 1,117840,60
229.98510397916667,0.12396674999999391,53,127,Kurt Cobain -slap bass 2-,Slap Bass 2 _ 1,Slap Bass 2 _ 1,117840,60
230.10907072916666,0.12396674999999391,41,127,Kurt Cobain -slap bass 2-,Slap Bass 2 _ 1,Slap Bass 2 _ 1,117900,60
230.10907072916666,0.12396674999999391,48,127,Kurt Cobain -slap bass 2-,Slap Bass 2 _ 1,Slap Bass 2 _ 1,117900,60
230.10907072916666,0.12396674999999391,53,127,Kurt Cobain -slap bass 2-,Slap Bass 2 _ 1,Slap Bass 2 _ 1,117900,60
230.23303747916665,0.24793350000001624,46,127,Kurt Cobain -slap bass 2-,Slap Bass 2 _ 1,Slap Bass 2 _ 1,117960,120
230.23303747916665,0.24793350000001624,53,127,Kurt Cobain -slap bass 2-,Slap Bass 2 _ 1,Slap Bass 2 _ 1,117960,120
230.23303747916665,0.24793350000001624,58,127,Kurt Cobain -slap bass 2-,Slap Bass 2 _ 1,Slap Bass 2 _ 1,117960,120
230.48097097916667,0.24793349999998782,46,127,Kurt Cobain -slap bass 2-,Slap Bass 2 _ 1,Slap Bass 2 _ 1,118080,120
230.48097097916667,0.24793349999998782,53,127,Kurt Cobain -slap bass 2-,Slap Bass 2 _ 1,Slap Bass 2 _ 1,118080,120
230.48097097916667,0.24793349999998782,58,127,Kurt Cobain -slap bass 2-,Slap Bass 2 _ 1,Slap Bass 2 _ 1,118080,120
230.72890447916666,0.24793349999998782,41,127,Kurt Cobain -slap bass 2-,Slap Bass 2 _ 1,Slap Bass 2 _ 1,118200,120
230.72890447916666,0.24793349999998782,48,127,Kurt Cobain -slap bass 2-,Slap Bass 2 _ 1,Slap Bass 2 _ 1,118200,120
230.72890447916666,0.24793349999998782,53,127,Kurt Cobain -slap bass 2-,Slap Bass 2 _ 1,Slap Bass 2 _ 1,118200,120
230.97683797916665,0.4950203333333434,44,127,Kurt Cobain -slap bass 2-,Slap Bass 2 _ 1,Slap Bass 2 _ 1,118320,240
230.97683797916665,0.4950203333333434,51,127,Kurt Cobain -slap bass 2-,Slap Bass 2 _ 1,Slap Bass 2 _ 1,118320,240
230.97683797916665,0.4950203333333434,56,127,Kurt Cobain -slap bass 2-,Slap Bass 2 _ 1,Slap Bass 2 _ 1,118320,240
231.4718583125,0.49180300000000443,44,127,Kurt Cobain -slap bass 2-,Slap Bass 2 _ 1,Slap Bass 2 _ 1,118560,240
231.4718583125,0.49180300000000443,51,127,Kurt Cobain -slap bass 2-,Slap Bass 2 _ 1,Slap Bass 2 _ 1,118560,240
231.4718583125,0.49180300000000443,56,127,Kurt Cobain -slap bass 2-,Slap Bass 2 _ 1,Slap Bass 2 _ 1,118560,240
231.9636613125,0.12295075000000111,44,127,Kurt Cobain -slap bass 2-,Slap Bass 2 _ 1,Slap Bass 2 _ 1,118800,60
231.9636613125,0.12295075000000111,51,127,Kurt Cobain -slap bass 2-,Slap Bass 2 _ 1,Slap Bass 2 _ 1,118800,60
231.9636613125,0.12295075000000111,56,127,Kurt Cobain -slap bass 2-,Slap Bass 2 _ 1,Slap Bass 2 _ 1,118800,60
232.0866120625,0.12295075000000111,44,127,Kurt Cobain -slap bass 2-,Slap Bass 2 _ 1,Slap Bass 2 _ 1,118860,60
232.0866120625,0.12295075000000111,51,127,Kurt Cobain -slap bass 2-,Slap Bass 2 _ 1,Slap Bass 2 _ 1,118860,60
232.0866120625,0.12295075000000111,56,127,Kurt Cobain -slap bass 2-,Slap Bass 2 _ 1,Slap Bass 2 _ 1,118860,60
232.2095628125,0.24590150000000222,49,127,Kurt Cobain -slap bass 2-,Slap Bass 2 _ 1,Slap Bass 2 _ 1,118920,120
232.2095628125,0.24590150000000222,56,127,Kurt Cobain -slap bass 2-,Slap Bass 2 _ 1,Slap Bass 2 _ 1,118920,120
232.2095628125,0.24590150000000222,61,127,Kurt Cobain -slap bass 2-,Slap Bass 2 _ 1,Slap Bass 2 _ 1,118920,120
232.4554643125,0.24590150000000222,49,127,Kurt Cobain -slap bass 2-,Slap Bass 2 _ 1,Slap Bass 2 _ 1,119040,120
232.4554643125,0.24590150000000222,56,127,Kurt Cobain -slap bass 2-,Slap Bass 2 _ 1,Slap Bass 2 _ 1,119040,120
232.4554643125,0.24590150000000222,61,127,Kurt Cobain -slap bass 2-,Slap Bass 2 _ 1,Slap Bass 2 _ 1,119040,120
232.7013658125,0.24590150000000222,44,127,Kurt Cobain -slap bass 2-,Slap Bass 2 _ 1,Slap Bass 2 _ 1,119160,120
232.7013658125,0.24590150000000222,51,127,Kurt Cobain -slap bass 2-,Slap Bass 2 _ 1,Slap Bass 2 _ 1,119160,120
232.7013658125,0.24590150000000222,56,127,Kurt Cobain -slap bass 2-,Slap Bass 2 _ 1,Slap Bass 2 _ 1,119160,120
232.9472673125,0.49180300000000443,41,127,Kurt Cobain -slap bass 2-,Slap Bass 2 _ 1,Slap Bass 2 _ 1,119280,240
232.9472673125,0.49180300000000443,48,127,Kurt Cobain -slap bass 2-,Slap Bass 2 _ 1,Slap Bass 2 _ 1,119280,240
232.9472673125,0.49180300000000443,53,127,Kurt Cobain -slap bass 2-,Slap Bass 2 _ 1,Slap Bass 2 _ 1,119280,240
233.4390703125,0.491802999999976,41,127,Kurt Cobain -slap bass 2-,Slap Bass 2 _ 1,Slap Bass 2 _ 1,119520,240
233.4390703125,0.491802999999976,48,127,Kurt Cobain -slap bass 2-,Slap Bass 2 _ 1,Slap Bass 2 _ 1,119520,240
233.4390703125,0.491802999999976,53,127,Kurt Cobain -slap bass 2-,Slap Bass 2 _ 1,Slap Bass 2 _ 1,119520,240
233.93087331249998,0.12295075000000111,41,127,Kurt Cobain -slap bass 2-,Slap Bass 2 _ 1,Slap Bass 2 _ 1,119760,60
233.93087331249998,0.12295075000000111,48,127,Kurt Cobain -slap bass 2-,Slap Bass 2 _ 1,Slap Bass 2 _ 1,119760,60
233.93087331249998,0.12295075000000111,53,127,Kurt Cobain -slap bass 2-,Slap Bass 2 _ 1,Slap Bass 2 _ 1,119760,60
234.05382406249998,0.12295075000000111,41,127,Kurt Cobain -slap bass 2-,Slap Bass 2 _ 1,Slap Bass 2 _ 1,119820,60
234.05382406249998,0.12295075000000111,48,127,Kurt Cobain -slap bass 2-,Slap Bass 2 _ 1,Slap Bass 2 _ 1,119820,60
234.05382406249998,0.12295075000000111,53,127,Kurt Cobain -slap bass 2-,Slap Bass 2 _ 1,Slap Bass 2 _ 1,119820,60
234.17677481249999,0.24590150000000222,46,127,Kurt Cobain -slap bass 2-,Slap Bass 2 _ 1,Slap Bass 2 _ 1,119880,120
234.17677481249999,0.24590150000000222,53,127,Kurt Cobain -slap bass 2-,Slap Bass 2 _ 1,Slap Bass 2 _ 1,119880,120
234.17677481249999,0.24590150000000222,58,127,Kurt Cobain -slap bass 2-,Slap Bass 2 _ 1,Slap Bass 2 _ 1,119880,120
234.4226763125,0.24465181249999546,46,127,Kurt Cobain -slap bass 2-,Slap Bass 2 _ 1,Slap Bass 2 _ 1,120000,120
234.4226763125,0.24465181249999546,53,127,Kurt Cobain -slap bass 2-,Slap Bass 2 _ 1,Slap Bass 2 _ 1,120000,120
234.4226763125,0.24465181249999546,58,127,Kurt Cobain -slap bass 2-,Slap Bass 2 _ 1,Slap Bass 2 _ 1,120000,120
234.66732812499998,0.24390200000001983,41,127,Kurt Cobain -slap bass 2-,Slap Bass 2 _ 1,Slap Bass 2 _ 1,120120,120
234.66732812499998,0.24390200000001983,48,127,Kurt Cobain -slap bass 2-,Slap Bass 2 _ 1,Slap Bass 2 _ 1,120120,120
234.66732812499998,0.24390200000001983,53,127,Kurt Cobain -slap bass 2-,Slap Bass 2 _ 1,Slap Bass 2 _ 1,120120,120
234.911230125,0.4878039999999828,44,127,Kurt Cobain -slap bass 2-,Slap Bass 2 _ 1,Slap Bass 2 _ 1,120240,240
234.911230125,0.4878039999999828,51,127,Kurt Cobain -slap bass 2-,Slap Bass 2 _ 1,Slap Bass 2 _ 1,120240,240
234.911230125,0.4878039999999828,56,127,Kurt Cobain -slap bass 2-,Slap Bass 2 _ 1,Slap Bass 2 _ 1,120240,240
235.399034125,0.48780400000001123,44,127,Kurt Cobain -slap bass 2-,Slap Bass 2 _ 1,Slap Bass 2 _ 1,120480,240
235.399034125,0.48780400000001123,51,127,Kurt Cobain -slap bass 2-,Slap Bass 2 _ 1,Slap Bass 2 _ 1,120480,240
235.399034125,0.48780400000001123,56,127,Kurt Cobain -slap bass 2-,Slap Bass 2 _ 1,Slap Bass 2 _ 1,120480,240
235.886838125,0.1219509999999957,44,127,Kurt Cobain -slap bass 2-,Slap Bass 2 _ 1,Slap Bass 2 _ 1,120720,60
235.886838125,0.1219509999999957,51,127,Kurt Cobain -slap bass 2-,Slap Bass 2 _ 1,Slap Bass 2 _ 1,120720,60
235.886838125,0.1219509999999957,56,127,Kurt Cobain -slap bass 2-,Slap Bass 2 _ 1,Slap Bass 2 _ 1,120720,60
236.008789125,0.1219509999999957,44,127,Kurt Cobain -slap bass 2-,Slap Bass 2 _ 1,Slap Bass 2 _ 1,120780,60
236.008789125,0.1219509999999957,51,127,Kurt Cobain -slap bass 2-,Slap Bass 2 _ 1,Slap Bass 2 _ 1,120780,60
236.008789125,0.1219509999999957,56,127,Kurt Cobain -slap bass 2-,Slap Bass 2 _ 1,Slap Bass 2 _ 1,120780,60
236.130740125,0.24390200000001983,49,127,Kurt Cobain -slap bass 2-,Slap Bass 2 _ 1,Slap Bass 2 _ 1,120840,120
236.130740125,0.24390200000001983,56,127,Kurt Cobain -slap bass 2-,Slap Bass 2 _ 1,Slap Bass 2 _ 1,120840,120
236.130740125,0.24390200000001983,61,127,Kurt Cobain -slap bass 2-,Slap Bass 2 _ 1,Slap Bass 2 _ 1,120840,120
236.374642125,0.2439019999999914,49,127,Kurt Cobain -slap bass 2-,Slap Bass 2 _ 1,Slap Bass 2 _ 1,120960,120
236.374642125,0.2439019999999914,56,127,Kurt Cobain -slap bass 2-,Slap Bass 2 _ 1,Slap Bass 2 _ 1,120960,120
236.374642125,0.2439019999999914,61,127,Kurt Cobain -slap bass 2-,Slap Bass 2 _ 1,Slap Bass 2 _ 1,120960,120
236.618544125,0.2439019999999914,44,127,Kurt Cobain -slap bass 2-,Slap Bass 2 _ 1,Slap Bass 2 _ 1,121080,120
236.618544125,0.2439019999999914,51,127,Kurt Cobain -slap bass 2-,Slap Bass 2 _ 1,Slap Bass 2 _ 1,121080,120
236.618544125,0.2439019999999914,56,127,Kurt Cobain -slap bass 2-,Slap Bass 2 _ 1,Slap Bass 2 _ 1,121080,120
236.862446125,0.48780400000001123,41,127,Kurt Cobain -slap bass 2-,Slap Bass 2 _ 1,Slap Bass 2 _ 1,121200,240
236.862446125,0.48780400000001123,48,127,Kurt Cobain -slap bass 2-,Slap Bass 2 _ 1,Slap Bass 2 _ 1,121200,240
236.862446125,0.48780400000001123,53,127,Kurt Cobain -slap bass 2-,Slap Bass 2 _ 1,Slap Bass 2 _ 1,121200,240
237.350250125,0.4861648333333335,41,127,Kurt Cobain -slap bass 2-,Slap Bass 2 _ 1,Slap Bass 2 _ 1,121440,240
237.350250125,0.4861648333333335,48,127,Kurt Cobain -slap bass 2-,Slap Bass 2 _ 1,Slap Bass 2 _ 1,121440,240
237.350250125,0.4861648333333335,53,127,Kurt Cobain -slap bass 2-,Slap Bass 2 _ 1,Slap Bass 2 _ 1,121440,240
237.83641495833334,0.12096749999997769,41,127,Kurt Cobain -slap bass 2-,Slap Bass 2 _ 1,Slap Bass 2 _ 1,121680,60
237.83641495833334,0.12096749999997769,48,127,Kurt Cobain -slap bass 2-,Slap Bass 2 _ 1,Slap Bass 2 _ 1,121680,60
237.83641495833334,0.12096749999997769,53,127,Kurt Cobain -slap bass 2-,Slap Bass 2 _ 1,Slap Bass 2 _ 1,121680,60
237.9573824583333,0.12096750000000611,41,127,Kurt Cobain -slap bass 2-,Slap Bass 2 _ 1,Slap Bass 2 _ 1,121740,60
237.9573824583333,0.12096750000000611,48,127,Kurt Cobain -slap bass 2-,Slap Bass 2 _ 1,Slap Bass 2 _ 1,121740,60
237.9573824583333,0.12096750000000611,53,127,Kurt Cobain -slap bass 2-,Slap Bass 2 _ 1,Slap Bass 2 _ 1,121740,60
238.07834995833332,0.24193500000001222,46,127,Kurt Cobain -slap bass 2-,Slap Bass 2 _ 1,Slap Bass 2 _ 1,121800,120
238.07834995833332,0.24193500000001222,53,127,Kurt Cobain -slap bass 2-,Slap Bass 2 _ 1,Slap Bass 2 _ 1,121800,120
238.07834995833332,0.24193500000001222,58,127,Kurt Cobain -slap bass 2-,Slap Bass 2 _ 1,Slap Bass 2 _ 1,121800,120
238.32028495833333,0.2419349999999838,46,127,Kurt Cobain -slap bass 2-,Slap Bass 2 _ 1,Slap Bass 2 _ 1,121920,120
238.32028495833333,0.2419349999999838,53,127,Kurt Cobain -slap bass 2-,Slap Bass 2 _ 1,Slap Bass 2 _ 1,121920,120
238.32028495833333,0.2419349999999838,58,127,Kurt Cobain -slap bass 2-,Slap Bass 2 _ 1,Slap Bass 2 _ 1,121920,120
238.56221995833332,0.24193500000001222,41,127,Kurt Cobain -slap bass 2-,Slap Bass 2 _ 1,Slap Bass 2 _ 1,122040,120
238.56221995833332,0.24193500000001222,48,127,Kurt Cobain -slap bass 2-,Slap Bass 2 _ 1,Slap Bass 2 _ 1,122040,120
238.56221995833332,0.24193500000001222,53,127,Kurt Cobain -slap bass 2-,Slap Bass 2 _ 1,Slap Bass 2 _ 1,122040,120
238.80415495833333,0.5114259375000074,44,127,Kurt Cobain -slap bass 2-,Slap Bass 2 _ 1,Slap Bass 2 _ 1,122160,240
238.80415495833333,0.5114259375000074,51,127,Kurt Cobain -slap bass 2-,Slap Bass 2 _ 1,Slap Bass 2 _ 1,122160,240
238.80415495833333,0.5114259375000074,56,127,Kurt Cobain -slap bass 2-,Slap Bass 2 _ 1,Slap Bass 2 _ 1,122160,240
239.31558089583334,0.5454540000000065,44,127,Kurt Cobain -slap bass 2-,Slap Bass 2 _ 1,Slap Bass 2 _ 1,122400,240
239.31558089583334,0.5454540000000065,51,127,Kurt Cobain -slap bass 2-,Slap Bass 2 _ 1,Slap Bass 2 _ 1,122400,240
239.31558089583334,0.5454540000000065,56,127,Kurt Cobain -slap bass 2-,Slap Bass 2 _ 1,Slap Bass 2 _ 1,122400,240
239.86103489583334,0.13636349999998743,44,127,Kurt Cobain -slap bass 2-,Slap Bass 2 _ 1,Slap Bass 2 _ 1,122640,60
239.86103489583334,0.13636349999998743,51,127,Kurt Cobain -slap bass 2-,Slap Bass 2 _ 1,Slap Bass 2 _ 1,122640,60
239.86103489583334,0.13636349999998743,56,127,Kurt Cobain -slap bass 2-,Slap Bass 2 _ 1,Slap Bass 2 _ 1,122640,60
239.99739839583333,0.13636350000001585,44,127,Kurt Cobain -slap bass 2-,Slap Bass 2 _ 1,Slap Bass 2 _ 1,122700,60
239.99739839583333,0.13636350000001585,51,127,Kurt Cobain -slap bass 2-,Slap Bass 2 _ 1,Slap Bass 2 _ 1,122700,60
239.99739839583333,0.13636350000001585,56,127,Kurt Cobain -slap bass 2-,Slap Bass 2 _ 1,Slap Bass 2 _ 1,122700,60
240.13376189583335,0.27272699999997485,49,127,Kurt Cobain -slap bass 2-,Slap Bass 2 _ 1,Slap Bass 2 _ 1,122760,120
240.13376189583335,0.27272699999997485,56,127,Kurt Cobain -slap bass 2-,Slap Bass 2 _ 1,Slap Bass 2 _ 1,122760,120
240.13376189583335,0.27272699999997485,61,127,Kurt Cobain -slap bass 2-,Slap Bass 2 _ 1,Slap Bass 2 _ 1,122760,120
240.40648889583332,0.2727270000000033,49,127,Kurt Cobain -slap bass 2-,Slap Bass 2 _ 1,Slap Bass 2 _ 1,122880,120
240.40648889583332,0.2727270000000033,56,127,Kurt Cobain -slap bass 2-,Slap Bass 2 _ 1,Slap Bass 2 _ 1,122880,120
240.40648889583332,0.2727270000000033,61,127,Kurt Cobain -slap bass 2-,Slap Bass 2 _ 1,Slap Bass 2 _ 1,122880,120
240.67921589583332,0.2727270000000033,44,127,Kurt Cobain -slap bass 2-,Slap Bass 2 _ 1,Slap Bass 2 _ 1,123000,120
240.67921589583332,0.2727270000000033,51,127,Kurt Cobain -slap bass 2-,Slap Bass 2 _ 1,Slap Bass 2 _ 1,123000,120
240.67921589583332,0.2727270000000033,56,127,Kurt Cobain -slap bass 2-,Slap Bass 2 _ 1,Slap Bass 2 _ 1,123000,120
240.95194289583333,4.368177450000019,41,116,Kurt Cobain -slap bass 2-,Slap Bass 2 _ 1,Slap Bass 2 _ 1,123120,1922
240.95194289583333,4.368177450000019,48,116,Kurt Cobain -slap bass 2-,Slap Bass 2 _ 1,Slap Bass 2 _ 1,123120,1922
240.95194289583333,4.368177450000019,53,116,Kurt Cobain -slap bass 2-,Slap Bass 2 _ 1,Slap Bass 2 _ 1,123120,1922
7.5,0.234375,29,127,Chris Novoselic -elect Bass pi,Electric Bass (pick) _ 1,Electric Bass (pick) _ 1,4080,120
7.8515625,0.1171875,29,127,Chris Novoselic -elect Bass pi,Electric Bass (pick) _ 1,Electric Bass (pick) _ 1,4260,60
7.96875,0.234375,29,127,Chris Novoselic -elect Bass pi,Electric Bass (pick) _ 1,Electric Bass (pick) _ 1,4320,120
8.3203125,0.1171875,29,127,Chris Novoselic -elect Bass pi,Electric Bass (pick) _ 1,Electric Bass (pick) _ 1,4500,60
8.4375,0.1171875,29,127,Chris Novoselic -elect Bass pi,Electric Bass (pick) _ 1,Electric Bass (pick) _ 1,4560,60
8.5546875,0.1171875,29,127,Chris Novoselic -elect Bass pi,Electric Bass (pick) _ 1,Electric Bass (pick) _ 1,4620,60
8.671875,0.234375,34,127,Chris Novoselic -elect Bass pi,Electric Bass (pick) _ 1,Electric Bass (pick) _ 1,4680,120
8.90625,0.234375,34,127,Chris Novoselic -elect Bass pi,Electric Bass (pick) _ 1,Electric Bass (pick) _ 1,4800,120
9.140625,0.234375,29,127,Chris Novoselic -elect Bass pi,Electric Bass (pick) _ 1,Electric Bass (pick) _ 1,4920,120
9.375,0.234375,32,127,Chris Novoselic -elect Bass pi,Electric Bass (pick) _ 1,Electric Bass (pick) _ 1,5040,120
9.7265625,0.1171875,32,127,Chris Novoselic -elect Bass pi,Electric Bass (pick) _ 1,Electric Bass (pick) _ 1,5220,60
9.84375,0.234375,32,127,Chris Novoselic -elect Bass pi,Electric Bass (pick) _ 1,Electric Bass (pick) _ 1,5280,120
10.1953125,0.1171875,32,127,Chris Novoselic -elect Bass pi,Electric Bass (pick) _ 1,Electric Bass (pick) _ 1,5460,60
10.3125,0.1171875,32,127,Chris Novoselic -elect Bass pi,Electric Bass (pick) _ 1,Electric Bass (pick) _ 1,5520,60
10.4296875,0.1171875,32,127,Chris Novoselic -elect Bass pi,Electric Bass (pick) _ 1,Electric Bass (pick) _ 1,5580,60
10.546875,0.234375,37,127,Chris Novoselic -elect Bass pi,Electric Bass (pick) _ 1,Electric Bass (pick) _ 1,5640,120
10.78125,0.234375,37,127,Chris Novoselic -elect Bass pi,Electric Bass (pick) _ 1,Electric Bass (pick) _ 1,5760,120
11.015625,0.234375,32,127,Chris Novoselic -elect Bass pi,Electric Bass (pick) _ 1,Electric Bass (pick) _ 1,5880,120
11.25,0.234375,29,127,Chris Novoselic -elect Bass pi,Electric Bass (pick) _ 1,Electric Bass (pick) _ 1,6000,120
11.6015625,0.1171875,29,127,Chris Novoselic -elect Bass pi,Electric Bass (pick) _ 1,Electric Bass (pick) _ 1,6180,60
11.71875,0.234375,29,127,Chris Novoselic -elect Bass pi,Electric Bass (pick) _ 1,Electric Bass (pick) _ 1,6240,120
12.0703125,0.1171875,29,127,Chris Novoselic -elect Bass pi,Electric Bass (pick) _ 1,Electric Bass (pick) _ 1,6420,60
12.1875,0.1171875,29,127,Chris Novoselic -elect Bass pi,Electric Bass (pick) _ 1,Electric Bass (pick) _ 1,6480,60
12.3046875,0.1171875,29,127,Chris Novoselic -elect Bass pi,Electric Bass (pick) _ 1,Electric Bass (pick) _ 1,6540,60
12.421875,0.234375,34,127,Chris Novoselic -elect Bass pi,Electric Bass (pick) _ 1,Electric Bass (pick) _ 1,6600,120
12.65625,0.234375,34,127,Chris Novoselic -elect Bass pi,Electric Bass (pick) _ 1,Electric Bass (pick) _ 1,6720,120
12.890625,0.234375,29,127,Chris Novoselic -elect Bass pi,Electric Bass (pick) _ 1,Electric Bass (pick) _ 1,6840,120
13.125,0.234375,32,127,Chris Novoselic -elect Bass pi,Electric Bass (pick) _ 1,Electric Bass (pick) _ 1,6960,120
13.4765625,0.1171875,32,127,Chris Novoselic -elect Bass pi,Electric Bass (pick) _ 1,Electric Bass (pick) _ 1,7140,60
13.59375,0.234375,32,127,Chris Novoselic -elect Bass pi,Electric Bass (pick) _ 1,Electric Bass (pick) _ 1,7200,120
13.9453125,0.1171875,32,127,Chris Novoselic -elect Bass pi,Electric Bass (pick) _ 1,Electric Bass (pick) _ 1,7380,60
14.0625,0.1171875,32,127,Chris Novoselic -elect Bass pi,Electric Bass (pick) _ 1,Electric Bass (pick) _ 1,7440,60
14.1796875,0.1171875,32,127,Chris Novoselic -elect Bass pi,Electric Bass (pick) _ 1,Electric Bass (pick) _ 1,7500,60
14.296875,0.234375,37,127,Chris Novoselic -elect Bass pi,Electric Bass (pick) _ 1,Electric Bass (pick) _ 1,7560,120
14.53125,0.234375,37,127,Chris Novoselic -elect Bass pi,Electric Bass (pick) _ 1,Electric Bass (pick) _ 1,7680,120
14.765625,0.234375,32,127,Chris Novoselic -elect Bass pi,Electric Bass (pick) _ 1,Electric Bass (pick) _ 1,7800,120
15.0,0.234375,29,127,Chris Novoselic -elect Bass pi,Electric Bass (pick) _ 1,Electric Bass (pick) _ 1,7920,120
15.3515625,0.1171875,29,127,Chris Novoselic -elect Bass pi,Electric Bass (pick) _ 1,Electric Bass (pick) _ 1,8100,60
15.46875,0.234375,29,127,Chris Novoselic -elect Bass pi,Electric Bass (pick) _ 1,Electric Bass (pick) _ 1,8160,120
15.8203125,0.1171875,29,127,Chris Novoselic -elect Bass pi,Electric Bass (pick) _ 1,Electric Bass (pick) _ 1,8340,60
15.9375,0.1171875,29,127,Chris Novoselic -elect Bass pi,Electric Bass (pick) _ 1,Electric Bass (pick) _ 1,8400,60
16.0546875,0.1171875,29,127,Chris Novoselic -elect Bass pi,Electric Bass (pick) _ 1,Electric Bass (pick) _ 1,8460,60
16.171875,0.234375,34,127,Chris Novoselic -elect Bass pi,Electric Bass (pick) _ 1,Electric Bass (pick) _ 1,8520,120
16.40625,0.234375,34,127,Chris Novoselic -elect Bass pi,Electric Bass (pick) _ 1,Electric Bass (pick) _ 1,8640,120
16.640625,0.234375,29,127,Chris Novoselic -elect Bass pi,Electric Bass (pick) _ 1,Electric Bass (pick) _ 1,8760,120
16.875,0.234375,32,127,Chris Novoselic -elect Bass pi,Electric Bass (pick) _ 1,Electric Bass (pick) _ 1,8880,120
17.2265625,0.1171875,32,127,Chris Novoselic -elect Bass pi,Electric Bass (pick) _ 1,Electric Bass (pick) _ 1,9060,60
17.34375,0.234375,32,127,Chris Novoselic -elect Bass pi,Electric Bass (pick) _ 1,Electric Bass (pick) _ 1,9120,120
17.6953125,0.1171875,32,127,Chris Novoselic -elect Bass pi,Electric Bass (pick) _ 1,Electric Bass (pick) _ 1,9300,60
17.8125,0.1171875,32,127,Chris Novoselic -elect Bass pi,Electric Bass (pick) _ 1,Electric Bass (pick) _ 1,9360,60
17.9296875,0.1171875,32,127,Chris Novoselic -elect Bass pi,Electric Bass (pick) _ 1,Electric Bass (pick) _ 1,9420,60
18.046875,0.234375,37,127,Chris Novoselic -elect Bass pi,Electric Bass (pick) _ 1,Electric Bass (pick) _ 1,9480,120
18.28125,0.234375,37,127,Chris Novoselic -elect Bass pi,Electric Bass (pick) _ 1,Electric Bass (pick) _ 1,9600,120
18.515625,0.234375,32,127,Chris Novoselic -elect Bass pi,Electric Bass (pick) _ 1,Electric Bass (pick) _ 1,9720,120
18.75,0.234375,29,127,Chris Novoselic -elect Bass pi,Electric Bass (pick) _ 1,Electric Bass (pick) _ 1,9840,120
19.1015625,0.1171875,29,127,Chris Novoselic -elect Bass pi,Electric Bass (pick) _ 1,Electric Bass (pick) _ 1,10020,60
19.21875,0.234375,29,127,Chris Novoselic -elect Bass pi,Electric Bass (pick) _ 1,Electric Bass (pick) _ 1,10080,120
19.5703125,0.1171875,29,127,Chris Novoselic -elect Bass pi,Electric Bass (pick) _ 1,Electric Bass (pick) _ 1,10260,60
19.6875,0.1171875,29,127,Chris Novoselic -elect Bass pi,Electric Bass (pick) _ 1,Electric Bass (pick) _ 1,10320,60
19.8046875,0.1171875,29,127,Chris Novoselic -elect Bass pi,Electric Bass (pick) _ 1,Electric Bass (pick) _ 1,10380,60
19.921875,0.234375,34,127,Chris Novoselic -elect Bass pi,Electric Bass (pick) _ 1,Electric Bass (pick) _ 1,10440,120
20.15625,0.234375,34,127,Chris Novoselic -elect Bass pi,Electric Bass (pick) _ 1,Electric Bass (pick) _ 1,10560,120
20.390625,0.234375,29,127,Chris Novoselic -elect Bass pi,Electric Bass (pick) _ 1,Electric Bass (pick) _ 1,10680,120
20.625,0.234375,32,127,Chris Novoselic -elect Bass pi,Electric Bass (pick) _ 1,Electric Bass (pick) _ 1,10800,120
20.9765625,0.1171875,32,127,Chris Novoselic -elect Bass pi,Electric Bass (pick) _ 1,Electric Bass (pick) _ 1,10980,60
21.09375,0.234375,32,127,Chris Novoselic -elect Bass pi,Electric Bass (pick) _ 1,Electric Bass (pick) _ 1,11040,120
21.4453125,0.1171875,32,127,Chris Novoselic -elect Bass pi,Electric Bass (pick) _ 1,Electric Bass (pick) _ 1,11220,60
21.5625,0.1171875,32,127,Chris Novoselic -elect Bass pi,Electric Bass (pick) _ 1,Electric Bass (pick) _ 1,11280,60
21.6796875,0.1171875,32,127,Chris Novoselic -elect Bass pi,Electric Bass (pick) _ 1,Electric Bass (pick) _ 1,11340,60
21.796875,0.234375,37,127,Chris Novoselic -elect Bass pi,Electric Bass (pick) _ 1,Electric Bass (pick) _ 1,11400,120
22.03125,0.234375,37,127,Chris Novoselic -elect Bass pi,Electric Bass (pick) _ 1,Electric Bass (pick) _ 1,11520,120
22.265625,0.234375,32,127,Chris Novoselic -elect Bass pi,Electric Bass (pick) _ 1,Electric Bass (pick) _ 1,11640,120
22.5,0.15625,29,127,Chris Novoselic -elect Bass pi,Electric Bass (pick) _ 1,Electric Bass (pick) _ 1,11760,80
22.734375,0.15625,29,127,Chris Novoselic -elect Bass pi,Electric Bass (pick) _ 1,Electric Bass (pick) _ 1,11880,80
22.96875,0.15625,29,127,Chris Novoselic -elect Bass pi,Electric Bass (pick) _ 1,Electric Bass (pick) _ 1,12000,80
23.203125,0.15625,29,127,Chris Novoselic -elect Bass pi,Electric Bass (pick) _ 1,Electric Bass (pick) _ 1,12120,80
23.4375,0.15625,34,127,Chris Novoselic -elect Bass pi,Electric Bass (pick) _ 1,Electric Bass (pick) _ 1,12240,80
23.671875,0.15625,34,127,Chris Novoselic -elect Bass pi,Electric Bass (pick) _ 1,Electric Bass (pick) _ 1,12360,80
23.90625,0.15625,34,127,Chris Novoselic -elect Bass pi,Electric Bass (pick) _ 1,Electric Bass (pick) _ 1,12480,80
24.140625,0.15625,34,127,Chris Novoselic -elect Bass pi,Electric Bass (pick) _ 1,Electric Bass (pick) _ 1,12600,80
24.375,0.15625,32,127,Chris Novoselic -elect Bass pi,Electric Bass (pick) _ 1,Electric Bass (pick) _ 1,12720,80
24.609375,0.15625,32,127,Chris Novoselic -elect Bass pi,Electric Bass (pick) _ 1,Electric Bass (pick) _ 1,12840,80
24.84375,0.15625,32,127,Chris Novoselic -elect Bass pi,Electric Bass (pick) _ 1,Electric Bass (pick) _ 1,12960,80
25.078125,0.15625,32,127,Chris Novoselic -elect Bass pi,Electric Bass (pick) _ 1,Electric Bass (pick) _ 1,13080,80
25.3125,0.15625,37,127,Chris Novoselic -elect Bass pi,Electric Bass (pick) _ 1,Electric Bass (pick) _ 1,13200,80
25.546875,0.15625,37,127,Chris Novoselic -elect Bass pi,Electric Bass (pick) _ 1,Electric Bass (pick) _ 1,13320,80
25.78125,0.15625,37,127,Chris Novoselic -elect Bass pi,Electric Bass (pick) _ 1,Electric Bass (pick) _ 1,13440,80
26.015625,0.15625,37,127,Chris Novoselic -elect Bass pi,Electric Bass (pick) _ 1,Electric Bass (pick) _ 1,13560,80
26.25,0.15625,29,127,Chris Novoselic -elect Bass pi,Electric Bass (pick) _ 1,Electric Bass (pick) _ 1,13680,80
26.484375,0.15625,29,127,Chris Novoselic -elect Bass pi,Electric Bass (pick) _ 1,Electric Bass (pick) _ 1,13800,80
26.71875,0.15625,29,127,Chris Novoselic -elect Bass pi,Electric Bass (pick) _ 1,Electric Bass (pick) _ 1,13920,80
26.953125,0.15625,29,127,Chris Novoselic -elect Bass pi,Electric Bass (pick) _ 1,Electric Bass (pick) _ 1,14040,80
27.1875,0.15625,34,127,Chris Novoselic -elect Bass pi,Electric Bass (pick) _ 1,Electric Bass (pick) _ 1,14160,80
27.421875,0.15625,34,127,Chris Novoselic -elect Bass pi,Electric Bass (pick) _ 1,Electric Bass (pick) _ 1,14280,80
27.65625,0.15625,34,127,Chris Novoselic -elect Bass pi,Electric Bass (pick) _ 1,Electric Bass (pick) _ 1,14400,80
27.890625,0.15625,34,127,Chris Novoselic -elect Bass pi,Electric Bass (pick) _ 1,Electric Bass (pick) _ 1,14520,80
28.125,0.15625,32,127,Chris Novoselic -elect Bass pi,Electric Bass (pick) _ 1,Electric Bass (pick) _ 1,14640,80
28.359375,0.15625,32,127,Chris Novoselic -elect Bass pi,Electric Bass (pick) _ 1,Electric Bass (pick) _ 1,14760,80
28.59375,0.15625,32,127,Chris Novoselic -elect Bass pi,Electric Bass (pick) _ 1,Electric Bass (pick) _ 1,14880,80
28.828125,0.15625,32,127,Chris Novoselic -elect Bass pi,Electric Bass (pick) _ 1,Electric Bass (pick) _ 1,15000,80
29.0625,0.15625,37,127,Chris Novoselic -elect Bass pi,Electric Bass (pick) _ 1,Electric Bass (pick) _ 1,15120,80
29.296875,0.15625,37,127,Chris Novoselic -elect Bass pi,Electric Bass (pick) _ 1,Electric Bass (pick) _ 1,15240,80
29.53125,0.15625,37,127,Chris Novoselic -elect Bass pi,Electric Bass (pick) _ 1,Electric Bass (pick) _ 1,15360,80
29.765625,0.15625,37,127,Chris Novoselic -elect Bass pi,Electric Bass (pick) _ 1,Electric Bass (pick) _ 1,15480,80
30.0,0.15625,29,127,Chris Novoselic -elect Bass pi,Electric Bass (pick) _ 1,Electric Bass (pick) _ 1,15600,80
30.234375,0.15625,29,127,Chris Novoselic -elect Bass pi,Electric Bass (pick) _ 1,Electric Bass (pick) _ 1,15720,80
30.46875,0.15625,29,127,Chris Novoselic -elect Bass pi,Electric Bass (pick) _ 1,Electric Bass (pick) _ 1,15840,80
30.703125,0.15625,29,127,Chris Novoselic -elect Bass pi,Electric Bass (pick) _ 1,Electric Bass (pick) _ 1,15960,80
30.9375,0.15625,34,127,Chris Novoselic -elect Bass pi,Electric Bass (pick) _ 1,Electric Bass (pick) _ 1,16080,80
31.171875,0.15625,34,127,Chris Novoselic -elect Bass pi,Electric Bass (pick) _ 1,Electric Bass (pick) _ 1,16200,80
31.40625,0.15625,34,127,Chris Novoselic -elect Bass pi,Electric Bass (pick) _ 1,Electric Bass (pick) _ 1,16320,80
31.640625,0.15625,34,127,Chris Novoselic -elect Bass pi,Electric Bass (pick) _ 1,Electric Bass (pick) _ 1,16440,80
31.875,0.15625,32,127,Chris Novoselic -elect Bass pi,Electric Bass (pick) _ 1,Electric Bass (pick) _ 1,16560,80
32.109375,0.15625,32,127,Chris Novoselic -elect Bass pi,Electric Bass (pick) _ 1,Electric Bass (pick) _ 1,16680,80
32.34375,0.15625,32,127,Chris Novoselic -elect Bass pi,Electric Bass (pick) _ 1,Electric Bass (pick) _ 1,16800,80
32.578125,0.15625,32,127,Chris Novoselic -elect Bass pi,Electric Bass (pick) _ 1,Electric Bass (pick) _ 1,16920,80
32.8125,0.15625,37,127,Chris Novoselic -elect Bass pi,Electric Bass (pick) _ 1,Electric Bass (pick) _ 1,17040,80
33.046875,0.15625,37,127,Chris Novoselic -elect Bass pi,Electric Bass (pick) _ 1,Electric Bass (pick) _ 1,17160,80
33.28125,0.15625,37,127,Chris Novoselic -elect Bass pi,Electric Bass (pick) _ 1,Electric Bass (pick) _ 1,17280,80
33.515625,0.15625,37,127,Chris Novoselic -elect Bass pi,Electric Bass (pick) _ 1,Electric Bass (pick) _ 1,17400,80
33.75,0.15625,29,127,Chris Novoselic -elect Bass pi,Electric Bass (pick) _ 1,Electric Bass (pick) _ 1,17520,80
33.984375,0.15625,29,127,Chris Novoselic -elect Bass pi,Electric Bass (pick) _ 1,Electric Bass (pick) _ 1,17640,80
34.21875,0.15625,29,127,Chris Novoselic -elect Bass pi,Electric Bass (pick) _ 1,Electric Bass (pick) _ 1,17760,80
34.453125,0.15625,29,127,Chris Novoselic -elect Bass pi,Electric Bass (pick) _ 1,Electric Bass (pick) _ 1,17880,80
34.6875,0.15625,34,127,Chris Novoselic -elect Bass pi,Electric Bass (pick) _ 1,Electric Bass (pick) _ 1,18000,80
34.921875,0.15625,34,127,Chris Novoselic -elect Bass pi,Electric Bass (pick) _ 1,Electric Bass (pick) _ 1,18120,80
35.15625,0.15625,34,127,Chris Novoselic -elect Bass pi,Electric Bass (pick) _ 1,Electric Bass (pick) _ 1,18240,80
35.390625,0.15625,34,127,Chris Novoselic -elect Bass pi,Electric Bass (pick) _ 1,Electric Bass (pick) _ 1,18360,80
35.625,0.15625,32,127,Chris Novoselic -elect Bass pi,Electric Bass (pick) _ 1,Electric Bass (pick) _ 1,18480,80
35.859375,0.15625,32,127,Chris Novoselic -elect Bass pi,Electric Bass (pick) _ 1,Electric Bass (pick) _ 1,18600,80
36.09375,0.15625,32,127,Chris Novoselic -elect Bass pi,Electric Bass (pick) _ 1,Electric Bass (pick) _ 1,18720,80
36.328125,0.15625,32,127,Chris Novoselic -elect Bass pi,Electric Bass (pick) _ 1,Electric Bass (pick) _ 1,18840,80
36.5625,0.15625,37,127,Chris Novoselic -elect Bass pi,Electric Bass (pick) _ 1,Electric Bass (pick) _ 1,18960,80
36.796875,0.15625,37,127,Chris Novoselic -elect Bass pi,Electric Bass (pick) _ 1,Electric Bass (pick) _ 1,19080,80
37.03125,0.15625,37,127,Chris Novoselic -elect Bass pi,Electric Bass (pick) _ 1,Electric Bass (pick) _ 1,19200,80
37.265625,0.15625,37,127,Chris Novoselic -elect Bass pi,Electric Bass (pick) _ 1,Electric Bass (pick) _ 1,19320,80
37.5,0.15625,29,127,Chris Novoselic -elect Bass pi,Electric Bass (pick) _ 1,Electric Bass (pick) _ 1,19440,80
37.734375,0.15625,29,127,Chris Novoselic -elect Bass pi,Electric Bass (pick) _ 1,Electric Bass (pick) _ 1,19560,80
37.96875,0.15625,29,127,Chris Novoselic -elect Bass pi,Electric Bass (pick) _ 1,Electric Bass (pick) _ 1,19680,80
38.203125,0.15625,29,127,Chris Novoselic -elect Bass pi,Electric Bass (pick) _ 1,Electric Bass (pick) _ 1,19800,80
38.4375,0.15625,34,127,Chris Novoselic -elect Bass pi,Electric Bass (pick) _ 1,Electric Bass (pick) _ 1,19920,80
38.671875,0.15625,34,127,Chris Novoselic -elect Bass pi,Electric Bass (pick) _ 1,Electric Bass (pick) _ 1,20040,80
38.90625,0.15625,34,127,Chris Novoselic -elect Bass pi,Electric Bass (pick) _ 1,Electric Bass (pick) _ 1,20160,80
39.140625,0.15625,34,127,Chris Novoselic -elect Bass pi,Electric Bass (pick) _ 1,Electric Bass (pick) _ 1,20280,80
39.375,0.15625,32,127,Chris Novoselic -elect Bass pi,Electric Bass (pick) _ 1,Electric Bass (pick) _ 1,20400,80
39.609375,0.15625,32,127,Chris Novoselic -elect Bass pi,Electric Bass (pick) _ 1,Electric Bass (pick) _ 1,20520,80
39.84375,0.15625,32,127,Chris Novoselic -elect Bass pi,Electric Bass (pick) _ 1,Electric Bass (pick) _ 1,20640,80
40.078125,0.15625,32,127,Chris Novoselic -elect Bass pi,Electric Bass (pick) _ 1,Electric Bass (pick) _ 1,20760,80
40.3125,0.15625,37,127,Chris Novoselic -elect Bass pi,Electric Bass (pick) _ 1,Electric Bass (pick) _ 1,20880,80
40.546875,0.15625,37,127,Chris Novoselic -elect Bass pi,Electric Bass (pick) _ 1,Electric Bass (pick) _ 1,21000,80
40.78125,0.15625,37,127,Chris Novoselic -elect Bass pi,Electric Bass (pick) _ 1,Electric Bass (pick) _ 1,21120,80
41.015625,0.15625,37,127,Chris Novoselic -elect Bass pi,Electric Bass (pick) _ 1,Electric Bass (pick) _ 1,21240,80
41.25,0.15625,29,127,Chris Novoselic -elect Bass pi,Electric Bass (pick) _ 1,Electric Bass (pick) _ 1,21360,80
41.484375,0.15625,29,127,Chris Novoselic -elect Bass pi,Electric Bass (pick) _ 1,Electric Bass (pick) _ 1,21480,80
41.71875,0.15625,29,127,Chris Novoselic -elect Bass pi,Electric Bass (pick) _ 1,Electric Bass (pick) _ 1,21600,80
41.953125,0.15625,29,127,Chris Novoselic -elect Bass pi,Electric Bass (pick) _ 1,Electric Bass (pick) _ 1,21720,80
42.1875,0.15625,34,127,Chris Novoselic -elect Bass pi,Electric Bass (pick) _ 1,Electric Bass (pick) _ 1,21840,80
42.421875,0.15625,34,127,Chris Novoselic -elect Bass pi,Electric Bass (pick) _ 1,Electric Bass (pick) _ 1,21960,80
42.65625,0.15625,34,127,Chris Novoselic -elect Bass pi,Electric Bass (pick) _ 1,Electric Bass (pick) _ 1,22080,80
42.890625,0.15625,34,127,Chris Novoselic -elect Bass pi,Electric Bass (pick) _ 1,Electric Bass (pick) _ 1,22200,80
43.125,0.15625,32,127,Chris Novoselic -elect Bass pi,Electric Bass (pick) _ 1,Electric Bass (pick) _ 1,22320,80
43.359375,0.15625,32,127,Chris Novoselic -elect Bass pi,Electric Bass (pick) _ 1,Electric Bass (pick) _ 1,22440,80
43.59375,0.15625,32,127,Chris Novoselic -elect Bass pi,Electric Bass (pick) _ 1,Electric Bass (pick) _ 1,22560,80
43.828125,0.15625,32,127,Chris Novoselic -elect Bass pi,Electric Bass (pick) _ 1,Electric Bass (pick) _ 1,22680,80
44.0625,0.15625,37,127,Chris Novoselic -elect Bass pi,Electric Bass (pick) _ 1,Electric Bass (pick) _ 1,22800,80
44.296875,0.15625,37,127,Chris Novoselic -elect Bass pi,Electric Bass (pick) _ 1,Electric Bass (pick) _ 1,22920,80
44.53125,0.15625,37,127,Chris Novoselic -elect Bass pi,Electric Bass (pick) _ 1,Electric Bass (pick) _ 1,23040,80
44.765625,0.15625,37,127,Chris Novoselic -elect Bass pi,Electric Bass (pick) _ 1,Electric Bass (pick) _ 1,23160,80
45.0,0.15625,29,127,Chris Novoselic -elect Bass pi,Electric Bass (pick) _ 1,Electric Bass (pick) _ 1,23280,80
45.234375,0.15625,29,127,Chris Novoselic -elect Bass pi,Electric Bass (pick) _ 1,Electric Bass (pick) _ 1,23400,80
45.46875,0.15625,29,127,Chris Novoselic -elect Bass pi,Electric Bass (pick) _ 1,Electric Bass (pick) _ 1,23520,80
45.703125,0.15625,29,127,Chris Novoselic -elect Bass pi,Electric Bass (pick) _ 1,Electric Bass (pick) _ 1,23640,80
45.9375,0.15625,34,127,Chris Novoselic -elect Bass pi,Electric Bass (pick) _ 1,Electric Bass (pick) _ 1,23760,80
46.171875,0.15625,34,127,Chris Novoselic -elect Bass pi,Electric Bass (pick) _ 1,Electric Bass (pick) _ 1,23880,80
46.40625,0.15625,34,127,Chris Novoselic -elect Bass pi,Electric Bass (pick) _ 1,Electric Bass (pick) _ 1,24000,80
46.640625,0.15625,34,127,Chris Novoselic -elect Bass pi,Electric Bass (pick) _ 1,Electric Bass (pick) _ 1,24120,80
46.875,0.15625,32,127,Chris Novoselic -elect Bass pi,Electric Bass (pick) _ 1,Electric Bass (pick) _ 1,24240,80
47.109375,0.15625,32,127,Chris Novoselic -elect Bass pi,Electric Bass (pick) _ 1,Electric Bass (pick) _ 1,24360,80
47.34375,0.15625,32,127,Chris Novoselic -elect Bass pi,Electric Bass (pick) _ 1,Electric Bass (pick) _ 1,24480,80
47.578125,0.15625,32,127,Chris Novoselic -elect Bass pi,Electric Bass (pick) _ 1,Electric Bass (pick) _ 1,24600,80
47.8125,0.15625,37,127,Chris Novoselic -elect Bass pi,Electric Bass (pick) _ 1,Electric Bass (pick) _ 1,24720,80
48.046875,0.15625,37,127,Chris Novoselic -elect Bass pi,Electric Bass (pick) _ 1,Electric Bass (pick) _ 1,24840,80
48.28125,0.15625,37,127,Chris Novoselic -elect Bass pi,Electric Bass (pick) _ 1,Electric Bass (pick) _ 1,24960,80
48.515625,0.15625,37,127,Chris Novoselic -elect Bass pi,Electric Bass (pick) _ 1,Electric Bass (pick) _ 1,25080,80
48.75,0.15625,29,127,Chris Novoselic -elect Bass pi,Electric Bass (pick) _ 1,Electric Bass (pick) _ 1,25200,80
48.984375,0.15625,29,127,Chris Novoselic -elect Bass pi,Electric Bass (pick) _ 1,Electric Bass (pick) _ 1,25320,80
49.21875,0.15625,29,127,Chris Novoselic -elect Bass pi,Electric Bass (pick) _ 1,Electric Bass (pick) _ 1,25440,80
49.453125,0.15625,29,127,Chris Novoselic -elect Bass pi,Electric Bass (pick) _ 1,Electric Bass (pick) _ 1,25560,80
49.6875,0.15625,34,127,Chris Novoselic -elect Bass pi,Electric Bass (pick) _ 1,Electric Bass (pick) _ 1,25680,80
49.921875,0.15625,34,127,Chris Novoselic -elect Bass pi,Electric Bass (pick) _ 1,Electric Bass (pick) _ 1,25800,80
50.15625,0.15625,34,127,Chris Novoselic -elect Bass pi,Electric Bass (pick) _ 1,Electric Bass (pick) _ 1,25920,80
50.390625,0.15625,34,127,Chris Novoselic -elect Bass pi,Electric Bass (pick) _ 1,Electric Bass (pick) _ 1,26040,80
50.625,0.15625,32,127,Chris Novoselic -elect Bass pi,Electric Bass (pick) _ 1,Electric Bass (pick) _ 1,26160,80
50.859375,0.15625,32,127,Chris Novoselic -elect Bass pi,Electric Bass (pick) _ 1,Electric Bass (pick) _ 1,26280,80
51.09375,0.15625,32,127,Chris Novoselic -elect Bass pi,Electric Bass (pick) _ 1,Electric Bass (pick) _ 1,26400,80
51.328125,0.15625,32,127,Chris Novoselic -elect Bass pi,Electric Bass (pick) _ 1,Electric Bass (pick) _ 1,26520,80
51.5625,0.15625,37,127,Chris Novoselic -elect Bass pi,Electric Bass (pick) _ 1,Electric Bass (pick) _ 1,26640,80
51.796875,0.15625,37,127,Chris Novoselic -elect Bass pi,Electric Bass (pick) _ 1,Electric Bass (pick) _ 1,26760,80
52.03125,0.15625,37,127,Chris Novoselic -elect Bass pi,Electric Bass (pick) _ 1,Electric Bass (pick) _ 1,26880,80
52.265625,0.15625,37,127,Chris Novoselic -elect Bass pi,Electric Bass (pick) _ 1,Electric Bass (pick) _ 1,27000,80
52.5,0.15625,29,127,Chris Novoselic -elect Bass pi,Electric Bass (pick) _ 1,Electric Bass (pick) _ 1,27120,80
52.734375,0.15625,29,127,Chris Novoselic -elect Bass pi,Electric Bass (pick) _ 1,Electric Bass (pick) _ 1,27240,80
52.96875,0.15625,29,127,Chris Novoselic -elect Bass pi,Electric Bass (pick) _ 1,Electric Bass (pick) _ 1,27360,80
53.203125,0.15625,29,127,Chris Novoselic -elect Bass pi,Electric Bass (pick) _ 1,Electric Bass (pick) _ 1,27480,80
53.4375,0.15625,34,127,Chris Novoselic -elect Bass pi,Electric Bass (pick) _ 1,Electric Bass (pick) _ 1,27600,80
53.671875,0.15625,34,127,Chris Novoselic -elect Bass pi,Electric Bass (pick) _ 1,Electric Bass (pick) _ 1,27720,80
53.90625,0.15625,34,127,Chris Novoselic -elect Bass pi,Electric Bass (pick) _ 1,Electric Bass (pick) _ 1,27840,80
54.140625,0.15625,34,127,Chris Novoselic -elect Bass pi,Electric Bass (pick) _ 1,Electric Bass (pick) _ 1,27960,80
54.375,0.15625,32,127,Chris Novoselic -elect Bass pi,Electric Bass (pick) _ 1,Electric Bass (pick) _ 1,28080,80
54.609375,0.15625,32,127,Chris Novoselic -elect Bass pi,Electric Bass (pick) _ 1,Electric Bass (pick) _ 1,28200,80
54.84375,0.15625,32,127,Chris Novoselic -elect Bass pi,Electric Bass (pick) _ 1,Electric Bass (pick) _ 1,28320,80
55.078125,0.15625,32,127,Chris Novoselic -elect Bass pi,Electric Bass (pick) _ 1,Electric Bass (pick) _ 1,28440,80
55.3125,0.15625,37,127,Chris Novoselic -elect Bass pi,Electric Bass (pick) _ 1,Electric Bass (pick) _ 1,28560,80
55.546875,0.15625,37,127,Chris Novoselic -elect Bass pi,Electric Bass (pick) _ 1,Electric Bass (pick) _ 1,28680,80
55.78125,0.15625,37,127,Chris Novoselic -elect Bass pi,Electric Bass (pick) _ 1,Electric Bass (pick) _ 1,28800,80
56.015625,0.15625,37,127,Chris Novoselic -elect Bass pi,Electric Bass (pick) _ 1,Electric Bass (pick) _ 1,28920,80
56.25,0.15625,29,127,Chris Novoselic -elect Bass pi,Electric Bass (pick) _ 1,Electric Bass (pick) _ 1,29040,80
56.484375,0.15625,29,127,Chris Novoselic -elect Bass pi,Electric Bass (pick) _ 1,Electric Bass (pick) _ 1,29160,80
56.71875,0.15625,29,127,Chris Novoselic -elect Bass pi,Electric Bass (pick) _ 1,Electric Bass (pick) _ 1,29280,80
56.953125,0.15625,29,127,Chris Novoselic -elect Bass pi,Electric Bass (pick) _ 1,Electric Bass (pick) _ 1,29400,80
57.1875,0.15625,34,127,Chris Novoselic -elect Bass pi,Electric Bass (pick) _ 1,Electric Bass (pick) _ 1,29520,80
57.421875,0.15625,34,127,Chris Novoselic -elect Bass pi,Electric Bass (pick) _ 1,Electric Bass (pick) _ 1,29640,80
57.65625,0.15625,34,127,Chris Novoselic -elect Bass pi,Electric Bass (pick) _ 1,Electric Bass (pick) _ 1,29760,80
57.890625,0.15625,34,127,Chris Novoselic -elect Bass pi,Electric Bass (pick) _ 1,Electric Bass (pick) _ 1,29880,80
58.125,0.15625,32,127,Chris Novoselic -elect Bass pi,Electric Bass (pick) _ 1,Electric Bass (pick) _ 1,30000,80
58.359375,0.15625,32,127,Chris Novoselic -elect Bass pi,Electric Bass (pick) _ 1,Electric Bass (pick) _ 1,30120,80
58.59375,0.15625,32,127,Chris Novoselic -elect Bass pi,Electric Bass (pick) _ 1,Electric Bass (pick) _ 1,30240,80
58.828125,0.15625,32,127,Chris Novoselic -elect Bass pi,Electric Bass (pick) _ 1,Electric Bass (pick) _ 1,30360,80
59.0625,0.15625,37,127,Chris Novoselic -elect Bass pi,Electric Bass (pick) _ 1,Electric Bass (pick) _ 1,30480,80
59.296875,0.15625,37,127,Chris Novoselic -elect Bass pi,Electric Bass (pick) _ 1,Electric Bass (pick) _ 1,30600,80
59.53125,0.15625,37,117,Chris Novoselic -elect Bass pi,Electric Bass (pick) _ 1,Electric Bass (pick) _ 1,30720,80
59.765625,0.15625,37,117,Chris Novoselic -elect Bass pi,Electric Bass (pick) _ 1,Electric Bass (pick) _ 1,30840,80
60.0,0.234375,29,117,Chris Novoselic -elect Bass pi,Electric Bass (pick) _ 1,Electric Bass (pick) _ 1,30960,120
60.3515625,0.1171875,29,117,Chris Novoselic -elect Bass pi,Electric Bass (pick) _ 1,Electric Bass (pick) _ 1,31140,60
60.46875,0.234375,29,117,Chris Novoselic -elect Bass pi,Electric Bass (pick) _ 1,Electric Bass (pick) _ 1,31200,120
60.8203125,0.1171875,29,117,Chris Novoselic -elect Bass pi,Electric Bass (pick) _ 1,Electric Bass (pick) _ 1,31380,60
60.9375,0.1171875,29,117,Chris Novoselic -elect Bass pi,Electric Bass (pick) _ 1,Electric Bass (pick) _ 1,31440,60
61.0546875,0.1171875,29,117,Chris Novoselic -elect Bass pi,Electric Bass (pick) _ 1,Electric Bass (pick) _ 1,31500,60
61.171875,0.234375,34,117,Chris Novoselic -elect Bass pi,Electric Bass (pick) _ 1,Electric Bass (pick) _ 1,31560,120
61.40625,0.234375,34,117,Chris Novoselic -elect Bass pi,Electric Bass (pick) _ 1,Electric Bass (pick) _ 1,31680,120
61.640625,0.234375,29,117,Chris Novoselic -elect Bass pi,Electric Bass (pick) _ 1,Electric Bass (pick) _ 1,31800,120
61.875,0.234375,32,117,Chris Novoselic -elect Bass pi,Electric Bass (pick) _ 1,Electric Bass (pick) _ 1,31920,120
62.2265625,0.1171875,32,117,Chris Novoselic -elect Bass pi,Electric Bass (pick) _ 1,Electric Bass (pick) _ 1,32100,60
62.34375,0.234375,32,117,Chris Novoselic -elect Bass pi,Electric Bass (pick) _ 1,Electric Bass (pick) _ 1,32160,120
62.6953125,0.1171875,32,117,Chris Novoselic -elect Bass pi,Electric Bass (pick) _ 1,Electric Bass (pick) _ 1,32340,60
62.8125,0.1171875,32,117,Chris Novoselic -elect Bass pi,Electric Bass (pick) _ 1,Electric Bass (pick) _ 1,32400,60
62.9296875,0.1171875,32,117,Chris Novoselic -elect Bass pi,Electric Bass (pick) _ 1,Electric Bass (pick) _ 1,32460,60
63.046875,0.234375,37,117,Chris Novoselic -elect Bass pi,Electric Bass (pick) _ 1,Electric Bass (pick) _ 1,32520,120
63.28125,0.234375,37,117,Chris Novoselic -elect Bass pi,Electric Bass (pick) _ 1,Electric Bass (pick) _ 1,32640,120
63.515625,0.234375,32,117,Chris Novoselic -elect Bass pi,Electric Bass (pick) _ 1,Electric Bass (pick) _ 1,32760,120
63.75,0.234375,29,117,Chris Novoselic -elect Bass pi,Electric Bass (pick) _ 1,Electric Bass (pick) _ 1,32880,120
64.1015625,0.1171875,29,117,Chris Novoselic -elect Bass pi,Electric Bass (pick) _ 1,Electric Bass (pick) _ 1,33060,60
64.21875,0.234375,29,117,Chris Novoselic -elect Bass pi,Electric Bass (pick) _ 1,Electric Bass (pick) _ 1,33120,120
64.5703125,0.1171875,29,117,Chris Novoselic -elect Bass pi,Electric Bass (pick) _ 1,Electric Bass (pick) _ 1,33300,60
64.6875,0.1171875,29,117,Chris Novoselic -elect Bass pi,Electric Bass (pick) _ 1,Electric Bass (pick) _ 1,33360,60
64.8046875,0.1171875,29,117,Chris Novoselic -elect Bass pi,Electric Bass (pick) _ 1,Electric Bass (pick) _ 1,33420,60
64.921875,0.234375,34,117,Chris Novoselic -elect Bass pi,Electric Bass (pick) _ 1,Electric Bass (pick) _ 1,33480,120
65.15625,0.234375,34,117,Chris Novoselic -elect Bass pi,Electric Bass (pick) _ 1,Electric Bass (pick) _ 1,33600,120
65.390625,0.234375,29,117,Chris Novoselic -elect Bass pi,Electric Bass (pick) _ 1,Electric Bass (pick) _ 1,33720,120
65.625,0.234375,32,117,Chris Novoselic -elect Bass pi,Electric Bass (pick) _ 1,Electric Bass (pick) _ 1,33840,120
65.9765625,0.1171875,32,117,Chris Novoselic -elect Bass pi,Electric Bass (pick) _ 1,Electric Bass (pick) _ 1,34020,60
66.09375,0.234375,32,117,Chris Novoselic -elect Bass pi,Electric Bass (pick) _ 1,Electric Bass (pick) _ 1,34080,120
66.4453125,0.1171875,32,117,Chris Novoselic -elect Bass pi,Electric Bass (pick) _ 1,Electric Bass (pick) _ 1,34260,60
66.5625,0.1171875,32,117,Chris Novoselic -elect Bass pi,Electric Bass (pick) _ 1,Electric Bass (pick) _ 1,34320,60
66.6796875,0.1171875,32,117,Chris Novoselic -elect Bass pi,Electric Bass (pick) _ 1,Electric Bass (pick) _ 1,34380,60
66.796875,0.234375,37,117,Chris Novoselic -elect Bass pi,Electric Bass (pick) _ 1,Electric Bass (pick) _ 1,34440,120
67.03125,0.234375,37,117,Chris Novoselic -elect Bass pi,Electric Bass (pick) _ 1,Electric Bass (pick) _ 1,34560,120
67.265625,0.234375,32,117,Chris Novoselic -elect Bass pi,Electric Bass (pick) _ 1,Electric Bass (pick) _ 1,34680,120
67.5,0.234375,29,117,Chris Novoselic -elect Bass pi,Electric Bass (pick) _ 1,Electric Bass (pick) _ 1,34800,120
67.8515625,0.1171875,29,117,Chris Novoselic -elect Bass pi,Electric Bass (pick) _ 1,Electric Bass (pick) _ 1,34980,60
67.96875,0.234375,29,117,Chris Novoselic -elect Bass pi,Electric Bass (pick) _ 1,Electric Bass (pick) _ 1,35040,120
68.3203125,0.1171875,29,117,Chris Novoselic -elect Bass pi,Electric Bass (pick) _ 1,Electric Bass (pick) _ 1,35220,60
68.4375,0.1171875,29,117,Chris Novoselic -elect Bass pi,Electric Bass (pick) _ 1,Electric Bass (pick) _ 1,35280,60
68.5546875,0.1171875,29,117,Chris Novoselic -elect Bass pi,Electric Bass (pick) _ 1,Electric Bass (pick) _ 1,35340,60
68.671875,0.234375,34,117,Chris Novoselic -elect Bass pi,Electric Bass (pick) _ 1,Electric Bass (pick) _ 1,35400,120
68.90625,0.234375,34,117,Chris Novoselic -elect Bass pi,Electric Bass (pick) _ 1,Electric Bass (pick) _ 1,35520,120
69.140625,0.234375,29,117,Chris Novoselic -elect Bass pi,Electric Bass (pick) _ 1,Electric Bass (pick) _ 1,35640,120
69.375,0.234375,32,117,Chris Novoselic -elect Bass pi,Electric Bass (pick) _ 1,Electric Bass (pick) _ 1,35760,120
69.7265625,0.1171875,32,117,Chris Novoselic -elect Bass pi,Electric Bass (pick) _ 1,Electric Bass (pick) _ 1,35940,60
69.84375,0.234375,32,117,Chris Novoselic -elect Bass pi,Electric Bass (pick) _ 1,Electric Bass (pick) _ 1,36000,120
70.1953125,0.1171875,32,117,Chris Novoselic -elect Bass pi,Electric Bass (pick) _ 1,Electric Bass (pick) _ 1,36180,60
70.3125,0.1171875,32,117,Chris Novoselic -elect Bass pi,Electric Bass (pick) _ 1,Electric Bass (pick) _ 1,36240,60
70.4296875,0.1171875,32,117,Chris Novoselic -elect Bass pi,Electric Bass (pick) _ 1,Electric Bass (pick) _ 1,36300,60
70.546875,0.234375,37,117,Chris Novoselic -elect Bass pi,Electric Bass (pick) _ 1,Electric Bass (pick) _ 1,36360,120
70.78125,0.234375,37,117,Chris Novoselic -elect Bass pi,Electric Bass (pick) _ 1,Electric Bass (pick) _ 1,36480,120
71.015625,0.234375,32,117,Chris Novoselic -elect Bass pi,Electric Bass (pick) _ 1,Electric Bass (pick) _ 1,36600,120
71.25,0.234375,29,117,Chris Novoselic -elect Bass pi,Electric Bass (pick) _ 1,Electric Bass (pick) _ 1,36720,120
71.6015625,0.1171875,29,117,Chris Novoselic -elect Bass pi,Electric Bass (pick) _ 1,Electric Bass (pick) _ 1,36900,60
71.71875,0.234375,29,117,Chris Novoselic -elect Bass pi,Electric Bass (pick) _ 1,Electric Bass (pick) _ 1,36960,120
72.0703125,0.1171875,29,117,Chris Novoselic -elect Bass pi,Electric Bass (pick) _ 1,Electric Bass (pick) _ 1,37140,60
72.1875,0.1171875,29,117,Chris Novoselic -elect Bass pi,Electric Bass (pick) _ 1,Electric Bass (pick) _ 1,37200,60
72.3046875,0.1171875,29,117,Chris Novoselic -elect Bass pi,Electric Bass (pick) _ 1,Electric Bass (pick) _ 1,37260,60
72.421875,0.234375,34,117,Chris Novoselic -elect Bass pi,Electric Bass (pick) _ 1,Electric Bass (pick) _ 1,37320,120
72.65625,0.234375,34,117,Chris Novoselic -elect Bass pi,Electric Bass (pick) _ 1,Electric Bass (pick) _ 1,37440,120
72.890625,0.234375,29,117,Chris Novoselic -elect Bass pi,Electric Bass (pick) _ 1,Electric Bass (pick) _ 1,37560,120
73.125,0.234375,32,117,Chris Novoselic -elect Bass pi,Electric Bass (pick) _ 1,Electric Bass (pick) _ 1,37680,120
73.4765625,0.1171875,32,117,Chris Novoselic -elect Bass pi,Electric Bass (pick) _ 1,Electric Bass (pick) _ 1,37860,60
73.59375,0.234375,32,117,Chris Novoselic -elect Bass pi,Electric Bass (pick) _ 1,Electric Bass (pick) _ 1,37920,120
73.9453125,0.1171875,32,117,Chris Novoselic -elect Bass pi,Electric Bass (pick) _ 1,Electric Bass (pick) _ 1,38100,60
74.0625,0.1171875,32,117,Chris Novoselic -elect Bass pi,Electric Bass (pick) _ 1,Electric Bass (pick) _ 1,38160,60
74.1796875,0.1171875,32,117,Chris Novoselic -elect Bass pi,Electric Bass (pick) _ 1,Electric Bass (pick) _ 1,38220,60
74.296875,0.234375,37,117,Chris Novoselic -elect Bass pi,Electric Bass (pick) _ 1,Electric Bass (pick) _ 1,38280,120
74.53125,0.234375,37,97,Chris Novoselic -elect Bass pi,Electric Bass (pick) _ 1,Electric Bass (pick) _ 1,38400,120
74.765625,0.234375,32,97,Chris Novoselic -elect Bass pi,Electric Bass (pick) _ 1,Electric Bass (pick) _ 1,38520,120
75.0,0.3125,29,97,Chris Novoselic -elect Bass pi,Electric Bass (pick) _ 1,Electric Bass (pick) _ 1,38640,160
75.46875,0.234375,28,97,Chris Novoselic -elect Bass pi,Electric Bass (pick) _ 1,Electric Bass (pick) _ 1,38880,120
75.703125,0.234375,29,97,Chris Novoselic -elect Bass pi,Electric Bass (pick) _ 1,Electric Bass (pick) _ 1,39000,120
75.9375,0.234375,30,97,Chris Novoselic -elect Bass pi,Electric Bass (pick) _ 1,Electric Bass (pick) _ 1,39120,120
76.171875,0.234375,30,97,Chris Novoselic -elect Bass pi,Electric Bass (pick) _ 1,Electric Bass (pick) _ 1,39240,120
76.875,0.46875,29,97,Chris Novoselic -elect Bass pi,Electric Bass (pick) _ 1,Electric Bass (pick) _ 1,39600,240
77.34375,0.234375,28,97,Chris Novoselic -elect Bass pi,Electric Bass (pick) _ 1,Electric Bass (pick) _ 1,39840,120
77.578125,0.234375,29,97,Chris Novoselic -elect Bass pi,Electric Bass (pick) _ 1,Electric Bass (pick) _ 1,39960,120
77.8125,0.46875,34,97,Chris Novoselic -elect Bass pi,Electric Bass (pick) _ 1,Electric Bass (pick) _ 1,40080,240
78.28125,0.46875,32,97,Chris Novoselic -elect Bass pi,Electric Bass (pick) _ 1,Electric Bass (pick) _ 1,40320,240
78.75,0.3125,29,97,Chris Novoselic -elect Bass pi,Electric Bass (pick) _ 1,Electric Bass (pick) _ 1,40560,160
79.21875,0.234375,28,97,Chris Novoselic -elect Bass pi,Electric Bass (pick) _ 1,Electric Bass (pick) _ 1,40800,120
79.453125,0.234375,29,97,Chris Novoselic -elect Bass pi,Electric Bass (pick) _ 1,Electric Bass (pick) _ 1,40920,120
79.6875,0.234375,30,97,Chris Novoselic -elect Bass pi,Electric Bass (pick) _ 1,Electric Bass (pick) _ 1,41040,120
79.921875,0.234375,30,97,Chris Novoselic -elect Bass pi,Electric Bass (pick) _ 1,Electric Bass (pick) _ 1,41160,120
80.625,0.46875,29,97,Chris Novoselic -elect Bass pi,Electric Bass (pick) _ 1,Electric Bass (pick) _ 1,41520,240
81.09375,0.234375,28,97,Chris Novoselic -elect Bass pi,Electric Bass (pick) _ 1,Electric Bass (pick) _ 1,41760,120
81.328125,0.234375,29,97,Chris Novoselic -elect Bass pi,Electric Bass (pick) _ 1,Electric Bass (pick) _ 1,41880,120
81.5625,0.46875,34,97,Chris Novoselic -elect Bass pi,Electric Bass (pick) _ 1,Electric Bass (pick) _ 1,42000,240
82.03125,0.46875,32,97,Chris Novoselic -elect Bass pi,Electric Bass (pick) _ 1,Electric Bass (pick) _ 1,42240,240
82.5,0.15625,29,97,Chris Novoselic -elect Bass pi,Electric Bass (pick) _ 1,Electric Bass (pick) _ 1,42480,80
82.734375,0.15625,29,97,Chris Novoselic -elect Bass pi,Electric Bass (pick) _ 1,Electric Bass (pick) _ 1,42600,80
82.96875,0.15625,29,97,Chris Novoselic -elect Bass pi,Electric Bass (pick) _ 1,Electric Bass (pick) _ 1,42720,80
83.203125,0.15625,29,97,Chris Novoselic -elect Bass pi,Electric Bass (pick) _ 1,Electric Bass (pick) _ 1,42840,80
83.4375,0.15625,34,97,Chris Novoselic -elect Bass pi,Electric Bass (pick) _ 1,Electric Bass (pick) _ 1,42960,80
83.671875,0.15625,34,97,Chris Novoselic -elect Bass pi,Electric Bass (pick) _ 1,Electric Bass (pick) _ 1,43080,80
83.90625,0.15625,34,127,Chris Novoselic -elect Bass pi,Electric Bass (pick) _ 1,Electric Bass (pick) _ 1,43200,80
84.140625,0.15625,34,127,Chris Novoselic -elect Bass pi,Electric Bass (pick) _ 1,Electric Bass (pick) _ 1,43320,80
84.375,0.15625,32,127,Chris Novoselic -elect Bass pi,Electric Bass (pick) _ 1,Electric Bass (pick) _ 1,43440,80
84.609375,0.15625,32,127,Chris Novoselic -elect Bass pi,Electric Bass (pick) _ 1,Electric Bass (pick) _ 1,43560,80
84.84375,0.15625,32,127,Chris Novoselic -elect Bass pi,Electric Bass (pick) _ 1,Electric Bass (pick) _ 1,43680,80
85.078125,0.15625,32,127,Chris Novoselic -elect Bass pi,Electric Bass (pick) _ 1,Electric Bass (pick) _ 1,43800,80
85.3125,0.15625,37,127,Chris Novoselic -elect Bass pi,Electric Bass (pick) _ 1,Electric Bass (pick) _ 1,43920,80
85.546875,0.15625,37,127,Chris Novoselic -elect Bass pi,Electric Bass (pick) _ 1,Electric Bass (pick) _ 1,44040,80
85.78125,0.15625,37,127,Chris Novoselic -elect Bass pi,Electric Bass (pick) _ 1,Electric Bass (pick) _ 1,44160,80
86.015625,0.15625,37,127,Chris Novoselic -elect Bass pi,Electric Bass (pick) _ 1,Electric Bass (pick) _ 1,44280,80
86.25,0.15625,29,127,Chris Novoselic -elect Bass pi,Electric Bass (pick) _ 1,Electric Bass (pick) _ 1,44400,80
86.484375,0.15625,29,127,Chris Novoselic -elect Bass pi,Electric Bass (pick) _ 1,Electric Bass (pick) _ 1,44520,80
86.71875,0.15625,29,127,Chris Novoselic -elect Bass pi,Electric Bass (pick) _ 1,Electric Bass (pick) _ 1,44640,80
86.953125,0.15625,29,127,Chris Novoselic -elect Bass pi,Electric Bass (pick) _ 1,Electric Bass (pick) _ 1,44760,80
87.1875,0.15625,34,127,Chris Novoselic -elect Bass pi,Electric Bass (pick) _ 1,Electric Bass (pick) _ 1,44880,80
87.421875,0.15625,34,127,Chris Novoselic -elect Bass pi,Electric Bass (pick) _ 1,Electric Bass (pick) _ 1,45000,80
87.65625,0.15625,34,127,Chris Novoselic -elect Bass pi,Electric Bass (pick) _ 1,Electric Bass (pick) _ 1,45120,80
87.890625,0.15625,34,127,Chris Novoselic -elect Bass pi,Electric Bass (pick) _ 1,Electric Bass (pick) _ 1,45240,80
88.125,0.15625,32,127,Chris Novoselic -elect Bass pi,Electric Bass (pick) _ 1,Electric Bass (pick) _ 1,45360,80
88.359375,0.15625,32,127,Chris Novoselic -elect Bass pi,Electric Bass (pick) _ 1,Electric Bass (pick) _ 1,45480,80
88.59375,0.15625,32,127,Chris Novoselic -elect Bass pi,Electric Bass (pick) _ 1,Electric Bass (pick) _ 1,45600,80
88.828125,0.15625,32,127,Chris Novoselic -elect Bass pi,Electric Bass (pick) _ 1,Electric Bass (pick) _ 1,45720,80
89.0625,0.15625,37,127,Chris Novoselic -elect Bass pi,Electric Bass (pick) _ 1,Electric Bass (pick) _ 1,45840,80
89.296875,0.15625,37,127,Chris Novoselic -elect Bass pi,Electric Bass (pick) _ 1,Electric Bass (pick) _ 1,45960,80
89.53125,0.15625,37,127,Chris Novoselic -elect Bass pi,Electric Bass (pick) _ 1,Electric Bass (pick) _ 1,46080,80
89.765625,0.15625,37,127,Chris Novoselic -elect Bass pi,Electric Bass (pick) _ 1,Electric Bass (pick) _ 1,46200,80
90.0,0.15625,29,127,Chris Novoselic -elect Bass pi,Electric Bass (pick) _ 1,Electric Bass (pick) _ 1,46320,80
90.234375,0.15625,29,127,Chris Novoselic -elect Bass pi,Electric Bass (pick) _ 1,Electric Bass (pick) _ 1,46440,80
90.46875,0.15625,29,127,Chris Novoselic -elect Bass pi,Electric Bass (pick) _ 1,Electric Bass (pick) _ 1,46560,80
90.703125,0.15625,29,127,Chris Novoselic -elect Bass pi,Electric Bass (pick) _ 1,Electric Bass (pick) _ 1,46680,80
90.9375,0.15625,34,127,Chris Novoselic -elect Bass pi,Electric Bass (pick) _ 1,Electric Bass (pick) _ 1,46800,80
91.171875,0.15625,34,127,Chris Novoselic -elect Bass pi,Electric Bass (pick) _ 1,Electric Bass (pick) _ 1,46920,80
91.40625,0.15625,34,127,Chris Novoselic -elect Bass pi,Electric Bass (pick) _ 1,Electric Bass (pick) _ 1,47040,80
91.640625,0.15625,34,127,Chris Novoselic -elect Bass pi,Electric Bass (pick) _ 1,Electric Bass (pick) _ 1,47160,80
91.875,0.15625,32,127,Chris Novoselic -elect Bass pi,Electric Bass (pick) _ 1,Electric Bass (pick) _ 1,47280,80
92.109375,0.15625,32,127,Chris Novoselic -elect Bass pi,Electric Bass (pick) _ 1,Electric Bass (pick) _ 1,47400,80
92.34375,0.15625,32,127,Chris Novoselic -elect Bass pi,Electric Bass (pick) _ 1,Electric Bass (pick) _ 1,47520,80
92.578125,0.15625,32,127,Chris Novoselic -elect Bass pi,Electric Bass (pick) _ 1,Electric Bass (pick) _ 1,47640,80
92.8125,0.15625,37,127,Chris Novoselic -elect Bass pi,Electric Bass (pick) _ 1,Electric Bass (pick) _ 1,47760,80
93.046875,0.15625,37,127,Chris Novoselic -elect Bass pi,Electric Bass (pick) _ 1,Electric Bass (pick) _ 1,47880,80
93.28125,0.15625,37,127,Chris Novoselic -elect Bass pi,Electric Bass (pick) _ 1,Electric Bass (pick) _ 1,48000,80
93.515625,0.15625,37,127,Chris Novoselic -elect Bass pi,Electric Bass (pick) _ 1,Electric Bass (pick) _ 1,48120,80
93.75,0.15625,29,127,Chris Novoselic -elect Bass pi,Electric Bass (pick) _ 1,Electric Bass (pick) _ 1,48240,80
93.984375,0.15625,29,127,Chris Novoselic -elect Bass pi,Electric Bass (pick) _ 1,Electric Bass (pick) _ 1,48360,80
94.21875,0.15625,29,127,Chris Novoselic -elect Bass pi,Electric Bass (pick) _ 1,Electric Bass (pick) _ 1,48480,80
94.453125,0.15625,29,127,Chris Novoselic -elect Bass pi,Electric Bass (pick) _ 1,Electric Bass (pick) _ 1,48600,80
94.6875,0.15625,34,127,Chris Novoselic -elect Bass pi,Electric Bass (pick) _ 1,Electric Bass (pick) _ 1,48720,80
94.921875,0.15625,34,127,Chris Novoselic -elect Bass pi,Electric Bass (pick) _ 1,Electric Bass (pick) _ 1,48840,80
95.15625,0.15625,34,127,Chris Novoselic -elect Bass pi,Electric Bass (pick) _ 1,Electric Bass (pick) _ 1,48960,80
95.390625,0.15625,34,127,Chris Novoselic -elect Bass pi,Electric Bass (pick) _ 1,Electric Bass (pick) _ 1,49080,80
95.625,0.15625,32,127,Chris Novoselic -elect Bass pi,Electric Bass (pick) _ 1,Electric Bass (pick) _ 1,49200,80
95.859375,0.15625,32,127,Chris Novoselic -elect Bass pi,Electric Bass (pick) _ 1,Electric Bass (pick) _ 1,49320,80
96.09375,0.15625,32,127,Chris Novoselic -elect Bass pi,Electric Bass (pick) _ 1,Electric Bass (pick) _ 1,49440,80
96.328125,0.15625,32,127,Chris Novoselic -elect Bass pi,Electric Bass (pick) _ 1,Electric Bass (pick) _ 1,49560,80
96.5625,0.15625,37,127,Chris Novoselic -elect Bass pi,Electric Bass (pick) _ 1,Electric Bass (pick) _ 1,49680,80
96.796875,0.15625,37,127,Chris Novoselic -elect Bass pi,Electric Bass (pick) _ 1,Electric Bass (pick) _ 1,49800,80
97.03125,0.15625,37,127,Chris Novoselic -elect Bass pi,Electric Bass (pick) _ 1,Electric Bass (pick) _ 1,49920,80
97.265625,0.15625,37,127,Chris Novoselic -elect Bass pi,Electric Bass (pick) _ 1,Electric Bass (pick) _ 1,50040,80
97.5,0.15625,29,127,Chris Novoselic -elect Bass pi,Electric Bass (pick) _ 1,Electric Bass (pick) _ 1,50160,80
97.734375,0.15625,29,127,Chris Novoselic -elect Bass pi,Electric Bass (pick) _ 1,Electric Bass (pick) _ 1,50280,80
97.96875,0.15625,29,127,Chris Novoselic -elect Bass pi,Electric Bass (pick) _ 1,Electric Bass (pick) _ 1,50400,80
98.203125,0.15625,29,127,Chris Novoselic -elect Bass pi,Electric Bass (pick) _ 1,Electric Bass (pick) _ 1,50520,80
98.4375,0.15625,34,127,Chris Novoselic -elect Bass pi,Electric Bass (pick) _ 1,Electric Bass (pick) _ 1,50640,80
98.671875,0.15625,34,127,Chris Novoselic -elect Bass pi,Electric Bass (pick) _ 1,Electric Bass (pick) _ 1,50760,80
98.90625,0.15625,34,127,Chris Novoselic -elect Bass pi,Electric Bass (pick) _ 1,Electric Bass (pick) _ 1,50880,80
99.140625,0.15625,34,127,Chris Novoselic -elect Bass pi,Electric Bass (pick) _ 1,Electric Bass (pick) _ 1,51000,80
99.375,0.15625,32,127,Chris Novoselic -elect Bass pi,Electric Bass (pick) _ 1,Electric Bass (pick) _ 1,51120,80
99.609375,0.15625,32,127,Chris Novoselic -elect Bass pi,Electric Bass (pick) _ 1,Electric Bass (pick) _ 1,51240,80
99.84375,0.15625,32,127,Chris Novoselic -elect Bass pi,Electric Bass (pick) _ 1,Electric Bass (pick) _ 1,51360,80
100.078125,0.15625,32,127,Chris Novoselic -elect Bass pi,Electric Bass (pick) _ 1,Electric Bass (pick) _ 1,51480,80
100.3125,0.15625,37,127,Chris Novoselic -elect Bass pi,Electric Bass (pick) _ 1,Electric Bass (pick) _ 1,51600,80
100.546875,0.15625,37,127,Chris Novoselic -elect Bass pi,Electric Bass (pick) _ 1,Electric Bass (pick) _ 1,51720,80
100.78125,0.15625,37,127,Chris Novoselic -elect Bass pi,Electric Bass (pick) _ 1,Electric Bass (pick) _ 1,51840,80
101.015625,0.15625,37,127,Chris Novoselic -elect Bass pi,Electric Bass (pick) _ 1,Electric Bass (pick) _ 1,51960,80
101.25,0.15625,29,127,Chris Novoselic -elect Bass pi,Electric Bass (pick) _ 1,Electric Bass (pick) _ 1,52080,80
101.484375,0.15625,29,127,Chris Novoselic -elect Bass pi,Electric Bass (pick) _ 1,Electric Bass (pick) _ 1,52200,80
101.71875,0.15625,29,127,Chris Novoselic -elect Bass pi,Electric Bass (pick) _ 1,Electric Bass (pick) _ 1,52320,80
101.953125,0.15625,29,127,Chris Novoselic -elect Bass pi,Electric Bass (pick) _ 1,Electric Bass (pick) _ 1,52440,80
102.1875,0.15625,34,127,Chris Novoselic -elect Bass pi,Electric Bass (pick) _ 1,Electric Bass (pick) _ 1,52560,80
102.421875,0.15625,34,127,Chris Novoselic -elect Bass pi,Electric Bass (pick) _ 1,Electric Bass (pick) _ 1,52680,80
102.65625,0.15625,34,127,Chris Novoselic -elect Bass pi,Electric Bass (pick) _ 1,Electric Bass (pick) _ 1,52800,80
102.890625,0.15625,34,127,Chris Novoselic -elect Bass pi,Electric Bass (pick) _ 1,Electric Bass (pick) _ 1,52920,80
103.125,0.15625,32,127,Chris Novoselic -elect Bass pi,Electric Bass (pick) _ 1,Electric Bass (pick) _ 1,53040,80
103.359375,0.15625,32,127,Chris Novoselic -elect Bass pi,Electric Bass (pick) _ 1,Electric Bass (pick) _ 1,53160,80
103.59375,0.15625,32,127,Chris Novoselic -elect Bass pi,Electric Bass (pick) _ 1,Electric Bass (pick) _ 1,53280,80
103.828125,0.15625,32,127,Chris Novoselic -elect Bass pi,Electric Bass (pick) _ 1,Electric Bass (pick) _ 1,53400,80
104.0625,0.15625,37,127,Chris Novoselic -elect Bass pi,Electric Bass (pick) _ 1,Electric Bass (pick) _ 1,53520,80
104.296875,0.15625,37,127,Chris Novoselic -elect Bass pi,Electric Bass (pick) _ 1,Electric Bass (pick) _ 1,53640,80
104.53125,0.15625,37,97,Chris Novoselic -elect Bass pi,Electric Bass (pick) _ 1,Electric Bass (pick) _ 1,53760,80
104.765625,0.15625,37,97,Chris Novoselic -elect Bass pi,Electric Bass (pick) _ 1,Electric Bass (pick) _ 1,53880,80
105.0,0.15625,29,97,Chris Novoselic -elect Bass pi,Electric Bass (pick) _ 1,Electric Bass (pick) _ 1,54000,80
105.234375,0.15625,29,97,Chris Novoselic -elect Bass pi,Electric Bass (pick) _ 1,Electric Bass (pick) _ 1,54120,80
105.46875,0.15625,29,97,Chris Novoselic -elect Bass pi,Electric Bass (pick) _ 1,Electric Bass (pick) _ 1,54240,80
105.703125,0.15625,29,97,Chris Novoselic -elect Bass pi,Electric Bass (pick) _ 1,Electric Bass (pick) _ 1,54360,80
105.9375,0.15625,34,97,Chris Novoselic -elect Bass pi,Electric Bass (pick) _ 1,Electric Bass (pick) _ 1,54480,80
106.171875,0.15625,34,97,Chris Novoselic -elect Bass pi,Electric Bass (pick) _ 1,Electric Bass (pick) _ 1,54600,80
106.40625,0.15625,34,97,Chris Novoselic -elect Bass pi,Electric Bass (pick) _ 1,Electric Bass (pick) _ 1,54720,80
106.640625,0.15625,34,97,Chris Novoselic -elect Bass pi,Electric Bass (pick) _ 1,Electric Bass (pick) _ 1,54840,80
106.875,0.15625,32,97,Chris Novoselic -elect Bass pi,Electric Bass (pick) _ 1,Electric Bass (pick) _ 1,54960,80
107.109375,0.15625,32,97,Chris Novoselic -elect Bass pi,Electric Bass (pick) _ 1,Electric Bass (pick) _ 1,55080,80
107.34375,0.15625,32,97,Chris Novoselic -elect Bass pi,Electric Bass (pick) _ 1,Electric Bass (pick) _ 1,55200,80
107.578125,0.15625,32,97,Chris Novoselic -elect Bass pi,Electric Bass (pick) _ 1,Electric Bass (pick) _ 1,55320,80
107.8125,0.15625,37,97,Chris Novoselic -elect Bass pi,Electric Bass (pick) _ 1,Electric Bass (pick) _ 1,55440,80
108.046875,0.15625,37,97,Chris Novoselic -elect Bass pi,Electric Bass (pick) _ 1,Electric Bass (pick) _ 1,55560,80
108.28125,0.15625,37,97,Chris Novoselic -elect Bass pi,Electric Bass (pick) _ 1,Electric Bass (pick) _ 1,55680,80
108.515625,0.15625,37,97,Chris Novoselic -elect Bass pi,Electric Bass (pick) _ 1,Electric Bass (pick) _ 1,55800,80
108.75,0.15625,29,97,Chris Novoselic -elect Bass pi,Electric Bass (pick) _ 1,Electric Bass (pick) _ 1,55920,80
108.984375,0.15625,29,97,Chris Novoselic -elect Bass pi,Electric Bass (pick) _ 1,Electric Bass (pick) _ 1,56040,80
109.21875,0.15625,29,97,Chris Novoselic -elect Bass pi,Electric Bass (pick) _ 1,Electric Bass (pick) _ 1,56160,80
109.453125,0.15625,29,97,Chris Novoselic -elect Bass pi,Electric Bass (pick) _ 1,Electric Bass (pick) _ 1,56280,80
109.6875,0.15625,34,97,Chris Novoselic -elect Bass pi,Electric Bass (pick) _ 1,Electric Bass (pick) _ 1,56400,80
109.921875,0.15625,34,97,Chris Novoselic -elect Bass pi,Electric Bass (pick) _ 1,Electric Bass (pick) _ 1,56520,80
110.15625,0.15625,34,97,Chris Novoselic -elect Bass pi,Electric Bass (pick) _ 1,Electric Bass (pick) _ 1,56640,80
110.390625,0.15625,34,97,Chris Novoselic -elect Bass pi,Electric Bass (pick) _ 1,Electric Bass (pick) _ 1,56760,80
110.625,0.15625,32,97,Chris Novoselic -elect Bass pi,Electric Bass (pick) _ 1,Electric Bass (pick) _ 1,56880,80
110.859375,0.15625,32,97,Chris Novoselic -elect Bass pi,Electric Bass (pick) _ 1,Electric Bass (pick) _ 1,57000,80
111.09375,0.15625,32,97,Chris Novoselic -elect Bass pi,Electric Bass (pick) _ 1,Electric Bass (pick) _ 1,57120,80
111.328125,0.15625,32,97,Chris Novoselic -elect Bass pi,Electric Bass (pick) _ 1,Electric Bass (pick) _ 1,57240,80
111.5625,0.15625,37,97,Chris Novoselic -elect Bass pi,Electric Bass (pick) _ 1,Electric Bass (pick) _ 1,57360,80
111.796875,0.15625,37,97,Chris Novoselic -elect Bass pi,Electric Bass (pick) _ 1,Electric Bass (pick) _ 1,57480,80
112.03125,0.15625,37,97,Chris Novoselic -elect Bass pi,Electric Bass (pick) _ 1,Electric Bass (pick) _ 1,57600,80
112.265625,0.15625,37,97,Chris Novoselic -elect Bass pi,Electric Bass (pick) _ 1,Electric Bass (pick) _ 1,57720,80
112.5,0.15625,29,97,Chris Novoselic -elect Bass pi,Electric Bass (pick) _ 1,Electric Bass (pick) _ 1,57840,80
112.734375,0.15625,29,97,Chris Novoselic -elect Bass pi,Electric Bass (pick) _ 1,Electric Bass (pick) _ 1,57960,80
112.96875,0.15625,29,97,Chris Novoselic -elect Bass pi,Electric Bass (pick) _ 1,Electric Bass (pick) _ 1,58080,80
113.203125,0.15625,29,97,Chris Novoselic -elect Bass pi,Electric Bass (pick) _ 1,Electric Bass (pick) _ 1,58200,80
113.4375,0.15625,34,97,Chris Novoselic -elect Bass pi,Electric Bass (pick) _ 1,Electric Bass (pick) _ 1,58320,80
113.671875,0.15625,34,97,Chris Novoselic -elect Bass pi,Electric Bass (pick) _ 1,Electric Bass (pick) _ 1,58440,80
113.90625,0.15625,34,97,Chris Novoselic -elect Bass pi,Electric Bass (pick) _ 1,Electric Bass (pick) _ 1,58560,80
114.140625,0.15625,34,97,Chris Novoselic -elect Bass pi,Electric Bass (pick) _ 1,Electric Bass (pick) _ 1,58680,80
114.375,0.15625,32,97,Chris Novoselic -elect Bass pi,Electric Bass (pick) _ 1,Electric Bass (pick) _ 1,58800,80
114.609375,0.15625,32,97,Chris Novoselic -elect Bass pi,Electric Bass (pick) _ 1,Electric Bass (pick) _ 1,58920,80
114.84375,0.15625,32,97,Chris Novoselic -elect Bass pi,Electric Bass (pick) _ 1,Electric Bass (pick) _ 1,59040,80
115.078125,0.15625,32,97,Chris Novoselic -elect Bass pi,Electric Bass (pick) _ 1,Electric Bass (pick) _ 1,59160,80
115.3125,0.15625,37,97,Chris Novoselic -elect Bass pi,Electric Bass (pick) _ 1,Electric Bass (pick) _ 1,59280,80
115.546875,0.15625,37,97,Chris Novoselic -elect Bass pi,Electric Bass (pick) _ 1,Electric Bass (pick) _ 1,59400,80
115.78125,0.15625,37,97,Chris Novoselic -elect Bass pi,Electric Bass (pick) _ 1,Electric Bass (pick) _ 1,59520,80
116.015625,0.15625,37,97,Chris Novoselic -elect Bass pi,Electric Bass (pick) _ 1,Electric Bass (pick) _ 1,59640,80
116.25,0.15625,29,97,Chris Novoselic -elect Bass pi,Electric Bass (pick) _ 1,Electric Bass (pick) _ 1,59760,80
116.484375,0.15625,29,97,Chris Novoselic -elect Bass pi,Electric Bass (pick) _ 1,Electric Bass (pick) _ 1,59880,80
116.71875,0.15625,29,97,Chris Novoselic -elect Bass pi,Electric Bass (pick) _ 1,Electric Bass (pick) _ 1,60000,80
116.953125,0.15625,29,97,Chris Novoselic -elect Bass pi,Electric Bass (pick) _ 1,Electric Bass (pick) _ 1,60120,80
117.1875,0.15625,34,97,Chris Novoselic -elect Bass pi,Electric Bass (pick) _ 1,Electric Bass (pick) _ 1,60240,80
117.421875,0.15625,34,97,Chris Novoselic -elect Bass pi,Electric Bass (pick) _ 1,Electric Bass (pick) _ 1,60360,80
117.65625,0.15625,34,97,Chris Novoselic -elect Bass pi,Electric Bass (pick) _ 1,Electric Bass (pick) _ 1,60480,80
117.890625,0.15625,34,97,Chris Novoselic -elect Bass pi,Electric Bass (pick) _ 1,Electric Bass (pick) _ 1,60600,80
118.125,0.15625,32,97,Chris Novoselic -elect Bass pi,Electric Bass (pick) _ 1,Electric Bass (pick) _ 1,60720,80
118.359375,0.15625,32,97,Chris Novoselic -elect Bass pi,Electric Bass (pick) _ 1,Electric Bass (pick) _ 1,60840,80
118.59375,0.15625,32,97,Chris Novoselic -elect Bass pi,Electric Bass (pick) _ 1,Electric Bass (pick) _ 1,60960,80
118.828125,0.15625,32,97,Chris Novoselic -elect Bass pi,Electric Bass (pick) _ 1,Electric Bass (pick) _ 1,61080,80
119.0625,0.15625,37,97,Chris Novoselic -elect Bass pi,Electric Bass (pick) _ 1,Electric Bass (pick) _ 1,61200,80
119.296875,0.15625,37,97,Chris Novoselic -elect Bass pi,Electric Bass (pick) _ 1,Electric Bass (pick) _ 1,61320,80
119.53125,0.15625,37,127,Chris Novoselic -elect Bass pi,Electric Bass (pick) _ 1,Electric Bass (pick) _ 1,61440,80
119.765625,0.15625,37,127,Chris Novoselic -elect Bass pi,Electric Bass (pick) _ 1,Electric Bass (pick) _ 1,61560,80
120.0,0.234375,29,127,Chris Novoselic -elect Bass pi,Electric Bass (pick) _ 1,Electric Bass (pick) _ 1,61680,120
120.3515625,0.1171875,29,127,Chris Novoselic -elect Bass pi,Electric Bass (pick) _ 1,Electric Bass (pick) _ 1,61860,60
120.46875,0.234375,29,127,Chris Novoselic -elect Bass pi,Electric Bass (pick) _ 1,Electric Bass (pick) _ 1,61920,120
120.8203125,0.1171875,29,127,Chris Novoselic -elect Bass pi,Electric Bass (pick) _ 1,Electric Bass (pick) _ 1,62100,60
120.9375,0.1171875,29,127,Chris Novoselic -elect Bass pi,Electric Bass (pick) _ 1,Electric Bass (pick) _ 1,62160,60
121.0546875,0.1171875,29,127,Chris Novoselic -elect Bass pi,Electric Bass (pick) _ 1,Electric Bass (pick) _ 1,62220,60
121.171875,0.234375,34,127,Chris Novoselic -elect Bass pi,Electric Bass (pick) _ 1,Electric Bass (pick) _ 1,62280,120
121.40625,0.234375,34,127,Chris Novoselic -elect Bass pi,Electric Bass (pick) _ 1,Electric Bass (pick) _ 1,62400,120
121.640625,0.234375,29,127,Chris Novoselic -elect Bass pi,Electric Bass (pick) _ 1,Electric Bass (pick) _ 1,62520,120
121.875,0.234375,32,127,Chris Novoselic -elect Bass pi,Electric Bass (pick) _ 1,Electric Bass (pick) _ 1,62640,120
122.2265625,0.1171875,32,127,Chris Novoselic -elect Bass pi,Electric Bass (pick) _ 1,Electric Bass (pick) _ 1,62820,60
122.34375,0.234375,32,127,Chris Novoselic -elect Bass pi,Electric Bass (pick) _ 1,Electric Bass (pick) _ 1,62880,120
122.6953125,0.1171875,32,127,Chris Novoselic -elect Bass pi,Electric Bass (pick) _ 1,Electric Bass (pick) _ 1,63060,60
122.8125,0.1171875,32,127,Chris Novoselic -elect Bass pi,Electric Bass (pick) _ 1,Electric Bass (pick) _ 1,63120,60
122.9296875,0.1171875,32,127,Chris Novoselic -elect Bass pi,Electric Bass (pick) _ 1,Electric Bass (pick) _ 1,63180,60
123.046875,0.234375,37,127,Chris Novoselic -elect Bass pi,Electric Bass (pick) _ 1,Electric Bass (pick) _ 1,63240,120
123.28125,0.234375,37,127,Chris Novoselic -elect Bass pi,Electric Bass (pick) _ 1,Electric Bass (pick) _ 1,63360,120
123.515625,0.234375,32,127,Chris Novoselic -elect Bass pi,Electric Bass (pick) _ 1,Electric Bass (pick) _ 1,63480,120
123.75,0.234375,29,127,Chris Novoselic -elect Bass pi,Electric Bass (pick) _ 1,Electric Bass (pick) _ 1,63600,120
124.1015625,0.1171875,29,127,Chris Novoselic -elect Bass pi,Electric Bass (pick) _ 1,Electric Bass (pick) _ 1,63780,60
124.21875,0.234375,29,127,Chris Novoselic -elect Bass pi,Electric Bass (pick) _ 1,Electric Bass (pick) _ 1,63840,120
124.5703125,0.1171875,29,127,Chris Novoselic -elect Bass pi,Electric Bass (pick) _ 1,Electric Bass (pick) _ 1,64020,60
124.6875,0.1171875,29,127,Chris Novoselic -elect Bass pi,Electric Bass (pick) _ 1,Electric Bass (pick) _ 1,64080,60
124.8046875,0.1171875,29,127,Chris Novoselic -elect Bass pi,Electric Bass (pick) _ 1,Electric Bass (pick) _ 1,64140,60
124.921875,0.234375,34,127,Chris Novoselic -elect Bass pi,Electric Bass (pick) _ 1,Electric Bass (pick) _ 1,64200,120
125.15625,0.234375,34,127,Chris Novoselic -elect Bass pi,Electric Bass (pick) _ 1,Electric Bass (pick) _ 1,64320,120
125.390625,0.234375,29,127,Chris Novoselic -elect Bass pi,Electric Bass (pick) _ 1,Electric Bass (pick) _ 1,64440,120
125.625,0.234375,32,127,Chris Novoselic -elect Bass pi,Electric Bass (pick) _ 1,Electric Bass (pick) _ 1,64560,120
125.9765625,0.1171875,32,127,Chris Novoselic -elect Bass pi,Electric Bass (pick) _ 1,Electric Bass (pick) _ 1,64740,60
126.09375,0.234375,32,127,Chris Novoselic -elect Bass pi,Electric Bass (pick) _ 1,Electric Bass (pick) _ 1,64800,120
126.4453125,0.1171875,32,127,Chris Novoselic -elect Bass pi,Electric Bass (pick) _ 1,Electric Bass (pick) _ 1,64980,60
126.5625,0.1171875,32,127,Chris Novoselic -elect Bass pi,Electric Bass (pick) _ 1,Electric Bass (pick) _ 1,65040,60
126.6796875,0.1171875,32,127,Chris Novoselic -elect Bass pi,Electric Bass (pick) _ 1,Electric Bass (pick) _ 1,65100,60
126.796875,0.234375,37,127,Chris Novoselic -elect Bass pi,Electric Bass (pick) _ 1,Electric Bass (pick) _ 1,65160,120
127.03125,0.234375,37,127,Chris Novoselic -elect Bass pi,Electric Bass (pick) _ 1,Electric Bass (pick) _ 1,65280,120
127.265625,0.234375,32,127,Chris Novoselic -elect Bass pi,Electric Bass (pick) _ 1,Electric Bass (pick) _ 1,65400,120
127.5,0.234375,29,127,Chris Novoselic -elect Bass pi,Electric Bass (pick) _ 1,Electric Bass (pick) _ 1,65520,120
127.8515625,0.1171875,29,127,Chris Novoselic -elect Bass pi,Electric Bass (pick) _ 1,Electric Bass (pick) _ 1,65700,60
127.96875,0.234375,29,127,Chris Novoselic -elect Bass pi,Electric Bass (pick) _ 1,Electric Bass (pick) _ 1,65760,120
128.3203125,0.1171875,29,127,Chris Novoselic -elect Bass pi,Electric Bass (pick) _ 1,Electric Bass (pick) _ 1,65940,60
128.4375,0.1171875,29,127,Chris Novoselic -elect Bass pi,Electric Bass (pick) _ 1,Electric Bass (pick) _ 1,66000,60
128.5546875,0.1171875,29,127,Chris Novoselic -elect Bass pi,Electric Bass (pick) _ 1,Electric Bass (pick) _ 1,66060,60
128.671875,0.234375,34,127,Chris Novoselic -elect Bass pi,Electric Bass (pick) _ 1,Electric Bass (pick) _ 1,66120,120
128.90625,0.234375,34,127,Chris Novoselic -elect Bass pi,Electric Bass (pick) _ 1,Electric Bass (pick) _ 1,66240,120
129.140625,0.234375,29,127,Chris Novoselic -elect Bass pi,Electric Bass (pick) _ 1,Electric Bass (pick) _ 1,66360,120
129.375,0.234375,32,127,Chris Novoselic -elect Bass pi,Electric Bass (pick) _ 1,Electric Bass (pick) _ 1,66480,120
129.7265625,0.1171875,32,127,Chris Novoselic -elect Bass pi,Electric Bass (pick) _ 1,Electric Bass (pick) _ 1,66660,60
129.84375,0.234375,32,127,Chris Novoselic -elect Bass pi,Electric Bass (pick) _ 1,Electric Bass (pick) _ 1,66720,120
130.1953125,0.1171875,32,127,Chris Novoselic -elect Bass pi,Electric Bass (pick) _ 1,Electric Bass (pick) _ 1,66900,60
130.3125,0.1171875,32,127,Chris Novoselic -elect Bass pi,Electric Bass (pick) _ 1,Electric Bass (pick) _ 1,66960,60
130.4296875,0.1171875,32,127,Chris Novoselic -elect Bass pi,Electric Bass (pick) _ 1,Electric Bass (pick) _ 1,67020,60
130.546875,0.234375,37,127,Chris Novoselic -elect Bass pi,Electric Bass (pick) _ 1,Electric Bass (pick) _ 1,67080,120
130.78125,0.234375,37,127,Chris Novoselic -elect Bass pi,Electric Bass (pick) _ 1,Electric Bass (pick) _ 1,67200,120
131.015625,0.234375,32,127,Chris Novoselic -elect Bass pi,Electric Bass (pick) _ 1,Electric Bass (pick) _ 1,67320,120
131.25,0.234375,29,127,Chris Novoselic -elect Bass pi,Electric Bass (pick) _ 1,Electric Bass (pick) _ 1,67440,120
131.6015625,0.1171875,29,127,Chris Novoselic -elect Bass pi,Electric Bass (pick) _ 1,Electric Bass (pick) _ 1,67620,60
131.71875,0.234375,29,127,Chris Novoselic -elect Bass pi,Electric Bass (pick) _ 1,Electric Bass (pick) _ 1,67680,120
132.0703125,0.1171875,29,127,Chris Novoselic -elect Bass pi,Electric Bass (pick) _ 1,Electric Bass (pick) _ 1,67860,60
132.1875,0.1171875,29,127,Chris Novoselic -elect Bass pi,Electric Bass (pick) _ 1,Electric Bass (pick) _ 1,67920,60
132.3046875,0.1171875,29,127,Chris Novoselic -elect Bass pi,Electric Bass (pick) _ 1,Electric Bass (pick) _ 1,67980,60
132.421875,0.234375,34,127,Chris Novoselic -elect Bass pi,Electric Bass (pick) _ 1,Electric Bass (pick) _ 1,68040,120
132.65625,0.234375,34,127,Chris Novoselic -elect Bass pi,Electric Bass (pick) _ 1,Electric Bass (pick) _ 1,68160,120
132.890625,0.234375,29,127,Chris Novoselic -elect Bass pi,Electric Bass (pick) _ 1,Electric Bass (pick) _ 1,68280,120
133.125,0.234375,32,127,Chris Novoselic -elect Bass pi,Electric Bass (pick) _ 1,Electric Bass (pick) _ 1,68400,120
133.4765625,0.1171875,32,127,Chris Novoselic -elect Bass pi,Electric Bass (pick) _ 1,Electric Bass (pick) _ 1,68580,60
133.59375,0.234375,32,127,Chris Novoselic -elect Bass pi,Electric Bass (pick) _ 1,Electric Bass (pick) _ 1,68640,120
133.9453125,0.1171875,32,127,Chris Novoselic -elect Bass pi,Electric Bass (pick) _ 1,Electric Bass (pick) _ 1,68820,60
134.0625,0.1171875,32,127,Chris Novoselic -elect Bass pi,Electric Bass (pick) _ 1,Electric Bass (pick) _ 1,68880,60
134.1796875,0.1171875,32,127,Chris Novoselic -elect Bass pi,Electric Bass (pick) _ 1,Electric Bass (pick) _ 1,68940,60
134.296875,0.234375,37,127,Chris Novoselic -elect Bass pi,Electric Bass (pick) _ 1,Electric Bass (pick) _ 1,69000,120
134.53125,0.234375,37,97,Chris Novoselic -elect Bass pi,Electric Bass (pick) _ 1,Electric Bass (pick) _ 1,69120,120
134.765625,0.234375,32,97,Chris Novoselic -elect Bass pi,Electric Bass (pick) _ 1,Electric Bass (pick) _ 1,69240,120
135.0,0.3125,29,97,Chris Novoselic -elect Bass pi,Electric Bass (pick) _ 1,Electric Bass (pick) _ 1,69360,160
135.46875,0.234375,28,97,Chris Novoselic -elect Bass pi,Electric Bass (pick) _ 1,Electric Bass (pick) _ 1,69600,120
135.703125,0.234375,29,97,Chris Novoselic -elect Bass pi,Electric Bass (pick) _ 1,Electric Bass (pick) _ 1,69720,120
135.9375,0.234375,30,97,Chris Novoselic -elect Bass pi,Electric Bass (pick) _ 1,Electric Bass (pick) _ 1,69840,120
136.171875,0.234375,30,97,Chris Novoselic -elect Bass pi,Electric Bass (pick) _ 1,Electric Bass (pick) _ 1,69960,120
136.875,0.46875,29,97,Chris Novoselic -elect Bass pi,Electric Bass (pick) _ 1,Electric Bass (pick) _ 1,70320,240
137.34375,0.234375,28,97,Chris Novoselic -elect Bass pi,Electric Bass (pick) _ 1,Electric Bass (pick) _ 1,70560,120
137.578125,0.234375,29,97,Chris Novoselic -elect Bass pi,Electric Bass (pick) _ 1,Electric Bass (pick) _ 1,70680,120
137.8125,0.46875,34,97,Chris Novoselic -elect Bass pi,Electric Bass (pick) _ 1,Electric Bass (pick) _ 1,70800,240
138.28125,0.46875,32,97,Chris Novoselic -elect Bass pi,Electric Bass (pick) _ 1,Electric Bass (pick) _ 1,71040,240
138.75,0.3125,29,97,Chris Novoselic -elect Bass pi,Electric Bass (pick) _ 1,Electric Bass (pick) _ 1,71280,160
139.21875,0.234375,28,97,Chris Novoselic -elect Bass pi,Electric Bass (pick) _ 1,Electric Bass (pick) _ 1,71520,120
139.453125,0.234375,29,97,Chris Novoselic -elect Bass pi,Electric Bass (pick) _ 1,Electric Bass (pick) _ 1,71640,120
139.6875,0.234375,30,97,Chris Novoselic -elect Bass pi,Electric Bass (pick) _ 1,Electric Bass (pick) _ 1,71760,120
139.921875,0.234375,30,97,Chris Novoselic -elect Bass pi,Electric Bass (pick) _ 1,Electric Bass (pick) _ 1,71880,120
140.625,0.46875,29,97,Chris Novoselic -elect Bass pi,Electric Bass (pick) _ 1,Electric Bass (pick) _ 1,72240,240
141.09375,0.234375,28,97,Chris Novoselic -elect Bass pi,Electric Bass (pick) _ 1,Electric Bass (pick) _ 1,72480,120
141.328125,0.234375,29,97,Chris Novoselic -elect Bass pi,Electric Bass (pick) _ 1,Electric Bass (pick) _ 1,72600,120
141.5625,0.46875,34,97,Chris Novoselic -elect Bass pi,Electric Bass (pick) _ 1,Electric Bass (pick) _ 1,72720,240
142.03125,0.46875,32,97,Chris Novoselic -elect Bass pi,Electric Bass (pick) _ 1,Electric Bass (pick) _ 1,72960,240
142.5,0.234375,29,97,Chris Novoselic -elect Bass pi,Electric Bass (pick) _ 1,Electric Bass (pick) _ 1,73200,120
142.8515625,0.1171875,29,97,Chris Novoselic -elect Bass pi,Electric Bass (pick) _ 1,Electric Bass (pick) _ 1,73380,60
142.96875,0.234375,29,97,Chris Novoselic -elect Bass pi,Electric Bass (pick) _ 1,Electric Bass (pick) _ 1,73440,120
143.3203125,0.1171875,29,97,Chris Novoselic -elect Bass pi,Electric Bass (pick) _ 1,Electric Bass (pick) _ 1,73620,60
143.4375,0.1171875,29,97,Chris Novoselic -elect Bass pi,Electric Bass (pick) _ 1,Electric Bass (pick) _ 1,73680,60
143.5546875,0.1171875,29,97,Chris Novoselic -elect Bass pi,Electric Bass (pick) _ 1,Electric Bass (pick) _ 1,73740,60
143.671875,0.234375,34,97,Chris Novoselic -elect Bass pi,Electric Bass (pick) _ 1,Electric Bass (pick) _ 1,73800,120
143.90625,0.234375,34,97,Chris Novoselic -elect Bass pi,Electric Bass (pick) _ 1,Electric Bass (pick) _ 1,73920,120
144.140625,0.234375,29,97,Chris Novoselic -elect Bass pi,Electric Bass (pick) _ 1,Electric Bass (pick) _ 1,74040,120
144.375,0.234375,32,97,Chris Novoselic -elect Bass pi,Electric Bass (pick) _ 1,Electric Bass (pick) _ 1,74160,120
144.7265625,0.1171875,32,97,Chris Novoselic -elect Bass pi,Electric Bass (pick) _ 1,Electric Bass (pick) _ 1,74340,60
144.84375,0.234375,32,97,Chris Novoselic -elect Bass pi,Electric Bass (pick) _ 1,Electric Bass (pick) _ 1,74400,120
145.1953125,0.1171875,32,97,Chris Novoselic -elect Bass pi,Electric Bass (pick) _ 1,Electric Bass (pick) _ 1,74580,60
145.3125,0.1171875,32,97,Chris Novoselic -elect Bass pi,Electric Bass (pick) _ 1,Electric Bass (pick) _ 1,74640,60
145.4296875,0.1171875,32,97,Chris Novoselic -elect Bass pi,Electric Bass (pick) _ 1,Electric Bass (pick) _ 1,74700,60
145.546875,0.234375,37,97,Chris Novoselic -elect Bass pi,Electric Bass (pick) _ 1,Electric Bass (pick) _ 1,74760,120
145.78125,0.234375,37,97,Chris Novoselic -elect Bass pi,Electric Bass (pick) _ 1,Electric Bass (pick) _ 1,74880,120
146.015625,0.234375,32,97,Chris Novoselic -elect Bass pi,Electric Bass (pick) _ 1,Electric Bass (pick) _ 1,75000,120
146.25,0.234375,29,97,Chris Novoselic -elect Bass pi,Electric Bass (pick) _ 1,Electric Bass (pick) _ 1,75120,120
146.6015625,0.1171875,29,97,Chris Novoselic -elect Bass pi,Electric Bass (pick) _ 1,Electric Bass (pick) _ 1,75300,60
146.71875,0.234375,29,97,Chris Novoselic -elect Bass pi,Electric Bass (pick) _ 1,Electric Bass (pick) _ 1,75360,120
147.0703125,0.1171875,29,97,Chris Novoselic -elect Bass pi,Electric Bass (pick) _ 1,Electric Bass (pick) _ 1,75540,60
147.1875,0.1171875,29,97,Chris Novoselic -elect Bass pi,Electric Bass (pick) _ 1,Electric Bass (pick) _ 1,75600,60
147.3046875,0.1171875,29,97,Chris Novoselic -elect Bass pi,Electric Bass (pick) _ 1,Electric Bass (pick) _ 1,75660,60
147.421875,0.234375,34,97,Chris Novoselic -elect Bass pi,Electric Bass (pick) _ 1,Electric Bass (pick) _ 1,75720,120
147.65625,0.234375,34,97,Chris Novoselic -elect Bass pi,Electric Bass (pick) _ 1,Electric Bass (pick) _ 1,75840,120
147.890625,0.234375,29,97,Chris Novoselic -elect Bass pi,Electric Bass (pick) _ 1,Electric Bass (pick) _ 1,75960,120
148.125,0.234375,32,97,Chris Novoselic -elect Bass pi,Electric Bass (pick) _ 1,Electric Bass (pick) _ 1,76080,120
148.4765625,0.1171875,32,97,Chris Novoselic -elect Bass pi,Electric Bass (pick) _ 1,Electric Bass (pick) _ 1,76260,60
148.59375,0.234375,32,97,Chris Novoselic -elect Bass pi,Electric Bass (pick) _ 1,Electric Bass (pick) _ 1,76320,120
148.9453125,0.1171875,32,97,Chris Novoselic -elect Bass pi,Electric Bass (pick) _ 1,Electric Bass (pick) _ 1,76500,60
149.0625,0.1171875,32,97,Chris Novoselic -elect Bass pi,Electric Bass (pick) _ 1,Electric Bass (pick) _ 1,76560,60
149.1796875,0.1171875,32,97,Chris Novoselic -elect Bass pi,Electric Bass (pick) _ 1,Electric Bass (pick) _ 1,76620,60
149.296875,0.234375,37,97,Chris Novoselic -elect Bass pi,Electric Bass (pick) _ 1,Electric Bass (pick) _ 1,76680,120
149.53125,0.234375,37,97,Chris Novoselic -elect Bass pi,Electric Bass (pick) _ 1,Electric Bass (pick) _ 1,76800,120
149.765625,0.234375,32,97,Chris Novoselic -elect Bass pi,Electric Bass (pick) _ 1,Electric Bass (pick) _ 1,76920,120
150.0,0.234375,29,97,Chris Novoselic -elect Bass pi,Electric Bass (pick) _ 1,Electric Bass (pick) _ 1,77040,120
150.3515625,0.1171875,29,97,Chris Novoselic -elect Bass pi,Electric Bass (pick) _ 1,Electric Bass (pick) _ 1,77220,60
150.46875,0.234375,29,97,Chris Novoselic -elect Bass pi,Electric Bass (pick) _ 1,Electric Bass (pick) _ 1,77280,120
150.8203125,0.1171875,29,97,Chris Novoselic -elect Bass pi,Electric Bass (pick) _ 1,Electric Bass (pick) _ 1,77460,60
150.9375,0.1171875,29,97,Chris Novoselic -elect Bass pi,Electric Bass (pick) _ 1,Electric Bass (pick) _ 1,77520,60
151.0546875,0.1171875,29,97,Chris Novoselic -elect Bass pi,Electric Bass (pick) _ 1,Electric Bass (pick) _ 1,77580,60
151.171875,0.234375,34,97,Chris Novoselic -elect Bass pi,Electric Bass (pick) _ 1,Electric Bass (pick) _ 1,77640,120
151.40625,0.234375,34,97,Chris Novoselic -elect Bass pi,Electric Bass (pick) _ 1,Electric Bass (pick) _ 1,77760,120
151.640625,0.234375,29,97,Chris Novoselic -elect Bass pi,Electric Bass (pick) _ 1,Electric Bass (pick) _ 1,77880,120
151.875,0.234375,32,97,Chris Novoselic -elect Bass pi,Electric Bass (pick) _ 1,Electric Bass (pick) _ 1,78000,120
152.2265625,0.1171875,32,97,Chris Novoselic -elect Bass pi,Electric Bass (pick) _ 1,Electric Bass (pick) _ 1,78180,60
152.34375,0.234375,32,97,Chris Novoselic -elect Bass pi,Electric Bass (pick) _ 1,Electric Bass (pick) _ 1,78240,120
152.6953125,0.1171875,32,97,Chris Novoselic -elect Bass pi,Electric Bass (pick) _ 1,Electric Bass (pick) _ 1,78420,60
152.8125,0.1171875,32,97,Chris Novoselic -elect Bass pi,Electric Bass (pick) _ 1,Electric Bass (pick) _ 1,78480,60
152.9296875,0.1171875,32,97,Chris Novoselic -elect Bass pi,Electric Bass (pick) _ 1,Electric Bass (pick) _ 1,78540,60
153.046875,0.234375,37,97,Chris Novoselic -elect Bass pi,Electric Bass (pick) _ 1,Electric Bass (pick) _ 1,78600,120
153.28125,0.234375,37,97,Chris Novoselic -elect Bass pi,Electric Bass (pick) _ 1,Electric Bass (pick) _ 1,78720,120
153.515625,0.234375,32,97,Chris Novoselic -elect Bass pi,Electric Bass (pick) _ 1,Electric Bass (pick) _ 1,78840,120
153.75,0.234375,29,97,Chris Novoselic -elect Bass pi,Electric Bass (pick) _ 1,Electric Bass (pick) _ 1,78960,120
154.1015625,0.1171875,29,97,Chris Novoselic -elect Bass pi,Electric Bass (pick) _ 1,Electric Bass (pick) _ 1,79140,60
154.21875,0.234375,29,97,Chris Novoselic -elect Bass pi,Electric Bass (pick) _ 1,Electric Bass (pick) _ 1,79200,120
154.5703125,0.1171875,29,97,Chris Novoselic -elect Bass pi,Electric Bass (pick) _ 1,Electric Bass (pick) _ 1,79380,60
154.6875,0.1171875,29,97,Chris Novoselic -elect Bass pi,Electric Bass (pick) _ 1,Electric Bass (pick) _ 1,79440,60
154.8046875,0.1171875,29,97,Chris Novoselic -elect Bass pi,Electric Bass (pick) _ 1,Electric Bass (pick) _ 1,79500,60
154.921875,0.234375,34,97,Chris Novoselic -elect Bass pi,Electric Bass (pick) _ 1,Electric Bass (pick) _ 1,79560,120
155.15625,0.234375,34,97,Chris Novoselic -elect Bass pi,Electric Bass (pick) _ 1,Electric Bass (pick) _ 1,79680,120
155.390625,0.234375,29,97,Chris Novoselic -elect Bass pi,Electric Bass (pick) _ 1,Electric Bass (pick) _ 1,79800,120
155.625,0.234375,32,97,Chris Novoselic -elect Bass pi,Electric Bass (pick) _ 1,Electric Bass (pick) _ 1,79920,120
155.9765625,0.1171875,32,97,Chris Novoselic -elect Bass pi,Electric Bass (pick) _ 1,Electric Bass (pick) _ 1,80100,60
156.09375,0.234375,32,97,Chris Novoselic -elect Bass pi,Electric Bass (pick) _ 1,Electric Bass (pick) _ 1,80160,120
156.4453125,0.1171875,32,97,Chris Novoselic -elect Bass pi,Electric Bass (pick) _ 1,Electric Bass (pick) _ 1,80340,60
156.5625,0.1171875,32,97,Chris Novoselic -elect Bass pi,Electric Bass (pick) _ 1,Electric Bass (pick) _ 1,80400,60
156.6796875,0.1171875,32,97,Chris Novoselic -elect Bass pi,Electric Bass (pick) _ 1,Electric Bass (pick) _ 1,80460,60
156.796875,0.234375,37,97,Chris Novoselic -elect Bass pi,Electric Bass (pick) _ 1,Electric Bass (pick) _ 1,80520,120
157.03125,0.234375,37,97,Chris Novoselic -elect Bass pi,Electric Bass (pick) _ 1,Electric Bass (pick) _ 1,80640,120
157.265625,0.234375,32,97,Chris Novoselic -elect Bass pi,Electric Bass (pick) _ 1,Electric Bass (pick) _ 1,80760,120
157.5,0.234375,29,97,Chris Novoselic -elect Bass pi,Electric Bass (pick) _ 1,Electric Bass (pick) _ 1,80880,120
157.8515625,0.1171875,29,97,Chris Novoselic -elect Bass pi,Electric Bass (pick) _ 1,Electric Bass (pick) _ 1,81060,60
157.96875,0.234375,29,97,Chris Novoselic -elect Bass pi,Electric Bass (pick) _ 1,Electric Bass (pick) _ 1,81120,120
158.3203125,0.1171875,29,97,Chris Novoselic -elect Bass pi,Electric Bass (pick) _ 1,Electric Bass (pick) _ 1,81300,60
158.4375,0.1171875,29,97,Chris Novoselic -elect Bass pi,Electric Bass (pick) _ 1,Electric Bass (pick) _ 1,81360,60
158.5546875,0.1171875,29,97,Chris Novoselic -elect Bass pi,Electric Bass (pick) _ 1,Electric Bass (pick) _ 1,81420,60
158.671875,0.234375,34,97,Chris Novoselic -elect Bass pi,Electric Bass (pick) _ 1,Electric Bass (pick) _ 1,81480,120
158.90625,0.234375,34,97,Chris Novoselic -elect Bass pi,Electric Bass (pick) _ 1,Electric Bass (pick) _ 1,81600,120
159.140625,0.234375,29,97,Chris Novoselic -elect Bass pi,Electric Bass (pick) _ 1,Electric Bass (pick) _ 1,81720,120
159.375,0.234375,32,97,Chris Novoselic -elect Bass pi,Electric Bass (pick) _ 1,Electric Bass (pick) _ 1,81840,120
159.7265625,0.1171875,32,97,Chris Novoselic -elect Bass pi,Electric Bass (pick) _ 1,Electric Bass (pick) _ 1,82020,60
159.84375,0.234375,32,97,Chris Novoselic -elect Bass pi,Electric Bass (pick) _ 1,Electric Bass (pick) _ 1,82080,120
160.1953125,0.1171875,32,97,Chris Novoselic -elect Bass pi,Electric Bass (pick) _ 1,Electric Bass (pick) _ 1,82260,60
160.3125,0.1171875,32,97,Chris Novoselic -elect Bass pi,Electric Bass (pick) _ 1,Electric Bass (pick) _ 1,82320,60
160.4296875,0.1171875,32,97,Chris Novoselic -elect Bass pi,Electric Bass (pick) _ 1,Electric Bass (pick) _ 1,82380,60
160.546875,0.234375,37,97,Chris Novoselic -elect Bass pi,Electric Bass (pick) _ 1,Electric Bass (pick) _ 1,82440,120
160.78125,0.234375,37,97,Chris Novoselic -elect Bass pi,Electric Bass (pick) _ 1,Electric Bass (pick) _ 1,82560,120
161.015625,0.234375,32,97,Chris Novoselic -elect Bass pi,Electric Bass (pick) _ 1,Electric Bass (pick) _ 1,82680,120
161.25,0.234375,29,97,Chris Novoselic -elect Bass pi,Electric Bass (pick) _ 1,Electric Bass (pick) _ 1,82800,120
161.6015625,0.1171875,29,97,Chris Novoselic -elect Bass pi,Electric Bass (pick) _ 1,Electric Bass (pick) _ 1,82980,60
161.71875,0.234375,29,97,Chris Novoselic -elect Bass pi,Electric Bass (pick) _ 1,Electric Bass (pick) _ 1,83040,120
162.0703125,0.1171875,29,97,Chris Novoselic -elect Bass pi,Electric Bass (pick) _ 1,Electric Bass (pick) _ 1,83220,60
162.1875,0.1171875,29,97,Chris Novoselic -elect Bass pi,Electric Bass (pick) _ 1,Electric Bass (pick) _ 1,83280,60
162.3046875,0.1171875,29,97,Chris Novoselic -elect Bass pi,Electric Bass (pick) _ 1,Electric Bass (pick) _ 1,83340,60
162.421875,0.234375,34,97,Chris Novoselic -elect Bass pi,Electric Bass (pick) _ 1,Electric Bass (pick) _ 1,83400,120
162.65625,0.234375,34,97,Chris Novoselic -elect Bass pi,Electric Bass (pick) _ 1,Electric Bass (pick) _ 1,83520,120
162.890625,0.234375,29,97,Chris Novoselic -elect Bass pi,Electric Bass (pick) _ 1,Electric Bass (pick) _ 1,83640,120
163.125,0.234375,32,97,Chris Novoselic -elect Bass pi,Electric Bass (pick) _ 1,Electric Bass (pick) _ 1,83760,120
163.4765625,0.1171875,32,97,Chris Novoselic -elect Bass pi,Electric Bass (pick) _ 1,Electric Bass (pick) _ 1,83940,60
163.59375,0.234375,32,97,Chris Novoselic -elect Bass pi,Electric Bass (pick) _ 1,Electric Bass (pick) _ 1,84000,120
163.9453125,0.1171875,32,97,Chris Novoselic -elect Bass pi,Electric Bass (pick) _ 1,Electric Bass (pick) _ 1,84180,60
164.0625,0.1171875,32,97,Chris Novoselic -elect Bass pi,Electric Bass (pick) _ 1,Electric Bass (pick) _ 1,84240,60
164.1796875,0.1171875,32,97,Chris Novoselic -elect Bass pi,Electric Bass (pick) _ 1,Electric Bass (pick) _ 1,84300,60
164.296875,0.234375,37,97,Chris Novoselic -elect Bass pi,Electric Bass (pick) _ 1,Electric Bass (pick) _ 1,84360,120
164.53125,0.234375,37,97,Chris Novoselic -elect Bass pi,Electric Bass (pick) _ 1,Electric Bass (pick) _ 1,84480,120
164.765625,0.234375,32,97,Chris Novoselic -elect Bass pi,Electric Bass (pick) _ 1,Electric Bass (pick) _ 1,84600,120
165.0,0.234375,29,97,Chris Novoselic -elect Bass pi,Electric Bass (pick) _ 1,Electric Bass (pick) _ 1,84720,120
165.3515625,0.1171875,29,97,Chris Novoselic -elect Bass pi,Electric Bass (pick) _ 1,Electric Bass (pick) _ 1,84900,60
165.46875,0.234375,29,97,Chris Novoselic -elect Bass pi,Electric Bass (pick) _ 1,Electric Bass (pick) _ 1,84960,120
165.8203125,0.1171875,29,97,Chris Novoselic -elect Bass pi,Electric Bass (pick) _ 1,Electric Bass (pick) _ 1,85140,60
165.9375,0.1171875,29,97,Chris Novoselic -elect Bass pi,Electric Bass (pick) _ 1,Electric Bass (pick) _ 1,85200,60
166.0546875,0.1171875,29,97,Chris Novoselic -elect Bass pi,Electric Bass (pick) _ 1,Electric Bass (pick) _ 1,85260,60
166.171875,0.234375,34,97,Chris Novoselic -elect Bass pi,Electric Bass (pick) _ 1,Electric Bass (pick) _ 1,85320,120
166.40625,0.234375,34,97,Chris Novoselic -elect Bass pi,Electric Bass (pick) _ 1,Electric Bass (pick) _ 1,85440,120
166.640625,0.234375,29,97,Chris Novoselic -elect Bass pi,Electric Bass (pick) _ 1,Electric Bass (pick) _ 1,85560,120
166.875,0.234375,32,97,Chris Novoselic -elect Bass pi,Electric Bass (pick) _ 1,Electric Bass (pick) _ 1,85680,120
167.2265625,0.1171875,32,97,Chris Novoselic -elect Bass pi,Electric Bass (pick) _ 1,Electric Bass (pick) _ 1,85860,60
167.34375,0.234375,32,97,Chris Novoselic -elect Bass pi,Electric Bass (pick) _ 1,Electric Bass (pick) _ 1,85920,120
167.6953125,0.1171875,32,97,Chris Novoselic -elect Bass pi,Electric Bass (pick) _ 1,Electric Bass (pick) _ 1,86100,60
167.8125,0.1171875,32,97,Chris Novoselic -elect Bass pi,Electric Bass (pick) _ 1,Electric Bass (pick) _ 1,86160,60
167.9296875,0.1171875,32,97,Chris Novoselic -elect Bass pi,Electric Bass (pick) _ 1,Electric Bass (pick) _ 1,86220,60
168.046875,0.234375,37,97,Chris Novoselic -elect Bass pi,Electric Bass (pick) _ 1,Electric Bass (pick) _ 1,86280,120
168.28125,0.234375,37,97,Chris Novoselic -elect Bass pi,Electric Bass (pick) _ 1,Electric Bass (pick) _ 1,86400,120
168.515625,0.234375,32,97,Chris Novoselic -elect Bass pi,Electric Bass (pick) _ 1,Electric Bass (pick) _ 1,86520,120
168.75,0.234375,29,97,Chris Novoselic -elect Bass pi,Electric Bass (pick) _ 1,Electric Bass (pick) _ 1,86640,120
169.1015625,0.1171875,29,97,Chris Novoselic -elect Bass pi,Electric Bass (pick) _ 1,Electric Bass (pick) _ 1,86820,60
169.21875,0.234375,29,97,Chris Novoselic -elect Bass pi,Electric Bass (pick) _ 1,Electric Bass (pick) _ 1,86880,120
169.5703125,0.1171875,29,97,Chris Novoselic -elect Bass pi,Electric Bass (pick) _ 1,Electric Bass (pick) _ 1,87060,60
169.6875,0.1171875,29,97,Chris Novoselic -elect Bass pi,Electric Bass (pick) _ 1,Electric Bass (pick) _ 1,87120,60
169.8046875,0.1171875,29,97,Chris Novoselic -elect Bass pi,Electric Bass (pick) _ 1,Electric Bass (pick) _ 1,87180,60
169.921875,0.234375,34,97,Chris Novoselic -elect Bass pi,Electric Bass (pick) _ 1,Electric Bass (pick) _ 1,87240,120
170.15625,0.234375,34,97,Chris Novoselic -elect Bass pi,Electric Bass (pick) _ 1,Electric Bass (pick) _ 1,87360,120
170.390625,0.234375,29,97,Chris Novoselic -elect Bass pi,Electric Bass (pick) _ 1,Electric Bass (pick) _ 1,87480,120
170.625,0.234375,32,97,Chris Novoselic -elect Bass pi,Electric Bass (pick) _ 1,Electric Bass (pick) _ 1,87600,120
170.9765625,0.1171875,32,97,Chris Novoselic -elect Bass pi,Electric Bass (pick) _ 1,Electric Bass (pick) _ 1,87780,60
171.09375,0.234375,32,97,Chris Novoselic -elect Bass pi,Electric Bass (pick) _ 1,Electric Bass (pick) _ 1,87840,120
171.4453125,0.1171875,32,97,Chris Novoselic -elect Bass pi,Electric Bass (pick) _ 1,Electric Bass (pick) _ 1,88020,60
171.5625,0.1171875,32,97,Chris Novoselic -elect Bass pi,Electric Bass (pick) _ 1,Electric Bass (pick) _ 1,88080,60
171.6796875,0.1171875,32,97,Chris Novoselic -elect Bass pi,Electric Bass (pick) _ 1,Electric Bass (pick) _ 1,88140,60
171.796875,0.234375,37,97,Chris Novoselic -elect Bass pi,Electric Bass (pick) _ 1,Electric Bass (pick) _ 1,88200,120
172.03125,0.234375,37,97,Chris Novoselic -elect Bass pi,Electric Bass (pick) _ 1,Electric Bass (pick) _ 1,88320,120
172.265625,0.234375,32,97,Chris Novoselic -elect Bass pi,Electric Bass (pick) _ 1,Electric Bass (pick) _ 1,88440,120
172.5,0.15625,29,97,Chris Novoselic -elect Bass pi,Electric Bass (pick) _ 1,Electric Bass (pick) _ 1,88560,80
172.734375,0.15625,29,97,Chris Novoselic -elect Bass pi,Electric Bass (pick) _ 1,Electric Bass (pick) _ 1,88680,80
172.96875,0.15625,29,97,Chris Novoselic -elect Bass pi,Electric Bass (pick) _ 1,Electric Bass (pick) _ 1,88800,80
173.203125,0.15625,29,97,Chris Novoselic -elect Bass pi,Electric Bass (pick) _ 1,Electric Bass (pick) _ 1,88920,80
173.4375,0.15625,34,97,Chris Novoselic -elect Bass pi,Electric Bass (pick) _ 1,Electric Bass (pick) _ 1,89040,80
173.671875,0.15625,34,97,Chris Novoselic -elect Bass pi,Electric Bass (pick) _ 1,Electric Bass (pick) _ 1,89160,80
173.90625,0.15625,34,127,Chris Novoselic -elect Bass pi,Electric Bass (pick) _ 1,Electric Bass (pick) _ 1,89280,80
174.140625,0.15625,34,127,Chris Novoselic -elect Bass pi,Electric Bass (pick) _ 1,Electric Bass (pick) _ 1,89400,80
174.375,0.15625,32,127,Chris Novoselic -elect Bass pi,Electric Bass (pick) _ 1,Electric Bass (pick) _ 1,89520,80
174.609375,0.15625,32,127,Chris Novoselic -elect Bass pi,Electric Bass (pick) _ 1,Electric Bass (pick) _ 1,89640,80
174.84375,0.15625,32,127,Chris Novoselic -elect Bass pi,Electric Bass (pick) _ 1,Electric Bass (pick) _ 1,89760,80
175.078125,0.15625,32,127,Chris Novoselic -elect Bass pi,Electric Bass (pick) _ 1,Electric Bass (pick) _ 1,89880,80
175.3125,0.15625,37,127,Chris Novoselic -elect Bass pi,Electric Bass (pick) _ 1,Electric Bass (pick) _ 1,90000,80
175.546875,0.15625,37,127,Chris Novoselic -elect Bass pi,Electric Bass (pick) _ 1,Electric Bass (pick) _ 1,90120,80
175.78125,0.15625,37,127,Chris Novoselic -elect Bass pi,Electric Bass (pick) _ 1,Electric Bass (pick) _ 1,90240,80
176.015625,0.15625,37,127,Chris Novoselic -elect Bass pi,Electric Bass (pick) _ 1,Electric Bass (pick) _ 1,90360,80
176.25,0.15625,29,127,Chris Novoselic -elect Bass pi,Electric Bass (pick) _ 1,Electric Bass (pick) _ 1,90480,80
176.484375,0.15625,29,127,Chris Novoselic -elect Bass pi,Electric Bass (pick) _ 1,Electric Bass (pick) _ 1,90600,80
176.71875,0.15625,29,127,Chris Novoselic -elect Bass pi,Electric Bass (pick) _ 1,Electric Bass (pick) _ 1,90720,80
176.953125,0.15625,29,127,Chris Novoselic -elect Bass pi,Electric Bass (pick) _ 1,Electric Bass (pick) _ 1,90840,80
177.1875,0.15625,34,127,Chris Novoselic -elect Bass pi,Electric Bass (pick) _ 1,Electric Bass (pick) _ 1,90960,80
177.421875,0.15625,34,127,Chris Novoselic -elect Bass pi,Electric Bass (pick) _ 1,Electric Bass (pick) _ 1,91080,80
177.65625,0.15625,34,127,Chris Novoselic -elect Bass pi,Electric Bass (pick) _ 1,Electric Bass (pick) _ 1,91200,80
177.890625,0.15625,34,127,Chris Novoselic -elect Bass pi,Electric Bass (pick) _ 1,Electric Bass (pick) _ 1,91320,80
178.125,0.15625,32,127,Chris Novoselic -elect Bass pi,Electric Bass (pick) _ 1,Electric Bass (pick) _ 1,91440,80
178.359375,0.15625,32,127,Chris Novoselic -elect Bass pi,Electric Bass (pick) _ 1,Electric Bass (pick) _ 1,91560,80
178.59375,0.15625,32,127,Chris Novoselic -elect Bass pi,Electric Bass (pick) _ 1,Electric Bass (pick) _ 1,91680,80
178.828125,0.15625,32,127,Chris Novoselic -elect Bass pi,Electric Bass (pick) _ 1,Electric Bass (pick) _ 1,91800,80
179.0625,0.15625,37,127,Chris Novoselic -elect Bass pi,Electric Bass (pick) _ 1,Electric Bass (pick) _ 1,91920,80
179.296875,0.15625,37,127,Chris Novoselic -elect Bass pi,Electric Bass (pick) _ 1,Electric Bass (pick) _ 1,92040,80
179.53125,0.15625,37,127,Chris Novoselic -elect Bass pi,Electric Bass (pick) _ 1,Electric Bass (pick) _ 1,92160,80
179.765625,0.15625,37,127,Chris Novoselic -elect Bass pi,Electric Bass (pick) _ 1,Electric Bass (pick) _ 1,92280,80
180.0,0.15625,29,127,Chris Novoselic -elect Bass pi,Electric Bass (pick) _ 1,Electric Bass (pick) _ 1,92400,80
180.234375,0.15625,29,127,Chris Novoselic -elect Bass pi,Electric Bass (pick) _ 1,Electric Bass (pick) _ 1,92520,80
180.46875,0.15625,29,127,Chris Novoselic -elect Bass pi,Electric Bass (pick) _ 1,Electric Bass (pick) _ 1,92640,80
180.703125,0.15625,29,127,Chris Novoselic -elect Bass pi,Electric Bass (pick) _ 1,Electric Bass (pick) _ 1,92760,80
180.9375,0.15625,34,127,Chris Novoselic -elect Bass pi,Electric Bass (pick) _ 1,Electric Bass (pick) _ 1,92880,80
181.171875,0.15625,34,127,Chris Novoselic -elect Bass pi,Electric Bass (pick) _ 1,Electric Bass (pick) _ 1,93000,80
181.40625,0.15625,34,127,Chris Novoselic -elect Bass pi,Electric Bass (pick) _ 1,Electric Bass (pick) _ 1,93120,80
181.640625,0.15625,34,127,Chris Novoselic -elect Bass pi,Electric Bass (pick) _ 1,Electric Bass (pick) _ 1,93240,80
181.875,0.15625,32,127,Chris Novoselic -elect Bass pi,Electric Bass (pick) _ 1,Electric Bass (pick) _ 1,93360,80
182.109375,0.15625,32,127,Chris Novoselic -elect Bass pi,Electric Bass (pick) _ 1,Electric Bass (pick) _ 1,93480,80
182.34375,0.15625,32,127,Chris Novoselic -elect Bass pi,Electric Bass (pick) _ 1,Electric Bass (pick) _ 1,93600,80
182.578125,0.15625,32,127,Chris Novoselic -elect Bass pi,Electric Bass (pick) _ 1,Electric Bass (pick) _ 1,93720,80
182.8125,0.15625,37,127,Chris Novoselic -elect Bass pi,Electric Bass (pick) _ 1,Electric Bass (pick) _ 1,93840,80
183.046875,0.15625,37,127,Chris Novoselic -elect Bass pi,Electric Bass (pick) _ 1,Electric Bass (pick) _ 1,93960,80
183.28125,0.15625,37,127,Chris Novoselic -elect Bass pi,Electric Bass (pick) _ 1,Electric Bass (pick) _ 1,94080,80
183.515625,0.15625,37,127,Chris Novoselic -elect Bass pi,Electric Bass (pick) _ 1,Electric Bass (pick) _ 1,94200,80
183.75,0.15625,29,127,Chris Novoselic -elect Bass pi,Electric Bass (pick) _ 1,Electric Bass (pick) _ 1,94320,80
183.984375,0.15625,29,127,Chris Novoselic -elect Bass pi,Electric Bass (pick) _ 1,Electric Bass (pick) _ 1,94440,80
184.21875,0.15625,29,127,Chris Novoselic -elect Bass pi,Electric Bass (pick) _ 1,Electric Bass (pick) _ 1,94560,80
184.453125,0.15625,29,127,Chris Novoselic -elect Bass pi,Electric Bass (pick) _ 1,Electric Bass (pick) _ 1,94680,80
184.6875,0.15625,34,127,Chris Novoselic -elect Bass pi,Electric Bass (pick) _ 1,Electric Bass (pick) _ 1,94800,80
184.921875,0.15625,34,127,Chris Novoselic -elect Bass pi,Electric Bass (pick) _ 1,Electric Bass (pick) _ 1,94920,80
185.15625,0.15625,34,127,Chris Novoselic -elect Bass pi,Electric Bass (pick) _ 1,Electric Bass (pick) _ 1,95040,80
185.390625,0.15625,34,127,Chris Novoselic -elect Bass pi,Electric Bass (pick) _ 1,Electric Bass (pick) _ 1,95160,80
185.625,0.15625,32,127,Chris Novoselic -elect Bass pi,Electric Bass (pick) _ 1,Electric Bass (pick) _ 1,95280,80
185.859375,0.15625,32,127,Chris Novoselic -elect Bass pi,Electric Bass (pick) _ 1,Electric Bass (pick) _ 1,95400,80
186.09375,0.15625,32,127,Chris Novoselic -elect Bass pi,Electric Bass (pick) _ 1,Electric Bass (pick) _ 1,95520,80
186.328125,0.15625,32,127,Chris Novoselic -elect Bass pi,Electric Bass (pick) _ 1,Electric Bass (pick) _ 1,95640,80
186.5625,0.15625,37,127,Chris Novoselic -elect Bass pi,Electric Bass (pick) _ 1,Electric Bass (pick) _ 1,95760,80
186.796875,0.15625,37,127,Chris Novoselic -elect Bass pi,Electric Bass (pick) _ 1,Electric Bass (pick) _ 1,95880,80
187.03125,0.15625,37,127,Chris Novoselic -elect Bass pi,Electric Bass (pick) _ 1,Electric Bass (pick) _ 1,96000,80
187.265625,0.15625,37,127,Chris Novoselic -elect Bass pi,Electric Bass (pick) _ 1,Electric Bass (pick) _ 1,96120,80
187.5,0.15625,29,127,Chris Novoselic -elect Bass pi,Electric Bass (pick) _ 1,Electric Bass (pick) _ 1,96240,80
187.734375,0.15625,29,127,Chris Novoselic -elect Bass pi,Electric Bass (pick) _ 1,Electric Bass (pick) _ 1,96360,80
187.96875,0.15625,29,127,Chris Novoselic -elect Bass pi,Electric Bass (pick) _ 1,Electric Bass (pick) _ 1,96480,80
188.203125,0.15625,29,127,Chris Novoselic -elect Bass pi,Electric Bass (pick) _ 1,Electric Bass (pick) _ 1,96600,80
188.4375,0.15625,34,127,Chris Novoselic -elect Bass pi,Electric Bass (pick) _ 1,Electric Bass (pick) _ 1,96720,80
188.671875,0.15625,34,127,Chris Novoselic -elect Bass pi,Electric Bass (pick) _ 1,Electric Bass (pick) _ 1,96840,80
188.90625,0.15625,34,127,Chris Novoselic -elect Bass pi,Electric Bass (pick) _ 1,Electric Bass (pick) _ 1,96960,80
189.140625,0.15625,34,127,Chris Novoselic -elect Bass pi,Electric Bass (pick) _ 1,Electric Bass (pick) _ 1,97080,80
189.375,0.15625,32,127,Chris Novoselic -elect Bass pi,Electric Bass (pick) _ 1,Electric Bass (pick) _ 1,97200,80
189.609375,0.15625,32,127,Chris Novoselic -elect Bass pi,Electric Bass (pick) _ 1,Electric Bass (pick) _ 1,97320,80
189.84375,0.15625,32,127,Chris Novoselic -elect Bass pi,Electric Bass (pick) _ 1,Electric Bass (pick) _ 1,97440,80
190.078125,0.15625,32,127,Chris Novoselic -elect Bass pi,Electric Bass (pick) _ 1,Electric Bass (pick) _ 1,97560,80
190.3125,0.15625,37,127,Chris Novoselic -elect Bass pi,Electric Bass (pick) _ 1,Electric Bass (pick) _ 1,97680,80
190.546875,0.15625,37,127,Chris Novoselic -elect Bass pi,Electric Bass (pick) _ 1,Electric Bass (pick) _ 1,97800,80
190.78125,0.15625,37,127,Chris Novoselic -elect Bass pi,Electric Bass (pick) _ 1,Electric Bass (pick) _ 1,97920,80
191.015625,0.15625,37,127,Chris Novoselic -elect Bass pi,Electric Bass (pick) _ 1,Electric Bass (pick) _ 1,98040,80
191.25,0.15625,29,127,Chris Novoselic -elect Bass pi,Electric Bass (pick) _ 1,Electric Bass (pick) _ 1,98160,80
191.484375,0.15625,29,127,Chris Novoselic -elect Bass pi,Electric Bass (pick) _ 1,Electric Bass (pick) _ 1,98280,80
191.71875,0.15625,29,127,Chris Novoselic -elect Bass pi,Electric Bass (pick) _ 1,Electric Bass (pick) _ 1,98400,80
191.953125,0.15625,29,127,Chris Novoselic -elect Bass pi,Electric Bass (pick) _ 1,Electric Bass (pick) _ 1,98520,80
192.1875,0.15625,34,127,Chris Novoselic -elect Bass pi,Electric Bass (pick) _ 1,Electric Bass (pick) _ 1,98640,80
192.421875,0.15625,34,127,Chris Novoselic -elect Bass pi,Electric Bass (pick) _ 1,Electric Bass (pick) _ 1,98760,80
192.65625,0.15625,34,127,Chris Novoselic -elect Bass pi,Electric Bass (pick) _ 1,Electric Bass (pick) _ 1,98880,80
192.890625,0.15625,34,127,Chris Novoselic -elect Bass pi,Electric Bass (pick) _ 1,Electric Bass (pick) _ 1,99000,80
193.125,0.15625,32,127,Chris Novoselic -elect Bass pi,Electric Bass (pick) _ 1,Electric Bass (pick) _ 1,99120,80
193.359375,0.15625,32,127,Chris Novoselic -elect Bass pi,Electric Bass (pick) _ 1,Electric Bass (pick) _ 1,99240,80
193.59375,0.15625,32,127,Chris Novoselic -elect Bass pi,Electric Bass (pick) _ 1,Electric Bass (pick) _ 1,99360,80
193.828125,0.15625,32,127,Chris Novoselic -elect Bass pi,Electric Bass (pick) _ 1,Electric Bass (pick) _ 1,99480,80
194.0625,0.15625,37,127,Chris Novoselic -elect Bass pi,Electric Bass (pick) _ 1,Electric Bass (pick) _ 1,99600,80
194.296875,0.15625,37,127,Chris Novoselic -elect Bass pi,Electric Bass (pick) _ 1,Electric Bass (pick) _ 1,99720,80
194.53125,0.15625,37,97,Chris Novoselic -elect Bass pi,Electric Bass (pick) _ 1,Electric Bass (pick) _ 1,99840,80
194.765625,0.15625,37,97,Chris Novoselic -elect Bass pi,Electric Bass (pick) _ 1,Electric Bass (pick) _ 1,99960,80
195.0,0.15625,29,97,Chris Novoselic -elect Bass pi,Electric Bass (pick) _ 1,Electric Bass (pick) _ 1,100080,80
195.234375,0.15625,29,97,Chris Novoselic -elect Bass pi,Electric Bass (pick) _ 1,Electric Bass (pick) _ 1,100200,80
195.46875,0.15625,29,97,Chris Novoselic -elect Bass pi,Electric Bass (pick) _ 1,Electric Bass (pick) _ 1,100320,80
195.703125,0.15625,29,97,Chris Novoselic -elect Bass pi,Electric Bass (pick) _ 1,Electric Bass (pick) _ 1,100440,80
195.9375,0.15625,34,97,Chris Novoselic -elect Bass pi,Electric Bass (pick) _ 1,Electric Bass (pick) _ 1,100560,80
196.171875,0.15625,34,97,Chris Novoselic -elect Bass pi,Electric Bass (pick) _ 1,Electric Bass (pick) _ 1,100680,80
196.40625,0.15625,34,97,Chris Novoselic -elect Bass pi,Electric Bass (pick) _ 1,Electric Bass (pick) _ 1,100800,80
196.640625,0.15625,34,97,Chris Novoselic -elect Bass pi,Electric Bass (pick) _ 1,Electric Bass (pick) _ 1,100920,80
196.875,0.15625,32,97,Chris Novoselic -elect Bass pi,Electric Bass (pick) _ 1,Electric Bass (pick) _ 1,101040,80
197.109375,0.15625,32,97,Chris Novoselic -elect Bass pi,Electric Bass (pick) _ 1,Electric Bass (pick) _ 1,101160,80
197.34375,0.15625,32,97,Chris Novoselic -elect Bass pi,Electric Bass (pick) _ 1,Electric Bass (pick) _ 1,101280,80
197.578125,0.15625,32,97,Chris Novoselic -elect Bass pi,Electric Bass (pick) _ 1,Electric Bass (pick) _ 1,101400,80
197.8125,0.15625,37,97,Chris Novoselic -elect Bass pi,Electric Bass (pick) _ 1,Electric Bass (pick) _ 1,101520,80
198.046875,0.15625,37,97,Chris Novoselic -elect Bass pi,Electric Bass (pick) _ 1,Electric Bass (pick) _ 1,101640,80
198.28125,0.15625,37,97,Chris Novoselic -elect Bass pi,Electric Bass (pick) _ 1,Electric Bass (pick) _ 1,101760,80
198.515625,0.15625,37,97,Chris Novoselic -elect Bass pi,Electric Bass (pick) _ 1,Electric Bass (pick) _ 1,101880,80
198.75,0.15625,29,97,Chris Novoselic -elect Bass pi,Electric Bass (pick) _ 1,Electric Bass (pick) _ 1,102000,80
198.984375,0.15625,29,97,Chris Novoselic -elect Bass pi,Electric Bass (pick) _ 1,Electric Bass (pick) _ 1,102120,80
199.21875,0.15625,29,97,Chris Novoselic -elect Bass pi,Electric Bass (pick) _ 1,Electric Bass (pick) _ 1,102240,80
199.453125,0.15625,29,97,Chris Novoselic -elect Bass pi,Electric Bass (pick) _ 1,Electric Bass (pick) _ 1,102360,80
199.6875,0.15625,34,97,Chris Novoselic -elect Bass pi,Electric Bass (pick) _ 1,Electric Bass (pick) _ 1,102480,80
199.921875,0.15625,34,97,Chris Novoselic -elect Bass pi,Electric Bass (pick) _ 1,Electric Bass (pick) _ 1,102600,80
200.15625,0.15625,34,97,Chris Novoselic -elect Bass pi,Electric Bass (pick) _ 1,Electric Bass (pick) _ 1,102720,80
200.390625,0.15625,34,97,Chris Novoselic -elect Bass pi,Electric Bass (pick) _ 1,Electric Bass (pick) _ 1,102840,80
200.625,0.15625,32,97,Chris Novoselic -elect Bass pi,Electric Bass (pick) _ 1,Electric Bass (pick) _ 1,102960,80
200.859375,0.15625,32,97,Chris Novoselic -elect Bass pi,Electric Bass (pick) _ 1,Electric Bass (pick) _ 1,103080,80
201.09375,0.15625,32,97,Chris Novoselic -elect Bass pi,Electric Bass (pick) _ 1,Electric Bass (pick) _ 1,103200,80
201.328125,0.15625,32,97,Chris Novoselic -elect Bass pi,Electric Bass (pick) _ 1,Electric Bass (pick) _ 1,103320,80
201.5625,0.15625,37,97,Chris Novoselic -elect Bass pi,Electric Bass (pick) _ 1,Electric Bass (pick) _ 1,103440,80
201.796875,0.15625,37,97,Chris Novoselic -elect Bass pi,Electric Bass (pick) _ 1,Electric Bass (pick) _ 1,103560,80
202.03125,0.15625,37,97,Chris Novoselic -elect Bass pi,Electric Bass (pick) _ 1,Electric Bass (pick) _ 1,103680,80
202.265625,0.15625,37,97,Chris Novoselic -elect Bass pi,Electric Bass (pick) _ 1,Electric Bass (pick) _ 1,103800,80
202.5,0.15625,29,97,Chris Novoselic -elect Bass pi,Electric Bass (pick) _ 1,Electric Bass (pick) _ 1,103920,80
202.734375,0.15625,29,97,Chris Novoselic -elect Bass pi,Electric Bass (pick) _ 1,Electric Bass (pick) _ 1,104040,80
202.96875,0.15625,29,97,Chris Novoselic -elect Bass pi,Electric Bass (pick) _ 1,Electric Bass (pick) _ 1,104160,80
203.203125,0.15625,29,97,Chris Novoselic -elect Bass pi,Electric Bass (pick) _ 1,Electric Bass (pick) _ 1,104280,80
203.4375,0.15625,34,97,Chris Novoselic -elect Bass pi,Electric Bass (pick) _ 1,Electric Bass (pick) _ 1,104400,80
203.671875,0.15625,34,97,Chris Novoselic -elect Bass pi,Electric Bass (pick) _ 1,Electric Bass (pick) _ 1,104520,80
203.90625,0.15625,34,97,Chris Novoselic -elect Bass pi,Electric Bass (pick) _ 1,Electric Bass (pick) _ 1,104640,80
204.140625,0.15625,34,97,Chris Novoselic -elect Bass pi,Electric Bass (pick) _ 1,Electric Bass (pick) _ 1,104760,80
204.375,0.15625,32,97,Chris Novoselic -elect Bass pi,Electric Bass (pick) _ 1,Electric Bass (pick) _ 1,104880,80
204.609375,0.15625,32,97,Chris Novoselic -elect Bass pi,Electric Bass (pick) _ 1,Electric Bass (pick) _ 1,105000,80
204.84375,0.15625,32,97,Chris Novoselic -elect Bass pi,Electric Bass (pick) _ 1,Electric Bass (pick) _ 1,105120,80
205.078125,0.15625,32,97,Chris Novoselic -elect Bass pi,Electric Bass (pick) _ 1,Electric Bass (pick) _ 1,105240,80
205.3125,0.15625,37,97,Chris Novoselic -elect Bass pi,Electric Bass (pick) _ 1,Electric Bass (pick) _ 1,105360,80
205.546875,0.15625,37,97,Chris Novoselic -elect Bass pi,Electric Bass (pick) _ 1,Electric Bass (pick) _ 1,105480,80
205.78125,0.15625,37,97,Chris Novoselic -elect Bass pi,Electric Bass (pick) _ 1,Electric Bass (pick) _ 1,105600,80
206.015625,0.15625,37,97,Chris Novoselic -elect Bass pi,Electric Bass (pick) _ 1,Electric Bass (pick) _ 1,105720,80
206.25,0.15625,29,97,Chris Novoselic -elect Bass pi,Electric Bass (pick) _ 1,Electric Bass (pick) _ 1,105840,80
206.484375,0.15625,29,97,Chris Novoselic -elect Bass pi,Electric Bass (pick) _ 1,Electric Bass (pick) _ 1,105960,80
206.71875,0.15625,29,97,Chris Novoselic -elect Bass pi,Electric Bass (pick) _ 1,Electric Bass (pick) _ 1,106080,80
206.953125,0.15625,29,97,Chris Novoselic -elect Bass pi,Electric Bass (pick) _ 1,Electric Bass (pick) _ 1,106200,80
207.1875,0.15625,34,97,Chris Novoselic -elect Bass pi,Electric Bass (pick) _ 1,Electric Bass (pick) _ 1,106320,80
207.421875,0.15625,34,97,Chris Novoselic -elect Bass pi,Electric Bass (pick) _ 1,Electric Bass (pick) _ 1,106440,80
207.65625,0.15625,34,97,Chris Novoselic -elect Bass pi,Electric Bass (pick) _ 1,Electric Bass (pick) _ 1,106560,80
207.890625,0.15625,34,97,Chris Novoselic -elect Bass pi,Electric Bass (pick) _ 1,Electric Bass (pick) _ 1,106680,80
208.125,0.15625,32,97,Chris Novoselic -elect Bass pi,Electric Bass (pick) _ 1,Electric Bass (pick) _ 1,106800,80
208.359375,0.15625,32,97,Chris Novoselic -elect Bass pi,Electric Bass (pick) _ 1,Electric Bass (pick) _ 1,106920,80
208.59375,0.15625,32,97,Chris Novoselic -elect Bass pi,Electric Bass (pick) _ 1,Electric Bass (pick) _ 1,107040,80
208.828125,0.15625,32,97,Chris Novoselic -elect Bass pi,Electric Bass (pick) _ 1,Electric Bass (pick) _ 1,107160,80
209.0625,0.15625,37,97,Chris Novoselic -elect Bass pi,Electric Bass (pick) _ 1,Electric Bass (pick) _ 1,107280,80
209.296875,0.15625,37,97,Chris Novoselic -elect Bass pi,Electric Bass (pick) _ 1,Electric Bass (pick) _ 1,107400,80
209.53125,0.15625,37,127,Chris Novoselic -elect Bass pi,Electric Bass (pick) _ 1,Electric Bass (pick) _ 1,107520,80
209.765625,0.15625,37,127,Chris Novoselic -elect Bass pi,Electric Bass (pick) _ 1,Electric Bass (pick) _ 1,107640,80
210.0,0.234375,29,127,Chris Novoselic -elect Bass pi,Electric Bass (pick) _ 1,Electric Bass (pick) _ 1,107760,120
210.3515625,0.1171875,29,127,Chris Novoselic -elect Bass pi,Electric Bass (pick) _ 1,Electric Bass (pick) _ 1,107940,60
210.46875,0.234375,29,127,Chris Novoselic -elect Bass pi,Electric Bass (pick) _ 1,Electric Bass (pick) _ 1,108000,120
210.8203125,0.1171875,29,127,Chris Novoselic -elect Bass pi,Electric Bass (pick) _ 1,Electric Bass (pick) _ 1,108180,60
210.9375,0.1171875,29,127,Chris Novoselic -elect Bass pi,Electric Bass (pick) _ 1,Electric Bass (pick) _ 1,108240,60
211.0546875,0.1171875,29,127,Chris Novoselic -elect Bass pi,Electric Bass (pick) _ 1,Electric Bass (pick) _ 1,108300,60
211.171875,0.234375,34,127,Chris Novoselic -elect Bass pi,Electric Bass (pick) _ 1,Electric Bass (pick) _ 1,108360,120
211.40625,0.234375,34,127,Chris Novoselic -elect Bass pi,Electric Bass (pick) _ 1,Electric Bass (pick) _ 1,108480,120
211.640625,0.234375,29,127,Chris Novoselic -elect Bass pi,Electric Bass (pick) _ 1,Electric Bass (pick) _ 1,108600,120
211.875,0.234375,32,127,Chris Novoselic -elect Bass pi,Electric Bass (pick) _ 1,Electric Bass (pick) _ 1,108720,120
212.2265625,0.1171875,32,127,Chris Novoselic -elect Bass pi,Electric Bass (pick) _ 1,Electric Bass (pick) _ 1,108900,60
212.34375,0.234375,32,127,Chris Novoselic -elect Bass pi,Electric Bass (pick) _ 1,Electric Bass (pick) _ 1,108960,120
212.6953125,0.1171875,32,127,Chris Novoselic -elect Bass pi,Electric Bass (pick) _ 1,Electric Bass (pick) _ 1,109140,60
212.8125,0.1171875,32,127,Chris Novoselic -elect Bass pi,Electric Bass (pick) _ 1,Electric Bass (pick) _ 1,109200,60
212.9296875,0.1171875,32,127,Chris Novoselic -elect Bass pi,Electric Bass (pick) _ 1,Electric Bass (pick) _ 1,109260,60
213.046875,0.234375,37,127,Chris Novoselic -elect Bass pi,Electric Bass (pick) _ 1,Electric Bass (pick) _ 1,109320,120
213.28125,0.234375,37,127,Chris Novoselic -elect Bass pi,Electric Bass (pick) _ 1,Electric Bass (pick) _ 1,109440,120
213.515625,0.234375,32,127,Chris Novoselic -elect Bass pi,Electric Bass (pick) _ 1,Electric Bass (pick) _ 1,109560,120
213.75,0.234375,29,127,Chris Novoselic -elect Bass pi,Electric Bass (pick) _ 1,Electric Bass (pick) _ 1,109680,120
214.1015625,0.1171875,29,127,Chris Novoselic -elect Bass pi,Electric Bass (pick) _ 1,Electric Bass (pick) _ 1,109860,60
214.21875,0.234375,29,127,Chris Novoselic -elect Bass pi,Electric Bass (pick) _ 1,Electric Bass (pick) _ 1,109920,120
214.5703125,0.1171875,29,127,Chris Novoselic -elect Bass pi,Electric Bass (pick) _ 1,Electric Bass (pick) _ 1,110100,60
214.6875,0.1171875,29,127,Chris Novoselic -elect Bass pi,Electric Bass (pick) _ 1,Electric Bass (pick) _ 1,110160,60
214.8046875,0.1171875,29,127,Chris Novoselic -elect Bass pi,Electric Bass (pick) _ 1,Electric Bass (pick) _ 1,110220,60
214.921875,0.234375,34,127,Chris Novoselic -elect Bass pi,Electric Bass (pick) _ 1,Electric Bass (pick) _ 1,110280,120
215.15625,0.234375,34,127,Chris Novoselic -elect Bass pi,Electric Bass (pick) _ 1,Electric Bass (pick) _ 1,110400,120
215.390625,0.234375,29,127,Chris Novoselic -elect Bass pi,Electric Bass (pick) _ 1,Electric Bass (pick) _ 1,110520,120
215.625,0.234375,32,127,Chris Novoselic -elect Bass pi,Electric Bass (pick) _ 1,Electric Bass (pick) _ 1,110640,120
215.9765625,0.1171875,32,127,Chris Novoselic -elect Bass pi,Electric Bass (pick) _ 1,Electric Bass (pick) _ 1,110820,60
216.09375,0.234375,32,127,Chris Novoselic -elect Bass pi,Electric Bass (pick) _ 1,Electric Bass (pick) _ 1,110880,120
216.4453125,0.1171875,32,127,Chris Novoselic -elect Bass pi,Electric Bass (pick) _ 1,Electric Bass (pick) _ 1,111060,60
216.5625,0.1171875,32,127,Chris Novoselic -elect Bass pi,Electric Bass (pick) _ 1,Electric Bass (pick) _ 1,111120,60
216.6796875,0.1171875,32,127,Chris Novoselic -elect Bass pi,Electric Bass (pick) _ 1,Electric Bass (pick) _ 1,111180,60
216.796875,0.234375,37,127,Chris Novoselic -elect Bass pi,Electric Bass (pick) _ 1,Electric Bass (pick) _ 1,111240,120
217.03125,0.234375,37,127,Chris Novoselic -elect Bass pi,Electric Bass (pick) _ 1,Electric Bass (pick) _ 1,111360,120
217.265625,0.234375,32,127,Chris Novoselic -elect Bass pi,Electric Bass (pick) _ 1,Electric Bass (pick) _ 1,111480,120
217.5,0.234375,29,127,Chris Novoselic -elect Bass pi,Electric Bass (pick) _ 1,Electric Bass (pick) _ 1,111600,120
217.8515625,0.1171875,29,127,Chris Novoselic -elect Bass pi,Electric Bass (pick) _ 1,Electric Bass (pick) _ 1,111780,60
217.96875,0.234375,29,127,Chris Novoselic -elect Bass pi,Electric Bass (pick) _ 1,Electric Bass (pick) _ 1,111840,120
218.3203125,0.1171875,29,127,Chris Novoselic -elect Bass pi,Electric Bass (pick) _ 1,Electric Bass (pick) _ 1,112020,60
218.4375,0.1171875,29,127,Chris Novoselic -elect Bass pi,Electric Bass (pick) _ 1,Electric Bass (pick) _ 1,112080,60
218.5546875,0.1171875,29,127,Chris Novoselic -elect Bass pi,Electric Bass (pick) _ 1,Electric Bass (pick) _ 1,112140,60
218.671875,0.234375,34,127,Chris Novoselic -elect Bass pi,Electric Bass (pick) _ 1,Electric Bass (pick) _ 1,112200,120
218.90625,0.234375,34,127,Chris Novoselic -elect Bass pi,Electric Bass (pick) _ 1,Electric Bass (pick) _ 1,112320,120
219.140625,0.234375,29,127,Chris Novoselic -elect Bass pi,Electric Bass (pick) _ 1,Electric Bass (pick) _ 1,112440,120
219.375,0.234375,32,127,Chris Novoselic -elect Bass pi,Electric Bass (pick) _ 1,Electric Bass (pick) _ 1,112560,120
219.7265625,0.1171875,32,127,Chris Novoselic -elect Bass pi,Electric Bass (pick) _ 1,Electric Bass (pick) _ 1,112740,60
219.84375,0.234375,32,127,Chris Novoselic -elect Bass pi,Electric Bass (pick) _ 1,Electric Bass (pick) _ 1,112800,120
220.1953125,0.1171875,32,127,Chris Novoselic -elect Bass pi,Electric Bass (pick) _ 1,Electric Bass (pick) _ 1,112980,60
220.3125,0.1171875,32,127,Chris Novoselic -elect Bass pi,Electric Bass (pick) _ 1,Electric Bass (pick) _ 1,113040,60
220.4296875,0.1171875,32,127,Chris Novoselic -elect Bass pi,Electric Bass (pick) _ 1,Electric Bass (pick) _ 1,113100,60
220.546875,0.234375,37,127,Chris Novoselic -elect Bass pi,Electric Bass (pick) _ 1,Electric Bass (pick) _ 1,113160,120
220.78125,0.234375,37,127,Chris Novoselic -elect Bass pi,Electric Bass (pick) _ 1,Electric Bass (pick) _ 1,113280,120
221.015625,0.234375,32,127,Chris Novoselic -elect Bass pi,Electric Bass (pick) _ 1,Electric Bass (pick) _ 1,113400,120
221.25,0.234375,29,127,Chris Novoselic -elect Bass pi,Electric Bass (pick) _ 1,Electric Bass (pick) _ 1,113520,120
221.6015625,0.1171875,29,127,Chris Novoselic -elect Bass pi,Electric Bass (pick) _ 1,Electric Bass (pick) _ 1,113700,60
221.71875,0.234375,29,127,Chris Novoselic -elect Bass pi,Electric Bass (pick) _ 1,Electric Bass (pick) _ 1,113760,120
222.0703125,0.1171875,29,127,Chris Novoselic -elect Bass pi,Electric Bass (pick) _ 1,Electric Bass (pick) _ 1,113940,60
222.1875,0.1171875,29,127,Chris Novoselic -elect Bass pi,Electric Bass (pick) _ 1,Electric Bass (pick) _ 1,114000,60
222.3046875,0.1171875,29,127,Chris Novoselic -elect Bass pi,Electric Bass (pick) _ 1,Electric Bass (pick) _ 1,114060,60
222.421875,0.234375,34,127,Chris Novoselic -elect Bass pi,Electric Bass (pick) _ 1,Electric Bass (pick) _ 1,114120,120
222.65625,0.234375,34,127,Chris Novoselic -elect Bass pi,Electric Bass (pick) _ 1,Electric Bass (pick) _ 1,114240,120
222.890625,0.234375,29,127,Chris Novoselic -elect Bass pi,Electric Bass (pick) _ 1,Electric Bass (pick) _ 1,114360,120
223.125,0.234375,32,127,Chris Novoselic -elect Bass pi,Electric Bass (pick) _ 1,Electric Bass (pick) _ 1,114480,120
223.4765625,0.1171875,32,127,Chris Novoselic -elect Bass pi,Electric Bass (pick) _ 1,Electric Bass (pick) _ 1,114660,60
223.59375,0.234375,32,127,Chris Novoselic -elect Bass pi,Electric Bass (pick) _ 1,Electric Bass (pick) _ 1,114720,120
223.9453125,0.1171875,32,127,Chris Novoselic -elect Bass pi,Electric Bass (pick) _ 1,Electric Bass (pick) _ 1,114900,60
224.0625,0.1171875,32,127,Chris Novoselic -elect Bass pi,Electric Bass (pick) _ 1,Electric Bass (pick) _ 1,114960,60
224.1796875,0.1171875,32,127,Chris Novoselic -elect Bass pi,Electric Bass (pick) _ 1,Electric Bass (pick) _ 1,115020,60
224.296875,0.234375,37,127,Chris Novoselic -elect Bass pi,Electric Bass (pick) _ 1,Electric Bass (pick) _ 1,115080,120
224.53125,0.234375,37,127,Chris Novoselic -elect Bass pi,Electric Bass (pick) _ 1,Electric Bass (pick) _ 1,115200,120
224.765625,0.234375,32,127,Chris Novoselic -elect Bass pi,Electric Bass (pick) _ 1,Electric Bass (pick) _ 1,115320,120
225.0,0.25,29,127,Chris Novoselic -elect Bass pi,Electric Bass (pick) _ 1,Electric Bass (pick) _ 1,115440,120
225.375,0.125,29,127,Chris Novoselic -elect Bass pi,Electric Bass (pick) _ 1,Electric Bass (pick) _ 1,115620,60
225.5,0.25,29,127,Chris Novoselic -elect Bass pi,Electric Bass (pick) _ 1,Electric Bass (pick) _ 1,115680,120
225.875,0.125,29,127,Chris Novoselic -elect Bass pi,Electric Bass (pick) _ 1,Electric Bass (pick) _ 1,115860,60
226.0,0.125,29,127,Chris Novoselic -elect Bass pi,Electric Bass (pick) _ 1,Electric Bass (pick) _ 1,115920,60
226.125,0.125,29,127,Chris Novoselic -elect Bass pi,Electric Bass (pick) _ 1,Electric Bass (pick) _ 1,115980,60
226.25,0.25,34,127,Chris Novoselic -elect Bass pi,Electric Bass (pick) _ 1,Electric Bass (pick) _ 1,116040,120
226.5,0.25,34,127,Chris Novoselic -elect Bass pi,Electric Bass (pick) _ 1,Electric Bass (pick) _ 1,116160,120
226.75,0.25,29,127,Chris Novoselic -elect Bass pi,Electric Bass (pick) _ 1,Electric Bass (pick) _ 1,116280,120
227.0,0.25,32,127,Chris Novoselic -elect Bass pi,Electric Bass (pick) _ 1,Electric Bass (pick) _ 1,116400,120
227.375,0.125,32,127,Chris Novoselic -elect Bass pi,Electric Bass (pick) _ 1,Electric Bass (pick) _ 1,116580,60
227.5,0.25,32,127,Chris Novoselic -elect Bass pi,Electric Bass (pick) _ 1,Electric Bass (pick) _ 1,116640,120
227.875,0.125,32,127,Chris Novoselic -elect Bass pi,Electric Bass (pick) _ 1,Electric Bass (pick) _ 1,116820,60
228.0,0.125,32,127,Chris Novoselic -elect Bass pi,Electric Bass (pick) _ 1,Electric Bass (pick) _ 1,116880,60
228.125,0.1245694791666665,32,127,Chris Novoselic -elect Bass pi,Electric Bass (pick) _ 1,Electric Bass (pick) _ 1,116940,60
228.24956947916667,0.24793349999998782,37,127,Chris Novoselic -elect Bass pi,Electric Bass (pick) _ 1,Electric Bass (pick) _ 1,117000,120
228.49750297916665,0.24793350000001624,37,127,Chris Novoselic -elect Bass pi,Electric Bass (pick) _ 1,Electric Bass (pick) _ 1,117120,120
228.74543647916667,0.24793349999998782,32,127,Chris Novoselic -elect Bass pi,Electric Bass (pick) _ 1,Electric Bass (pick) _ 1,117240,120
228.99336997916666,0.24793349999998782,29,127,Chris Novoselic -elect Bass pi,Electric Bass (pick) _ 1,Electric Bass (pick) _ 1,117360,120
229.36527022916667,0.12396674999999391,29,127,Chris Novoselic -elect Bass pi,Electric Bass (pick) _ 1,Electric Bass (pick) _ 1,117540,60
229.48923697916666,0.24793349999998782,29,127,Chris Novoselic -elect Bass pi,Electric Bass (pick) _ 1,Electric Bass (pick) _ 1,117600,120
229.86113722916664,0.12396675000002233,29,127,Chris Novoselic -elect Bass pi,Electric Bass (pick) _ 1,Electric Bass (pick) _ 1,117780,60
229.98510397916667,0.12396674999999391,29,127,Chris Novoselic -elect Bass pi,Electric Bass (pick) _ 1,Electric Bass (pick) _ 1,117840,60
230.10907072916666,0.12396674999999391,29,127,Chris Novoselic -elect Bass pi,Electric Bass (pick) _ 1,Electric Bass (pick) _ 1,117900,60
230.23303747916665,0.24793350000001624,34,127,Chris Novoselic -elect Bass pi,Electric Bass (pick) _ 1,Electric Bass (pick) _ 1,117960,120
230.48097097916667,0.24793349999998782,34,127,Chris Novoselic -elect Bass pi,Electric Bass (pick) _ 1,Electric Bass (pick) _ 1,118080,120
230.72890447916666,0.24793349999998782,29,127,Chris Novoselic -elect Bass pi,Electric Bass (pick) _ 1,Electric Bass (pick) _ 1,118200,120
230.97683797916665,0.24793350000001624,32,127,Chris Novoselic -elect Bass pi,Electric Bass (pick) _ 1,Electric Bass (pick) _ 1,118320,120
231.34873822916666,0.12312008333333324,32,127,Chris Novoselic -elect Bass pi,Electric Bass (pick) _ 1,Electric Bass (pick) _ 1,118500,60
231.4718583125,0.24590150000000222,32,127,Chris Novoselic -elect Bass pi,Electric Bass (pick) _ 1,Electric Bass (pick) _ 1,118560,120
231.8407105625,0.12295075000000111,32,127,Chris Novoselic -elect Bass pi,Electric Bass (pick) _ 1,Electric Bass (pick) _ 1,118740,60
231.9636613125,0.12295075000000111,32,127,Chris Novoselic -elect Bass pi,Electric Bass (pick) _ 1,Electric Bass (pick) _ 1,118800,60
232.0866120625,0.12295075000000111,32,127,Chris Novoselic -elect Bass pi,Electric Bass (pick) _ 1,Electric Bass (pick) _ 1,118860,60
232.2095628125,0.24590150000000222,37,127,Chris Novoselic -elect Bass pi,Electric Bass (pick) _ 1,Electric Bass (pick) _ 1,118920,120
232.4554643125,0.24590150000000222,37,127,Chris Novoselic -elect Bass pi,Electric Bass (pick) _ 1,Electric Bass (pick) _ 1,119040,120
232.7013658125,0.24590150000000222,32,127,Chris Novoselic -elect Bass pi,Electric Bass (pick) _ 1,Electric Bass (pick) _ 1,119160,120
232.9472673125,0.24590150000000222,29,127,Chris Novoselic -elect Bass pi,Electric Bass (pick) _ 1,Electric Bass (pick) _ 1,119280,120
233.3161195625,0.12295075000000111,29,127,Chris Novoselic -elect Bass pi,Electric Bass (pick) _ 1,Electric Bass (pick) _ 1,119460,60
233.4390703125,0.2459014999999738,29,127,Chris Novoselic -elect Bass pi,Electric Bass (pick) _ 1,Electric Bass (pick) _ 1,119520,120
233.80792256249998,0.12295075000000111,29,127,Chris Novoselic -elect Bass pi,Electric Bass (pick) _ 1,Electric Bass (pick) _ 1,119700,60
233.93087331249998,0.12295075000000111,29,127,Chris Novoselic -elect Bass pi,Electric Bass (pick) _ 1,Electric Bass (pick) _ 1,119760,60
234.05382406249998,0.12295075000000111,29,127,Chris Novoselic -elect Bass pi,Electric Bass (pick) _ 1,Electric Bass (pick) _ 1,119820,60
234.17677481249999,0.24590150000000222,34,127,Chris Novoselic -elect Bass pi,Electric Bass (pick) _ 1,Electric Bass (pick) _ 1,119880,120
234.4226763125,0.24465181249999546,34,127,Chris Novoselic -elect Bass pi,Electric Bass (pick) _ 1,Electric Bass (pick) _ 1,120000,120
234.66732812499998,0.24390200000001983,29,127,Chris Novoselic -elect Bass pi,Electric Bass (pick) _ 1,Electric Bass (pick) _ 1,120120,120
234.911230125,0.2439019999999914,32,127,Chris Novoselic -elect Bass pi,Electric Bass (pick) _ 1,Electric Bass (pick) _ 1,120240,120
235.277083125,0.1219509999999957,32,127,Chris Novoselic -elect Bass pi,Electric Bass (pick) _ 1,Electric Bass (pick) _ 1,120420,60
235.399034125,0.24390200000001983,32,127,Chris Novoselic -elect Bass pi,Electric Bass (pick) _ 1,Electric Bass (pick) _ 1,120480,120
235.764887125,0.1219509999999957,32,127,Chris Novoselic -elect Bass pi,Electric Bass (pick) _ 1,Electric Bass (pick) _ 1,120660,60
235.886838125,0.1219509999999957,32,127,Chris Novoselic -elect Bass pi,Electric Bass (pick) _ 1,Electric Bass (pick) _ 1,120720,60
236.008789125,0.1219509999999957,32,127,Chris Novoselic -elect Bass pi,Electric Bass (pick) _ 1,Electric Bass (pick) _ 1,120780,60
236.130740125,0.24390200000001983,37,127,Chris Novoselic -elect Bass pi,Electric Bass (pick) _ 1,Electric Bass (pick) _ 1,120840,120
236.374642125,0.2439019999999914,37,127,Chris Novoselic -elect Bass pi,Electric Bass (pick) _ 1,Electric Bass (pick) _ 1,120960,120
236.618544125,0.2439019999999914,32,127,Chris Novoselic -elect Bass pi,Electric Bass (pick) _ 1,Electric Bass (pick) _ 1,121080,120
236.862446125,0.2439019999999914,29,127,Chris Novoselic -elect Bass pi,Electric Bass (pick) _ 1,Electric Bass (pick) _ 1,121200,120
237.228299125,0.1219509999999957,29,127,Chris Novoselic -elect Bass pi,Electric Bass (pick) _ 1,Electric Bass (pick) _ 1,121380,60
237.350250125,0.2439019999999914,29,127,Chris Novoselic -elect Bass pi,Electric Bass (pick) _ 1,Electric Bass (pick) _ 1,121440,120
237.71544745833333,0.12096750000000611,29,127,Chris Novoselic -elect Bass pi,Electric Bass (pick) _ 1,Electric Bass (pick) _ 1,121620,60
237.83641495833334,0.12096749999997769,29,127,Chris Novoselic -elect Bass pi,Electric Bass (pick) _ 1,Electric Bass (pick) _ 1,121680,60
237.9573824583333,0.12096750000000611,29,127,Chris Novoselic -elect Bass pi,Electric Bass (pick) _ 1,Electric Bass (pick) _ 1,121740,60
238.07834995833332,0.24193500000001222,34,127,Chris Novoselic -elect Bass pi,Electric Bass (pick) _ 1,Electric Bass (pick) _ 1,121800,120
238.32028495833333,0.2419349999999838,34,127,Chris Novoselic -elect Bass pi,Electric Bass (pick) _ 1,Electric Bass (pick) _ 1,121920,120
238.56221995833332,0.24193500000001222,29,127,Chris Novoselic -elect Bass pi,Electric Bass (pick) _ 1,Electric Bass (pick) _ 1,122040,120
238.80415495833333,0.2470011875000182,32,127,Chris Novoselic -elect Bass pi,Electric Bass (pick) _ 1,Electric Bass (pick) _ 1,122160,120
239.18103833333333,0.13454256250000185,32,127,Chris Novoselic -elect Bass pi,Electric Bass (pick) _ 1,Electric Bass (pick) _ 1,122340,60
239.31558089583334,0.2727270000000033,32,127,Chris Novoselic -elect Bass pi,Electric Bass (pick) _ 1,Electric Bass (pick) _ 1,122400,120
239.72467139583333,0.13636350000001585,32,127,Chris Novoselic -elect Bass pi,Electric Bass (pick) _ 1,Electric Bass (pick) _ 1,122580,60
239.86103489583334,0.13636349999998743,32,127,Chris Novoselic -elect Bass pi,Electric Bass (pick) _ 1,Electric Bass (pick) _ 1,122640,60
239.99739839583333,0.13636350000001585,32,127,Chris Novoselic -elect Bass pi,Electric Bass (pick) _ 1,Electric Bass (pick) _ 1,122700,60
240.13376189583335,0.27272699999997485,37,127,Chris Novoselic -elect Bass pi,Electric Bass (pick) _ 1,Electric Bass (pick) _ 1,122760,120
240.40648889583332,0.2727270000000033,37,127,Chris Novoselic -elect Bass pi,Electric Bass (pick) _ 1,Electric Bass (pick) _ 1,122880,120
240.67921589583332,0.2727270000000033,32,127,Chris Novoselic -elect Bass pi,Electric Bass (pick) _ 1,Electric Bass (pick) _ 1,123000,120
240.95194289583333,2.1863614499999926,29,113,Chris Novoselic -elect Bass pi,Electric Bass (pick) _ 1,Electric Bass (pick) _ 1,123120,962
5.625,0.078125,38,127,Dave Grohl -Drums-,Drum Kit _ 1,Drum Kit _ 1,3120,40
5.7421875,0.078125,36,127,Dave Grohl -Drums-,Drum Kit _ 1,Drum Kit _ 1,3180,40
5.9765625,0.078125,36,127,Dave Grohl -Drums-,Drum Kit _ 1,Drum Kit _ 1,3300,40
6.09375,0.078125,38,127,Dave Grohl -Drums-,Drum Kit _ 1,Drum Kit _ 1,3360,40
6.2109375,0.078125,36,127,Dave Grohl -Drums-,Drum Kit _ 1,Drum Kit _ 1,3420,40
6.4453125,0.078125,36,127,Dave Grohl -Drums-,Drum Kit _ 1,Drum Kit _ 1,3540,40
6.5625,0.078125,38,127,Dave Grohl -Drums-,Drum Kit _ 1,Drum Kit _ 1,3600,40
6.6796875,0.078125,36,127,Dave Grohl -Drums-,Drum Kit _ 1,Drum Kit _ 1,3660,40
6.9140625,0.078125,36,127,Dave Grohl -Drums-,Drum Kit _ 1,Drum Kit _ 1,3780,40
7.03125,0.078125,38,127,Dave Grohl -Drums-,Drum Kit _ 1,Drum Kit _ 1,3840,40
7.1484375,0.078125,36,127,Dave Grohl -Drums-,Drum Kit _ 1,Drum Kit _ 1,3900,40
7.3828125,0.078125,36,127,Dave Grohl -Drums-,Drum Kit _ 1,Drum Kit _ 1,4020,40
7.5,0.078125,38,127,Dave Grohl -Drums-,Drum Kit _ 1,Drum Kit _ 1,4080,40
7.5,0.078125,36,127,Dave Grohl -Drums-,Drum Kit _ 1,Drum Kit _ 1,4080,40
7.96875,0.078125,38,127,Dave Grohl -Drums-,Drum Kit _ 1,Drum Kit _ 1,4320,40
7.96875,0.078125,36,127,Dave Grohl -Drums-,Drum Kit _ 1,Drum Kit _ 1,4320,40
8.4375,0.078125,38,127,Dave Grohl -Drums-,Drum Kit _ 1,Drum Kit _ 1,4560,40
8.5546875,0.078125,38,127,Dave Grohl -Drums-,Drum Kit _ 1,Drum Kit _ 1,4620,40
8.671875,0.078125,35,127,Dave Grohl -Drums-,Drum Kit _ 1,Drum Kit _ 1,4680,40
8.671875,0.078125,36,127,Dave Grohl -Drums-,Drum Kit _ 1,Drum Kit _ 1,4680,40
8.90625,0.078125,38,127,Dave Grohl -Drums-,Drum Kit _ 1,Drum Kit _ 1,4800,40
9.0234375,0.078125,38,127,Dave Grohl -Drums-,Drum Kit _ 1,Drum Kit _ 1,4860,40
9.140625,0.078125,36,127,Dave Grohl -Drums-,Drum Kit _ 1,Drum Kit _ 1,4920,40
9.140625,0.078125,35,127,Dave Grohl -Drums-,Drum Kit _ 1,Drum Kit _ 1,4920,40
9.375,0.078125,38,127,Dave Grohl -Drums-,Drum Kit _ 1,Drum Kit _ 1,5040,40
9.375,0.078125,36,127,Dave Grohl -Drums-,Drum Kit _ 1,Drum Kit _ 1,5040,40
9.84375,0.078125,38,127,Dave Grohl -Drums-,Drum Kit _ 1,Drum Kit _ 1,5280,40
9.84375,0.078125,36,127,Dave Grohl -Drums-,Drum Kit _ 1,Drum Kit _ 1,5280,40
10.3125,0.078125,38,127,Dave Grohl -Drums-,Drum Kit _ 1,Drum Kit _ 1,5520,40
10.4296875,0.078125,38,127,Dave Grohl -Drums-,Drum Kit _ 1,Drum Kit _ 1,5580,40
10.546875,0.078125,35,127,Dave Grohl -Drums-,Drum Kit _ 1,Drum Kit _ 1,5640,40
10.546875,0.078125,36,127,Dave Grohl -Drums-,Drum Kit _ 1,Drum Kit _ 1,5640,40
10.78125,0.078125,38,127,Dave Grohl -Drums-,Drum Kit _ 1,Drum Kit _ 1,5760,40
10.8984375,0.078125,38,127,Dave Grohl -Drums-,Drum Kit _ 1,Drum Kit _ 1,5820,40
11.015625,0.078125,36,127,Dave Grohl -Drums-,Drum Kit _ 1,Drum Kit _ 1,5880,40
11.015625,0.078125,35,127,Dave Grohl -Drums-,Drum Kit _ 1,Drum Kit _ 1,5880,40
11.25,0.078125,38,127,Dave Grohl -Drums-,Drum Kit _ 1,Drum Kit _ 1,6000,40
11.25,0.078125,36,127,Dave Grohl -Drums-,Drum Kit _ 1,Drum Kit _ 1,6000,40
11.71875,0.078125,38,127,Dave Grohl -Drums-,Drum Kit _ 1,Drum Kit _ 1,6240,40
11.71875,0.078125,36,127,Dave Grohl -Drums-,Drum Kit _ 1,Drum Kit _ 1,6240,40
12.1875,0.078125,38,127,Dave Grohl -Drums-,Drum Kit _ 1,Drum Kit _ 1,6480,40
12.3046875,0.078125,38,127,Dave Grohl -Drums-,Drum Kit _ 1,Drum Kit _ 1,6540,40
12.421875,0.078125,35,127,Dave Grohl -Drums-,Drum Kit _ 1,Drum Kit _ 1,6600,40
12.421875,0.078125,36,127,Dave Grohl -Drums-,Drum Kit _ 1,Drum Kit _ 1,6600,40
12.65625,0.078125,38,127,Dave Grohl -Drums-,Drum Kit _ 1,Drum Kit _ 1,6720,40
12.7734375,0.078125,38,127,Dave Grohl -Drums-,Drum Kit _ 1,Drum Kit _ 1,6780,40
12.890625,0.078125,36,127,Dave Grohl -Drums-,Drum Kit _ 1,Drum Kit _ 1,6840,40
12.890625,0.078125,35,127,Dave Grohl -Drums-,Drum Kit _ 1,Drum Kit _ 1,6840,40
13.125,0.078125,38,127,Dave Grohl -Drums-,Drum Kit _ 1,Drum Kit _ 1,6960,40
13.125,0.078125,36,127,Dave Grohl -Drums-,Drum Kit _ 1,Drum Kit _ 1,6960,40
13.59375,0.078125,38,127,Dave Grohl -Drums-,Drum Kit _ 1,Drum Kit _ 1,7200,40
13.59375,0.078125,36,127,Dave Grohl -Drums-,Drum Kit _ 1,Drum Kit _ 1,7200,40
14.0625,0.078125,38,127,Dave Grohl -Drums-,Drum Kit _ 1,Drum Kit _ 1,7440,40
14.1796875,0.078125,38,127,Dave Grohl -Drums-,Drum Kit _ 1,Drum Kit _ 1,7500,40
14.296875,0.078125,35,127,Dave Grohl -Drums-,Drum Kit _ 1,Drum Kit _ 1,7560,40
14.296875,0.078125,36,127,Dave Grohl -Drums-,Drum Kit _ 1,Drum Kit _ 1,7560,40
14.53125,0.078125,38,127,Dave Grohl -Drums-,Drum Kit _ 1,Drum Kit _ 1,7680,40
14.6484375,0.078125,38,127,Dave Grohl -Drums-,Drum Kit _ 1,Drum Kit _ 1,7740,40
14.765625,0.078125,36,127,Dave Grohl -Drums-,Drum Kit _ 1,Drum Kit _ 1,7800,40
14.765625,0.078125,35,127,Dave Grohl -Drums-,Drum Kit _ 1,Drum Kit _ 1,7800,40
15.0,0.078125,38,127,Dave Grohl -Drums-,Drum Kit _ 1,Drum Kit _ 1,7920,40
15.0,0.078125,36,127,Dave Grohl -Drums-,Drum Kit _ 1,Drum Kit _ 1,7920,40
15.46875,0.078125,38,127,Dave Grohl -Drums-,Drum Kit _ 1,Drum Kit _ 1,8160,40
15.46875,0.078125,36,127,Dave Grohl -Drums-,Drum Kit _ 1,Drum Kit _ 1,8160,40
15.9375,0.078125,38,127,Dave Grohl -Drums-,Drum Kit _ 1,Drum Kit _ 1,8400,40
16.0546875,0.078125,38,127,Dave Grohl -Drums-,Drum Kit _ 1,Drum Kit _ 1,8460,40
16.171875,0.078125,35,127,Dave Grohl -Drums-,Drum Kit _ 1,Drum Kit _ 1,8520,40
16.171875,0.078125,36,127,Dave Grohl -Drums-,Drum Kit _ 1,Drum Kit _ 1,8520,40
16.40625,0.078125,38,127,Dave Grohl -Drums-,Drum Kit _ 1,Drum Kit _ 1,8640,40
16.5234375,0.078125,38,127,Dave Grohl -Drums-,Drum Kit _ 1,Drum Kit _ 1,8700,40
16.640625,0.078125,36,127,Dave Grohl -Drums-,Drum Kit _ 1,Drum Kit _ 1,8760,40
16.640625,0.078125,35,127,Dave Grohl -Drums-,Drum Kit _ 1,Drum Kit _ 1,8760,40
16.875,0.078125,38,127,Dave Grohl -Drums-,Drum Kit _ 1,Drum Kit _ 1,8880,40
16.875,0.078125,36,127,Dave Grohl -Drums-,Drum Kit _ 1,Drum Kit _ 1,8880,40
17.34375,0.078125,38,127,Dave Grohl -Drums-,Drum Kit _ 1,Drum Kit _ 1,9120,40
17.34375,0.078125,36,127,Dave Grohl -Drums-,Drum Kit _ 1,Drum Kit _ 1,9120,40
17.8125,0.078125,38,127,Dave Grohl -Drums-,Drum Kit _ 1,Drum Kit _ 1,9360,40
17.9296875,0.078125,38,127,Dave Grohl -Drums-,Drum Kit _ 1,Drum Kit _ 1,9420,40
18.046875,0.078125,35,127,Dave Grohl -Drums-,Drum Kit _ 1,Drum Kit _ 1,9480,40
18.046875,0.078125,36,127,Dave Grohl -Drums-,Drum Kit _ 1,Drum Kit _ 1,9480,40
18.28125,0.078125,38,127,Dave Grohl -Drums-,Drum Kit _ 1,Drum Kit _ 1,9600,40
18.3984375,0.078125,38,127,Dave Grohl -Drums-,Drum Kit _ 1,Drum Kit _ 1,9660,40
18.515625,0.078125,36,127,Dave Grohl -Drums-,Drum Kit _ 1,Drum Kit _ 1,9720,40
18.515625,0.078125,35,127,Dave Grohl -Drums-,Drum Kit _ 1,Drum Kit _ 1,9720,40
18.75,0.078125,38,127,Dave Grohl -Drums-,Drum Kit _ 1,Drum Kit _ 1,9840,40
18.75,0.078125,36,127,Dave Grohl -Drums-,Drum Kit _ 1,Drum Kit _ 1,9840,40
19.21875,0.078125,38,127,Dave Grohl -Drums-,Drum Kit _ 1,Drum Kit _ 1,10080,40
19.21875,0.078125,36,127,Dave Grohl -Drums-,Drum Kit _ 1,Drum Kit _ 1,10080,40
19.6875,0.078125,38,127,Dave Grohl -Drums-,Drum Kit _ 1,Drum Kit _ 1,10320,40
19.8046875,0.078125,38,127,Dave Grohl -Drums-,Drum Kit _ 1,Drum Kit _ 1,10380,40
19.921875,0.078125,35,127,Dave Grohl -Drums-,Drum Kit _ 1,Drum Kit _ 1,10440,40
19.921875,0.078125,36,127,Dave Grohl -Drums-,Drum Kit _ 1,Drum Kit _ 1,10440,40
20.15625,0.078125,38,127,Dave Grohl -Drums-,Drum Kit _ 1,Drum Kit _ 1,10560,40
20.2734375,0.078125,38,127,Dave Grohl -Drums-,Drum Kit _ 1,Drum Kit _ 1,10620,40
20.390625,0.078125,36,127,Dave Grohl -Drums-,Drum Kit _ 1,Drum Kit _ 1,10680,40
20.390625,0.078125,35,127,Dave Grohl -Drums-,Drum Kit _ 1,Drum Kit _ 1,10680,40
20.625,0.078125,38,127,Dave Grohl -Drums-,Drum Kit _ 1,Drum Kit _ 1,10800,40
20.625,0.078125,36,127,Dave Grohl -Drums-,Drum Kit _ 1,Drum Kit _ 1,10800,40
21.09375,0.078125,38,127,Dave Grohl -Drums-,Drum Kit _ 1,Drum Kit _ 1,11040,40
21.09375,0.078125,36,127,Dave Grohl -Drums-,Drum Kit _ 1,Drum Kit _ 1,11040,40
21.5625,0.078125,35,127,Dave Grohl -Drums-,Drum Kit _ 1,Drum Kit _ 1,11280,40
21.5625,0.078125,38,127,Dave Grohl -Drums-,Drum Kit _ 1,Drum Kit _ 1,11280,40
21.796875,0.078125,36,127,Dave Grohl -Drums-,Drum Kit _ 1,Drum Kit _ 1,11400,40
21.796875,0.078125,38,127,Dave Grohl -Drums-,Drum Kit _ 1,Drum Kit _ 1,11400,40
22.03125,0.078125,38,127,Dave Grohl -Drums-,Drum Kit _ 1,Drum Kit _ 1,11520,40
22.03125,0.078125,36,127,Dave Grohl -Drums-,Drum Kit _ 1,Drum Kit _ 1,11520,40
22.1484375,0.078125,38,127,Dave Grohl -Drums-,Drum Kit _ 1,Drum Kit _ 1,11580,40
22.1484375,0.078125,36,127,Dave Grohl -Drums-,Drum Kit _ 1,Drum Kit _ 1,11580,40
22.265625,0.078125,38,127,Dave Grohl -Drums-,Drum Kit _ 1,Drum Kit _ 1,11640,40
22.265625,0.078125,36,127,Dave Grohl -Drums-,Drum Kit _ 1,Drum Kit _ 1,11640,40
22.3828125,0.078125,38,127,Dave Grohl -Drums-,Drum Kit _ 1,Drum Kit _ 1,11700,40
22.3828125,0.078125,36,127,Dave Grohl -Drums-,Drum Kit _ 1,Drum Kit _ 1,11700,40
22.5,0.078125,36,127,Dave Grohl -Drums-,Drum Kit _ 1,Drum Kit _ 1,11760,40
22.734375,0.078125,36,127,Dave Grohl -Drums-,Drum Kit _ 1,Drum Kit _ 1,11880,40
22.96875,0.078125,38,127,Dave Grohl -Drums-,Drum Kit _ 1,Drum Kit _ 1,12000,40
23.4375,0.078125,36,127,Dave Grohl -Drums-,Drum Kit _ 1,Drum Kit _ 1,12240,40
23.671875,0.078125,36,127,Dave Grohl -Drums-,Drum Kit _ 1,Drum Kit _ 1,12360,40
23.90625,0.078125,38,127,Dave Grohl -Drums-,Drum Kit _ 1,Drum Kit _ 1,12480,40
24.375,0.078125,36,127,Dave Grohl -Drums-,Drum Kit _ 1,Drum Kit _ 1,12720,40
24.609375,0.078125,36,127,Dave Grohl -Drums-,Drum Kit _ 1,Drum Kit _ 1,12840,40
24.84375,0.078125,38,127,Dave Grohl -Drums-,Drum Kit _ 1,Drum Kit _ 1,12960,40
25.3125,0.078125,36,127,Dave Grohl -Drums-,Drum Kit _ 1,Drum Kit _ 1,13200,40
25.546875,0.078125,36,127,Dave Grohl -Drums-,Drum Kit _ 1,Drum Kit _ 1,13320,40
25.78125,0.078125,38,127,Dave Grohl -Drums-,Drum Kit _ 1,Drum Kit _ 1,13440,40
26.25,0.078125,36,127,Dave Grohl -Drums-,Drum Kit _ 1,Drum Kit _ 1,13680,40
26.484375,0.078125,36,127,Dave Grohl -Drums-,Drum Kit _ 1,Drum Kit _ 1,13800,40
26.71875,0.078125,38,127,Dave Grohl -Drums-,Drum Kit _ 1,Drum Kit _ 1,13920,40
27.1875,0.078125,36,127,Dave Grohl -Drums-,Drum Kit _ 1,Drum Kit _ 1,14160,40
27.421875,0.078125,36,127,Dave Grohl -Drums-,Drum Kit _ 1,Drum Kit _ 1,14280,40
27.65625,0.078125,38,127,Dave Grohl -Drums-,Drum Kit _ 1,Drum Kit _ 1,14400,40
28.125,0.078125,36,127,Dave Grohl -Drums-,Drum Kit _ 1,Drum Kit _ 1,14640,40
28.359375,0.078125,36,127,Dave Grohl -Drums-,Drum Kit _ 1,Drum Kit _ 1,14760,40
28.59375,0.078125,38,127,Dave Grohl -Drums-,Drum Kit _ 1,Drum Kit _ 1,14880,40
29.0625,0.078125,36,127,Dave Grohl -Drums-,Drum Kit _ 1,Drum Kit _ 1,15120,40
29.296875,0.078125,36,127,Dave Grohl -Drums-,Drum Kit _ 1,Drum Kit _ 1,15240,40
29.53125,0.078125,38,127,Dave Grohl -Drums-,Drum Kit _ 1,Drum Kit _ 1,15360,40
30.0,0.078125,36,127,Dave Grohl -Drums-,Drum Kit _ 1,Drum Kit _ 1,15600,40
30.234375,0.078125,36,127,Dave Grohl -Drums-,Drum Kit _ 1,Drum Kit _ 1,15720,40
30.46875,0.078125,38,127,Dave Grohl -Drums-,Drum Kit _ 1,Drum Kit _ 1,15840,40
30.9375,0.078125,36,127,Dave Grohl -Drums-,Drum Kit _ 1,Drum Kit _ 1,16080,40
31.171875,0.078125,36,127,Dave Grohl -Drums-,Drum Kit _ 1,Drum Kit _ 1,16200,40
31.40625,0.078125,38,127,Dave Grohl -Drums-,Drum Kit _ 1,Drum Kit _ 1,16320,40
31.875,0.078125,36,127,Dave Grohl -Drums-,Drum Kit _ 1,Drum Kit _ 1,16560,40
32.109375,0.078125,36,127,Dave Grohl -Drums-,Drum Kit _ 1,Drum Kit _ 1,16680,40
32.34375,0.078125,38,127,Dave Grohl -Drums-,Drum Kit _ 1,Drum Kit _ 1,16800,40
32.8125,0.078125,36,127,Dave Grohl -Drums-,Drum Kit _ 1,Drum Kit _ 1,17040,40
33.046875,0.078125,36,127,Dave Grohl -Drums-,Drum Kit _ 1,Drum Kit _ 1,17160,40
33.28125,0.078125,38,127,Dave Grohl -Drums-,Drum Kit _ 1,Drum Kit _ 1,17280,40
33.75,0.078125,36,127,Dave Grohl -Drums-,Drum Kit _ 1,Drum Kit _ 1,17520,40
33.984375,0.078125,36,127,Dave Grohl -Drums-,Drum Kit _ 1,Drum Kit _ 1,17640,40
34.21875,0.078125,38,127,Dave Grohl -Drums-,Drum Kit _ 1,Drum Kit _ 1,17760,40
34.6875,0.078125,36,127,Dave Grohl -Drums-,Drum Kit _ 1,Drum Kit _ 1,18000,40
34.921875,0.078125,36,127,Dave Grohl -Drums-,Drum Kit _ 1,Drum Kit _ 1,18120,40
35.15625,0.078125,38,127,Dave Grohl -Drums-,Drum Kit _ 1,Drum Kit _ 1,18240,40
35.625,0.078125,36,127,Dave Grohl -Drums-,Drum Kit _ 1,Drum Kit _ 1,18480,40
35.859375,0.078125,36,127,Dave Grohl -Drums-,Drum Kit _ 1,Drum Kit _ 1,18600,40
36.09375,0.078125,38,127,Dave Grohl -Drums-,Drum Kit _ 1,Drum Kit _ 1,18720,40
36.5625,0.078125,36,127,Dave Grohl -Drums-,Drum Kit _ 1,Drum Kit _ 1,18960,40
36.796875,0.078125,36,127,Dave Grohl -Drums-,Drum Kit _ 1,Drum Kit _ 1,19080,40
37.03125,0.078125,38,127,Dave Grohl -Drums-,Drum Kit _ 1,Drum Kit _ 1,19200,40
37.5,0.078125,36,127,Dave Grohl -Drums-,Drum Kit _ 1,Drum Kit _ 1,19440,40
37.734375,0.078125,36,127,Dave Grohl -Drums-,Drum Kit _ 1,Drum Kit _ 1,19560,40
37.96875,0.078125,38,127,Dave Grohl -Drums-,Drum Kit _ 1,Drum Kit _ 1,19680,40
38.4375,0.078125,36,127,Dave Grohl -Drums-,Drum Kit _ 1,Drum Kit _ 1,19920,40
38.671875,0.078125,36,127,Dave Grohl -Drums-,Drum Kit _ 1,Drum Kit _ 1,20040,40
38.90625,0.078125,38,127,Dave Grohl -Drums-,Drum Kit _ 1,Drum Kit _ 1,20160,40
39.375,0.078125,36,127,Dave Grohl -Drums-,Drum Kit _ 1,Drum Kit _ 1,20400,40
39.609375,0.078125,36,127,Dave Grohl -Drums-,Drum Kit _ 1,Drum Kit _ 1,20520,40
39.84375,0.078125,38,127,Dave Grohl -Drums-,Drum Kit _ 1,Drum Kit _ 1,20640,40
40.3125,0.078125,36,127,Dave Grohl -Drums-,Drum Kit _ 1,Drum Kit _ 1,20880,40
40.546875,0.078125,36,127,Dave Grohl -Drums-,Drum Kit _ 1,Drum Kit _ 1,21000,40
40.78125,0.078125,38,127,Dave Grohl -Drums-,Drum Kit _ 1,Drum Kit _ 1,21120,40
41.25,0.078125,36,127,Dave Grohl -Drums-,Drum Kit _ 1,Drum Kit _ 1,21360,40
41.484375,0.078125,36,127,Dave Grohl -Drums-,Drum Kit _ 1,Drum Kit _ 1,21480,40
41.71875,0.078125,38,127,Dave Grohl -Drums-,Drum Kit _ 1,Drum Kit _ 1,21600,40
42.1875,0.078125,36,127,Dave Grohl -Drums-,Drum Kit _ 1,Drum Kit _ 1,21840,40
42.421875,0.078125,36,127,Dave Grohl -Drums-,Drum Kit _ 1,Drum Kit _ 1,21960,40
42.65625,0.078125,38,127,Dave Grohl -Drums-,Drum Kit _ 1,Drum Kit _ 1,22080,40
43.125,0.078125,36,127,Dave Grohl -Drums-,Drum Kit _ 1,Drum Kit _ 1,22320,40
43.359375,0.078125,36,127,Dave Grohl -Drums-,Drum Kit _ 1,Drum Kit _ 1,22440,40
43.59375,0.078125,38,127,Dave Grohl -Drums-,Drum Kit _ 1,Drum Kit _ 1,22560,40
44.0625,0.078125,36,127,Dave Grohl -Drums-,Drum Kit _ 1,Drum Kit _ 1,22800,40
44.296875,0.078125,36,127,Dave Grohl -Drums-,Drum Kit _ 1,Drum Kit _ 1,22920,40
44.53125,0.078125,38,127,Dave Grohl -Drums-,Drum Kit _ 1,Drum Kit _ 1,23040,40
44.765625,0.078125,38,127,Dave Grohl -Drums-,Drum Kit _ 1,Drum Kit _ 1,23160,40
45.0,0.078125,36,102,Dave Grohl -Drums-,Drum Kit _ 1,Drum Kit _ 1,23280,40
45.0,0.078125,38,102,Dave Grohl -Drums-,Drum Kit _ 1,Drum Kit _ 1,23280,40
45.1171875,0.0390625,38,127,Dave Grohl -Drums-,Drum Kit _ 1,Drum Kit _ 1,23340,20
45.1171875,0.078125,36,127,Dave Grohl -Drums-,Drum Kit _ 1,Drum Kit _ 1,23340,40
45.234375,0.078125,36,127,Dave Grohl -Drums-,Drum Kit _ 1,Drum Kit _ 1,23400,40
45.46875,0.078125,36,102,Dave Grohl -Drums-,Drum Kit _ 1,Drum Kit _ 1,23520,40
45.46875,0.15625,38,102,Dave Grohl -Drums-,Drum Kit _ 1,Drum Kit _ 1,23520,80
45.9375,0.078125,36,127,Dave Grohl -Drums-,Drum Kit _ 1,Drum Kit _ 1,23760,40
45.9375,0.15625,38,102,Dave Grohl -Drums-,Drum Kit _ 1,Drum Kit _ 1,23760,80
46.0546875,0.078125,36,127,Dave Grohl -Drums-,Drum Kit _ 1,Drum Kit _ 1,23820,40
46.171875,0.078125,36,127,Dave Grohl -Drums-,Drum Kit _ 1,Drum Kit _ 1,23880,40
46.40625,0.078125,36,127,Dave Grohl -Drums-,Drum Kit _ 1,Drum Kit _ 1,24000,40
46.40625,0.15625,38,102,Dave Grohl -Drums-,Drum Kit _ 1,Drum Kit _ 1,24000,80
46.640625,0.078125,36,127,Dave Grohl -Drums-,Drum Kit _ 1,Drum Kit _ 1,24120,40
46.875,0.078125,36,102,Dave Grohl -Drums-,Drum Kit _ 1,Drum Kit _ 1,24240,40
46.875,0.078125,38,102,Dave Grohl -Drums-,Drum Kit _ 1,Drum Kit _ 1,24240,40
46.9921875,0.0390625,38,127,Dave Grohl -Drums-,Drum Kit _ 1,Drum Kit _ 1,24300,20
46.9921875,0.078125,36,127,Dave Grohl -Drums-,Drum Kit _ 1,Drum Kit _ 1,24300,40
47.109375,0.078125,36,127,Dave Grohl -Drums-,Drum Kit _ 1,Drum Kit _ 1,24360,40
47.34375,0.078125,36,102,Dave Grohl -Drums-,Drum Kit _ 1,Drum Kit _ 1,24480,40
47.34375,0.15625,38,102,Dave Grohl -Drums-,Drum Kit _ 1,Drum Kit _ 1,24480,80
47.8125,0.078125,36,127,Dave Grohl -Drums-,Drum Kit _ 1,Drum Kit _ 1,24720,40
47.8125,0.15625,38,102,Dave Grohl -Drums-,Drum Kit _ 1,Drum Kit _ 1,24720,80
47.9296875,0.078125,36,127,Dave Grohl -Drums-,Drum Kit _ 1,Drum Kit _ 1,24780,40
48.046875,0.078125,36,127,Dave Grohl -Drums-,Drum Kit _ 1,Drum Kit _ 1,24840,40
48.28125,0.078125,36,127,Dave Grohl -Drums-,Drum Kit _ 1,Drum Kit _ 1,24960,40
48.28125,0.15625,38,102,Dave Grohl -Drums-,Drum Kit _ 1,Drum Kit _ 1,24960,80
48.515625,0.078125,38,127,Dave Grohl -Drums-,Drum Kit _ 1,Drum Kit _ 1,25080,40
48.515625,0.078125,36,127,Dave Grohl -Drums-,Drum Kit _ 1,Drum Kit _ 1,25080,40
48.75,0.078125,36,102,Dave Grohl -Drums-,Drum Kit _ 1,Drum Kit _ 1,25200,40
48.75,0.078125,38,102,Dave Grohl -Drums-,Drum Kit _ 1,Drum Kit _ 1,25200,40
48.8671875,0.0390625,38,127,Dave Grohl -Drums-,Drum Kit _ 1,Drum Kit _ 1,25260,20
48.8671875,0.078125,36,127,Dave Grohl -Drums-,Drum Kit _ 1,Drum Kit _ 1,25260,40
48.984375,0.078125,36,127,Dave Grohl -Drums-,Drum Kit _ 1,Drum Kit _ 1,25320,40
49.21875,0.078125,36,102,Dave Grohl -Drums-,Drum Kit _ 1,Drum Kit _ 1,25440,40
49.21875,0.15625,38,102,Dave Grohl -Drums-,Drum Kit _ 1,Drum Kit _ 1,25440,80
49.6875,0.078125,36,127,Dave Grohl -Drums-,Drum Kit _ 1,Drum Kit _ 1,25680,40
49.6875,0.15625,38,102,Dave Grohl -Drums-,Drum Kit _ 1,Drum Kit _ 1,25680,80
49.8046875,0.078125,36,127,Dave Grohl -Drums-,Drum Kit _ 1,Drum Kit _ 1,25740,40
49.921875,0.078125,36,127,Dave Grohl -Drums-,Drum Kit _ 1,Drum Kit _ 1,25800,40
50.15625,0.078125,36,127,Dave Grohl -Drums-,Drum Kit _ 1,Drum Kit _ 1,25920,40
50.15625,0.15625,38,102,Dave Grohl -Drums-,Drum Kit _ 1,Drum Kit _ 1,25920,80
50.390625,0.078125,36,127,Dave Grohl -Drums-,Drum Kit _ 1,Drum Kit _ 1,26040,40
50.625,0.078125,36,102,Dave Grohl -Drums-,Drum Kit _ 1,Drum Kit _ 1,26160,40
50.625,0.078125,38,102,Dave Grohl -Drums-,Drum Kit _ 1,Drum Kit _ 1,26160,40
50.7421875,0.0390625,38,127,Dave Grohl -Drums-,Drum Kit _ 1,Drum Kit _ 1,26220,20
50.7421875,0.078125,36,127,Dave Grohl -Drums-,Drum Kit _ 1,Drum Kit _ 1,26220,40
50.859375,0.078125,36,127,Dave Grohl -Drums-,Drum Kit _ 1,Drum Kit _ 1,26280,40
51.09375,0.078125,36,102,Dave Grohl -Drums-,Drum Kit _ 1,Drum Kit _ 1,26400,40
51.09375,0.15625,38,102,Dave Grohl -Drums-,Drum Kit _ 1,Drum Kit _ 1,26400,80
51.5625,0.078125,36,127,Dave Grohl -Drums-,Drum Kit _ 1,Drum Kit _ 1,26640,40
51.5625,0.15625,38,102,Dave Grohl -Drums-,Drum Kit _ 1,Drum Kit _ 1,26640,80
51.6796875,0.078125,36,127,Dave Grohl -Drums-,Drum Kit _ 1,Drum Kit _ 1,26700,40
51.796875,0.078125,36,127,Dave Grohl -Drums-,Drum Kit _ 1,Drum Kit _ 1,26760,40
52.03125,0.078125,36,127,Dave Grohl -Drums-,Drum Kit _ 1,Drum Kit _ 1,26880,40
52.03125,0.15625,38,102,Dave Grohl -Drums-,Drum Kit _ 1,Drum Kit _ 1,26880,80
52.265625,0.078125,38,127,Dave Grohl -Drums-,Drum Kit _ 1,Drum Kit _ 1,27000,40
52.265625,0.078125,36,127,Dave Grohl -Drums-,Drum Kit _ 1,Drum Kit _ 1,27000,40
52.5,0.078125,36,102,Dave Grohl -Drums-,Drum Kit _ 1,Drum Kit _ 1,27120,40
52.5,0.078125,38,102,Dave Grohl -Drums-,Drum Kit _ 1,Drum Kit _ 1,27120,40
52.6171875,0.0390625,38,127,Dave Grohl -Drums-,Drum Kit _ 1,Drum Kit _ 1,27180,20
52.6171875,0.078125,36,127,Dave Grohl -Drums-,Drum Kit _ 1,Drum Kit _ 1,27180,40
52.734375,0.078125,36,127,Dave Grohl -Drums-,Drum Kit _ 1,Drum Kit _ 1,27240,40
52.96875,0.078125,36,102,Dave Grohl -Drums-,Drum Kit _ 1,Drum Kit _ 1,27360,40
52.96875,0.15625,38,102,Dave Grohl -Drums-,Drum Kit _ 1,Drum Kit _ 1,27360,80
53.4375,0.078125,36,127,Dave Grohl -Drums-,Drum Kit _ 1,Drum Kit _ 1,27600,40
53.4375,0.15625,38,102,Dave Grohl -Drums-,Drum Kit _ 1,Drum Kit _ 1,27600,80
53.5546875,0.078125,36,127,Dave Grohl -Drums-,Drum Kit _ 1,Drum Kit _ 1,27660,40
53.671875,0.078125,36,127,Dave Grohl -Drums-,Drum Kit _ 1,Drum Kit _ 1,27720,40
53.90625,0.078125,36,127,Dave Grohl -Drums-,Drum Kit _ 1,Drum Kit _ 1,27840,40
53.90625,0.15625,38,102,Dave Grohl -Drums-,Drum Kit _ 1,Drum Kit _ 1,27840,80
54.140625,0.078125,36,127,Dave Grohl -Drums-,Drum Kit _ 1,Drum Kit _ 1,27960,40
54.375,0.078125,36,102,Dave Grohl -Drums-,Drum Kit _ 1,Drum Kit _ 1,28080,40
54.375,0.078125,38,102,Dave Grohl -Drums-,Drum Kit _ 1,Drum Kit _ 1,28080,40
54.4921875,0.0390625,38,127,Dave Grohl -Drums-,Drum Kit _ 1,Drum Kit _ 1,28140,20
54.4921875,0.078125,36,127,Dave Grohl -Drums-,Drum Kit _ 1,Drum Kit _ 1,28140,40
54.609375,0.078125,36,127,Dave Grohl -Drums-,Drum Kit _ 1,Drum Kit _ 1,28200,40
54.84375,0.078125,36,102,Dave Grohl -Drums-,Drum Kit _ 1,Drum Kit _ 1,28320,40
54.84375,0.15625,38,102,Dave Grohl -Drums-,Drum Kit _ 1,Drum Kit _ 1,28320,80
55.3125,0.078125,36,127,Dave Grohl -Drums-,Drum Kit _ 1,Drum Kit _ 1,28560,40
55.3125,0.15625,38,102,Dave Grohl -Drums-,Drum Kit _ 1,Drum Kit _ 1,28560,80
55.4296875,0.078125,36,127,Dave Grohl -Drums-,Drum Kit _ 1,Drum Kit _ 1,28620,40
55.546875,0.078125,36,127,Dave Grohl -Drums-,Drum Kit _ 1,Drum Kit _ 1,28680,40
55.78125,0.078125,36,127,Dave Grohl -Drums-,Drum Kit _ 1,Drum Kit _ 1,28800,40
55.78125,0.15625,38,102,Dave Grohl -Drums-,Drum Kit _ 1,Drum Kit _ 1,28800,80
56.015625,0.078125,38,127,Dave Grohl -Drums-,Drum Kit _ 1,Drum Kit _ 1,28920,40
56.015625,0.078125,36,127,Dave Grohl -Drums-,Drum Kit _ 1,Drum Kit _ 1,28920,40
56.25,0.078125,36,102,Dave Grohl -Drums-,Drum Kit _ 1,Drum Kit _ 1,29040,40
56.25,0.078125,38,102,Dave Grohl -Drums-,Drum Kit _ 1,Drum Kit _ 1,29040,40
56.3671875,0.0390625,38,127,Dave Grohl -Drums-,Drum Kit _ 1,Drum Kit _ 1,29100,20
56.3671875,0.078125,36,127,Dave Grohl -Drums-,Drum Kit _ 1,Drum Kit _ 1,29100,40
56.484375,0.078125,36,127,Dave Grohl -Drums-,Drum Kit _ 1,Drum Kit _ 1,29160,40
56.71875,0.078125,36,102,Dave Grohl -Drums-,Drum Kit _ 1,Drum Kit _ 1,29280,40
56.71875,0.15625,38,102,Dave Grohl -Drums-,Drum Kit _ 1,Drum Kit _ 1,29280,80
57.1875,0.078125,36,127,Dave Grohl -Drums-,Drum Kit _ 1,Drum Kit _ 1,29520,40
57.1875,0.15625,38,102,Dave Grohl -Drums-,Drum Kit _ 1,Drum Kit _ 1,29520,80
57.3046875,0.078125,36,127,Dave Grohl -Drums-,Drum Kit _ 1,Drum Kit _ 1,29580,40
57.421875,0.078125,36,127,Dave Grohl -Drums-,Drum Kit _ 1,Drum Kit _ 1,29640,40
57.65625,0.078125,36,127,Dave Grohl -Drums-,Drum Kit _ 1,Drum Kit _ 1,29760,40
57.65625,0.15625,38,102,Dave Grohl -Drums-,Drum Kit _ 1,Drum Kit _ 1,29760,80
57.890625,0.078125,36,127,Dave Grohl -Drums-,Drum Kit _ 1,Drum Kit _ 1,29880,40
58.125,0.078125,36,127,Dave Grohl -Drums-,Drum Kit _ 1,Drum Kit _ 1,30000,40
58.125,0.078125,38,127,Dave Grohl -Drums-,Drum Kit _ 1,Drum Kit _ 1,30000,40
58.2421875,0.078125,38,127,Dave Grohl -Drums-,Drum Kit _ 1,Drum Kit _ 1,30060,40
58.359375,0.078125,36,127,Dave Grohl -Drums-,Drum Kit _ 1,Drum Kit _ 1,30120,40
58.359375,0.078125,38,127,Dave Grohl -Drums-,Drum Kit _ 1,Drum Kit _ 1,30120,40
58.4765625,0.078125,38,127,Dave Grohl -Drums-,Drum Kit _ 1,Drum Kit _ 1,30180,40
58.59375,0.078125,36,127,Dave Grohl -Drums-,Drum Kit _ 1,Drum Kit _ 1,30240,40
58.59375,0.078125,38,127,Dave Grohl -Drums-,Drum Kit _ 1,Drum Kit _ 1,30240,40
58.7109375,0.078125,38,127,Dave Grohl -Drums-,Drum Kit _ 1,Drum Kit _ 1,30300,40
58.828125,0.078125,36,127,Dave Grohl -Drums-,Drum Kit _ 1,Drum Kit _ 1,30360,40
58.828125,0.078125,38,127,Dave Grohl -Drums-,Drum Kit _ 1,Drum Kit _ 1,30360,40
58.9453125,0.078125,38,127,Dave Grohl -Drums-,Drum Kit _ 1,Drum Kit _ 1,30420,40
59.0625,0.078125,36,127,Dave Grohl -Drums-,Drum Kit _ 1,Drum Kit _ 1,30480,40
59.0625,0.078125,38,127,Dave Grohl -Drums-,Drum Kit _ 1,Drum Kit _ 1,30480,40
59.1796875,0.078125,38,127,Dave Grohl -Drums-,Drum Kit _ 1,Drum Kit _ 1,30540,40
59.296875,0.078125,36,127,Dave Grohl -Drums-,Drum Kit _ 1,Drum Kit _ 1,30600,40
59.296875,0.078125,38,127,Dave Grohl -Drums-,Drum Kit _ 1,Drum Kit _ 1,30600,40
59.4140625,0.078125,38,127,Dave Grohl -Drums-,Drum Kit _ 1,Drum Kit _ 1,30660,40
59.53125,0.078125,36,127,Dave Grohl -Drums-,Drum Kit _ 1,Drum Kit _ 1,30720,40
59.53125,0.078125,38,127,Dave Grohl -Drums-,Drum Kit _ 1,Drum Kit _ 1,30720,40
59.765625,0.078125,36,127,Dave Grohl -Drums-,Drum Kit _ 1,Drum Kit _ 1,30840,40
60.0,0.078125,38,127,Dave Grohl -Drums-,Drum Kit _ 1,Drum Kit _ 1,30960,40
60.0,0.078125,36,127,Dave Grohl -Drums-,Drum Kit _ 1,Drum Kit _ 1,30960,40
60.46875,0.078125,38,127,Dave Grohl -Drums-,Drum Kit _ 1,Drum Kit _ 1,31200,40
60.46875,0.078125,36,127,Dave Grohl -Drums-,Drum Kit _ 1,Drum Kit _ 1,31200,40
60.9375,0.078125,38,127,Dave Grohl -Drums-,Drum Kit _ 1,Drum Kit _ 1,31440,40
61.0546875,0.078125,38,127,Dave Grohl -Drums-,Drum Kit _ 1,Drum Kit _ 1,31500,40
61.171875,0.078125,35,127,Dave Grohl -Drums-,Drum Kit _ 1,Drum Kit _ 1,31560,40
61.171875,0.078125,36,127,Dave Grohl -Drums-,Drum Kit _ 1,Drum Kit _ 1,31560,40
61.40625,0.078125,38,127,Dave Grohl -Drums-,Drum Kit _ 1,Drum Kit _ 1,31680,40
61.5234375,0.078125,38,127,Dave Grohl -Drums-,Drum Kit _ 1,Drum Kit _ 1,31740,40
61.640625,0.078125,36,127,Dave Grohl -Drums-,Drum Kit _ 1,Drum Kit _ 1,31800,40
61.640625,0.078125,35,127,Dave Grohl -Drums-,Drum Kit _ 1,Drum Kit _ 1,31800,40
61.875,0.078125,38,127,Dave Grohl -Drums-,Drum Kit _ 1,Drum Kit _ 1,31920,40
61.875,0.078125,36,127,Dave Grohl -Drums-,Drum Kit _ 1,Drum Kit _ 1,31920,40
62.34375,0.078125,38,127,Dave Grohl -Drums-,Drum Kit _ 1,Drum Kit _ 1,32160,40
62.34375,0.078125,36,127,Dave Grohl -Drums-,Drum Kit _ 1,Drum Kit _ 1,32160,40
62.8125,0.078125,38,127,Dave Grohl -Drums-,Drum Kit _ 1,Drum Kit _ 1,32400,40
62.9296875,0.078125,38,127,Dave Grohl -Drums-,Drum Kit _ 1,Drum Kit _ 1,32460,40
63.046875,0.078125,35,127,Dave Grohl -Drums-,Drum Kit _ 1,Drum Kit _ 1,32520,40
63.046875,0.078125,36,127,Dave Grohl -Drums-,Drum Kit _ 1,Drum Kit _ 1,32520,40
63.28125,0.078125,38,127,Dave Grohl -Drums-,Drum Kit _ 1,Drum Kit _ 1,32640,40
63.3984375,0.078125,38,127,Dave Grohl -Drums-,Drum Kit _ 1,Drum Kit _ 1,32700,40
63.515625,0.078125,36,127,Dave Grohl -Drums-,Drum Kit _ 1,Drum Kit _ 1,32760,40
63.515625,0.078125,35,127,Dave Grohl -Drums-,Drum Kit _ 1,Drum Kit _ 1,32760,40
63.75,0.078125,38,127,Dave Grohl -Drums-,Drum Kit _ 1,Drum Kit _ 1,32880,40
63.75,0.078125,36,127,Dave Grohl -Drums-,Drum Kit _ 1,Drum Kit _ 1,32880,40
64.21875,0.078125,38,127,Dave Grohl -Drums-,Drum Kit _ 1,Drum Kit _ 1,33120,40
64.21875,0.078125,36,127,Dave Grohl -Drums-,Drum Kit _ 1,Drum Kit _ 1,33120,40
64.6875,0.078125,38,127,Dave Grohl -Drums-,Drum Kit _ 1,Drum Kit _ 1,33360,40
64.8046875,0.078125,38,127,Dave Grohl -Drums-,Drum Kit _ 1,Drum Kit _ 1,33420,40
64.921875,0.078125,35,127,Dave Grohl -Drums-,Drum Kit _ 1,Drum Kit _ 1,33480,40
64.921875,0.078125,36,127,Dave Grohl -Drums-,Drum Kit _ 1,Drum Kit _ 1,33480,40
65.15625,0.078125,38,127,Dave Grohl -Drums-,Drum Kit _ 1,Drum Kit _ 1,33600,40
65.2734375,0.078125,38,127,Dave Grohl -Drums-,Drum Kit _ 1,Drum Kit _ 1,33660,40
65.390625,0.078125,36,127,Dave Grohl -Drums-,Drum Kit _ 1,Drum Kit _ 1,33720,40
65.390625,0.078125,35,127,Dave Grohl -Drums-,Drum Kit _ 1,Drum Kit _ 1,33720,40
65.625,0.078125,38,127,Dave Grohl -Drums-,Drum Kit _ 1,Drum Kit _ 1,33840,40
65.625,0.078125,36,127,Dave Grohl -Drums-,Drum Kit _ 1,Drum Kit _ 1,33840,40
66.09375,0.078125,38,127,Dave Grohl -Drums-,Drum Kit _ 1,Drum Kit _ 1,34080,40
66.09375,0.078125,36,127,Dave Grohl -Drums-,Drum Kit _ 1,Drum Kit _ 1,34080,40
66.5625,0.078125,38,127,Dave Grohl -Drums-,Drum Kit _ 1,Drum Kit _ 1,34320,40
66.6796875,0.078125,38,127,Dave Grohl -Drums-,Drum Kit _ 1,Drum Kit _ 1,34380,40
66.796875,0.078125,35,127,Dave Grohl -Drums-,Drum Kit _ 1,Drum Kit _ 1,34440,40
66.796875,0.078125,36,127,Dave Grohl -Drums-,Drum Kit _ 1,Drum Kit _ 1,34440,40
67.03125,0.078125,38,127,Dave Grohl -Drums-,Drum Kit _ 1,Drum Kit _ 1,34560,40
67.1484375,0.078125,38,127,Dave Grohl -Drums-,Drum Kit _ 1,Drum Kit _ 1,34620,40
67.265625,0.078125,36,127,Dave Grohl -Drums-,Drum Kit _ 1,Drum Kit _ 1,34680,40
67.265625,0.078125,35,127,Dave Grohl -Drums-,Drum Kit _ 1,Drum Kit _ 1,34680,40
67.5,0.078125,38,127,Dave Grohl -Drums-,Drum Kit _ 1,Drum Kit _ 1,34800,40
67.5,0.078125,36,127,Dave Grohl -Drums-,Drum Kit _ 1,Drum Kit _ 1,34800,40
67.96875,0.078125,38,127,Dave Grohl -Drums-,Drum Kit _ 1,Drum Kit _ 1,35040,40
67.96875,0.078125,36,127,Dave Grohl -Drums-,Drum Kit _ 1,Drum Kit _ 1,35040,40
68.4375,0.078125,38,127,Dave Grohl -Drums-,Drum Kit _ 1,Drum Kit _ 1,35280,40
68.5546875,0.078125,38,127,Dave Grohl -Drums-,Drum Kit _ 1,Drum Kit _ 1,35340,40
68.671875,0.078125,35,127,Dave Grohl -Drums-,Drum Kit _ 1,Drum Kit _ 1,35400,40
68.671875,0.078125,36,127,Dave Grohl -Drums-,Drum Kit _ 1,Drum Kit _ 1,35400,40
68.90625,0.078125,38,127,Dave Grohl -Drums-,Drum Kit _ 1,Drum Kit _ 1,35520,40
69.0234375,0.078125,38,127,Dave Grohl -Drums-,Drum Kit _ 1,Drum Kit _ 1,35580,40
69.140625,0.078125,36,127,Dave Grohl -Drums-,Drum Kit _ 1,Drum Kit _ 1,35640,40
69.140625,0.078125,35,127,Dave Grohl -Drums-,Drum Kit _ 1,Drum Kit _ 1,35640,40
69.375,0.078125,38,127,Dave Grohl -Drums-,Drum Kit _ 1,Drum Kit _ 1,35760,40
69.375,0.078125,36,127,Dave Grohl -Drums-,Drum Kit _ 1,Drum Kit _ 1,35760,40
69.84375,0.078125,38,127,Dave Grohl -Drums-,Drum Kit _ 1,Drum Kit _ 1,36000,40
69.84375,0.078125,36,127,Dave Grohl -Drums-,Drum Kit _ 1,Drum Kit _ 1,36000,40
70.3125,0.078125,38,127,Dave Grohl -Drums-,Drum Kit _ 1,Drum Kit _ 1,36240,40
70.4296875,0.078125,38,127,Dave Grohl -Drums-,Drum Kit _ 1,Drum Kit _ 1,36300,40
70.546875,0.078125,35,127,Dave Grohl -Drums-,Drum Kit _ 1,Drum Kit _ 1,36360,40
70.546875,0.078125,36,127,Dave Grohl -Drums-,Drum Kit _ 1,Drum Kit _ 1,36360,40
70.78125,0.078125,38,127,Dave Grohl -Drums-,Drum Kit _ 1,Drum Kit _ 1,36480,40
70.8984375,0.078125,38,127,Dave Grohl -Drums-,Drum Kit _ 1,Drum Kit _ 1,36540,40
71.015625,0.078125,36,127,Dave Grohl -Drums-,Drum Kit _ 1,Drum Kit _ 1,36600,40
71.015625,0.078125,35,127,Dave Grohl -Drums-,Drum Kit _ 1,Drum Kit _ 1,36600,40
71.25,0.078125,38,127,Dave Grohl -Drums-,Drum Kit _ 1,Drum Kit _ 1,36720,40
71.25,0.078125,36,127,Dave Grohl -Drums-,Drum Kit _ 1,Drum Kit _ 1,36720,40
71.71875,0.078125,38,127,Dave Grohl -Drums-,Drum Kit _ 1,Drum Kit _ 1,36960,40
71.71875,0.078125,36,127,Dave Grohl -Drums-,Drum Kit _ 1,Drum Kit _ 1,36960,40
72.1875,0.078125,38,127,Dave Grohl -Drums-,Drum Kit _ 1,Drum Kit _ 1,37200,40
72.3046875,0.078125,38,127,Dave Grohl -Drums-,Drum Kit _ 1,Drum Kit _ 1,37260,40
72.421875,0.078125,35,127,Dave Grohl -Drums-,Drum Kit _ 1,Drum Kit _ 1,37320,40
72.421875,0.078125,36,127,Dave Grohl -Drums-,Drum Kit _ 1,Drum Kit _ 1,37320,40
72.65625,0.078125,38,127,Dave Grohl -Drums-,Drum Kit _ 1,Drum Kit _ 1,37440,40
72.7734375,0.078125,38,127,Dave Grohl -Drums-,Drum Kit _ 1,Drum Kit _ 1,37500,40
72.890625,0.078125,36,127,Dave Grohl -Drums-,Drum Kit _ 1,Drum Kit _ 1,37560,40
72.890625,0.078125,35,127,Dave Grohl -Drums-,Drum Kit _ 1,Drum Kit _ 1,37560,40
73.125,0.078125,38,127,Dave Grohl -Drums-,Drum Kit _ 1,Drum Kit _ 1,37680,40
73.125,0.078125,36,127,Dave Grohl -Drums-,Drum Kit _ 1,Drum Kit _ 1,37680,40
73.59375,0.078125,38,127,Dave Grohl -Drums-,Drum Kit _ 1,Drum Kit _ 1,37920,40
73.59375,0.078125,36,127,Dave Grohl -Drums-,Drum Kit _ 1,Drum Kit _ 1,37920,40
74.0625,0.078125,38,127,Dave Grohl -Drums-,Drum Kit _ 1,Drum Kit _ 1,38160,40
74.1796875,0.078125,38,127,Dave Grohl -Drums-,Drum Kit _ 1,Drum Kit _ 1,38220,40
74.296875,0.078125,35,127,Dave Grohl -Drums-,Drum Kit _ 1,Drum Kit _ 1,38280,40
74.296875,0.078125,36,127,Dave Grohl -Drums-,Drum Kit _ 1,Drum Kit _ 1,38280,40
74.53125,0.078125,38,127,Dave Grohl -Drums-,Drum Kit _ 1,Drum Kit _ 1,38400,40
74.6484375,0.078125,38,127,Dave Grohl -Drums-,Drum Kit _ 1,Drum Kit _ 1,38460,40
74.765625,0.078125,36,127,Dave Grohl -Drums-,Drum Kit _ 1,Drum Kit _ 1,38520,40
74.765625,0.078125,35,127,Dave Grohl -Drums-,Drum Kit _ 1,Drum Kit _ 1,38520,40
75.0,0.078125,36,127,Dave Grohl -Drums-,Drum Kit _ 1,Drum Kit _ 1,38640,40
75.0,0.078125,38,127,Dave Grohl -Drums-,Drum Kit _ 1,Drum Kit _ 1,38640,40
75.46875,0.078125,36,127,Dave Grohl -Drums-,Drum Kit _ 1,Drum Kit _ 1,38880,40
75.46875,0.078125,38,127,Dave Grohl -Drums-,Drum Kit _ 1,Drum Kit _ 1,38880,40
75.703125,0.078125,36,127,Dave Grohl -Drums-,Drum Kit _ 1,Drum Kit _ 1,39000,40
75.9375,0.078125,36,127,Dave Grohl -Drums-,Drum Kit _ 1,Drum Kit _ 1,39120,40
75.9375,0.078125,38,127,Dave Grohl -Drums-,Drum Kit _ 1,Drum Kit _ 1,39120,40
76.171875,0.078125,36,127,Dave Grohl -Drums-,Drum Kit _ 1,Drum Kit _ 1,39240,40
76.171875,0.078125,38,127,Dave Grohl -Drums-,Drum Kit _ 1,Drum Kit _ 1,39240,40
76.171875,0.078125,41,127,Dave Grohl -Drums-,Drum Kit _ 1,Drum Kit _ 1,39240,40
76.875,0.078125,36,127,Dave Grohl -Drums-,Drum Kit _ 1,Drum Kit _ 1,39600,40
76.875,0.078125,38,127,Dave Grohl -Drums-,Drum Kit _ 1,Drum Kit _ 1,39600,40
77.34375,0.078125,36,127,Dave Grohl -Drums-,Drum Kit _ 1,Drum Kit _ 1,39840,40
77.34375,0.078125,38,127,Dave Grohl -Drums-,Drum Kit _ 1,Drum Kit _ 1,39840,40
77.578125,0.078125,36,127,Dave Grohl -Drums-,Drum Kit _ 1,Drum Kit _ 1,39960,40
77.8125,0.078125,36,127,Dave Grohl -Drums-,Drum Kit _ 1,Drum Kit _ 1,40080,40
77.8125,0.078125,38,127,Dave Grohl -Drums-,Drum Kit _ 1,Drum Kit _ 1,40080,40
78.046875,0.078125,36,127,Dave Grohl -Drums-,Drum Kit _ 1,Drum Kit _ 1,40200,40
78.046875,0.078125,38,127,Dave Grohl -Drums-,Drum Kit _ 1,Drum Kit _ 1,40200,40
78.046875,0.078125,41,127,Dave Grohl -Drums-,Drum Kit _ 1,Drum Kit _ 1,40200,40
78.28125,0.078125,36,127,Dave Grohl -Drums-,Drum Kit _ 1,Drum Kit _ 1,40320,40
78.28125,0.078125,38,127,Dave Grohl -Drums-,Drum Kit _ 1,Drum Kit _ 1,40320,40
78.3984375,0.078125,36,127,Dave Grohl -Drums-,Drum Kit _ 1,Drum Kit _ 1,40380,40
78.3984375,0.078125,38,127,Dave Grohl -Drums-,Drum Kit _ 1,Drum Kit _ 1,40380,40
78.515625,0.078125,36,127,Dave Grohl -Drums-,Drum Kit _ 1,Drum Kit _ 1,40440,40
78.515625,0.078125,38,127,Dave Grohl -Drums-,Drum Kit _ 1,Drum Kit _ 1,40440,40
78.75,0.078125,36,127,Dave Grohl -Drums-,Drum Kit _ 1,Drum Kit _ 1,40560,40
78.75,0.078125,38,127,Dave Grohl -Drums-,Drum Kit _ 1,Drum Kit _ 1,40560,40
79.21875,0.078125,36,127,Dave Grohl -Drums-,Drum Kit _ 1,Drum Kit _ 1,40800,40
79.21875,0.078125,38,127,Dave Grohl -Drums-,Drum Kit _ 1,Drum Kit _ 1,40800,40
79.453125,0.078125,36,127,Dave Grohl -Drums-,Drum Kit _ 1,Drum Kit _ 1,40920,40
79.6875,0.078125,36,127,Dave Grohl -Drums-,Drum Kit _ 1,Drum Kit _ 1,41040,40
79.6875,0.078125,38,127,Dave Grohl -Drums-,Drum Kit _ 1,Drum Kit _ 1,41040,40
79.921875,0.078125,36,127,Dave Grohl -Drums-,Drum Kit _ 1,Drum Kit _ 1,41160,40
79.921875,0.078125,38,127,Dave Grohl -Drums-,Drum Kit _ 1,Drum Kit _ 1,41160,40
79.921875,0.078125,41,127,Dave Grohl -Drums-,Drum Kit _ 1,Drum Kit _ 1,41160,40
80.625,0.078125,36,127,Dave Grohl -Drums-,Drum Kit _ 1,Drum Kit _ 1,41520,40
80.625,0.078125,38,127,Dave Grohl -Drums-,Drum Kit _ 1,Drum Kit _ 1,41520,40
81.09375,0.078125,36,127,Dave Grohl -Drums-,Drum Kit _ 1,Drum Kit _ 1,41760,40
81.09375,0.078125,38,127,Dave Grohl -Drums-,Drum Kit _ 1,Drum Kit _ 1,41760,40
81.328125,0.078125,36,127,Dave Grohl -Drums-,Drum Kit _ 1,Drum Kit _ 1,41880,40
81.5625,0.078125,36,127,Dave Grohl -Drums-,Drum Kit _ 1,Drum Kit _ 1,42000,40
81.5625,0.078125,38,127,Dave Grohl -Drums-,Drum Kit _ 1,Drum Kit _ 1,42000,40
81.796875,0.078125,36,127,Dave Grohl -Drums-,Drum Kit _ 1,Drum Kit _ 1,42120,40
81.796875,0.078125,38,127,Dave Grohl -Drums-,Drum Kit _ 1,Drum Kit _ 1,42120,40
81.796875,0.078125,41,127,Dave Grohl -Drums-,Drum Kit _ 1,Drum Kit _ 1,42120,40
82.03125,0.078125,36,127,Dave Grohl -Drums-,Drum Kit _ 1,Drum Kit _ 1,42240,40
82.03125,0.078125,38,127,Dave Grohl -Drums-,Drum Kit _ 1,Drum Kit _ 1,42240,40
82.1484375,0.078125,36,127,Dave Grohl -Drums-,Drum Kit _ 1,Drum Kit _ 1,42300,40
82.1484375,0.078125,38,127,Dave Grohl -Drums-,Drum Kit _ 1,Drum Kit _ 1,42300,40
82.265625,0.078125,36,127,Dave Grohl -Drums-,Drum Kit _ 1,Drum Kit _ 1,42360,40
82.265625,0.078125,38,127,Dave Grohl -Drums-,Drum Kit _ 1,Drum Kit _ 1,42360,40
82.5,0.078125,36,127,Dave Grohl -Drums-,Drum Kit _ 1,Drum Kit _ 1,42480,40
82.734375,0.078125,36,127,Dave Grohl -Drums-,Drum Kit _ 1,Drum Kit _ 1,42600,40
82.96875,0.078125,38,127,Dave Grohl -Drums-,Drum Kit _ 1,Drum Kit _ 1,42720,40
83.4375,0.078125,36,127,Dave Grohl -Drums-,Drum Kit _ 1,Drum Kit _ 1,42960,40
83.671875,0.078125,36,127,Dave Grohl -Drums-,Drum Kit _ 1,Drum Kit _ 1,43080,40
83.90625,0.078125,38,127,Dave Grohl -Drums-,Drum Kit _ 1,Drum Kit _ 1,43200,40
84.375,0.078125,36,127,Dave Grohl -Drums-,Drum Kit _ 1,Drum Kit _ 1,43440,40
84.609375,0.078125,36,127,Dave Grohl -Drums-,Drum Kit _ 1,Drum Kit _ 1,43560,40
84.84375,0.078125,38,127,Dave Grohl -Drums-,Drum Kit _ 1,Drum Kit _ 1,43680,40
85.3125,0.078125,36,127,Dave Grohl -Drums-,Drum Kit _ 1,Drum Kit _ 1,43920,40
85.546875,0.078125,36,127,Dave Grohl -Drums-,Drum Kit _ 1,Drum Kit _ 1,44040,40
85.78125,0.078125,38,127,Dave Grohl -Drums-,Drum Kit _ 1,Drum Kit _ 1,44160,40
86.25,0.078125,36,127,Dave Grohl -Drums-,Drum Kit _ 1,Drum Kit _ 1,44400,40
86.484375,0.078125,36,127,Dave Grohl -Drums-,Drum Kit _ 1,Drum Kit _ 1,44520,40
86.71875,0.078125,38,127,Dave Grohl -Drums-,Drum Kit _ 1,Drum Kit _ 1,44640,40
87.1875,0.078125,36,127,Dave Grohl -Drums-,Drum Kit _ 1,Drum Kit _ 1,44880,40
87.421875,0.078125,36,127,Dave Grohl -Drums-,Drum Kit _ 1,Drum Kit _ 1,45000,40
87.65625,0.078125,38,127,Dave Grohl -Drums-,Drum Kit _ 1,Drum Kit _ 1,45120,40
88.125,0.078125,36,127,Dave Grohl -Drums-,Drum Kit _ 1,Drum Kit _ 1,45360,40
88.359375,0.078125,36,127,Dave Grohl -Drums-,Drum Kit _ 1,Drum Kit _ 1,45480,40
88.59375,0.078125,38,127,Dave Grohl -Drums-,Drum Kit _ 1,Drum Kit _ 1,45600,40
89.0625,0.078125,36,127,Dave Grohl -Drums-,Drum Kit _ 1,Drum Kit _ 1,45840,40
89.296875,0.078125,36,127,Dave Grohl -Drums-,Drum Kit _ 1,Drum Kit _ 1,45960,40
89.53125,0.078125,38,127,Dave Grohl -Drums-,Drum Kit _ 1,Drum Kit _ 1,46080,40
90.0,0.078125,36,127,Dave Grohl -Drums-,Drum Kit _ 1,Drum Kit _ 1,46320,40
90.234375,0.078125,36,127,Dave Grohl -Drums-,Drum Kit _ 1,Drum Kit _ 1,46440,40
90.46875,0.078125,38,127,Dave Grohl -Drums-,Drum Kit _ 1,Drum Kit _ 1,46560,40
90.9375,0.078125,36,127,Dave Grohl -Drums-,Drum Kit _ 1,Drum Kit _ 1,46800,40
91.171875,0.078125,36,127,Dave Grohl -Drums-,Drum Kit _ 1,Drum Kit _ 1,46920,40
91.40625,0.078125,38,127,Dave Grohl -Drums-,Drum Kit _ 1,Drum Kit _ 1,47040,40
91.875,0.078125,36,127,Dave Grohl -Drums-,Drum Kit _ 1,Drum Kit _ 1,47280,40
92.109375,0.078125,36,127,Dave Grohl -Drums-,Drum Kit _ 1,Drum Kit _ 1,47400,40
92.34375,0.078125,38,127,Dave Grohl -Drums-,Drum Kit _ 1,Drum Kit _ 1,47520,40
92.8125,0.078125,36,127,Dave Grohl -Drums-,Drum Kit _ 1,Drum Kit _ 1,47760,40
93.046875,0.078125,36,127,Dave Grohl -Drums-,Drum Kit _ 1,Drum Kit _ 1,47880,40
93.28125,0.078125,38,127,Dave Grohl -Drums-,Drum Kit _ 1,Drum Kit _ 1,48000,40
93.75,0.078125,36,127,Dave Grohl -Drums-,Drum Kit _ 1,Drum Kit _ 1,48240,40
93.984375,0.078125,36,127,Dave Grohl -Drums-,Drum Kit _ 1,Drum Kit _ 1,48360,40
94.21875,0.078125,38,127,Dave Grohl -Drums-,Drum Kit _ 1,Drum Kit _ 1,48480,40
94.6875,0.078125,36,127,Dave Grohl -Drums-,Drum Kit _ 1,Drum Kit _ 1,48720,40
94.921875,0.078125,36,127,Dave Grohl -Drums-,Drum Kit _ 1,Drum Kit _ 1,48840,40
95.15625,0.078125,38,127,Dave Grohl -Drums-,Drum Kit _ 1,Drum Kit _ 1,48960,40
95.625,0.078125,36,127,Dave Grohl -Drums-,Drum Kit _ 1,Drum Kit _ 1,49200,40
95.859375,0.078125,36,127,Dave Grohl -Drums-,Drum Kit _ 1,Drum Kit _ 1,49320,40
96.09375,0.078125,38,127,Dave Grohl -Drums-,Drum Kit _ 1,Drum Kit _ 1,49440,40
96.5625,0.078125,36,127,Dave Grohl -Drums-,Drum Kit _ 1,Drum Kit _ 1,49680,40
96.796875,0.078125,36,127,Dave Grohl -Drums-,Drum Kit _ 1,Drum Kit _ 1,49800,40
97.03125,0.078125,38,127,Dave Grohl -Drums-,Drum Kit _ 1,Drum Kit _ 1,49920,40
97.5,0.078125,36,127,Dave Grohl -Drums-,Drum Kit _ 1,Drum Kit _ 1,50160,40
97.734375,0.078125,36,127,Dave Grohl -Drums-,Drum Kit _ 1,Drum Kit _ 1,50280,40
97.96875,0.078125,38,127,Dave Grohl -Drums-,Drum Kit _ 1,Drum Kit _ 1,50400,40
98.4375,0.078125,36,127,Dave Grohl -Drums-,Drum Kit _ 1,Drum Kit _ 1,50640,40
98.671875,0.078125,36,127,Dave Grohl -Drums-,Drum Kit _ 1,Drum Kit _ 1,50760,40
98.90625,0.078125,38,127,Dave Grohl -Drums-,Drum Kit _ 1,Drum Kit _ 1,50880,40
99.375,0.078125,36,127,Dave Grohl -Drums-,Drum Kit _ 1,Drum Kit _ 1,51120,40
99.609375,0.078125,36,127,Dave Grohl -Drums-,Drum Kit _ 1,Drum Kit _ 1,51240,40
99.84375,0.078125,38,127,Dave Grohl -Drums-,Drum Kit _ 1,Drum Kit _ 1,51360,40
100.3125,0.078125,36,127,Dave Grohl -Drums-,Drum Kit _ 1,Drum Kit _ 1,51600,40
100.546875,0.078125,36,127,Dave Grohl -Drums-,Drum Kit _ 1,Drum Kit _ 1,51720,40
100.78125,0.078125,38,127,Dave Grohl -Drums-,Drum Kit _ 1,Drum Kit _ 1,51840,40
101.25,0.078125,36,127,Dave Grohl -Drums-,Drum Kit _ 1,Drum Kit _ 1,52080,40
101.484375,0.078125,36,127,Dave Grohl -Drums-,Drum Kit _ 1,Drum Kit _ 1,52200,40
101.71875,0.078125,38,127,Dave Grohl -Drums-,Drum Kit _ 1,Drum Kit _ 1,52320,40
102.1875,0.078125,36,127,Dave Grohl -Drums-,Drum Kit _ 1,Drum Kit _ 1,52560,40
102.421875,0.078125,36,127,Dave Grohl -Drums-,Drum Kit _ 1,Drum Kit _ 1,52680,40
102.65625,0.078125,38,127,Dave Grohl -Drums-,Drum Kit _ 1,Drum Kit _ 1,52800,40
103.125,0.078125,36,127,Dave Grohl -Drums-,Drum Kit _ 1,Drum Kit _ 1,53040,40
103.359375,0.078125,36,127,Dave Grohl -Drums-,Drum Kit _ 1,Drum Kit _ 1,53160,40
103.59375,0.078125,38,127,Dave Grohl -Drums-,Drum Kit _ 1,Drum Kit _ 1,53280,40
104.0625,0.078125,36,127,Dave Grohl -Drums-,Drum Kit _ 1,Drum Kit _ 1,53520,40
104.296875,0.078125,36,127,Dave Grohl -Drums-,Drum Kit _ 1,Drum Kit _ 1,53640,40
104.53125,0.078125,38,127,Dave Grohl -Drums-,Drum Kit _ 1,Drum Kit _ 1,53760,40
104.765625,0.078125,38,127,Dave Grohl -Drums-,Drum Kit _ 1,Drum Kit _ 1,53880,40
105.0,0.078125,36,102,Dave Grohl -Drums-,Drum Kit _ 1,Drum Kit _ 1,54000,40
105.0,0.078125,38,102,Dave Grohl -Drums-,Drum Kit _ 1,Drum Kit _ 1,54000,40
105.1171875,0.0390625,38,127,Dave Grohl -Drums-,Drum Kit _ 1,Drum Kit _ 1,54060,20
105.1171875,0.078125,36,127,Dave Grohl -Drums-,Drum Kit _ 1,Drum Kit _ 1,54060,40
105.234375,0.078125,36,127,Dave Grohl -Drums-,Drum Kit _ 1,Drum Kit _ 1,54120,40
105.46875,0.078125,36,102,Dave Grohl -Drums-,Drum Kit _ 1,Drum Kit _ 1,54240,40
105.46875,0.15625,38,102,Dave Grohl -Drums-,Drum Kit _ 1,Drum Kit _ 1,54240,80
105.9375,0.078125,36,127,Dave Grohl -Drums-,Drum Kit _ 1,Drum Kit _ 1,54480,40
105.9375,0.15625,38,102,Dave Grohl -Drums-,Drum Kit _ 1,Drum Kit _ 1,54480,80
106.0546875,0.078125,36,127,Dave Grohl -Drums-,Drum Kit _ 1,Drum Kit _ 1,54540,40
106.171875,0.078125,36,127,Dave Grohl -Drums-,Drum Kit _ 1,Drum Kit _ 1,54600,40
106.40625,0.078125,36,127,Dave Grohl -Drums-,Drum Kit _ 1,Drum Kit _ 1,54720,40
106.40625,0.15625,38,102,Dave Grohl -Drums-,Drum Kit _ 1,Drum Kit _ 1,54720,80
106.640625,0.078125,36,127,Dave Grohl -Drums-,Drum Kit _ 1,Drum Kit _ 1,54840,40
106.875,0.078125,36,102,Dave Grohl -Drums-,Drum Kit _ 1,Drum Kit _ 1,54960,40
106.875,0.078125,38,102,Dave Grohl -Drums-,Drum Kit _ 1,Drum Kit _ 1,54960,40
106.9921875,0.0390625,38,127,Dave Grohl -Drums-,Drum Kit _ 1,Drum Kit _ 1,55020,20
106.9921875,0.078125,36,127,Dave Grohl -Drums-,Drum Kit _ 1,Drum Kit _ 1,55020,40
107.109375,0.078125,36,127,Dave Grohl -Drums-,Drum Kit _ 1,Drum Kit _ 1,55080,40
107.34375,0.078125,36,102,Dave Grohl -Drums-,Drum Kit _ 1,Drum Kit _ 1,55200,40
107.34375,0.15625,38,102,Dave Grohl -Drums-,Drum Kit _ 1,Drum Kit _ 1,55200,80
107.8125,0.078125,36,127,Dave Grohl -Drums-,Drum Kit _ 1,Drum Kit _ 1,55440,40
107.8125,0.15625,38,102,Dave Grohl -Drums-,Drum Kit _ 1,Drum Kit _ 1,55440,80
107.9296875,0.078125,36,127,Dave Grohl -Drums-,Drum Kit _ 1,Drum Kit _ 1,55500,40
108.046875,0.078125,36,127,Dave Grohl -Drums-,Drum Kit _ 1,Drum Kit _ 1,55560,40
108.28125,0.078125,36,127,Dave Grohl -Drums-,Drum Kit _ 1,Drum Kit _ 1,55680,40
108.28125,0.15625,38,102,Dave Grohl -Drums-,Drum Kit _ 1,Drum Kit _ 1,55680,80
108.515625,0.078125,38,127,Dave Grohl -Drums-,Drum Kit _ 1,Drum Kit _ 1,55800,40
108.515625,0.078125,36,127,Dave Grohl -Drums-,Drum Kit _ 1,Drum Kit _ 1,55800,40
108.75,0.078125,36,102,Dave Grohl -Drums-,Drum Kit _ 1,Drum Kit _ 1,55920,40
108.75,0.078125,38,102,Dave Grohl -Drums-,Drum Kit _ 1,Drum Kit _ 1,55920,40
108.8671875,0.0390625,38,127,Dave Grohl -Drums-,Drum Kit _ 1,Drum Kit _ 1,55980,20
108.8671875,0.078125,36,127,Dave Grohl -Drums-,Drum Kit _ 1,Drum Kit _ 1,55980,40
108.984375,0.078125,36,127,Dave Grohl -Drums-,Drum Kit _ 1,Drum Kit _ 1,56040,40
109.21875,0.078125,36,102,Dave Grohl -Drums-,Drum Kit _ 1,Drum Kit _ 1,56160,40
109.21875,0.15625,38,102,Dave Grohl -Drums-,Drum Kit _ 1,Drum Kit _ 1,56160,80
109.6875,0.078125,36,127,Dave Grohl -Drums-,Drum Kit _ 1,Drum Kit _ 1,56400,40
109.6875,0.15625,38,102,Dave Grohl -Drums-,Drum Kit _ 1,Drum Kit _ 1,56400,80
109.8046875,0.078125,36,127,Dave Grohl -Drums-,Drum Kit _ 1,Drum Kit _ 1,56460,40
109.921875,0.078125,36,127,Dave Grohl -Drums-,Drum Kit _ 1,Drum Kit _ 1,56520,40
110.15625,0.078125,36,127,Dave Grohl -Drums-,Drum Kit _ 1,Drum Kit _ 1,56640,40
110.15625,0.15625,38,102,Dave Grohl -Drums-,Drum Kit _ 1,Drum Kit _ 1,56640,80
110.390625,0.078125,36,127,Dave Grohl -Drums-,Drum Kit _ 1,Drum Kit _ 1,56760,40
110.625,0.078125,36,102,Dave Grohl -Drums-,Drum Kit _ 1,Drum Kit _ 1,56880,40
110.625,0.078125,38,102,Dave Grohl -Drums-,Drum Kit _ 1,Drum Kit _ 1,56880,40
110.7421875,0.0390625,38,127,Dave Grohl -Drums-,Drum Kit _ 1,Drum Kit _ 1,56940,20
110.7421875,0.078125,36,127,Dave Grohl -Drums-,Drum Kit _ 1,Drum Kit _ 1,56940,40
110.859375,0.078125,36,127,Dave Grohl -Drums-,Drum Kit _ 1,Drum Kit _ 1,57000,40
111.09375,0.078125,36,102,Dave Grohl -Drums-,Drum Kit _ 1,Drum Kit _ 1,57120,40
111.09375,0.15625,38,102,Dave Grohl -Drums-,Drum Kit _ 1,Drum Kit _ 1,57120,80
111.5625,0.078125,36,127,Dave Grohl -Drums-,Drum Kit _ 1,Drum Kit _ 1,57360,40
111.5625,0.15625,38,102,Dave Grohl -Drums-,Drum Kit _ 1,Drum Kit _ 1,57360,80
111.6796875,0.078125,36,127,Dave Grohl -Drums-,Drum Kit _ 1,Drum Kit _ 1,57420,40
111.796875,0.078125,36,127,Dave Grohl -Drums-,Drum Kit _ 1,Drum Kit _ 1,57480,40
112.03125,0.078125,36,127,Dave Grohl -Drums-,Drum Kit _ 1,Drum Kit _ 1,57600,40
112.03125,0.15625,38,102,Dave Grohl -Drums-,Drum Kit _ 1,Drum Kit _ 1,57600,80
112.265625,0.078125,38,127,Dave Grohl -Drums-,Drum Kit _ 1,Drum Kit _ 1,57720,40
112.265625,0.078125,36,127,Dave Grohl -Drums-,Drum Kit _ 1,Drum Kit _ 1,57720,40
112.5,0.078125,36,102,Dave Grohl -Drums-,Drum Kit _ 1,Drum Kit _ 1,57840,40
112.5,0.078125,38,102,Dave Grohl -Drums-,Drum Kit _ 1,Drum Kit _ 1,57840,40
112.6171875,0.0390625,38,127,Dave Grohl -Drums-,Drum Kit _ 1,Drum Kit _ 1,57900,20
112.6171875,0.078125,36,127,Dave Grohl -Drums-,Drum Kit _ 1,Drum Kit _ 1,57900,40
112.734375,0.078125,36,127,Dave Grohl -Drums-,Drum Kit _ 1,Drum Kit _ 1,57960,40
112.96875,0.078125,36,102,Dave Grohl -Drums-,Drum Kit _ 1,Drum Kit _ 1,58080,40
112.96875,0.15625,38,102,Dave Grohl -Drums-,Drum Kit _ 1,Drum Kit _ 1,58080,80
113.4375,0.078125,36,127,Dave Grohl -Drums-,Drum Kit _ 1,Drum Kit _ 1,58320,40
113.4375,0.15625,38,102,Dave Grohl -Drums-,Drum Kit _ 1,Drum Kit _ 1,58320,80
113.5546875,0.078125,36,127,Dave Grohl -Drums-,Drum Kit _ 1,Drum Kit _ 1,58380,40
113.671875,0.078125,36,127,Dave Grohl -Drums-,Drum Kit _ 1,Drum Kit _ 1,58440,40
113.90625,0.078125,36,127,Dave Grohl -Drums-,Drum Kit _ 1,Drum Kit _ 1,58560,40
113.90625,0.15625,38,102,Dave Grohl -Drums-,Drum Kit _ 1,Drum Kit _ 1,58560,80
114.140625,0.078125,36,127,Dave Grohl -Drums-,Drum Kit _ 1,Drum Kit _ 1,58680,40
114.375,0.078125,36,102,Dave Grohl -Drums-,Drum Kit _ 1,Drum Kit _ 1,58800,40
114.375,0.078125,38,102,Dave Grohl -Drums-,Drum Kit _ 1,Drum Kit _ 1,58800,40
114.4921875,0.0390625,38,127,Dave Grohl -Drums-,Drum Kit _ 1,Drum Kit _ 1,58860,20
114.4921875,0.078125,36,127,Dave Grohl -Drums-,Drum Kit _ 1,Drum Kit _ 1,58860,40
114.609375,0.078125,36,127,Dave Grohl -Drums-,Drum Kit _ 1,Drum Kit _ 1,58920,40
114.84375,0.078125,36,102,Dave Grohl -Drums-,Drum Kit _ 1,Drum Kit _ 1,59040,40
114.84375,0.15625,38,102,Dave Grohl -Drums-,Drum Kit _ 1,Drum Kit _ 1,59040,80
115.3125,0.078125,36,127,Dave Grohl -Drums-,Drum Kit _ 1,Drum Kit _ 1,59280,40
115.3125,0.15625,38,102,Dave Grohl -Drums-,Drum Kit _ 1,Drum Kit _ 1,59280,80
115.4296875,0.078125,36,127,Dave Grohl -Drums-,Drum Kit _ 1,Drum Kit _ 1,59340,40
115.546875,0.078125,36,127,Dave Grohl -Drums-,Drum Kit _ 1,Drum Kit _ 1,59400,40
115.78125,0.078125,36,127,Dave Grohl -Drums-,Drum Kit _ 1,Drum Kit _ 1,59520,40
115.78125,0.15625,38,102,Dave Grohl -Drums-,Drum Kit _ 1,Drum Kit _ 1,59520,80
116.015625,0.078125,38,127,Dave Grohl -Drums-,Drum Kit _ 1,Drum Kit _ 1,59640,40
116.015625,0.078125,36,127,Dave Grohl -Drums-,Drum Kit _ 1,Drum Kit _ 1,59640,40
116.25,0.078125,36,102,Dave Grohl -Drums-,Drum Kit _ 1,Drum Kit _ 1,59760,40
116.25,0.078125,38,102,Dave Grohl -Drums-,Drum Kit _ 1,Drum Kit _ 1,59760,40
116.3671875,0.0390625,38,127,Dave Grohl -Drums-,Drum Kit _ 1,Drum Kit _ 1,59820,20
116.3671875,0.078125,36,127,Dave Grohl -Drums-,Drum Kit _ 1,Drum Kit _ 1,59820,40
116.484375,0.078125,36,127,Dave Grohl -Drums-,Drum Kit _ 1,Drum Kit _ 1,59880,40
116.71875,0.078125,36,102,Dave Grohl -Drums-,Drum Kit _ 1,Drum Kit _ 1,60000,40
116.71875,0.15625,38,102,Dave Grohl -Drums-,Drum Kit _ 1,Drum Kit _ 1,60000,80
117.1875,0.078125,36,127,Dave Grohl -Drums-,Drum Kit _ 1,Drum Kit _ 1,60240,40
117.1875,0.15625,38,102,Dave Grohl -Drums-,Drum Kit _ 1,Drum Kit _ 1,60240,80
117.3046875,0.078125,36,127,Dave Grohl -Drums-,Drum Kit _ 1,Drum Kit _ 1,60300,40
117.421875,0.078125,36,127,Dave Grohl -Drums-,Drum Kit _ 1,Drum Kit _ 1,60360,40
117.65625,0.078125,36,127,Dave Grohl -Drums-,Drum Kit _ 1,Drum Kit _ 1,60480,40
117.65625,0.15625,38,102,Dave Grohl -Drums-,Drum Kit _ 1,Drum Kit _ 1,60480,80
117.890625,0.078125,36,127,Dave Grohl -Drums-,Drum Kit _ 1,Drum Kit _ 1,60600,40
118.125,0.078125,36,127,Dave Grohl -Drums-,Drum Kit _ 1,Drum Kit _ 1,60720,40
118.125,0.078125,38,127,Dave Grohl -Drums-,Drum Kit _ 1,Drum Kit _ 1,60720,40
118.2421875,0.078125,38,127,Dave Grohl -Drums-,Drum Kit _ 1,Drum Kit _ 1,60780,40
118.359375,0.078125,36,127,Dave Grohl -Drums-,Drum Kit _ 1,Drum Kit _ 1,60840,40
118.359375,0.078125,38,127,Dave Grohl -Drums-,Drum Kit _ 1,Drum Kit _ 1,60840,40
118.4765625,0.078125,38,127,Dave Grohl -Drums-,Drum Kit _ 1,Drum Kit _ 1,60900,40
118.59375,0.078125,36,127,Dave Grohl -Drums-,Drum Kit _ 1,Drum Kit _ 1,60960,40
118.59375,0.078125,38,127,Dave Grohl -Drums-,Drum Kit _ 1,Drum Kit _ 1,60960,40
118.7109375,0.078125,38,127,Dave Grohl -Drums-,Drum Kit _ 1,Drum Kit _ 1,61020,40
118.828125,0.078125,36,127,Dave Grohl -Drums-,Drum Kit _ 1,Drum Kit _ 1,61080,40
118.828125,0.078125,38,127,Dave Grohl -Drums-,Drum Kit _ 1,Drum Kit _ 1,61080,40
118.9453125,0.078125,38,127,Dave Grohl -Drums-,Drum Kit _ 1,Drum Kit _ 1,61140,40
119.0625,0.078125,36,127,Dave Grohl -Drums-,Drum Kit _ 1,Drum Kit _ 1,61200,40
119.0625,0.078125,38,127,Dave Grohl -Drums-,Drum Kit _ 1,Drum Kit _ 1,61200,40
119.1796875,0.078125,38,127,Dave Grohl -Drums-,Drum Kit _ 1,Drum Kit _ 1,61260,40
119.296875,0.078125,36,127,Dave Grohl -Drums-,Drum Kit _ 1,Drum Kit _ 1,61320,40
119.296875,0.078125,38,127,Dave Grohl -Drums-,Drum Kit _ 1,Drum Kit _ 1,61320,40
119.4140625,0.078125,38,127,Dave Grohl -Drums-,Drum Kit _ 1,Drum Kit _ 1,61380,40
119.53125,0.078125,36,127,Dave Grohl -Drums-,Drum Kit _ 1,Drum Kit _ 1,61440,40
119.53125,0.078125,38,127,Dave Grohl -Drums-,Drum Kit _ 1,Drum Kit _ 1,61440,40
119.765625,0.078125,36,127,Dave Grohl -Drums-,Drum Kit _ 1,Drum Kit _ 1,61560,40
120.0,0.078125,38,127,Dave Grohl -Drums-,Drum Kit _ 1,Drum Kit _ 1,61680,40
120.0,0.078125,36,127,Dave Grohl -Drums-,Drum Kit _ 1,Drum Kit _ 1,61680,40
120.46875,0.078125,38,127,Dave Grohl -Drums-,Drum Kit _ 1,Drum Kit _ 1,61920,40
120.46875,0.078125,36,127,Dave Grohl -Drums-,Drum Kit _ 1,Drum Kit _ 1,61920,40
120.9375,0.078125,38,127,Dave Grohl -Drums-,Drum Kit _ 1,Drum Kit _ 1,62160,40
121.0546875,0.078125,38,127,Dave Grohl -Drums-,Drum Kit _ 1,Drum Kit _ 1,62220,40
121.171875,0.078125,35,127,Dave Grohl -Drums-,Drum Kit _ 1,Drum Kit _ 1,62280,40
121.171875,0.078125,36,127,Dave Grohl -Drums-,Drum Kit _ 1,Drum Kit _ 1,62280,40
121.40625,0.078125,38,127,Dave Grohl -Drums-,Drum Kit _ 1,Drum Kit _ 1,62400,40
121.5234375,0.078125,38,127,Dave Grohl -Drums-,Drum Kit _ 1,Drum Kit _ 1,62460,40
121.640625,0.078125,36,127,Dave Grohl -Drums-,Drum Kit _ 1,Drum Kit _ 1,62520,40
121.640625,0.078125,35,127,Dave Grohl -Drums-,Drum Kit _ 1,Drum Kit _ 1,62520,40
121.875,0.078125,38,127,Dave Grohl -Drums-,Drum Kit _ 1,Drum Kit _ 1,62640,40
121.875,0.078125,36,127,Dave Grohl -Drums-,Drum Kit _ 1,Drum Kit _ 1,62640,40
122.34375,0.078125,38,127,Dave Grohl -Drums-,Drum Kit _ 1,Drum Kit _ 1,62880,40
122.34375,0.078125,36,127,Dave Grohl -Drums-,Drum Kit _ 1,Drum Kit _ 1,62880,40
122.8125,0.078125,38,127,Dave Grohl -Drums-,Drum Kit _ 1,Drum Kit _ 1,63120,40
122.9296875,0.078125,38,127,Dave Grohl -Drums-,Drum Kit _ 1,Drum Kit _ 1,63180,40
123.046875,0.078125,35,127,Dave Grohl -Drums-,Drum Kit _ 1,Drum Kit _ 1,63240,40
123.046875,0.078125,36,127,Dave Grohl -Drums-,Drum Kit _ 1,Drum Kit _ 1,63240,40
123.28125,0.078125,38,127,Dave Grohl -Drums-,Drum Kit _ 1,Drum Kit _ 1,63360,40
123.3984375,0.078125,38,127,Dave Grohl -Drums-,Drum Kit _ 1,Drum Kit _ 1,63420,40
123.515625,0.078125,36,127,Dave Grohl -Drums-,Drum Kit _ 1,Drum Kit _ 1,63480,40
123.515625,0.078125,35,127,Dave Grohl -Drums-,Drum Kit _ 1,Drum Kit _ 1,63480,40
123.75,0.078125,38,127,Dave Grohl -Drums-,Drum Kit _ 1,Drum Kit _ 1,63600,40
123.75,0.078125,36,127,Dave Grohl -Drums-,Drum Kit _ 1,Drum Kit _ 1,63600,40
124.21875,0.078125,38,127,Dave Grohl -Drums-,Drum Kit _ 1,Drum Kit _ 1,63840,40
124.21875,0.078125,36,127,Dave Grohl -Drums-,Drum Kit _ 1,Drum Kit _ 1,63840,40
124.6875,0.078125,38,127,Dave Grohl -Drums-,Drum Kit _ 1,Drum Kit _ 1,64080,40
124.8046875,0.078125,38,127,Dave Grohl -Drums-,Drum Kit _ 1,Drum Kit _ 1,64140,40
124.921875,0.078125,35,127,Dave Grohl -Drums-,Drum Kit _ 1,Drum Kit _ 1,64200,40
124.921875,0.078125,36,127,Dave Grohl -Drums-,Drum Kit _ 1,Drum Kit _ 1,64200,40
125.15625,0.078125,38,127,Dave Grohl -Drums-,Drum Kit _ 1,Drum Kit _ 1,64320,40
125.2734375,0.078125,38,127,Dave Grohl -Drums-,Drum Kit _ 1,Drum Kit _ 1,64380,40
125.390625,0.078125,36,127,Dave Grohl -Drums-,Drum Kit _ 1,Drum Kit _ 1,64440,40
125.390625,0.078125,35,127,Dave Grohl -Drums-,Drum Kit _ 1,Drum Kit _ 1,64440,40
125.625,0.078125,38,127,Dave Grohl -Drums-,Drum Kit _ 1,Drum Kit _ 1,64560,40
125.625,0.078125,36,127,Dave Grohl -Drums-,Drum Kit _ 1,Drum Kit _ 1,64560,40
126.09375,0.078125,38,127,Dave Grohl -Drums-,Drum Kit _ 1,Drum Kit _ 1,64800,40
126.09375,0.078125,36,127,Dave Grohl -Drums-,Drum Kit _ 1,Drum Kit _ 1,64800,40
126.5625,0.078125,38,127,Dave Grohl -Drums-,Drum Kit _ 1,Drum Kit _ 1,65040,40
126.6796875,0.078125,38,127,Dave Grohl -Drums-,Drum Kit _ 1,Drum Kit _ 1,65100,40
126.796875,0.078125,35,127,Dave Grohl -Drums-,Drum Kit _ 1,Drum Kit _ 1,65160,40
126.796875,0.078125,36,127,Dave Grohl -Drums-,Drum Kit _ 1,Drum Kit _ 1,65160,40
127.03125,0.078125,38,127,Dave Grohl -Drums-,Drum Kit _ 1,Drum Kit _ 1,65280,40
127.1484375,0.078125,38,127,Dave Grohl -Drums-,Drum Kit _ 1,Drum Kit _ 1,65340,40
127.265625,0.078125,36,127,Dave Grohl -Drums-,Drum Kit _ 1,Drum Kit _ 1,65400,40
127.265625,0.078125,35,127,Dave Grohl -Drums-,Drum Kit _ 1,Drum Kit _ 1,65400,40
127.5,0.078125,38,127,Dave Grohl -Drums-,Drum Kit _ 1,Drum Kit _ 1,65520,40
127.5,0.078125,36,127,Dave Grohl -Drums-,Drum Kit _ 1,Drum Kit _ 1,65520,40
127.96875,0.078125,38,127,Dave Grohl -Drums-,Drum Kit _ 1,Drum Kit _ 1,65760,40
127.96875,0.078125,36,127,Dave Grohl -Drums-,Drum Kit _ 1,Drum Kit _ 1,65760,40
128.4375,0.078125,38,127,Dave Grohl -Drums-,Drum Kit _ 1,Drum Kit _ 1,66000,40
128.5546875,0.078125,38,127,Dave Grohl -Drums-,Drum Kit _ 1,Drum Kit _ 1,66060,40
128.671875,0.078125,35,127,Dave Grohl -Drums-,Drum Kit _ 1,Drum Kit _ 1,66120,40
128.671875,0.078125,36,127,Dave Grohl -Drums-,Drum Kit _ 1,Drum Kit _ 1,66120,40
128.90625,0.078125,38,127,Dave Grohl -Drums-,Drum Kit _ 1,Drum Kit _ 1,66240,40
129.0234375,0.078125,38,127,Dave Grohl -Drums-,Drum Kit _ 1,Drum Kit _ 1,66300,40
129.140625,0.078125,36,127,Dave Grohl -Drums-,Drum Kit _ 1,Drum Kit _ 1,66360,40
129.140625,0.078125,35,127,Dave Grohl -Drums-,Drum Kit _ 1,Drum Kit _ 1,66360,40
129.375,0.078125,38,127,Dave Grohl -Drums-,Drum Kit _ 1,Drum Kit _ 1,66480,40
129.375,0.078125,36,127,Dave Grohl -Drums-,Drum Kit _ 1,Drum Kit _ 1,66480,40
129.84375,0.078125,38,127,Dave Grohl -Drums-,Drum Kit _ 1,Drum Kit _ 1,66720,40
129.84375,0.078125,36,127,Dave Grohl -Drums-,Drum Kit _ 1,Drum Kit _ 1,66720,40
130.3125,0.078125,38,127,Dave Grohl -Drums-,Drum Kit _ 1,Drum Kit _ 1,66960,40
130.4296875,0.078125,38,127,Dave Grohl -Drums-,Drum Kit _ 1,Drum Kit _ 1,67020,40
130.546875,0.078125,35,127,Dave Grohl -Drums-,Drum Kit _ 1,Drum Kit _ 1,67080,40
130.546875,0.078125,36,127,Dave Grohl -Drums-,Drum Kit _ 1,Drum Kit _ 1,67080,40
130.78125,0.078125,38,127,Dave Grohl -Drums-,Drum Kit _ 1,Drum Kit _ 1,67200,40
130.8984375,0.078125,38,127,Dave Grohl -Drums-,Drum Kit _ 1,Drum Kit _ 1,67260,40
131.015625,0.078125,36,127,Dave Grohl -Drums-,Drum Kit _ 1,Drum Kit _ 1,67320,40
131.015625,0.078125,35,127,Dave Grohl -Drums-,Drum Kit _ 1,Drum Kit _ 1,67320,40
131.25,0.078125,38,127,Dave Grohl -Drums-,Drum Kit _ 1,Drum Kit _ 1,67440,40
131.25,0.078125,36,127,Dave Grohl -Drums-,Drum Kit _ 1,Drum Kit _ 1,67440,40
131.71875,0.078125,38,127,Dave Grohl -Drums-,Drum Kit _ 1,Drum Kit _ 1,67680,40
131.71875,0.078125,36,127,Dave Grohl -Drums-,Drum Kit _ 1,Drum Kit _ 1,67680,40
132.1875,0.078125,38,127,Dave Grohl -Drums-,Drum Kit _ 1,Drum Kit _ 1,67920,40
132.3046875,0.078125,38,127,Dave Grohl -Drums-,Drum Kit _ 1,Drum Kit _ 1,67980,40
132.421875,0.078125,35,127,Dave Grohl -Drums-,Drum Kit _ 1,Drum Kit _ 1,68040,40
132.421875,0.078125,36,127,Dave Grohl -Drums-,Drum Kit _ 1,Drum Kit _ 1,68040,40
132.65625,0.078125,38,127,Dave Grohl -Drums-,Drum Kit _ 1,Drum Kit _ 1,68160,40
132.7734375,0.078125,38,127,Dave Grohl -Drums-,Drum Kit _ 1,Drum Kit _ 1,68220,40
132.890625,0.078125,36,127,Dave Grohl -Drums-,Drum Kit _ 1,Drum Kit _ 1,68280,40
132.890625,0.078125,35,127,Dave Grohl -Drums-,Drum Kit _ 1,Drum Kit _ 1,68280,40
133.125,0.078125,38,127,Dave Grohl -Drums-,Drum Kit _ 1,Drum Kit _ 1,68400,40
133.125,0.078125,36,127,Dave Grohl -Drums-,Drum Kit _ 1,Drum Kit _ 1,68400,40
133.59375,0.078125,38,127,Dave Grohl -Drums-,Drum Kit _ 1,Drum Kit _ 1,68640,40
133.59375,0.078125,36,127,Dave Grohl -Drums-,Drum Kit _ 1,Drum Kit _ 1,68640,40
134.0625,0.078125,38,127,Dave Grohl -Drums-,Drum Kit _ 1,Drum Kit _ 1,68880,40
134.1796875,0.078125,38,127,Dave Grohl -Drums-,Drum Kit _ 1,Drum Kit _ 1,68940,40
134.296875,0.078125,35,127,Dave Grohl -Drums-,Drum Kit _ 1,Drum Kit _ 1,69000,40
134.296875,0.078125,36,127,Dave Grohl -Drums-,Drum Kit _ 1,Drum Kit _ 1,69000,40
134.53125,0.078125,38,127,Dave Grohl -Drums-,Drum Kit _ 1,Drum Kit _ 1,69120,40
134.6484375,0.078125,38,127,Dave Grohl -Drums-,Drum Kit _ 1,Drum Kit _ 1,69180,40
134.765625,0.078125,36,127,Dave Grohl -Drums-,Drum Kit _ 1,Drum Kit _ 1,69240,40
134.765625,0.078125,35,127,Dave Grohl -Drums-,Drum Kit _ 1,Drum Kit _ 1,69240,40
135.0,0.078125,36,127,Dave Grohl -Drums-,Drum Kit _ 1,Drum Kit _ 1,69360,40
135.0,0.078125,38,127,Dave Grohl -Drums-,Drum Kit _ 1,Drum Kit _ 1,69360,40
135.46875,0.078125,36,127,Dave Grohl -Drums-,Drum Kit _ 1,Drum Kit _ 1,69600,40
135.46875,0.078125,38,127,Dave Grohl -Drums-,Drum Kit _ 1,Drum Kit _ 1,69600,40
135.703125,0.078125,36,127,Dave Grohl -Drums-,Drum Kit _ 1,Drum Kit _ 1,69720,40
135.9375,0.078125,36,127,Dave Grohl -Drums-,Drum Kit _ 1,Drum Kit _ 1,69840,40
135.9375,0.078125,38,127,Dave Grohl -Drums-,Drum Kit _ 1,Drum Kit _ 1,69840,40
136.171875,0.078125,36,127,Dave Grohl -Drums-,Drum Kit _ 1,Drum Kit _ 1,69960,40
136.171875,0.078125,38,127,Dave Grohl -Drums-,Drum Kit _ 1,Drum Kit _ 1,69960,40
136.171875,0.078125,41,127,Dave Grohl -Drums-,Drum Kit _ 1,Drum Kit _ 1,69960,40
136.875,0.078125,36,127,Dave Grohl -Drums-,Drum Kit _ 1,Drum Kit _ 1,70320,40
136.875,0.078125,38,127,Dave Grohl -Drums-,Drum Kit _ 1,Drum Kit _ 1,70320,40
137.34375,0.078125,36,127,Dave Grohl -Drums-,Drum Kit _ 1,Drum Kit _ 1,70560,40
137.34375,0.078125,38,127,Dave Grohl -Drums-,Drum Kit _ 1,Drum Kit _ 1,70560,40
137.578125,0.078125,36,127,Dave Grohl -Drums-,Drum Kit _ 1,Drum Kit _ 1,70680,40
137.8125,0.078125,36,127,Dave Grohl -Drums-,Drum Kit _ 1,Drum Kit _ 1,70800,40
137.8125,0.078125,38,127,Dave Grohl -Drums-,Drum Kit _ 1,Drum Kit _ 1,70800,40
138.046875,0.078125,36,127,Dave Grohl -Drums-,Drum Kit _ 1,Drum Kit _ 1,70920,40
138.046875,0.078125,38,127,Dave Grohl -Drums-,Drum Kit _ 1,Drum Kit _ 1,70920,40
138.046875,0.078125,41,127,Dave Grohl -Drums-,Drum Kit _ 1,Drum Kit _ 1,70920,40
138.28125,0.078125,36,127,Dave Grohl -Drums-,Drum Kit _ 1,Drum Kit _ 1,71040,40
138.28125,0.078125,38,127,Dave Grohl -Drums-,Drum Kit _ 1,Drum Kit _ 1,71040,40
138.3984375,0.078125,36,127,Dave Grohl -Drums-,Drum Kit _ 1,Drum Kit _ 1,71100,40
138.3984375,0.078125,38,127,Dave Grohl -Drums-,Drum Kit _ 1,Drum Kit _ 1,71100,40
138.515625,0.078125,36,127,Dave Grohl -Drums-,Drum Kit _ 1,Drum Kit _ 1,71160,40
138.515625,0.078125,38,127,Dave Grohl -Drums-,Drum Kit _ 1,Drum Kit _ 1,71160,40
138.75,0.078125,36,127,Dave Grohl -Drums-,Drum Kit _ 1,Drum Kit _ 1,71280,40
138.75,0.078125,38,127,Dave Grohl -Drums-,Drum Kit _ 1,Drum Kit _ 1,71280,40
139.21875,0.078125,36,127,Dave Grohl -Drums-,Drum Kit _ 1,Drum Kit _ 1,71520,40
139.21875,0.078125,38,127,Dave Grohl -Drums-,Drum Kit _ 1,Drum Kit _ 1,71520,40
139.453125,0.078125,36,127,Dave Grohl -Drums-,Drum Kit _ 1,Drum Kit _ 1,71640,40
139.6875,0.078125,36,127,Dave Grohl -Drums-,Drum Kit _ 1,Drum Kit _ 1,71760,40
139.6875,0.078125,38,127,Dave Grohl -Drums-,Drum Kit _ 1,Drum Kit _ 1,71760,40
139.921875,0.078125,36,127,Dave Grohl -Drums-,Drum Kit _ 1,Drum Kit _ 1,71880,40
139.921875,0.078125,38,127,Dave Grohl -Drums-,Drum Kit _ 1,Drum Kit _ 1,71880,40
139.921875,0.078125,41,127,Dave Grohl -Drums-,Drum Kit _ 1,Drum Kit _ 1,71880,40
140.625,0.078125,36,127,Dave Grohl -Drums-,Drum Kit _ 1,Drum Kit _ 1,72240,40
140.625,0.078125,38,127,Dave Grohl -Drums-,Drum Kit _ 1,Drum Kit _ 1,72240,40
141.09375,0.078125,36,127,Dave Grohl -Drums-,Drum Kit _ 1,Drum Kit _ 1,72480,40
141.09375,0.078125,38,127,Dave Grohl -Drums-,Drum Kit _ 1,Drum Kit _ 1,72480,40
141.328125,0.078125,36,127,Dave Grohl -Drums-,Drum Kit _ 1,Drum Kit _ 1,72600,40
141.5625,0.078125,36,127,Dave Grohl -Drums-,Drum Kit _ 1,Drum Kit _ 1,72720,40
141.5625,0.078125,38,127,Dave Grohl -Drums-,Drum Kit _ 1,Drum Kit _ 1,72720,40
141.796875,0.078125,36,127,Dave Grohl -Drums-,Drum Kit _ 1,Drum Kit _ 1,72840,40
141.796875,0.078125,38,127,Dave Grohl -Drums-,Drum Kit _ 1,Drum Kit _ 1,72840,40
141.796875,0.078125,41,127,Dave Grohl -Drums-,Drum Kit _ 1,Drum Kit _ 1,72840,40
142.03125,0.078125,36,127,Dave Grohl -Drums-,Drum Kit _ 1,Drum Kit _ 1,72960,40
142.03125,0.078125,38,127,Dave Grohl -Drums-,Drum Kit _ 1,Drum Kit _ 1,72960,40
142.1484375,0.078125,36,127,Dave Grohl -Drums-,Drum Kit _ 1,Drum Kit _ 1,73020,40
142.1484375,0.078125,38,127,Dave Grohl -Drums-,Drum Kit _ 1,Drum Kit _ 1,73020,40
142.265625,0.078125,36,127,Dave Grohl -Drums-,Drum Kit _ 1,Drum Kit _ 1,73080,40
142.265625,0.078125,38,127,Dave Grohl -Drums-,Drum Kit _ 1,Drum Kit _ 1,73080,40
142.5,0.078125,38,127,Dave Grohl -Drums-,Drum Kit _ 1,Drum Kit _ 1,73200,40
142.5,0.078125,36,127,Dave Grohl -Drums-,Drum Kit _ 1,Drum Kit _ 1,73200,40
142.96875,0.078125,38,127,Dave Grohl -Drums-,Drum Kit _ 1,Drum Kit _ 1,73440,40
142.96875,0.078125,36,127,Dave Grohl -Drums-,Drum Kit _ 1,Drum Kit _ 1,73440,40
143.4375,0.078125,38,127,Dave Grohl -Drums-,Drum Kit _ 1,Drum Kit _ 1,73680,40
143.5546875,0.078125,38,127,Dave Grohl -Drums-,Drum Kit _ 1,Drum Kit _ 1,73740,40
143.671875,0.078125,35,127,Dave Grohl -Drums-,Drum Kit _ 1,Drum Kit _ 1,73800,40
143.671875,0.078125,36,127,Dave Grohl -Drums-,Drum Kit _ 1,Drum Kit _ 1,73800,40
143.90625,0.078125,38,127,Dave Grohl -Drums-,Drum Kit _ 1,Drum Kit _ 1,73920,40
144.0234375,0.078125,38,127,Dave Grohl -Drums-,Drum Kit _ 1,Drum Kit _ 1,73980,40
144.140625,0.078125,36,127,Dave Grohl -Drums-,Drum Kit _ 1,Drum Kit _ 1,74040,40
144.140625,0.078125,35,127,Dave Grohl -Drums-,Drum Kit _ 1,Drum Kit _ 1,74040,40
144.375,0.078125,38,127,Dave Grohl -Drums-,Drum Kit _ 1,Drum Kit _ 1,74160,40
144.375,0.078125,36,127,Dave Grohl -Drums-,Drum Kit _ 1,Drum Kit _ 1,74160,40
144.84375,0.078125,38,127,Dave Grohl -Drums-,Drum Kit _ 1,Drum Kit _ 1,74400,40
144.84375,0.078125,36,127,Dave Grohl -Drums-,Drum Kit _ 1,Drum Kit _ 1,74400,40
145.3125,0.078125,38,127,Dave Grohl -Drums-,Drum Kit _ 1,Drum Kit _ 1,74640,40
145.4296875,0.078125,38,127,Dave Grohl -Drums-,Drum Kit _ 1,Drum Kit _ 1,74700,40
145.546875,0.078125,35,127,Dave Grohl -Drums-,Drum Kit _ 1,Drum Kit _ 1,74760,40
145.546875,0.078125,36,127,Dave Grohl -Drums-,Drum Kit _ 1,Drum Kit _ 1,74760,40
145.78125,0.078125,38,127,Dave Grohl -Drums-,Drum Kit _ 1,Drum Kit _ 1,74880,40
145.8984375,0.078125,38,127,Dave Grohl -Drums-,Drum Kit _ 1,Drum Kit _ 1,74940,40
146.015625,0.078125,36,127,Dave Grohl -Drums-,Drum Kit _ 1,Drum Kit _ 1,75000,40
146.015625,0.078125,35,127,Dave Grohl -Drums-,Drum Kit _ 1,Drum Kit _ 1,75000,40
146.25,0.078125,38,127,Dave Grohl -Drums-,Drum Kit _ 1,Drum Kit _ 1,75120,40
146.25,0.078125,36,127,Dave Grohl -Drums-,Drum Kit _ 1,Drum Kit _ 1,75120,40
146.71875,0.078125,38,127,Dave Grohl -Drums-,Drum Kit _ 1,Drum Kit _ 1,75360,40
146.71875,0.078125,36,127,Dave Grohl -Drums-,Drum Kit _ 1,Drum Kit _ 1,75360,40
147.1875,0.078125,38,127,Dave Grohl -Drums-,Drum Kit _ 1,Drum Kit _ 1,75600,40
147.3046875,0.078125,38,127,Dave Grohl -Drums-,Drum Kit _ 1,Drum Kit _ 1,75660,40
147.421875,0.078125,35,127,Dave Grohl -Drums-,Drum Kit _ 1,Drum Kit _ 1,75720,40
147.421875,0.078125,36,127,Dave Grohl -Drums-,Drum Kit _ 1,Drum Kit _ 1,75720,40
147.65625,0.078125,38,127,Dave Grohl -Drums-,Drum Kit _ 1,Drum Kit _ 1,75840,40
147.7734375,0.078125,38,127,Dave Grohl -Drums-,Drum Kit _ 1,Drum Kit _ 1,75900,40
147.890625,0.078125,36,127,Dave Grohl -Drums-,Drum Kit _ 1,Drum Kit _ 1,75960,40
147.890625,0.078125,35,127,Dave Grohl -Drums-,Drum Kit _ 1,Drum Kit _ 1,75960,40
148.125,0.078125,38,127,Dave Grohl -Drums-,Drum Kit _ 1,Drum Kit _ 1,76080,40
148.125,0.078125,36,127,Dave Grohl -Drums-,Drum Kit _ 1,Drum Kit _ 1,76080,40
148.59375,0.078125,38,127,Dave Grohl -Drums-,Drum Kit _ 1,Drum Kit _ 1,76320,40
148.59375,0.078125,36,127,Dave Grohl -Drums-,Drum Kit _ 1,Drum Kit _ 1,76320,40
149.0625,0.078125,38,127,Dave Grohl -Drums-,Drum Kit _ 1,Drum Kit _ 1,76560,40
149.1796875,0.078125,38,127,Dave Grohl -Drums-,Drum Kit _ 1,Drum Kit _ 1,76620,40
149.296875,0.078125,35,127,Dave Grohl -Drums-,Drum Kit _ 1,Drum Kit _ 1,76680,40
149.296875,0.078125,36,127,Dave Grohl -Drums-,Drum Kit _ 1,Drum Kit _ 1,76680,40
149.53125,0.078125,38,127,Dave Grohl -Drums-,Drum Kit _ 1,Drum Kit _ 1,76800,40
149.6484375,0.078125,38,127,Dave Grohl -Drums-,Drum Kit _ 1,Drum Kit _ 1,76860,40
149.765625,0.078125,36,127,Dave Grohl -Drums-,Drum Kit _ 1,Drum Kit _ 1,76920,40
149.765625,0.078125,35,127,Dave Grohl -Drums-,Drum Kit _ 1,Drum Kit _ 1,76920,40
150.0,0.078125,38,127,Dave Grohl -Drums-,Drum Kit _ 1,Drum Kit _ 1,77040,40
150.0,0.078125,36,127,Dave Grohl -Drums-,Drum Kit _ 1,Drum Kit _ 1,77040,40
150.46875,0.078125,38,127,Dave Grohl -Drums-,Drum Kit _ 1,Drum Kit _ 1,77280,40
150.46875,0.078125,36,127,Dave Grohl -Drums-,Drum Kit _ 1,Drum Kit _ 1,77280,40
150.9375,0.078125,38,127,Dave Grohl -Drums-,Drum Kit _ 1,Drum Kit _ 1,77520,40
151.0546875,0.078125,38,127,Dave Grohl -Drums-,Drum Kit _ 1,Drum Kit _ 1,77580,40
151.171875,0.078125,35,127,Dave Grohl -Drums-,Drum Kit _ 1,Drum Kit _ 1,77640,40
151.171875,0.078125,36,127,Dave Grohl -Drums-,Drum Kit _ 1,Drum Kit _ 1,77640,40
151.40625,0.078125,38,127,Dave Grohl -Drums-,Drum Kit _ 1,Drum Kit _ 1,77760,40
151.5234375,0.078125,38,127,Dave Grohl -Drums-,Drum Kit _ 1,Drum Kit _ 1,77820,40
151.640625,0.078125,36,127,Dave Grohl -Drums-,Drum Kit _ 1,Drum Kit _ 1,77880,40
151.640625,0.078125,35,127,Dave Grohl -Drums-,Drum Kit _ 1,Drum Kit _ 1,77880,40
151.875,0.078125,38,127,Dave Grohl -Drums-,Drum Kit _ 1,Drum Kit _ 1,78000,40
151.875,0.078125,36,127,Dave Grohl -Drums-,Drum Kit _ 1,Drum Kit _ 1,78000,40
152.34375,0.078125,38,127,Dave Grohl -Drums-,Drum Kit _ 1,Drum Kit _ 1,78240,40
152.34375,0.078125,36,127,Dave Grohl -Drums-,Drum Kit _ 1,Drum Kit _ 1,78240,40
152.8125,0.078125,38,127,Dave Grohl -Drums-,Drum Kit _ 1,Drum Kit _ 1,78480,40
152.9296875,0.078125,38,127,Dave Grohl -Drums-,Drum Kit _ 1,Drum Kit _ 1,78540,40
153.046875,0.078125,35,127,Dave Grohl -Drums-,Drum Kit _ 1,Drum Kit _ 1,78600,40
153.046875,0.078125,36,127,Dave Grohl -Drums-,Drum Kit _ 1,Drum Kit _ 1,78600,40
153.28125,0.078125,38,127,Dave Grohl -Drums-,Drum Kit _ 1,Drum Kit _ 1,78720,40
153.3984375,0.078125,38,127,Dave Grohl -Drums-,Drum Kit _ 1,Drum Kit _ 1,78780,40
153.515625,0.078125,36,127,Dave Grohl -Drums-,Drum Kit _ 1,Drum Kit _ 1,78840,40
153.515625,0.078125,35,127,Dave Grohl -Drums-,Drum Kit _ 1,Drum Kit _ 1,78840,40
153.75,0.078125,38,127,Dave Grohl -Drums-,Drum Kit _ 1,Drum Kit _ 1,78960,40
153.75,0.078125,36,127,Dave Grohl -Drums-,Drum Kit _ 1,Drum Kit _ 1,78960,40
154.21875,0.078125,38,127,Dave Grohl -Drums-,Drum Kit _ 1,Drum Kit _ 1,79200,40
154.21875,0.078125,36,127,Dave Grohl -Drums-,Drum Kit _ 1,Drum Kit _ 1,79200,40
154.6875,0.078125,38,127,Dave Grohl -Drums-,Drum Kit _ 1,Drum Kit _ 1,79440,40
154.8046875,0.078125,38,127,Dave Grohl -Drums-,Drum Kit _ 1,Drum Kit _ 1,79500,40
154.921875,0.078125,35,127,Dave Grohl -Drums-,Drum Kit _ 1,Drum Kit _ 1,79560,40
154.921875,0.078125,36,127,Dave Grohl -Drums-,Drum Kit _ 1,Drum Kit _ 1,79560,40
155.15625,0.078125,38,127,Dave Grohl -Drums-,Drum Kit _ 1,Drum Kit _ 1,79680,40
155.2734375,0.078125,38,127,Dave Grohl -Drums-,Drum Kit _ 1,Drum Kit _ 1,79740,40
155.390625,0.078125,36,127,Dave Grohl -Drums-,Drum Kit _ 1,Drum Kit _ 1,79800,40
155.390625,0.078125,35,127,Dave Grohl -Drums-,Drum Kit _ 1,Drum Kit _ 1,79800,40
155.625,0.078125,38,127,Dave Grohl -Drums-,Drum Kit _ 1,Drum Kit _ 1,79920,40
155.625,0.078125,36,127,Dave Grohl -Drums-,Drum Kit _ 1,Drum Kit _ 1,79920,40
156.09375,0.078125,38,127,Dave Grohl -Drums-,Drum Kit _ 1,Drum Kit _ 1,80160,40
156.09375,0.078125,36,127,Dave Grohl -Drums-,Drum Kit _ 1,Drum Kit _ 1,80160,40
156.5625,0.078125,38,127,Dave Grohl -Drums-,Drum Kit _ 1,Drum Kit _ 1,80400,40
156.6796875,0.078125,38,127,Dave Grohl -Drums-,Drum Kit _ 1,Drum Kit _ 1,80460,40
156.796875,0.078125,35,127,Dave Grohl -Drums-,Drum Kit _ 1,Drum Kit _ 1,80520,40
156.796875,0.078125,36,127,Dave Grohl -Drums-,Drum Kit _ 1,Drum Kit _ 1,80520,40
157.03125,0.078125,38,127,Dave Grohl -Drums-,Drum Kit _ 1,Drum Kit _ 1,80640,40
157.1484375,0.078125,38,127,Dave Grohl -Drums-,Drum Kit _ 1,Drum Kit _ 1,80700,40
157.265625,0.078125,36,127,Dave Grohl -Drums-,Drum Kit _ 1,Drum Kit _ 1,80760,40
157.265625,0.078125,35,127,Dave Grohl -Drums-,Drum Kit _ 1,Drum Kit _ 1,80760,40
157.5,0.078125,38,127,Dave Grohl -Drums-,Drum Kit _ 1,Drum Kit _ 1,80880,40
157.5,0.078125,36,127,Dave Grohl -Drums-,Drum Kit _ 1,Drum Kit _ 1,80880,40
157.96875,0.078125,38,127,Dave Grohl -Drums-,Drum Kit _ 1,Drum Kit _ 1,81120,40
157.96875,0.078125,36,127,Dave Grohl -Drums-,Drum Kit _ 1,Drum Kit _ 1,81120,40
158.4375,0.078125,38,127,Dave Grohl -Drums-,Drum Kit _ 1,Drum Kit _ 1,81360,40
158.5546875,0.078125,38,127,Dave Grohl -Drums-,Drum Kit _ 1,Drum Kit _ 1,81420,40
158.671875,0.078125,35,127,Dave Grohl -Drums-,Drum Kit _ 1,Drum Kit _ 1,81480,40
158.671875,0.078125,36,127,Dave Grohl -Drums-,Drum Kit _ 1,Drum Kit _ 1,81480,40
158.90625,0.078125,38,127,Dave Grohl -Drums-,Drum Kit _ 1,Drum Kit _ 1,81600,40
159.0234375,0.078125,38,127,Dave Grohl -Drums-,Drum Kit _ 1,Drum Kit _ 1,81660,40
159.140625,0.078125,36,127,Dave Grohl -Drums-,Drum Kit _ 1,Drum Kit _ 1,81720,40
159.140625,0.078125,35,127,Dave Grohl -Drums-,Drum Kit _ 1,Drum Kit _ 1,81720,40
159.375,0.078125,38,127,Dave Grohl -Drums-,Drum Kit _ 1,Drum Kit _ 1,81840,40
159.375,0.078125,36,127,Dave Grohl -Drums-,Drum Kit _ 1,Drum Kit _ 1,81840,40
159.84375,0.078125,38,127,Dave Grohl -Drums-,Drum Kit _ 1,Drum Kit _ 1,82080,40
159.84375,0.078125,36,127,Dave Grohl -Drums-,Drum Kit _ 1,Drum Kit _ 1,82080,40
160.3125,0.078125,38,127,Dave Grohl -Drums-,Drum Kit _ 1,Drum Kit _ 1,82320,40
160.4296875,0.078125,38,127,Dave Grohl -Drums-,Drum Kit _ 1,Drum Kit _ 1,82380,40
160.546875,0.078125,35,127,Dave Grohl -Drums-,Drum Kit _ 1,Drum Kit _ 1,82440,40
160.546875,0.078125,36,127,Dave Grohl -Drums-,Drum Kit _ 1,Drum Kit _ 1,82440,40
160.78125,0.078125,38,127,Dave Grohl -Drums-,Drum Kit _ 1,Drum Kit _ 1,82560,40
160.8984375,0.078125,38,127,Dave Grohl -Drums-,Drum Kit _ 1,Drum Kit _ 1,82620,40
161.015625,0.078125,36,127,Dave Grohl -Drums-,Drum Kit _ 1,Drum Kit _ 1,82680,40
161.015625,0.078125,35,127,Dave Grohl -Drums-,Drum Kit _ 1,Drum Kit _ 1,82680,40
161.25,0.078125,38,127,Dave Grohl -Drums-,Drum Kit _ 1,Drum Kit _ 1,82800,40
161.25,0.078125,36,127,Dave Grohl -Drums-,Drum Kit _ 1,Drum Kit _ 1,82800,40
161.71875,0.078125,38,127,Dave Grohl -Drums-,Drum Kit _ 1,Drum Kit _ 1,83040,40
161.71875,0.078125,36,127,Dave Grohl -Drums-,Drum Kit _ 1,Drum Kit _ 1,83040,40
162.1875,0.078125,38,127,Dave Grohl -Drums-,Drum Kit _ 1,Drum Kit _ 1,83280,40
162.3046875,0.078125,38,127,Dave Grohl -Drums-,Drum Kit _ 1,Drum Kit _ 1,83340,40
162.421875,0.078125,35,127,Dave Grohl -Drums-,Drum Kit _ 1,Drum Kit _ 1,83400,40
162.421875,0.078125,36,127,Dave Grohl -Drums-,Drum Kit _ 1,Drum Kit _ 1,83400,40
162.65625,0.078125,38,127,Dave Grohl -Drums-,Drum Kit _ 1,Drum Kit _ 1,83520,40
162.7734375,0.078125,38,127,Dave Grohl -Drums-,Drum Kit _ 1,Drum Kit _ 1,83580,40
162.890625,0.078125,36,127,Dave Grohl -Drums-,Drum Kit _ 1,Drum Kit _ 1,83640,40
162.890625,0.078125,35,127,Dave Grohl -Drums-,Drum Kit _ 1,Drum Kit _ 1,83640,40
163.125,0.078125,38,127,Dave Grohl -Drums-,Drum Kit _ 1,Drum Kit _ 1,83760,40
163.125,0.078125,36,127,Dave Grohl -Drums-,Drum Kit _ 1,Drum Kit _ 1,83760,40
163.59375,0.078125,38,127,Dave Grohl -Drums-,Drum Kit _ 1,Drum Kit _ 1,84000,40
163.59375,0.078125,36,127,Dave Grohl -Drums-,Drum Kit _ 1,Drum Kit _ 1,84000,40
164.0625,0.078125,38,127,Dave Grohl -Drums-,Drum Kit _ 1,Drum Kit _ 1,84240,40
164.1796875,0.078125,38,127,Dave Grohl -Drums-,Drum Kit _ 1,Drum Kit _ 1,84300,40
164.296875,0.078125,35,127,Dave Grohl -Drums-,Drum Kit _ 1,Drum Kit _ 1,84360,40
164.296875,0.078125,36,127,Dave Grohl -Drums-,Drum Kit _ 1,Drum Kit _ 1,84360,40
164.53125,0.078125,38,127,Dave Grohl -Drums-,Drum Kit _ 1,Drum Kit _ 1,84480,40
164.6484375,0.078125,38,127,Dave Grohl -Drums-,Drum Kit _ 1,Drum Kit _ 1,84540,40
164.765625,0.078125,36,127,Dave Grohl -Drums-,Drum Kit _ 1,Drum Kit _ 1,84600,40
164.765625,0.078125,35,127,Dave Grohl -Drums-,Drum Kit _ 1,Drum Kit _ 1,84600,40
165.0,0.078125,38,127,Dave Grohl -Drums-,Drum Kit _ 1,Drum Kit _ 1,84720,40
165.0,0.078125,36,127,Dave Grohl -Drums-,Drum Kit _ 1,Drum Kit _ 1,84720,40
165.46875,0.078125,38,127,Dave Grohl -Drums-,Drum Kit _ 1,Drum Kit _ 1,84960,40
165.46875,0.078125,36,127,Dave Grohl -Drums-,Drum Kit _ 1,Drum Kit _ 1,84960,40
165.9375,0.078125,38,127,Dave Grohl -Drums-,Drum Kit _ 1,Drum Kit _ 1,85200,40
166.0546875,0.078125,38,127,Dave Grohl -Drums-,Drum Kit _ 1,Drum Kit _ 1,85260,40
166.171875,0.078125,35,127,Dave Grohl -Drums-,Drum Kit _ 1,Drum Kit _ 1,85320,40
166.171875,0.078125,36,127,Dave Grohl -Drums-,Drum Kit _ 1,Drum Kit _ 1,85320,40
166.40625,0.078125,38,127,Dave Grohl -Drums-,Drum Kit _ 1,Drum Kit _ 1,85440,40
166.5234375,0.078125,38,127,Dave Grohl -Drums-,Drum Kit _ 1,Drum Kit _ 1,85500,40
166.640625,0.078125,36,127,Dave Grohl -Drums-,Drum Kit _ 1,Drum Kit _ 1,85560,40
166.640625,0.078125,35,127,Dave Grohl -Drums-,Drum Kit _ 1,Drum Kit _ 1,85560,40
166.875,0.078125,38,127,Dave Grohl -Drums-,Drum Kit _ 1,Drum Kit _ 1,85680,40
166.875,0.078125,36,127,Dave Grohl -Drums-,Drum Kit _ 1,Drum Kit _ 1,85680,40
167.34375,0.078125,38,127,Dave Grohl -Drums-,Drum Kit _ 1,Drum Kit _ 1,85920,40
167.34375,0.078125,36,127,Dave Grohl -Drums-,Drum Kit _ 1,Drum Kit _ 1,85920,40
167.8125,0.078125,38,127,Dave Grohl -Drums-,Drum Kit _ 1,Drum Kit _ 1,86160,40
167.9296875,0.078125,38,127,Dave Grohl -Drums-,Drum Kit _ 1,Drum Kit _ 1,86220,40
168.046875,0.078125,35,127,Dave Grohl -Drums-,Drum Kit _ 1,Drum Kit _ 1,86280,40
168.046875,0.078125,36,127,Dave Grohl -Drums-,Drum Kit _ 1,Drum Kit _ 1,86280,40
168.28125,0.078125,38,127,Dave Grohl -Drums-,Drum Kit _ 1,Drum Kit _ 1,86400,40
168.3984375,0.078125,38,127,Dave Grohl -Drums-,Drum Kit _ 1,Drum Kit _ 1,86460,40
168.515625,0.078125,36,127,Dave Grohl -Drums-,Drum Kit _ 1,Drum Kit _ 1,86520,40
168.515625,0.078125,35,127,Dave Grohl -Drums-,Drum Kit _ 1,Drum Kit _ 1,86520,40
168.75,0.078125,38,127,Dave Grohl -Drums-,Drum Kit _ 1,Drum Kit _ 1,86640,40
168.75,0.078125,36,127,Dave Grohl -Drums-,Drum Kit _ 1,Drum Kit _ 1,86640,40
169.21875,0.078125,38,127,Dave Grohl -Drums-,Drum Kit _ 1,Drum Kit _ 1,86880,40
169.21875,0.078125,36,127,Dave Grohl -Drums-,Drum Kit _ 1,Drum Kit _ 1,86880,40
169.6875,0.078125,38,127,Dave Grohl -Drums-,Drum Kit _ 1,Drum Kit _ 1,87120,40
169.8046875,0.078125,38,127,Dave Grohl -Drums-,Drum Kit _ 1,Drum Kit _ 1,87180,40
169.921875,0.078125,35,127,Dave Grohl -Drums-,Drum Kit _ 1,Drum Kit _ 1,87240,40
169.921875,0.078125,36,127,Dave Grohl -Drums-,Drum Kit _ 1,Drum Kit _ 1,87240,40
170.15625,0.078125,38,127,Dave Grohl -Drums-,Drum Kit _ 1,Drum Kit _ 1,87360,40
170.2734375,0.078125,38,127,Dave Grohl -Drums-,Drum Kit _ 1,Drum Kit _ 1,87420,40
170.390625,0.078125,36,127,Dave Grohl -Drums-,Drum Kit _ 1,Drum Kit _ 1,87480,40
170.390625,0.078125,35,127,Dave Grohl -Drums-,Drum Kit _ 1,Drum Kit _ 1,87480,40
170.625,0.078125,38,127,Dave Grohl -Drums-,Drum Kit _ 1,Drum Kit _ 1,87600,40
170.625,0.078125,36,127,Dave Grohl -Drums-,Drum Kit _ 1,Drum Kit _ 1,87600,40
171.09375,0.078125,38,127,Dave Grohl -Drums-,Drum Kit _ 1,Drum Kit _ 1,87840,40
171.09375,0.078125,36,127,Dave Grohl -Drums-,Drum Kit _ 1,Drum Kit _ 1,87840,40
171.5625,0.078125,38,127,Dave Grohl -Drums-,Drum Kit _ 1,Drum Kit _ 1,88080,40
171.6796875,0.078125,38,127,Dave Grohl -Drums-,Drum Kit _ 1,Drum Kit _ 1,88140,40
171.796875,0.078125,38,127,Dave Grohl -Drums-,Drum Kit _ 1,Drum Kit _ 1,88200,40
171.796875,0.078125,35,127,Dave Grohl -Drums-,Drum Kit _ 1,Drum Kit _ 1,88200,40
171.796875,0.078125,36,127,Dave Grohl -Drums-,Drum Kit _ 1,Drum Kit _ 1,88200,40
171.9140625,0.078125,38,127,Dave Grohl -Drums-,Drum Kit _ 1,Drum Kit _ 1,88260,40
172.03125,0.078125,38,127,Dave Grohl -Drums-,Drum Kit _ 1,Drum Kit _ 1,88320,40
172.1484375,0.078125,38,127,Dave Grohl -Drums-,Drum Kit _ 1,Drum Kit _ 1,88380,40
172.265625,0.078125,38,127,Dave Grohl -Drums-,Drum Kit _ 1,Drum Kit _ 1,88440,40
172.265625,0.078125,36,127,Dave Grohl -Drums-,Drum Kit _ 1,Drum Kit _ 1,88440,40
172.265625,0.078125,35,127,Dave Grohl -Drums-,Drum Kit _ 1,Drum Kit _ 1,88440,40
172.3828125,0.078125,38,127,Dave Grohl -Drums-,Drum Kit _ 1,Drum Kit _ 1,88500,40
172.5,0.078125,36,127,Dave Grohl -Drums-,Drum Kit _ 1,Drum Kit _ 1,88560,40
172.734375,0.078125,36,127,Dave Grohl -Drums-,Drum Kit _ 1,Drum Kit _ 1,88680,40
172.96875,0.078125,38,127,Dave Grohl -Drums-,Drum Kit _ 1,Drum Kit _ 1,88800,40
173.4375,0.078125,36,127,Dave Grohl -Drums-,Drum Kit _ 1,Drum Kit _ 1,89040,40
173.671875,0.078125,36,127,Dave Grohl -Drums-,Drum Kit _ 1,Drum Kit _ 1,89160,40
173.90625,0.078125,38,127,Dave Grohl -Drums-,Drum Kit _ 1,Drum Kit _ 1,89280,40
174.375,0.078125,36,127,Dave Grohl -Drums-,Drum Kit _ 1,Drum Kit _ 1,89520,40
174.609375,0.078125,36,127,Dave Grohl -Drums-,Drum Kit _ 1,Drum Kit _ 1,89640,40
174.84375,0.078125,38,127,Dave Grohl -Drums-,Drum Kit _ 1,Drum Kit _ 1,89760,40
175.3125,0.078125,36,127,Dave Grohl -Drums-,Drum Kit _ 1,Drum Kit _ 1,90000,40
175.546875,0.078125,36,127,Dave Grohl -Drums-,Drum Kit _ 1,Drum Kit _ 1,90120,40
175.78125,0.078125,38,127,Dave Grohl -Drums-,Drum Kit _ 1,Drum Kit _ 1,90240,40
176.25,0.078125,36,127,Dave Grohl -Drums-,Drum Kit _ 1,Drum Kit _ 1,90480,40
176.484375,0.078125,36,127,Dave Grohl -Drums-,Drum Kit _ 1,Drum Kit _ 1,90600,40
176.71875,0.078125,38,127,Dave Grohl -Drums-,Drum Kit _ 1,Drum Kit _ 1,90720,40
177.1875,0.078125,36,127,Dave Grohl -Drums-,Drum Kit _ 1,Drum Kit _ 1,90960,40
177.421875,0.078125,36,127,Dave Grohl -Drums-,Drum Kit _ 1,Drum Kit _ 1,91080,40
177.65625,0.078125,38,127,Dave Grohl -Drums-,Drum Kit _ 1,Drum Kit _ 1,91200,40
178.125,0.078125,36,127,Dave Grohl -Drums-,Drum Kit _ 1,Drum Kit _ 1,91440,40
178.359375,0.078125,36,127,Dave Grohl -Drums-,Drum Kit _ 1,Drum Kit _ 1,91560,40
178.59375,0.078125,38,127,Dave Grohl -Drums-,Drum Kit _ 1,Drum Kit _ 1,91680,40
179.0625,0.078125,36,127,Dave Grohl -Drums-,Drum Kit _ 1,Drum Kit _ 1,91920,40
179.296875,0.078125,36,127,Dave Grohl -Drums-,Drum Kit _ 1,Drum Kit _ 1,92040,40
179.53125,0.078125,38,127,Dave Grohl -Drums-,Drum Kit _ 1,Drum Kit _ 1,92160,40
180.0,0.078125,36,127,Dave Grohl -Drums-,Drum Kit _ 1,Drum Kit _ 1,92400,40
180.234375,0.078125,36,127,Dave Grohl -Drums-,Drum Kit _ 1,Drum Kit _ 1,92520,40
180.46875,0.078125,38,127,Dave Grohl -Drums-,Drum Kit _ 1,Drum Kit _ 1,92640,40
180.9375,0.078125,36,127,Dave Grohl -Drums-,Drum Kit _ 1,Drum Kit _ 1,92880,40
181.171875,0.078125,36,127,Dave Grohl -Drums-,Drum Kit _ 1,Drum Kit _ 1,93000,40
181.40625,0.078125,38,127,Dave Grohl -Drums-,Drum Kit _ 1,Drum Kit _ 1,93120,40
181.875,0.078125,36,127,Dave Grohl -Drums-,Drum Kit _ 1,Drum Kit _ 1,93360,40
182.109375,0.078125,36,127,Dave Grohl -Drums-,Drum Kit _ 1,Drum Kit _ 1,93480,40
182.34375,0.078125,38,127,Dave Grohl -Drums-,Drum Kit _ 1,Drum Kit _ 1,93600,40
182.8125,0.078125,36,127,Dave Grohl -Drums-,Drum Kit _ 1,Drum Kit _ 1,93840,40
183.046875,0.078125,36,127,Dave Grohl -Drums-,Drum Kit _ 1,Drum Kit _ 1,93960,40
183.28125,0.078125,38,127,Dave Grohl -Drums-,Drum Kit _ 1,Drum Kit _ 1,94080,40
183.75,0.078125,36,127,Dave Grohl -Drums-,Drum Kit _ 1,Drum Kit _ 1,94320,40
183.984375,0.078125,36,127,Dave Grohl -Drums-,Drum Kit _ 1,Drum Kit _ 1,94440,40
184.21875,0.078125,38,127,Dave Grohl -Drums-,Drum Kit _ 1,Drum Kit _ 1,94560,40
184.6875,0.078125,36,127,Dave Grohl -Drums-,Drum Kit _ 1,Drum Kit _ 1,94800,40
184.921875,0.078125,36,127,Dave Grohl -Drums-,Drum Kit _ 1,Drum Kit _ 1,94920,40
185.15625,0.078125,38,127,Dave Grohl -Drums-,Drum Kit _ 1,Drum Kit _ 1,95040,40
185.625,0.078125,36,127,Dave Grohl -Drums-,Drum Kit _ 1,Drum Kit _ 1,95280,40
185.859375,0.078125,36,127,Dave Grohl -Drums-,Drum Kit _ 1,Drum Kit _ 1,95400,40
186.09375,0.078125,38,127,Dave Grohl -Drums-,Drum Kit _ 1,Drum Kit _ 1,95520,40
186.5625,0.078125,36,127,Dave Grohl -Drums-,Drum Kit _ 1,Drum Kit _ 1,95760,40
186.796875,0.078125,36,127,Dave Grohl -Drums-,Drum Kit _ 1,Drum Kit _ 1,95880,40
187.03125,0.078125,38,127,Dave Grohl -Drums-,Drum Kit _ 1,Drum Kit _ 1,96000,40
187.5,0.078125,36,127,Dave Grohl -Drums-,Drum Kit _ 1,Drum Kit _ 1,96240,40
187.734375,0.078125,36,127,Dave Grohl -Drums-,Drum Kit _ 1,Drum Kit _ 1,96360,40
187.96875,0.078125,38,127,Dave Grohl -Drums-,Drum Kit _ 1,Drum Kit _ 1,96480,40
188.4375,0.078125,36,127,Dave Grohl -Drums-,Drum Kit _ 1,Drum Kit _ 1,96720,40
188.671875,0.078125,36,127,Dave Grohl -Drums-,Drum Kit _ 1,Drum Kit _ 1,96840,40
188.90625,0.078125,38,127,Dave Grohl -Drums-,Drum Kit _ 1,Drum Kit _ 1,96960,40
189.375,0.078125,36,127,Dave Grohl -Drums-,Drum Kit _ 1,Drum Kit _ 1,97200,40
189.609375,0.078125,36,127,Dave Grohl -Drums-,Drum Kit _ 1,Drum Kit _ 1,97320,40
189.84375,0.078125,38,127,Dave Grohl -Drums-,Drum Kit _ 1,Drum Kit _ 1,97440,40
190.3125,0.078125,36,127,Dave Grohl -Drums-,Drum Kit _ 1,Drum Kit _ 1,97680,40
190.546875,0.078125,36,127,Dave Grohl -Drums-,Drum Kit _ 1,Drum Kit _ 1,97800,40
190.78125,0.078125,38,127,Dave Grohl -Drums-,Drum Kit _ 1,Drum Kit _ 1,97920,40
191.25,0.078125,36,127,Dave Grohl -Drums-,Drum Kit _ 1,Drum Kit _ 1,98160,40
191.484375,0.078125,36,127,Dave Grohl -Drums-,Drum Kit _ 1,Drum Kit _ 1,98280,40
191.71875,0.078125,38,127,Dave Grohl -Drums-,Drum Kit _ 1,Drum Kit _ 1,98400,40
192.1875,0.078125,36,127,Dave Grohl -Drums-,Drum Kit _ 1,Drum Kit _ 1,98640,40
192.421875,0.078125,36,127,Dave Grohl -Drums-,Drum Kit _ 1,Drum Kit _ 1,98760,40
192.65625,0.078125,38,127,Dave Grohl -Drums-,Drum Kit _ 1,Drum Kit _ 1,98880,40
193.125,0.078125,36,127,Dave Grohl -Drums-,Drum Kit _ 1,Drum Kit _ 1,99120,40
193.359375,0.078125,36,127,Dave Grohl -Drums-,Drum Kit _ 1,Drum Kit _ 1,99240,40
193.59375,0.078125,38,127,Dave Grohl -Drums-,Drum Kit _ 1,Drum Kit _ 1,99360,40
194.0625,0.078125,36,127,Dave Grohl -Drums-,Drum Kit _ 1,Drum Kit _ 1,99600,40
194.296875,0.078125,36,127,Dave Grohl -Drums-,Drum Kit _ 1,Drum Kit _ 1,99720,40
194.53125,0.078125,38,127,Dave Grohl -Drums-,Drum Kit _ 1,Drum Kit _ 1,99840,40
194.765625,0.078125,38,127,Dave Grohl -Drums-,Drum Kit _ 1,Drum Kit _ 1,99960,40
195.0,0.078125,36,102,Dave Grohl -Drums-,Drum Kit _ 1,Drum Kit _ 1,100080,40
195.0,0.078125,38,102,Dave Grohl -Drums-,Drum Kit _ 1,Drum Kit _ 1,100080,40
195.1171875,0.0390625,38,127,Dave Grohl -Drums-,Drum Kit _ 1,Drum Kit _ 1,100140,20
195.1171875,0.078125,36,127,Dave Grohl -Drums-,Drum Kit _ 1,Drum Kit _ 1,100140,40
195.234375,0.078125,36,127,Dave Grohl -Drums-,Drum Kit _ 1,Drum Kit _ 1,100200,40
195.46875,0.078125,36,102,Dave Grohl -Drums-,Drum Kit _ 1,Drum Kit _ 1,100320,40
195.46875,0.15625,38,102,Dave Grohl -Drums-,Drum Kit _ 1,Drum Kit _ 1,100320,80
195.9375,0.078125,36,127,Dave Grohl -Drums-,Drum Kit _ 1,Drum Kit _ 1,100560,40
195.9375,0.15625,38,102,Dave Grohl -Drums-,Drum Kit _ 1,Drum Kit _ 1,100560,80
196.0546875,0.078125,36,127,Dave Grohl -Drums-,Drum Kit _ 1,Drum Kit _ 1,100620,40
196.171875,0.078125,36,127,Dave Grohl -Drums-,Drum Kit _ 1,Drum Kit _ 1,100680,40
196.40625,0.078125,36,127,Dave Grohl -Drums-,Drum Kit _ 1,Drum Kit _ 1,100800,40
196.40625,0.15625,38,102,Dave Grohl -Drums-,Drum Kit _ 1,Drum Kit _ 1,100800,80
196.640625,0.078125,36,127,Dave Grohl -Drums-,Drum Kit _ 1,Drum Kit _ 1,100920,40
196.875,0.078125,36,102,Dave Grohl -Drums-,Drum Kit _ 1,Drum Kit _ 1,101040,40
196.875,0.078125,38,102,Dave Grohl -Drums-,Drum Kit _ 1,Drum Kit _ 1,101040,40
196.9921875,0.0390625,38,127,Dave Grohl -Drums-,Drum Kit _ 1,Drum Kit _ 1,101100,20
196.9921875,0.078125,36,127,Dave Grohl -Drums-,Drum Kit _ 1,Drum Kit _ 1,101100,40
197.109375,0.078125,36,127,Dave Grohl -Drums-,Drum Kit _ 1,Drum Kit _ 1,101160,40
197.34375,0.078125,36,102,Dave Grohl -Drums-,Drum Kit _ 1,Drum Kit _ 1,101280,40
197.34375,0.15625,38,102,Dave Grohl -Drums-,Drum Kit _ 1,Drum Kit _ 1,101280,80
197.8125,0.078125,36,127,Dave Grohl -Drums-,Drum Kit _ 1,Drum Kit _ 1,101520,40
197.8125,0.15625,38,102,Dave Grohl -Drums-,Drum Kit _ 1,Drum Kit _ 1,101520,80
197.9296875,0.078125,36,127,Dave Grohl -Drums-,Drum Kit _ 1,Drum Kit _ 1,101580,40
198.046875,0.078125,36,127,Dave Grohl -Drums-,Drum Kit _ 1,Drum Kit _ 1,101640,40
198.28125,0.078125,36,127,Dave Grohl -Drums-,Drum Kit _ 1,Drum Kit _ 1,101760,40
198.28125,0.15625,38,102,Dave Grohl -Drums-,Drum Kit _ 1,Drum Kit _ 1,101760,80
198.515625,0.078125,38,127,Dave Grohl -Drums-,Drum Kit _ 1,Drum Kit _ 1,101880,40
198.515625,0.078125,36,127,Dave Grohl -Drums-,Drum Kit _ 1,Drum Kit _ 1,101880,40
198.75,0.078125,36,102,Dave Grohl -Drums-,Drum Kit _ 1,Drum Kit _ 1,102000,40
198.75,0.078125,38,102,Dave Grohl -Drums-,Drum Kit _ 1,Drum Kit _ 1,102000,40
198.8671875,0.0390625,38,127,Dave Grohl -Drums-,Drum Kit _ 1,Drum Kit _ 1,102060,20
198.8671875,0.078125,36,127,Dave Grohl -Drums-,Drum Kit _ 1,Drum Kit _ 1,102060,40
198.984375,0.078125,36,127,Dave Grohl -Drums-,Drum Kit _ 1,Drum Kit _ 1,102120,40
199.21875,0.078125,36,102,Dave Grohl -Drums-,Drum Kit _ 1,Drum Kit _ 1,102240,40
199.21875,0.15625,38,102,Dave Grohl -Drums-,Drum Kit _ 1,Drum Kit _ 1,102240,80
199.6875,0.078125,36,127,Dave Grohl -Drums-,Drum Kit _ 1,Drum Kit _ 1,102480,40
199.6875,0.15625,38,102,Dave Grohl -Drums-,Drum Kit _ 1,Drum Kit _ 1,102480,80
199.8046875,0.078125,36,127,Dave Grohl -Drums-,Drum Kit _ 1,Drum Kit _ 1,102540,40
199.921875,0.078125,36,127,Dave Grohl -Drums-,Drum Kit _ 1,Drum Kit _ 1,102600,40
200.15625,0.078125,36,127,Dave Grohl -Drums-,Drum Kit _ 1,Drum Kit _ 1,102720,40
200.15625,0.15625,38,102,Dave Grohl -Drums-,Drum Kit _ 1,Drum Kit _ 1,102720,80
200.390625,0.078125,36,127,Dave Grohl -Drums-,Drum Kit _ 1,Drum Kit _ 1,102840,40
200.625,0.078125,36,102,Dave Grohl -Drums-,Drum Kit _ 1,Drum Kit _ 1,102960,40
200.625,0.078125,38,102,Dave Grohl -Drums-,Drum Kit _ 1,Drum Kit _ 1,102960,40
200.7421875,0.0390625,38,127,Dave Grohl -Drums-,Drum Kit _ 1,Drum Kit _ 1,103020,20
200.7421875,0.078125,36,127,Dave Grohl -Drums-,Drum Kit _ 1,Drum Kit _ 1,103020,40
200.859375,0.078125,36,127,Dave Grohl -Drums-,Drum Kit _ 1,Drum Kit _ 1,103080,40
201.09375,0.078125,36,102,Dave Grohl -Drums-,Drum Kit _ 1,Drum Kit _ 1,103200,40
201.09375,0.15625,38,102,Dave Grohl -Drums-,Drum Kit _ 1,Drum Kit _ 1,103200,80
201.5625,0.078125,36,127,Dave Grohl -Drums-,Drum Kit _ 1,Drum Kit _ 1,103440,40
201.5625,0.15625,38,102,Dave Grohl -Drums-,Drum Kit _ 1,Drum Kit _ 1,103440,80
201.6796875,0.078125,36,127,Dave Grohl -Drums-,Drum Kit _ 1,Drum Kit _ 1,103500,40
201.796875,0.078125,36,127,Dave Grohl -Drums-,Drum Kit _ 1,Drum Kit _ 1,103560,40
202.03125,0.078125,36,127,Dave Grohl -Drums-,Drum Kit _ 1,Drum Kit _ 1,103680,40
202.03125,0.15625,38,102,Dave Grohl -Drums-,Drum Kit _ 1,Drum Kit _ 1,103680,80
202.265625,0.078125,38,127,Dave Grohl -Drums-,Drum Kit _ 1,Drum Kit _ 1,103800,40
202.265625,0.078125,36,127,Dave Grohl -Drums-,Drum Kit _ 1,Drum Kit _ 1,103800,40
202.5,0.078125,36,102,Dave Grohl -Drums-,Drum Kit _ 1,Drum Kit _ 1,103920,40
202.5,0.078125,38,102,Dave Grohl -Drums-,Drum Kit _ 1,Drum Kit _ 1,103920,40
202.6171875,0.0390625,38,127,Dave Grohl -Drums-,Drum Kit _ 1,Drum Kit _ 1,103980,20
202.6171875,0.078125,36,127,Dave Grohl -Drums-,Drum Kit _ 1,Drum Kit _ 1,103980,40
202.734375,0.078125,36,127,Dave Grohl -Drums-,Drum Kit _ 1,Drum Kit _ 1,104040,40
202.96875,0.078125,36,102,Dave Grohl -Drums-,Drum Kit _ 1,Drum Kit _ 1,104160,40
202.96875,0.15625,38,102,Dave Grohl -Drums-,Drum Kit _ 1,Drum Kit _ 1,104160,80
203.4375,0.078125,36,127,Dave Grohl -Drums-,Drum Kit _ 1,Drum Kit _ 1,104400,40
203.4375,0.15625,38,102,Dave Grohl -Drums-,Drum Kit _ 1,Drum Kit _ 1,104400,80
203.5546875,0.078125,36,127,Dave Grohl -Drums-,Drum Kit _ 1,Drum Kit _ 1,104460,40
203.671875,0.078125,36,127,Dave Grohl -Drums-,Drum Kit _ 1,Drum Kit _ 1,104520,40
203.90625,0.078125,36,127,Dave Grohl -Drums-,Drum Kit _ 1,Drum Kit _ 1,104640,40
203.90625,0.15625,38,102,Dave Grohl -Drums-,Drum Kit _ 1,Drum Kit _ 1,104640,80
204.140625,0.078125,36,127,Dave Grohl -Drums-,Drum Kit _ 1,Drum Kit _ 1,104760,40
204.375,0.078125,36,102,Dave Grohl -Drums-,Drum Kit _ 1,Drum Kit _ 1,104880,40
204.375,0.078125,38,102,Dave Grohl -Drums-,Drum Kit _ 1,Drum Kit _ 1,104880,40
204.4921875,0.0390625,38,127,Dave Grohl -Drums-,Drum Kit _ 1,Drum Kit _ 1,104940,20
204.4921875,0.078125,36,127,Dave Grohl -Drums-,Drum Kit _ 1,Drum Kit _ 1,104940,40
204.609375,0.078125,36,127,Dave Grohl -Drums-,Drum Kit _ 1,Drum Kit _ 1,105000,40
204.84375,0.078125,36,102,Dave Grohl -Drums-,Drum Kit _ 1,Drum Kit _ 1,105120,40
204.84375,0.15625,38,102,Dave Grohl -Drums-,Drum Kit _ 1,Drum Kit _ 1,105120,80
205.3125,0.078125,36,127,Dave Grohl -Drums-,Drum Kit _ 1,Drum Kit _ 1,105360,40
205.3125,0.15625,38,102,Dave Grohl -Drums-,Drum Kit _ 1,Drum Kit _ 1,105360,80
205.4296875,0.078125,36,127,Dave Grohl -Drums-,Drum Kit _ 1,Drum Kit _ 1,105420,40
205.546875,0.078125,36,127,Dave Grohl -Drums-,Drum Kit _ 1,Drum Kit _ 1,105480,40
205.78125,0.078125,36,127,Dave Grohl -Drums-,Drum Kit _ 1,Drum Kit _ 1,105600,40
205.78125,0.15625,38,102,Dave Grohl -Drums-,Drum Kit _ 1,Drum Kit _ 1,105600,80
206.015625,0.078125,38,127,Dave Grohl -Drums-,Drum Kit _ 1,Drum Kit _ 1,105720,40
206.015625,0.078125,36,127,Dave Grohl -Drums-,Drum Kit _ 1,Drum Kit _ 1,105720,40
206.25,0.078125,36,102,Dave Grohl -Drums-,Drum Kit _ 1,Drum Kit _ 1,105840,40
206.25,0.078125,38,102,Dave Grohl -Drums-,Drum Kit _ 1,Drum Kit _ 1,105840,40
206.3671875,0.0390625,38,127,Dave Grohl -Drums-,Drum Kit _ 1,Drum Kit _ 1,105900,20
206.3671875,0.078125,36,127,Dave Grohl -Drums-,Drum Kit _ 1,Drum Kit _ 1,105900,40
206.484375,0.078125,36,127,Dave Grohl -Drums-,Drum Kit _ 1,Drum Kit _ 1,105960,40
206.71875,0.078125,36,102,Dave Grohl -Drums-,Drum Kit _ 1,Drum Kit _ 1,106080,40
206.71875,0.15625,38,102,Dave Grohl -Drums-,Drum Kit _ 1,Drum Kit _ 1,106080,80
207.1875,0.078125,36,127,Dave Grohl -Drums-,Drum Kit _ 1,Drum Kit _ 1,106320,40
207.1875,0.15625,38,102,Dave Grohl -Drums-,Drum Kit _ 1,Drum Kit _ 1,106320,80
207.3046875,0.078125,36,127,Dave Grohl -Drums-,Drum Kit _ 1,Drum Kit _ 1,106380,40
207.421875,0.078125,36,127,Dave Grohl -Drums-,Drum Kit _ 1,Drum Kit _ 1,106440,40
207.65625,0.078125,36,127,Dave Grohl -Drums-,Drum Kit _ 1,Drum Kit _ 1,106560,40
207.65625,0.15625,38,102,Dave Grohl -Drums-,Drum Kit _ 1,Drum Kit _ 1,106560,80
207.890625,0.078125,36,127,Dave Grohl -Drums-,Drum Kit _ 1,Drum Kit _ 1,106680,40
208.125,0.078125,36,127,Dave Grohl -Drums-,Drum Kit _ 1,Drum Kit _ 1,106800,40
208.125,0.078125,38,127,Dave Grohl -Drums-,Drum Kit _ 1,Drum Kit _ 1,106800,40
208.2421875,0.078125,38,127,Dave Grohl -Drums-,Drum Kit _ 1,Drum Kit _ 1,106860,40
208.359375,0.078125,36,127,Dave Grohl -Drums-,Drum Kit _ 1,Drum Kit _ 1,106920,40
208.359375,0.078125,38,127,Dave Grohl -Drums-,Drum Kit _ 1,Drum Kit _ 1,106920,40
208.4765625,0.078125,38,127,Dave Grohl -Drums-,Drum Kit _ 1,Drum Kit _ 1,106980,40
208.59375,0.078125,36,127,Dave Grohl -Drums-,Drum Kit _ 1,Drum Kit _ 1,107040,40
208.59375,0.078125,38,127,Dave Grohl -Drums-,Drum Kit _ 1,Drum Kit _ 1,107040,40
208.7109375,0.078125,38,127,Dave Grohl -Drums-,Drum Kit _ 1,Drum Kit _ 1,107100,40
208.828125,0.078125,36,127,Dave Grohl -Drums-,Drum Kit _ 1,Drum Kit _ 1,107160,40
208.828125,0.078125,38,127,Dave Grohl -Drums-,Drum Kit _ 1,Drum Kit _ 1,107160,40
208.9453125,0.078125,38,127,Dave Grohl -Drums-,Drum Kit _ 1,Drum Kit _ 1,107220,40
209.0625,0.078125,36,127,Dave Grohl -Drums-,Drum Kit _ 1,Drum Kit _ 1,107280,40
209.0625,0.078125,38,127,Dave Grohl -Drums-,Drum Kit _ 1,Drum Kit _ 1,107280,40
209.1796875,0.078125,38,127,Dave Grohl -Drums-,Drum Kit _ 1,Drum Kit _ 1,107340,40
209.296875,0.078125,36,127,Dave Grohl -Drums-,Drum Kit _ 1,Drum Kit _ 1,107400,40
209.296875,0.078125,38,127,Dave Grohl -Drums-,Drum Kit _ 1,Drum Kit _ 1,107400,40
209.4140625,0.078125,38,127,Dave Grohl -Drums-,Drum Kit _ 1,Drum Kit _ 1,107460,40
209.53125,0.078125,36,127,Dave Grohl -Drums-,Drum Kit _ 1,Drum Kit _ 1,107520,40
209.53125,0.078125,38,127,Dave Grohl -Drums-,Drum Kit _ 1,Drum Kit _ 1,107520,40
209.765625,0.078125,36,127,Dave Grohl -Drums-,Drum Kit _ 1,Drum Kit _ 1,107640,40
210.0,0.078125,38,127,Dave Grohl -Drums-,Drum Kit _ 1,Drum Kit _ 1,107760,40
210.0,0.078125,36,127,Dave Grohl -Drums-,Drum Kit _ 1,Drum Kit _ 1,107760,40
210.46875,0.078125,38,127,Dave Grohl -Drums-,Drum Kit _ 1,Drum Kit _ 1,108000,40
210.46875,0.078125,36,127,Dave Grohl -Drums-,Drum Kit _ 1,Drum Kit _ 1,108000,40
210.9375,0.078125,38,127,Dave Grohl -Drums-,Drum Kit _ 1,Drum Kit _ 1,108240,40
211.0546875,0.078125,38,127,Dave Grohl -Drums-,Drum Kit _ 1,Drum Kit _ 1,108300,40
211.171875,0.078125,35,127,Dave Grohl -Drums-,Drum Kit _ 1,Drum Kit _ 1,108360,40
211.171875,0.078125,36,127,Dave Grohl -Drums-,Drum Kit _ 1,Drum Kit _ 1,108360,40
211.40625,0.078125,38,127,Dave Grohl -Drums-,Drum Kit _ 1,Drum Kit _ 1,108480,40
211.5234375,0.078125,38,127,Dave Grohl -Drums-,Drum Kit _ 1,Drum Kit _ 1,108540,40
211.640625,0.078125,36,127,Dave Grohl -Drums-,Drum Kit _ 1,Drum Kit _ 1,108600,40
211.640625,0.078125,35,127,Dave Grohl -Drums-,Drum Kit _ 1,Drum Kit _ 1,108600,40
211.875,0.078125,38,127,Dave Grohl -Drums-,Drum Kit _ 1,Drum Kit _ 1,108720,40
211.875,0.078125,36,127,Dave Grohl -Drums-,Drum Kit _ 1,Drum Kit _ 1,108720,40
212.34375,0.078125,38,127,Dave Grohl -Drums-,Drum Kit _ 1,Drum Kit _ 1,108960,40
212.34375,0.078125,36,127,Dave Grohl -Drums-,Drum Kit _ 1,Drum Kit _ 1,108960,40
212.8125,0.078125,38,127,Dave Grohl -Drums-,Drum Kit _ 1,Drum Kit _ 1,109200,40
212.9296875,0.078125,38,127,Dave Grohl -Drums-,Drum Kit _ 1,Drum Kit _ 1,109260,40
213.046875,0.078125,35,127,Dave Grohl -Drums-,Drum Kit _ 1,Drum Kit _ 1,109320,40
213.046875,0.078125,36,127,Dave Grohl -Drums-,Drum Kit _ 1,Drum Kit _ 1,109320,40
213.28125,0.078125,38,127,Dave Grohl -Drums-,Drum Kit _ 1,Drum Kit _ 1,109440,40
213.3984375,0.078125,38,127,Dave Grohl -Drums-,Drum Kit _ 1,Drum Kit _ 1,109500,40
213.515625,0.078125,36,127,Dave Grohl -Drums-,Drum Kit _ 1,Drum Kit _ 1,109560,40
213.515625,0.078125,35,127,Dave Grohl -Drums-,Drum Kit _ 1,Drum Kit _ 1,109560,40
213.75,0.078125,38,127,Dave Grohl -Drums-,Drum Kit _ 1,Drum Kit _ 1,109680,40
213.75,0.078125,36,127,Dave Grohl -Drums-,Drum Kit _ 1,Drum Kit _ 1,109680,40
214.21875,0.078125,38,127,Dave Grohl -Drums-,Drum Kit _ 1,Drum Kit _ 1,109920,40
214.21875,0.078125,36,127,Dave Grohl -Drums-,Drum Kit _ 1,Drum Kit _ 1,109920,40
214.6875,0.078125,38,127,Dave Grohl -Drums-,Drum Kit _ 1,Drum Kit _ 1,110160,40
214.8046875,0.078125,38,127,Dave Grohl -Drums-,Drum Kit _ 1,Drum Kit _ 1,110220,40
214.921875,0.078125,35,127,Dave Grohl -Drums-,Drum Kit _ 1,Drum Kit _ 1,110280,40
214.921875,0.078125,36,127,Dave Grohl -Drums-,Drum Kit _ 1,Drum Kit _ 1,110280,40
215.15625,0.078125,38,127,Dave Grohl -Drums-,Drum Kit _ 1,Drum Kit _ 1,110400,40
215.2734375,0.078125,38,127,Dave Grohl -Drums-,Drum Kit _ 1,Drum Kit _ 1,110460,40
215.390625,0.078125,36,127,Dave Grohl -Drums-,Drum Kit _ 1,Drum Kit _ 1,110520,40
215.390625,0.078125,35,127,Dave Grohl -Drums-,Drum Kit _ 1,Drum Kit _ 1,110520,40
215.625,0.078125,38,127,Dave Grohl -Drums-,Drum Kit _ 1,Drum Kit _ 1,110640,40
215.625,0.078125,36,127,Dave Grohl -Drums-,Drum Kit _ 1,Drum Kit _ 1,110640,40
216.09375,0.078125,38,127,Dave Grohl -Drums-,Drum Kit _ 1,Drum Kit _ 1,110880,40
216.09375,0.078125,36,127,Dave Grohl -Drums-,Drum Kit _ 1,Drum Kit _ 1,110880,40
216.5625,0.078125,38,127,Dave Grohl -Drums-,Drum Kit _ 1,Drum Kit _ 1,111120,40
216.6796875,0.078125,38,127,Dave Grohl -Drums-,Drum Kit _ 1,Drum Kit _ 1,111180,40
216.796875,0.078125,35,127,Dave Grohl -Drums-,Drum Kit _ 1,Drum Kit _ 1,111240,40
216.796875,0.078125,36,127,Dave Grohl -Drums-,Drum Kit _ 1,Drum Kit _ 1,111240,40
217.03125,0.078125,38,127,Dave Grohl -Drums-,Drum Kit _ 1,Drum Kit _ 1,111360,40
217.1484375,0.078125,38,127,Dave Grohl -Drums-,Drum Kit _ 1,Drum Kit _ 1,111420,40
217.265625,0.078125,36,127,Dave Grohl -Drums-,Drum Kit _ 1,Drum Kit _ 1,111480,40
217.265625,0.078125,35,127,Dave Grohl -Drums-,Drum Kit _ 1,Drum Kit _ 1,111480,40
217.5,0.078125,38,127,Dave Grohl -Drums-,Drum Kit _ 1,Drum Kit _ 1,111600,40
217.5,0.078125,36,127,Dave Grohl -Drums-,Drum Kit _ 1,Drum Kit _ 1,111600,40
217.96875,0.078125,38,127,Dave Grohl -Drums-,Drum Kit _ 1,Drum Kit _ 1,111840,40
217.96875,0.078125,36,127,Dave Grohl -Drums-,Drum Kit _ 1,Drum Kit _ 1,111840,40
218.4375,0.078125,38,127,Dave Grohl -Drums-,Drum Kit _ 1,Drum Kit _ 1,112080,40
218.5546875,0.078125,38,127,Dave Grohl -Drums-,Drum Kit _ 1,Drum Kit _ 1,112140,40
218.671875,0.078125,35,127,Dave Grohl -Drums-,Drum Kit _ 1,Drum Kit _ 1,112200,40
218.671875,0.078125,36,127,Dave Grohl -Drums-,Drum Kit _ 1,Drum Kit _ 1,112200,40
218.90625,0.078125,38,127,Dave Grohl -Drums-,Drum Kit _ 1,Drum Kit _ 1,112320,40
219.0234375,0.078125,38,127,Dave Grohl -Drums-,Drum Kit _ 1,Drum Kit _ 1,112380,40
219.140625,0.078125,36,127,Dave Grohl -Drums-,Drum Kit _ 1,Drum Kit _ 1,112440,40
219.140625,0.078125,35,127,Dave Grohl -Drums-,Drum Kit _ 1,Drum Kit _ 1,112440,40
219.375,0.078125,38,127,Dave Grohl -Drums-,Drum Kit _ 1,Drum Kit _ 1,112560,40
219.375,0.078125,36,127,Dave Grohl -Drums-,Drum Kit _ 1,Drum Kit _ 1,112560,40
219.84375,0.078125,38,127,Dave Grohl -Drums-,Drum Kit _ 1,Drum Kit _ 1,112800,40
219.84375,0.078125,36,127,Dave Grohl -Drums-,Drum Kit _ 1,Drum Kit _ 1,112800,40
220.3125,0.078125,38,127,Dave Grohl -Drums-,Drum Kit _ 1,Drum Kit _ 1,113040,40
220.4296875,0.078125,38,127,Dave Grohl -Drums-,Drum Kit _ 1,Drum Kit _ 1,113100,40
220.546875,0.078125,35,127,Dave Grohl -Drums-,Drum Kit _ 1,Drum Kit _ 1,113160,40
220.546875,0.078125,36,127,Dave Grohl -Drums-,Drum Kit _ 1,Drum Kit _ 1,113160,40
220.78125,0.078125,38,127,Dave Grohl -Drums-,Drum Kit _ 1,Drum Kit _ 1,113280,40
220.8984375,0.078125,38,127,Dave Grohl -Drums-,Drum Kit _ 1,Drum Kit _ 1,113340,40
221.015625,0.078125,36,127,Dave Grohl -Drums-,Drum Kit _ 1,Drum Kit _ 1,113400,40
221.015625,0.078125,35,127,Dave Grohl -Drums-,Drum Kit _ 1,Drum Kit _ 1,113400,40
221.25,0.078125,38,127,Dave Grohl -Drums-,Drum Kit _ 1,Drum Kit _ 1,113520,40
221.25,0.078125,36,127,Dave Grohl -Drums-,Drum Kit _ 1,Drum Kit _ 1,113520,40
221.71875,0.078125,38,127,Dave Grohl -Drums-,Drum Kit _ 1,Drum Kit _ 1,113760,40
221.71875,0.078125,36,127,Dave Grohl -Drums-,Drum Kit _ 1,Drum Kit _ 1,113760,40
222.1875,0.078125,38,127,Dave Grohl -Drums-,Drum Kit _ 1,Drum Kit _ 1,114000,40
222.3046875,0.078125,38,127,Dave Grohl -Drums-,Drum Kit _ 1,Drum Kit _ 1,114060,40
222.421875,0.078125,35,127,Dave Grohl -Drums-,Drum Kit _ 1,Drum Kit _ 1,114120,40
222.421875,0.078125,36,127,Dave Grohl -Drums-,Drum Kit _ 1,Drum Kit _ 1,114120,40
222.65625,0.078125,38,127,Dave Grohl -Drums-,Drum Kit _ 1,Drum Kit _ 1,114240,40
222.7734375,0.078125,38,127,Dave Grohl -Drums-,Drum Kit _ 1,Drum Kit _ 1,114300,40
222.890625,0.078125,36,127,Dave Grohl -Drums-,Drum Kit _ 1,Drum Kit _ 1,114360,40
222.890625,0.078125,35,127,Dave Grohl -Drums-,Drum Kit _ 1,Drum Kit _ 1,114360,40
223.125,0.078125,38,127,Dave Grohl -Drums-,Drum Kit _ 1,Drum Kit _ 1,114480,40
223.125,0.078125,36,127,Dave Grohl -Drums-,Drum Kit _ 1,Drum Kit _ 1,114480,40
223.59375,0.078125,38,127,Dave Grohl -Drums-,Drum Kit _ 1,Drum Kit _ 1,114720,40
223.59375,0.078125,36,127,Dave Grohl -Drums-,Drum Kit _ 1,Drum Kit _ 1,114720,40
224.0625,0.078125,38,127,Dave Grohl -Drums-,Drum Kit _ 1,Drum Kit _ 1,114960,40
224.1796875,0.078125,38,127,Dave Grohl -Drums-,Drum Kit _ 1,Drum Kit _ 1,115020,40
224.296875,0.078125,35,127,Dave Grohl -Drums-,Drum Kit _ 1,Drum Kit _ 1,115080,40
224.296875,0.078125,36,127,Dave Grohl -Drums-,Drum Kit _ 1,Drum Kit _ 1,115080,40
224.53125,0.078125,38,127,Dave Grohl -Drums-,Drum Kit _ 1,Drum Kit _ 1,115200,40
224.6484375,0.078125,38,127,Dave Grohl -Drums-,Drum Kit _ 1,Drum Kit _ 1,115260,40
224.765625,0.078125,36,127,Dave Grohl -Drums-,Drum Kit _ 1,Drum Kit _ 1,115320,40
224.765625,0.078125,35,127,Dave Grohl -Drums-,Drum Kit _ 1,Drum Kit _ 1,115320,40
225.0,0.08333333333334281,38,127,Dave Grohl -Drums-,Drum Kit _ 1,Drum Kit _ 1,115440,40
225.0,0.08333333333334281,36,127,Dave Grohl -Drums-,Drum Kit _ 1,Drum Kit _ 1,115440,40
225.5,0.08333333333334281,38,127,Dave Grohl -Drums-,Drum Kit _ 1,Drum Kit _ 1,115680,40
225.5,0.08333333333334281,36,127,Dave Grohl -Drums-,Drum Kit _ 1,Drum Kit _ 1,115680,40
226.0,0.08333333333334281,38,127,Dave Grohl -Drums-,Drum Kit _ 1,Drum Kit _ 1,115920,40
226.125,0.08333333333334281,38,127,Dave Grohl -Drums-,Drum Kit _ 1,Drum Kit _ 1,115980,40
226.25,0.08333333333334281,36,127,Dave Grohl -Drums-,Drum Kit _ 1,Drum Kit _ 1,116040,40
226.5,0.08333333333334281,38,127,Dave Grohl -Drums-,Drum Kit _ 1,Drum Kit _ 1,116160,40
226.625,0.08333333333334281,38,127,Dave Grohl -Drums-,Drum Kit _ 1,Drum Kit _ 1,116220,40
226.75,0.08333333333334281,36,127,Dave Grohl -Drums-,Drum Kit _ 1,Drum Kit _ 1,116280,40
227.0,0.08333333333334281,38,127,Dave Grohl -Drums-,Drum Kit _ 1,Drum Kit _ 1,116400,40
227.0,0.08333333333334281,36,127,Dave Grohl -Drums-,Drum Kit _ 1,Drum Kit _ 1,116400,40
227.5,0.08333333333334281,38,127,Dave Grohl -Drums-,Drum Kit _ 1,Drum Kit _ 1,116640,40
227.5,0.08333333333334281,36,127,Dave Grohl -Drums-,Drum Kit _ 1,Drum Kit _ 1,116640,40
228.0,0.08333333333334281,38,127,Dave Grohl -Drums-,Drum Kit _ 1,Drum Kit _ 1,116880,40
228.125,0.08324722916665905,38,127,Dave Grohl -Drums-,Drum Kit _ 1,Drum Kit _ 1,116940,40
228.24956947916667,0.08264449999998646,36,127,Dave Grohl -Drums-,Drum Kit _ 1,Drum Kit _ 1,117000,40
228.49750297916665,0.08264450000001489,38,127,Dave Grohl -Drums-,Drum Kit _ 1,Drum Kit _ 1,117120,40
228.62146972916665,0.08264450000001489,38,127,Dave Grohl -Drums-,Drum Kit _ 1,Drum Kit _ 1,117180,40
228.74543647916667,0.08264449999998646,36,127,Dave Grohl -Drums-,Drum Kit _ 1,Drum Kit _ 1,117240,40
228.99336997916666,0.08264449999998646,35,127,Dave Grohl -Drums-,Drum Kit _ 1,Drum Kit _ 1,117360,40
228.99336997916666,0.08264449999998646,38,127,Dave Grohl -Drums-,Drum Kit _ 1,Drum Kit _ 1,117360,40
228.99336997916666,0.08264449999998646,36,127,Dave Grohl -Drums-,Drum Kit _ 1,Drum Kit _ 1,117360,40
229.48923697916666,0.08264449999998646,35,127,Dave Grohl -Drums-,Drum Kit _ 1,Drum Kit _ 1,117600,40
229.48923697916666,0.08264449999998646,38,127,Dave Grohl -Drums-,Drum Kit _ 1,Drum Kit _ 1,117600,40
229.48923697916666,0.08264449999998646,36,127,Dave Grohl -Drums-,Drum Kit _ 1,Drum Kit _ 1,117600,40
229.98510397916667,0.08264449999998646,38,127,Dave Grohl -Drums-,Drum Kit _ 1,Drum Kit _ 1,117840,40
230.10907072916666,0.08264449999998646,38,127,Dave Grohl -Drums-,Drum Kit _ 1,Drum Kit _ 1,117900,40
230.23303747916665,0.08264450000001489,35,127,Dave Grohl -Drums-,Drum Kit _ 1,Drum Kit _ 1,117960,40
230.23303747916665,0.08264450000001489,36,127,Dave Grohl -Drums-,Drum Kit _ 1,Drum Kit _ 1,117960,40
230.48097097916667,0.08264449999998646,38,127,Dave Grohl -Drums-,Drum Kit _ 1,Drum Kit _ 1,118080,40
230.60493772916666,0.08264449999998646,38,127,Dave Grohl -Drums-,Drum Kit _ 1,Drum Kit _ 1,118140,40
230.72890447916666,0.08264449999998646,36,127,Dave Grohl -Drums-,Drum Kit _ 1,Drum Kit _ 1,118200,40
230.72890447916666,0.08264449999998646,35,127,Dave Grohl -Drums-,Drum Kit _ 1,Drum Kit _ 1,118200,40
230.97683797916665,0.08264450000001489,38,127,Dave Grohl -Drums-,Drum Kit _ 1,Drum Kit _ 1,118320,40
230.97683797916665,0.08264450000001489,36,127,Dave Grohl -Drums-,Drum Kit _ 1,Drum Kit _ 1,118320,40
231.4718583125,0.08196716666665793,38,127,Dave Grohl -Drums-,Drum Kit _ 1,Drum Kit _ 1,118560,40
231.4718583125,0.08196716666665793,36,127,Dave Grohl -Drums-,Drum Kit _ 1,Drum Kit _ 1,118560,40
231.9636613125,0.08196716666665793,38,127,Dave Grohl -Drums-,Drum Kit _ 1,Drum Kit _ 1,118800,40
232.0866120625,0.08196716666665793,38,127,Dave Grohl -Drums-,Drum Kit _ 1,Drum Kit _ 1,118860,40
232.2095628125,0.08196716666665793,35,127,Dave Grohl -Drums-,Drum Kit _ 1,Drum Kit _ 1,118920,40
232.2095628125,0.08196716666665793,36,127,Dave Grohl -Drums-,Drum Kit _ 1,Drum Kit _ 1,118920,40
232.4554643125,0.08196716666665793,38,127,Dave Grohl -Drums-,Drum Kit _ 1,Drum Kit _ 1,119040,40
232.5784150625,0.08196716666665793,38,127,Dave Grohl -Drums-,Drum Kit _ 1,Drum Kit _ 1,119100,40
232.7013658125,0.08196716666665793,36,127,Dave Grohl -Drums-,Drum Kit _ 1,Drum Kit _ 1,119160,40
232.7013658125,0.08196716666665793,35,127,Dave Grohl -Drums-,Drum Kit _ 1,Drum Kit _ 1,119160,40
232.9472673125,0.08196716666665793,35,127,Dave Grohl -Drums-,Drum Kit _ 1,Drum Kit _ 1,119280,40
232.9472673125,0.08196716666665793,38,127,Dave Grohl -Drums-,Drum Kit _ 1,Drum Kit _ 1,119280,40
232.9472673125,0.08196716666665793,36,127,Dave Grohl -Drums-,Drum Kit _ 1,Drum Kit _ 1,119280,40
233.4390703125,0.08196716666665793,35,127,Dave Grohl -Drums-,Drum Kit _ 1,Drum Kit _ 1,119520,40
233.4390703125,0.08196716666665793,38,127,Dave Grohl -Drums-,Drum Kit _ 1,Drum Kit _ 1,119520,40
233.4390703125,0.08196716666665793,36,127,Dave Grohl -Drums-,Drum Kit _ 1,Drum Kit _ 1,119520,40
233.93087331249998,0.08196716666668635,35,127,Dave Grohl -Drums-,Drum Kit _ 1,Drum Kit _ 1,119760,40
233.93087331249998,0.08196716666668635,38,127,Dave Grohl -Drums-,Drum Kit _ 1,Drum Kit _ 1,119760,40
233.93087331249998,0.08196716666668635,36,127,Dave Grohl -Drums-,Drum Kit _ 1,Drum Kit _ 1,119760,40
234.4226763125,0.08196716666665793,35,127,Dave Grohl -Drums-,Drum Kit _ 1,Drum Kit _ 1,120000,40
234.4226763125,0.08196716666665793,36,127,Dave Grohl -Drums-,Drum Kit _ 1,Drum Kit _ 1,120000,40
234.4226763125,0.08196716666665793,38,127,Dave Grohl -Drums-,Drum Kit _ 1,Drum Kit _ 1,120000,40
234.911230125,0.0813006666666638,35,127,Dave Grohl -Drums-,Drum Kit _ 1,Drum Kit _ 1,120240,40
234.911230125,0.0813006666666638,38,127,Dave Grohl -Drums-,Drum Kit _ 1,Drum Kit _ 1,120240,40
234.911230125,0.0813006666666638,36,127,Dave Grohl -Drums-,Drum Kit _ 1,Drum Kit _ 1,120240,40
235.399034125,0.0813006666666638,35,127,Dave Grohl -Drums-,Drum Kit _ 1,Drum Kit _ 1,120480,40
235.399034125,0.0813006666666638,38,127,Dave Grohl -Drums-,Drum Kit _ 1,Drum Kit _ 1,120480,40
235.399034125,0.0813006666666638,36,127,Dave Grohl -Drums-,Drum Kit _ 1,Drum Kit _ 1,120480,40
235.886838125,0.0813006666666638,35,127,Dave Grohl -Drums-,Drum Kit _ 1,Drum Kit _ 1,120720,40
235.886838125,0.0813006666666638,38,127,Dave Grohl -Drums-,Drum Kit _ 1,Drum Kit _ 1,120720,40
235.886838125,0.0813006666666638,36,127,Dave Grohl -Drums-,Drum Kit _ 1,Drum Kit _ 1,120720,40
236.374642125,0.0813006666666638,35,127,Dave Grohl -Drums-,Drum Kit _ 1,Drum Kit _ 1,120960,40
236.374642125,0.0813006666666638,36,127,Dave Grohl -Drums-,Drum Kit _ 1,Drum Kit _ 1,120960,40
236.374642125,0.0813006666666638,38,127,Dave Grohl -Drums-,Drum Kit _ 1,Drum Kit _ 1,120960,40
236.862446125,0.0813006666666638,35,127,Dave Grohl -Drums-,Drum Kit _ 1,Drum Kit _ 1,121200,40
236.862446125,0.0813006666666638,38,127,Dave Grohl -Drums-,Drum Kit _ 1,Drum Kit _ 1,121200,40
236.862446125,0.0813006666666638,36,127,Dave Grohl -Drums-,Drum Kit _ 1,Drum Kit _ 1,121200,40
237.350250125,0.0813006666666638,35,127,Dave Grohl -Drums-,Drum Kit _ 1,Drum Kit _ 1,121440,40
237.350250125,0.0813006666666638,38,127,Dave Grohl -Drums-,Drum Kit _ 1,Drum Kit _ 1,121440,40
237.350250125,0.0813006666666638,36,127,Dave Grohl -Drums-,Drum Kit _ 1,Drum Kit _ 1,121440,40
237.83641495833334,0.08064499999997565,35,127,Dave Grohl -Drums-,Drum Kit _ 1,Drum Kit _ 1,121680,40
237.83641495833334,0.08064499999997565,38,127,Dave Grohl -Drums-,Drum Kit _ 1,Drum Kit _ 1,121680,40
237.83641495833334,0.08064499999997565,36,127,Dave Grohl -Drums-,Drum Kit _ 1,Drum Kit _ 1,121680,40
238.32028495833333,0.08064500000000407,35,127,Dave Grohl -Drums-,Drum Kit _ 1,Drum Kit _ 1,121920,40
238.32028495833333,0.08064500000000407,36,127,Dave Grohl -Drums-,Drum Kit _ 1,Drum Kit _ 1,121920,40
238.32028495833333,0.08064500000000407,38,127,Dave Grohl -Drums-,Drum Kit _ 1,Drum Kit _ 1,121920,40
238.80415495833333,0.08056704166668283,35,127,Dave Grohl -Drums-,Drum Kit _ 1,Drum Kit _ 1,122160,40
238.80415495833333,0.08056704166668283,38,127,Dave Grohl -Drums-,Drum Kit _ 1,Drum Kit _ 1,122160,40
238.80415495833333,0.08056704166668283,36,127,Dave Grohl -Drums-,Drum Kit _ 1,Drum Kit _ 1,122160,40
239.31558089583334,0.09090899999998214,35,127,Dave Grohl -Drums-,Drum Kit _ 1,Drum Kit _ 1,122400,40
239.31558089583334,0.09090899999998214,38,127,Dave Grohl -Drums-,Drum Kit _ 1,Drum Kit _ 1,122400,40
239.31558089583334,0.09090899999998214,36,127,Dave Grohl -Drums-,Drum Kit _ 1,Drum Kit _ 1,122400,40
239.86103489583334,0.09090899999998214,35,127,Dave Grohl -Drums-,Drum Kit _ 1,Drum Kit _ 1,122640,40
239.86103489583334,0.09090899999998214,38,127,Dave Grohl -Drums-,Drum Kit _ 1,Drum Kit _ 1,122640,40
239.86103489583334,0.09090899999998214,36,127,Dave Grohl -Drums-,Drum Kit _ 1,Drum Kit _ 1,122640,40
240.40648889583332,0.09090900000001056,35,127,Dave Grohl -Drums-,Drum Kit _ 1,Drum Kit _ 1,122880,40
240.40648889583332,0.09090900000001056,36,127,Dave Grohl -Drums-,Drum Kit _ 1,Drum Kit _ 1,122880,40
240.40648889583332,0.09090900000001056,38,127,Dave Grohl -Drums-,Drum Kit _ 1,Drum Kit _ 1,122880,40
240.54285239583334,0.09090899999998214,36,127,Dave Grohl -Drums-,Drum Kit _ 1,Drum Kit _ 1,122940,40
240.54285239583334,0.09090899999998214,38,127,Dave Grohl -Drums-,Drum Kit _ 1,Drum Kit _ 1,122940,40
240.67921589583332,0.09090900000001056,35,127,Dave Grohl -Drums-,Drum Kit _ 1,Drum Kit _ 1,123000,40
240.67921589583332,0.09090900000001056,36,127,Dave Grohl -Drums-,Drum Kit _ 1,Drum Kit _ 1,123000,40
240.67921589583332,0.09090900000001056,38,127,Dave Grohl -Drums-,Drum Kit _ 1,Drum Kit _ 1,123000,40
240.81557939583334,0.09090899999998214,36,127,Dave Grohl -Drums-,Drum Kit _ 1,Drum Kit _ 1,123060,40
240.81557939583334,0.09090899999998214,38,127,Dave Grohl -Drums-,Drum Kit _ 1,Drum Kit _ 1,123060,40
240.95194289583333,0.09090900000001056,35,127,Dave Grohl -Drums-,Drum Kit _ 1,Drum Kit _ 1,123120,40
240.95194289583333,0.09090900000001056,36,127,Dave Grohl -Drums-,Drum Kit _ 1,Drum Kit _ 1,123120,40
240.95194289583333,0.09090900000001056,38,127,Dave Grohl -Drums-,Drum Kit _ 1,Drum Kit _ 1,123120,40
22.96875,0.234375,60,127,Smells Like Teen Spirit,Vibraphone _ 1,Vibraphone _ 1,12000,120
23.203125,2.142578125,65,127,Smells Like Teen Spirit,Vibraphone _ 1,Vibraphone _ 1,12120,1097
26.71875,0.234375,60,127,Smells Like Teen Spirit,Vibraphone _ 1,Vibraphone _ 1,13920,120
26.953125,2.142578125,65,127,Smells Like Teen Spirit,Vibraphone _ 1,Vibraphone _ 1,14040,1097
30.46875,0.234375,60,127,Smells Like Teen Spirit,Vibraphone _ 1,Vibraphone _ 1,15840,120
30.703125,2.142578125,65,127,Smells Like Teen Spirit,Vibraphone _ 1,Vibraphone _ 1,15960,1097
34.21875,0.234375,60,127,Smells Like Teen Spirit,Vibraphone _ 1,Vibraphone _ 1,17760,120
34.453125,2.142578125,65,127,Smells Like Teen Spirit,Vibraphone _ 1,Vibraphone _ 1,17880,1097
37.96875,0.234375,60,127,Smells Like Teen Spirit,Vibraphone _ 1,Vibraphone _ 1,19680,120
38.203125,2.142578125,65,127,Smells Like Teen Spirit,Vibraphone _ 1,Vibraphone _ 1,19800,1097
41.71875,0.234375,60,127,Smells Like Teen Spirit,Vibraphone _ 1,Vibraphone _ 1,21600,120
41.953125,2.142578125,65,127,Smells Like Teen Spirit,Vibraphone _ 1,Vibraphone _ 1,21720,1097
82.96875,0.234375,60,127,Smells Like Teen Spirit,Vibraphone _ 1,Vibraphone _ 1,42720,120
83.203125,2.142578125,65,127,Smells Like Teen Spirit,Vibraphone _ 1,Vibraphone _ 1,42840,1097
86.71875,0.234375,60,127,Smells Like Teen Spirit,Vibraphone _ 1,Vibraphone _ 1,44640,120
86.953125,2.142578125,65,127,Smells Like Teen Spirit,Vibraphone _ 1,Vibraphone _ 1,44760,1097
90.46875,0.234375,60,127,Smells Like Teen Spirit,Vibraphone _ 1,Vibraphone _ 1,46560,120
90.703125,2.142578125,65,127,Smells Like Teen Spirit,Vibraphone _ 1,Vibraphone _ 1,46680,1097
94.21875,0.234375,60,127,Smells Like Teen Spirit,Vibraphone _ 1,Vibraphone _ 1,48480,120
94.453125,2.142578125,65,127,Smells Like Teen Spirit,Vibraphone _ 1,Vibraphone _ 1,48600,1097
97.96875,0.234375,60,127,Smells Like Teen Spirit,Vibraphone _ 1,Vibraphone _ 1,50400,120
98.203125,2.142578125,65,127,Smells Like Teen Spirit,Vibraphone _ 1,Vibraphone _ 1,50520,1097
101.71875,0.234375,60,127,Smells Like Teen Spirit,Vibraphone _ 1,Vibraphone _ 1,52320,120
101.953125,2.142578125,65,127,Smells Like Teen Spirit,Vibraphone _ 1,Vibraphone _ 1,52440,1097
172.96875,0.234375,60,127,Smells Like Teen Spirit,Vibraphone _ 1,Vibraphone _ 1,88800,120
173.203125,2.142578125,65,127,Smells Like Teen Spirit,Vibraphone _ 1,Vibraphone _ 1,88920,1097
176.71875,0.234375,60,127,Smells Like Teen Spirit,Vibraphone _ 1,Vibraphone _ 1,90720,120
176.953125,2.142578125,65,127,Smells Like Teen Spirit,Vibraphone _ 1,Vibraphone _ 1,90840,1097
180.46875,0.234375,60,127,Smells Like Teen Spirit,Vibraphone _ 1,Vibraphone _ 1,92640,120
180.703125,2.142578125,65,127,Smells Like Teen Spirit,Vibraphone _ 1,Vibraphone _ 1,92760,1097
184.21875,0.234375,60,127,Smells Like Teen Spirit,Vibraphone _ 1,Vibraphone _ 1,94560,120
184.453125,2.142578125,65,127,Smells Like Teen Spirit,Vibraphone _ 1,Vibraphone _ 1,94680,1097
187.96875,0.234375,60,127,Smells Like Teen Spirit,Vibraphone _ 1,Vibraphone _ 1,96480,120
188.203125,2.142578125,65,127,Smells Like Teen Spirit,Vibraphone _ 1,Vibraphone _ 1,96600,1097
191.71875,0.234375,60,127,Smells Like Teen Spirit,Vibraphone _ 1,Vibraphone _ 1,98400,120
191.953125,2.142578125,65,127,Smells Like Teen Spirit,Vibraphone _ 1,Vibraphone _ 1,98520,1097
59.53125,0.234375,67,127,Nirvana Sub PopDGC 91,Brass Section _ 1,Brass Section _ 1,30720,120
59.765625,0.703125,67,127,Nirvana Sub PopDGC 91,Brass Section _ 1,Brass Section _ 1,30840,360
60.234375,0.9375,65,127,Nirvana Sub PopDGC 91,Brass Section _ 1,Brass Section _ 1,31080,480
61.171875,0.234375,70,127,Nirvana Sub PopDGC 91,Brass Section _ 1,Brass Section _ 1,31560,120
61.40625,0.234375,70,127,Nirvana Sub PopDGC 91,Brass Section _ 1,Brass Section _ 1,31680,120
61.640625,0.703125,70,127,Nirvana Sub PopDGC 91,Brass Section _ 1,Brass Section _ 1,31800,360
62.109375,0.9375,68,127,Nirvana Sub PopDGC 91,Brass Section _ 1,Brass Section _ 1,32040,480
63.046875,0.234375,61,127,Nirvana Sub PopDGC 91,Brass Section _ 1,Brass Section _ 1,32520,120
63.28125,0.234375,61,127,Nirvana Sub PopDGC 91,Brass Section _ 1,Brass Section _ 1,32640,120
63.515625,0.46875,61,127,Nirvana Sub PopDGC 91,Brass Section _ 1,Brass Section _ 1,32760,240
63.984375,0.625,60,127,Nirvana Sub PopDGC 91,Brass Section _ 1,Brass Section _ 1,33000,320
64.921875,0.234375,70,127,Nirvana Sub PopDGC 91,Brass Section _ 1,Brass Section _ 1,33480,120
65.15625,0.234375,70,127,Nirvana Sub PopDGC 91,Brass Section _ 1,Brass Section _ 1,33600,120
65.390625,0.703125,70,127,Nirvana Sub PopDGC 91,Brass Section _ 1,Brass Section _ 1,33720,360
65.859375,0.9375,68,127,Nirvana Sub PopDGC 91,Brass Section _ 1,Brass Section _ 1,33960,480
66.796875,0.234375,68,127,Nirvana Sub PopDGC 91,Brass Section _ 1,Brass Section _ 1,34440,120
67.03125,0.234375,67,127,Nirvana Sub PopDGC 91,Brass Section _ 1,Brass Section _ 1,34560,120
67.265625,0.703125,67,127,Nirvana Sub PopDGC 91,Brass Section _ 1,Brass Section _ 1,34680,360
67.734375,0.625,65,127,Nirvana Sub PopDGC 91,Brass Section _ 1,Brass Section _ 1,34920,320
68.671875,0.234375,70,127,Nirvana Sub PopDGC 91,Brass Section _ 1,Brass Section _ 1,35400,120
68.90625,0.234375,70,127,Nirvana Sub PopDGC 91,Brass Section _ 1,Brass Section _ 1,35520,120
69.140625,0.703125,70,127,Nirvana Sub PopDGC 91,Brass Section _ 1,Brass Section _ 1,35640,360
69.609375,0.9375,68,127,Nirvana Sub PopDGC 91,Brass Section _ 1,Brass Section _ 1,35880,480
70.546875,0.234375,61,127,Nirvana Sub PopDGC 91,Brass Section _ 1,Brass Section _ 1,36360,120
70.78125,0.234375,61,127,Nirvana Sub PopDGC 91,Brass Section _ 1,Brass Section _ 1,36480,120
71.015625,0.46875,61,127,Nirvana Sub PopDGC 91,Brass Section _ 1,Brass Section _ 1,36600,240
71.484375,0.625,60,127,Nirvana Sub PopDGC 91,Brass Section _ 1,Brass Section _ 1,36840,320
72.421875,0.234375,70,127,Nirvana Sub PopDGC 91,Brass Section _ 1,Brass Section _ 1,37320,120
72.65625,0.234375,70,127,Nirvana Sub PopDGC 91,Brass Section _ 1,Brass Section _ 1,37440,120
72.890625,0.703125,70,127,Nirvana Sub PopDGC 91,Brass Section _ 1,Brass Section _ 1,37560,360
73.359375,0.9375,68,127,Nirvana Sub PopDGC 91,Brass Section _ 1,Brass Section _ 1,37800,480
74.296875,0.625,68,127,Nirvana Sub PopDGC 91,Brass Section _ 1,Brass Section _ 1,38280,320
119.53125,0.234375,67,127,Nirvana Sub PopDGC 91,Brass Section _ 1,Brass Section _ 1,61440,120
119.765625,0.703125,67,127,Nirvana Sub PopDGC 91,Brass Section _ 1,Brass Section _ 1,61560,360
120.234375,0.9375,65,127,Nirvana Sub PopDGC 91,Brass Section _ 1,Brass Section _ 1,61800,480
121.171875,0.234375,70,127,Nirvana Sub PopDGC 91,Brass Section _ 1,Brass Section _ 1,62280,120
121.40625,0.234375,70,127,Nirvana Sub PopDGC 91,Brass Section _ 1,Brass Section _ 1,62400,120
121.640625,0.703125,70,127,Nirvana Sub PopDGC 91,Brass Section _ 1,Brass Section _ 1,62520,360
122.109375,0.9375,68,127,Nirvana Sub PopDGC 91,Brass Section _ 1,Brass Section _ 1,62760,480
123.046875,0.234375,61,127,Nirvana Sub PopDGC 91,Brass Section _ 1,Brass Section _ 1,63240,120
123.28125,0.234375,61,127,Nirvana Sub PopDGC 91,Brass Section _ 1,Brass Section _ 1,63360,120
123.515625,0.46875,61,127,Nirvana Sub PopDGC 91,Brass Section _ 1,Brass Section _ 1,63480,240
123.984375,0.625,60,127,Nirvana Sub PopDGC 91,Brass Section _ 1,Brass Section _ 1,63720,320
124.921875,0.234375,70,127,Nirvana Sub PopDGC 91,Brass Section _ 1,Brass Section _ 1,64200,120
125.15625,0.234375,70,127,Nirvana Sub PopDGC 91,Brass Section _ 1,Brass Section _ 1,64320,120
125.390625,0.703125,70,127,Nirvana Sub PopDGC 91,Brass Section _ 1,Brass Section _ 1,64440,360
125.859375,0.9375,68,127,Nirvana Sub PopDGC 91,Brass Section _ 1,Brass Section _ 1,64680,480
126.796875,0.234375,68,127,Nirvana Sub PopDGC 91,Brass Section _ 1,Brass Section _ 1,65160,120
127.03125,0.234375,67,127,Nirvana Sub PopDGC 91,Brass Section _ 1,Brass Section _ 1,65280,120
127.265625,0.703125,67,127,Nirvana Sub PopDGC 91,Brass Section _ 1,Brass Section _ 1,65400,360
127.734375,0.625,65,127,Nirvana Sub PopDGC 91,Brass Section _ 1,Brass Section _ 1,65640,320
128.671875,0.234375,70,127,Nirvana Sub PopDGC 91,Brass Section _ 1,Brass Section _ 1,66120,120
128.90625,0.234375,70,127,Nirvana Sub PopDGC 91,Brass Section _ 1,Brass Section _ 1,66240,120
129.140625,0.703125,70,127,Nirvana Sub PopDGC 91,Brass Section _ 1,Brass Section _ 1,66360,360
129.609375,0.9375,68,127,Nirvana Sub PopDGC 91,Brass Section _ 1,Brass Section _ 1,66600,480
130.546875,0.234375,61,127,Nirvana Sub PopDGC 91,Brass Section _ 1,Brass Section _ 1,67080,120
130.78125,0.234375,61,127,Nirvana Sub PopDGC 91,Brass Section _ 1,Brass Section _ 1,67200,120
131.015625,0.46875,61,127,Nirvana Sub PopDGC 91,Brass Section _ 1,Brass Section _ 1,67320,240
131.484375,0.625,60,127,Nirvana Sub PopDGC 91,Brass Section _ 1,Brass Section _ 1,67560,320
132.421875,0.234375,70,127,Nirvana Sub PopDGC 91,Brass Section _ 1,Brass Section _ 1,68040,120
132.65625,0.234375,70,127,Nirvana Sub PopDGC 91,Brass Section _ 1,Brass Section _ 1,68160,120
132.890625,0.703125,70,127,Nirvana Sub PopDGC 91,Brass Section _ 1,Brass Section _ 1,68280,360
133.359375,0.9375,68,127,Nirvana Sub PopDGC 91,Brass Section _ 1,Brass Section _ 1,68520,480
134.296875,0.625,68,127,Nirvana Sub PopDGC 91,Brass Section _ 1,Brass Section _ 1,69000,320
209.53125,0.234375,67,127,Nirvana Sub PopDGC 91,Brass Section _ 1,Brass Section _ 1,107520,120
209.765625,0.703125,67,127,Nirvana Sub PopDGC 91,Brass Section _ 1,Brass Section _ 1,107640,360
210.234375,0.9375,65,127,Nirvana Sub PopDGC 91,Brass Section _ 1,Brass Section _ 1,107880,480
211.171875,0.234375,70,127,Nirvana Sub PopDGC 91,Brass Section _ 1,Brass Section _ 1,108360,120
211.40625,0.234375,70,127,Nirvana Sub PopDGC 91,Brass Section _ 1,Brass Section _ 1,108480,120
211.640625,0.703125,70,127,Nirvana Sub PopDGC 91,Brass Section _ 1,Brass Section _ 1,108600,360
212.109375,0.9375,68,127,Nirvana Sub PopDGC 91,Brass Section _ 1,Brass Section _ 1,108840,480
213.046875,0.234375,61,127,Nirvana Sub PopDGC 91,Brass Section _ 1,Brass Section _ 1,109320,120
213.28125,0.234375,61,127,Nirvana Sub PopDGC 91,Brass Section _ 1,Brass Section _ 1,109440,120
213.515625,0.46875,61,127,Nirvana Sub PopDGC 91,Brass Section _ 1,Brass Section _ 1,109560,240
213.984375,0.625,60,127,Nirvana Sub PopDGC 91,Brass Section _ 1,Brass Section _ 1,109800,320
214.921875,0.234375,70,127,Nirvana Sub PopDGC 91,Brass Section _ 1,Brass Section _ 1,110280,120
215.15625,0.234375,70,127,Nirvana Sub PopDGC 91,Brass Section _ 1,Brass Section _ 1,110400,120
215.390625,0.703125,70,127,Nirvana Sub PopDGC 91,Brass Section _ 1,Brass Section _ 1,110520,360
215.859375,0.9375,68,127,Nirvana Sub PopDGC 91,Brass Section _ 1,Brass Section _ 1,110760,480
216.796875,0.234375,68,127,Nirvana Sub PopDGC 91,Brass Section _ 1,Brass Section _ 1,111240,120
217.03125,0.234375,67,127,Nirvana Sub PopDGC 91,Brass Section _ 1,Brass Section _ 1,111360,120
217.265625,0.703125,67,127,Nirvana Sub PopDGC 91,Brass Section _ 1,Brass Section _ 1,111480,360
217.734375,0.625,65,127,Nirvana Sub PopDGC 91,Brass Section _ 1,Brass Section _ 1,111720,320
218.671875,0.234375,70,127,Nirvana Sub PopDGC 91,Brass Section _ 1,Brass Section _ 1,112200,120
218.90625,0.234375,70,127,Nirvana Sub PopDGC 91,Brass Section _ 1,Brass Section _ 1,112320,120
219.140625,0.703125,70,127,Nirvana Sub PopDGC 91,Brass Section _ 1,Brass Section _ 1,112440,360
219.609375,0.9375,68,127,Nirvana Sub PopDGC 91,Brass Section _ 1,Brass Section _ 1,112680,480
220.546875,0.234375,61,127,Nirvana Sub PopDGC 91,Brass Section _ 1,Brass Section _ 1,113160,120
220.78125,0.234375,61,127,Nirvana Sub PopDGC 91,Brass Section _ 1,Brass Section _ 1,113280,120
221.015625,0.46875,61,127,Nirvana Sub PopDGC 91,Brass Section _ 1,Brass Section _ 1,113400,240
221.484375,0.625,60,127,Nirvana Sub PopDGC 91,Brass Section _ 1,Brass Section _ 1,113640,320
222.421875,0.234375,70,127,Nirvana Sub PopDGC 91,Brass Section _ 1,Brass Section _ 1,114120,120
222.65625,0.234375,70,127,Nirvana Sub PopDGC 91,Brass Section _ 1,Brass Section _ 1,114240,120
222.890625,0.703125,70,127,Nirvana Sub PopDGC 91,Brass Section _ 1,Brass Section _ 1,114360,360
223.359375,0.9375,68,127,Nirvana Sub PopDGC 91,Brass Section _ 1,Brass Section _ 1,114600,480
224.296875,0.234375,68,127,Nirvana Sub PopDGC 91,Brass Section _ 1,Brass Section _ 1,115080,120
224.53125,0.234375,67,127,Nirvana Sub PopDGC 91,Brass Section _ 1,Brass Section _ 1,115200,120
224.765625,0.484375,67,127,Nirvana Sub PopDGC 91,Brass Section _ 1,Brass Section _ 1,115320,240
225.25,1.0,65,127,Nirvana Sub PopDGC 91,Brass Section _ 1,Brass Section _ 1,115560,480
226.25,0.25,68,127,Nirvana Sub PopDGC 91,Brass Section _ 1,Brass Section _ 1,116040,120
226.5,0.25,67,127,Nirvana Sub PopDGC 91,Brass Section _ 1,Brass Section _ 1,116160,120
226.75,0.5,67,127,Nirvana Sub PopDGC 91,Brass Section _ 1,Brass Section _ 1,116280,240
227.25,0.9995694791666665,65,127,Nirvana Sub PopDGC 91,Brass Section _ 1,Brass Section _ 1,116520,480
228.24956947916667,0.24793349999998782,68,127,Nirvana Sub PopDGC 91,Brass Section _ 1,Brass Section _ 1,117000,120
228.49750297916665,0.24793350000001624,67,127,Nirvana Sub PopDGC 91,Brass Section _ 1,Brass Section _ 1,117120,120
228.74543647916667,0.49586699999997563,67,127,Nirvana Sub PopDGC 91,Brass Section _ 1,Brass Section _ 1,117240,240
229.24130347916665,0.9917340000000081,65,127,Nirvana Sub PopDGC 91,Brass Section _ 1,Brass Section _ 1,117480,480
230.23303747916665,0.24793350000001624,68,127,Nirvana Sub PopDGC 91,Brass Section _ 1,Brass Section _ 1,117960,120
230.48097097916667,0.24793349999998782,67,127,Nirvana Sub PopDGC 91,Brass Section _ 1,Brass Section _ 1,118080,120
230.72890447916666,0.49586700000000405,67,127,Nirvana Sub PopDGC 91,Brass Section _ 1,Brass Section _ 1,118200,240
231.22477147916666,0.9847913333333338,65,127,Nirvana Sub PopDGC 91,Brass Section _ 1,Brass Section _ 1,118440,480
232.2095628125,0.24590150000000222,68,127,Nirvana Sub PopDGC 91,Brass Section _ 1,Brass Section _ 1,118920,120
232.4554643125,0.24590150000000222,67,127,Nirvana Sub PopDGC 91,Brass Section _ 1,Brass Section _ 1,119040,120
232.7013658125,0.49180300000000443,67,127,Nirvana Sub PopDGC 91,Brass Section _ 1,Brass Section _ 1,119160,240
233.1931688125,0.9836059999999804,65,127,Nirvana Sub PopDGC 91,Brass Section _ 1,Brass Section _ 1,119400,480
234.17677481249999,0.24590150000000222,68,127,Nirvana Sub PopDGC 91,Brass Section _ 1,Brass Section _ 1,119880,120
234.4226763125,0.24465181249999546,67,127,Nirvana Sub PopDGC 91,Brass Section _ 1,Brass Section _ 1,120000,120
234.66732812499998,0.48780400000001123,67,127,Nirvana Sub PopDGC 91,Brass Section _ 1,Brass Section _ 1,120120,240
235.155132125,0.975607999999994,65,127,Nirvana Sub PopDGC 91,Brass Section _ 1,Brass Section _ 1,120360,480
236.130740125,0.24390200000001983,68,127,Nirvana Sub PopDGC 91,Brass Section _ 1,Brass Section _ 1,120840,120
236.374642125,0.2439019999999914,67,127,Nirvana Sub PopDGC 91,Brass Section _ 1,Brass Section _ 1,120960,120
236.618544125,0.4878039999999828,67,127,Nirvana Sub PopDGC 91,Brass Section _ 1,Brass Section _ 1,121080,240
237.10634812499998,0.9720018333333371,65,127,Nirvana Sub PopDGC 91,Brass Section _ 1,Brass Section _ 1,121320,480
238.07834995833332,0.24193500000001222,68,127,Nirvana Sub PopDGC 91,Brass Section _ 1,Brass Section _ 1,121800,120
238.32028495833333,0.2419349999999838,67,127,Nirvana Sub PopDGC 91,Brass Section _ 1,Brass Section _ 1,121920,120
238.56221995833332,0.48893618750003043,67,127,Nirvana Sub PopDGC 91,Brass Section _ 1,Brass Section _ 1,122040,240
239.05115614583335,1.082605749999999,65,127,Nirvana Sub PopDGC 91,Brass Section _ 1,Brass Section _ 1,122280,480
240.13376189583335,0.27272699999997485,68,127,Nirvana Sub PopDGC 91,Brass Section _ 1,Brass Section _ 1,122760,120
240.40648889583332,0.2727270000000033,67,127,Nirvana Sub PopDGC 91,Brass Section _ 1,Brass Section _ 1,122880,120
240.67921589583332,0.5454540000000065,67,127,Nirvana Sub PopDGC 91,Brass Section _ 1,Brass Section _ 1,123000,240
241.22466989583333,3.818177999999989,65,127,Nirvana Sub PopDGC 91,Brass Section _ 1,Brass Section _ 1,123240,1680
