time_start_sec,duration_sec,pitch,velocity,track,instrument,track_new,time_start_tick,duration_tick
66.52057500000001,0.2391262499999982,38,117,APIANO 3,Electric Grand Piano _ 1,Electric Grand Piano _ 1,52224,176
66.52057500000001,0.4619484374999985,57,117,APIANO 3,Electric Grand Piano _ 1,Electric Grand Piano _ 1,52224,340
66.78144,0.29347312500000555,66,117,APIANO 3,Electric Grand Piano _ 1,Electric Grand Piano _ 1,52416,216
66.91187250000002,0.21738750000000095,62,113,APIANO 3,Electric Grand Piano _ 1,Electric Grand Piano _ 1,52512,160
66.91187250000002,0.29347312499999134,38,112,APIANO 3,Electric Grand Piano _ 1,Electric Grand Piano _ 1,52512,216
66.78144,0.5162953125000058,50,117,APIANO 3,Electric Grand Piano _ 1,Electric Grand Piano _ 1,52416,380
67.30317000000001,0.021738749999997253,50,117,APIANO 3,Electric Grand Piano _ 1,Electric Grand Piano _ 1,52800,16
67.04230500000001,0.3152118750000028,57,117,APIANO 3,Electric Grand Piano _ 1,Electric Grand Piano _ 1,52608,232
67.30317000000001,0.3586893749999973,62,117,APIANO 3,Electric Grand Piano _ 1,Electric Grand Piano _ 1,52800,264
67.564035,0.11412843749999979,57,92,APIANO 3,Electric Grand Piano _ 1,Electric Grand Piano _ 1,52992,84
67.17273750000001,0.6195543749999928,66,117,APIANO 3,Electric Grand Piano _ 1,Electric Grand Piano _ 1,52704,456
67.564035,0.3097771875000035,43,117,APIANO 3,Electric Grand Piano _ 1,Electric Grand Piano _ 1,52992,228
67.82490000000001,0.1956487499999895,59,111,APIANO 3,Electric Grand Piano _ 1,Electric Grand Piano _ 1,53184,144
67.82490000000001,0.24999562499999683,55,117,APIANO 3,Electric Grand Piano _ 1,Electric Grand Piano _ 1,53184,184
67.95533250000001,0.16847531249999292,62,117,APIANO 3,Electric Grand Piano _ 1,Electric Grand Piano _ 1,53280,124
67.82490000000001,0.32608125000000143,67,117,APIANO 3,Electric Grand Piano _ 1,Electric Grand Piano _ 1,53184,240
68.08576500000001,0.29890781250000487,59,117,APIANO 3,Electric Grand Piano _ 1,Electric Grand Piano _ 1,53376,220
68.34663,0.1195631249999991,55,117,APIANO 3,Electric Grand Piano _ 1,Electric Grand Piano _ 1,53568,88
68.08576500000001,0.40760156250000534,43,117,APIANO 3,Electric Grand Piano _ 1,Electric Grand Piano _ 1,53376,300
68.34663,0.1956487500000037,62,117,APIANO 3,Electric Grand Piano _ 1,Electric Grand Piano _ 1,53568,144
68.47706250000002,0.12499781249999842,59,117,APIANO 3,Electric Grand Piano _ 1,Electric Grand Piano _ 1,53664,92
68.2161975,0.41303625000000466,67,117,APIANO 3,Electric Grand Piano _ 1,Electric Grand Piano _ 1,53472,304
68.60749500000001,0.33151593750000075,38,117,APIANO 3,Electric Grand Piano _ 1,Electric Grand Piano _ 1,53760,244
68.86836000000001,0.18477937500000507,57,117,APIANO 3,Electric Grand Piano _ 1,Electric Grand Piano _ 1,53952,136
68.86836000000001,0.28803843750000624,66,117,APIANO 3,Electric Grand Piano _ 1,Electric Grand Piano _ 1,53952,212
69.129225,0.08152031250000391,38,117,APIANO 3,Electric Grand Piano _ 1,Electric Grand Piano _ 1,54144,60
68.99879250000001,0.21195281250000164,62,113,APIANO 3,Electric Grand Piano _ 1,Electric Grand Piano _ 1,54048,156
68.86836000000001,0.5162953125000058,50,117,APIANO 3,Electric Grand Piano _ 1,Electric Grand Piano _ 1,53952,380
69.39009000000001,0.027173437499996567,50,117,APIANO 3,Electric Grand Piano _ 1,Electric Grand Piano _ 1,54336,20
69.129225,0.3423853124999994,57,117,APIANO 3,Electric Grand Piano _ 1,Electric Grand Piano _ 1,54144,252
69.2596575,0.3478200000000129,66,117,APIANO 3,Electric Grand Piano _ 1,Electric Grand Piano _ 1,54240,256
69.65095500000001,0.04347749999999451,38,117,APIANO 3,Electric Grand Piano _ 1,Electric Grand Piano _ 1,54528,32
69.91182,0.01630406249999794,50,117,APIANO 3,Electric Grand Piano _ 1,Electric Grand Piano _ 1,54720,12
69.65095500000001,0.353254687499998,57,117,APIANO 3,Electric Grand Piano _ 1,Electric Grand Piano _ 1,54528,260
69.91182,0.2826037500000069,66,117,APIANO 3,Electric Grand Piano _ 1,Electric Grand Piano _ 1,54720,208
70.17268500000002,0.04347749999999451,38,117,APIANO 3,Electric Grand Piano _ 1,Electric Grand Piano _ 1,54912,32
70.0422525,0.20651812500000233,62,113,APIANO 3,Electric Grand Piano _ 1,Electric Grand Piano _ 1,54816,152
70.17268500000002,0.24999562499999683,57,117,APIANO 3,Electric Grand Piano _ 1,Electric Grand Piano _ 1,54912,184
70.30311750000001,0.14673656249999567,66,117,APIANO 3,Electric Grand Piano _ 1,Electric Grand Piano _ 1,55008,108
70.43355000000001,0.14673656249999567,62,117,APIANO 3,Electric Grand Piano _ 1,Electric Grand Piano _ 1,55104,108
70.56398250000001,0.10869375000000048,57,117,APIANO 3,Electric Grand Piano _ 1,Electric Grand Piano _ 1,55200,80
70.694415,0.16847531250000713,38,117,APIANO 3,Electric Grand Piano _ 1,Electric Grand Piano _ 1,55296,124
70.43355000000001,0.5162953125000058,50,117,APIANO 3,Electric Grand Piano _ 1,Electric Grand Piano _ 1,55104,380
70.95528000000002,0.021738749999997253,50,117,APIANO 3,Electric Grand Piano _ 1,Electric Grand Piano _ 1,55488,16
70.95528000000002,0.16847531249999292,57,117,APIANO 3,Electric Grand Piano _ 1,Electric Grand Piano _ 1,55488,124
70.95528000000002,0.1956487499999895,66,117,APIANO 3,Electric Grand Piano _ 1,Electric Grand Piano _ 1,55488,144
71.21614500000001,0.027173437499996567,38,117,APIANO 3,Electric Grand Piano _ 1,Electric Grand Piano _ 1,55680,20
71.08571250000001,0.33151593750000075,62,117,APIANO 3,Electric Grand Piano _ 1,Electric Grand Piano _ 1,55584,244
71.47701,0.03260812500001009,50,117,APIANO 3,Electric Grand Piano _ 1,Electric Grand Piano _ 1,55872,24
71.34657750000001,0.25543031249999615,57,117,APIANO 3,Electric Grand Piano _ 1,Electric Grand Piano _ 1,55776,188
71.6074425,0.1902140625000044,62,117,APIANO 3,Electric Grand Piano _ 1,Electric Grand Piano _ 1,55968,140
71.73787500000002,0.14130187499999636,57,117,APIANO 3,Electric Grand Piano _ 1,Electric Grand Piano _ 1,56064,104
71.34657750000001,0.5325993750000038,66,117,APIANO 3,Electric Grand Piano _ 1,Electric Grand Piano _ 1,55776,392
71.73787500000002,0.3478199999999987,43,117,APIANO 3,Electric Grand Piano _ 1,Electric Grand Piano _ 1,56064,256
71.99874000000001,0.17934468749999155,59,117,APIANO 3,Electric Grand Piano _ 1,Electric Grand Piano _ 1,56256,132
71.99874000000001,0.2771690624999934,67,117,APIANO 3,Electric Grand Piano _ 1,Electric Grand Piano _ 1,56256,204
72.12917250000001,0.17391000000000645,62,117,APIANO 3,Electric Grand Piano _ 1,Electric Grand Piano _ 1,56352,128
72.25960500000001,0.04891218750000803,43,117,APIANO 3,Electric Grand Piano _ 1,Electric Grand Piano _ 1,56448,36
71.99874000000001,0.5162953124999916,55,117,APIANO 3,Electric Grand Piano _ 1,Electric Grand Piano _ 1,56256,380
72.52047,0.021738750000011464,55,117,APIANO 3,Electric Grand Piano _ 1,Electric Grand Piano _ 1,56640,16
72.25960500000001,0.28803843750000624,59,117,APIANO 3,Electric Grand Piano _ 1,Electric Grand Piano _ 1,56448,212
72.52047,0.17391000000000645,62,116,APIANO 3,Electric Grand Piano _ 1,Electric Grand Piano _ 1,56640,128
72.65090250000002,0.12499781249999842,59,117,APIANO 3,Electric Grand Piano _ 1,Electric Grand Piano _ 1,56736,92
72.3900375,0.3858628125000081,67,117,APIANO 3,Electric Grand Piano _ 1,Electric Grand Piano _ 1,56544,284
72.78133500000001,0.29890781249999065,38,117,APIANO 3,Electric Grand Piano _ 1,Electric Grand Piano _ 1,56832,220
73.04220000000001,0.17391000000000645,57,117,APIANO 3,Electric Grand Piano _ 1,Electric Grand Piano _ 1,57024,128
73.04220000000001,0.20108343750000301,66,117,APIANO 3,Electric Grand Piano _ 1,Electric Grand Piano _ 1,57024,148
73.303065,0.12499781250001263,38,117,APIANO 3,Electric Grand Piano _ 1,Electric Grand Piano _ 1,57216,92
73.43349750000002,0.01630406249999794,38,113,APIANO 3,Electric Grand Piano _ 1,Electric Grand Piano _ 1,57312,12
73.1726325,0.2771690625000076,62,112,APIANO 3,Electric Grand Piano _ 1,Electric Grand Piano _ 1,57120,204
73.04220000000001,0.4293403125000026,50,117,APIANO 3,Electric Grand Piano _ 1,Electric Grand Piano _ 1,57024,316
73.43349750000002,0.4021668749999918,66,117,APIANO 3,Electric Grand Piano _ 1,Electric Grand Piano _ 1,57312,296
73.82479500000001,0.07065093750000528,38,117,APIANO 3,Electric Grand Piano _ 1,Electric Grand Piano _ 1,57600,52
73.56393000000001,0.5162953124999916,50,117,APIANO 3,Electric Grand Piano _ 1,Electric Grand Piano _ 1,57408,380
74.08566,0.06521625000000597,50,117,APIANO 3,Electric Grand Piano _ 1,Electric Grand Piano _ 1,57792,48
73.303065,0.8532459375000059,57,117,APIANO 3,Electric Grand Piano _ 1,Electric Grand Piano _ 1,57216,628
74.08566,0.1956487500000037,66,117,APIANO 3,Electric Grand Piano _ 1,Electric Grand Piano _ 1,57792,144
74.34652500000001,0.021738749999997253,38,117,APIANO 3,Electric Grand Piano _ 1,Electric Grand Piano _ 1,57984,16
74.21609250000002,0.2010834374999888,62,117,APIANO 3,Electric Grand Piano _ 1,Electric Grand Piano _ 1,57888,148
74.34652500000001,0.24456093749999752,57,109,APIANO 3,Electric Grand Piano _ 1,Electric Grand Piano _ 1,57984,180
74.60739000000001,0.0013586718749962756,50,117,APIANO 3,Electric Grand Piano _ 1,Electric Grand Piano _ 1,58176,1
74.47695750000001,0.17390999999999224,66,117,APIANO 3,Electric Grand Piano _ 1,Electric Grand Piano _ 1,58080,128
74.60739000000001,0.17934468750000576,62,117,APIANO 3,Electric Grand Piano _ 1,Electric Grand Piano _ 1,58176,132
74.73782250000001,0.08152031250000391,66,78,APIANO 3,Electric Grand Piano _ 1,Electric Grand Piano _ 1,58272,60
74.73782250000001,0.13043249999999773,57,113,APIANO 3,Electric Grand Piano _ 1,Electric Grand Piano _ 1,58272,96
74.868255,0.3206465625000021,43,117,APIANO 3,Electric Grand Piano _ 1,Electric Grand Piano _ 1,58368,236
75.12912000000001,0.10869375000000048,59,117,APIANO 3,Electric Grand Piano _ 1,Electric Grand Piano _ 1,58560,80
75.12912000000001,0.2391262499999982,55,117,APIANO 3,Electric Grand Piano _ 1,Electric Grand Piano _ 1,58560,176
75.12912000000001,0.25543031249999615,67,117,APIANO 3,Electric Grand Piano _ 1,Electric Grand Piano _ 1,58560,188
75.25955250000001,0.1576059374999943,62,116,APIANO 3,Electric Grand Piano _ 1,Electric Grand Piano _ 1,58656,116
75.38998500000001,0.28803843750000624,59,117,APIANO 3,Electric Grand Piano _ 1,Electric Grand Piano _ 1,58752,212
75.38998500000001,0.33151593750000075,43,117,APIANO 3,Electric Grand Piano _ 1,Electric Grand Piano _ 1,58752,244
75.52041750000001,0.2336915624999989,55,117,APIANO 3,Electric Grand Piano _ 1,Electric Grand Piano _ 1,58848,172
75.52041750000001,0.2391262499999982,67,117,APIANO 3,Electric Grand Piano _ 1,Electric Grand Piano _ 1,58848,176
75.65085,0.1576059375000085,62,117,APIANO 3,Electric Grand Piano _ 1,Electric Grand Piano _ 1,58944,116
75.7812825,0.11956312500001332,59,117,APIANO 3,Electric Grand Piano _ 1,Electric Grand Piano _ 1,59040,88
75.91171500000002,0.33151593750000075,41,117,APIANO 3,Electric Grand Piano _ 1,Electric Grand Piano _ 1,59136,244
76.17258000000001,0.11412843749999979,57,117,APIANO 3,Electric Grand Piano _ 1,Electric Grand Piano _ 1,59328,84
76.17258000000001,0.20651812500000233,65,117,APIANO 3,Electric Grand Piano _ 1,Electric Grand Piano _ 1,59328,152
76.433445,0.027173437500010778,41,117,APIANO 3,Electric Grand Piano _ 1,Electric Grand Piano _ 1,59520,20
76.30301250000001,0.2391262499999982,60,117,APIANO 3,Electric Grand Piano _ 1,Electric Grand Piano _ 1,59424,176
76.17258000000001,0.5162953125000058,53,117,APIANO 3,Electric Grand Piano _ 1,Electric Grand Piano _ 1,59328,380
76.5638775,0.23912625000001242,57,117,APIANO 3,Electric Grand Piano _ 1,Electric Grand Piano _ 1,59616,176
76.69431000000002,0.1195631249999991,53,117,APIANO 3,Electric Grand Piano _ 1,Electric Grand Piano _ 1,59712,88
76.5638775,0.3097771875000035,65,117,APIANO 3,Electric Grand Piano _ 1,Electric Grand Piano _ 1,59616,228
76.82474250000001,0.1630406249999936,60,111,APIANO 3,Electric Grand Piano _ 1,Electric Grand Piano _ 1,59808,120
76.95517500000001,0.08152031250000391,57,117,APIANO 3,Electric Grand Piano _ 1,Electric Grand Piano _ 1,59904,60
76.95517500000001,0.32608125000000143,43,117,APIANO 3,Electric Grand Piano _ 1,Electric Grand Piano _ 1,59904,240
77.21604,0.1956487500000037,59,117,APIANO 3,Electric Grand Piano _ 1,Electric Grand Piano _ 1,60096,144
77.3464725,0.1956487500000037,62,117,APIANO 3,Electric Grand Piano _ 1,Electric Grand Piano _ 1,60192,144
77.21604,0.32608125000000143,67,117,APIANO 3,Electric Grand Piano _ 1,Electric Grand Piano _ 1,60096,240
77.47690500000002,0.14673656249999567,43,117,APIANO 3,Electric Grand Piano _ 1,Electric Grand Piano _ 1,60288,108
77.21604,0.5162953125000058,55,117,APIANO 3,Electric Grand Piano _ 1,Electric Grand Piano _ 1,60096,380
77.73777000000001,0.04347749999999451,55,117,APIANO 3,Electric Grand Piano _ 1,Electric Grand Piano _ 1,60480,32
77.60733750000001,0.21195281250000164,59,117,APIANO 3,Electric Grand Piano _ 1,Electric Grand Piano _ 1,60384,156
77.60733750000001,0.45107906249999985,67,117,APIANO 3,Electric Grand Piano _ 1,Electric Grand Piano _ 1,60384,332
77.99863500000001,0.2608650000000097,43,117,APIANO 3,Electric Grand Piano _ 1,Electric Grand Piano _ 1,60672,192
77.99863500000001,0.3967321875000067,59,117,APIANO 3,Electric Grand Piano _ 1,Electric Grand Piano _ 1,60672,292
78.52036500000001,0.027173437499996567,43,117,APIANO 3,Electric Grand Piano _ 1,Electric Grand Piano _ 1,61056,20
78.25950000000002,0.33151593749998653,67,117,APIANO 3,Electric Grand Piano _ 1,Electric Grand Piano _ 1,60864,244
78.38993250000001,0.21195281250000164,62,117,APIANO 3,Electric Grand Piano _ 1,Electric Grand Piano _ 1,60960,156
78.25950000000002,0.5162953124999916,55,117,APIANO 3,Electric Grand Piano _ 1,Electric Grand Piano _ 1,60864,380
78.78123000000001,0.08152031250000391,55,117,APIANO 3,Electric Grand Piano _ 1,Electric Grand Piano _ 1,61248,60
78.65079750000001,0.22282218750000027,59,111,APIANO 3,Electric Grand Piano _ 1,Electric Grand Piano _ 1,61152,164
78.78123000000001,0.16847531250000713,62,117,APIANO 3,Electric Grand Piano _ 1,Electric Grand Piano _ 1,61248,124
78.65079750000001,0.36955874999999594,67,117,APIANO 3,Electric Grand Piano _ 1,Electric Grand Piano _ 1,61152,272
78.9116625,0.13043249999999773,59,117,APIANO 3,Electric Grand Piano _ 1,Electric Grand Piano _ 1,61344,96
79.042095,0.21738750000000095,50,117,APIANO 3,Electric Grand Piano _ 1,Electric Grand Piano _ 1,61440,160
79.042095,0.3043425000000042,38,117,APIANO 3,Electric Grand Piano _ 1,Electric Grand Piano _ 1,61440,224
79.30296000000001,0.24456093749999752,66,117,APIANO 3,Electric Grand Piano _ 1,Electric Grand Piano _ 1,61632,180
79.56382500000001,0.01630406249999794,38,117,APIANO 3,Electric Grand Piano _ 1,Electric Grand Piano _ 1,61824,12
79.43339250000001,0.1902140625000044,62,117,APIANO 3,Electric Grand Piano _ 1,Electric Grand Piano _ 1,61728,140
79.56382500000001,0.24456093749999752,57,117,APIANO 3,Electric Grand Piano _ 1,Electric Grand Piano _ 1,61824,180
79.30296000000001,0.5162953124999916,50,117,APIANO 3,Electric Grand Piano _ 1,Electric Grand Piano _ 1,61632,380
79.82469,0.03260812500001009,50,117,APIANO 3,Electric Grand Piano _ 1,Electric Grand Piano _ 1,62016,24
79.82469,0.17934468750000576,62,117,APIANO 3,Electric Grand Piano _ 1,Electric Grand Piano _ 1,62016,132
79.6942575,0.40216687500000603,66,117,APIANO 3,Electric Grand Piano _ 1,Electric Grand Piano _ 1,61920,296
79.95512250000002,0.15217124999999498,57,117,APIANO 3,Electric Grand Piano _ 1,Electric Grand Piano _ 1,62112,112
80.08555500000001,0.25543031249999615,55,117,APIANO 3,Electric Grand Piano _ 1,Electric Grand Piano _ 1,62208,188
80.08555500000001,0.3912974999999932,43,117,APIANO 3,Electric Grand Piano _ 1,Electric Grand Piano _ 1,62208,288
80.34642000000001,0.17934468750000576,59,117,APIANO 3,Electric Grand Piano _ 1,Electric Grand Piano _ 1,62400,132
80.4768525,0.07065093750000528,55,117,APIANO 3,Electric Grand Piano _ 1,Electric Grand Piano _ 1,62496,52
80.34642000000001,0.29347312500000555,67,117,APIANO 3,Electric Grand Piano _ 1,Electric Grand Piano _ 1,62400,216
80.4768525,0.1956487500000037,62,117,APIANO 3,Electric Grand Piano _ 1,Electric Grand Piano _ 1,62496,144
80.607285,0.33151593750000075,43,117,APIANO 3,Electric Grand Piano _ 1,Electric Grand Piano _ 1,62592,244
80.86815000000001,0.07608562499999039,55,117,APIANO 3,Electric Grand Piano _ 1,Electric Grand Piano _ 1,62784,56
80.73771750000002,0.2391262499999982,67,117,APIANO 3,Electric Grand Piano _ 1,Electric Grand Piano _ 1,62688,176
80.86815000000001,0.17390999999999224,62,117,APIANO 3,Electric Grand Piano _ 1,Electric Grand Piano _ 1,62784,128
80.99858250000001,0.1195631249999991,59,117,APIANO 3,Electric Grand Piano _ 1,Electric Grand Piano _ 1,62880,88
81.12901500000001,0.24456093749999752,50,117,APIANO 3,Electric Grand Piano _ 1,Electric Grand Piano _ 1,62976,180
81.12901500000001,0.3152118750000028,38,117,APIANO 3,Electric Grand Piano _ 1,Electric Grand Piano _ 1,62976,232
81.38988,0.18477937500000507,57,117,APIANO 3,Electric Grand Piano _ 1,Electric Grand Piano _ 1,63168,136
81.65074500000001,0.04347749999999451,38,117,APIANO 3,Electric Grand Piano _ 1,Electric Grand Piano _ 1,63360,32
81.38988,0.3043425000000042,66,117,APIANO 3,Electric Grand Piano _ 1,Electric Grand Piano _ 1,63168,224
81.52031250000002,0.21195281249998743,62,117,APIANO 3,Electric Grand Piano _ 1,Electric Grand Piano _ 1,63264,156
81.38988,0.5162953125000058,50,117,APIANO 3,Electric Grand Piano _ 1,Electric Grand Piano _ 1,63168,380
81.91161000000001,0.005434687499999313,50,117,APIANO 3,Electric Grand Piano _ 1,Electric Grand Piano _ 1,63552,4
81.65074500000001,0.2826037499999927,57,111,APIANO 3,Electric Grand Piano _ 1,Electric Grand Piano _ 1,63360,208
81.78117750000001,0.1576059374999943,66,117,APIANO 3,Electric Grand Piano _ 1,Electric Grand Piano _ 1,63456,116
81.91161000000001,0.1902140625000044,62,117,APIANO 3,Electric Grand Piano _ 1,Electric Grand Piano _ 1,63552,140
82.04204250000001,0.1521712500000092,57,117,APIANO 3,Electric Grand Piano _ 1,Electric Grand Piano _ 1,63648,112
82.172475,0.20108343750000301,38,117,APIANO 3,Electric Grand Piano _ 1,Electric Grand Piano _ 1,63744,148
82.43334000000002,0.04347749999999451,50,117,APIANO 3,Electric Grand Piano _ 1,Electric Grand Piano _ 1,63936,32
82.43334000000002,0.17390999999999224,66,117,APIANO 3,Electric Grand Piano _ 1,Electric Grand Piano _ 1,63936,128
82.43334000000002,0.17390999999999224,57,117,APIANO 3,Electric Grand Piano _ 1,Electric Grand Piano _ 1,63936,128
82.56377250000001,0.22282218750000027,62,117,APIANO 3,Electric Grand Piano _ 1,Electric Grand Piano _ 1,64032,164
82.69420500000001,0.2662996874999948,38,117,APIANO 3,Electric Grand Piano _ 1,Electric Grand Piano _ 1,64128,196
82.82463750000001,0.14673656249999567,66,117,APIANO 3,Electric Grand Piano _ 1,Electric Grand Piano _ 1,64224,108
82.82463750000001,0.1956487500000037,57,82,APIANO 3,Electric Grand Piano _ 1,Electric Grand Piano _ 1,64224,144
82.95507,0.10325906250000116,50,117,APIANO 3,Electric Grand Piano _ 1,Electric Grand Piano _ 1,64320,76
82.95507,0.17391000000000645,62,117,APIANO 3,Electric Grand Piano _ 1,Electric Grand Piano _ 1,64320,128
83.21593500000002,0.03804281249999519,45,117,APIANO 3,Electric Grand Piano _ 1,Electric Grand Piano _ 1,64512,28
83.0855025,0.3478200000000129,57,117,APIANO 3,Electric Grand Piano _ 1,Electric Grand Piano _ 1,64416,256
83.21593500000002,0.30434249999998997,33,117,APIANO 3,Electric Grand Piano _ 1,Electric Grand Piano _ 1,64512,224
83.60723250000001,0.17391000000000645,64,117,APIANO 3,Electric Grand Piano _ 1,Electric Grand Piano _ 1,64800,128
83.737665,0.04891218750000803,33,117,APIANO 3,Electric Grand Piano _ 1,Electric Grand Piano _ 1,64896,36
83.47680000000001,0.32608125000000143,69,117,APIANO 3,Electric Grand Piano _ 1,Electric Grand Piano _ 1,64704,240
83.737665,0.20651812500000233,61,103,APIANO 3,Electric Grand Piano _ 1,Electric Grand Piano _ 1,64896,152
83.47680000000001,0.5162953125000058,45,117,APIANO 3,Electric Grand Piano _ 1,Electric Grand Piano _ 1,64704,380
83.99853000000002,0.010869374999998627,45,117,APIANO 3,Electric Grand Piano _ 1,Electric Grand Piano _ 1,65088,8
83.99853000000002,0.03260812499999588,35,105,APIANO 3,Electric Grand Piano _ 1,Electric Grand Piano _ 1,65088,24
83.8680975,0.21195281250000164,69,117,APIANO 3,Electric Grand Piano _ 1,Electric Grand Piano _ 1,64992,156
83.47680000000001,0.6467278125000036,57,117,APIANO 3,Electric Grand Piano _ 1,Electric Grand Piano _ 1,64704,476
83.99853000000002,0.13586718749999704,64,116,APIANO 3,Electric Grand Piano _ 1,Electric Grand Piano _ 1,65088,100
84.12896250000001,0.17390999999999224,57,117,APIANO 3,Electric Grand Piano _ 1,Electric Grand Piano _ 1,65184,128
84.25939500000001,0.1956487500000037,69,117,APIANO 3,Electric Grand Piano _ 1,Electric Grand Piano _ 1,65280,144
84.25939500000001,0.25543031249999615,33,117,APIANO 3,Electric Grand Piano _ 1,Electric Grand Piano _ 1,65280,188
84.38982750000001,0.14673656249999567,64,117,APIANO 3,Electric Grand Piano _ 1,Electric Grand Piano _ 1,65376,108
84.52026000000001,0.21195281250000164,57,117,APIANO 3,Electric Grand Piano _ 1,Electric Grand Piano _ 1,65472,156
84.78112500000002,0.027173437499996567,33,117,APIANO 3,Electric Grand Piano _ 1,Electric Grand Piano _ 1,65664,20
84.6506925,0.17934468750000576,69,117,APIANO 3,Electric Grand Piano _ 1,Electric Grand Piano _ 1,65568,132
84.78112500000002,0.14673656249999567,64,117,APIANO 3,Electric Grand Piano _ 1,Electric Grand Piano _ 1,65664,108
84.52026000000001,0.5108606250000065,45,117,APIANO 3,Electric Grand Piano _ 1,Electric Grand Piano _ 1,65472,376
85.04199000000001,0.06521624999999176,45,117,APIANO 3,Electric Grand Piano _ 1,Electric Grand Piano _ 1,65856,48
85.04199000000001,0.10325906250000116,67,117,APIANO 3,Electric Grand Piano _ 1,Electric Grand Piano _ 1,65856,76
85.04199000000001,0.11412843749999979,69,117,APIANO 3,Electric Grand Piano _ 1,Electric Grand Piano _ 1,65856,84
85.04199000000001,0.1195631249999991,64,117,APIANO 3,Electric Grand Piano _ 1,Electric Grand Piano _ 1,65856,88
84.91155750000001,0.2662996874999948,57,117,APIANO 3,Electric Grand Piano _ 1,Electric Grand Piano _ 1,65760,196
85.30285500000001,0.16847531250000713,64,117,APIANO 3,Electric Grand Piano _ 1,Electric Grand Piano _ 1,66048,124
85.30285500000001,0.17391000000000645,57,117,APIANO 3,Electric Grand Piano _ 1,Electric Grand Piano _ 1,66048,128
85.30285500000001,0.1956487500000037,69,117,APIANO 3,Electric Grand Piano _ 1,Electric Grand Piano _ 1,66048,144
85.30285500000001,0.21195281250000164,45,117,APIANO 3,Electric Grand Piano _ 1,Electric Grand Piano _ 1,66048,156
139.562775,0.2391262499999982,38,117,APIANO 3,Electric Grand Piano _ 1,Electric Grand Piano _ 1,105984,176
139.562775,0.4619484375000127,57,117,APIANO 3,Electric Grand Piano _ 1,Electric Grand Piano _ 1,105984,340
139.82364,0.29347312499999134,66,117,APIANO 3,Electric Grand Piano _ 1,Electric Grand Piano _ 1,106176,216
139.9540725,0.21738750000000095,62,113,APIANO 3,Electric Grand Piano _ 1,Electric Grand Piano _ 1,106272,160
139.9540725,0.29347312499999134,38,112,APIANO 3,Electric Grand Piano _ 1,Electric Grand Piano _ 1,106272,216
139.82364,0.5162953124999774,50,117,APIANO 3,Electric Grand Piano _ 1,Electric Grand Piano _ 1,106176,380
140.34537,0.021738749999997253,50,117,APIANO 3,Electric Grand Piano _ 1,Electric Grand Piano _ 1,106560,16
140.084505,0.3152118749999886,57,117,APIANO 3,Electric Grand Piano _ 1,Electric Grand Piano _ 1,106368,232
140.34537,0.3586893749999831,62,117,APIANO 3,Electric Grand Piano _ 1,Electric Grand Piano _ 1,106560,264
140.606235,0.11412843749999979,57,92,APIANO 3,Electric Grand Piano _ 1,Electric Grand Piano _ 1,106752,84
140.2149375,0.619554375000007,66,117,APIANO 3,Electric Grand Piano _ 1,Electric Grand Piano _ 1,106464,456
140.606235,0.3097771875000035,43,117,APIANO 3,Electric Grand Piano _ 1,Electric Grand Piano _ 1,106752,228
140.8671,0.1956487500000037,59,111,APIANO 3,Electric Grand Piano _ 1,Electric Grand Piano _ 1,106944,144
140.8671,0.24999562499999683,55,117,APIANO 3,Electric Grand Piano _ 1,Electric Grand Piano _ 1,106944,184
140.9975325,0.16847531249999292,62,117,APIANO 3,Electric Grand Piano _ 1,Electric Grand Piano _ 1,107040,124
140.8671,0.32608125000001564,67,117,APIANO 3,Electric Grand Piano _ 1,Electric Grand Piano _ 1,106944,240
141.127965,0.29890781250000487,59,117,APIANO 3,Electric Grand Piano _ 1,Electric Grand Piano _ 1,107136,220
141.38883,0.1195631249999849,55,117,APIANO 3,Electric Grand Piano _ 1,Electric Grand Piano _ 1,107328,88
141.127965,0.40760156250001955,43,117,APIANO 3,Electric Grand Piano _ 1,Electric Grand Piano _ 1,107136,300
141.38883,0.19564874999997528,62,117,APIANO 3,Electric Grand Piano _ 1,Electric Grand Piano _ 1,107328,144
141.5192625,0.12499781249999842,59,117,APIANO 3,Electric Grand Piano _ 1,Electric Grand Piano _ 1,107424,92
141.2583975,0.41303625000000466,67,117,APIANO 3,Electric Grand Piano _ 1,Electric Grand Piano _ 1,107232,304
141.649695,0.33151593750000075,38,117,APIANO 3,Electric Grand Piano _ 1,Electric Grand Piano _ 1,107520,244
141.91056,0.18477937500000507,57,117,APIANO 3,Electric Grand Piano _ 1,Electric Grand Piano _ 1,107712,136
141.91056,0.28803843750000624,66,117,APIANO 3,Electric Grand Piano _ 1,Electric Grand Piano _ 1,107712,212
142.171425,0.08152031250000391,38,117,APIANO 3,Electric Grand Piano _ 1,Electric Grand Piano _ 1,107904,60
142.0409925,0.21195281250001585,62,113,APIANO 3,Electric Grand Piano _ 1,Electric Grand Piano _ 1,107808,156
141.91056,0.5162953125000058,50,117,APIANO 3,Electric Grand Piano _ 1,Electric Grand Piano _ 1,107712,380
142.43229,0.027173437500010778,50,117,APIANO 3,Electric Grand Piano _ 1,Electric Grand Piano _ 1,108096,20
142.171425,0.3423853124999994,57,117,APIANO 3,Electric Grand Piano _ 1,Electric Grand Piano _ 1,107904,252
142.3018575,0.3478199999999845,66,117,APIANO 3,Electric Grand Piano _ 1,Electric Grand Piano _ 1,108000,256
142.693155,0.04347750000002293,38,117,APIANO 3,Electric Grand Piano _ 1,Electric Grand Piano _ 1,108288,32
142.95401999999999,0.01630406250001215,50,117,APIANO 3,Electric Grand Piano _ 1,Electric Grand Piano _ 1,108480,12
142.693155,0.353254687499998,57,117,APIANO 3,Electric Grand Piano _ 1,Electric Grand Piano _ 1,108288,260
142.95401999999999,0.28260375000002114,66,117,APIANO 3,Electric Grand Piano _ 1,Electric Grand Piano _ 1,108480,208
143.214885,0.04347749999999451,38,117,APIANO 3,Electric Grand Piano _ 1,Electric Grand Piano _ 1,108672,32
143.0844525,0.20651812500000233,62,113,APIANO 3,Electric Grand Piano _ 1,Electric Grand Piano _ 1,108576,152
143.214885,0.24999562499999683,57,117,APIANO 3,Electric Grand Piano _ 1,Electric Grand Piano _ 1,108672,184
143.3453175,0.14673656249999567,66,117,APIANO 3,Electric Grand Piano _ 1,Electric Grand Piano _ 1,108768,108
143.47575,0.14673656249999567,62,117,APIANO 3,Electric Grand Piano _ 1,Electric Grand Piano _ 1,108864,108
143.6061825,0.10869375000001469,57,117,APIANO 3,Electric Grand Piano _ 1,Electric Grand Piano _ 1,108960,80
143.736615,0.16847531249999292,38,117,APIANO 3,Electric Grand Piano _ 1,Electric Grand Piano _ 1,109056,124
143.47575,0.5162953125000058,50,117,APIANO 3,Electric Grand Piano _ 1,Electric Grand Piano _ 1,108864,380
143.99748,0.021738749999997253,50,117,APIANO 3,Electric Grand Piano _ 1,Electric Grand Piano _ 1,109248,16
143.99748,0.16847531249999292,57,117,APIANO 3,Electric Grand Piano _ 1,Electric Grand Piano _ 1,109248,124
143.99748,0.1956487500000037,66,117,APIANO 3,Electric Grand Piano _ 1,Electric Grand Piano _ 1,109248,144
144.258345,0.027173437500010778,38,117,APIANO 3,Electric Grand Piano _ 1,Electric Grand Piano _ 1,109440,20
144.1279125,0.33151593750000075,62,117,APIANO 3,Electric Grand Piano _ 1,Electric Grand Piano _ 1,109344,244
144.51921,0.0326081250000243,50,117,APIANO 3,Electric Grand Piano _ 1,Electric Grand Piano _ 1,109632,24
144.3887775,0.25543031250001036,57,117,APIANO 3,Electric Grand Piano _ 1,Electric Grand Piano _ 1,109536,188
144.6496425,0.19021406249999018,62,117,APIANO 3,Electric Grand Piano _ 1,Electric Grand Piano _ 1,109728,140
144.780075,0.14130187499998215,57,117,APIANO 3,Electric Grand Piano _ 1,Electric Grand Piano _ 1,109824,104
144.3887775,0.5325993749999895,66,117,APIANO 3,Electric Grand Piano _ 1,Electric Grand Piano _ 1,109536,392
144.780075,0.3478199999999845,43,117,APIANO 3,Electric Grand Piano _ 1,Electric Grand Piano _ 1,109824,256
145.04094,0.17934468749999155,59,117,APIANO 3,Electric Grand Piano _ 1,Electric Grand Piano _ 1,110016,132
145.04094,0.2771690625000076,67,117,APIANO 3,Electric Grand Piano _ 1,Electric Grand Piano _ 1,110016,204
145.1713725,0.17391000000000645,62,117,APIANO 3,Electric Grand Piano _ 1,Electric Grand Piano _ 1,110112,128
145.301805,0.04891218750000803,43,117,APIANO 3,Electric Grand Piano _ 1,Electric Grand Piano _ 1,110208,36
145.04094,0.5162953125000058,55,117,APIANO 3,Electric Grand Piano _ 1,Electric Grand Piano _ 1,110016,380
145.56267,0.021738749999997253,55,117,APIANO 3,Electric Grand Piano _ 1,Electric Grand Piano _ 1,110400,16
145.301805,0.28803843750000624,59,117,APIANO 3,Electric Grand Piano _ 1,Electric Grand Piano _ 1,110208,212
145.56267,0.17391000000000645,62,116,APIANO 3,Electric Grand Piano _ 1,Electric Grand Piano _ 1,110400,128
145.6931025,0.12499781249999842,59,117,APIANO 3,Electric Grand Piano _ 1,Electric Grand Piano _ 1,110496,92
145.4322375,0.3858628124999939,67,117,APIANO 3,Electric Grand Piano _ 1,Electric Grand Piano _ 1,110304,284
145.823535,0.29890781250000487,38,117,APIANO 3,Electric Grand Piano _ 1,Electric Grand Piano _ 1,110592,220
146.0844,0.17391000000000645,57,117,APIANO 3,Electric Grand Piano _ 1,Electric Grand Piano _ 1,110784,128
146.0844,0.20108343750001723,66,117,APIANO 3,Electric Grand Piano _ 1,Electric Grand Piano _ 1,110784,148
146.345265,0.12499781249999842,38,117,APIANO 3,Electric Grand Piano _ 1,Electric Grand Piano _ 1,110976,92
146.4756975,0.01630406250001215,38,113,APIANO 3,Electric Grand Piano _ 1,Electric Grand Piano _ 1,111072,12
146.2148325,0.2771690625000076,62,112,APIANO 3,Electric Grand Piano _ 1,Electric Grand Piano _ 1,110880,204
146.0844,0.4293403125000168,50,117,APIANO 3,Electric Grand Piano _ 1,Electric Grand Piano _ 1,110784,316
146.4756975,0.40216687500000603,66,117,APIANO 3,Electric Grand Piano _ 1,Electric Grand Piano _ 1,111072,296
146.866995,0.07065093750000528,38,117,APIANO 3,Electric Grand Piano _ 1,Electric Grand Piano _ 1,111360,52
146.60613,0.5162953125000058,50,117,APIANO 3,Electric Grand Piano _ 1,Electric Grand Piano _ 1,111168,380
147.12786,0.06521624999999176,50,117,APIANO 3,Electric Grand Piano _ 1,Electric Grand Piano _ 1,111552,48
146.345265,0.8532459374999917,57,117,APIANO 3,Electric Grand Piano _ 1,Electric Grand Piano _ 1,110976,628
147.12786,0.1956487500000037,66,117,APIANO 3,Electric Grand Piano _ 1,Electric Grand Piano _ 1,111552,144
147.388725,0.021738749999997253,38,117,APIANO 3,Electric Grand Piano _ 1,Electric Grand Piano _ 1,111744,16
147.2582925,0.2010834374999888,62,117,APIANO 3,Electric Grand Piano _ 1,Electric Grand Piano _ 1,111648,148
147.388725,0.24456093750001173,57,109,APIANO 3,Electric Grand Piano _ 1,Electric Grand Piano _ 1,111744,180
147.64959,0.0013586718750104865,50,117,APIANO 3,Electric Grand Piano _ 1,Electric Grand Piano _ 1,111936,1
147.5191575,0.17391000000000645,66,117,APIANO 3,Electric Grand Piano _ 1,Electric Grand Piano _ 1,111840,128
147.64959,0.17934468750001997,62,117,APIANO 3,Electric Grand Piano _ 1,Electric Grand Piano _ 1,111936,132
147.7800225,0.08152031250000391,66,78,APIANO 3,Electric Grand Piano _ 1,Electric Grand Piano _ 1,112032,60
147.7800225,0.13043250000001194,57,113,APIANO 3,Electric Grand Piano _ 1,Electric Grand Piano _ 1,112032,96
147.910455,0.3206465624999737,43,117,APIANO 3,Electric Grand Piano _ 1,Electric Grand Piano _ 1,112128,236
148.17132,0.10869374999998627,59,117,APIANO 3,Electric Grand Piano _ 1,Electric Grand Piano _ 1,112320,80
148.17132,0.2391262499999982,55,117,APIANO 3,Electric Grand Piano _ 1,Electric Grand Piano _ 1,112320,176
148.17132,0.25543031249998194,67,117,APIANO 3,Electric Grand Piano _ 1,Electric Grand Piano _ 1,112320,188
148.3017525,0.1576059374999943,62,116,APIANO 3,Electric Grand Piano _ 1,Electric Grand Piano _ 1,112416,116
148.432185,0.28803843750000624,59,117,APIANO 3,Electric Grand Piano _ 1,Electric Grand Piano _ 1,112512,212
148.432185,0.33151593750000075,43,117,APIANO 3,Electric Grand Piano _ 1,Electric Grand Piano _ 1,112512,244
148.5626175,0.2336915625000131,55,117,APIANO 3,Electric Grand Piano _ 1,Electric Grand Piano _ 1,112608,172
148.5626175,0.2391262499999982,67,117,APIANO 3,Electric Grand Piano _ 1,Electric Grand Piano _ 1,112608,176
148.69305,0.1576059374999943,62,117,APIANO 3,Electric Grand Piano _ 1,Electric Grand Piano _ 1,112704,116
148.8234825,0.1195631249999849,59,117,APIANO 3,Electric Grand Piano _ 1,Electric Grand Piano _ 1,112800,88
148.953915,0.33151593750000075,41,117,APIANO 3,Electric Grand Piano _ 1,Electric Grand Piano _ 1,112896,244
149.21478,0.11412843749999979,57,117,APIANO 3,Electric Grand Piano _ 1,Electric Grand Piano _ 1,113088,84
149.21478,0.20651812500000233,65,117,APIANO 3,Electric Grand Piano _ 1,Electric Grand Piano _ 1,113088,152
149.475645,0.027173437500010778,41,117,APIANO 3,Electric Grand Piano _ 1,Electric Grand Piano _ 1,113280,20
149.3452125,0.2391262499999982,60,117,APIANO 3,Electric Grand Piano _ 1,Electric Grand Piano _ 1,113184,176
149.21478,0.5162953125000058,53,117,APIANO 3,Electric Grand Piano _ 1,Electric Grand Piano _ 1,113088,380
149.6060775,0.2391262499999982,57,117,APIANO 3,Electric Grand Piano _ 1,Electric Grand Piano _ 1,113376,176
149.73651,0.1195631249999849,53,117,APIANO 3,Electric Grand Piano _ 1,Electric Grand Piano _ 1,113472,88
149.6060775,0.3097771875000035,65,117,APIANO 3,Electric Grand Piano _ 1,Electric Grand Piano _ 1,113376,228
149.8669425,0.16304062500000782,60,111,APIANO 3,Electric Grand Piano _ 1,Electric Grand Piano _ 1,113568,120
149.997375,0.08152031250000391,57,117,APIANO 3,Electric Grand Piano _ 1,Electric Grand Piano _ 1,113664,60
149.997375,0.3260812499999872,43,117,APIANO 3,Electric Grand Piano _ 1,Electric Grand Piano _ 1,113664,240
150.25824,0.1956487500000037,59,117,APIANO 3,Electric Grand Piano _ 1,Electric Grand Piano _ 1,113856,144
150.3886725,0.19564874999997528,62,117,APIANO 3,Electric Grand Piano _ 1,Electric Grand Piano _ 1,113952,144
150.25824,0.3260812499999872,67,117,APIANO 3,Electric Grand Piano _ 1,Electric Grand Piano _ 1,113856,240
150.519105,0.14673656249999567,43,117,APIANO 3,Electric Grand Piano _ 1,Electric Grand Piano _ 1,114048,108
150.25824,0.5162953125000058,55,117,APIANO 3,Electric Grand Piano _ 1,Electric Grand Piano _ 1,113856,380
150.77997,0.04347749999999451,55,117,APIANO 3,Electric Grand Piano _ 1,Electric Grand Piano _ 1,114240,32
150.6495375,0.21195281249998743,59,117,APIANO 3,Electric Grand Piano _ 1,Electric Grand Piano _ 1,114144,156
150.6495375,0.45107906249998564,67,117,APIANO 3,Electric Grand Piano _ 1,Electric Grand Piano _ 1,114144,332
151.040835,0.2608650000000239,43,117,APIANO 3,Electric Grand Piano _ 1,Electric Grand Piano _ 1,114432,192
151.040835,0.3967321875000209,59,117,APIANO 3,Electric Grand Piano _ 1,Electric Grand Piano _ 1,114432,292
151.562565,0.027173437499982356,43,117,APIANO 3,Electric Grand Piano _ 1,Electric Grand Piano _ 1,114816,20
151.3017,0.33151593750000075,67,117,APIANO 3,Electric Grand Piano _ 1,Electric Grand Piano _ 1,114624,244
151.4321325,0.21195281250001585,62,117,APIANO 3,Electric Grand Piano _ 1,Electric Grand Piano _ 1,114720,156
151.3017,0.5162953124999774,55,117,APIANO 3,Electric Grand Piano _ 1,Electric Grand Piano _ 1,114624,380
151.82343,0.08152031250000391,55,117,APIANO 3,Electric Grand Piano _ 1,Electric Grand Piano _ 1,115008,60
151.6929975,0.22282218750001448,59,111,APIANO 3,Electric Grand Piano _ 1,Electric Grand Piano _ 1,114912,164
151.82343,0.16847531249999292,62,117,APIANO 3,Electric Grand Piano _ 1,Electric Grand Piano _ 1,115008,124
151.6929975,0.36955875000001015,67,117,APIANO 3,Electric Grand Piano _ 1,Electric Grand Piano _ 1,114912,272
151.9538625,0.13043249999998352,59,117,APIANO 3,Electric Grand Piano _ 1,Electric Grand Piano _ 1,115104,96
152.084295,0.21738750000000095,50,117,APIANO 3,Electric Grand Piano _ 1,Electric Grand Piano _ 1,115200,160
152.084295,0.30434249999998997,38,117,APIANO 3,Electric Grand Piano _ 1,Electric Grand Piano _ 1,115200,224
152.34516,0.24456093750001173,66,117,APIANO 3,Electric Grand Piano _ 1,Electric Grand Piano _ 1,115392,180
152.606025,0.01630406250001215,38,117,APIANO 3,Electric Grand Piano _ 1,Electric Grand Piano _ 1,115584,12
152.4755925,0.19021406249999018,62,117,APIANO 3,Electric Grand Piano _ 1,Electric Grand Piano _ 1,115488,140
152.606025,0.24456093750001173,57,117,APIANO 3,Electric Grand Piano _ 1,Electric Grand Piano _ 1,115584,180
152.34516,0.5162953125000058,50,117,APIANO 3,Electric Grand Piano _ 1,Electric Grand Piano _ 1,115392,380
152.86689,0.03260812499999588,50,117,APIANO 3,Electric Grand Piano _ 1,Electric Grand Piano _ 1,115776,24
152.86689,0.17934468749999155,62,117,APIANO 3,Electric Grand Piano _ 1,Electric Grand Piano _ 1,115776,132
152.7364575,0.40216687500000603,66,117,APIANO 3,Electric Grand Piano _ 1,Electric Grand Piano _ 1,115680,296
152.9973225,0.1521712500000092,57,117,APIANO 3,Electric Grand Piano _ 1,Electric Grand Piano _ 1,115872,112
153.127755,0.25543031249998194,55,117,APIANO 3,Electric Grand Piano _ 1,Electric Grand Piano _ 1,115968,188
153.127755,0.391297499999979,43,117,APIANO 3,Electric Grand Piano _ 1,Electric Grand Piano _ 1,115968,288
153.38862,0.17934468749999155,59,117,APIANO 3,Electric Grand Piano _ 1,Electric Grand Piano _ 1,116160,132
153.5190525,0.07065093750000528,55,117,APIANO 3,Electric Grand Piano _ 1,Electric Grand Piano _ 1,116256,52
153.38862,0.29347312499999134,67,117,APIANO 3,Electric Grand Piano _ 1,Electric Grand Piano _ 1,116160,216
153.5190525,0.1956487500000037,62,117,APIANO 3,Electric Grand Piano _ 1,Electric Grand Piano _ 1,116256,144
153.649485,0.33151593750000075,43,117,APIANO 3,Electric Grand Piano _ 1,Electric Grand Piano _ 1,116352,244
153.91035,0.07608562500001881,55,117,APIANO 3,Electric Grand Piano _ 1,Electric Grand Piano _ 1,116544,56
153.7799175,0.2391262499999982,67,117,APIANO 3,Electric Grand Piano _ 1,Electric Grand Piano _ 1,116448,176
153.91035,0.17391000000000645,62,117,APIANO 3,Electric Grand Piano _ 1,Electric Grand Piano _ 1,116544,128
154.0407825,0.1195631249999849,59,117,APIANO 3,Electric Grand Piano _ 1,Electric Grand Piano _ 1,116640,88
154.171215,0.24456093750001173,50,117,APIANO 3,Electric Grand Piano _ 1,Electric Grand Piano _ 1,116736,180
154.171215,0.315211875000017,38,117,APIANO 3,Electric Grand Piano _ 1,Electric Grand Piano _ 1,116736,232
154.43208,0.18477937499997665,57,117,APIANO 3,Electric Grand Piano _ 1,Electric Grand Piano _ 1,116928,136
154.692945,0.04347749999999451,38,117,APIANO 3,Electric Grand Piano _ 1,Electric Grand Piano _ 1,117120,32
154.43208,0.30434249999998997,66,117,APIANO 3,Electric Grand Piano _ 1,Electric Grand Piano _ 1,116928,224
154.5625125,0.21195281250001585,62,117,APIANO 3,Electric Grand Piano _ 1,Electric Grand Piano _ 1,117024,156
154.43208,0.5162953124999774,50,117,APIANO 3,Electric Grand Piano _ 1,Electric Grand Piano _ 1,116928,380
154.95381,0.0054346874999851025,50,117,APIANO 3,Electric Grand Piano _ 1,Electric Grand Piano _ 1,117312,4
154.692945,0.2826037499999927,57,111,APIANO 3,Electric Grand Piano _ 1,Electric Grand Piano _ 1,117120,208
154.8233775,0.1576059374999943,66,117,APIANO 3,Electric Grand Piano _ 1,Electric Grand Piano _ 1,117216,116
154.95381,0.19021406249999018,62,117,APIANO 3,Electric Grand Piano _ 1,Electric Grand Piano _ 1,117312,140
155.0842425,0.1521712500000092,57,117,APIANO 3,Electric Grand Piano _ 1,Electric Grand Piano _ 1,117408,112
155.214675,0.2010834374999888,38,117,APIANO 3,Electric Grand Piano _ 1,Electric Grand Piano _ 1,117504,148
155.47554,0.04347749999999451,50,117,APIANO 3,Electric Grand Piano _ 1,Electric Grand Piano _ 1,117696,32
155.47554,0.17391000000000645,66,117,APIANO 3,Electric Grand Piano _ 1,Electric Grand Piano _ 1,117696,128
155.47554,0.17391000000000645,57,117,APIANO 3,Electric Grand Piano _ 1,Electric Grand Piano _ 1,117696,128
155.6059725,0.22282218749998606,62,117,APIANO 3,Electric Grand Piano _ 1,Electric Grand Piano _ 1,117792,164
155.736405,0.266299687500009,38,117,APIANO 3,Electric Grand Piano _ 1,Electric Grand Piano _ 1,117888,196
155.8668375,0.14673656249999567,66,117,APIANO 3,Electric Grand Piano _ 1,Electric Grand Piano _ 1,117984,108
155.8668375,0.1956487500000037,57,82,APIANO 3,Electric Grand Piano _ 1,Electric Grand Piano _ 1,117984,144
155.99727,0.10325906250000116,50,117,APIANO 3,Electric Grand Piano _ 1,Electric Grand Piano _ 1,118080,76
155.99727,0.17391000000000645,62,117,APIANO 3,Electric Grand Piano _ 1,Electric Grand Piano _ 1,118080,128
156.258135,0.03804281249998098,45,117,APIANO 3,Electric Grand Piano _ 1,Electric Grand Piano _ 1,118272,28
156.1277025,0.3478200000000129,57,117,APIANO 3,Electric Grand Piano _ 1,Electric Grand Piano _ 1,118176,256
156.258135,0.30434249999998997,33,117,APIANO 3,Electric Grand Piano _ 1,Electric Grand Piano _ 1,118272,224
156.6494325,0.17391000000000645,64,117,APIANO 3,Electric Grand Piano _ 1,Electric Grand Piano _ 1,118560,128
156.779865,0.04891218750000803,33,117,APIANO 3,Electric Grand Piano _ 1,Electric Grand Piano _ 1,118656,36
156.519,0.3260812499999872,69,117,APIANO 3,Electric Grand Piano _ 1,Electric Grand Piano _ 1,118464,240
156.779865,0.20651812500000233,61,103,APIANO 3,Electric Grand Piano _ 1,Electric Grand Piano _ 1,118656,152
156.519,0.5162953125000058,45,117,APIANO 3,Electric Grand Piano _ 1,Electric Grand Piano _ 1,118464,380
157.04073,0.010869374999998627,45,117,APIANO 3,Electric Grand Piano _ 1,Electric Grand Piano _ 1,118848,8
157.04073,0.03260812499999588,35,105,APIANO 3,Electric Grand Piano _ 1,Electric Grand Piano _ 1,118848,24
156.9102975,0.21195281249998743,69,117,APIANO 3,Electric Grand Piano _ 1,Electric Grand Piano _ 1,118752,156
156.519,0.6467278124999893,57,117,APIANO 3,Electric Grand Piano _ 1,Electric Grand Piano _ 1,118464,476
157.04073,0.13586718749999704,64,116,APIANO 3,Electric Grand Piano _ 1,Electric Grand Piano _ 1,118848,100
157.1711625,0.17390999999997803,57,117,APIANO 3,Electric Grand Piano _ 1,Electric Grand Piano _ 1,118944,128
157.301595,0.1956487500000037,69,117,APIANO 3,Electric Grand Piano _ 1,Electric Grand Piano _ 1,119040,144
157.301595,0.25543031250001036,33,117,APIANO 3,Electric Grand Piano _ 1,Electric Grand Piano _ 1,119040,188
157.4320275,0.14673656249999567,64,117,APIANO 3,Electric Grand Piano _ 1,Electric Grand Piano _ 1,119136,108
157.56246,0.21195281250001585,57,117,APIANO 3,Electric Grand Piano _ 1,Electric Grand Piano _ 1,119232,156
157.823325,0.027173437499982356,33,117,APIANO 3,Electric Grand Piano _ 1,Electric Grand Piano _ 1,119424,20
157.6928925,0.17934468749999155,69,117,APIANO 3,Electric Grand Piano _ 1,Electric Grand Piano _ 1,119328,132
157.823325,0.14673656249999567,64,117,APIANO 3,Electric Grand Piano _ 1,Electric Grand Piano _ 1,119424,108
157.56246,0.5108606250000207,45,117,APIANO 3,Electric Grand Piano _ 1,Electric Grand Piano _ 1,119232,376
158.08419,0.06521624999999176,45,117,APIANO 3,Electric Grand Piano _ 1,Electric Grand Piano _ 1,119616,48
158.08419,0.10325906250000116,67,117,APIANO 3,Electric Grand Piano _ 1,Electric Grand Piano _ 1,119616,76
158.08419,0.11412843749999979,69,117,APIANO 3,Electric Grand Piano _ 1,Electric Grand Piano _ 1,119616,84
158.08419,0.1195631249999849,64,117,APIANO 3,Electric Grand Piano _ 1,Electric Grand Piano _ 1,119616,88
157.9537575,0.266299687500009,57,117,APIANO 3,Electric Grand Piano _ 1,Electric Grand Piano _ 1,119520,196
158.345055,0.16847531249999292,64,117,APIANO 3,Electric Grand Piano _ 1,Electric Grand Piano _ 1,119808,124
158.345055,0.17391000000000645,57,117,APIANO 3,Electric Grand Piano _ 1,Electric Grand Piano _ 1,119808,128
158.345055,0.1956487500000037,69,117,APIANO 3,Electric Grand Piano _ 1,Electric Grand Piano _ 1,119808,144
158.345055,0.21195281249998743,45,117,APIANO 3,Electric Grand Piano _ 1,Electric Grand Piano _ 1,119808,156
8.34768,0.2554303124999997,38,112,FINGERDBAS,Electric Bass (finger) _ 1,Electric Bass (finger) _ 1,9408,188
8.608545,0.03260812499999943,38,54,FINGERDBAS,Electric Bass (finger) _ 1,Electric Bass (finger) _ 1,9600,24
8.869410000000002,0.22282218750000027,38,112,FINGERDBAS,Electric Bass (finger) _ 1,Electric Bass (finger) _ 1,9792,164
9.130275000000001,0.16847531250000003,31,112,FINGERDBAS,Electric Bass (finger) _ 1,Electric Bass (finger) _ 1,9984,124
9.39114,0.2554303124999997,31,112,FINGERDBAS,Electric Bass (finger) _ 1,Electric Bass (finger) _ 1,10176,188
9.652004999999999,0.2554303125000015,33,112,FINGERDBAS,Electric Bass (finger) _ 1,Electric Bass (finger) _ 1,10368,188
9.912870000000002,0.2662996875000001,35,112,FINGERDBAS,Electric Bass (finger) _ 1,Electric Bass (finger) _ 1,10560,196
10.173735,0.32608124999999966,38,112,FINGERDBAS,Electric Bass (finger) _ 1,Electric Bass (finger) _ 1,10752,240
12.521519999999999,0.20651812500000233,38,112,FINGERDBAS,Electric Bass (finger) _ 1,Electric Bass (finger) _ 1,12480,152
12.782385000000001,0.17934468749999866,38,112,FINGERDBAS,Electric Bass (finger) _ 1,Electric Bass (finger) _ 1,12672,132
13.04325,0.31521187499999925,33,112,FINGERDBAS,Electric Bass (finger) _ 1,Electric Bass (finger) _ 1,12864,232
13.304115,0.14673656249999922,31,112,FINGERDBAS,Electric Bass (finger) _ 1,Electric Bass (finger) _ 1,13056,108
13.564979999999998,0.2662996875000019,31,110,FINGERDBAS,Electric Bass (finger) _ 1,Electric Bass (finger) _ 1,13248,196
13.825845000000001,0.2826037499999998,33,111,FINGERDBAS,Electric Bass (finger) _ 1,Electric Bass (finger) _ 1,13440,208
14.08671,0.2717343750000012,35,112,FINGERDBAS,Electric Bass (finger) _ 1,Electric Bass (finger) _ 1,13632,200
14.347574999999999,0.4021668750000025,38,112,FINGERDBAS,Electric Bass (finger) _ 1,Electric Bass (finger) _ 1,13824,296
16.69536,0.20651812499999878,38,112,FINGERDBAS,Electric Bass (finger) _ 1,Electric Bass (finger) _ 1,15552,152
16.956225,0.17934468749999866,38,112,FINGERDBAS,Electric Bass (finger) _ 1,Electric Bass (finger) _ 1,15744,132
17.21709,0.3152118750000028,33,112,FINGERDBAS,Electric Bass (finger) _ 1,Electric Bass (finger) _ 1,15936,232
17.477955,0.14673656249999922,31,112,FINGERDBAS,Electric Bass (finger) _ 1,Electric Bass (finger) _ 1,16128,108
17.73882,0.2662996874999983,31,110,FINGERDBAS,Electric Bass (finger) _ 1,Electric Bass (finger) _ 1,16320,196
17.999685,0.2826037499999998,33,111,FINGERDBAS,Electric Bass (finger) _ 1,Electric Bass (finger) _ 1,16512,208
18.26055,0.2717343750000012,35,112,FINGERDBAS,Electric Bass (finger) _ 1,Electric Bass (finger) _ 1,16704,200
18.521415,0.4021668749999989,38,112,FINGERDBAS,Electric Bass (finger) _ 1,Electric Bass (finger) _ 1,16896,296
20.8692,0.20651812500000233,38,112,FINGERDBAS,Electric Bass (finger) _ 1,Electric Bass (finger) _ 1,18624,152
21.130065000000002,0.17934468749999866,38,112,FINGERDBAS,Electric Bass (finger) _ 1,Electric Bass (finger) _ 1,18816,132
21.39093,0.31521187499999925,33,112,FINGERDBAS,Electric Bass (finger) _ 1,Electric Bass (finger) _ 1,19008,232
21.651795,0.14673656249999922,31,112,FINGERDBAS,Electric Bass (finger) _ 1,Electric Bass (finger) _ 1,19200,108
21.91266,0.2662996875000019,31,110,FINGERDBAS,Electric Bass (finger) _ 1,Electric Bass (finger) _ 1,19392,196
22.173525,0.2826037499999998,33,111,FINGERDBAS,Electric Bass (finger) _ 1,Electric Bass (finger) _ 1,19584,208
22.43439,0.2717343750000012,35,112,FINGERDBAS,Electric Bass (finger) _ 1,Electric Bass (finger) _ 1,19776,200
22.695255,0.4021668750000025,38,112,FINGERDBAS,Electric Bass (finger) _ 1,Electric Bass (finger) _ 1,19968,296
25.04304,0.18477937499999797,31,110,FINGERDBAS,Electric Bass (finger) _ 1,Electric Bass (finger) _ 1,21696,136
25.303905,0.16847531250000003,31,107,FINGERDBAS,Electric Bass (finger) _ 1,Electric Bass (finger) _ 1,21888,124
25.56477,0.24456093750000107,31,105,FINGERDBAS,Electric Bass (finger) _ 1,Electric Bass (finger) _ 1,22080,180
25.825635000000002,0.19564875000000015,29,104,FINGERDBAS,Electric Bass (finger) _ 1,Electric Bass (finger) _ 1,22272,144
26.0865,0.17934468749999866,29,102,FINGERDBAS,Electric Bass (finger) _ 1,Electric Bass (finger) _ 1,22464,132
26.347365,0.20108343749999946,29,101,FINGERDBAS,Electric Bass (finger) _ 1,Electric Bass (finger) _ 1,22656,148
26.60823,0.21738750000000095,29,101,FINGERDBAS,Electric Bass (finger) _ 1,Electric Bass (finger) _ 1,22848,160
26.869095,0.3423853124999994,31,110,FINGERDBAS,Electric Bass (finger) _ 1,Electric Bass (finger) _ 1,23040,252
29.216880000000003,0.20651812499999522,38,112,FINGERDBAS,Electric Bass (finger) _ 1,Electric Bass (finger) _ 1,24768,152
29.477745,0.17934468749999866,38,108,FINGERDBAS,Electric Bass (finger) _ 1,Electric Bass (finger) _ 1,24960,132
29.73861,0.22282218750000027,38,111,FINGERDBAS,Electric Bass (finger) _ 1,Electric Bass (finger) _ 1,25152,164
29.999475000000004,0.17390999999999934,31,103,FINGERDBAS,Electric Bass (finger) _ 1,Electric Bass (finger) _ 1,25344,128
30.26034,0.26086500000000257,31,108,FINGERDBAS,Electric Bass (finger) _ 1,Electric Bass (finger) _ 1,25536,192
30.521205000000002,0.24456093749999752,33,108,FINGERDBAS,Electric Bass (finger) _ 1,Electric Bass (finger) _ 1,25728,180
30.782069999999997,0.2391262500000053,35,112,FINGERDBAS,Electric Bass (finger) _ 1,Electric Bass (finger) _ 1,25920,176
31.042935,0.3206465625000021,38,112,FINGERDBAS,Electric Bass (finger) _ 1,Electric Bass (finger) _ 1,26112,236
33.39072,0.1956487499999966,33,112,FINGERDBAS,Electric Bass (finger) _ 1,Electric Bass (finger) _ 1,27840,144
33.651585000000004,0.1956487499999966,33,111,FINGERDBAS,Electric Bass (finger) _ 1,Electric Bass (finger) _ 1,28032,144
33.91245,0.16304062500000072,33,111,FINGERDBAS,Electric Bass (finger) _ 1,Electric Bass (finger) _ 1,28224,120
34.173315,0.1956487499999966,33,112,FINGERDBAS,Electric Bass (finger) _ 1,Electric Bass (finger) _ 1,28416,144
34.43418,0.1956487500000037,33,103,FINGERDBAS,Electric Bass (finger) _ 1,Electric Bass (finger) _ 1,28608,144
34.695045,0.1956487500000037,33,110,FINGERDBAS,Electric Bass (finger) _ 1,Electric Bass (finger) _ 1,28800,144
34.95591,0.1956487499999966,33,112,FINGERDBAS,Electric Bass (finger) _ 1,Electric Bass (finger) _ 1,28992,144
35.216775,0.2717343750000012,33,112,FINGERDBAS,Electric Bass (finger) _ 1,Electric Bass (finger) _ 1,29184,200
37.56456,0.20651812500000233,38,112,FINGERDBAS,Electric Bass (finger) _ 1,Electric Bass (finger) _ 1,30912,152
37.825425,0.17934468749999866,38,112,FINGERDBAS,Electric Bass (finger) _ 1,Electric Bass (finger) _ 1,31104,132
38.08629,0.3152118750000028,33,112,FINGERDBAS,Electric Bass (finger) _ 1,Electric Bass (finger) _ 1,31296,232
38.347155,0.14673656250000278,31,112,FINGERDBAS,Electric Bass (finger) _ 1,Electric Bass (finger) _ 1,31488,108
38.60802,0.2662996874999948,31,110,FINGERDBAS,Electric Bass (finger) _ 1,Electric Bass (finger) _ 1,31680,196
38.868885,0.2826037499999998,33,111,FINGERDBAS,Electric Bass (finger) _ 1,Electric Bass (finger) _ 1,31872,208
39.12975,0.2717343750000012,35,112,FINGERDBAS,Electric Bass (finger) _ 1,Electric Bass (finger) _ 1,32064,200
39.390615000000004,0.4021668749999989,38,112,FINGERDBAS,Electric Bass (finger) _ 1,Electric Bass (finger) _ 1,32256,296
41.7384,0.20651812500000233,38,112,FINGERDBAS,Electric Bass (finger) _ 1,Electric Bass (finger) _ 1,33984,152
41.999265,0.17934468749999866,38,112,FINGERDBAS,Electric Bass (finger) _ 1,Electric Bass (finger) _ 1,34176,132
42.260130000000004,0.3152118749999957,33,112,FINGERDBAS,Electric Bass (finger) _ 1,Electric Bass (finger) _ 1,34368,232
42.520995,0.14673656250000278,31,112,FINGERDBAS,Electric Bass (finger) _ 1,Electric Bass (finger) _ 1,34560,108
42.78186,0.2662996875000019,31,110,FINGERDBAS,Electric Bass (finger) _ 1,Electric Bass (finger) _ 1,34752,196
43.042725000000004,0.2826037499999998,33,111,FINGERDBAS,Electric Bass (finger) _ 1,Electric Bass (finger) _ 1,34944,208
43.30359,0.2717343750000012,35,112,FINGERDBAS,Electric Bass (finger) _ 1,Electric Bass (finger) _ 1,35136,200
43.564455,0.4021668749999989,38,112,FINGERDBAS,Electric Bass (finger) _ 1,Electric Bass (finger) _ 1,35328,296
45.912240000000004,0.20651812499999522,38,112,FINGERDBAS,Electric Bass (finger) _ 1,Electric Bass (finger) _ 1,37056,152
46.173105,0.17934468749999866,38,112,FINGERDBAS,Electric Bass (finger) _ 1,Electric Bass (finger) _ 1,37248,132
46.43397,0.3152118750000028,33,112,FINGERDBAS,Electric Bass (finger) _ 1,Electric Bass (finger) _ 1,37440,232
46.694835000000005,0.14673656249999567,31,112,FINGERDBAS,Electric Bass (finger) _ 1,Electric Bass (finger) _ 1,37632,108
46.9557,0.2662996875000019,31,110,FINGERDBAS,Electric Bass (finger) _ 1,Electric Bass (finger) _ 1,37824,196
47.216565,0.2826037499999998,33,111,FINGERDBAS,Electric Bass (finger) _ 1,Electric Bass (finger) _ 1,38016,208
47.47743,0.2717343750000012,35,112,FINGERDBAS,Electric Bass (finger) _ 1,Electric Bass (finger) _ 1,38208,200
47.738295,0.4021668749999989,38,112,FINGERDBAS,Electric Bass (finger) _ 1,Electric Bass (finger) _ 1,38400,296
50.08608,0.18477937499999797,31,110,FINGERDBAS,Electric Bass (finger) _ 1,Electric Bass (finger) _ 1,40128,136
50.346945000000005,0.16847531250000003,31,107,FINGERDBAS,Electric Bass (finger) _ 1,Electric Bass (finger) _ 1,40320,124
50.60781,0.24456093750000463,31,105,FINGERDBAS,Electric Bass (finger) _ 1,Electric Bass (finger) _ 1,40512,180
50.868675,0.1956487499999966,29,104,FINGERDBAS,Electric Bass (finger) _ 1,Electric Bass (finger) _ 1,40704,144
51.12954,0.17934468750000576,29,102,FINGERDBAS,Electric Bass (finger) _ 1,Electric Bass (finger) _ 1,40896,132
51.390405,0.20108343750000301,29,101,FINGERDBAS,Electric Bass (finger) _ 1,Electric Bass (finger) _ 1,41088,148
51.651270000000004,0.21738750000000095,29,101,FINGERDBAS,Electric Bass (finger) _ 1,Electric Bass (finger) _ 1,41280,160
51.912135,0.3423853124999994,31,110,FINGERDBAS,Electric Bass (finger) _ 1,Electric Bass (finger) _ 1,41472,252
54.25992,0.20651812500000233,38,112,FINGERDBAS,Electric Bass (finger) _ 1,Electric Bass (finger) _ 1,43200,152
54.520785000000004,0.17934468749999866,38,108,FINGERDBAS,Electric Bass (finger) _ 1,Electric Bass (finger) _ 1,43392,132
54.78165,0.22282218750000027,38,111,FINGERDBAS,Electric Bass (finger) _ 1,Electric Bass (finger) _ 1,43584,164
55.042515,0.17390999999999934,31,103,FINGERDBAS,Electric Bass (finger) _ 1,Electric Bass (finger) _ 1,43776,128
55.303380000000004,0.26086499999999546,31,108,FINGERDBAS,Electric Bass (finger) _ 1,Electric Bass (finger) _ 1,43968,192
55.564245,0.24456093750000463,33,108,FINGERDBAS,Electric Bass (finger) _ 1,Electric Bass (finger) _ 1,44160,180
55.82511,0.2391262499999982,35,112,FINGERDBAS,Electric Bass (finger) _ 1,Electric Bass (finger) _ 1,44352,176
56.085975000000005,0.320646562499995,38,112,FINGERDBAS,Electric Bass (finger) _ 1,Electric Bass (finger) _ 1,44544,236
58.43376,0.1956487500000037,33,112,FINGERDBAS,Electric Bass (finger) _ 1,Electric Bass (finger) _ 1,46272,144
58.694625,0.1956487500000037,33,111,FINGERDBAS,Electric Bass (finger) _ 1,Electric Bass (finger) _ 1,46464,144
58.955490000000005,0.16304062500000072,33,111,FINGERDBAS,Electric Bass (finger) _ 1,Electric Bass (finger) _ 1,46656,120
59.216355,0.1956487500000037,33,112,FINGERDBAS,Electric Bass (finger) _ 1,Electric Bass (finger) _ 1,46848,144
59.47722,0.1956487499999966,33,103,FINGERDBAS,Electric Bass (finger) _ 1,Electric Bass (finger) _ 1,47040,144
59.738085000000005,0.1956487500000037,33,110,FINGERDBAS,Electric Bass (finger) _ 1,Electric Bass (finger) _ 1,47232,144
59.99895,0.1956487500000037,33,112,FINGERDBAS,Electric Bass (finger) _ 1,Electric Bass (finger) _ 1,47424,144
60.259814999999996,0.2717343750000083,33,112,FINGERDBAS,Electric Bass (finger) _ 1,Electric Bass (finger) _ 1,47616,200
62.6076,0.20651812500000233,38,112,FINGERDBAS,Electric Bass (finger) _ 1,Electric Bass (finger) _ 1,49344,152
62.86846500000001,0.17934468749999155,38,112,FINGERDBAS,Electric Bass (finger) _ 1,Electric Bass (finger) _ 1,49536,132
63.12933,0.3152118750000028,33,112,FINGERDBAS,Electric Bass (finger) _ 1,Electric Bass (finger) _ 1,49728,232
63.390195,0.14673656250000988,31,112,FINGERDBAS,Electric Bass (finger) _ 1,Electric Bass (finger) _ 1,49920,108
63.65106000000001,0.2662996874999948,31,110,FINGERDBAS,Electric Bass (finger) _ 1,Electric Bass (finger) _ 1,50112,196
63.911925000000004,0.2826037499999927,33,111,FINGERDBAS,Electric Bass (finger) _ 1,Electric Bass (finger) _ 1,50304,208
64.17279,0.2717343750000083,35,112,FINGERDBAS,Electric Bass (finger) _ 1,Electric Bass (finger) _ 1,50496,200
64.43365500000002,0.4021668749999918,38,112,FINGERDBAS,Electric Bass (finger) _ 1,Electric Bass (finger) _ 1,50688,296
66.52057500000001,0.18477937500000507,38,101,FINGERDBAS,Electric Bass (finger) _ 1,Electric Bass (finger) _ 1,52224,136
66.78144,0.36412406250001084,38,90,FINGERDBAS,Electric Bass (finger) _ 1,Electric Bass (finger) _ 1,52416,268
67.17273750000001,0.08152031250000391,38,94,FINGERDBAS,Electric Bass (finger) _ 1,Electric Bass (finger) _ 1,52704,60
67.30317000000001,0.1902140625000044,38,92,FINGERDBAS,Electric Bass (finger) _ 1,Electric Bass (finger) _ 1,52800,140
67.564035,0.1956487500000037,31,110,FINGERDBAS,Electric Bass (finger) _ 1,Electric Bass (finger) _ 1,52992,144
67.82490000000001,0.3858628124999939,31,111,FINGERDBAS,Electric Bass (finger) _ 1,Electric Bass (finger) _ 1,53184,284
68.2161975,0.11412843749999979,33,92,FINGERDBAS,Electric Bass (finger) _ 1,Electric Bass (finger) _ 1,53472,84
68.34663,0.24999562500001105,35,90,FINGERDBAS,Electric Bass (finger) _ 1,Electric Bass (finger) _ 1,53568,184
68.60749500000001,0.18477937499999086,38,78,FINGERDBAS,Electric Bass (finger) _ 1,Electric Bass (finger) _ 1,53760,136
68.86836000000001,0.32608125000000143,38,92,FINGERDBAS,Electric Bass (finger) _ 1,Electric Bass (finger) _ 1,53952,240
69.2596575,0.33695062500000006,38,94,FINGERDBAS,Electric Bass (finger) _ 1,Electric Bass (finger) _ 1,54240,248
69.65095500000001,0.1902140625000044,38,103,FINGERDBAS,Electric Bass (finger) _ 1,Electric Bass (finger) _ 1,54528,140
69.91182,0.3858628125000081,38,96,FINGERDBAS,Electric Bass (finger) _ 1,Electric Bass (finger) _ 1,54720,284
70.30311750000001,0.12499781249999842,33,90,FINGERDBAS,Electric Bass (finger) _ 1,Electric Bass (finger) _ 1,55008,92
70.43355000000001,0.24999562499999683,35,94,FINGERDBAS,Electric Bass (finger) _ 1,Electric Bass (finger) _ 1,55104,184
70.694415,0.18477937500000507,38,98,FINGERDBAS,Electric Bass (finger) _ 1,Electric Bass (finger) _ 1,55296,136
70.95528000000002,0.45107906249999985,38,106,FINGERDBAS,Electric Bass (finger) _ 1,Electric Bass (finger) _ 1,55488,332
71.34657750000001,0.1195631249999991,35,84,FINGERDBAS,Electric Bass (finger) _ 1,Electric Bass (finger) _ 1,55776,88
71.47701,0.21738750000000095,33,71,FINGERDBAS,Electric Bass (finger) _ 1,Electric Bass (finger) _ 1,55872,160
71.73787500000002,0.20651812499998812,31,110,FINGERDBAS,Electric Bass (finger) _ 1,Electric Bass (finger) _ 1,56064,152
71.99874000000001,0.4347750000000019,31,101,FINGERDBAS,Electric Bass (finger) _ 1,Electric Bass (finger) _ 1,56256,320
72.3900375,0.1195631249999991,33,88,FINGERDBAS,Electric Bass (finger) _ 1,Electric Bass (finger) _ 1,56544,88
72.52047,0.2826037500000069,35,92,FINGERDBAS,Electric Bass (finger) _ 1,Electric Bass (finger) _ 1,56640,208
72.78133500000001,0.18477937499999086,38,103,FINGERDBAS,Electric Bass (finger) _ 1,Electric Bass (finger) _ 1,56832,136
73.04220000000001,0.3152118750000028,38,98,FINGERDBAS,Electric Bass (finger) _ 1,Electric Bass (finger) _ 1,57024,232
73.43349750000002,0.353254687499998,38,88,FINGERDBAS,Electric Bass (finger) _ 1,Electric Bass (finger) _ 1,57312,260
73.82479500000001,0.20108343750000301,38,92,FINGERDBAS,Electric Bass (finger) _ 1,Electric Bass (finger) _ 1,57600,148
74.08566,0.10325906250000116,38,88,FINGERDBAS,Electric Bass (finger) _ 1,Electric Bass (finger) _ 1,57792,76
74.21609250000002,0.2391262499999982,38,74,FINGERDBAS,Electric Bass (finger) _ 1,Electric Bass (finger) _ 1,57888,176
74.47695750000001,0.32608125000000143,38,88,FINGERDBAS,Electric Bass (finger) _ 1,Electric Bass (finger) _ 1,58080,240
74.868255,0.20651812500000233,31,112,FINGERDBAS,Electric Bass (finger) _ 1,Electric Bass (finger) _ 1,58368,152
75.12912000000001,0.32608125000000143,31,103,FINGERDBAS,Electric Bass (finger) _ 1,Electric Bass (finger) _ 1,58560,240
75.65085,0.22825687499999958,31,112,FINGERDBAS,Electric Bass (finger) _ 1,Electric Bass (finger) _ 1,58944,168
75.91171500000002,0.3206465625000021,29,112,FINGERDBAS,Electric Bass (finger) _ 1,Electric Bass (finger) _ 1,59136,236
76.30301250000001,0.32608125000000143,29,111,FINGERDBAS,Electric Bass (finger) _ 1,Electric Bass (finger) _ 1,59424,240
76.69431000000002,0.1956487499999895,29,112,FINGERDBAS,Electric Bass (finger) _ 1,Electric Bass (finger) _ 1,59712,144
76.95517500000001,0.3206465625000021,31,112,FINGERDBAS,Electric Bass (finger) _ 1,Electric Bass (finger) _ 1,59904,236
77.3464725,0.29890781250000487,31,110,FINGERDBAS,Electric Bass (finger) _ 1,Electric Bass (finger) _ 1,60192,220
77.73777000000001,0.22282218750000027,31,110,FINGERDBAS,Electric Bass (finger) _ 1,Electric Bass (finger) _ 1,60480,164
77.99863500000001,0.2826037500000069,31,112,FINGERDBAS,Electric Bass (finger) _ 1,Electric Bass (finger) _ 1,60672,208
78.38993250000001,0.41847093749998976,31,98,FINGERDBAS,Electric Bass (finger) _ 1,Electric Bass (finger) _ 1,60960,308
78.78123000000001,0.14130187499999636,33,112,FINGERDBAS,Electric Bass (finger) _ 1,Electric Bass (finger) _ 1,61248,104
78.9116625,0.14673656250000988,35,108,FINGERDBAS,Electric Bass (finger) _ 1,Electric Bass (finger) _ 1,61344,108
79.042095,0.2771690625000076,38,110,FINGERDBAS,Electric Bass (finger) _ 1,Electric Bass (finger) _ 1,61440,204
79.43339250000001,0.33151593750000075,38,103,FINGERDBAS,Electric Bass (finger) _ 1,Electric Bass (finger) _ 1,61728,244
79.82469,0.2608650000000097,38,111,FINGERDBAS,Electric Bass (finger) _ 1,Electric Bass (finger) _ 1,62016,192
80.08555500000001,0.3097771875000035,31,110,FINGERDBAS,Electric Bass (finger) _ 1,Electric Bass (finger) _ 1,62208,228
80.4768525,0.36412406250001084,31,112,FINGERDBAS,Electric Bass (finger) _ 1,Electric Bass (finger) _ 1,62496,268
80.86815000000001,0.1576059374999943,33,98,FINGERDBAS,Electric Bass (finger) _ 1,Electric Bass (finger) _ 1,62784,116
80.99858250000001,0.14130187499999636,35,77,FINGERDBAS,Electric Bass (finger) _ 1,Electric Bass (finger) _ 1,62880,104
81.12901500000001,0.29347312500000555,38,103,FINGERDBAS,Electric Bass (finger) _ 1,Electric Bass (finger) _ 1,62976,216
81.52031250000002,0.33695062500000006,38,110,FINGERDBAS,Electric Bass (finger) _ 1,Electric Bass (finger) _ 1,63264,248
81.91161000000001,0.22282218750000027,38,103,FINGERDBAS,Electric Bass (finger) _ 1,Electric Bass (finger) _ 1,63552,164
82.172475,0.3097771875000035,38,111,FINGERDBAS,Electric Bass (finger) _ 1,Electric Bass (finger) _ 1,63744,228
82.56377250000001,0.28803843749999203,38,106,FINGERDBAS,Electric Bass (finger) _ 1,Electric Bass (finger) _ 1,64032,212
82.95507,0.266299687500009,38,98,FINGERDBAS,Electric Bass (finger) _ 1,Electric Bass (finger) _ 1,64320,196
83.21593500000002,0.19021406249999018,33,112,FINGERDBAS,Electric Bass (finger) _ 1,Electric Bass (finger) _ 1,64512,140
83.47680000000001,0.18477937500000507,33,108,FINGERDBAS,Electric Bass (finger) _ 1,Electric Bass (finger) _ 1,64704,136
83.737665,0.16304062500000782,33,112,FINGERDBAS,Electric Bass (finger) _ 1,Electric Bass (finger) _ 1,64896,120
83.99853000000002,0.22282218750000027,33,112,FINGERDBAS,Electric Bass (finger) _ 1,Electric Bass (finger) _ 1,65088,164
84.25939500000001,0.08152031250000391,33,112,FINGERDBAS,Electric Bass (finger) _ 1,Electric Bass (finger) _ 1,65280,60
84.38982750000001,0.28803843750000624,33,103,FINGERDBAS,Electric Bass (finger) _ 1,Electric Bass (finger) _ 1,65376,212
84.78112500000002,0.19021406249999018,33,112,FINGERDBAS,Electric Bass (finger) _ 1,Electric Bass (finger) _ 1,65664,140
85.04199000000001,0.1630406249999936,33,111,FINGERDBAS,Electric Bass (finger) _ 1,Electric Bass (finger) _ 1,65856,120
85.30285500000001,0.2336915624999989,33,112,FINGERDBAS,Electric Bass (finger) _ 1,Electric Bass (finger) _ 1,66048,172
85.56372000000002,0.21738749999998674,38,112,FINGERDBAS,Electric Bass (finger) _ 1,Electric Bass (finger) _ 1,66240,160
85.82458500000001,0.16847531249999292,38,112,FINGERDBAS,Electric Bass (finger) _ 1,Electric Bass (finger) _ 1,66432,124
86.08545000000001,0.25543031249999615,38,110,FINGERDBAS,Electric Bass (finger) _ 1,Electric Bass (finger) _ 1,66624,188
86.346315,0.1902140625000044,31,112,FINGERDBAS,Electric Bass (finger) _ 1,Electric Bass (finger) _ 1,66816,140
86.60718000000001,0.24999562499999683,31,110,FINGERDBAS,Electric Bass (finger) _ 1,Electric Bass (finger) _ 1,67008,184
86.86804500000001,0.24999562499999683,33,112,FINGERDBAS,Electric Bass (finger) _ 1,Electric Bass (finger) _ 1,67200,184
87.12891,0.22282218750000027,35,112,FINGERDBAS,Electric Bass (finger) _ 1,Electric Bass (finger) _ 1,67392,164
87.38977500000001,0.4021668749999918,38,112,FINGERDBAS,Electric Bass (finger) _ 1,Electric Bass (finger) _ 1,67584,296
89.73756000000002,0.20651812499998812,38,112,FINGERDBAS,Electric Bass (finger) _ 1,Electric Bass (finger) _ 1,69312,152
89.99842500000001,0.17934468750000576,38,112,FINGERDBAS,Electric Bass (finger) _ 1,Electric Bass (finger) _ 1,69504,132
90.25929000000001,0.3152118750000028,33,112,FINGERDBAS,Electric Bass (finger) _ 1,Electric Bass (finger) _ 1,69696,232
90.52015500000002,0.14673656249999567,31,112,FINGERDBAS,Electric Bass (finger) _ 1,Electric Bass (finger) _ 1,69888,108
90.78102000000001,0.2662996874999948,31,110,FINGERDBAS,Electric Bass (finger) _ 1,Electric Bass (finger) _ 1,70080,196
91.04188500000001,0.2826037500000069,33,111,FINGERDBAS,Electric Bass (finger) _ 1,Electric Bass (finger) _ 1,70272,208
91.30275000000002,0.2717343749999941,35,112,FINGERDBAS,Electric Bass (finger) _ 1,Electric Bass (finger) _ 1,70464,200
91.56361500000001,0.4021668749999918,38,112,FINGERDBAS,Electric Bass (finger) _ 1,Electric Bass (finger) _ 1,70656,296
93.91140000000001,0.20651812500000233,38,112,FINGERDBAS,Electric Bass (finger) _ 1,Electric Bass (finger) _ 1,72384,152
94.17226500000001,0.17934468750000576,38,112,FINGERDBAS,Electric Bass (finger) _ 1,Electric Bass (finger) _ 1,72576,132
94.43313,0.3152118750000028,33,112,FINGERDBAS,Electric Bass (finger) _ 1,Electric Bass (finger) _ 1,72768,232
94.69399500000002,0.14673656249999567,31,112,FINGERDBAS,Electric Bass (finger) _ 1,Electric Bass (finger) _ 1,72960,108
94.95486000000001,0.2662996874999948,31,110,FINGERDBAS,Electric Bass (finger) _ 1,Electric Bass (finger) _ 1,73152,196
95.215725,0.2826037500000069,33,111,FINGERDBAS,Electric Bass (finger) _ 1,Electric Bass (finger) _ 1,73344,208
95.47659000000002,0.2717343749999941,35,112,FINGERDBAS,Electric Bass (finger) _ 1,Electric Bass (finger) _ 1,73536,200
95.73745500000001,0.40216687500000603,38,112,FINGERDBAS,Electric Bass (finger) _ 1,Electric Bass (finger) _ 1,73728,296
98.08524000000001,0.18477937500000507,31,110,FINGERDBAS,Electric Bass (finger) _ 1,Electric Bass (finger) _ 1,75456,136
98.34610500000001,0.16847531250000713,31,107,FINGERDBAS,Electric Bass (finger) _ 1,Electric Bass (finger) _ 1,75648,124
98.60697000000002,0.24456093749999752,31,105,FINGERDBAS,Electric Bass (finger) _ 1,Electric Bass (finger) _ 1,75840,180
98.86783500000001,0.1956487500000037,29,104,FINGERDBAS,Electric Bass (finger) _ 1,Electric Bass (finger) _ 1,76032,144
99.12870000000001,0.17934468750000576,29,102,FINGERDBAS,Electric Bass (finger) _ 1,Electric Bass (finger) _ 1,76224,132
99.389565,0.20108343750000301,29,101,FINGERDBAS,Electric Bass (finger) _ 1,Electric Bass (finger) _ 1,76416,148
99.65043000000001,0.21738750000000095,29,101,FINGERDBAS,Electric Bass (finger) _ 1,Electric Bass (finger) _ 1,76608,160
99.91129500000001,0.3423853124999994,31,110,FINGERDBAS,Electric Bass (finger) _ 1,Electric Bass (finger) _ 1,76800,252
102.25908000000001,0.20651812500000233,38,112,FINGERDBAS,Electric Bass (finger) _ 1,Electric Bass (finger) _ 1,78528,152
102.519945,0.17934468750000576,38,108,FINGERDBAS,Electric Bass (finger) _ 1,Electric Bass (finger) _ 1,78720,132
102.78081000000002,0.22282218750000027,38,111,FINGERDBAS,Electric Bass (finger) _ 1,Electric Bass (finger) _ 1,78912,164
103.04167500000001,0.17391000000000645,31,103,FINGERDBAS,Electric Bass (finger) _ 1,Electric Bass (finger) _ 1,79104,128
103.30254000000001,0.2608650000000097,31,108,FINGERDBAS,Electric Bass (finger) _ 1,Electric Bass (finger) _ 1,79296,192
103.56340500000002,0.24456093749999752,33,108,FINGERDBAS,Electric Bass (finger) _ 1,Electric Bass (finger) _ 1,79488,180
103.82427000000001,0.2391262499999982,35,112,FINGERDBAS,Electric Bass (finger) _ 1,Electric Bass (finger) _ 1,79680,176
104.08513500000001,0.3206465625000021,38,112,FINGERDBAS,Electric Bass (finger) _ 1,Electric Bass (finger) _ 1,79872,236
106.43292000000001,0.1956487500000037,33,112,FINGERDBAS,Electric Bass (finger) _ 1,Electric Bass (finger) _ 1,81600,144
106.693785,0.1956487500000037,33,111,FINGERDBAS,Electric Bass (finger) _ 1,Electric Bass (finger) _ 1,81792,144
106.95465000000002,0.1630406249999936,33,111,FINGERDBAS,Electric Bass (finger) _ 1,Electric Bass (finger) _ 1,81984,120
107.21551500000001,0.1956487500000037,33,112,FINGERDBAS,Electric Bass (finger) _ 1,Electric Bass (finger) _ 1,82176,144
107.47638,0.1956487500000037,33,103,FINGERDBAS,Electric Bass (finger) _ 1,Electric Bass (finger) _ 1,82368,144
107.73724500000002,0.1956487499999895,33,110,FINGERDBAS,Electric Bass (finger) _ 1,Electric Bass (finger) _ 1,82560,144
107.99811000000001,0.1956487500000037,33,112,FINGERDBAS,Electric Bass (finger) _ 1,Electric Bass (finger) _ 1,82752,144
108.258975,0.2717343750000083,33,112,FINGERDBAS,Electric Bass (finger) _ 1,Electric Bass (finger) _ 1,82944,200
110.60676000000001,0.20651812500000233,38,112,FINGERDBAS,Electric Bass (finger) _ 1,Electric Bass (finger) _ 1,84672,152
110.86762500000002,0.17934468749999155,38,112,FINGERDBAS,Electric Bass (finger) _ 1,Electric Bass (finger) _ 1,84864,132
111.12849000000001,0.3152118750000028,33,112,FINGERDBAS,Electric Bass (finger) _ 1,Electric Bass (finger) _ 1,85056,232
111.38935500000001,0.14673656250000988,31,112,FINGERDBAS,Electric Bass (finger) _ 1,Electric Bass (finger) _ 1,85248,108
111.65022000000002,0.2662996874999948,31,110,FINGERDBAS,Electric Bass (finger) _ 1,Electric Bass (finger) _ 1,85440,196
111.91108500000001,0.2826037499999927,33,111,FINGERDBAS,Electric Bass (finger) _ 1,Electric Bass (finger) _ 1,85632,208
112.17195000000001,0.2717343750000083,35,112,FINGERDBAS,Electric Bass (finger) _ 1,Electric Bass (finger) _ 1,85824,200
112.43281500000002,0.4021668749999918,38,112,FINGERDBAS,Electric Bass (finger) _ 1,Electric Bass (finger) _ 1,86016,296
114.7806,0.20651812500000233,38,112,FINGERDBAS,Electric Bass (finger) _ 1,Electric Bass (finger) _ 1,87744,152
115.04146500000002,0.17934468749999155,38,112,FINGERDBAS,Electric Bass (finger) _ 1,Electric Bass (finger) _ 1,87936,132
115.30233000000001,0.3152118750000028,33,112,FINGERDBAS,Electric Bass (finger) _ 1,Electric Bass (finger) _ 1,88128,232
115.56319500000001,0.14673656250000988,31,112,FINGERDBAS,Electric Bass (finger) _ 1,Electric Bass (finger) _ 1,88320,108
115.82406000000002,0.2662996874999948,31,110,FINGERDBAS,Electric Bass (finger) _ 1,Electric Bass (finger) _ 1,88512,196
116.08492500000001,0.2826037499999927,33,111,FINGERDBAS,Electric Bass (finger) _ 1,Electric Bass (finger) _ 1,88704,208
116.34579000000001,0.2717343750000083,35,112,FINGERDBAS,Electric Bass (finger) _ 1,Electric Bass (finger) _ 1,88896,200
116.60665500000002,0.4021668749999918,38,112,FINGERDBAS,Electric Bass (finger) _ 1,Electric Bass (finger) _ 1,89088,296
118.95444000000002,0.20651812499998812,38,112,FINGERDBAS,Electric Bass (finger) _ 1,Electric Bass (finger) _ 1,90816,152
119.21530500000001,0.17934468749999155,38,112,FINGERDBAS,Electric Bass (finger) _ 1,Electric Bass (finger) _ 1,91008,132
119.47617000000001,0.3152118750000028,33,112,FINGERDBAS,Electric Bass (finger) _ 1,Electric Bass (finger) _ 1,91200,232
119.737035,0.14673656250000988,31,112,FINGERDBAS,Electric Bass (finger) _ 1,Electric Bass (finger) _ 1,91392,108
119.99790000000002,0.2662996874999948,31,110,FINGERDBAS,Electric Bass (finger) _ 1,Electric Bass (finger) _ 1,91584,196
120.25876500000001,0.2826037500000069,33,111,FINGERDBAS,Electric Bass (finger) _ 1,Electric Bass (finger) _ 1,91776,208
120.51963,0.2717343750000083,35,112,FINGERDBAS,Electric Bass (finger) _ 1,Electric Bass (finger) _ 1,91968,200
120.78049500000002,0.4021668749999918,38,112,FINGERDBAS,Electric Bass (finger) _ 1,Electric Bass (finger) _ 1,92160,296
123.12828000000002,0.18477937499999086,31,110,FINGERDBAS,Electric Bass (finger) _ 1,Electric Bass (finger) _ 1,93888,136
123.38914500000001,0.16847531249999292,31,107,FINGERDBAS,Electric Bass (finger) _ 1,Electric Bass (finger) _ 1,94080,124
123.65001000000002,0.2445609374999833,31,105,FINGERDBAS,Electric Bass (finger) _ 1,Electric Bass (finger) _ 1,94272,180
123.91087500000002,0.1956487500000037,29,104,FINGERDBAS,Electric Bass (finger) _ 1,Electric Bass (finger) _ 1,94464,144
124.17174000000001,0.17934468749999155,29,102,FINGERDBAS,Electric Bass (finger) _ 1,Electric Bass (finger) _ 1,94656,132
124.43260500000001,0.20108343750001723,29,101,FINGERDBAS,Electric Bass (finger) _ 1,Electric Bass (finger) _ 1,94848,148
124.69347,0.21738750000000095,29,101,FINGERDBAS,Electric Bass (finger) _ 1,Electric Bass (finger) _ 1,95040,160
124.954335,0.3423853124999994,31,110,FINGERDBAS,Electric Bass (finger) _ 1,Electric Bass (finger) _ 1,95232,252
127.30212000000002,0.20651812500000233,38,112,FINGERDBAS,Electric Bass (finger) _ 1,Electric Bass (finger) _ 1,96960,152
127.56298500000001,0.17934468749999155,38,108,FINGERDBAS,Electric Bass (finger) _ 1,Electric Bass (finger) _ 1,97152,132
127.82385000000001,0.22282218750001448,38,111,FINGERDBAS,Electric Bass (finger) _ 1,Electric Bass (finger) _ 1,97344,164
128.084715,0.17391000000000645,31,103,FINGERDBAS,Electric Bass (finger) _ 1,Electric Bass (finger) _ 1,97536,128
128.34558,0.26086499999999546,31,108,FINGERDBAS,Electric Bass (finger) _ 1,Electric Bass (finger) _ 1,97728,192
128.606445,0.2445609374999833,33,108,FINGERDBAS,Electric Bass (finger) _ 1,Electric Bass (finger) _ 1,97920,180
128.86731,0.2391262499999982,35,112,FINGERDBAS,Electric Bass (finger) _ 1,Electric Bass (finger) _ 1,98112,176
129.128175,0.3206465625000021,38,112,FINGERDBAS,Electric Bass (finger) _ 1,Electric Bass (finger) _ 1,98304,236
131.47596,0.1956487500000037,33,112,FINGERDBAS,Electric Bass (finger) _ 1,Electric Bass (finger) _ 1,100032,144
131.736825,0.19564874999997528,33,111,FINGERDBAS,Electric Bass (finger) _ 1,Electric Bass (finger) _ 1,100224,144
131.99769,0.1630406249999794,33,111,FINGERDBAS,Electric Bass (finger) _ 1,Electric Bass (finger) _ 1,100416,120
132.258555,0.1956487500000037,33,112,FINGERDBAS,Electric Bass (finger) _ 1,Electric Bass (finger) _ 1,100608,144
132.51942,0.1956487500000037,33,103,FINGERDBAS,Electric Bass (finger) _ 1,Electric Bass (finger) _ 1,100800,144
132.780285,0.1956487500000037,33,110,FINGERDBAS,Electric Bass (finger) _ 1,Electric Bass (finger) _ 1,100992,144
133.04115,0.1956487500000037,33,112,FINGERDBAS,Electric Bass (finger) _ 1,Electric Bass (finger) _ 1,101184,144
133.302015,0.2717343749999941,33,112,FINGERDBAS,Electric Bass (finger) _ 1,Electric Bass (finger) _ 1,101376,200
135.6498,0.20651812500000233,38,112,FINGERDBAS,Electric Bass (finger) _ 1,Electric Bass (finger) _ 1,103104,152
135.910665,0.17934468749999155,38,112,FINGERDBAS,Electric Bass (finger) _ 1,Electric Bass (finger) _ 1,103296,132
136.17153,0.315211875000017,33,112,FINGERDBAS,Electric Bass (finger) _ 1,Electric Bass (finger) _ 1,103488,232
136.43239499999999,0.1467365625000241,31,112,FINGERDBAS,Electric Bass (finger) _ 1,Electric Bass (finger) _ 1,103680,108
136.69326,0.26629968749998056,31,110,FINGERDBAS,Electric Bass (finger) _ 1,Electric Bass (finger) _ 1,103872,196
136.954125,0.2826037499999927,33,111,FINGERDBAS,Electric Bass (finger) _ 1,Electric Bass (finger) _ 1,104064,208
137.21499,0.2717343749999941,35,112,FINGERDBAS,Electric Bass (finger) _ 1,Electric Bass (finger) _ 1,104256,200
137.475855,0.40216687500000603,38,112,FINGERDBAS,Electric Bass (finger) _ 1,Electric Bass (finger) _ 1,104448,296
139.562775,0.18477937500000507,38,101,FINGERDBAS,Electric Bass (finger) _ 1,Electric Bass (finger) _ 1,105984,136
139.82364,0.3641240624999966,38,90,FINGERDBAS,Electric Bass (finger) _ 1,Electric Bass (finger) _ 1,106176,268
140.2149375,0.08152031250000391,38,94,FINGERDBAS,Electric Bass (finger) _ 1,Electric Bass (finger) _ 1,106464,60
140.34537,0.19021406249999018,38,92,FINGERDBAS,Electric Bass (finger) _ 1,Electric Bass (finger) _ 1,106560,140
140.606235,0.1956487500000037,31,110,FINGERDBAS,Electric Bass (finger) _ 1,Electric Bass (finger) _ 1,106752,144
140.8671,0.3858628124999939,31,111,FINGERDBAS,Electric Bass (finger) _ 1,Electric Bass (finger) _ 1,106944,284
141.2583975,0.11412843749999979,33,92,FINGERDBAS,Electric Bass (finger) _ 1,Electric Bass (finger) _ 1,107232,84
141.38883,0.24999562499999683,35,90,FINGERDBAS,Electric Bass (finger) _ 1,Electric Bass (finger) _ 1,107328,184
141.649695,0.18477937500000507,38,78,FINGERDBAS,Electric Bass (finger) _ 1,Electric Bass (finger) _ 1,107520,136
141.91056,0.3260812499999872,38,92,FINGERDBAS,Electric Bass (finger) _ 1,Electric Bass (finger) _ 1,107712,240
142.3018575,0.33695062499998585,38,94,FINGERDBAS,Electric Bass (finger) _ 1,Electric Bass (finger) _ 1,108000,248
142.693155,0.1902140625000186,38,103,FINGERDBAS,Electric Bass (finger) _ 1,Electric Bass (finger) _ 1,108288,140
142.95401999999999,0.3858628125000223,38,96,FINGERDBAS,Electric Bass (finger) _ 1,Electric Bass (finger) _ 1,108480,284
143.3453175,0.12499781249999842,33,90,FINGERDBAS,Electric Bass (finger) _ 1,Electric Bass (finger) _ 1,108768,92
143.47575,0.24999562499999683,35,94,FINGERDBAS,Electric Bass (finger) _ 1,Electric Bass (finger) _ 1,108864,184
143.736615,0.18477937500000507,38,98,FINGERDBAS,Electric Bass (finger) _ 1,Electric Bass (finger) _ 1,109056,136
143.99748,0.45107906250001406,38,106,FINGERDBAS,Electric Bass (finger) _ 1,Electric Bass (finger) _ 1,109248,332
144.3887775,0.1195631249999849,35,84,FINGERDBAS,Electric Bass (finger) _ 1,Electric Bass (finger) _ 1,109536,88
144.51921,0.21738750000000095,33,71,FINGERDBAS,Electric Bass (finger) _ 1,Electric Bass (finger) _ 1,109632,160
144.780075,0.20651812500000233,31,110,FINGERDBAS,Electric Bass (finger) _ 1,Electric Bass (finger) _ 1,109824,152
145.04094,0.4347750000000019,31,101,FINGERDBAS,Electric Bass (finger) _ 1,Electric Bass (finger) _ 1,110016,320
145.4322375,0.1195631249999849,33,88,FINGERDBAS,Electric Bass (finger) _ 1,Electric Bass (finger) _ 1,110304,88
145.56267,0.2826037499999927,35,92,FINGERDBAS,Electric Bass (finger) _ 1,Electric Bass (finger) _ 1,110400,208
145.823535,0.18477937500000507,38,103,FINGERDBAS,Electric Bass (finger) _ 1,Electric Bass (finger) _ 1,110592,136
146.0844,0.315211875000017,38,98,FINGERDBAS,Electric Bass (finger) _ 1,Electric Bass (finger) _ 1,110784,232
146.4756975,0.353254687499998,38,88,FINGERDBAS,Electric Bass (finger) _ 1,Electric Bass (finger) _ 1,111072,260
146.866995,0.2010834374999888,38,92,FINGERDBAS,Electric Bass (finger) _ 1,Electric Bass (finger) _ 1,111360,148
147.12786,0.10325906250000116,38,88,FINGERDBAS,Electric Bass (finger) _ 1,Electric Bass (finger) _ 1,111552,76
147.2582925,0.2391262499999982,38,74,FINGERDBAS,Electric Bass (finger) _ 1,Electric Bass (finger) _ 1,111648,176
147.5191575,0.3260812499999872,38,88,FINGERDBAS,Electric Bass (finger) _ 1,Electric Bass (finger) _ 1,111840,240
147.910455,0.2065181249999739,31,112,FINGERDBAS,Electric Bass (finger) _ 1,Electric Bass (finger) _ 1,112128,152
148.17132,0.3260812499999872,31,103,FINGERDBAS,Electric Bass (finger) _ 1,Electric Bass (finger) _ 1,112320,240
148.69305,0.22825687499999958,31,112,FINGERDBAS,Electric Bass (finger) _ 1,Electric Bass (finger) _ 1,112704,168
148.953915,0.3206465625000021,29,112,FINGERDBAS,Electric Bass (finger) _ 1,Electric Bass (finger) _ 1,112896,236
149.3452125,0.3260812499999872,29,111,FINGERDBAS,Electric Bass (finger) _ 1,Electric Bass (finger) _ 1,113184,240
149.73651,0.1956487500000037,29,112,FINGERDBAS,Electric Bass (finger) _ 1,Electric Bass (finger) _ 1,113472,144
149.997375,0.3206465625000021,31,112,FINGERDBAS,Electric Bass (finger) _ 1,Electric Bass (finger) _ 1,113664,236
150.3886725,0.29890781249997644,31,110,FINGERDBAS,Electric Bass (finger) _ 1,Electric Bass (finger) _ 1,113952,220
150.77997,0.22282218750001448,31,110,FINGERDBAS,Electric Bass (finger) _ 1,Electric Bass (finger) _ 1,114240,164
151.040835,0.28260375000002114,31,112,FINGERDBAS,Electric Bass (finger) _ 1,Electric Bass (finger) _ 1,114432,208
151.4321325,0.4184709375000182,31,98,FINGERDBAS,Electric Bass (finger) _ 1,Electric Bass (finger) _ 1,114720,308
151.82343,0.14130187500001057,33,112,FINGERDBAS,Electric Bass (finger) _ 1,Electric Bass (finger) _ 1,115008,104
151.9538625,0.14673656249999567,35,108,FINGERDBAS,Electric Bass (finger) _ 1,Electric Bass (finger) _ 1,115104,108
152.084295,0.2771690625000076,38,110,FINGERDBAS,Electric Bass (finger) _ 1,Electric Bass (finger) _ 1,115200,204
152.4755925,0.33151593750000075,38,103,FINGERDBAS,Electric Bass (finger) _ 1,Electric Bass (finger) _ 1,115488,244
152.86689,0.26086499999999546,38,111,FINGERDBAS,Electric Bass (finger) _ 1,Electric Bass (finger) _ 1,115776,192
153.127755,0.3097771875000035,31,110,FINGERDBAS,Electric Bass (finger) _ 1,Electric Bass (finger) _ 1,115968,228
153.5190525,0.36412406250002505,31,112,FINGERDBAS,Electric Bass (finger) _ 1,Electric Bass (finger) _ 1,116256,268
153.91035,0.1576059374999943,33,98,FINGERDBAS,Electric Bass (finger) _ 1,Electric Bass (finger) _ 1,116544,116
154.0407825,0.14130187499998215,35,77,FINGERDBAS,Electric Bass (finger) _ 1,Electric Bass (finger) _ 1,116640,104
154.171215,0.29347312500001976,38,103,FINGERDBAS,Electric Bass (finger) _ 1,Electric Bass (finger) _ 1,116736,216
154.5625125,0.33695062500001427,38,110,FINGERDBAS,Electric Bass (finger) _ 1,Electric Bass (finger) _ 1,117024,248
154.95381,0.22282218749998606,38,103,FINGERDBAS,Electric Bass (finger) _ 1,Electric Bass (finger) _ 1,117312,164
155.214675,0.3097771875000035,38,111,FINGERDBAS,Electric Bass (finger) _ 1,Electric Bass (finger) _ 1,117504,228
155.6059725,0.28803843750000624,38,106,FINGERDBAS,Electric Bass (finger) _ 1,Electric Bass (finger) _ 1,117792,212
155.99727,0.266299687500009,38,98,FINGERDBAS,Electric Bass (finger) _ 1,Electric Bass (finger) _ 1,118080,196
156.258135,0.19021406249999018,33,112,FINGERDBAS,Electric Bass (finger) _ 1,Electric Bass (finger) _ 1,118272,140
156.519,0.18477937500000507,33,108,FINGERDBAS,Electric Bass (finger) _ 1,Electric Bass (finger) _ 1,118464,136
156.779865,0.16304062500000782,33,112,FINGERDBAS,Electric Bass (finger) _ 1,Electric Bass (finger) _ 1,118656,120
157.04073,0.22282218750001448,33,112,FINGERDBAS,Electric Bass (finger) _ 1,Electric Bass (finger) _ 1,118848,164
157.301595,0.08152031250000391,33,112,FINGERDBAS,Electric Bass (finger) _ 1,Electric Bass (finger) _ 1,119040,60
157.4320275,0.28803843750000624,33,103,FINGERDBAS,Electric Bass (finger) _ 1,Electric Bass (finger) _ 1,119136,212
157.823325,0.19021406249999018,33,112,FINGERDBAS,Electric Bass (finger) _ 1,Electric Bass (finger) _ 1,119424,140
158.08419,0.16304062500000782,33,111,FINGERDBAS,Electric Bass (finger) _ 1,Electric Bass (finger) _ 1,119616,120
158.60592,0.19021406249999018,38,112,FINGERDBAS,Electric Bass (finger) _ 1,Electric Bass (finger) _ 1,120000,140
158.866785,0.17391000000000645,38,112,FINGERDBAS,Electric Bass (finger) _ 1,Electric Bass (finger) _ 1,120192,128
159.12765,0.2336915625000131,38,112,FINGERDBAS,Electric Bass (finger) _ 1,Electric Bass (finger) _ 1,120384,172
159.388515,0.16847531249999292,31,112,FINGERDBAS,Electric Bass (finger) _ 1,Electric Bass (finger) _ 1,120576,124
159.64938,0.21738750000000095,31,112,FINGERDBAS,Electric Bass (finger) _ 1,Electric Bass (finger) _ 1,120768,160
159.910245,0.22825687499999958,33,112,FINGERDBAS,Electric Bass (finger) _ 1,Electric Bass (finger) _ 1,120960,168
160.17111,0.24999562499999683,35,112,FINGERDBAS,Electric Bass (finger) _ 1,Electric Bass (finger) _ 1,121152,184
160.431975,0.28803843750000624,38,112,FINGERDBAS,Electric Bass (finger) _ 1,Electric Bass (finger) _ 1,121344,212
0.0,0.22282218750000027,57,99,OVERDRIVE,Overdriven Guitar _ 1,Overdriven Guitar _ 1,3264,164
0.0,0.22825687500000047,66,97,OVERDRIVE,Overdriven Guitar _ 1,Overdriven Guitar _ 1,3264,168
0.0,0.23912624999999998,62,99,OVERDRIVE,Overdriven Guitar _ 1,Overdriven Guitar _ 1,3264,176
0.0,0.23912624999999998,50,99,OVERDRIVE,Overdriven Guitar _ 1,Overdriven Guitar _ 1,3264,176
0.2608649999999999,0.17934468750000043,50,99,OVERDRIVE,Overdriven Guitar _ 1,Overdriven Guitar _ 1,3456,132
0.2608649999999999,0.18477937500000063,57,98,OVERDRIVE,Overdriven Guitar _ 1,Overdriven Guitar _ 1,3456,136
0.2608649999999999,0.19564875000000015,66,98,OVERDRIVE,Overdriven Guitar _ 1,Overdriven Guitar _ 1,3456,144
0.2608649999999999,0.20651812500000055,62,99,OVERDRIVE,Overdriven Guitar _ 1,Overdriven Guitar _ 1,3456,152
0.5217299999999998,0.18477937500000063,57,99,OVERDRIVE,Overdriven Guitar _ 1,Overdriven Guitar _ 1,3648,136
0.5217299999999998,0.21195281250000075,66,99,OVERDRIVE,Overdriven Guitar _ 1,Overdriven Guitar _ 1,3648,156
0.5217299999999998,0.21195281250000075,62,99,OVERDRIVE,Overdriven Guitar _ 1,Overdriven Guitar _ 1,3648,156
0.5217299999999998,0.22825687500000047,50,99,OVERDRIVE,Overdriven Guitar _ 1,Overdriven Guitar _ 1,3648,168
0.7825949999999997,0.16847531250000003,59,99,OVERDRIVE,Overdriven Guitar _ 1,Overdriven Guitar _ 1,3840,124
0.7825949999999997,0.18477937500000063,62,98,OVERDRIVE,Overdriven Guitar _ 1,Overdriven Guitar _ 1,3840,136
0.7825949999999997,0.20108343750000035,55,99,OVERDRIVE,Overdriven Guitar _ 1,Overdriven Guitar _ 1,3840,148
0.7825949999999997,0.21738750000000007,67,98,OVERDRIVE,Overdriven Guitar _ 1,Overdriven Guitar _ 1,3840,160
1.0434600000000005,0.20651812499999966,62,98,OVERDRIVE,Overdriven Guitar _ 1,Overdriven Guitar _ 1,4032,152
1.0434600000000005,0.21195281249999987,59,96,OVERDRIVE,Overdriven Guitar _ 1,Overdriven Guitar _ 1,4032,156
1.0434600000000005,0.21195281249999987,55,99,OVERDRIVE,Overdriven Guitar _ 1,Overdriven Guitar _ 1,4032,156
1.0434600000000005,0.21738750000000007,67,94,OVERDRIVE,Overdriven Guitar _ 1,Overdriven Guitar _ 1,4032,160
1.3043250000000004,0.1413018749999999,62,97,OVERDRIVE,Overdriven Guitar _ 1,Overdriven Guitar _ 1,4224,104
1.3043250000000004,0.15760593749999963,59,96,OVERDRIVE,Overdriven Guitar _ 1,Overdriven Guitar _ 1,4224,116
1.3043250000000004,0.18477937499999975,67,97,OVERDRIVE,Overdriven Guitar _ 1,Overdriven Guitar _ 1,4224,136
1.3043250000000004,0.18477937499999975,55,97,OVERDRIVE,Overdriven Guitar _ 1,Overdriven Guitar _ 1,4224,136
1.5651900000000003,0.16847531250000003,59,99,OVERDRIVE,Overdriven Guitar _ 1,Overdriven Guitar _ 1,4416,124
1.5651900000000003,0.22825687499999958,67,99,OVERDRIVE,Overdriven Guitar _ 1,Overdriven Guitar _ 1,4416,168
1.5651900000000003,0.22825687499999958,62,99,OVERDRIVE,Overdriven Guitar _ 1,Overdriven Guitar _ 1,4416,168
1.5651900000000003,0.2771690624999996,55,98,OVERDRIVE,Overdriven Guitar _ 1,Overdriven Guitar _ 1,4416,204
1.8260550000000002,0.33151593749999986,57,99,OVERDRIVE,Overdriven Guitar _ 1,Overdriven Guitar _ 1,4608,244
1.8260550000000002,0.33695062500000006,66,97,OVERDRIVE,Overdriven Guitar _ 1,Overdriven Guitar _ 1,4608,248
1.8260550000000002,0.34238531250000026,62,97,OVERDRIVE,Overdriven Guitar _ 1,Overdriven Guitar _ 1,4608,252
1.8260550000000002,0.3912975000000003,50,99,OVERDRIVE,Overdriven Guitar _ 1,Overdriven Guitar _ 1,4608,288
2.347785,0.010869375000000403,58,99,OVERDRIVE,Overdriven Guitar _ 1,Overdriven Guitar _ 1,4992,8
2.4130012500000007,0.010869374999999515,60,99,OVERDRIVE,Overdriven Guitar _ 1,Overdriven Guitar _ 1,5040,8
2.4782175000000004,0.010869374999999515,63,99,OVERDRIVE,Overdriven Guitar _ 1,Overdriven Guitar _ 1,5088,8
2.8695150000000007,0.010869374999999515,58,99,OVERDRIVE,Overdriven Guitar _ 1,Overdriven Guitar _ 1,5376,8
2.9292965625000003,0.010869375000000403,60,99,OVERDRIVE,Overdriven Guitar _ 1,Overdriven Guitar _ 1,5420,8
2.9999475,0.010869375000000403,63,99,OVERDRIVE,Overdriven Guitar _ 1,Overdriven Guitar _ 1,5472,8
3.3912450000000005,0.010869374999999515,58,99,OVERDRIVE,Overdriven Guitar _ 1,Overdriven Guitar _ 1,5760,8
3.4510265625,0.010869375000000403,60,99,OVERDRIVE,Overdriven Guitar _ 1,Overdriven Guitar _ 1,5804,8
3.5216775,0.016304062500000605,63,99,OVERDRIVE,Overdriven Guitar _ 1,Overdriven Guitar _ 1,5856,12
4.173840000000001,0.2336915624999989,57,98,OVERDRIVE,Overdriven Guitar _ 1,Overdriven Guitar _ 1,6336,172
4.173840000000001,0.23912624999999998,50,99,OVERDRIVE,Overdriven Guitar _ 1,Overdriven Guitar _ 1,6336,176
4.173840000000001,0.2445609374999993,66,97,OVERDRIVE,Overdriven Guitar _ 1,Overdriven Guitar _ 1,6336,180
4.173840000000001,0.2554303124999997,62,99,OVERDRIVE,Overdriven Guitar _ 1,Overdriven Guitar _ 1,6336,188
4.434705,0.16847531250000003,57,99,OVERDRIVE,Overdriven Guitar _ 1,Overdriven Guitar _ 1,6528,124
4.434705,0.18477937499999975,50,98,OVERDRIVE,Overdriven Guitar _ 1,Overdriven Guitar _ 1,6528,136
4.434705,0.19021406250000084,66,97,OVERDRIVE,Overdriven Guitar _ 1,Overdriven Guitar _ 1,6528,140
4.434705,0.19021406250000084,62,99,OVERDRIVE,Overdriven Guitar _ 1,Overdriven Guitar _ 1,6528,140
4.695570000000001,0.21738749999999918,57,98,OVERDRIVE,Overdriven Guitar _ 1,Overdriven Guitar _ 1,6720,160
4.695570000000001,0.2717343749999994,50,97,OVERDRIVE,Overdriven Guitar _ 1,Overdriven Guitar _ 1,6720,200
4.695570000000001,0.32608124999999966,66,95,OVERDRIVE,Overdriven Guitar _ 1,Overdriven Guitar _ 1,6720,240
4.956435,0.17391000000000112,59,98,OVERDRIVE,Overdriven Guitar _ 1,Overdriven Guitar _ 1,6912,128
4.956435,0.21195281249999987,67,97,OVERDRIVE,Overdriven Guitar _ 1,Overdriven Guitar _ 1,6912,156
4.956435,0.21738750000000095,55,95,OVERDRIVE,Overdriven Guitar _ 1,Overdriven Guitar _ 1,6912,160
4.695570000000001,0.4891218749999986,62,99,OVERDRIVE,Overdriven Guitar _ 1,Overdriven Guitar _ 1,6720,360
5.217300000000001,0.22825687499999958,67,99,OVERDRIVE,Overdriven Guitar _ 1,Overdriven Guitar _ 1,7104,168
5.478165,0.19021406250000084,67,97,OVERDRIVE,Overdriven Guitar _ 1,Overdriven Guitar _ 1,7296,140
5.217300000000001,0.45651374999999916,59,96,OVERDRIVE,Overdriven Guitar _ 1,Overdriven Guitar _ 1,7104,336
5.217300000000001,0.46194843750000025,62,99,OVERDRIVE,Overdriven Guitar _ 1,Overdriven Guitar _ 1,7104,340
5.217300000000001,0.46194843750000025,55,98,OVERDRIVE,Overdriven Guitar _ 1,Overdriven Guitar _ 1,7104,340
5.7390300000000005,0.21738749999999918,59,98,OVERDRIVE,Overdriven Guitar _ 1,Overdriven Guitar _ 1,7488,160
5.7390300000000005,0.260864999999999,62,97,OVERDRIVE,Overdriven Guitar _ 1,Overdriven Guitar _ 1,7488,192
5.7390300000000005,0.260864999999999,55,99,OVERDRIVE,Overdriven Guitar _ 1,Overdriven Guitar _ 1,7488,192
5.7390300000000005,0.2934731250000002,67,99,OVERDRIVE,Overdriven Guitar _ 1,Overdriven Guitar _ 1,7488,216
5.9998949999999995,0.33695062500000006,57,99,OVERDRIVE,Overdriven Guitar _ 1,Overdriven Guitar _ 1,7680,248
5.9998949999999995,0.35325468750000155,66,95,OVERDRIVE,Overdriven Guitar _ 1,Overdriven Guitar _ 1,7680,260
5.9998949999999995,0.35325468750000155,62,91,OVERDRIVE,Overdriven Guitar _ 1,Overdriven Guitar _ 1,7680,260
5.9998949999999995,0.3912975000000003,50,99,OVERDRIVE,Overdriven Guitar _ 1,Overdriven Guitar _ 1,7680,288
7.043355000000001,0.14673656249999922,69,99,OVERDRIVE,Overdriven Guitar _ 1,Overdriven Guitar _ 1,8448,108
7.1737875,0.09782437500000007,72,99,OVERDRIVE,Overdriven Guitar _ 1,Overdriven Guitar _ 1,8544,72
8.34768,0.2228221874999985,57,99,OVERDRIVE,Overdriven Guitar _ 1,Overdriven Guitar _ 1,9408,164
8.34768,0.22825687499999958,66,97,OVERDRIVE,Overdriven Guitar _ 1,Overdriven Guitar _ 1,9408,168
8.34768,0.23912624999999998,62,99,OVERDRIVE,Overdriven Guitar _ 1,Overdriven Guitar _ 1,9408,176
8.34768,0.23912624999999998,50,99,OVERDRIVE,Overdriven Guitar _ 1,Overdriven Guitar _ 1,9408,176
8.608545,0.17934468750000043,50,99,OVERDRIVE,Overdriven Guitar _ 1,Overdriven Guitar _ 1,9600,132
8.608545,0.18477937499999975,57,98,OVERDRIVE,Overdriven Guitar _ 1,Overdriven Guitar _ 1,9600,136
8.608545,0.19564875000000015,66,98,OVERDRIVE,Overdriven Guitar _ 1,Overdriven Guitar _ 1,9600,144
8.608545,0.20651812500000055,62,99,OVERDRIVE,Overdriven Guitar _ 1,Overdriven Guitar _ 1,9600,152
8.869410000000002,0.18477937499999975,57,99,OVERDRIVE,Overdriven Guitar _ 1,Overdriven Guitar _ 1,9792,136
8.869410000000002,0.21195281249999987,66,99,OVERDRIVE,Overdriven Guitar _ 1,Overdriven Guitar _ 1,9792,156
8.869410000000002,0.21195281249999987,62,99,OVERDRIVE,Overdriven Guitar _ 1,Overdriven Guitar _ 1,9792,156
8.869410000000002,0.22825687499999958,50,99,OVERDRIVE,Overdriven Guitar _ 1,Overdriven Guitar _ 1,9792,168
9.130275000000001,0.16847531250000003,59,99,OVERDRIVE,Overdriven Guitar _ 1,Overdriven Guitar _ 1,9984,124
9.130275000000001,0.18477937499999975,62,98,OVERDRIVE,Overdriven Guitar _ 1,Overdriven Guitar _ 1,9984,136
9.130275000000001,0.20108343750000124,55,99,OVERDRIVE,Overdriven Guitar _ 1,Overdriven Guitar _ 1,9984,148
9.130275000000001,0.21738750000000095,67,98,OVERDRIVE,Overdriven Guitar _ 1,Overdriven Guitar _ 1,9984,160
9.39114,0.20651812500000055,62,98,OVERDRIVE,Overdriven Guitar _ 1,Overdriven Guitar _ 1,10176,152
9.39114,0.21195281249999987,59,96,OVERDRIVE,Overdriven Guitar _ 1,Overdriven Guitar _ 1,10176,156
9.39114,0.21195281249999987,55,99,OVERDRIVE,Overdriven Guitar _ 1,Overdriven Guitar _ 1,10176,156
9.39114,0.21738749999999918,67,94,OVERDRIVE,Overdriven Guitar _ 1,Overdriven Guitar _ 1,10176,160
9.652004999999999,0.1413018749999999,62,97,OVERDRIVE,Overdriven Guitar _ 1,Overdriven Guitar _ 1,10368,104
9.652004999999999,0.1576059375000014,59,96,OVERDRIVE,Overdriven Guitar _ 1,Overdriven Guitar _ 1,10368,116
9.652004999999999,0.18477937500000152,67,97,OVERDRIVE,Overdriven Guitar _ 1,Overdriven Guitar _ 1,10368,136
9.652004999999999,0.18477937500000152,55,97,OVERDRIVE,Overdriven Guitar _ 1,Overdriven Guitar _ 1,10368,136
9.912870000000002,0.16847531250000003,59,99,OVERDRIVE,Overdriven Guitar _ 1,Overdriven Guitar _ 1,10560,124
9.912870000000002,0.22825687499999958,67,99,OVERDRIVE,Overdriven Guitar _ 1,Overdriven Guitar _ 1,10560,168
9.912870000000002,0.22825687499999958,62,99,OVERDRIVE,Overdriven Guitar _ 1,Overdriven Guitar _ 1,10560,168
9.912870000000002,0.2771690625000005,55,98,OVERDRIVE,Overdriven Guitar _ 1,Overdriven Guitar _ 1,10560,204
10.173735,0.27716906249999873,57,99,OVERDRIVE,Overdriven Guitar _ 1,Overdriven Guitar _ 1,10752,204
10.173735,0.27716906249999873,50,99,OVERDRIVE,Overdriven Guitar _ 1,Overdriven Guitar _ 1,10752,204
10.173735,0.29890781249999954,62,99,OVERDRIVE,Overdriven Guitar _ 1,Overdriven Guitar _ 1,10752,220
10.173735,0.30434249999999885,66,98,OVERDRIVE,Overdriven Guitar _ 1,Overdriven Guitar _ 1,10752,224
12.521519999999999,0.17390999999999934,57,99,OVERDRIVE,Overdriven Guitar _ 1,Overdriven Guitar _ 1,12480,128
12.521519999999999,0.19564875000000015,50,99,OVERDRIVE,Overdriven Guitar _ 1,Overdriven Guitar _ 1,12480,144
12.521519999999999,0.21195281250000164,66,95,OVERDRIVE,Overdriven Guitar _ 1,Overdriven Guitar _ 1,12480,156
12.521519999999999,0.21738750000000095,62,99,OVERDRIVE,Overdriven Guitar _ 1,Overdriven Guitar _ 1,12480,160
12.782385000000001,0.16304062499999716,57,98,OVERDRIVE,Overdriven Guitar _ 1,Overdriven Guitar _ 1,12672,120
12.782385000000001,0.16847531250000003,50,99,OVERDRIVE,Overdriven Guitar _ 1,Overdriven Guitar _ 1,12672,124
12.782385000000001,0.19021406249999728,66,97,OVERDRIVE,Overdriven Guitar _ 1,Overdriven Guitar _ 1,12672,140
12.782385000000001,0.20108343749999946,62,99,OVERDRIVE,Overdriven Guitar _ 1,Overdriven Guitar _ 1,12672,148
13.04325,0.15760593749999785,57,97,OVERDRIVE,Overdriven Guitar _ 1,Overdriven Guitar _ 1,12864,116
13.04325,0.19021406250000084,62,97,OVERDRIVE,Overdriven Guitar _ 1,Overdriven Guitar _ 1,12864,140
13.04325,0.2336915624999989,66,95,OVERDRIVE,Overdriven Guitar _ 1,Overdriven Guitar _ 1,12864,172
13.04325,0.24456093750000107,50,93,OVERDRIVE,Overdriven Guitar _ 1,Overdriven Guitar _ 1,12864,180
13.304115,0.20108343749999946,62,99,OVERDRIVE,Overdriven Guitar _ 1,Overdriven Guitar _ 1,13056,148
13.304115,0.20651812499999878,55,99,OVERDRIVE,Overdriven Guitar _ 1,Overdriven Guitar _ 1,13056,152
13.304115,0.21195281250000164,67,98,OVERDRIVE,Overdriven Guitar _ 1,Overdriven Guitar _ 1,13056,156
13.304115,0.22282218750000027,59,99,OVERDRIVE,Overdriven Guitar _ 1,Overdriven Guitar _ 1,13056,164
13.564979999999998,0.19564875000000015,59,92,OVERDRIVE,Overdriven Guitar _ 1,Overdriven Guitar _ 1,13248,144
13.564979999999998,0.20108343750000301,67,96,OVERDRIVE,Overdriven Guitar _ 1,Overdriven Guitar _ 1,13248,148
13.564979999999998,0.21195281250000164,62,97,OVERDRIVE,Overdriven Guitar _ 1,Overdriven Guitar _ 1,13248,156
13.564979999999998,0.21738750000000095,55,99,OVERDRIVE,Overdriven Guitar _ 1,Overdriven Guitar _ 1,13248,160
13.825845000000001,0.15217124999999854,59,97,OVERDRIVE,Overdriven Guitar _ 1,Overdriven Guitar _ 1,13440,112
13.825845000000001,0.16847531250000003,62,98,OVERDRIVE,Overdriven Guitar _ 1,Overdriven Guitar _ 1,13440,124
13.825845000000001,0.18477937499999797,67,98,OVERDRIVE,Overdriven Guitar _ 1,Overdriven Guitar _ 1,13440,136
14.08671,0.16304062500000072,59,94,OVERDRIVE,Overdriven Guitar _ 1,Overdriven Guitar _ 1,13632,120
14.08671,0.20108343749999946,62,98,OVERDRIVE,Overdriven Guitar _ 1,Overdriven Guitar _ 1,13632,148
13.825845000000001,0.47825249999999997,55,99,OVERDRIVE,Overdriven Guitar _ 1,Overdriven Guitar _ 1,13440,352
14.08671,0.2662996874999983,67,98,OVERDRIVE,Overdriven Guitar _ 1,Overdriven Guitar _ 1,13632,196
14.347574999999999,0.3206465625000021,62,99,OVERDRIVE,Overdriven Guitar _ 1,Overdriven Guitar _ 1,13824,236
14.347574999999999,0.3206465625000021,57,99,OVERDRIVE,Overdriven Guitar _ 1,Overdriven Guitar _ 1,13824,236
14.347574999999999,0.32608125000000143,66,96,OVERDRIVE,Overdriven Guitar _ 1,Overdriven Guitar _ 1,13824,240
14.347574999999999,0.33695062500000006,50,99,OVERDRIVE,Overdriven Guitar _ 1,Overdriven Guitar _ 1,13824,248
16.69536,0.17390999999999934,57,99,OVERDRIVE,Overdriven Guitar _ 1,Overdriven Guitar _ 1,15552,128
16.69536,0.19564875000000015,50,99,OVERDRIVE,Overdriven Guitar _ 1,Overdriven Guitar _ 1,15552,144
16.69536,0.2119528124999981,66,95,OVERDRIVE,Overdriven Guitar _ 1,Overdriven Guitar _ 1,15552,156
16.69536,0.21738750000000095,62,99,OVERDRIVE,Overdriven Guitar _ 1,Overdriven Guitar _ 1,15552,160
16.956225,0.16304062500000072,57,98,OVERDRIVE,Overdriven Guitar _ 1,Overdriven Guitar _ 1,15744,120
16.956225,0.16847531250000003,50,99,OVERDRIVE,Overdriven Guitar _ 1,Overdriven Guitar _ 1,15744,124
16.956225,0.19021406250000084,66,97,OVERDRIVE,Overdriven Guitar _ 1,Overdriven Guitar _ 1,15744,140
16.956225,0.20108343749999946,62,99,OVERDRIVE,Overdriven Guitar _ 1,Overdriven Guitar _ 1,15744,148
17.21709,0.1576059375000014,57,97,OVERDRIVE,Overdriven Guitar _ 1,Overdriven Guitar _ 1,15936,116
17.21709,0.19021406250000084,62,97,OVERDRIVE,Overdriven Guitar _ 1,Overdriven Guitar _ 1,15936,140
17.21709,0.23369156250000245,66,95,OVERDRIVE,Overdriven Guitar _ 1,Overdriven Guitar _ 1,15936,172
17.21709,0.24456093750000107,50,93,OVERDRIVE,Overdriven Guitar _ 1,Overdriven Guitar _ 1,15936,180
17.477955,0.20108343749999946,62,99,OVERDRIVE,Overdriven Guitar _ 1,Overdriven Guitar _ 1,16128,148
17.477955,0.20651812499999878,55,99,OVERDRIVE,Overdriven Guitar _ 1,Overdriven Guitar _ 1,16128,152
17.477955,0.2119528124999981,67,98,OVERDRIVE,Overdriven Guitar _ 1,Overdriven Guitar _ 1,16128,156
17.477955,0.22282218750000027,59,99,OVERDRIVE,Overdriven Guitar _ 1,Overdriven Guitar _ 1,16128,164
17.73882,0.19564875000000015,59,92,OVERDRIVE,Overdriven Guitar _ 1,Overdriven Guitar _ 1,16320,144
17.73882,0.20108343749999946,67,96,OVERDRIVE,Overdriven Guitar _ 1,Overdriven Guitar _ 1,16320,148
17.73882,0.2119528124999981,62,97,OVERDRIVE,Overdriven Guitar _ 1,Overdriven Guitar _ 1,16320,156
17.73882,0.21738750000000095,55,99,OVERDRIVE,Overdriven Guitar _ 1,Overdriven Guitar _ 1,16320,160
17.999685,0.1521712500000021,59,97,OVERDRIVE,Overdriven Guitar _ 1,Overdriven Guitar _ 1,16512,112
17.999685,0.16847531250000003,62,98,OVERDRIVE,Overdriven Guitar _ 1,Overdriven Guitar _ 1,16512,124
17.999685,0.18477937500000152,67,98,OVERDRIVE,Overdriven Guitar _ 1,Overdriven Guitar _ 1,16512,136
18.26055,0.16304062500000072,59,94,OVERDRIVE,Overdriven Guitar _ 1,Overdriven Guitar _ 1,16704,120
18.26055,0.20108343750000301,62,98,OVERDRIVE,Overdriven Guitar _ 1,Overdriven Guitar _ 1,16704,148
17.999685,0.47825249999999997,55,99,OVERDRIVE,Overdriven Guitar _ 1,Overdriven Guitar _ 1,16512,352
18.26055,0.2662996875000019,67,98,OVERDRIVE,Overdriven Guitar _ 1,Overdriven Guitar _ 1,16704,196
18.521415,0.32064656249999857,62,99,OVERDRIVE,Overdriven Guitar _ 1,Overdriven Guitar _ 1,16896,236
18.521415,0.32064656249999857,57,99,OVERDRIVE,Overdriven Guitar _ 1,Overdriven Guitar _ 1,16896,236
18.521415,0.3260812499999979,66,96,OVERDRIVE,Overdriven Guitar _ 1,Overdriven Guitar _ 1,16896,240
18.521415,0.33695062500000006,50,99,OVERDRIVE,Overdriven Guitar _ 1,Overdriven Guitar _ 1,16896,248
20.8692,0.17390999999999934,57,99,OVERDRIVE,Overdriven Guitar _ 1,Overdriven Guitar _ 1,18624,128
20.8692,0.19564875000000015,50,99,OVERDRIVE,Overdriven Guitar _ 1,Overdriven Guitar _ 1,18624,144
20.8692,0.21195281250000164,66,95,OVERDRIVE,Overdriven Guitar _ 1,Overdriven Guitar _ 1,18624,156
20.8692,0.21738750000000095,62,99,OVERDRIVE,Overdriven Guitar _ 1,Overdriven Guitar _ 1,18624,160
21.130065000000002,0.16304062499999716,57,98,OVERDRIVE,Overdriven Guitar _ 1,Overdriven Guitar _ 1,18816,120
21.130065000000002,0.16847531250000003,50,99,OVERDRIVE,Overdriven Guitar _ 1,Overdriven Guitar _ 1,18816,124
21.130065000000002,0.19021406249999728,66,97,OVERDRIVE,Overdriven Guitar _ 1,Overdriven Guitar _ 1,18816,140
21.130065000000002,0.20108343749999946,62,99,OVERDRIVE,Overdriven Guitar _ 1,Overdriven Guitar _ 1,18816,148
21.39093,0.15760593749999785,57,97,OVERDRIVE,Overdriven Guitar _ 1,Overdriven Guitar _ 1,19008,116
21.39093,0.19021406250000084,62,97,OVERDRIVE,Overdriven Guitar _ 1,Overdriven Guitar _ 1,19008,140
21.39093,0.2336915624999989,66,95,OVERDRIVE,Overdriven Guitar _ 1,Overdriven Guitar _ 1,19008,172
21.39093,0.24456093750000107,50,93,OVERDRIVE,Overdriven Guitar _ 1,Overdriven Guitar _ 1,19008,180
21.651795,0.20108343749999946,62,99,OVERDRIVE,Overdriven Guitar _ 1,Overdriven Guitar _ 1,19200,148
21.651795,0.20651812499999878,55,99,OVERDRIVE,Overdriven Guitar _ 1,Overdriven Guitar _ 1,19200,152
21.651795,0.21195281250000164,67,98,OVERDRIVE,Overdriven Guitar _ 1,Overdriven Guitar _ 1,19200,156
21.651795,0.22282218750000027,59,99,OVERDRIVE,Overdriven Guitar _ 1,Overdriven Guitar _ 1,19200,164
21.91266,0.19564875000000015,59,92,OVERDRIVE,Overdriven Guitar _ 1,Overdriven Guitar _ 1,19392,144
21.91266,0.20108343750000301,67,96,OVERDRIVE,Overdriven Guitar _ 1,Overdriven Guitar _ 1,19392,148
21.91266,0.21195281250000164,62,97,OVERDRIVE,Overdriven Guitar _ 1,Overdriven Guitar _ 1,19392,156
21.91266,0.21738750000000095,55,99,OVERDRIVE,Overdriven Guitar _ 1,Overdriven Guitar _ 1,19392,160
22.173525,0.15217124999999854,59,97,OVERDRIVE,Overdriven Guitar _ 1,Overdriven Guitar _ 1,19584,112
22.173525,0.16847531250000003,62,98,OVERDRIVE,Overdriven Guitar _ 1,Overdriven Guitar _ 1,19584,124
22.173525,0.18477937499999797,67,98,OVERDRIVE,Overdriven Guitar _ 1,Overdriven Guitar _ 1,19584,136
22.43439,0.16304062500000072,59,94,OVERDRIVE,Overdriven Guitar _ 1,Overdriven Guitar _ 1,19776,120
22.43439,0.20108343749999946,62,98,OVERDRIVE,Overdriven Guitar _ 1,Overdriven Guitar _ 1,19776,148
22.173525,0.47825249999999997,55,99,OVERDRIVE,Overdriven Guitar _ 1,Overdriven Guitar _ 1,19584,352
22.43439,0.2662996874999983,67,98,OVERDRIVE,Overdriven Guitar _ 1,Overdriven Guitar _ 1,19776,196
22.695255,0.3206465625000021,62,99,OVERDRIVE,Overdriven Guitar _ 1,Overdriven Guitar _ 1,19968,236
22.695255,0.3206465625000021,57,99,OVERDRIVE,Overdriven Guitar _ 1,Overdriven Guitar _ 1,19968,236
22.695255,0.32608125000000143,66,96,OVERDRIVE,Overdriven Guitar _ 1,Overdriven Guitar _ 1,19968,240
22.695255,0.33695062500000006,50,99,OVERDRIVE,Overdriven Guitar _ 1,Overdriven Guitar _ 1,19968,248
25.04304,0.21738750000000095,67,94,OVERDRIVE,Overdriven Guitar _ 1,Overdriven Guitar _ 1,21696,160
25.04304,0.22282218750000027,55,99,OVERDRIVE,Overdriven Guitar _ 1,Overdriven Guitar _ 1,21696,164
25.04304,0.2336915624999989,62,97,OVERDRIVE,Overdriven Guitar _ 1,Overdriven Guitar _ 1,21696,172
25.303905,0.19564875000000015,62,97,OVERDRIVE,Overdriven Guitar _ 1,Overdriven Guitar _ 1,21888,144
25.303905,0.19564875000000015,55,98,OVERDRIVE,Overdriven Guitar _ 1,Overdriven Guitar _ 1,21888,144
25.303905,0.20108343749999946,67,95,OVERDRIVE,Overdriven Guitar _ 1,Overdriven Guitar _ 1,21888,148
25.56477,0.22282218750000027,62,89,OVERDRIVE,Overdriven Guitar _ 1,Overdriven Guitar _ 1,22080,164
25.56477,0.22282218750000027,55,97,OVERDRIVE,Overdriven Guitar _ 1,Overdriven Guitar _ 1,22080,164
25.56477,0.26086500000000257,67,92,OVERDRIVE,Overdriven Guitar _ 1,Overdriven Guitar _ 1,22080,192
25.825635000000002,0.13043249999999773,67,99,OVERDRIVE,Overdriven Guitar _ 1,Overdriven Guitar _ 1,22272,96
25.825635000000002,0.18477937499999797,53,99,OVERDRIVE,Overdriven Guitar _ 1,Overdriven Guitar _ 1,22272,136
25.825635000000002,0.19021406249999728,65,99,OVERDRIVE,Overdriven Guitar _ 1,Overdriven Guitar _ 1,22272,140
25.825635000000002,0.2119528124999981,60,99,OVERDRIVE,Overdriven Guitar _ 1,Overdriven Guitar _ 1,22272,156
26.0865,0.15217124999999854,67,99,OVERDRIVE,Overdriven Guitar _ 1,Overdriven Guitar _ 1,22464,112
26.0865,0.19564875000000015,53,99,OVERDRIVE,Overdriven Guitar _ 1,Overdriven Guitar _ 1,22464,144
26.0865,0.2119528124999981,60,99,OVERDRIVE,Overdriven Guitar _ 1,Overdriven Guitar _ 1,22464,156
26.0865,0.21738750000000095,65,99,OVERDRIVE,Overdriven Guitar _ 1,Overdriven Guitar _ 1,22464,160
26.347365,0.16304062500000072,53,99,OVERDRIVE,Overdriven Guitar _ 1,Overdriven Guitar _ 1,22656,120
26.347365,0.1793446875000022,65,97,OVERDRIVE,Overdriven Guitar _ 1,Overdriven Guitar _ 1,22656,132
26.347365,0.18477937500000152,60,96,OVERDRIVE,Overdriven Guitar _ 1,Overdriven Guitar _ 1,22656,136
26.347365,0.20108343749999946,67,94,OVERDRIVE,Overdriven Guitar _ 1,Overdriven Guitar _ 1,22656,148
26.60823,0.18477937500000152,67,93,OVERDRIVE,Overdriven Guitar _ 1,Overdriven Guitar _ 1,22848,136
26.60823,0.19564875000000015,65,96,OVERDRIVE,Overdriven Guitar _ 1,Overdriven Guitar _ 1,22848,144
26.60823,0.22282218750000027,60,95,OVERDRIVE,Overdriven Guitar _ 1,Overdriven Guitar _ 1,22848,164
26.60823,0.24456093750000107,53,98,OVERDRIVE,Overdriven Guitar _ 1,Overdriven Guitar _ 1,22848,180
26.869095,0.2826037499999998,67,93,OVERDRIVE,Overdriven Guitar _ 1,Overdriven Guitar _ 1,23040,208
26.869095,0.29890781249999776,62,98,OVERDRIVE,Overdriven Guitar _ 1,Overdriven Guitar _ 1,23040,220
26.869095,0.3260812499999979,55,99,OVERDRIVE,Overdriven Guitar _ 1,Overdriven Guitar _ 1,23040,240
29.216880000000003,0.20651812499999522,57,96,OVERDRIVE,Overdriven Guitar _ 1,Overdriven Guitar _ 1,24768,152
29.216880000000003,0.21195281249999454,50,96,OVERDRIVE,Overdriven Guitar _ 1,Overdriven Guitar _ 1,24768,156
29.216880000000003,0.22282218750000027,66,96,OVERDRIVE,Overdriven Guitar _ 1,Overdriven Guitar _ 1,24768,164
29.216880000000003,0.2336915624999989,62,96,OVERDRIVE,Overdriven Guitar _ 1,Overdriven Guitar _ 1,24768,172
29.477745,0.1521712500000021,50,96,OVERDRIVE,Overdriven Guitar _ 1,Overdriven Guitar _ 1,24960,112
29.477745,0.16304062500000072,57,97,OVERDRIVE,Overdriven Guitar _ 1,Overdriven Guitar _ 1,24960,120
29.477745,0.1902140625000044,66,94,OVERDRIVE,Overdriven Guitar _ 1,Overdriven Guitar _ 1,24960,140
29.477745,0.20651812500000233,62,96,OVERDRIVE,Overdriven Guitar _ 1,Overdriven Guitar _ 1,24960,152
29.73861,0.16847531250000003,57,94,OVERDRIVE,Overdriven Guitar _ 1,Overdriven Guitar _ 1,25152,124
29.73861,0.21738750000000095,62,92,OVERDRIVE,Overdriven Guitar _ 1,Overdriven Guitar _ 1,25152,160
29.73861,0.22282218750000027,66,93,OVERDRIVE,Overdriven Guitar _ 1,Overdriven Guitar _ 1,25152,164
29.73861,0.2391262499999982,50,90,OVERDRIVE,Overdriven Guitar _ 1,Overdriven Guitar _ 1,25152,176
29.999475000000004,0.20651812499999522,55,98,OVERDRIVE,Overdriven Guitar _ 1,Overdriven Guitar _ 1,25344,152
29.999475000000004,0.21195281249999454,67,95,OVERDRIVE,Overdriven Guitar _ 1,Overdriven Guitar _ 1,25344,156
29.999475000000004,0.21195281249999454,62,97,OVERDRIVE,Overdriven Guitar _ 1,Overdriven Guitar _ 1,25344,156
29.999475000000004,0.21195281249999454,59,97,OVERDRIVE,Overdriven Guitar _ 1,Overdriven Guitar _ 1,25344,156
30.26034,0.20108343750000301,67,97,OVERDRIVE,Overdriven Guitar _ 1,Overdriven Guitar _ 1,25536,148
30.26034,0.20108343750000301,55,95,OVERDRIVE,Overdriven Guitar _ 1,Overdriven Guitar _ 1,25536,148
30.26034,0.22282218750000027,59,87,OVERDRIVE,Overdriven Guitar _ 1,Overdriven Guitar _ 1,25536,164
30.26034,0.2336915624999989,62,92,OVERDRIVE,Overdriven Guitar _ 1,Overdriven Guitar _ 1,25536,172
30.521205000000002,0.16304062500000072,59,87,OVERDRIVE,Overdriven Guitar _ 1,Overdriven Guitar _ 1,25728,120
30.521205000000002,0.17390999999999934,62,97,OVERDRIVE,Overdriven Guitar _ 1,Overdriven Guitar _ 1,25728,128
30.521205000000002,0.18477937499999797,67,96,OVERDRIVE,Overdriven Guitar _ 1,Overdriven Guitar _ 1,25728,136
30.521205000000002,0.18477937499999797,55,95,OVERDRIVE,Overdriven Guitar _ 1,Overdriven Guitar _ 1,25728,136
30.782069999999997,0.17934468750000576,59,94,OVERDRIVE,Overdriven Guitar _ 1,Overdriven Guitar _ 1,25920,132
30.782069999999997,0.2282568750000067,62,94,OVERDRIVE,Overdriven Guitar _ 1,Overdriven Guitar _ 1,25920,168
30.782069999999997,0.2662996875000019,55,97,OVERDRIVE,Overdriven Guitar _ 1,Overdriven Guitar _ 1,25920,196
30.782069999999997,0.3206465625000021,67,98,OVERDRIVE,Overdriven Guitar _ 1,Overdriven Guitar _ 1,25920,236
31.042935,0.29890781249999776,57,99,OVERDRIVE,Overdriven Guitar _ 1,Overdriven Guitar _ 1,26112,220
31.042935,0.3478199999999987,66,97,OVERDRIVE,Overdriven Guitar _ 1,Overdriven Guitar _ 1,26112,256
31.042935,0.353254687499998,50,98,OVERDRIVE,Overdriven Guitar _ 1,Overdriven Guitar _ 1,26112,260
31.042935,0.4021668749999989,62,98,OVERDRIVE,Overdriven Guitar _ 1,Overdriven Guitar _ 1,26112,296
33.39072,0.18477937499999797,57,99,OVERDRIVE,Overdriven Guitar _ 1,Overdriven Guitar _ 1,27840,136
33.39072,0.1956487499999966,64,98,OVERDRIVE,Overdriven Guitar _ 1,Overdriven Guitar _ 1,27840,144
33.39072,0.21738750000000095,69,94,OVERDRIVE,Overdriven Guitar _ 1,Overdriven Guitar _ 1,27840,160
33.651585000000004,0.19021406249999728,57,98,OVERDRIVE,Overdriven Guitar _ 1,Overdriven Guitar _ 1,28032,140
33.651585000000004,0.1956487499999966,64,95,OVERDRIVE,Overdriven Guitar _ 1,Overdriven Guitar _ 1,28032,144
33.651585000000004,0.2010834374999959,69,92,OVERDRIVE,Overdriven Guitar _ 1,Overdriven Guitar _ 1,28032,148
33.91245,0.1902140625000044,57,98,OVERDRIVE,Overdriven Guitar _ 1,Overdriven Guitar _ 1,28224,140
33.91245,0.21195281250000164,69,98,OVERDRIVE,Overdriven Guitar _ 1,Overdriven Guitar _ 1,28224,156
33.91245,0.21738750000000095,64,98,OVERDRIVE,Overdriven Guitar _ 1,Overdriven Guitar _ 1,28224,160
34.173315,0.13043249999999773,69,98,OVERDRIVE,Overdriven Guitar _ 1,Overdriven Guitar _ 1,28416,96
34.173315,0.14673656249999567,64,98,OVERDRIVE,Overdriven Guitar _ 1,Overdriven Guitar _ 1,28416,108
34.173315,0.14673656249999567,57,98,OVERDRIVE,Overdriven Guitar _ 1,Overdriven Guitar _ 1,28416,108
34.43418,0.13043250000000484,57,99,OVERDRIVE,Overdriven Guitar _ 1,Overdriven Guitar _ 1,28608,96
34.43418,0.17934468750000576,69,99,OVERDRIVE,Overdriven Guitar _ 1,Overdriven Guitar _ 1,28608,132
34.43418,0.1902140625000044,64,99,OVERDRIVE,Overdriven Guitar _ 1,Overdriven Guitar _ 1,28608,140
34.695045,0.16847531250000003,64,97,OVERDRIVE,Overdriven Guitar _ 1,Overdriven Guitar _ 1,28800,124
34.695045,0.18477937499999797,57,97,OVERDRIVE,Overdriven Guitar _ 1,Overdriven Guitar _ 1,28800,136
34.695045,0.1956487500000037,69,97,OVERDRIVE,Overdriven Guitar _ 1,Overdriven Guitar _ 1,28800,144
34.95591,0.21738750000000095,57,97,OVERDRIVE,Overdriven Guitar _ 1,Overdriven Guitar _ 1,28992,160
34.95591,0.22282218750000027,64,97,OVERDRIVE,Overdriven Guitar _ 1,Overdriven Guitar _ 1,28992,164
34.95591,0.25543031249999615,69,97,OVERDRIVE,Overdriven Guitar _ 1,Overdriven Guitar _ 1,28992,188
35.216775,0.2717343750000012,64,99,OVERDRIVE,Overdriven Guitar _ 1,Overdriven Guitar _ 1,29184,200
35.216775,0.2771690625000005,57,99,OVERDRIVE,Overdriven Guitar _ 1,Overdriven Guitar _ 1,29184,204
35.216775,0.3043425000000042,67,97,OVERDRIVE,Overdriven Guitar _ 1,Overdriven Guitar _ 1,29184,224
37.56456,0.17390999999999934,57,99,OVERDRIVE,Overdriven Guitar _ 1,Overdriven Guitar _ 1,30912,128
37.56456,0.1956487500000037,50,99,OVERDRIVE,Overdriven Guitar _ 1,Overdriven Guitar _ 1,30912,144
37.56456,0.21195281250000164,66,95,OVERDRIVE,Overdriven Guitar _ 1,Overdriven Guitar _ 1,30912,156
37.56456,0.21738750000000095,62,99,OVERDRIVE,Overdriven Guitar _ 1,Overdriven Guitar _ 1,30912,160
37.825425,0.16304062500000072,57,98,OVERDRIVE,Overdriven Guitar _ 1,Overdriven Guitar _ 1,31104,120
37.825425,0.16847531250000003,50,99,OVERDRIVE,Overdriven Guitar _ 1,Overdriven Guitar _ 1,31104,124
37.825425,0.19021406249999728,66,97,OVERDRIVE,Overdriven Guitar _ 1,Overdriven Guitar _ 1,31104,140
37.825425,0.2010834374999959,62,99,OVERDRIVE,Overdriven Guitar _ 1,Overdriven Guitar _ 1,31104,148
38.08629,0.1576059375000014,57,97,OVERDRIVE,Overdriven Guitar _ 1,Overdriven Guitar _ 1,31296,116
38.08629,0.1902140625000044,62,97,OVERDRIVE,Overdriven Guitar _ 1,Overdriven Guitar _ 1,31296,140
38.08629,0.233691562500006,66,95,OVERDRIVE,Overdriven Guitar _ 1,Overdriven Guitar _ 1,31296,172
38.08629,0.24456093750000463,50,93,OVERDRIVE,Overdriven Guitar _ 1,Overdriven Guitar _ 1,31296,180
38.347155,0.20108343750000301,62,99,OVERDRIVE,Overdriven Guitar _ 1,Overdriven Guitar _ 1,31488,148
38.347155,0.20651812500000233,55,99,OVERDRIVE,Overdriven Guitar _ 1,Overdriven Guitar _ 1,31488,152
38.347155,0.21195281250000164,67,98,OVERDRIVE,Overdriven Guitar _ 1,Overdriven Guitar _ 1,31488,156
38.347155,0.22282218750000027,59,99,OVERDRIVE,Overdriven Guitar _ 1,Overdriven Guitar _ 1,31488,164
38.60802,0.1956487499999966,59,92,OVERDRIVE,Overdriven Guitar _ 1,Overdriven Guitar _ 1,31680,144
38.60802,0.2010834374999959,67,96,OVERDRIVE,Overdriven Guitar _ 1,Overdriven Guitar _ 1,31680,148
38.60802,0.21195281249999454,62,97,OVERDRIVE,Overdriven Guitar _ 1,Overdriven Guitar _ 1,31680,156
38.60802,0.21738750000000095,55,99,OVERDRIVE,Overdriven Guitar _ 1,Overdriven Guitar _ 1,31680,160
38.868885,0.1521712500000021,59,97,OVERDRIVE,Overdriven Guitar _ 1,Overdriven Guitar _ 1,31872,112
38.868885,0.16847531250000003,62,98,OVERDRIVE,Overdriven Guitar _ 1,Overdriven Guitar _ 1,31872,124
38.868885,0.18477937500000507,67,98,OVERDRIVE,Overdriven Guitar _ 1,Overdriven Guitar _ 1,31872,136
39.12975,0.16304062500000072,59,94,OVERDRIVE,Overdriven Guitar _ 1,Overdriven Guitar _ 1,32064,120
39.12975,0.20108343750000301,62,98,OVERDRIVE,Overdriven Guitar _ 1,Overdriven Guitar _ 1,32064,148
38.868885,0.4782525000000035,55,99,OVERDRIVE,Overdriven Guitar _ 1,Overdriven Guitar _ 1,31872,352
39.12975,0.2662996875000019,67,98,OVERDRIVE,Overdriven Guitar _ 1,Overdriven Guitar _ 1,32064,196
39.390615000000004,0.320646562499995,62,99,OVERDRIVE,Overdriven Guitar _ 1,Overdriven Guitar _ 1,32256,236
39.390615000000004,0.320646562499995,57,99,OVERDRIVE,Overdriven Guitar _ 1,Overdriven Guitar _ 1,32256,236
39.390615000000004,0.3260812499999943,66,96,OVERDRIVE,Overdriven Guitar _ 1,Overdriven Guitar _ 1,32256,240
39.390615000000004,0.33695062500000006,50,99,OVERDRIVE,Overdriven Guitar _ 1,Overdriven Guitar _ 1,32256,248
41.7384,0.17390999999999934,57,99,OVERDRIVE,Overdriven Guitar _ 1,Overdriven Guitar _ 1,33984,128
41.7384,0.1956487500000037,50,99,OVERDRIVE,Overdriven Guitar _ 1,Overdriven Guitar _ 1,33984,144
41.7384,0.21195281250000164,66,95,OVERDRIVE,Overdriven Guitar _ 1,Overdriven Guitar _ 1,33984,156
41.7384,0.21738750000000095,62,99,OVERDRIVE,Overdriven Guitar _ 1,Overdriven Guitar _ 1,33984,160
41.999265,0.16304062500000072,57,98,OVERDRIVE,Overdriven Guitar _ 1,Overdriven Guitar _ 1,34176,120
41.999265,0.16847531250000003,50,99,OVERDRIVE,Overdriven Guitar _ 1,Overdriven Guitar _ 1,34176,124
41.999265,0.19021406249999728,66,97,OVERDRIVE,Overdriven Guitar _ 1,Overdriven Guitar _ 1,34176,140
41.999265,0.20108343750000301,62,99,OVERDRIVE,Overdriven Guitar _ 1,Overdriven Guitar _ 1,34176,148
42.260130000000004,0.1576059374999943,57,97,OVERDRIVE,Overdriven Guitar _ 1,Overdriven Guitar _ 1,34368,116
42.260130000000004,0.19021406249999728,62,97,OVERDRIVE,Overdriven Guitar _ 1,Overdriven Guitar _ 1,34368,140
42.260130000000004,0.2336915624999989,66,95,OVERDRIVE,Overdriven Guitar _ 1,Overdriven Guitar _ 1,34368,172
42.260130000000004,0.24456093749999752,50,93,OVERDRIVE,Overdriven Guitar _ 1,Overdriven Guitar _ 1,34368,180
42.520995,0.20108343750000301,62,99,OVERDRIVE,Overdriven Guitar _ 1,Overdriven Guitar _ 1,34560,148
42.520995,0.20651812500000233,55,99,OVERDRIVE,Overdriven Guitar _ 1,Overdriven Guitar _ 1,34560,152
42.520995,0.21195281250000164,67,98,OVERDRIVE,Overdriven Guitar _ 1,Overdriven Guitar _ 1,34560,156
42.520995,0.22282218750000027,59,99,OVERDRIVE,Overdriven Guitar _ 1,Overdriven Guitar _ 1,34560,164
42.78186,0.1956487499999966,59,92,OVERDRIVE,Overdriven Guitar _ 1,Overdriven Guitar _ 1,34752,144
42.78186,0.20108343750000301,67,96,OVERDRIVE,Overdriven Guitar _ 1,Overdriven Guitar _ 1,34752,148
42.78186,0.21195281250000164,62,97,OVERDRIVE,Overdriven Guitar _ 1,Overdriven Guitar _ 1,34752,156
42.78186,0.21738750000000095,55,99,OVERDRIVE,Overdriven Guitar _ 1,Overdriven Guitar _ 1,34752,160
43.042725000000004,0.15217124999999498,59,97,OVERDRIVE,Overdriven Guitar _ 1,Overdriven Guitar _ 1,34944,112
43.042725000000004,0.16847531250000003,62,98,OVERDRIVE,Overdriven Guitar _ 1,Overdriven Guitar _ 1,34944,124
43.042725000000004,0.18477937499999797,67,98,OVERDRIVE,Overdriven Guitar _ 1,Overdriven Guitar _ 1,34944,136
43.30359,0.16304062500000072,59,94,OVERDRIVE,Overdriven Guitar _ 1,Overdriven Guitar _ 1,35136,120
43.30359,0.20108343750000301,62,98,OVERDRIVE,Overdriven Guitar _ 1,Overdriven Guitar _ 1,35136,148
43.042725000000004,0.4782524999999964,55,99,OVERDRIVE,Overdriven Guitar _ 1,Overdriven Guitar _ 1,34944,352
43.30359,0.2662996875000019,67,98,OVERDRIVE,Overdriven Guitar _ 1,Overdriven Guitar _ 1,35136,196
43.564455,0.3206465625000021,62,99,OVERDRIVE,Overdriven Guitar _ 1,Overdriven Guitar _ 1,35328,236
43.564455,0.3206465625000021,57,99,OVERDRIVE,Overdriven Guitar _ 1,Overdriven Guitar _ 1,35328,236
43.564455,0.32608125000000143,66,96,OVERDRIVE,Overdriven Guitar _ 1,Overdriven Guitar _ 1,35328,240
43.564455,0.33695062500000006,50,99,OVERDRIVE,Overdriven Guitar _ 1,Overdriven Guitar _ 1,35328,248
45.912240000000004,0.17390999999999934,57,99,OVERDRIVE,Overdriven Guitar _ 1,Overdriven Guitar _ 1,37056,128
45.912240000000004,0.1956487499999966,50,99,OVERDRIVE,Overdriven Guitar _ 1,Overdriven Guitar _ 1,37056,144
45.912240000000004,0.21195281249999454,66,95,OVERDRIVE,Overdriven Guitar _ 1,Overdriven Guitar _ 1,37056,156
45.912240000000004,0.21738750000000095,62,99,OVERDRIVE,Overdriven Guitar _ 1,Overdriven Guitar _ 1,37056,160
46.173105,0.16304062500000072,57,98,OVERDRIVE,Overdriven Guitar _ 1,Overdriven Guitar _ 1,37248,120
46.173105,0.16847531250000003,50,99,OVERDRIVE,Overdriven Guitar _ 1,Overdriven Guitar _ 1,37248,124
46.173105,0.1902140625000044,66,97,OVERDRIVE,Overdriven Guitar _ 1,Overdriven Guitar _ 1,37248,140
46.173105,0.20108343750000301,62,99,OVERDRIVE,Overdriven Guitar _ 1,Overdriven Guitar _ 1,37248,148
46.43397,0.1576059375000014,57,97,OVERDRIVE,Overdriven Guitar _ 1,Overdriven Guitar _ 1,37440,116
46.43397,0.19021406249999728,62,97,OVERDRIVE,Overdriven Guitar _ 1,Overdriven Guitar _ 1,37440,140
46.43397,0.2336915624999989,66,95,OVERDRIVE,Overdriven Guitar _ 1,Overdriven Guitar _ 1,37440,172
46.43397,0.24456093749999752,50,93,OVERDRIVE,Overdriven Guitar _ 1,Overdriven Guitar _ 1,37440,180
46.694835000000005,0.2010834374999959,62,99,OVERDRIVE,Overdriven Guitar _ 1,Overdriven Guitar _ 1,37632,148
46.694835000000005,0.20651812499999522,55,99,OVERDRIVE,Overdriven Guitar _ 1,Overdriven Guitar _ 1,37632,152
46.694835000000005,0.21195281249999454,67,98,OVERDRIVE,Overdriven Guitar _ 1,Overdriven Guitar _ 1,37632,156
46.694835000000005,0.22282218750000027,59,99,OVERDRIVE,Overdriven Guitar _ 1,Overdriven Guitar _ 1,37632,164
46.9557,0.1956487500000037,59,92,OVERDRIVE,Overdriven Guitar _ 1,Overdriven Guitar _ 1,37824,144
46.9557,0.20108343750000301,67,96,OVERDRIVE,Overdriven Guitar _ 1,Overdriven Guitar _ 1,37824,148
46.9557,0.21195281250000164,62,97,OVERDRIVE,Overdriven Guitar _ 1,Overdriven Guitar _ 1,37824,156
46.9557,0.21738750000000095,55,99,OVERDRIVE,Overdriven Guitar _ 1,Overdriven Guitar _ 1,37824,160
47.216565,0.1521712500000021,59,97,OVERDRIVE,Overdriven Guitar _ 1,Overdriven Guitar _ 1,38016,112
47.216565,0.16847531250000003,62,98,OVERDRIVE,Overdriven Guitar _ 1,Overdriven Guitar _ 1,38016,124
47.216565,0.18477937499999797,67,98,OVERDRIVE,Overdriven Guitar _ 1,Overdriven Guitar _ 1,38016,136
47.47743,0.16304062500000072,59,94,OVERDRIVE,Overdriven Guitar _ 1,Overdriven Guitar _ 1,38208,120
47.47743,0.20108343750000301,62,98,OVERDRIVE,Overdriven Guitar _ 1,Overdriven Guitar _ 1,38208,148
47.216565,0.4782524999999964,55,99,OVERDRIVE,Overdriven Guitar _ 1,Overdriven Guitar _ 1,38016,352
47.47743,0.2662996875000019,67,98,OVERDRIVE,Overdriven Guitar _ 1,Overdriven Guitar _ 1,38208,196
47.738295,0.3206465625000021,62,99,OVERDRIVE,Overdriven Guitar _ 1,Overdriven Guitar _ 1,38400,236
47.738295,0.3206465625000021,57,99,OVERDRIVE,Overdriven Guitar _ 1,Overdriven Guitar _ 1,38400,236
47.738295,0.32608125000000143,66,96,OVERDRIVE,Overdriven Guitar _ 1,Overdriven Guitar _ 1,38400,240
47.738295,0.33695062500000006,50,99,OVERDRIVE,Overdriven Guitar _ 1,Overdriven Guitar _ 1,38400,248
50.08608,0.21738750000000095,67,94,OVERDRIVE,Overdriven Guitar _ 1,Overdriven Guitar _ 1,40128,160
50.08608,0.22282218750000027,55,99,OVERDRIVE,Overdriven Guitar _ 1,Overdriven Guitar _ 1,40128,164
50.08608,0.2336915624999989,62,97,OVERDRIVE,Overdriven Guitar _ 1,Overdriven Guitar _ 1,40128,172
50.346945000000005,0.1956487499999966,62,97,OVERDRIVE,Overdriven Guitar _ 1,Overdriven Guitar _ 1,40320,144
50.346945000000005,0.1956487499999966,55,98,OVERDRIVE,Overdriven Guitar _ 1,Overdriven Guitar _ 1,40320,144
50.346945000000005,0.2010834374999959,67,95,OVERDRIVE,Overdriven Guitar _ 1,Overdriven Guitar _ 1,40320,148
50.60781,0.22282218750000027,62,89,OVERDRIVE,Overdriven Guitar _ 1,Overdriven Guitar _ 1,40512,164
50.60781,0.22282218750000027,55,97,OVERDRIVE,Overdriven Guitar _ 1,Overdriven Guitar _ 1,40512,164
50.60781,0.26086500000000257,67,92,OVERDRIVE,Overdriven Guitar _ 1,Overdriven Guitar _ 1,40512,192
50.868675,0.13043249999999773,67,99,OVERDRIVE,Overdriven Guitar _ 1,Overdriven Guitar _ 1,40704,96
50.868675,0.18477937499999797,53,99,OVERDRIVE,Overdriven Guitar _ 1,Overdriven Guitar _ 1,40704,136
50.868675,0.19021406249999728,65,99,OVERDRIVE,Overdriven Guitar _ 1,Overdriven Guitar _ 1,40704,140
50.868675,0.21195281250000164,60,99,OVERDRIVE,Overdriven Guitar _ 1,Overdriven Guitar _ 1,40704,156
51.12954,0.1521712500000021,67,99,OVERDRIVE,Overdriven Guitar _ 1,Overdriven Guitar _ 1,40896,112
51.12954,0.1956487500000037,53,99,OVERDRIVE,Overdriven Guitar _ 1,Overdriven Guitar _ 1,40896,144
51.12954,0.21195281250000164,60,99,OVERDRIVE,Overdriven Guitar _ 1,Overdriven Guitar _ 1,40896,156
51.12954,0.21738750000000095,65,99,OVERDRIVE,Overdriven Guitar _ 1,Overdriven Guitar _ 1,40896,160
51.390405,0.16304062500000072,53,99,OVERDRIVE,Overdriven Guitar _ 1,Overdriven Guitar _ 1,41088,120
51.390405,0.17934468749999866,65,97,OVERDRIVE,Overdriven Guitar _ 1,Overdriven Guitar _ 1,41088,132
51.390405,0.18477937499999797,60,96,OVERDRIVE,Overdriven Guitar _ 1,Overdriven Guitar _ 1,41088,136
51.390405,0.20108343750000301,67,94,OVERDRIVE,Overdriven Guitar _ 1,Overdriven Guitar _ 1,41088,148
51.651270000000004,0.18477937499999797,67,93,OVERDRIVE,Overdriven Guitar _ 1,Overdriven Guitar _ 1,41280,136
51.651270000000004,0.1956487499999966,65,96,OVERDRIVE,Overdriven Guitar _ 1,Overdriven Guitar _ 1,41280,144
51.651270000000004,0.22282218750000027,60,95,OVERDRIVE,Overdriven Guitar _ 1,Overdriven Guitar _ 1,41280,164
51.651270000000004,0.24456093749999752,53,98,OVERDRIVE,Overdriven Guitar _ 1,Overdriven Guitar _ 1,41280,180
51.912135,0.2826037499999998,67,93,OVERDRIVE,Overdriven Guitar _ 1,Overdriven Guitar _ 1,41472,208
51.912135,0.29890781250000487,62,98,OVERDRIVE,Overdriven Guitar _ 1,Overdriven Guitar _ 1,41472,220
51.912135,0.32608125000000143,55,99,OVERDRIVE,Overdriven Guitar _ 1,Overdriven Guitar _ 1,41472,240
54.25992,0.20651812500000233,57,96,OVERDRIVE,Overdriven Guitar _ 1,Overdriven Guitar _ 1,43200,152
54.25992,0.21195281250000164,50,96,OVERDRIVE,Overdriven Guitar _ 1,Overdriven Guitar _ 1,43200,156
54.25992,0.22282218750000027,66,96,OVERDRIVE,Overdriven Guitar _ 1,Overdriven Guitar _ 1,43200,164
54.25992,0.2336915624999989,62,96,OVERDRIVE,Overdriven Guitar _ 1,Overdriven Guitar _ 1,43200,172
54.520785000000004,0.15217124999999498,50,96,OVERDRIVE,Overdriven Guitar _ 1,Overdriven Guitar _ 1,43392,112
54.520785000000004,0.16304062500000072,57,97,OVERDRIVE,Overdriven Guitar _ 1,Overdriven Guitar _ 1,43392,120
54.520785000000004,0.19021406249999728,66,94,OVERDRIVE,Overdriven Guitar _ 1,Overdriven Guitar _ 1,43392,140
54.520785000000004,0.20651812499999522,62,96,OVERDRIVE,Overdriven Guitar _ 1,Overdriven Guitar _ 1,43392,152
54.78165,0.16847531250000003,57,94,OVERDRIVE,Overdriven Guitar _ 1,Overdriven Guitar _ 1,43584,124
54.78165,0.21738750000000095,62,92,OVERDRIVE,Overdriven Guitar _ 1,Overdriven Guitar _ 1,43584,160
54.78165,0.22282218750000027,66,93,OVERDRIVE,Overdriven Guitar _ 1,Overdriven Guitar _ 1,43584,164
54.78165,0.2391262500000053,50,90,OVERDRIVE,Overdriven Guitar _ 1,Overdriven Guitar _ 1,43584,176
55.042515,0.20651812500000233,55,98,OVERDRIVE,Overdriven Guitar _ 1,Overdriven Guitar _ 1,43776,152
55.042515,0.21195281250000164,67,95,OVERDRIVE,Overdriven Guitar _ 1,Overdriven Guitar _ 1,43776,156
55.042515,0.21195281250000164,62,97,OVERDRIVE,Overdriven Guitar _ 1,Overdriven Guitar _ 1,43776,156
55.042515,0.21195281250000164,59,97,OVERDRIVE,Overdriven Guitar _ 1,Overdriven Guitar _ 1,43776,156
55.303380000000004,0.2010834374999959,67,97,OVERDRIVE,Overdriven Guitar _ 1,Overdriven Guitar _ 1,43968,148
55.303380000000004,0.2010834374999959,55,95,OVERDRIVE,Overdriven Guitar _ 1,Overdriven Guitar _ 1,43968,148
55.303380000000004,0.22282218750000027,59,87,OVERDRIVE,Overdriven Guitar _ 1,Overdriven Guitar _ 1,43968,164
55.303380000000004,0.2336915624999989,62,92,OVERDRIVE,Overdriven Guitar _ 1,Overdriven Guitar _ 1,43968,172
55.564245,0.16304062500000072,59,87,OVERDRIVE,Overdriven Guitar _ 1,Overdriven Guitar _ 1,44160,120
55.564245,0.17390999999999934,62,97,OVERDRIVE,Overdriven Guitar _ 1,Overdriven Guitar _ 1,44160,128
55.564245,0.18477937500000507,67,96,OVERDRIVE,Overdriven Guitar _ 1,Overdriven Guitar _ 1,44160,136
55.564245,0.18477937500000507,55,95,OVERDRIVE,Overdriven Guitar _ 1,Overdriven Guitar _ 1,44160,136
55.82511,0.17934468749999866,59,94,OVERDRIVE,Overdriven Guitar _ 1,Overdriven Guitar _ 1,44352,132
55.82511,0.22825687499999958,62,94,OVERDRIVE,Overdriven Guitar _ 1,Overdriven Guitar _ 1,44352,168
55.82511,0.2662996875000019,55,97,OVERDRIVE,Overdriven Guitar _ 1,Overdriven Guitar _ 1,44352,196
55.82511,0.3206465625000021,67,98,OVERDRIVE,Overdriven Guitar _ 1,Overdriven Guitar _ 1,44352,236
56.085975000000005,0.29890781249999776,57,99,OVERDRIVE,Overdriven Guitar _ 1,Overdriven Guitar _ 1,44544,220
56.085975000000005,0.3478199999999987,66,97,OVERDRIVE,Overdriven Guitar _ 1,Overdriven Guitar _ 1,44544,256
56.085975000000005,0.353254687499998,50,98,OVERDRIVE,Overdriven Guitar _ 1,Overdriven Guitar _ 1,44544,260
56.085975000000005,0.4021668749999989,62,98,OVERDRIVE,Overdriven Guitar _ 1,Overdriven Guitar _ 1,44544,296
58.43376,0.18477937500000507,57,99,OVERDRIVE,Overdriven Guitar _ 1,Overdriven Guitar _ 1,46272,136
58.43376,0.1956487500000037,64,98,OVERDRIVE,Overdriven Guitar _ 1,Overdriven Guitar _ 1,46272,144
58.43376,0.21738750000000095,69,94,OVERDRIVE,Overdriven Guitar _ 1,Overdriven Guitar _ 1,46272,160
58.694625,0.19021406249999728,57,98,OVERDRIVE,Overdriven Guitar _ 1,Overdriven Guitar _ 1,46464,140
58.694625,0.1956487500000037,64,95,OVERDRIVE,Overdriven Guitar _ 1,Overdriven Guitar _ 1,46464,144
58.694625,0.20108343750000301,69,92,OVERDRIVE,Overdriven Guitar _ 1,Overdriven Guitar _ 1,46464,148
58.955490000000005,0.19021406249999728,57,98,OVERDRIVE,Overdriven Guitar _ 1,Overdriven Guitar _ 1,46656,140
58.955490000000005,0.21195281249999454,69,98,OVERDRIVE,Overdriven Guitar _ 1,Overdriven Guitar _ 1,46656,156
58.955490000000005,0.21738750000000095,64,98,OVERDRIVE,Overdriven Guitar _ 1,Overdriven Guitar _ 1,46656,160
59.216355,0.13043250000000484,69,98,OVERDRIVE,Overdriven Guitar _ 1,Overdriven Guitar _ 1,46848,96
59.216355,0.14673656250000278,64,98,OVERDRIVE,Overdriven Guitar _ 1,Overdriven Guitar _ 1,46848,108
59.216355,0.14673656250000278,57,98,OVERDRIVE,Overdriven Guitar _ 1,Overdriven Guitar _ 1,46848,108
59.47722,0.13043250000000484,57,99,OVERDRIVE,Overdriven Guitar _ 1,Overdriven Guitar _ 1,47040,96
59.47722,0.17934468749999866,69,99,OVERDRIVE,Overdriven Guitar _ 1,Overdriven Guitar _ 1,47040,132
59.47722,0.19021406249999728,64,99,OVERDRIVE,Overdriven Guitar _ 1,Overdriven Guitar _ 1,47040,140
59.738085000000005,0.16847531249999292,64,97,OVERDRIVE,Overdriven Guitar _ 1,Overdriven Guitar _ 1,47232,124
59.738085000000005,0.18477937499999086,57,97,OVERDRIVE,Overdriven Guitar _ 1,Overdriven Guitar _ 1,47232,136
59.738085000000005,0.1956487500000037,69,97,OVERDRIVE,Overdriven Guitar _ 1,Overdriven Guitar _ 1,47232,144
59.99895,0.21738750000000095,57,97,OVERDRIVE,Overdriven Guitar _ 1,Overdriven Guitar _ 1,47424,160
59.99895,0.22282218750000027,64,97,OVERDRIVE,Overdriven Guitar _ 1,Overdriven Guitar _ 1,47424,164
59.99895,0.25543031249999615,69,97,OVERDRIVE,Overdriven Guitar _ 1,Overdriven Guitar _ 1,47424,188
60.259814999999996,0.2717343750000083,64,99,OVERDRIVE,Overdriven Guitar _ 1,Overdriven Guitar _ 1,47616,200
60.259814999999996,0.2771690625000076,57,99,OVERDRIVE,Overdriven Guitar _ 1,Overdriven Guitar _ 1,47616,204
60.259814999999996,0.3043425000000042,67,97,OVERDRIVE,Overdriven Guitar _ 1,Overdriven Guitar _ 1,47616,224
62.6076,0.17391000000000645,57,99,OVERDRIVE,Overdriven Guitar _ 1,Overdriven Guitar _ 1,49344,128
62.6076,0.1956487500000037,50,99,OVERDRIVE,Overdriven Guitar _ 1,Overdriven Guitar _ 1,49344,144
62.6076,0.21195281250000164,66,95,OVERDRIVE,Overdriven Guitar _ 1,Overdriven Guitar _ 1,49344,156
62.6076,0.21738750000000095,62,99,OVERDRIVE,Overdriven Guitar _ 1,Overdriven Guitar _ 1,49344,160
62.86846500000001,0.1630406249999936,57,98,OVERDRIVE,Overdriven Guitar _ 1,Overdriven Guitar _ 1,49536,120
62.86846500000001,0.16847531249999292,50,99,OVERDRIVE,Overdriven Guitar _ 1,Overdriven Guitar _ 1,49536,124
62.86846500000001,0.19021406249999018,66,97,OVERDRIVE,Overdriven Guitar _ 1,Overdriven Guitar _ 1,49536,140
62.86846500000001,0.2010834374999888,62,99,OVERDRIVE,Overdriven Guitar _ 1,Overdriven Guitar _ 1,49536,148
63.12933,0.1576059374999943,57,97,OVERDRIVE,Overdriven Guitar _ 1,Overdriven Guitar _ 1,49728,116
63.12933,0.1902140625000044,62,97,OVERDRIVE,Overdriven Guitar _ 1,Overdriven Guitar _ 1,49728,140
63.12933,0.2336915624999989,66,95,OVERDRIVE,Overdriven Guitar _ 1,Overdriven Guitar _ 1,49728,172
63.12933,0.24456093749999752,50,93,OVERDRIVE,Overdriven Guitar _ 1,Overdriven Guitar _ 1,49728,180
63.390195,0.20108343750000301,62,99,OVERDRIVE,Overdriven Guitar _ 1,Overdriven Guitar _ 1,49920,148
63.390195,0.20651812500000233,55,99,OVERDRIVE,Overdriven Guitar _ 1,Overdriven Guitar _ 1,49920,152
63.390195,0.21195281250000164,67,98,OVERDRIVE,Overdriven Guitar _ 1,Overdriven Guitar _ 1,49920,156
63.390195,0.22282218750000027,59,99,OVERDRIVE,Overdriven Guitar _ 1,Overdriven Guitar _ 1,49920,164
63.65106000000001,0.1956487499999895,59,92,OVERDRIVE,Overdriven Guitar _ 1,Overdriven Guitar _ 1,50112,144
63.65106000000001,0.2010834374999888,67,96,OVERDRIVE,Overdriven Guitar _ 1,Overdriven Guitar _ 1,50112,148
63.65106000000001,0.21195281249998743,62,97,OVERDRIVE,Overdriven Guitar _ 1,Overdriven Guitar _ 1,50112,156
63.65106000000001,0.21738750000000095,55,99,OVERDRIVE,Overdriven Guitar _ 1,Overdriven Guitar _ 1,50112,160
63.911925000000004,0.15217124999999498,59,97,OVERDRIVE,Overdriven Guitar _ 1,Overdriven Guitar _ 1,50304,112
63.911925000000004,0.16847531249999292,62,98,OVERDRIVE,Overdriven Guitar _ 1,Overdriven Guitar _ 1,50304,124
63.911925000000004,0.18477937500000507,67,98,OVERDRIVE,Overdriven Guitar _ 1,Overdriven Guitar _ 1,50304,136
64.17279,0.16304062500000782,59,94,OVERDRIVE,Overdriven Guitar _ 1,Overdriven Guitar _ 1,50496,120
64.17279,0.20108343750000301,62,98,OVERDRIVE,Overdriven Guitar _ 1,Overdriven Guitar _ 1,50496,148
63.911925000000004,0.4782524999999964,55,99,OVERDRIVE,Overdriven Guitar _ 1,Overdriven Guitar _ 1,50304,352
64.17279,0.266299687500009,67,98,OVERDRIVE,Overdriven Guitar _ 1,Overdriven Guitar _ 1,50496,196
64.43365500000002,0.3206465624999879,62,99,OVERDRIVE,Overdriven Guitar _ 1,Overdriven Guitar _ 1,50688,236
64.43365500000002,0.3206465624999879,57,99,OVERDRIVE,Overdriven Guitar _ 1,Overdriven Guitar _ 1,50688,236
64.43365500000002,0.3260812499999872,66,96,OVERDRIVE,Overdriven Guitar _ 1,Overdriven Guitar _ 1,50688,240
64.43365500000002,0.33695062500000006,50,99,OVERDRIVE,Overdriven Guitar _ 1,Overdriven Guitar _ 1,50688,248
66.52057500000001,1.1141109375000013,57,83,OVERDRIVE,Overdriven Guitar _ 1,Overdriven Guitar _ 1,52224,820
67.564035,1.1304149999999993,43,90,OVERDRIVE,Overdriven Guitar _ 1,Overdriven Guitar _ 1,52992,832
68.60749500000001,2.0217037500000004,57,93,OVERDRIVE,Overdriven Guitar _ 1,Overdriven Guitar _ 1,53760,1488
70.694415,1.1032415625000027,57,93,OVERDRIVE,Overdriven Guitar _ 1,Overdriven Guitar _ 1,55296,812
66.52057500000001,6.2553253125000055,50,85,OVERDRIVE,Overdriven Guitar _ 1,Overdriven Guitar _ 1,52224,4604
71.73787500000002,1.0923721874999899,43,90,OVERDRIVE,Overdriven Guitar _ 1,Overdriven Guitar _ 1,56064,804
72.78133500000001,0.05434687499999313,50,85,OVERDRIVE,Overdriven Guitar _ 1,Overdriven Guitar _ 1,56832,40
72.78133500000001,2.0760506249999935,57,88,OVERDRIVE,Overdriven Guitar _ 1,Overdriven Guitar _ 1,56832,1528
74.868255,1.0434600000000103,43,88,OVERDRIVE,Overdriven Guitar _ 1,Overdriven Guitar _ 1,58368,768
75.91171500000002,1.0162865624999995,48,90,OVERDRIVE,Overdriven Guitar _ 1,Overdriven Guitar _ 1,59136,748
75.91171500000002,1.0706334374999926,41,90,OVERDRIVE,Overdriven Guitar _ 1,Overdriven Guitar _ 1,59136,788
76.95517500000001,1.8532284374999932,50,88,OVERDRIVE,Overdriven Guitar _ 1,Overdriven Guitar _ 1,59904,1364
76.95517500000001,1.9021406250000013,43,90,OVERDRIVE,Overdriven Guitar _ 1,Overdriven Guitar _ 1,59904,1400
78.78123000000001,0.22282218750000027,45,89,OVERDRIVE,Overdriven Guitar _ 1,Overdriven Guitar _ 1,61248,164
79.042095,0.05978156250000666,55,87,OVERDRIVE,Overdriven Guitar _ 1,Overdriven Guitar _ 1,61440,44
79.042095,0.14673656250000988,47,81,OVERDRIVE,Overdriven Guitar _ 1,Overdriven Guitar _ 1,61440,108
79.042095,0.9130275000000125,57,84,OVERDRIVE,Overdriven Guitar _ 1,Overdriven Guitar _ 1,61440,672
79.042095,1.0271559375000123,50,91,OVERDRIVE,Overdriven Guitar _ 1,Overdriven Guitar _ 1,61440,756
80.08555500000001,0.11412843749999979,45,85,OVERDRIVE,Overdriven Guitar _ 1,Overdriven Guitar _ 1,62208,84
80.21598750000001,1.0217212499999988,43,92,OVERDRIVE,Overdriven Guitar _ 1,Overdriven Guitar _ 1,62304,752
81.12901500000001,2.081485312500007,50,89,OVERDRIVE,Overdriven Guitar _ 1,Overdriven Guitar _ 1,62976,1532
83.21593500000002,1.6901878124999996,45,92,OVERDRIVE,Overdriven Guitar _ 1,Overdriven Guitar _ 1,64512,1244
84.91155750000001,0.07065093749999107,45,95,OVERDRIVE,Overdriven Guitar _ 1,Overdriven Guitar _ 1,65760,52
81.12901500000001,3.9075403125000037,57,88,OVERDRIVE,Overdriven Guitar _ 1,Overdriven Guitar _ 1,62976,2876
85.04199000000001,0.04347749999999451,57,92,OVERDRIVE,Overdriven Guitar _ 1,Overdriven Guitar _ 1,65856,32
85.17242250000001,0.03804281249999519,45,86,OVERDRIVE,Overdriven Guitar _ 1,Overdriven Guitar _ 1,65952,28
83.21593500000002,2.1412668749999995,52,91,OVERDRIVE,Overdriven Guitar _ 1,Overdriven Guitar _ 1,64512,1576
85.30285500000001,0.22282218750000027,57,95,OVERDRIVE,Overdriven Guitar _ 1,Overdriven Guitar _ 1,66048,164
85.30285500000001,0.24999562499999683,45,92,OVERDRIVE,Overdriven Guitar _ 1,Overdriven Guitar _ 1,66048,184
85.56372000000002,0.25543031249999615,66,94,OVERDRIVE,Overdriven Guitar _ 1,Overdriven Guitar _ 1,66240,188
85.56372000000002,0.25543031249999615,62,95,OVERDRIVE,Overdriven Guitar _ 1,Overdriven Guitar _ 1,66240,188
85.56372000000002,0.25543031249999615,57,95,OVERDRIVE,Overdriven Guitar _ 1,Overdriven Guitar _ 1,66240,188
85.56372000000002,0.25543031249999615,50,95,OVERDRIVE,Overdriven Guitar _ 1,Overdriven Guitar _ 1,66240,188
85.82458500000001,0.0013586718749962756,66,92,OVERDRIVE,Overdriven Guitar _ 1,Overdriven Guitar _ 1,66432,1
85.82458500000001,0.005434687499999313,57,94,OVERDRIVE,Overdriven Guitar _ 1,Overdriven Guitar _ 1,66432,4
85.82458500000001,0.010869374999998627,50,92,OVERDRIVE,Overdriven Guitar _ 1,Overdriven Guitar _ 1,66432,8
85.82458500000001,0.01630406249999794,62,94,OVERDRIVE,Overdriven Guitar _ 1,Overdriven Guitar _ 1,66432,12
86.08545000000001,0.20651812500000233,57,94,OVERDRIVE,Overdriven Guitar _ 1,Overdriven Guitar _ 1,66624,152
86.08545000000001,0.24456093749999752,50,92,OVERDRIVE,Overdriven Guitar _ 1,Overdriven Guitar _ 1,66624,180
86.08545000000001,0.25543031249999615,62,94,OVERDRIVE,Overdriven Guitar _ 1,Overdriven Guitar _ 1,66624,188
86.08545000000001,0.2826037500000069,66,92,OVERDRIVE,Overdriven Guitar _ 1,Overdriven Guitar _ 1,66624,208
86.346315,0.027173437500010778,62,94,OVERDRIVE,Overdriven Guitar _ 1,Overdriven Guitar _ 1,66816,20
86.346315,0.21195281250000164,59,95,OVERDRIVE,Overdriven Guitar _ 1,Overdriven Guitar _ 1,66816,156
86.346315,0.22282218750000027,55,95,OVERDRIVE,Overdriven Guitar _ 1,Overdriven Guitar _ 1,66816,164
86.346315,0.24456093750001173,67,94,OVERDRIVE,Overdriven Guitar _ 1,Overdriven Guitar _ 1,66816,180
86.60718000000001,0.21738750000000095,62,95,OVERDRIVE,Overdriven Guitar _ 1,Overdriven Guitar _ 1,67008,160
86.60718000000001,0.22282218750000027,59,94,OVERDRIVE,Overdriven Guitar _ 1,Overdriven Guitar _ 1,67008,164
86.60718000000001,0.22282218750000027,55,84,OVERDRIVE,Overdriven Guitar _ 1,Overdriven Guitar _ 1,67008,164
86.60718000000001,0.2391262499999982,67,91,OVERDRIVE,Overdriven Guitar _ 1,Overdriven Guitar _ 1,67008,176
86.86804500000001,0.1956487500000037,67,94,OVERDRIVE,Overdriven Guitar _ 1,Overdriven Guitar _ 1,67200,144
86.86804500000001,0.1956487500000037,55,95,OVERDRIVE,Overdriven Guitar _ 1,Overdriven Guitar _ 1,67200,144
86.86804500000001,0.20108343750000301,59,95,OVERDRIVE,Overdriven Guitar _ 1,Overdriven Guitar _ 1,67200,148
86.86804500000001,0.21195281250000164,62,95,OVERDRIVE,Overdriven Guitar _ 1,Overdriven Guitar _ 1,67200,156
87.12891,0.22825687499999958,62,95,OVERDRIVE,Overdriven Guitar _ 1,Overdriven Guitar _ 1,67392,168
87.12891,0.2336915625000131,59,94,OVERDRIVE,Overdriven Guitar _ 1,Overdriven Guitar _ 1,67392,172
87.12891,0.24999562500001105,67,94,OVERDRIVE,Overdriven Guitar _ 1,Overdriven Guitar _ 1,67392,184
87.12891,0.25543031250001036,55,95,OVERDRIVE,Overdriven Guitar _ 1,Overdriven Guitar _ 1,67392,188
87.38977500000001,0.3206465625000021,57,99,OVERDRIVE,Overdriven Guitar _ 1,Overdriven Guitar _ 1,67584,236
87.38977500000001,0.3206465625000021,50,99,OVERDRIVE,Overdriven Guitar _ 1,Overdriven Guitar _ 1,67584,236
87.38977500000001,0.32608125000000143,66,96,OVERDRIVE,Overdriven Guitar _ 1,Overdriven Guitar _ 1,67584,240
87.38977500000001,0.33695062500000006,62,99,OVERDRIVE,Overdriven Guitar _ 1,Overdriven Guitar _ 1,67584,248
89.73756000000002,0.17390999999999224,57,99,OVERDRIVE,Overdriven Guitar _ 1,Overdriven Guitar _ 1,69312,128
89.73756000000002,0.1956487499999895,50,99,OVERDRIVE,Overdriven Guitar _ 1,Overdriven Guitar _ 1,69312,144
89.73756000000002,0.21195281250000164,66,95,OVERDRIVE,Overdriven Guitar _ 1,Overdriven Guitar _ 1,69312,156
89.73756000000002,0.21738750000000095,62,99,OVERDRIVE,Overdriven Guitar _ 1,Overdriven Guitar _ 1,69312,160
89.99842500000001,0.1630406249999936,57,98,OVERDRIVE,Overdriven Guitar _ 1,Overdriven Guitar _ 1,69504,120
89.99842500000001,0.16847531249999292,50,99,OVERDRIVE,Overdriven Guitar _ 1,Overdriven Guitar _ 1,69504,124
89.99842500000001,0.1902140625000044,66,97,OVERDRIVE,Overdriven Guitar _ 1,Overdriven Guitar _ 1,69504,140
89.99842500000001,0.20108343750000301,62,99,OVERDRIVE,Overdriven Guitar _ 1,Overdriven Guitar _ 1,69504,148
90.25929000000001,0.1576059375000085,57,97,OVERDRIVE,Overdriven Guitar _ 1,Overdriven Guitar _ 1,69696,116
90.25929000000001,0.1902140625000044,62,97,OVERDRIVE,Overdriven Guitar _ 1,Overdriven Guitar _ 1,69696,140
90.25929000000001,0.2336915624999989,66,95,OVERDRIVE,Overdriven Guitar _ 1,Overdriven Guitar _ 1,69696,172
90.25929000000001,0.24456093749999752,50,93,OVERDRIVE,Overdriven Guitar _ 1,Overdriven Guitar _ 1,69696,180
90.52015500000002,0.2010834374999888,62,99,OVERDRIVE,Overdriven Guitar _ 1,Overdriven Guitar _ 1,69888,148
90.52015500000002,0.20651812499998812,55,99,OVERDRIVE,Overdriven Guitar _ 1,Overdriven Guitar _ 1,69888,152
90.52015500000002,0.21195281249998743,67,98,OVERDRIVE,Overdriven Guitar _ 1,Overdriven Guitar _ 1,69888,156
90.52015500000002,0.22282218750000027,59,99,OVERDRIVE,Overdriven Guitar _ 1,Overdriven Guitar _ 1,69888,164
90.78102000000001,0.1956487500000037,59,92,OVERDRIVE,Overdriven Guitar _ 1,Overdriven Guitar _ 1,70080,144
90.78102000000001,0.20108343750000301,67,96,OVERDRIVE,Overdriven Guitar _ 1,Overdriven Guitar _ 1,70080,148
90.78102000000001,0.21195281250000164,62,97,OVERDRIVE,Overdriven Guitar _ 1,Overdriven Guitar _ 1,70080,156
90.78102000000001,0.21738750000000095,55,99,OVERDRIVE,Overdriven Guitar _ 1,Overdriven Guitar _ 1,70080,160
91.04188500000001,0.1521712500000092,59,97,OVERDRIVE,Overdriven Guitar _ 1,Overdriven Guitar _ 1,70272,112
91.04188500000001,0.16847531250000713,62,98,OVERDRIVE,Overdriven Guitar _ 1,Overdriven Guitar _ 1,70272,124
91.04188500000001,0.18477937500000507,67,98,OVERDRIVE,Overdriven Guitar _ 1,Overdriven Guitar _ 1,70272,136
91.30275000000002,0.1630406249999936,59,94,OVERDRIVE,Overdriven Guitar _ 1,Overdriven Guitar _ 1,70464,120
91.30275000000002,0.2010834374999888,62,98,OVERDRIVE,Overdriven Guitar _ 1,Overdriven Guitar _ 1,70464,148
91.04188500000001,0.4782524999999964,55,99,OVERDRIVE,Overdriven Guitar _ 1,Overdriven Guitar _ 1,70272,352
91.30275000000002,0.2662996874999948,67,98,OVERDRIVE,Overdriven Guitar _ 1,Overdriven Guitar _ 1,70464,196
91.56361500000001,0.3206465625000021,62,99,OVERDRIVE,Overdriven Guitar _ 1,Overdriven Guitar _ 1,70656,236
91.56361500000001,0.3206465625000021,57,99,OVERDRIVE,Overdriven Guitar _ 1,Overdriven Guitar _ 1,70656,236
91.56361500000001,0.32608125000000143,66,96,OVERDRIVE,Overdriven Guitar _ 1,Overdriven Guitar _ 1,70656,240
91.56361500000001,0.33695062500000006,50,99,OVERDRIVE,Overdriven Guitar _ 1,Overdriven Guitar _ 1,70656,248
93.91140000000001,0.17390999999999224,57,99,OVERDRIVE,Overdriven Guitar _ 1,Overdriven Guitar _ 1,72384,128
93.91140000000001,0.1956487499999895,50,99,OVERDRIVE,Overdriven Guitar _ 1,Overdriven Guitar _ 1,72384,144
93.91140000000001,0.21195281250000164,66,95,OVERDRIVE,Overdriven Guitar _ 1,Overdriven Guitar _ 1,72384,156
93.91140000000001,0.21738750000000095,62,99,OVERDRIVE,Overdriven Guitar _ 1,Overdriven Guitar _ 1,72384,160
94.17226500000001,0.16304062500000782,57,98,OVERDRIVE,Overdriven Guitar _ 1,Overdriven Guitar _ 1,72576,120
94.17226500000001,0.16847531250000713,50,99,OVERDRIVE,Overdriven Guitar _ 1,Overdriven Guitar _ 1,72576,124
94.17226500000001,0.1902140625000044,66,97,OVERDRIVE,Overdriven Guitar _ 1,Overdriven Guitar _ 1,72576,140
94.17226500000001,0.20108343750000301,62,99,OVERDRIVE,Overdriven Guitar _ 1,Overdriven Guitar _ 1,72576,148
94.43313,0.1576059375000085,57,97,OVERDRIVE,Overdriven Guitar _ 1,Overdriven Guitar _ 1,72768,116
94.43313,0.1902140625000044,62,97,OVERDRIVE,Overdriven Guitar _ 1,Overdriven Guitar _ 1,72768,140
94.43313,0.2336915624999989,66,95,OVERDRIVE,Overdriven Guitar _ 1,Overdriven Guitar _ 1,72768,172
94.43313,0.24456093750001173,50,93,OVERDRIVE,Overdriven Guitar _ 1,Overdriven Guitar _ 1,72768,180
94.69399500000002,0.20108343750000301,62,99,OVERDRIVE,Overdriven Guitar _ 1,Overdriven Guitar _ 1,72960,148
94.69399500000002,0.20651812500000233,55,99,OVERDRIVE,Overdriven Guitar _ 1,Overdriven Guitar _ 1,72960,152
94.69399500000002,0.21195281250000164,67,98,OVERDRIVE,Overdriven Guitar _ 1,Overdriven Guitar _ 1,72960,156
94.69399500000002,0.22282218750000027,59,99,OVERDRIVE,Overdriven Guitar _ 1,Overdriven Guitar _ 1,72960,164
94.95486000000001,0.1956487500000037,59,92,OVERDRIVE,Overdriven Guitar _ 1,Overdriven Guitar _ 1,73152,144
94.95486000000001,0.20108343750000301,67,96,OVERDRIVE,Overdriven Guitar _ 1,Overdriven Guitar _ 1,73152,148
94.95486000000001,0.21195281250000164,62,97,OVERDRIVE,Overdriven Guitar _ 1,Overdriven Guitar _ 1,73152,156
94.95486000000001,0.21738750000000095,55,99,OVERDRIVE,Overdriven Guitar _ 1,Overdriven Guitar _ 1,73152,160
95.215725,0.1521712500000092,59,97,OVERDRIVE,Overdriven Guitar _ 1,Overdriven Guitar _ 1,73344,112
95.215725,0.16847531250000713,62,98,OVERDRIVE,Overdriven Guitar _ 1,Overdriven Guitar _ 1,73344,124
95.215725,0.18477937500000507,67,98,OVERDRIVE,Overdriven Guitar _ 1,Overdriven Guitar _ 1,73344,136
95.47659000000002,0.1630406249999936,59,94,OVERDRIVE,Overdriven Guitar _ 1,Overdriven Guitar _ 1,73536,120
95.47659000000002,0.2010834374999888,62,98,OVERDRIVE,Overdriven Guitar _ 1,Overdriven Guitar _ 1,73536,148
95.215725,0.4782525000000106,55,99,OVERDRIVE,Overdriven Guitar _ 1,Overdriven Guitar _ 1,73344,352
95.47659000000002,0.2662996874999948,67,98,OVERDRIVE,Overdriven Guitar _ 1,Overdriven Guitar _ 1,73536,196
95.73745500000001,0.3206465625000021,62,99,OVERDRIVE,Overdriven Guitar _ 1,Overdriven Guitar _ 1,73728,236
95.73745500000001,0.3206465625000021,57,99,OVERDRIVE,Overdriven Guitar _ 1,Overdriven Guitar _ 1,73728,236
95.73745500000001,0.32608125000000143,66,96,OVERDRIVE,Overdriven Guitar _ 1,Overdriven Guitar _ 1,73728,240
95.73745500000001,0.33695062500000006,50,99,OVERDRIVE,Overdriven Guitar _ 1,Overdriven Guitar _ 1,73728,248
98.08524000000001,0.21738750000000095,67,94,OVERDRIVE,Overdriven Guitar _ 1,Overdriven Guitar _ 1,75456,160
98.08524000000001,0.22282218750000027,55,99,OVERDRIVE,Overdriven Guitar _ 1,Overdriven Guitar _ 1,75456,164
98.08524000000001,0.2336915624999989,62,97,OVERDRIVE,Overdriven Guitar _ 1,Overdriven Guitar _ 1,75456,172
98.34610500000001,0.1956487500000037,62,97,OVERDRIVE,Overdriven Guitar _ 1,Overdriven Guitar _ 1,75648,144
98.34610500000001,0.1956487500000037,55,98,OVERDRIVE,Overdriven Guitar _ 1,Overdriven Guitar _ 1,75648,144
98.34610500000001,0.20108343750000301,67,95,OVERDRIVE,Overdriven Guitar _ 1,Overdriven Guitar _ 1,75648,148
98.60697000000002,0.22282218750000027,62,89,OVERDRIVE,Overdriven Guitar _ 1,Overdriven Guitar _ 1,75840,164
98.60697000000002,0.22282218750000027,55,97,OVERDRIVE,Overdriven Guitar _ 1,Overdriven Guitar _ 1,75840,164
98.60697000000002,0.26086499999999546,67,92,OVERDRIVE,Overdriven Guitar _ 1,Overdriven Guitar _ 1,75840,192
98.86783500000001,0.13043249999999773,67,99,OVERDRIVE,Overdriven Guitar _ 1,Overdriven Guitar _ 1,76032,96
98.86783500000001,0.18477937499999086,53,99,OVERDRIVE,Overdriven Guitar _ 1,Overdriven Guitar _ 1,76032,136
98.86783500000001,0.1902140625000044,65,99,OVERDRIVE,Overdriven Guitar _ 1,Overdriven Guitar _ 1,76032,140
98.86783500000001,0.21195281250000164,60,99,OVERDRIVE,Overdriven Guitar _ 1,Overdriven Guitar _ 1,76032,156
99.12870000000001,0.1521712500000092,67,99,OVERDRIVE,Overdriven Guitar _ 1,Overdriven Guitar _ 1,76224,112
99.12870000000001,0.1956487500000037,53,99,OVERDRIVE,Overdriven Guitar _ 1,Overdriven Guitar _ 1,76224,144
99.12870000000001,0.21195281250000164,60,99,OVERDRIVE,Overdriven Guitar _ 1,Overdriven Guitar _ 1,76224,156
99.12870000000001,0.21738750000000095,65,99,OVERDRIVE,Overdriven Guitar _ 1,Overdriven Guitar _ 1,76224,160
99.389565,0.16304062500000782,53,99,OVERDRIVE,Overdriven Guitar _ 1,Overdriven Guitar _ 1,76416,120
99.389565,0.17934468750000576,65,97,OVERDRIVE,Overdriven Guitar _ 1,Overdriven Guitar _ 1,76416,132
99.389565,0.18477937500000507,60,96,OVERDRIVE,Overdriven Guitar _ 1,Overdriven Guitar _ 1,76416,136
99.389565,0.20108343750000301,67,94,OVERDRIVE,Overdriven Guitar _ 1,Overdriven Guitar _ 1,76416,148
99.65043000000001,0.18477937499999086,67,93,OVERDRIVE,Overdriven Guitar _ 1,Overdriven Guitar _ 1,76608,136
99.65043000000001,0.1956487500000037,65,96,OVERDRIVE,Overdriven Guitar _ 1,Overdriven Guitar _ 1,76608,144
99.65043000000001,0.22282218750000027,60,95,OVERDRIVE,Overdriven Guitar _ 1,Overdriven Guitar _ 1,76608,164
99.65043000000001,0.24456093749999752,53,98,OVERDRIVE,Overdriven Guitar _ 1,Overdriven Guitar _ 1,76608,180
99.91129500000001,0.2826037500000069,67,93,OVERDRIVE,Overdriven Guitar _ 1,Overdriven Guitar _ 1,76800,208
99.91129500000001,0.29890781250000487,62,98,OVERDRIVE,Overdriven Guitar _ 1,Overdriven Guitar _ 1,76800,220
99.91129500000001,0.32608125000000143,55,99,OVERDRIVE,Overdriven Guitar _ 1,Overdriven Guitar _ 1,76800,240
102.25908000000001,0.20651812500000233,57,96,OVERDRIVE,Overdriven Guitar _ 1,Overdriven Guitar _ 1,78528,152
102.25908000000001,0.21195281250000164,50,96,OVERDRIVE,Overdriven Guitar _ 1,Overdriven Guitar _ 1,78528,156
102.25908000000001,0.22282218750000027,66,96,OVERDRIVE,Overdriven Guitar _ 1,Overdriven Guitar _ 1,78528,164
102.25908000000001,0.2336915624999989,62,96,OVERDRIVE,Overdriven Guitar _ 1,Overdriven Guitar _ 1,78528,172
102.519945,0.1521712500000092,50,96,OVERDRIVE,Overdriven Guitar _ 1,Overdriven Guitar _ 1,78720,112
102.519945,0.16304062500000782,57,97,OVERDRIVE,Overdriven Guitar _ 1,Overdriven Guitar _ 1,78720,120
102.519945,0.1902140625000044,66,94,OVERDRIVE,Overdriven Guitar _ 1,Overdriven Guitar _ 1,78720,140
102.519945,0.20651812500000233,62,96,OVERDRIVE,Overdriven Guitar _ 1,Overdriven Guitar _ 1,78720,152
102.78081000000002,0.16847531249999292,57,94,OVERDRIVE,Overdriven Guitar _ 1,Overdriven Guitar _ 1,78912,124
102.78081000000002,0.21738750000000095,62,92,OVERDRIVE,Overdriven Guitar _ 1,Overdriven Guitar _ 1,78912,160
102.78081000000002,0.22282218750000027,66,93,OVERDRIVE,Overdriven Guitar _ 1,Overdriven Guitar _ 1,78912,164
102.78081000000002,0.2391262499999982,50,90,OVERDRIVE,Overdriven Guitar _ 1,Overdriven Guitar _ 1,78912,176
103.04167500000001,0.20651812500000233,55,98,OVERDRIVE,Overdriven Guitar _ 1,Overdriven Guitar _ 1,79104,152
103.04167500000001,0.21195281250000164,67,95,OVERDRIVE,Overdriven Guitar _ 1,Overdriven Guitar _ 1,79104,156
103.04167500000001,0.21195281250000164,62,97,OVERDRIVE,Overdriven Guitar _ 1,Overdriven Guitar _ 1,79104,156
103.04167500000001,0.21195281250000164,59,97,OVERDRIVE,Overdriven Guitar _ 1,Overdriven Guitar _ 1,79104,156
103.30254000000001,0.20108343750000301,67,97,OVERDRIVE,Overdriven Guitar _ 1,Overdriven Guitar _ 1,79296,148
103.30254000000001,0.20108343750000301,55,95,OVERDRIVE,Overdriven Guitar _ 1,Overdriven Guitar _ 1,79296,148
103.30254000000001,0.22282218750000027,59,87,OVERDRIVE,Overdriven Guitar _ 1,Overdriven Guitar _ 1,79296,164
103.30254000000001,0.2336915624999989,62,92,OVERDRIVE,Overdriven Guitar _ 1,Overdriven Guitar _ 1,79296,172
103.56340500000002,0.1630406249999936,59,87,OVERDRIVE,Overdriven Guitar _ 1,Overdriven Guitar _ 1,79488,120
103.56340500000002,0.17390999999999224,62,97,OVERDRIVE,Overdriven Guitar _ 1,Overdriven Guitar _ 1,79488,128
103.56340500000002,0.18477937499999086,67,96,OVERDRIVE,Overdriven Guitar _ 1,Overdriven Guitar _ 1,79488,136
103.56340500000002,0.18477937499999086,55,95,OVERDRIVE,Overdriven Guitar _ 1,Overdriven Guitar _ 1,79488,136
103.82427000000001,0.17934468750000576,59,94,OVERDRIVE,Overdriven Guitar _ 1,Overdriven Guitar _ 1,79680,132
103.82427000000001,0.22825687499999958,62,94,OVERDRIVE,Overdriven Guitar _ 1,Overdriven Guitar _ 1,79680,168
103.82427000000001,0.2662996874999948,55,97,OVERDRIVE,Overdriven Guitar _ 1,Overdriven Guitar _ 1,79680,196
103.82427000000001,0.3206465625000021,67,98,OVERDRIVE,Overdriven Guitar _ 1,Overdriven Guitar _ 1,79680,236
104.08513500000001,0.29890781250000487,57,99,OVERDRIVE,Overdriven Guitar _ 1,Overdriven Guitar _ 1,79872,220
104.08513500000001,0.3478199999999987,66,97,OVERDRIVE,Overdriven Guitar _ 1,Overdriven Guitar _ 1,79872,256
104.08513500000001,0.353254687499998,50,98,OVERDRIVE,Overdriven Guitar _ 1,Overdriven Guitar _ 1,79872,260
104.08513500000001,0.40216687500000603,62,98,OVERDRIVE,Overdriven Guitar _ 1,Overdriven Guitar _ 1,79872,296
106.43292000000001,0.18477937500000507,57,99,OVERDRIVE,Overdriven Guitar _ 1,Overdriven Guitar _ 1,81600,136
106.43292000000001,0.1956487500000037,64,98,OVERDRIVE,Overdriven Guitar _ 1,Overdriven Guitar _ 1,81600,144
106.43292000000001,0.21738750000000095,69,94,OVERDRIVE,Overdriven Guitar _ 1,Overdriven Guitar _ 1,81600,160
106.693785,0.1902140625000044,57,98,OVERDRIVE,Overdriven Guitar _ 1,Overdriven Guitar _ 1,81792,140
106.693785,0.1956487500000037,64,95,OVERDRIVE,Overdriven Guitar _ 1,Overdriven Guitar _ 1,81792,144
106.693785,0.20108343750000301,69,92,OVERDRIVE,Overdriven Guitar _ 1,Overdriven Guitar _ 1,81792,148
106.95465000000002,0.19021406249999018,57,98,OVERDRIVE,Overdriven Guitar _ 1,Overdriven Guitar _ 1,81984,140
106.95465000000002,0.21195281250000164,69,98,OVERDRIVE,Overdriven Guitar _ 1,Overdriven Guitar _ 1,81984,156
106.95465000000002,0.21738750000000095,64,98,OVERDRIVE,Overdriven Guitar _ 1,Overdriven Guitar _ 1,81984,160
107.21551500000001,0.13043249999999773,69,98,OVERDRIVE,Overdriven Guitar _ 1,Overdriven Guitar _ 1,82176,96
107.21551500000001,0.14673656249999567,64,98,OVERDRIVE,Overdriven Guitar _ 1,Overdriven Guitar _ 1,82176,108
107.21551500000001,0.14673656249999567,57,98,OVERDRIVE,Overdriven Guitar _ 1,Overdriven Guitar _ 1,82176,108
107.47638,0.13043250000001194,57,99,OVERDRIVE,Overdriven Guitar _ 1,Overdriven Guitar _ 1,82368,96
107.47638,0.17934468750000576,69,99,OVERDRIVE,Overdriven Guitar _ 1,Overdriven Guitar _ 1,82368,132
107.47638,0.1902140625000044,64,99,OVERDRIVE,Overdriven Guitar _ 1,Overdriven Guitar _ 1,82368,140
107.73724500000002,0.16847531249999292,64,97,OVERDRIVE,Overdriven Guitar _ 1,Overdriven Guitar _ 1,82560,124
107.73724500000002,0.18477937499999086,57,97,OVERDRIVE,Overdriven Guitar _ 1,Overdriven Guitar _ 1,82560,136
107.73724500000002,0.1956487499999895,69,97,OVERDRIVE,Overdriven Guitar _ 1,Overdriven Guitar _ 1,82560,144
107.99811000000001,0.21738750000000095,57,97,OVERDRIVE,Overdriven Guitar _ 1,Overdriven Guitar _ 1,82752,160
107.99811000000001,0.22282218750000027,64,97,OVERDRIVE,Overdriven Guitar _ 1,Overdriven Guitar _ 1,82752,164
107.99811000000001,0.25543031249999615,69,97,OVERDRIVE,Overdriven Guitar _ 1,Overdriven Guitar _ 1,82752,188
108.258975,0.2717343750000083,64,99,OVERDRIVE,Overdriven Guitar _ 1,Overdriven Guitar _ 1,82944,200
108.258975,0.2771690625000076,57,99,OVERDRIVE,Overdriven Guitar _ 1,Overdriven Guitar _ 1,82944,204
108.258975,0.3043425000000042,67,97,OVERDRIVE,Overdriven Guitar _ 1,Overdriven Guitar _ 1,82944,224
110.60676000000001,0.17391000000000645,57,99,OVERDRIVE,Overdriven Guitar _ 1,Overdriven Guitar _ 1,84672,128
110.60676000000001,0.1956487500000037,50,99,OVERDRIVE,Overdriven Guitar _ 1,Overdriven Guitar _ 1,84672,144
110.60676000000001,0.21195281250000164,66,95,OVERDRIVE,Overdriven Guitar _ 1,Overdriven Guitar _ 1,84672,156
110.60676000000001,0.21738750000000095,62,99,OVERDRIVE,Overdriven Guitar _ 1,Overdriven Guitar _ 1,84672,160
110.86762500000002,0.1630406249999936,57,98,OVERDRIVE,Overdriven Guitar _ 1,Overdriven Guitar _ 1,84864,120
110.86762500000002,0.16847531249999292,50,99,OVERDRIVE,Overdriven Guitar _ 1,Overdriven Guitar _ 1,84864,124
110.86762500000002,0.19021406249999018,66,97,OVERDRIVE,Overdriven Guitar _ 1,Overdriven Guitar _ 1,84864,140
110.86762500000002,0.2010834374999888,62,99,OVERDRIVE,Overdriven Guitar _ 1,Overdriven Guitar _ 1,84864,148
111.12849000000001,0.1576059374999943,57,97,OVERDRIVE,Overdriven Guitar _ 1,Overdriven Guitar _ 1,85056,116
111.12849000000001,0.1902140625000044,62,97,OVERDRIVE,Overdriven Guitar _ 1,Overdriven Guitar _ 1,85056,140
111.12849000000001,0.2336915624999989,66,95,OVERDRIVE,Overdriven Guitar _ 1,Overdriven Guitar _ 1,85056,172
111.12849000000001,0.24456093749999752,50,93,OVERDRIVE,Overdriven Guitar _ 1,Overdriven Guitar _ 1,85056,180
111.38935500000001,0.20108343750000301,62,99,OVERDRIVE,Overdriven Guitar _ 1,Overdriven Guitar _ 1,85248,148
111.38935500000001,0.20651812500000233,55,99,OVERDRIVE,Overdriven Guitar _ 1,Overdriven Guitar _ 1,85248,152
111.38935500000001,0.21195281250000164,67,98,OVERDRIVE,Overdriven Guitar _ 1,Overdriven Guitar _ 1,85248,156
111.38935500000001,0.22282218750000027,59,99,OVERDRIVE,Overdriven Guitar _ 1,Overdriven Guitar _ 1,85248,164
111.65022000000002,0.1956487499999895,59,92,OVERDRIVE,Overdriven Guitar _ 1,Overdriven Guitar _ 1,85440,144
111.65022000000002,0.2010834374999888,67,96,OVERDRIVE,Overdriven Guitar _ 1,Overdriven Guitar _ 1,85440,148
111.65022000000002,0.21195281249998743,62,97,OVERDRIVE,Overdriven Guitar _ 1,Overdriven Guitar _ 1,85440,156
111.65022000000002,0.21738749999998674,55,99,OVERDRIVE,Overdriven Guitar _ 1,Overdriven Guitar _ 1,85440,160
111.91108500000001,0.15217124999999498,59,97,OVERDRIVE,Overdriven Guitar _ 1,Overdriven Guitar _ 1,85632,112
111.91108500000001,0.16847531249999292,62,98,OVERDRIVE,Overdriven Guitar _ 1,Overdriven Guitar _ 1,85632,124
111.91108500000001,0.18477937500000507,67,98,OVERDRIVE,Overdriven Guitar _ 1,Overdriven Guitar _ 1,85632,136
112.17195000000001,0.16304062500000782,59,94,OVERDRIVE,Overdriven Guitar _ 1,Overdriven Guitar _ 1,85824,120
112.17195000000001,0.20108343750000301,62,98,OVERDRIVE,Overdriven Guitar _ 1,Overdriven Guitar _ 1,85824,148
111.91108500000001,0.4782524999999964,55,99,OVERDRIVE,Overdriven Guitar _ 1,Overdriven Guitar _ 1,85632,352
112.17195000000001,0.266299687500009,67,98,OVERDRIVE,Overdriven Guitar _ 1,Overdriven Guitar _ 1,85824,196
112.43281500000002,0.3206465624999879,62,99,OVERDRIVE,Overdriven Guitar _ 1,Overdriven Guitar _ 1,86016,236
112.43281500000002,0.3206465624999879,57,99,OVERDRIVE,Overdriven Guitar _ 1,Overdriven Guitar _ 1,86016,236
112.43281500000002,0.3260812499999872,66,96,OVERDRIVE,Overdriven Guitar _ 1,Overdriven Guitar _ 1,86016,240
112.43281500000002,0.33695062499998585,50,99,OVERDRIVE,Overdriven Guitar _ 1,Overdriven Guitar _ 1,86016,248
114.7806,0.17391000000000645,57,99,OVERDRIVE,Overdriven Guitar _ 1,Overdriven Guitar _ 1,87744,128
114.7806,0.1956487500000037,50,99,OVERDRIVE,Overdriven Guitar _ 1,Overdriven Guitar _ 1,87744,144
114.7806,0.21195281250000164,66,95,OVERDRIVE,Overdriven Guitar _ 1,Overdriven Guitar _ 1,87744,156
114.7806,0.21738750000000095,62,99,OVERDRIVE,Overdriven Guitar _ 1,Overdriven Guitar _ 1,87744,160
115.04146500000002,0.1630406249999936,57,98,OVERDRIVE,Overdriven Guitar _ 1,Overdriven Guitar _ 1,87936,120
115.04146500000002,0.16847531249999292,50,99,OVERDRIVE,Overdriven Guitar _ 1,Overdriven Guitar _ 1,87936,124
115.04146500000002,0.19021406249999018,66,97,OVERDRIVE,Overdriven Guitar _ 1,Overdriven Guitar _ 1,87936,140
115.04146500000002,0.2010834374999888,62,99,OVERDRIVE,Overdriven Guitar _ 1,Overdriven Guitar _ 1,87936,148
115.30233000000001,0.1576059374999943,57,97,OVERDRIVE,Overdriven Guitar _ 1,Overdriven Guitar _ 1,88128,116
115.30233000000001,0.1902140625000044,62,97,OVERDRIVE,Overdriven Guitar _ 1,Overdriven Guitar _ 1,88128,140
115.30233000000001,0.2336915624999989,66,95,OVERDRIVE,Overdriven Guitar _ 1,Overdriven Guitar _ 1,88128,172
115.30233000000001,0.24456093749999752,50,93,OVERDRIVE,Overdriven Guitar _ 1,Overdriven Guitar _ 1,88128,180
115.56319500000001,0.20108343750000301,62,99,OVERDRIVE,Overdriven Guitar _ 1,Overdriven Guitar _ 1,88320,148
115.56319500000001,0.20651812500000233,55,99,OVERDRIVE,Overdriven Guitar _ 1,Overdriven Guitar _ 1,88320,152
115.56319500000001,0.21195281250000164,67,98,OVERDRIVE,Overdriven Guitar _ 1,Overdriven Guitar _ 1,88320,156
115.56319500000001,0.22282218750000027,59,99,OVERDRIVE,Overdriven Guitar _ 1,Overdriven Guitar _ 1,88320,164
115.82406000000002,0.1956487499999895,59,92,OVERDRIVE,Overdriven Guitar _ 1,Overdriven Guitar _ 1,88512,144
115.82406000000002,0.2010834374999888,67,96,OVERDRIVE,Overdriven Guitar _ 1,Overdriven Guitar _ 1,88512,148
115.82406000000002,0.21195281250000164,62,97,OVERDRIVE,Overdriven Guitar _ 1,Overdriven Guitar _ 1,88512,156
115.82406000000002,0.21738750000000095,55,99,OVERDRIVE,Overdriven Guitar _ 1,Overdriven Guitar _ 1,88512,160
116.08492500000001,0.15217124999999498,59,97,OVERDRIVE,Overdriven Guitar _ 1,Overdriven Guitar _ 1,88704,112
116.08492500000001,0.16847531249999292,62,98,OVERDRIVE,Overdriven Guitar _ 1,Overdriven Guitar _ 1,88704,124
116.08492500000001,0.18477937500000507,67,98,OVERDRIVE,Overdriven Guitar _ 1,Overdriven Guitar _ 1,88704,136
116.34579000000001,0.16304062500000782,59,94,OVERDRIVE,Overdriven Guitar _ 1,Overdriven Guitar _ 1,88896,120
116.34579000000001,0.20108343750000301,62,98,OVERDRIVE,Overdriven Guitar _ 1,Overdriven Guitar _ 1,88896,148
116.08492500000001,0.4782524999999964,55,99,OVERDRIVE,Overdriven Guitar _ 1,Overdriven Guitar _ 1,88704,352
116.34579000000001,0.266299687500009,67,98,OVERDRIVE,Overdriven Guitar _ 1,Overdriven Guitar _ 1,88896,196
116.60665500000002,0.3206465624999879,62,99,OVERDRIVE,Overdriven Guitar _ 1,Overdriven Guitar _ 1,89088,236
116.60665500000002,0.3206465624999879,57,99,OVERDRIVE,Overdriven Guitar _ 1,Overdriven Guitar _ 1,89088,236
116.60665500000002,0.32608125000000143,66,96,OVERDRIVE,Overdriven Guitar _ 1,Overdriven Guitar _ 1,89088,240
116.60665500000002,0.33695062500000006,50,99,OVERDRIVE,Overdriven Guitar _ 1,Overdriven Guitar _ 1,89088,248
118.95444000000002,0.17390999999999224,57,99,OVERDRIVE,Overdriven Guitar _ 1,Overdriven Guitar _ 1,90816,128
118.95444000000002,0.1956487499999895,50,99,OVERDRIVE,Overdriven Guitar _ 1,Overdriven Guitar _ 1,90816,144
118.95444000000002,0.21195281249998743,66,95,OVERDRIVE,Overdriven Guitar _ 1,Overdriven Guitar _ 1,90816,156
118.95444000000002,0.21738749999998674,62,99,OVERDRIVE,Overdriven Guitar _ 1,Overdriven Guitar _ 1,90816,160
119.21530500000001,0.1630406249999936,57,98,OVERDRIVE,Overdriven Guitar _ 1,Overdriven Guitar _ 1,91008,120
119.21530500000001,0.16847531249999292,50,99,OVERDRIVE,Overdriven Guitar _ 1,Overdriven Guitar _ 1,91008,124
119.21530500000001,0.1902140625000044,66,97,OVERDRIVE,Overdriven Guitar _ 1,Overdriven Guitar _ 1,91008,140
119.21530500000001,0.20108343750000301,62,99,OVERDRIVE,Overdriven Guitar _ 1,Overdriven Guitar _ 1,91008,148
119.47617000000001,0.1576059375000085,57,97,OVERDRIVE,Overdriven Guitar _ 1,Overdriven Guitar _ 1,91200,116
119.47617000000001,0.1902140625000044,62,97,OVERDRIVE,Overdriven Guitar _ 1,Overdriven Guitar _ 1,91200,140
119.47617000000001,0.2336915624999989,66,95,OVERDRIVE,Overdriven Guitar _ 1,Overdriven Guitar _ 1,91200,172
119.47617000000001,0.24456093749999752,50,93,OVERDRIVE,Overdriven Guitar _ 1,Overdriven Guitar _ 1,91200,180
119.737035,0.20108343750000301,62,99,OVERDRIVE,Overdriven Guitar _ 1,Overdriven Guitar _ 1,91392,148
119.737035,0.20651812500000233,55,99,OVERDRIVE,Overdriven Guitar _ 1,Overdriven Guitar _ 1,91392,152
119.737035,0.21195281250000164,67,98,OVERDRIVE,Overdriven Guitar _ 1,Overdriven Guitar _ 1,91392,156
119.737035,0.22282218750000027,59,99,OVERDRIVE,Overdriven Guitar _ 1,Overdriven Guitar _ 1,91392,164
119.99790000000002,0.1956487500000037,59,92,OVERDRIVE,Overdriven Guitar _ 1,Overdriven Guitar _ 1,91584,144
119.99790000000002,0.20108343750000301,67,96,OVERDRIVE,Overdriven Guitar _ 1,Overdriven Guitar _ 1,91584,148
119.99790000000002,0.21195281250000164,62,97,OVERDRIVE,Overdriven Guitar _ 1,Overdriven Guitar _ 1,91584,156
119.99790000000002,0.21738750000000095,55,99,OVERDRIVE,Overdriven Guitar _ 1,Overdriven Guitar _ 1,91584,160
120.25876500000001,0.15217124999999498,59,97,OVERDRIVE,Overdriven Guitar _ 1,Overdriven Guitar _ 1,91776,112
120.25876500000001,0.16847531250000713,62,98,OVERDRIVE,Overdriven Guitar _ 1,Overdriven Guitar _ 1,91776,124
120.25876500000001,0.18477937500000507,67,98,OVERDRIVE,Overdriven Guitar _ 1,Overdriven Guitar _ 1,91776,136
120.51963,0.16304062500000782,59,94,OVERDRIVE,Overdriven Guitar _ 1,Overdriven Guitar _ 1,91968,120
120.51963,0.20108343750000301,62,98,OVERDRIVE,Overdriven Guitar _ 1,Overdriven Guitar _ 1,91968,148
120.25876500000001,0.4782524999999964,55,99,OVERDRIVE,Overdriven Guitar _ 1,Overdriven Guitar _ 1,91776,352
120.51963,0.266299687500009,67,98,OVERDRIVE,Overdriven Guitar _ 1,Overdriven Guitar _ 1,91968,196
120.78049500000002,0.3206465625000021,62,99,OVERDRIVE,Overdriven Guitar _ 1,Overdriven Guitar _ 1,92160,236
120.78049500000002,0.3206465625000021,57,99,OVERDRIVE,Overdriven Guitar _ 1,Overdriven Guitar _ 1,92160,236
120.78049500000002,0.32608125000000143,66,96,OVERDRIVE,Overdriven Guitar _ 1,Overdriven Guitar _ 1,92160,240
120.78049500000002,0.33695062500000006,50,99,OVERDRIVE,Overdriven Guitar _ 1,Overdriven Guitar _ 1,92160,248
123.12828000000002,0.21738750000000095,67,94,OVERDRIVE,Overdriven Guitar _ 1,Overdriven Guitar _ 1,93888,160
123.12828000000002,0.22282218750000027,55,99,OVERDRIVE,Overdriven Guitar _ 1,Overdriven Guitar _ 1,93888,164
123.12828000000002,0.2336915624999989,62,97,OVERDRIVE,Overdriven Guitar _ 1,Overdriven Guitar _ 1,93888,172
123.38914500000001,0.1956487499999895,62,97,OVERDRIVE,Overdriven Guitar _ 1,Overdriven Guitar _ 1,94080,144
123.38914500000001,0.1956487499999895,55,98,OVERDRIVE,Overdriven Guitar _ 1,Overdriven Guitar _ 1,94080,144
123.38914500000001,0.20108343750000301,67,95,OVERDRIVE,Overdriven Guitar _ 1,Overdriven Guitar _ 1,94080,148
123.65001000000002,0.22282218749998606,62,89,OVERDRIVE,Overdriven Guitar _ 1,Overdriven Guitar _ 1,94272,164
123.65001000000002,0.22282218749998606,55,97,OVERDRIVE,Overdriven Guitar _ 1,Overdriven Guitar _ 1,94272,164
123.65001000000002,0.26086499999999546,67,92,OVERDRIVE,Overdriven Guitar _ 1,Overdriven Guitar _ 1,94272,192
123.91087500000002,0.13043249999998352,67,99,OVERDRIVE,Overdriven Guitar _ 1,Overdriven Guitar _ 1,94464,96
123.91087500000002,0.18477937500000507,53,99,OVERDRIVE,Overdriven Guitar _ 1,Overdriven Guitar _ 1,94464,136
123.91087500000002,0.19021406249999018,65,99,OVERDRIVE,Overdriven Guitar _ 1,Overdriven Guitar _ 1,94464,140
123.91087500000002,0.21195281249998743,60,99,OVERDRIVE,Overdriven Guitar _ 1,Overdriven Guitar _ 1,94464,156
124.17174000000001,0.1521712500000092,67,99,OVERDRIVE,Overdriven Guitar _ 1,Overdriven Guitar _ 1,94656,112
124.17174000000001,0.1956487500000037,53,99,OVERDRIVE,Overdriven Guitar _ 1,Overdriven Guitar _ 1,94656,144
124.17174000000001,0.21195281249998743,60,99,OVERDRIVE,Overdriven Guitar _ 1,Overdriven Guitar _ 1,94656,156
124.17174000000001,0.21738750000000095,65,99,OVERDRIVE,Overdriven Guitar _ 1,Overdriven Guitar _ 1,94656,160
124.43260500000001,0.16304062500000782,53,99,OVERDRIVE,Overdriven Guitar _ 1,Overdriven Guitar _ 1,94848,120
124.43260500000001,0.17934468749999155,65,97,OVERDRIVE,Overdriven Guitar _ 1,Overdriven Guitar _ 1,94848,132
124.43260500000001,0.18477937500000507,60,96,OVERDRIVE,Overdriven Guitar _ 1,Overdriven Guitar _ 1,94848,136
124.43260500000001,0.20108343750001723,67,94,OVERDRIVE,Overdriven Guitar _ 1,Overdriven Guitar _ 1,94848,148
124.69347,0.18477937500000507,67,93,OVERDRIVE,Overdriven Guitar _ 1,Overdriven Guitar _ 1,95040,136
124.69347,0.1956487500000037,65,96,OVERDRIVE,Overdriven Guitar _ 1,Overdriven Guitar _ 1,95040,144
124.69347,0.22282218750001448,60,95,OVERDRIVE,Overdriven Guitar _ 1,Overdriven Guitar _ 1,95040,164
124.69347,0.24456093750001173,53,98,OVERDRIVE,Overdriven Guitar _ 1,Overdriven Guitar _ 1,95040,180
124.954335,0.28260375000002114,67,93,OVERDRIVE,Overdriven Guitar _ 1,Overdriven Guitar _ 1,95232,208
124.954335,0.29890781250000487,62,98,OVERDRIVE,Overdriven Guitar _ 1,Overdriven Guitar _ 1,95232,220
124.954335,0.32608125000001564,55,99,OVERDRIVE,Overdriven Guitar _ 1,Overdriven Guitar _ 1,95232,240
127.30212000000002,0.20651812500000233,57,96,OVERDRIVE,Overdriven Guitar _ 1,Overdriven Guitar _ 1,96960,152
127.30212000000002,0.21195281249998743,50,96,OVERDRIVE,Overdriven Guitar _ 1,Overdriven Guitar _ 1,96960,156
127.30212000000002,0.22282218749998606,66,96,OVERDRIVE,Overdriven Guitar _ 1,Overdriven Guitar _ 1,96960,164
127.30212000000002,0.23369156249998468,62,96,OVERDRIVE,Overdriven Guitar _ 1,Overdriven Guitar _ 1,96960,172
127.56298500000001,0.1521712500000092,50,96,OVERDRIVE,Overdriven Guitar _ 1,Overdriven Guitar _ 1,97152,112
127.56298500000001,0.16304062500000782,57,97,OVERDRIVE,Overdriven Guitar _ 1,Overdriven Guitar _ 1,97152,120
127.56298500000001,0.19021406249999018,66,94,OVERDRIVE,Overdriven Guitar _ 1,Overdriven Guitar _ 1,97152,140
127.56298500000001,0.20651812500000233,62,96,OVERDRIVE,Overdriven Guitar _ 1,Overdriven Guitar _ 1,97152,152
127.82385000000001,0.16847531249999292,57,94,OVERDRIVE,Overdriven Guitar _ 1,Overdriven Guitar _ 1,97344,124
127.82385000000001,0.21738750000000095,62,92,OVERDRIVE,Overdriven Guitar _ 1,Overdriven Guitar _ 1,97344,160
127.82385000000001,0.22282218750001448,66,93,OVERDRIVE,Overdriven Guitar _ 1,Overdriven Guitar _ 1,97344,164
127.82385000000001,0.2391262499999982,50,90,OVERDRIVE,Overdriven Guitar _ 1,Overdriven Guitar _ 1,97344,176
128.084715,0.20651812500000233,55,98,OVERDRIVE,Overdriven Guitar _ 1,Overdriven Guitar _ 1,97536,152
128.084715,0.21195281250001585,67,95,OVERDRIVE,Overdriven Guitar _ 1,Overdriven Guitar _ 1,97536,156
128.084715,0.21195281250001585,62,97,OVERDRIVE,Overdriven Guitar _ 1,Overdriven Guitar _ 1,97536,156
128.084715,0.21195281250001585,59,97,OVERDRIVE,Overdriven Guitar _ 1,Overdriven Guitar _ 1,97536,156
128.34558,0.2010834374999888,67,97,OVERDRIVE,Overdriven Guitar _ 1,Overdriven Guitar _ 1,97728,148
128.34558,0.2010834374999888,55,95,OVERDRIVE,Overdriven Guitar _ 1,Overdriven Guitar _ 1,97728,148
128.34558,0.22282218749998606,59,87,OVERDRIVE,Overdriven Guitar _ 1,Overdriven Guitar _ 1,97728,164
128.34558,0.23369156249998468,62,92,OVERDRIVE,Overdriven Guitar _ 1,Overdriven Guitar _ 1,97728,172
128.606445,0.1630406249999794,59,87,OVERDRIVE,Overdriven Guitar _ 1,Overdriven Guitar _ 1,97920,120
128.606445,0.17390999999997803,62,97,OVERDRIVE,Overdriven Guitar _ 1,Overdriven Guitar _ 1,97920,128
128.606445,0.18477937500000507,67,96,OVERDRIVE,Overdriven Guitar _ 1,Overdriven Guitar _ 1,97920,136
128.606445,0.18477937500000507,55,95,OVERDRIVE,Overdriven Guitar _ 1,Overdriven Guitar _ 1,97920,136
128.86731,0.17934468749999155,59,94,OVERDRIVE,Overdriven Guitar _ 1,Overdriven Guitar _ 1,98112,132
128.86731,0.22825687499999958,62,94,OVERDRIVE,Overdriven Guitar _ 1,Overdriven Guitar _ 1,98112,168
128.86731,0.266299687500009,55,97,OVERDRIVE,Overdriven Guitar _ 1,Overdriven Guitar _ 1,98112,196
128.86731,0.3206465625000021,67,98,OVERDRIVE,Overdriven Guitar _ 1,Overdriven Guitar _ 1,98112,236
129.128175,0.29890781250000487,57,99,OVERDRIVE,Overdriven Guitar _ 1,Overdriven Guitar _ 1,98304,220
129.128175,0.3478200000000129,66,97,OVERDRIVE,Overdriven Guitar _ 1,Overdriven Guitar _ 1,98304,256
129.128175,0.353254687499998,50,98,OVERDRIVE,Overdriven Guitar _ 1,Overdriven Guitar _ 1,98304,260
129.128175,0.40216687500000603,62,98,OVERDRIVE,Overdriven Guitar _ 1,Overdriven Guitar _ 1,98304,296
131.47596,0.18477937500000507,57,99,OVERDRIVE,Overdriven Guitar _ 1,Overdriven Guitar _ 1,100032,136
131.47596,0.1956487500000037,64,98,OVERDRIVE,Overdriven Guitar _ 1,Overdriven Guitar _ 1,100032,144
131.47596,0.21738750000000095,69,94,OVERDRIVE,Overdriven Guitar _ 1,Overdriven Guitar _ 1,100032,160
131.736825,0.19021406249999018,57,98,OVERDRIVE,Overdriven Guitar _ 1,Overdriven Guitar _ 1,100224,140
131.736825,0.19564874999997528,64,95,OVERDRIVE,Overdriven Guitar _ 1,Overdriven Guitar _ 1,100224,144
131.736825,0.2010834374999888,69,92,OVERDRIVE,Overdriven Guitar _ 1,Overdriven Guitar _ 1,100224,148
131.99769,0.19021406249999018,57,98,OVERDRIVE,Overdriven Guitar _ 1,Overdriven Guitar _ 1,100416,140
131.99769,0.21195281249998743,69,98,OVERDRIVE,Overdriven Guitar _ 1,Overdriven Guitar _ 1,100416,156
131.99769,0.21738750000000095,64,98,OVERDRIVE,Overdriven Guitar _ 1,Overdriven Guitar _ 1,100416,160
132.258555,0.13043250000001194,69,98,OVERDRIVE,Overdriven Guitar _ 1,Overdriven Guitar _ 1,100608,96
132.258555,0.14673656249999567,64,98,OVERDRIVE,Overdriven Guitar _ 1,Overdriven Guitar _ 1,100608,108
132.258555,0.14673656249999567,57,98,OVERDRIVE,Overdriven Guitar _ 1,Overdriven Guitar _ 1,100608,108
132.51942,0.13043250000001194,57,99,OVERDRIVE,Overdriven Guitar _ 1,Overdriven Guitar _ 1,100800,96
132.51942,0.17934468749999155,69,99,OVERDRIVE,Overdriven Guitar _ 1,Overdriven Guitar _ 1,100800,132
132.51942,0.19021406249999018,64,99,OVERDRIVE,Overdriven Guitar _ 1,Overdriven Guitar _ 1,100800,140
132.780285,0.16847531249999292,64,97,OVERDRIVE,Overdriven Guitar _ 1,Overdriven Guitar _ 1,100992,124
132.780285,0.18477937500000507,57,97,OVERDRIVE,Overdriven Guitar _ 1,Overdriven Guitar _ 1,100992,136
132.780285,0.1956487500000037,69,97,OVERDRIVE,Overdriven Guitar _ 1,Overdriven Guitar _ 1,100992,144
133.04115,0.21738750000000095,57,97,OVERDRIVE,Overdriven Guitar _ 1,Overdriven Guitar _ 1,101184,160
133.04115,0.22282218750001448,64,97,OVERDRIVE,Overdriven Guitar _ 1,Overdriven Guitar _ 1,101184,164
133.04115,0.25543031250001036,69,97,OVERDRIVE,Overdriven Guitar _ 1,Overdriven Guitar _ 1,101184,188
133.302015,0.2717343749999941,64,99,OVERDRIVE,Overdriven Guitar _ 1,Overdriven Guitar _ 1,101376,200
133.302015,0.2771690624999792,57,99,OVERDRIVE,Overdriven Guitar _ 1,Overdriven Guitar _ 1,101376,204
133.302015,0.30434249999998997,67,97,OVERDRIVE,Overdriven Guitar _ 1,Overdriven Guitar _ 1,101376,224
135.6498,0.17391000000000645,57,99,OVERDRIVE,Overdriven Guitar _ 1,Overdriven Guitar _ 1,103104,128
135.6498,0.1956487500000037,50,99,OVERDRIVE,Overdriven Guitar _ 1,Overdriven Guitar _ 1,103104,144
135.6498,0.21195281249998743,66,95,OVERDRIVE,Overdriven Guitar _ 1,Overdriven Guitar _ 1,103104,156
135.6498,0.21738750000000095,62,99,OVERDRIVE,Overdriven Guitar _ 1,Overdriven Guitar _ 1,103104,160
135.910665,0.16304062500000782,57,98,OVERDRIVE,Overdriven Guitar _ 1,Overdriven Guitar _ 1,103296,120
135.910665,0.16847531249999292,50,99,OVERDRIVE,Overdriven Guitar _ 1,Overdriven Guitar _ 1,103296,124
135.910665,0.1902140625000186,66,97,OVERDRIVE,Overdriven Guitar _ 1,Overdriven Guitar _ 1,103296,140
135.910665,0.20108343750001723,62,99,OVERDRIVE,Overdriven Guitar _ 1,Overdriven Guitar _ 1,103296,148
136.17153,0.15760593750002272,57,97,OVERDRIVE,Overdriven Guitar _ 1,Overdriven Guitar _ 1,103488,116
136.17153,0.1902140625000186,62,97,OVERDRIVE,Overdriven Guitar _ 1,Overdriven Guitar _ 1,103488,140
136.17153,0.2336915625000131,66,95,OVERDRIVE,Overdriven Guitar _ 1,Overdriven Guitar _ 1,103488,172
136.17153,0.24456093750001173,50,93,OVERDRIVE,Overdriven Guitar _ 1,Overdriven Guitar _ 1,103488,180
136.43239499999999,0.20108343750001723,62,99,OVERDRIVE,Overdriven Guitar _ 1,Overdriven Guitar _ 1,103680,148
136.43239499999999,0.20651812500000233,55,99,OVERDRIVE,Overdriven Guitar _ 1,Overdriven Guitar _ 1,103680,152
136.43239499999999,0.21195281250001585,67,98,OVERDRIVE,Overdriven Guitar _ 1,Overdriven Guitar _ 1,103680,156
136.43239499999999,0.22282218750001448,59,99,OVERDRIVE,Overdriven Guitar _ 1,Overdriven Guitar _ 1,103680,164
136.69326,0.1956487500000037,59,92,OVERDRIVE,Overdriven Guitar _ 1,Overdriven Guitar _ 1,103872,144
136.69326,0.2010834374999888,67,96,OVERDRIVE,Overdriven Guitar _ 1,Overdriven Guitar _ 1,103872,148
136.69326,0.21195281249998743,62,97,OVERDRIVE,Overdriven Guitar _ 1,Overdriven Guitar _ 1,103872,156
136.69326,0.21738750000000095,55,99,OVERDRIVE,Overdriven Guitar _ 1,Overdriven Guitar _ 1,103872,160
136.954125,0.15217124999998077,59,97,OVERDRIVE,Overdriven Guitar _ 1,Overdriven Guitar _ 1,104064,112
136.954125,0.16847531249999292,62,98,OVERDRIVE,Overdriven Guitar _ 1,Overdriven Guitar _ 1,104064,124
136.954125,0.18477937500000507,67,98,OVERDRIVE,Overdriven Guitar _ 1,Overdriven Guitar _ 1,104064,136
137.21499,0.16304062500000782,59,94,OVERDRIVE,Overdriven Guitar _ 1,Overdriven Guitar _ 1,104256,120
137.21499,0.2010834374999888,62,98,OVERDRIVE,Overdriven Guitar _ 1,Overdriven Guitar _ 1,104256,148
136.954125,0.4782524999999964,55,99,OVERDRIVE,Overdriven Guitar _ 1,Overdriven Guitar _ 1,104064,352
137.21499,0.266299687500009,67,98,OVERDRIVE,Overdriven Guitar _ 1,Overdriven Guitar _ 1,104256,196
137.475855,0.3206465625000021,62,99,OVERDRIVE,Overdriven Guitar _ 1,Overdriven Guitar _ 1,104448,236
137.475855,0.3206465625000021,57,99,OVERDRIVE,Overdriven Guitar _ 1,Overdriven Guitar _ 1,104448,236
137.475855,0.32608125000001564,66,96,OVERDRIVE,Overdriven Guitar _ 1,Overdriven Guitar _ 1,104448,240
137.475855,0.33695062500001427,50,99,OVERDRIVE,Overdriven Guitar _ 1,Overdriven Guitar _ 1,104448,248
139.562775,1.1141109375000156,57,83,OVERDRIVE,Overdriven Guitar _ 1,Overdriven Guitar _ 1,105984,820
140.606235,1.1304149999999993,43,90,OVERDRIVE,Overdriven Guitar _ 1,Overdriven Guitar _ 1,106752,832
141.649695,2.0217037500000004,57,93,OVERDRIVE,Overdriven Guitar _ 1,Overdriven Guitar _ 1,107520,1488
143.736615,1.1032415624999885,57,93,OVERDRIVE,Overdriven Guitar _ 1,Overdriven Guitar _ 1,109056,812
139.562775,6.25532531250002,50,85,OVERDRIVE,Overdriven Guitar _ 1,Overdriven Guitar _ 1,105984,4604
144.780075,1.0923721874999899,43,90,OVERDRIVE,Overdriven Guitar _ 1,Overdriven Guitar _ 1,109824,804
145.823535,0.05434687499999313,50,85,OVERDRIVE,Overdriven Guitar _ 1,Overdriven Guitar _ 1,110592,40
145.823535,2.0760506249999935,57,88,OVERDRIVE,Overdriven Guitar _ 1,Overdriven Guitar _ 1,110592,1528
147.910455,1.0434599999999818,43,88,OVERDRIVE,Overdriven Guitar _ 1,Overdriven Guitar _ 1,112128,768
148.953915,1.0162865624999995,48,90,OVERDRIVE,Overdriven Guitar _ 1,Overdriven Guitar _ 1,112896,748
148.953915,1.0706334374999926,41,90,OVERDRIVE,Overdriven Guitar _ 1,Overdriven Guitar _ 1,112896,788
149.997375,1.8532284375000074,50,88,OVERDRIVE,Overdriven Guitar _ 1,Overdriven Guitar _ 1,113664,1364
149.997375,1.902140624999987,43,90,OVERDRIVE,Overdriven Guitar _ 1,Overdriven Guitar _ 1,113664,1400
151.82343,0.22282218749998606,45,89,OVERDRIVE,Overdriven Guitar _ 1,Overdriven Guitar _ 1,115008,164
152.084295,0.05978156250000666,55,87,OVERDRIVE,Overdriven Guitar _ 1,Overdriven Guitar _ 1,115200,44
152.084295,0.14673656249999567,47,81,OVERDRIVE,Overdriven Guitar _ 1,Overdriven Guitar _ 1,115200,108
152.084295,0.9130274999999983,57,84,OVERDRIVE,Overdriven Guitar _ 1,Overdriven Guitar _ 1,115200,672
152.084295,1.0271559374999981,50,91,OVERDRIVE,Overdriven Guitar _ 1,Overdriven Guitar _ 1,115200,756
153.127755,0.11412843749999979,45,85,OVERDRIVE,Overdriven Guitar _ 1,Overdriven Guitar _ 1,115968,84
153.2581875,1.021721250000013,43,92,OVERDRIVE,Overdriven Guitar _ 1,Overdriven Guitar _ 1,116064,752
154.171215,2.081485312500007,50,89,OVERDRIVE,Overdriven Guitar _ 1,Overdriven Guitar _ 1,116736,1532
156.258135,1.6901878124999996,45,92,OVERDRIVE,Overdriven Guitar _ 1,Overdriven Guitar _ 1,118272,1244
157.9537575,0.07065093750000528,45,95,OVERDRIVE,Overdriven Guitar _ 1,Overdriven Guitar _ 1,119520,52
154.171215,3.9075403125000037,57,88,OVERDRIVE,Overdriven Guitar _ 1,Overdriven Guitar _ 1,116736,2876
158.08419,0.04347749999999451,57,92,OVERDRIVE,Overdriven Guitar _ 1,Overdriven Guitar _ 1,119616,32
158.2146225,0.038042812500009404,45,86,OVERDRIVE,Overdriven Guitar _ 1,Overdriven Guitar _ 1,119712,28
156.258135,2.1412668749999852,52,91,OVERDRIVE,Overdriven Guitar _ 1,Overdriven Guitar _ 1,118272,1576
158.60592,0.16847531249999292,54,95,OVERDRIVE,Overdriven Guitar _ 1,Overdriven Guitar _ 1,120000,124
158.60592,0.18477937500000507,57,98,OVERDRIVE,Overdriven Guitar _ 1,Overdriven Guitar _ 1,120000,136
158.60592,0.18477937500000507,50,95,OVERDRIVE,Overdriven Guitar _ 1,Overdriven Guitar _ 1,120000,136
158.7363525,0.07065093749997686,53,94,OVERDRIVE,Overdriven Guitar _ 1,Overdriven Guitar _ 1,120096,52
158.60592,0.2010834374999888,66,95,OVERDRIVE,Overdriven Guitar _ 1,Overdriven Guitar _ 1,120000,148
158.60592,0.21195281250001585,62,98,OVERDRIVE,Overdriven Guitar _ 1,Overdriven Guitar _ 1,120000,156
158.866785,0.1576059374999943,57,99,OVERDRIVE,Overdriven Guitar _ 1,Overdriven Guitar _ 1,120192,116
158.866785,0.16304062500000782,50,91,OVERDRIVE,Overdriven Guitar _ 1,Overdriven Guitar _ 1,120192,120
158.866785,0.18477937500000507,54,99,OVERDRIVE,Overdriven Guitar _ 1,Overdriven Guitar _ 1,120192,136
158.866785,0.1902140625000186,66,99,OVERDRIVE,Overdriven Guitar _ 1,Overdriven Guitar _ 1,120192,140
158.866785,0.1902140625000186,62,99,OVERDRIVE,Overdriven Guitar _ 1,Overdriven Guitar _ 1,120192,140
159.12765,0.1521712500000092,57,98,OVERDRIVE,Overdriven Guitar _ 1,Overdriven Guitar _ 1,120384,112
159.12765,0.1902140625000186,62,96,OVERDRIVE,Overdriven Guitar _ 1,Overdriven Guitar _ 1,120384,140
159.12765,0.20108343750001723,50,93,OVERDRIVE,Overdriven Guitar _ 1,Overdriven Guitar _ 1,120384,148
159.12765,0.22282218750001448,66,95,OVERDRIVE,Overdriven Guitar _ 1,Overdriven Guitar _ 1,120384,164
159.12765,0.22282218750001448,54,94,OVERDRIVE,Overdriven Guitar _ 1,Overdriven Guitar _ 1,120384,164
159.388515,0.01630406249998373,66,89,OVERDRIVE,Overdriven Guitar _ 1,Overdriven Guitar _ 1,120576,12
159.388515,0.17390999999997803,59,99,OVERDRIVE,Overdriven Guitar _ 1,Overdriven Guitar _ 1,120576,128
159.388515,0.19021406249999018,50,94,OVERDRIVE,Overdriven Guitar _ 1,Overdriven Guitar _ 1,120576,140
159.388515,0.19564874999997528,62,99,OVERDRIVE,Overdriven Guitar _ 1,Overdriven Guitar _ 1,120576,144
159.388515,0.19564874999997528,55,99,OVERDRIVE,Overdriven Guitar _ 1,Overdriven Guitar _ 1,120576,144
159.388515,0.2065181249999739,67,97,OVERDRIVE,Overdriven Guitar _ 1,Overdriven Guitar _ 1,120576,152
159.64938,0.021738749999997253,66,90,OVERDRIVE,Overdriven Guitar _ 1,Overdriven Guitar _ 1,120768,16
159.64938,0.1576059374999943,59,94,OVERDRIVE,Overdriven Guitar _ 1,Overdriven Guitar _ 1,120768,116
159.64938,0.16847531249999292,50,94,OVERDRIVE,Overdriven Guitar _ 1,Overdriven Guitar _ 1,120768,124
159.64938,0.17391000000000645,62,97,OVERDRIVE,Overdriven Guitar _ 1,Overdriven Guitar _ 1,120768,128
159.64938,0.17934468749999155,67,98,OVERDRIVE,Overdriven Guitar _ 1,Overdriven Guitar _ 1,120768,132
159.64938,0.18477937500000507,55,98,OVERDRIVE,Overdriven Guitar _ 1,Overdriven Guitar _ 1,120768,136
159.910245,0.021738749999997253,66,93,OVERDRIVE,Overdriven Guitar _ 1,Overdriven Guitar _ 1,120960,16
159.910245,0.13586718749999704,50,91,OVERDRIVE,Overdriven Guitar _ 1,Overdriven Guitar _ 1,120960,100
159.910245,0.16304062500000782,59,99,OVERDRIVE,Overdriven Guitar _ 1,Overdriven Guitar _ 1,120960,120
159.910245,0.17391000000000645,67,98,OVERDRIVE,Overdriven Guitar _ 1,Overdriven Guitar _ 1,120960,128
159.910245,0.17391000000000645,62,99,OVERDRIVE,Overdriven Guitar _ 1,Overdriven Guitar _ 1,120960,128
159.910245,0.17934468749999155,55,97,OVERDRIVE,Overdriven Guitar _ 1,Overdriven Guitar _ 1,120960,132
160.17111,0.13586718749999704,59,97,OVERDRIVE,Overdriven Guitar _ 1,Overdriven Guitar _ 1,121152,100
160.17111,0.17934468749999155,62,97,OVERDRIVE,Overdriven Guitar _ 1,Overdriven Guitar _ 1,121152,132
160.17111,0.17934468749999155,50,95,OVERDRIVE,Overdriven Guitar _ 1,Overdriven Guitar _ 1,121152,132
160.17111,0.21195281250001585,55,95,OVERDRIVE,Overdriven Guitar _ 1,Overdriven Guitar _ 1,121152,156
160.431975,0.038042812500009404,55,91,OVERDRIVE,Overdriven Guitar _ 1,Overdriven Guitar _ 1,121344,28
160.17111,0.3097771875000035,67,99,OVERDRIVE,Overdriven Guitar _ 1,Overdriven Guitar _ 1,121152,228
160.431975,0.26086499999999546,50,94,OVERDRIVE,Overdriven Guitar _ 1,Overdriven Guitar _ 1,121344,192
160.431975,0.266299687500009,54,99,OVERDRIVE,Overdriven Guitar _ 1,Overdriven Guitar _ 1,121344,196
160.431975,0.2771690625000076,66,99,OVERDRIVE,Overdriven Guitar _ 1,Overdriven Guitar _ 1,121344,204
160.431975,0.2771690625000076,62,99,OVERDRIVE,Overdriven Guitar _ 1,Overdriven Guitar _ 1,121344,204
160.431975,0.2771690625000076,57,99,OVERDRIVE,Overdriven Guitar _ 1,Overdriven Guitar _ 1,121344,204
14.608440000000002,0.15760593749999785,62,122,OVERDRIVE,Lead 2 (sawtooth) _ 1,Lead 2 (sawtooth) _ 1,14016,116
14.869305,0.13043249999999773,62,122,OVERDRIVE,Lead 2 (sawtooth) _ 1,Lead 2 (sawtooth) _ 1,14208,96
15.13017,0.2336915624999989,62,104,OVERDRIVE,Lead 2 (sawtooth) _ 1,Lead 2 (sawtooth) _ 1,14400,172
15.391034999999999,0.2554303124999997,65,122,OVERDRIVE,Lead 2 (sawtooth) _ 1,Lead 2 (sawtooth) _ 1,14592,188
15.651900000000001,0.1195631249999991,62,113,OVERDRIVE,Lead 2 (sawtooth) _ 1,Lead 2 (sawtooth) _ 1,14784,88
15.912765,0.22825687499999958,62,122,OVERDRIVE,Lead 2 (sawtooth) _ 1,Lead 2 (sawtooth) _ 1,14976,168
16.17363,0.10869375000000048,60,111,OVERDRIVE,Lead 2 (sawtooth) _ 1,Lead 2 (sawtooth) _ 1,15168,80
16.434495,0.6141196875000006,62,122,OVERDRIVE,Lead 2 (sawtooth) _ 1,Lead 2 (sawtooth) _ 1,15360,452
19.043145,0.1521712500000021,62,122,OVERDRIVE,Lead 2 (sawtooth) _ 1,Lead 2 (sawtooth) _ 1,17280,112
19.30401,0.19564875000000015,62,113,OVERDRIVE,Lead 2 (sawtooth) _ 1,Lead 2 (sawtooth) _ 1,17472,144
19.564875,0.2336915624999989,65,122,OVERDRIVE,Lead 2 (sawtooth) _ 1,Lead 2 (sawtooth) _ 1,17664,172
19.82574,0.14673656249999922,62,118,OVERDRIVE,Lead 2 (sawtooth) _ 1,Lead 2 (sawtooth) _ 1,17856,108
20.086605,0.14673656250000278,65,122,OVERDRIVE,Lead 2 (sawtooth) _ 1,Lead 2 (sawtooth) _ 1,18048,108
20.34747,0.2336915624999989,65,122,OVERDRIVE,Lead 2 (sawtooth) _ 1,Lead 2 (sawtooth) _ 1,18240,172
20.608335,0.5271646875000009,62,122,OVERDRIVE,Lead 2 (sawtooth) _ 1,Lead 2 (sawtooth) _ 1,18432,388
23.216985,0.17390999999999934,69,122,OVERDRIVE,Lead 2 (sawtooth) _ 1,Lead 2 (sawtooth) _ 1,20352,128
23.47785,0.21195281250000164,69,120,OVERDRIVE,Lead 2 (sawtooth) _ 1,Lead 2 (sawtooth) _ 1,20544,156
23.738715,0.23912625000000176,72,121,OVERDRIVE,Lead 2 (sawtooth) _ 1,Lead 2 (sawtooth) _ 1,20736,176
23.99958,0.13586718749999704,69,116,OVERDRIVE,Lead 2 (sawtooth) _ 1,Lead 2 (sawtooth) _ 1,20928,100
24.260445,0.19021406250000084,69,122,OVERDRIVE,Lead 2 (sawtooth) _ 1,Lead 2 (sawtooth) _ 1,21120,140
24.52131,0.10325906250000116,69,111,OVERDRIVE,Lead 2 (sawtooth) _ 1,Lead 2 (sawtooth) _ 1,21312,76
24.782175000000002,0.2391262499999982,69,122,OVERDRIVE,Lead 2 (sawtooth) _ 1,Lead 2 (sawtooth) _ 1,21504,176
25.04304,0.7173787499999982,67,122,OVERDRIVE,Lead 2 (sawtooth) _ 1,Lead 2 (sawtooth) _ 1,21696,528
27.390825,0.17390999999999934,62,122,OVERDRIVE,Lead 2 (sawtooth) _ 1,Lead 2 (sawtooth) _ 1,23424,128
27.651690000000002,0.17390999999999934,62,118,OVERDRIVE,Lead 2 (sawtooth) _ 1,Lead 2 (sawtooth) _ 1,23616,128
27.912554999999998,0.24999562500000394,65,122,OVERDRIVE,Lead 2 (sawtooth) _ 1,Lead 2 (sawtooth) _ 1,23808,184
28.17342,0.14130187500000346,62,122,OVERDRIVE,Lead 2 (sawtooth) _ 1,Lead 2 (sawtooth) _ 1,24000,104
28.434285000000003,0.12499781249999842,65,122,OVERDRIVE,Lead 2 (sawtooth) _ 1,Lead 2 (sawtooth) _ 1,24192,92
28.695149999999998,0.26086500000000257,65,122,OVERDRIVE,Lead 2 (sawtooth) _ 1,Lead 2 (sawtooth) _ 1,24384,192
28.956015,0.7119440625000024,62,122,OVERDRIVE,Lead 2 (sawtooth) _ 1,Lead 2 (sawtooth) _ 1,24576,524
31.303800000000003,0.1576059375000014,69,122,OVERDRIVE,Lead 2 (sawtooth) _ 1,Lead 2 (sawtooth) _ 1,26304,116
31.564664999999998,0.14130187500000346,69,122,OVERDRIVE,Lead 2 (sawtooth) _ 1,Lead 2 (sawtooth) _ 1,26496,104
31.82553,0.21738750000000095,69,108,OVERDRIVE,Lead 2 (sawtooth) _ 1,Lead 2 (sawtooth) _ 1,26688,160
32.086395,0.24999562499999683,72,120,OVERDRIVE,Lead 2 (sawtooth) _ 1,Lead 2 (sawtooth) _ 1,26880,184
32.34726,0.13043250000000484,69,93,OVERDRIVE,Lead 2 (sawtooth) _ 1,Lead 2 (sawtooth) _ 1,27072,96
32.608125,0.20651812500000233,69,122,OVERDRIVE,Lead 2 (sawtooth) _ 1,Lead 2 (sawtooth) _ 1,27264,152
32.868990000000004,0.16304062500000072,67,122,OVERDRIVE,Lead 2 (sawtooth) _ 1,Lead 2 (sawtooth) _ 1,27456,120
33.129855,0.2336915624999989,69,122,OVERDRIVE,Lead 2 (sawtooth) _ 1,Lead 2 (sawtooth) _ 1,27648,172
33.39072,0.7119440625000024,67,122,OVERDRIVE,Lead 2 (sawtooth) _ 1,Lead 2 (sawtooth) _ 1,27840,524
35.738505,0.13586718749999704,62,122,OVERDRIVE,Lead 2 (sawtooth) _ 1,Lead 2 (sawtooth) _ 1,29568,100
35.99937,0.20108343750000301,62,113,OVERDRIVE,Lead 2 (sawtooth) _ 1,Lead 2 (sawtooth) _ 1,29760,148
36.260235,0.22282218750000027,65,122,OVERDRIVE,Lead 2 (sawtooth) _ 1,Lead 2 (sawtooth) _ 1,29952,164
36.521100000000004,0.20651812499999522,62,118,OVERDRIVE,Lead 2 (sawtooth) _ 1,Lead 2 (sawtooth) _ 1,30144,152
36.781965,0.1576059375000014,65,122,OVERDRIVE,Lead 2 (sawtooth) _ 1,Lead 2 (sawtooth) _ 1,30336,116
37.04283,0.26086499999999546,65,122,OVERDRIVE,Lead 2 (sawtooth) _ 1,Lead 2 (sawtooth) _ 1,30528,192
37.303695,0.6630318750000015,62,111,OVERDRIVE,Lead 2 (sawtooth) _ 1,Lead 2 (sawtooth) _ 1,30720,488
39.65148,0.1521712500000021,62,122,OVERDRIVE,Lead 2 (sawtooth) _ 1,Lead 2 (sawtooth) _ 1,32448,112
39.912345,0.14130187499999636,62,122,OVERDRIVE,Lead 2 (sawtooth) _ 1,Lead 2 (sawtooth) _ 1,32640,104
40.173210000000005,0.13043249999999773,62,118,OVERDRIVE,Lead 2 (sawtooth) _ 1,Lead 2 (sawtooth) _ 1,32832,96
40.434075,0.36955875000000304,65,122,OVERDRIVE,Lead 2 (sawtooth) _ 1,Lead 2 (sawtooth) _ 1,33024,272
40.955805,0.3478200000000058,65,122,OVERDRIVE,Lead 2 (sawtooth) _ 1,Lead 2 (sawtooth) _ 1,33408,256
41.477535,0.7173787500000017,62,122,OVERDRIVE,Lead 2 (sawtooth) _ 1,Lead 2 (sawtooth) _ 1,33792,528
43.825320000000005,0.14130187499999636,62,120,OVERDRIVE,Lead 2 (sawtooth) _ 1,Lead 2 (sawtooth) _ 1,35520,104
44.086185,0.1195631249999991,62,121,OVERDRIVE,Lead 2 (sawtooth) _ 1,Lead 2 (sawtooth) _ 1,35712,88
44.34705,0.24456093749999752,62,108,OVERDRIVE,Lead 2 (sawtooth) _ 1,Lead 2 (sawtooth) _ 1,35904,180
44.607915,0.17934468750000576,65,108,OVERDRIVE,Lead 2 (sawtooth) _ 1,Lead 2 (sawtooth) _ 1,36096,132
44.86878,0.17390999999999934,62,102,OVERDRIVE,Lead 2 (sawtooth) _ 1,Lead 2 (sawtooth) _ 1,36288,128
45.129645000000004,0.22282218750000027,62,122,OVERDRIVE,Lead 2 (sawtooth) _ 1,Lead 2 (sawtooth) _ 1,36480,164
45.39051,0.11412843749999979,60,118,OVERDRIVE,Lead 2 (sawtooth) _ 1,Lead 2 (sawtooth) _ 1,36672,84
45.651375,0.6847706249999987,62,122,OVERDRIVE,Lead 2 (sawtooth) _ 1,Lead 2 (sawtooth) _ 1,36864,504
47.99916,0.16304062500000072,69,122,OVERDRIVE,Lead 2 (sawtooth) _ 1,Lead 2 (sawtooth) _ 1,38592,120
48.260025,0.13043250000000484,69,122,OVERDRIVE,Lead 2 (sawtooth) _ 1,Lead 2 (sawtooth) _ 1,38784,96
48.52089,0.13043249999999773,69,118,OVERDRIVE,Lead 2 (sawtooth) _ 1,Lead 2 (sawtooth) _ 1,38976,96
48.781755000000004,0.2771690625000005,72,120,OVERDRIVE,Lead 2 (sawtooth) _ 1,Lead 2 (sawtooth) _ 1,39168,204
49.04262,0.14673656250000278,69,120,OVERDRIVE,Lead 2 (sawtooth) _ 1,Lead 2 (sawtooth) _ 1,39360,108
49.303485,0.25543031250000325,69,122,OVERDRIVE,Lead 2 (sawtooth) _ 1,Lead 2 (sawtooth) _ 1,39552,188
49.564350000000005,0.09782437499999475,67,121,OVERDRIVE,Lead 2 (sawtooth) _ 1,Lead 2 (sawtooth) _ 1,39744,72
49.825215,0.2336915624999989,69,122,OVERDRIVE,Lead 2 (sawtooth) _ 1,Lead 2 (sawtooth) _ 1,39936,172
50.08608,0.7771603125000013,67,121,OVERDRIVE,Lead 2 (sawtooth) _ 1,Lead 2 (sawtooth) _ 1,40128,572
52.173,0.11412843749999979,62,116,OVERDRIVE,Lead 2 (sawtooth) _ 1,Lead 2 (sawtooth) _ 1,41664,84
52.433865000000004,0.10869375000000048,62,122,OVERDRIVE,Lead 2 (sawtooth) _ 1,Lead 2 (sawtooth) _ 1,41856,80
52.69473,0.10869375000000048,62,120,OVERDRIVE,Lead 2 (sawtooth) _ 1,Lead 2 (sawtooth) _ 1,42048,80
52.955595,0.2717343750000012,65,122,OVERDRIVE,Lead 2 (sawtooth) _ 1,Lead 2 (sawtooth) _ 1,42240,200
53.216460000000005,0.2010834374999959,62,122,OVERDRIVE,Lead 2 (sawtooth) _ 1,Lead 2 (sawtooth) _ 1,42432,148
53.477325,0.16304062500000072,65,122,OVERDRIVE,Lead 2 (sawtooth) _ 1,Lead 2 (sawtooth) _ 1,42624,120
53.73819,0.2391262499999982,65,118,OVERDRIVE,Lead 2 (sawtooth) _ 1,Lead 2 (sawtooth) _ 1,42816,176
53.999055000000006,0.673901249999993,62,122,OVERDRIVE,Lead 2 (sawtooth) _ 1,Lead 2 (sawtooth) _ 1,43008,496
56.34684,0.10325906250000116,69,113,OVERDRIVE,Lead 2 (sawtooth) _ 1,Lead 2 (sawtooth) _ 1,44736,76
56.607705,0.13043249999999773,69,122,OVERDRIVE,Lead 2 (sawtooth) _ 1,Lead 2 (sawtooth) _ 1,44928,96
56.868570000000005,0.25543031249999615,69,118,OVERDRIVE,Lead 2 (sawtooth) _ 1,Lead 2 (sawtooth) _ 1,45120,188
57.129435,0.21195281250000164,72,118,OVERDRIVE,Lead 2 (sawtooth) _ 1,Lead 2 (sawtooth) _ 1,45312,156
57.3903,0.1956487499999966,69,118,OVERDRIVE,Lead 2 (sawtooth) _ 1,Lead 2 (sawtooth) _ 1,45504,144
57.651165,0.13043250000000484,72,121,OVERDRIVE,Lead 2 (sawtooth) _ 1,Lead 2 (sawtooth) _ 1,45696,96
57.91203,0.26086500000000257,72,121,OVERDRIVE,Lead 2 (sawtooth) _ 1,Lead 2 (sawtooth) _ 1,45888,192
58.172895000000004,1.1793271875000002,69,113,OVERDRIVE,Lead 2 (sawtooth) _ 1,Lead 2 (sawtooth) _ 1,46080,868
60.781545,0.16304062500000782,62,122,OVERDRIVE,Lead 2 (sawtooth) _ 1,Lead 2 (sawtooth) _ 1,48000,120
61.04241,0.1956487500000037,62,121,OVERDRIVE,Lead 2 (sawtooth) _ 1,Lead 2 (sawtooth) _ 1,48192,144
61.303275000000006,0.26086499999999546,65,122,OVERDRIVE,Lead 2 (sawtooth) _ 1,Lead 2 (sawtooth) _ 1,48384,192
61.56414,0.22825687499999958,62,121,OVERDRIVE,Lead 2 (sawtooth) _ 1,Lead 2 (sawtooth) _ 1,48576,168
61.825005,0.16304062500000782,65,122,OVERDRIVE,Lead 2 (sawtooth) _ 1,Lead 2 (sawtooth) _ 1,48768,120
62.08587000000001,0.25543031249999615,65,118,OVERDRIVE,Lead 2 (sawtooth) _ 1,Lead 2 (sawtooth) _ 1,48960,188
62.346735,0.26086499999999546,62,122,OVERDRIVE,Lead 2 (sawtooth) _ 1,Lead 2 (sawtooth) _ 1,49152,192
64.955385,0.13586718749999704,74,122,OVERDRIVE,Lead 2 (sawtooth) _ 1,Lead 2 (sawtooth) _ 1,51072,100
65.21625000000002,0.1956487499999895,74,120,OVERDRIVE,Lead 2 (sawtooth) _ 1,Lead 2 (sawtooth) _ 1,51264,144
65.47711500000001,0.1576059374999943,78,122,OVERDRIVE,Lead 2 (sawtooth) _ 1,Lead 2 (sawtooth) _ 1,51456,116
65.73798000000001,0.17391000000000645,78,122,OVERDRIVE,Lead 2 (sawtooth) _ 1,Lead 2 (sawtooth) _ 1,51648,128
65.998845,0.20651812500000233,79,122,OVERDRIVE,Lead 2 (sawtooth) _ 1,Lead 2 (sawtooth) _ 1,51840,152
66.25971000000001,0.13043249999999773,78,122,OVERDRIVE,Lead 2 (sawtooth) _ 1,Lead 2 (sawtooth) _ 1,52032,96
66.52057500000001,0.09238968750000254,79,120,OVERDRIVE,Lead 2 (sawtooth) _ 1,Lead 2 (sawtooth) _ 1,52224,68
66.52057500000001,0.17934468750000576,81,90,OVERDRIVE,Lead 2 (sawtooth) _ 1,Lead 2 (sawtooth) _ 1,52224,132
66.78144,0.01630406250001215,76,68,OVERDRIVE,Lead 2 (sawtooth) _ 1,Lead 2 (sawtooth) _ 1,52416,12
66.78144,1.038025312500011,74,122,OVERDRIVE,Lead 2 (sawtooth) _ 1,Lead 2 (sawtooth) _ 1,52416,764
69.129225,0.14130187500001057,74,122,OVERDRIVE,Lead 2 (sawtooth) _ 1,Lead 2 (sawtooth) _ 1,54144,104
69.39009000000001,0.14673656249999567,74,122,OVERDRIVE,Lead 2 (sawtooth) _ 1,Lead 2 (sawtooth) _ 1,54336,108
69.65095500000001,0.13043249999999773,78,122,OVERDRIVE,Lead 2 (sawtooth) _ 1,Lead 2 (sawtooth) _ 1,54528,96
69.91182,0.16304062500000782,78,122,OVERDRIVE,Lead 2 (sawtooth) _ 1,Lead 2 (sawtooth) _ 1,54720,120
70.17268500000002,0.2010834374999888,79,122,OVERDRIVE,Lead 2 (sawtooth) _ 1,Lead 2 (sawtooth) _ 1,54912,148
70.43355000000001,0.10869375000000048,78,121,OVERDRIVE,Lead 2 (sawtooth) _ 1,Lead 2 (sawtooth) _ 1,55104,80
70.56398250000001,0.10325906250000116,79,116,OVERDRIVE,Lead 2 (sawtooth) _ 1,Lead 2 (sawtooth) _ 1,55200,76
70.694415,0.24999562499999683,81,111,OVERDRIVE,Lead 2 (sawtooth) _ 1,Lead 2 (sawtooth) _ 1,55296,184
70.95528000000002,1.0706334374999926,74,122,OVERDRIVE,Lead 2 (sawtooth) _ 1,Lead 2 (sawtooth) _ 1,55488,788
73.303065,0.14130187500001057,74,122,OVERDRIVE,Lead 2 (sawtooth) _ 1,Lead 2 (sawtooth) _ 1,57216,104
73.56393000000001,0.1576059374999943,74,122,OVERDRIVE,Lead 2 (sawtooth) _ 1,Lead 2 (sawtooth) _ 1,57408,116
73.82479500000001,0.14130187499999636,78,122,OVERDRIVE,Lead 2 (sawtooth) _ 1,Lead 2 (sawtooth) _ 1,57600,104
74.08566,0.18477937500000507,78,122,OVERDRIVE,Lead 2 (sawtooth) _ 1,Lead 2 (sawtooth) _ 1,57792,136
74.34652500000001,0.2717343749999941,79,122,OVERDRIVE,Lead 2 (sawtooth) _ 1,Lead 2 (sawtooth) _ 1,57984,200
74.60739000000001,0.13043249999999773,78,121,OVERDRIVE,Lead 2 (sawtooth) _ 1,Lead 2 (sawtooth) _ 1,58176,96
74.868255,0.17391000000000645,79,122,OVERDRIVE,Lead 2 (sawtooth) _ 1,Lead 2 (sawtooth) _ 1,58368,128
75.12912000000001,1.4347574999999892,79,122,OVERDRIVE,Lead 2 (sawtooth) _ 1,Lead 2 (sawtooth) _ 1,58560,1056
77.47690500000002,0.15217124999999498,74,122,OVERDRIVE,Lead 2 (sawtooth) _ 1,Lead 2 (sawtooth) _ 1,60288,112
77.73777000000001,0.20108343750000301,74,122,OVERDRIVE,Lead 2 (sawtooth) _ 1,Lead 2 (sawtooth) _ 1,60480,148
77.99863500000001,0.13586718749999704,78,121,OVERDRIVE,Lead 2 (sawtooth) _ 1,Lead 2 (sawtooth) _ 1,60672,100
78.25950000000002,0.17934468749999155,78,121,OVERDRIVE,Lead 2 (sawtooth) _ 1,Lead 2 (sawtooth) _ 1,60864,132
78.52036500000001,0.20651812500000233,79,122,OVERDRIVE,Lead 2 (sawtooth) _ 1,Lead 2 (sawtooth) _ 1,61056,152
78.78123000000001,0.13586718749999704,78,120,OVERDRIVE,Lead 2 (sawtooth) _ 1,Lead 2 (sawtooth) _ 1,61248,100
79.042095,0.2826037500000069,79,122,OVERDRIVE,Lead 2 (sawtooth) _ 1,Lead 2 (sawtooth) _ 1,61440,208
79.30296000000001,0.8804193750000024,74,121,OVERDRIVE,Lead 2 (sawtooth) _ 1,Lead 2 (sawtooth) _ 1,61632,648
81.38988,0.12499781249999842,81,122,OVERDRIVE,Lead 2 (sawtooth) _ 1,Lead 2 (sawtooth) _ 1,63168,92
81.65074500000001,0.14130187499999636,81,122,OVERDRIVE,Lead 2 (sawtooth) _ 1,Lead 2 (sawtooth) _ 1,63360,104
81.91161000000001,0.18477937500000507,81,122,OVERDRIVE,Lead 2 (sawtooth) _ 1,Lead 2 (sawtooth) _ 1,63552,136
82.172475,0.2391262499999982,84,122,OVERDRIVE,Lead 2 (sawtooth) _ 1,Lead 2 (sawtooth) _ 1,63744,176
82.43334000000002,0.1630406249999936,81,122,OVERDRIVE,Lead 2 (sawtooth) _ 1,Lead 2 (sawtooth) _ 1,63936,120
82.69420500000001,0.15217124999999498,84,122,OVERDRIVE,Lead 2 (sawtooth) _ 1,Lead 2 (sawtooth) _ 1,64128,112
82.95507,0.2717343750000083,84,122,OVERDRIVE,Lead 2 (sawtooth) _ 1,Lead 2 (sawtooth) _ 1,64320,200
83.21593500000002,1.3532371874999995,81,122,OVERDRIVE,Lead 2 (sawtooth) _ 1,Lead 2 (sawtooth) _ 1,64512,996
84.52026000000001,0.09238968750000254,79,118,OVERDRIVE,Lead 2 (sawtooth) _ 1,Lead 2 (sawtooth) _ 1,65472,68
84.6506925,0.13586718750001125,76,76,OVERDRIVE,Lead 2 (sawtooth) _ 1,Lead 2 (sawtooth) _ 1,65568,100
84.78112500000002,0.13043249999999773,75,122,OVERDRIVE,Lead 2 (sawtooth) _ 1,Lead 2 (sawtooth) _ 1,65664,96
84.91155750000001,0.08695499999998901,74,113,OVERDRIVE,Lead 2 (sawtooth) _ 1,Lead 2 (sawtooth) _ 1,65760,64
85.04199000000001,0.33695062500000006,72,85,OVERDRIVE,Lead 2 (sawtooth) _ 1,Lead 2 (sawtooth) _ 1,65856,248
85.30285500000001,0.1902140625000044,69,122,OVERDRIVE,Lead 2 (sawtooth) _ 1,Lead 2 (sawtooth) _ 1,66048,140
87.65064000000001,0.1195631249999991,62,122,OVERDRIVE,Lead 2 (sawtooth) _ 1,Lead 2 (sawtooth) _ 1,67776,88
87.911505,0.1195631249999991,62,121,OVERDRIVE,Lead 2 (sawtooth) _ 1,Lead 2 (sawtooth) _ 1,67968,88
88.17237000000002,0.24456093749999752,62,118,OVERDRIVE,Lead 2 (sawtooth) _ 1,Lead 2 (sawtooth) _ 1,68160,180
88.43323500000001,0.2391262499999982,65,116,OVERDRIVE,Lead 2 (sawtooth) _ 1,Lead 2 (sawtooth) _ 1,68352,176
88.6941,0.09238968750000254,62,121,OVERDRIVE,Lead 2 (sawtooth) _ 1,Lead 2 (sawtooth) _ 1,68544,68
88.95496500000002,0.2336915624999989,62,122,OVERDRIVE,Lead 2 (sawtooth) _ 1,Lead 2 (sawtooth) _ 1,68736,172
89.21583000000001,0.09782437500000185,60,113,OVERDRIVE,Lead 2 (sawtooth) _ 1,Lead 2 (sawtooth) _ 1,68928,72
89.476695,0.5489034375000017,62,122,OVERDRIVE,Lead 2 (sawtooth) _ 1,Lead 2 (sawtooth) _ 1,69120,404
92.08534500000002,0.13043249999999773,62,122,OVERDRIVE,Lead 2 (sawtooth) _ 1,Lead 2 (sawtooth) _ 1,71040,96
92.34621000000001,0.13043249999999773,62,122,OVERDRIVE,Lead 2 (sawtooth) _ 1,Lead 2 (sawtooth) _ 1,71232,96
92.60707500000001,0.28803843750000624,65,122,OVERDRIVE,Lead 2 (sawtooth) _ 1,Lead 2 (sawtooth) _ 1,71424,212
92.86794,0.10325906250000116,62,122,OVERDRIVE,Lead 2 (sawtooth) _ 1,Lead 2 (sawtooth) _ 1,71616,76
93.12880500000001,0.1195631249999991,65,122,OVERDRIVE,Lead 2 (sawtooth) _ 1,Lead 2 (sawtooth) _ 1,71808,88
93.38967000000001,0.21738750000000095,65,122,OVERDRIVE,Lead 2 (sawtooth) _ 1,Lead 2 (sawtooth) _ 1,72000,160
93.650535,0.48912187500000925,62,122,OVERDRIVE,Lead 2 (sawtooth) _ 1,Lead 2 (sawtooth) _ 1,72192,360
95.99832,0.10869375000000048,69,122,OVERDRIVE,Lead 2 (sawtooth) _ 1,Lead 2 (sawtooth) _ 1,73920,80
96.25918500000002,0.06521624999999176,69,77,OVERDRIVE,Lead 2 (sawtooth) _ 1,Lead 2 (sawtooth) _ 1,74112,48
96.52005000000001,0.14673656249999567,69,113,OVERDRIVE,Lead 2 (sawtooth) _ 1,Lead 2 (sawtooth) _ 1,74304,108
96.78091500000001,0.21738750000000095,72,122,OVERDRIVE,Lead 2 (sawtooth) _ 1,Lead 2 (sawtooth) _ 1,74496,160
97.04178000000002,0.09238968749998833,69,120,OVERDRIVE,Lead 2 (sawtooth) _ 1,Lead 2 (sawtooth) _ 1,74688,68
97.30264500000001,0.11412843749999979,69,122,OVERDRIVE,Lead 2 (sawtooth) _ 1,Lead 2 (sawtooth) _ 1,74880,84
97.56351000000001,0.08695500000000322,69,121,OVERDRIVE,Lead 2 (sawtooth) _ 1,Lead 2 (sawtooth) _ 1,75072,64
97.82437500000002,0.21195281249998743,69,122,OVERDRIVE,Lead 2 (sawtooth) _ 1,Lead 2 (sawtooth) _ 1,75264,156
98.08524000000001,0.5434687500000024,67,116,OVERDRIVE,Lead 2 (sawtooth) _ 1,Lead 2 (sawtooth) _ 1,75456,400
100.43302500000001,0.13586718749999704,62,122,OVERDRIVE,Lead 2 (sawtooth) _ 1,Lead 2 (sawtooth) _ 1,77184,100
100.69389000000001,0.1576059374999943,62,122,OVERDRIVE,Lead 2 (sawtooth) _ 1,Lead 2 (sawtooth) _ 1,77376,116
100.954755,0.12499781250001263,65,122,OVERDRIVE,Lead 2 (sawtooth) _ 1,Lead 2 (sawtooth) _ 1,77568,92
101.08518750000002,0.09238968749998833,66,97,OVERDRIVE,Lead 2 (sawtooth) _ 1,Lead 2 (sawtooth) _ 1,77664,68
101.21562000000002,0.1630406249999936,62,102,OVERDRIVE,Lead 2 (sawtooth) _ 1,Lead 2 (sawtooth) _ 1,77760,120
101.47648500000001,0.13586718749999704,65,122,OVERDRIVE,Lead 2 (sawtooth) _ 1,Lead 2 (sawtooth) _ 1,77952,100
101.73735,0.22825687499999958,65,122,OVERDRIVE,Lead 2 (sawtooth) _ 1,Lead 2 (sawtooth) _ 1,78144,168
101.99821500000002,0.5325993749999895,62,122,OVERDRIVE,Lead 2 (sawtooth) _ 1,Lead 2 (sawtooth) _ 1,78336,392
104.34600000000002,0.021738749999997253,67,95,OVERDRIVE,Lead 2 (sawtooth) _ 1,Lead 2 (sawtooth) _ 1,80064,16
104.34600000000002,0.06521624999999176,68,122,OVERDRIVE,Lead 2 (sawtooth) _ 1,Lead 2 (sawtooth) _ 1,80064,48
104.34600000000002,0.3097771874999893,69,118,OVERDRIVE,Lead 2 (sawtooth) _ 1,Lead 2 (sawtooth) _ 1,80064,228
104.60686500000001,0.11412843749999979,72,122,OVERDRIVE,Lead 2 (sawtooth) _ 1,Lead 2 (sawtooth) _ 1,80256,84
104.86773000000001,0.20108343750000301,69,31,OVERDRIVE,Lead 2 (sawtooth) _ 1,Lead 2 (sawtooth) _ 1,80448,148
105.12859500000002,0.25543031249999615,72,122,OVERDRIVE,Lead 2 (sawtooth) _ 1,Lead 2 (sawtooth) _ 1,80640,188
105.38946000000001,0.10325906250000116,69,108,OVERDRIVE,Lead 2 (sawtooth) _ 1,Lead 2 (sawtooth) _ 1,80832,76
105.65032500000001,0.13586718749999704,72,122,OVERDRIVE,Lead 2 (sawtooth) _ 1,Lead 2 (sawtooth) _ 1,81024,100
105.91119,0.24999562500001105,72,122,OVERDRIVE,Lead 2 (sawtooth) _ 1,Lead 2 (sawtooth) _ 1,81216,184
106.17205500000001,0.907592812499999,69,122,OVERDRIVE,Lead 2 (sawtooth) _ 1,Lead 2 (sawtooth) _ 1,81408,668
108.51984000000002,0.11412843749999979,62,120,OVERDRIVE,Lead 2 (sawtooth) _ 1,Lead 2 (sawtooth) _ 1,83136,84
108.78070500000001,0.09238968750000254,62,122,OVERDRIVE,Lead 2 (sawtooth) _ 1,Lead 2 (sawtooth) _ 1,83328,68
109.04157000000001,0.13586718750001125,62,121,OVERDRIVE,Lead 2 (sawtooth) _ 1,Lead 2 (sawtooth) _ 1,83520,100
109.30243500000002,0.2391262499999982,65,122,OVERDRIVE,Lead 2 (sawtooth) _ 1,Lead 2 (sawtooth) _ 1,83712,176
109.56330000000001,0.10325906250000116,62,121,OVERDRIVE,Lead 2 (sawtooth) _ 1,Lead 2 (sawtooth) _ 1,83904,76
109.82416500000001,0.14673656250000988,65,122,OVERDRIVE,Lead 2 (sawtooth) _ 1,Lead 2 (sawtooth) _ 1,84096,108
110.08503000000002,0.21195281250000164,65,122,OVERDRIVE,Lead 2 (sawtooth) _ 1,Lead 2 (sawtooth) _ 1,84288,156
110.34589500000001,0.6358584375000049,62,122,OVERDRIVE,Lead 2 (sawtooth) _ 1,Lead 2 (sawtooth) _ 1,84480,468
137.997585,0.13586718750002547,74,122,OVERDRIVE,Lead 2 (sawtooth) _ 1,Lead 2 (sawtooth) _ 1,104832,100
138.25845,0.19564874999997528,74,120,OVERDRIVE,Lead 2 (sawtooth) _ 1,Lead 2 (sawtooth) _ 1,105024,144
138.519315,0.1576059374999943,78,122,OVERDRIVE,Lead 2 (sawtooth) _ 1,Lead 2 (sawtooth) _ 1,105216,116
138.78018,0.17391000000000645,78,122,OVERDRIVE,Lead 2 (sawtooth) _ 1,Lead 2 (sawtooth) _ 1,105408,128
139.041045,0.20651812500000233,79,122,OVERDRIVE,Lead 2 (sawtooth) _ 1,Lead 2 (sawtooth) _ 1,105600,152
139.30191,0.13043250000001194,78,122,OVERDRIVE,Lead 2 (sawtooth) _ 1,Lead 2 (sawtooth) _ 1,105792,96
139.562775,0.09238968750000254,79,120,OVERDRIVE,Lead 2 (sawtooth) _ 1,Lead 2 (sawtooth) _ 1,105984,68
139.562775,0.17934468750001997,81,90,OVERDRIVE,Lead 2 (sawtooth) _ 1,Lead 2 (sawtooth) _ 1,105984,132
139.82364,0.01630406249998373,76,68,OVERDRIVE,Lead 2 (sawtooth) _ 1,Lead 2 (sawtooth) _ 1,106176,12
139.82364,1.0380253124999967,74,122,OVERDRIVE,Lead 2 (sawtooth) _ 1,Lead 2 (sawtooth) _ 1,106176,764
142.171425,0.14130187500001057,74,122,OVERDRIVE,Lead 2 (sawtooth) _ 1,Lead 2 (sawtooth) _ 1,107904,104
142.43229,0.14673656249999567,74,122,OVERDRIVE,Lead 2 (sawtooth) _ 1,Lead 2 (sawtooth) _ 1,108096,108
142.693155,0.13043250000001194,78,122,OVERDRIVE,Lead 2 (sawtooth) _ 1,Lead 2 (sawtooth) _ 1,108288,96
142.95401999999999,0.16304062500000782,78,122,OVERDRIVE,Lead 2 (sawtooth) _ 1,Lead 2 (sawtooth) _ 1,108480,120
143.214885,0.2010834374999888,79,122,OVERDRIVE,Lead 2 (sawtooth) _ 1,Lead 2 (sawtooth) _ 1,108672,148
143.47575,0.10869374999998627,78,121,OVERDRIVE,Lead 2 (sawtooth) _ 1,Lead 2 (sawtooth) _ 1,108864,80
143.6061825,0.10325906250000116,79,116,OVERDRIVE,Lead 2 (sawtooth) _ 1,Lead 2 (sawtooth) _ 1,108960,76
143.6061825,0.24999562500002526,81,111,OVERDRIVE,Lead 2 (sawtooth) _ 1,Lead 2 (sawtooth) _ 1,108960,184
143.99748,1.0706334374999926,74,122,OVERDRIVE,Lead 2 (sawtooth) _ 1,Lead 2 (sawtooth) _ 1,109248,788
146.345265,0.14130187499998215,74,122,OVERDRIVE,Lead 2 (sawtooth) _ 1,Lead 2 (sawtooth) _ 1,110976,104
146.60613,0.1576059374999943,74,122,OVERDRIVE,Lead 2 (sawtooth) _ 1,Lead 2 (sawtooth) _ 1,111168,116
146.866995,0.14130187500001057,78,122,OVERDRIVE,Lead 2 (sawtooth) _ 1,Lead 2 (sawtooth) _ 1,111360,104
147.12786,0.18477937500000507,78,122,OVERDRIVE,Lead 2 (sawtooth) _ 1,Lead 2 (sawtooth) _ 1,111552,136
147.388725,0.2717343749999941,79,122,OVERDRIVE,Lead 2 (sawtooth) _ 1,Lead 2 (sawtooth) _ 1,111744,200
147.64959,0.13043250000001194,78,121,OVERDRIVE,Lead 2 (sawtooth) _ 1,Lead 2 (sawtooth) _ 1,111936,96
147.910455,0.17390999999997803,79,122,OVERDRIVE,Lead 2 (sawtooth) _ 1,Lead 2 (sawtooth) _ 1,112128,128
148.17132,1.4347574999999892,79,122,OVERDRIVE,Lead 2 (sawtooth) _ 1,Lead 2 (sawtooth) _ 1,112320,1056
150.519105,0.1521712500000092,74,122,OVERDRIVE,Lead 2 (sawtooth) _ 1,Lead 2 (sawtooth) _ 1,114048,112
150.77997,0.20108343750001723,74,122,OVERDRIVE,Lead 2 (sawtooth) _ 1,Lead 2 (sawtooth) _ 1,114240,148
151.040835,0.13586718750002547,78,121,OVERDRIVE,Lead 2 (sawtooth) _ 1,Lead 2 (sawtooth) _ 1,114432,100
151.3017,0.17934468749999155,78,121,OVERDRIVE,Lead 2 (sawtooth) _ 1,Lead 2 (sawtooth) _ 1,114624,132
151.562565,0.20651812500000233,79,122,OVERDRIVE,Lead 2 (sawtooth) _ 1,Lead 2 (sawtooth) _ 1,114816,152
151.82343,0.13586718749999704,78,120,OVERDRIVE,Lead 2 (sawtooth) _ 1,Lead 2 (sawtooth) _ 1,115008,100
152.084295,0.2826037499999927,79,122,OVERDRIVE,Lead 2 (sawtooth) _ 1,Lead 2 (sawtooth) _ 1,115200,208
152.34516,0.8804193750000024,74,121,OVERDRIVE,Lead 2 (sawtooth) _ 1,Lead 2 (sawtooth) _ 1,115392,648
154.43208,0.12499781249999842,81,122,OVERDRIVE,Lead 2 (sawtooth) _ 1,Lead 2 (sawtooth) _ 1,116928,92
154.692945,0.14130187499998215,81,122,OVERDRIVE,Lead 2 (sawtooth) _ 1,Lead 2 (sawtooth) _ 1,117120,104
154.95381,0.18477937500000507,81,122,OVERDRIVE,Lead 2 (sawtooth) _ 1,Lead 2 (sawtooth) _ 1,117312,136
155.214675,0.2391262499999982,84,122,OVERDRIVE,Lead 2 (sawtooth) _ 1,Lead 2 (sawtooth) _ 1,117504,176
155.47554,0.16304062500000782,81,122,OVERDRIVE,Lead 2 (sawtooth) _ 1,Lead 2 (sawtooth) _ 1,117696,120
155.736405,0.1521712500000092,84,122,OVERDRIVE,Lead 2 (sawtooth) _ 1,Lead 2 (sawtooth) _ 1,117888,112
155.99727,0.2717343750000225,84,122,OVERDRIVE,Lead 2 (sawtooth) _ 1,Lead 2 (sawtooth) _ 1,118080,200
156.258135,1.3532371874999853,81,122,OVERDRIVE,Lead 2 (sawtooth) _ 1,Lead 2 (sawtooth) _ 1,118272,996
157.56246,0.09238968750000254,79,118,OVERDRIVE,Lead 2 (sawtooth) _ 1,Lead 2 (sawtooth) _ 1,119232,68
157.6928925,0.13586718749999704,76,76,OVERDRIVE,Lead 2 (sawtooth) _ 1,Lead 2 (sawtooth) _ 1,119328,100
157.823325,0.13043249999998352,75,122,OVERDRIVE,Lead 2 (sawtooth) _ 1,Lead 2 (sawtooth) _ 1,119424,96
157.9537575,0.08695500000001744,74,113,OVERDRIVE,Lead 2 (sawtooth) _ 1,Lead 2 (sawtooth) _ 1,119520,64
158.345055,0.19021406249999018,69,122,OVERDRIVE,Lead 2 (sawtooth) _ 1,Lead 2 (sawtooth) _ 1,119808,140
158.60592,0.1956487500000037,62,122,OVERDRIVE,Lead 2 (sawtooth) _ 1,Lead 2 (sawtooth) _ 1,120000,144
158.866785,0.16304062500000782,62,122,OVERDRIVE,Lead 2 (sawtooth) _ 1,Lead 2 (sawtooth) _ 1,120192,120
159.12765,0.2608650000000239,62,122,OVERDRIVE,Lead 2 (sawtooth) _ 1,Lead 2 (sawtooth) _ 1,120384,192
159.388515,0.22282218749998606,65,122,OVERDRIVE,Lead 2 (sawtooth) _ 1,Lead 2 (sawtooth) _ 1,120576,164
159.64938,0.22282218749998606,62,122,OVERDRIVE,Lead 2 (sawtooth) _ 1,Lead 2 (sawtooth) _ 1,120768,164
159.910245,0.17391000000000645,65,122,OVERDRIVE,Lead 2 (sawtooth) _ 1,Lead 2 (sawtooth) _ 1,120960,128
160.17111,0.22825687499999958,65,122,OVERDRIVE,Lead 2 (sawtooth) _ 1,Lead 2 (sawtooth) _ 1,121152,168
160.431975,0.3097771875000035,62,122,OVERDRIVE,Lead 2 (sawtooth) _ 1,Lead 2 (sawtooth) _ 1,121344,228
66.78144,0.33695062500000006,45,92,CLEAN GTR,Electric Guitar (clean) _ 1,Electric Guitar (clean) _ 1,52416,248
66.78144,0.3804281250000088,50,106,CLEAN GTR,Electric Guitar (clean) _ 1,Electric Guitar (clean) _ 1,52416,280
66.78144,0.3912975000000074,54,108,CLEAN GTR,Electric Guitar (clean) _ 1,Electric Guitar (clean) _ 1,52416,288
67.30317000000001,0.22282218750000027,54,110,CLEAN GTR,Electric Guitar (clean) _ 1,Electric Guitar (clean) _ 1,52800,164
67.30317000000001,0.22825687499999958,50,94,CLEAN GTR,Electric Guitar (clean) _ 1,Electric Guitar (clean) _ 1,52800,168
67.30317000000001,0.22825687499999958,45,85,CLEAN GTR,Electric Guitar (clean) _ 1,Electric Guitar (clean) _ 1,52800,168
67.17273750000001,0.40760156250000534,38,88,CLEAN GTR,Electric Guitar (clean) _ 1,Electric Guitar (clean) _ 1,52704,300
67.564035,0.5597728125000003,31,94,CLEAN GTR,Electric Guitar (clean) _ 1,Electric Guitar (clean) _ 1,52992,412
67.82490000000001,0.36955874999999594,47,110,CLEAN GTR,Electric Guitar (clean) _ 1,Electric Guitar (clean) _ 1,53184,272
67.82490000000001,0.4021668749999918,50,112,CLEAN GTR,Electric Guitar (clean) _ 1,Electric Guitar (clean) _ 1,53184,296
67.82490000000001,0.44564437500000054,55,106,CLEAN GTR,Electric Guitar (clean) _ 1,Electric Guitar (clean) _ 1,53184,328
68.34663,0.17934468750000576,47,92,CLEAN GTR,Electric Guitar (clean) _ 1,Electric Guitar (clean) _ 1,53568,132
68.34663,0.20108343750000301,50,90,CLEAN GTR,Electric Guitar (clean) _ 1,Electric Guitar (clean) _ 1,53568,148
68.34663,0.2336915624999989,55,101,CLEAN GTR,Electric Guitar (clean) _ 1,Electric Guitar (clean) _ 1,53568,172
68.2161975,0.4293403125000026,31,83,CLEAN GTR,Electric Guitar (clean) _ 1,Electric Guitar (clean) _ 1,53472,316
68.60749500000001,0.48368718749999573,38,112,CLEAN GTR,Electric Guitar (clean) _ 1,Electric Guitar (clean) _ 1,53760,356
68.86836000000001,0.33151593750000075,45,106,CLEAN GTR,Electric Guitar (clean) _ 1,Electric Guitar (clean) _ 1,53952,244
68.86836000000001,0.3641240624999966,50,111,CLEAN GTR,Electric Guitar (clean) _ 1,Electric Guitar (clean) _ 1,53952,268
68.86836000000001,0.37499343749999525,54,112,CLEAN GTR,Electric Guitar (clean) _ 1,Electric Guitar (clean) _ 1,53952,276
69.2596575,0.1902140625000044,38,96,CLEAN GTR,Electric Guitar (clean) _ 1,Electric Guitar (clean) _ 1,54240,140
69.39009000000001,0.3641240624999966,45,77,CLEAN GTR,Electric Guitar (clean) _ 1,Electric Guitar (clean) _ 1,54336,268
69.65095500000001,0.21195281250000164,38,112,CLEAN GTR,Electric Guitar (clean) _ 1,Electric Guitar (clean) _ 1,54528,156
69.39009000000001,0.5434687499999882,50,84,CLEAN GTR,Electric Guitar (clean) _ 1,Electric Guitar (clean) _ 1,54336,400
69.39009000000001,0.657597187499988,54,108,CLEAN GTR,Electric Guitar (clean) _ 1,Electric Guitar (clean) _ 1,54336,484
69.91182,0.41847093750000397,45,112,CLEAN GTR,Electric Guitar (clean) _ 1,Electric Guitar (clean) _ 1,54720,308
70.17268500000002,0.24999562499999683,55,98,CLEAN GTR,Electric Guitar (clean) _ 1,Electric Guitar (clean) _ 1,54912,184
70.0422525,0.4347750000000019,38,106,CLEAN GTR,Electric Guitar (clean) _ 1,Electric Guitar (clean) _ 1,54816,320
70.30311750000001,0.1956487500000037,50,85,CLEAN GTR,Electric Guitar (clean) _ 1,Electric Guitar (clean) _ 1,55008,144
70.56398250000001,0.08695500000000322,50,75,CLEAN GTR,Electric Guitar (clean) _ 1,Electric Guitar (clean) _ 1,55200,64
70.43355000000001,0.21738750000000095,45,101,CLEAN GTR,Electric Guitar (clean) _ 1,Electric Guitar (clean) _ 1,55104,160
70.694415,0.5815115624999976,38,112,CLEAN GTR,Electric Guitar (clean) _ 1,Electric Guitar (clean) _ 1,55296,428
70.95528000000002,0.3478199999999987,45,101,CLEAN GTR,Electric Guitar (clean) _ 1,Electric Guitar (clean) _ 1,55488,256
71.34657750000001,0.005434687499999313,38,110,CLEAN GTR,Electric Guitar (clean) _ 1,Electric Guitar (clean) _ 1,55776,4
70.95528000000002,0.40760156249999113,54,112,CLEAN GTR,Electric Guitar (clean) _ 1,Electric Guitar (clean) _ 1,55488,300
70.95528000000002,0.5162953124999916,50,108,CLEAN GTR,Electric Guitar (clean) _ 1,Electric Guitar (clean) _ 1,55488,380
71.34657750000001,0.1902140625000044,45,84,CLEAN GTR,Electric Guitar (clean) _ 1,Electric Guitar (clean) _ 1,55776,140
71.47701,0.22282218750000027,50,84,CLEAN GTR,Electric Guitar (clean) _ 1,Electric Guitar (clean) _ 1,55872,164
71.47701,0.22825687499999958,54,110,CLEAN GTR,Electric Guitar (clean) _ 1,Electric Guitar (clean) _ 1,55872,168
71.73787500000002,0.49455656249999436,31,110,CLEAN GTR,Electric Guitar (clean) _ 1,Electric Guitar (clean) _ 1,56064,364
71.99874000000001,0.3478199999999987,47,101,CLEAN GTR,Electric Guitar (clean) _ 1,Electric Guitar (clean) _ 1,56256,256
71.99874000000001,0.3967321874999925,50,110,CLEAN GTR,Electric Guitar (clean) _ 1,Electric Guitar (clean) _ 1,56256,292
71.99874000000001,0.4347750000000019,55,108,CLEAN GTR,Electric Guitar (clean) _ 1,Electric Guitar (clean) _ 1,56256,320
72.3900375,0.28803843750000624,47,101,CLEAN GTR,Electric Guitar (clean) _ 1,Electric Guitar (clean) _ 1,56544,212
72.52047,0.2336915625000131,55,108,CLEAN GTR,Electric Guitar (clean) _ 1,Electric Guitar (clean) _ 1,56640,172
72.52047,0.23912625000001242,50,88,CLEAN GTR,Electric Guitar (clean) _ 1,Electric Guitar (clean) _ 1,56640,176
72.3900375,0.40216687500000603,31,94,CLEAN GTR,Electric Guitar (clean) _ 1,Electric Guitar (clean) _ 1,56544,296
72.78133500000001,0.6032503124999948,38,112,CLEAN GTR,Electric Guitar (clean) _ 1,Electric Guitar (clean) _ 1,56832,444
73.04220000000001,0.4239056250000033,54,110,CLEAN GTR,Electric Guitar (clean) _ 1,Electric Guitar (clean) _ 1,57024,312
73.04220000000001,0.4293403125000026,45,98,CLEAN GTR,Electric Guitar (clean) _ 1,Electric Guitar (clean) _ 1,57024,316
73.43349750000002,0.04891218749999382,38,112,CLEAN GTR,Electric Guitar (clean) _ 1,Electric Guitar (clean) _ 1,57312,36
73.04220000000001,0.5162953125000058,50,108,CLEAN GTR,Electric Guitar (clean) _ 1,Electric Guitar (clean) _ 1,57024,380
73.56393000000001,0.14130187499999636,50,96,CLEAN GTR,Electric Guitar (clean) _ 1,Electric Guitar (clean) _ 1,57408,104
73.56393000000001,0.2717343749999941,45,81,CLEAN GTR,Electric Guitar (clean) _ 1,Electric Guitar (clean) _ 1,57408,200
73.56393000000001,0.2826037499999927,54,108,CLEAN GTR,Electric Guitar (clean) _ 1,Electric Guitar (clean) _ 1,57408,208
73.82479500000001,0.027173437499996567,38,112,CLEAN GTR,Electric Guitar (clean) _ 1,Electric Guitar (clean) _ 1,57600,20
74.21609250000002,0.1956487499999895,50,88,CLEAN GTR,Electric Guitar (clean) _ 1,Electric Guitar (clean) _ 1,57888,144
74.08566,0.3532546875000122,45,110,CLEAN GTR,Electric Guitar (clean) _ 1,Electric Guitar (clean) _ 1,57792,260
74.47695750000001,0.11412843749999979,38,90,CLEAN GTR,Electric Guitar (clean) _ 1,Electric Guitar (clean) _ 1,58080,84
74.34652500000001,0.29347312499999134,54,111,CLEAN GTR,Electric Guitar (clean) _ 1,Electric Guitar (clean) _ 1,57984,216
74.60739000000001,0.20651812500000233,45,106,CLEAN GTR,Electric Guitar (clean) _ 1,Electric Guitar (clean) _ 1,58176,152
74.73782250000001,0.13586718749999704,50,80,CLEAN GTR,Electric Guitar (clean) _ 1,Electric Guitar (clean) _ 1,58272,100
74.73782250000001,0.17934468750000576,54,81,CLEAN GTR,Electric Guitar (clean) _ 1,Electric Guitar (clean) _ 1,58272,132
75.12912000000001,0.32608125000000143,47,103,CLEAN GTR,Electric Guitar (clean) _ 1,Electric Guitar (clean) _ 1,58560,240
75.12912000000001,0.4239056249999891,55,110,CLEAN GTR,Electric Guitar (clean) _ 1,Electric Guitar (clean) _ 1,58560,312
75.12912000000001,0.4239056249999891,50,108,CLEAN GTR,Electric Guitar (clean) _ 1,Electric Guitar (clean) _ 1,58560,312
75.12912000000001,0.5325993749999895,43,90,CLEAN GTR,Electric Guitar (clean) _ 1,Electric Guitar (clean) _ 1,58560,392
74.868255,0.956505000000007,31,112,CLEAN GTR,Electric Guitar (clean) _ 1,Electric Guitar (clean) _ 1,58368,704
75.65085,0.3097771875000035,55,106,CLEAN GTR,Electric Guitar (clean) _ 1,Electric Guitar (clean) _ 1,58944,228
75.65085,0.3152118750000028,50,81,CLEAN GTR,Electric Guitar (clean) _ 1,Electric Guitar (clean) _ 1,58944,232
75.65085,0.3478199999999987,47,92,CLEAN GTR,Electric Guitar (clean) _ 1,Electric Guitar (clean) _ 1,58944,256
76.17258000000001,0.3641240624999966,45,98,CLEAN GTR,Electric Guitar (clean) _ 1,Electric Guitar (clean) _ 1,59328,268
76.17258000000001,0.36955874999999594,53,108,CLEAN GTR,Electric Guitar (clean) _ 1,Electric Guitar (clean) _ 1,59328,272
76.17258000000001,0.38042812499999457,48,101,CLEAN GTR,Electric Guitar (clean) _ 1,Electric Guitar (clean) _ 1,59328,280
75.91171500000002,0.8532459374999917,29,110,CLEAN GTR,Electric Guitar (clean) _ 1,Electric Guitar (clean) _ 1,59136,628
76.5638775,0.32608125000000143,41,98,CLEAN GTR,Electric Guitar (clean) _ 1,Electric Guitar (clean) _ 1,59616,240
76.69431000000002,0.21195281250000164,45,88,CLEAN GTR,Electric Guitar (clean) _ 1,Electric Guitar (clean) _ 1,59712,156
76.69431000000002,0.21738750000000095,48,106,CLEAN GTR,Electric Guitar (clean) _ 1,Electric Guitar (clean) _ 1,59712,160
76.69431000000002,0.22282218750000027,53,112,CLEAN GTR,Electric Guitar (clean) _ 1,Electric Guitar (clean) _ 1,59712,164
77.21604,0.32608125000000143,47,108,CLEAN GTR,Electric Guitar (clean) _ 1,Electric Guitar (clean) _ 1,60096,240
77.21604,0.3478199999999987,55,110,CLEAN GTR,Electric Guitar (clean) _ 1,Electric Guitar (clean) _ 1,60096,256
77.21604,0.37499343750000946,50,112,CLEAN GTR,Electric Guitar (clean) _ 1,Electric Guitar (clean) _ 1,60096,276
77.21604,0.45651374999999916,43,92,CLEAN GTR,Electric Guitar (clean) _ 1,Electric Guitar (clean) _ 1,60096,336
76.95517500000001,1.0108518750000002,31,112,CLEAN GTR,Electric Guitar (clean) _ 1,Electric Guitar (clean) _ 1,59904,744
77.86820250000001,0.12499781249999842,43,106,CLEAN GTR,Electric Guitar (clean) _ 1,Electric Guitar (clean) _ 1,60576,92
77.73777000000001,0.2662996874999948,50,103,CLEAN GTR,Electric Guitar (clean) _ 1,Electric Guitar (clean) _ 1,60480,196
77.73777000000001,0.28803843749999203,47,58,CLEAN GTR,Electric Guitar (clean) _ 1,Electric Guitar (clean) _ 1,60480,212
77.73777000000001,0.5162953124999916,55,111,CLEAN GTR,Electric Guitar (clean) _ 1,Electric Guitar (clean) _ 1,60480,380
78.25950000000002,0.26086499999999546,55,111,CLEAN GTR,Electric Guitar (clean) _ 1,Electric Guitar (clean) _ 1,60864,192
78.25950000000002,0.353254687499998,47,108,CLEAN GTR,Electric Guitar (clean) _ 1,Electric Guitar (clean) _ 1,60864,260
78.65079750000001,0.04891218749999382,43,106,CLEAN GTR,Electric Guitar (clean) _ 1,Electric Guitar (clean) _ 1,61152,36
78.25950000000002,0.440209687499987,50,112,CLEAN GTR,Electric Guitar (clean) _ 1,Electric Guitar (clean) _ 1,60864,324
78.78123000000001,0.21738750000000095,50,103,CLEAN GTR,Electric Guitar (clean) _ 1,Electric Guitar (clean) _ 1,61248,160
78.78123000000001,0.22282218750000027,55,110,CLEAN GTR,Electric Guitar (clean) _ 1,Electric Guitar (clean) _ 1,61248,164
78.78123000000001,0.22825687499999958,47,88,CLEAN GTR,Electric Guitar (clean) _ 1,Electric Guitar (clean) _ 1,61248,168
77.99863500000001,1.0108518750000002,31,103,CLEAN GTR,Electric Guitar (clean) _ 1,Electric Guitar (clean) _ 1,60672,744
79.042095,0.5271646875000044,38,112,CLEAN GTR,Electric Guitar (clean) _ 1,Electric Guitar (clean) _ 1,61440,388
79.30296000000001,0.33695062500000006,45,96,CLEAN GTR,Electric Guitar (clean) _ 1,Electric Guitar (clean) _ 1,61632,248
79.30296000000001,0.3641240624999966,50,108,CLEAN GTR,Electric Guitar (clean) _ 1,Electric Guitar (clean) _ 1,61632,268
79.30296000000001,0.36955874999999594,54,112,CLEAN GTR,Electric Guitar (clean) _ 1,Electric Guitar (clean) _ 1,61632,272
79.82469,0.2608650000000097,54,110,CLEAN GTR,Electric Guitar (clean) _ 1,Electric Guitar (clean) _ 1,62016,192
79.82469,0.2608650000000097,45,85,CLEAN GTR,Electric Guitar (clean) _ 1,Electric Guitar (clean) _ 1,62016,192
79.82469,0.266299687500009,50,85,CLEAN GTR,Electric Guitar (clean) _ 1,Electric Guitar (clean) _ 1,62016,196
79.6942575,0.41303625000000466,38,106,CLEAN GTR,Electric Guitar (clean) _ 1,Electric Guitar (clean) _ 1,61920,304
80.34642000000001,0.32608125000000143,47,110,CLEAN GTR,Electric Guitar (clean) _ 1,Electric Guitar (clean) _ 1,62400,240
80.34642000000001,0.353254687499998,55,88,CLEAN GTR,Electric Guitar (clean) _ 1,Electric Guitar (clean) _ 1,62400,260
80.34642000000001,0.36955874999999594,50,111,CLEAN GTR,Electric Guitar (clean) _ 1,Electric Guitar (clean) _ 1,62400,272
80.08555500000001,0.9891131250000029,31,112,CLEAN GTR,Electric Guitar (clean) _ 1,Electric Guitar (clean) _ 1,62208,728
80.86815000000001,0.22825687499999958,50,103,CLEAN GTR,Electric Guitar (clean) _ 1,Electric Guitar (clean) _ 1,62784,168
80.86815000000001,0.2391262499999982,55,111,CLEAN GTR,Electric Guitar (clean) _ 1,Electric Guitar (clean) _ 1,62784,176
80.86815000000001,0.25543031249999615,47,101,CLEAN GTR,Electric Guitar (clean) _ 1,Electric Guitar (clean) _ 1,62784,188
81.12901500000001,0.5760768749999983,38,112,CLEAN GTR,Electric Guitar (clean) _ 1,Electric Guitar (clean) _ 1,62976,424
81.38988,0.3804281250000088,45,103,CLEAN GTR,Electric Guitar (clean) _ 1,Electric Guitar (clean) _ 1,63168,280
81.38988,0.3967321875000067,54,110,CLEAN GTR,Electric Guitar (clean) _ 1,Electric Guitar (clean) _ 1,63168,292
81.78117750000001,0.010869374999998627,38,111,CLEAN GTR,Electric Guitar (clean) _ 1,Electric Guitar (clean) _ 1,63456,8
81.38988,0.5162953125000058,50,103,CLEAN GTR,Electric Guitar (clean) _ 1,Electric Guitar (clean) _ 1,63168,380
81.91161000000001,0.1630406249999936,50,98,CLEAN GTR,Electric Guitar (clean) _ 1,Electric Guitar (clean) _ 1,63552,120
81.91161000000001,0.2717343749999941,54,111,CLEAN GTR,Electric Guitar (clean) _ 1,Electric Guitar (clean) _ 1,63552,200
81.91161000000001,0.2771690624999934,45,74,CLEAN GTR,Electric Guitar (clean) _ 1,Electric Guitar (clean) _ 1,63552,204
82.172475,0.021738750000011464,38,112,CLEAN GTR,Electric Guitar (clean) _ 1,Electric Guitar (clean) _ 1,63744,16
82.43334000000002,0.29890781249999065,50,81,CLEAN GTR,Electric Guitar (clean) _ 1,Electric Guitar (clean) _ 1,63936,220
82.43334000000002,0.353254687499998,45,98,CLEAN GTR,Electric Guitar (clean) _ 1,Electric Guitar (clean) _ 1,63936,260
82.82463750000001,0.01630406249999794,38,103,CLEAN GTR,Electric Guitar (clean) _ 1,Electric Guitar (clean) _ 1,64224,12
82.43334000000002,0.4293403124999884,54,108,CLEAN GTR,Electric Guitar (clean) _ 1,Electric Guitar (clean) _ 1,63936,316
82.95507,0.20651812500000233,50,96,CLEAN GTR,Electric Guitar (clean) _ 1,Electric Guitar (clean) _ 1,64320,152
82.95507,0.2391262499999982,54,112,CLEAN GTR,Electric Guitar (clean) _ 1,Electric Guitar (clean) _ 1,64320,176
82.95507,0.24999562500001105,45,96,CLEAN GTR,Electric Guitar (clean) _ 1,Electric Guitar (clean) _ 1,64320,184
83.21593500000002,0.33151593750000075,33,112,CLEAN GTR,Electric Guitar (clean) _ 1,Electric Guitar (clean) _ 1,64512,244
83.60723250000001,0.10325906250000116,33,112,CLEAN GTR,Electric Guitar (clean) _ 1,Electric Guitar (clean) _ 1,64800,76
83.47680000000001,0.25543031249999615,45,96,CLEAN GTR,Electric Guitar (clean) _ 1,Electric Guitar (clean) _ 1,64704,188
83.737665,0.10869375000000048,45,101,CLEAN GTR,Electric Guitar (clean) _ 1,Electric Guitar (clean) _ 1,64896,80
83.47680000000001,0.3967321874999925,52,111,CLEAN GTR,Electric Guitar (clean) _ 1,Electric Guitar (clean) _ 1,64704,292
83.47680000000001,0.5271646875000044,57,106,CLEAN GTR,Electric Guitar (clean) _ 1,Electric Guitar (clean) _ 1,64704,388
83.99853000000002,0.10325906250000116,52,5,CLEAN GTR,Electric Guitar (clean) _ 1,Electric Guitar (clean) _ 1,65088,76
83.99853000000002,0.22825687499999958,33,112,CLEAN GTR,Electric Guitar (clean) _ 1,Electric Guitar (clean) _ 1,65088,168
84.25939500000001,0.05978156249999245,45,59,CLEAN GTR,Electric Guitar (clean) _ 1,Electric Guitar (clean) _ 1,65280,44
84.12896250000001,0.21738750000000095,52,85,CLEAN GTR,Electric Guitar (clean) _ 1,Electric Guitar (clean) _ 1,65184,160
84.38982750000001,0.03260812499999588,45,112,CLEAN GTR,Electric Guitar (clean) _ 1,Electric Guitar (clean) _ 1,65376,24
84.25939500000001,0.2391262499999982,33,112,CLEAN GTR,Electric Guitar (clean) _ 1,Electric Guitar (clean) _ 1,65280,176
84.12896250000001,0.3858628124999939,57,94,CLEAN GTR,Electric Guitar (clean) _ 1,Electric Guitar (clean) _ 1,65184,284
84.52026000000001,0.1521712500000092,57,85,CLEAN GTR,Electric Guitar (clean) _ 1,Electric Guitar (clean) _ 1,65472,112
84.52026000000001,0.29347312500000555,52,71,CLEAN GTR,Electric Guitar (clean) _ 1,Electric Guitar (clean) _ 1,65472,216
84.78112500000002,0.0815203124999897,45,112,CLEAN GTR,Electric Guitar (clean) _ 1,Electric Guitar (clean) _ 1,65664,60
84.6506925,0.21195281250000164,33,111,CLEAN GTR,Electric Guitar (clean) _ 1,Electric Guitar (clean) _ 1,65568,156
85.04199000000001,0.05434687499999313,57,110,CLEAN GTR,Electric Guitar (clean) _ 1,Electric Guitar (clean) _ 1,65856,40
85.04199000000001,0.1576059374999943,52,108,CLEAN GTR,Electric Guitar (clean) _ 1,Electric Guitar (clean) _ 1,65856,116
84.91155750000001,0.28803843749999203,33,112,CLEAN GTR,Electric Guitar (clean) _ 1,Electric Guitar (clean) _ 1,65760,212
85.17242250000001,0.03260812499999588,45,77,CLEAN GTR,Electric Guitar (clean) _ 1,Electric Guitar (clean) _ 1,65952,24
85.30285500000001,0.20651812500000233,57,108,CLEAN GTR,Electric Guitar (clean) _ 1,Electric Guitar (clean) _ 1,66048,152
85.30285500000001,0.22825687499999958,52,112,CLEAN GTR,Electric Guitar (clean) _ 1,Electric Guitar (clean) _ 1,66048,168
85.30285500000001,0.28803843750000624,33,112,CLEAN GTR,Electric Guitar (clean) _ 1,Electric Guitar (clean) _ 1,66048,212
121.13374968750001,0.29890781250000487,53,112,CLEAN GTR,Electric Guitar (clean) _ 1,Electric Guitar (clean) _ 1,92420,220
121.57395937500002,0.12499781249999842,53,112,CLEAN GTR,Electric Guitar (clean) _ 1,Electric Guitar (clean) _ 1,92744,92
121.8728671875,0.11412843749999979,53,112,CLEAN GTR,Electric Guitar (clean) _ 1,Electric Guitar (clean) _ 1,92964,84
122.17720968750001,0.13586718749999704,53,112,CLEAN GTR,Electric Guitar (clean) _ 1,Electric Guitar (clean) _ 1,93188,100
122.49242156250001,0.1195631249999991,53,112,CLEAN GTR,Electric Guitar (clean) _ 1,Electric Guitar (clean) _ 1,93420,88
122.80763343750002,0.26086499999999546,53,112,CLEAN GTR,Electric Guitar (clean) _ 1,Electric Guitar (clean) _ 1,93652,192
129.4270828125,0.05434687499999313,50,86,CLEAN GTR,Electric Guitar (clean) _ 1,Electric Guitar (clean) _ 1,98524,40
129.5357765625,0.054346875000021555,50,104,CLEAN GTR,Electric Guitar (clean) _ 1,Electric Guitar (clean) _ 1,98604,40
129.649905,0.06521625000002018,50,112,CLEAN GTR,Electric Guitar (clean) _ 1,Electric Guitar (clean) _ 1,98688,48
130.073810625,0.07065093750000528,50,60,CLEAN GTR,Electric Guitar (clean) _ 1,Electric Guitar (clean) _ 1,99000,52
130.171635,0.11412843749999979,50,78,CLEAN GTR,Electric Guitar (clean) _ 1,Electric Guitar (clean) _ 1,99072,84
130.3020675,0.11956312500001332,53,101,CLEAN GTR,Electric Guitar (clean) _ 1,Electric Guitar (clean) _ 1,99168,88
130.4325,0.07065093750000528,50,110,CLEAN GTR,Electric Guitar (clean) _ 1,Electric Guitar (clean) _ 1,99264,52
139.82364,0.33695062499998585,45,92,CLEAN GTR,Electric Guitar (clean) _ 1,Electric Guitar (clean) _ 1,106176,248
139.82364,0.38042812499998035,50,106,CLEAN GTR,Electric Guitar (clean) _ 1,Electric Guitar (clean) _ 1,106176,280
139.82364,0.391297499999979,54,108,CLEAN GTR,Electric Guitar (clean) _ 1,Electric Guitar (clean) _ 1,106176,288
140.34537,0.22282218749998606,54,110,CLEAN GTR,Electric Guitar (clean) _ 1,Electric Guitar (clean) _ 1,106560,164
140.34537,0.22825687499999958,50,94,CLEAN GTR,Electric Guitar (clean) _ 1,Electric Guitar (clean) _ 1,106560,168
140.34537,0.22825687499999958,45,85,CLEAN GTR,Electric Guitar (clean) _ 1,Electric Guitar (clean) _ 1,106560,168
140.2149375,0.40760156250001955,38,88,CLEAN GTR,Electric Guitar (clean) _ 1,Electric Guitar (clean) _ 1,106464,300
140.606235,0.5597728125000003,31,94,CLEAN GTR,Electric Guitar (clean) _ 1,Electric Guitar (clean) _ 1,106752,412
140.8671,0.36955875000001015,47,110,CLEAN GTR,Electric Guitar (clean) _ 1,Electric Guitar (clean) _ 1,106944,272
140.8671,0.40216687500000603,50,112,CLEAN GTR,Electric Guitar (clean) _ 1,Electric Guitar (clean) _ 1,106944,296
140.8671,0.44564437500000054,55,106,CLEAN GTR,Electric Guitar (clean) _ 1,Electric Guitar (clean) _ 1,106944,328
141.38883,0.17934468749999155,47,92,CLEAN GTR,Electric Guitar (clean) _ 1,Electric Guitar (clean) _ 1,107328,132
141.38883,0.2010834374999888,50,90,CLEAN GTR,Electric Guitar (clean) _ 1,Electric Guitar (clean) _ 1,107328,148
141.38883,0.23369156249998468,55,101,CLEAN GTR,Electric Guitar (clean) _ 1,Electric Guitar (clean) _ 1,107328,172
141.2583975,0.4293403124999884,31,83,CLEAN GTR,Electric Guitar (clean) _ 1,Electric Guitar (clean) _ 1,107232,316
141.649695,0.4836871874999815,38,112,CLEAN GTR,Electric Guitar (clean) _ 1,Electric Guitar (clean) _ 1,107520,356
141.91056,0.33151593750000075,45,106,CLEAN GTR,Electric Guitar (clean) _ 1,Electric Guitar (clean) _ 1,107712,244
141.91056,0.3641240624999966,50,111,CLEAN GTR,Electric Guitar (clean) _ 1,Electric Guitar (clean) _ 1,107712,268
141.91056,0.37499343749999525,54,112,CLEAN GTR,Electric Guitar (clean) _ 1,Electric Guitar (clean) _ 1,107712,276
142.3018575,0.19021406249999018,38,96,CLEAN GTR,Electric Guitar (clean) _ 1,Electric Guitar (clean) _ 1,108000,140
142.43229,0.3641240624999966,45,77,CLEAN GTR,Electric Guitar (clean) _ 1,Electric Guitar (clean) _ 1,108096,268
142.693155,0.21195281250001585,38,112,CLEAN GTR,Electric Guitar (clean) _ 1,Electric Guitar (clean) _ 1,108288,156
142.43229,0.5434687500000166,50,84,CLEAN GTR,Electric Guitar (clean) _ 1,Electric Guitar (clean) _ 1,108096,400
142.43229,0.6575971875000164,54,108,CLEAN GTR,Electric Guitar (clean) _ 1,Electric Guitar (clean) _ 1,108096,484
142.95401999999999,0.4184709375000182,45,112,CLEAN GTR,Electric Guitar (clean) _ 1,Electric Guitar (clean) _ 1,108480,308
143.214885,0.24999562499999683,55,98,CLEAN GTR,Electric Guitar (clean) _ 1,Electric Guitar (clean) _ 1,108672,184
143.0844525,0.4347750000000019,38,106,CLEAN GTR,Electric Guitar (clean) _ 1,Electric Guitar (clean) _ 1,108576,320
143.3453175,0.1956487500000037,50,85,CLEAN GTR,Electric Guitar (clean) _ 1,Electric Guitar (clean) _ 1,108768,144
143.6061825,0.08695500000001744,50,75,CLEAN GTR,Electric Guitar (clean) _ 1,Electric Guitar (clean) _ 1,108960,64
143.47575,0.21738750000000095,45,101,CLEAN GTR,Electric Guitar (clean) _ 1,Electric Guitar (clean) _ 1,108864,160
143.736615,0.5815115624999976,38,112,CLEAN GTR,Electric Guitar (clean) _ 1,Electric Guitar (clean) _ 1,109056,428
143.99748,0.3478200000000129,45,101,CLEAN GTR,Electric Guitar (clean) _ 1,Electric Guitar (clean) _ 1,109248,256
144.3887775,0.0054346874999851025,38,110,CLEAN GTR,Electric Guitar (clean) _ 1,Electric Guitar (clean) _ 1,109536,4
143.99748,0.40760156249999113,54,112,CLEAN GTR,Electric Guitar (clean) _ 1,Electric Guitar (clean) _ 1,109248,300
143.99748,0.5162953125000058,50,108,CLEAN GTR,Electric Guitar (clean) _ 1,Electric Guitar (clean) _ 1,109248,380
144.3887775,0.19021406249999018,45,84,CLEAN GTR,Electric Guitar (clean) _ 1,Electric Guitar (clean) _ 1,109536,140
144.51921,0.22282218750001448,50,84,CLEAN GTR,Electric Guitar (clean) _ 1,Electric Guitar (clean) _ 1,109632,164
144.51921,0.22825687499999958,54,110,CLEAN GTR,Electric Guitar (clean) _ 1,Electric Guitar (clean) _ 1,109632,168
144.780075,0.49455656249998015,31,110,CLEAN GTR,Electric Guitar (clean) _ 1,Electric Guitar (clean) _ 1,109824,364
145.04094,0.3478199999999845,47,101,CLEAN GTR,Electric Guitar (clean) _ 1,Electric Guitar (clean) _ 1,110016,256
145.04094,0.3967321874999925,50,110,CLEAN GTR,Electric Guitar (clean) _ 1,Electric Guitar (clean) _ 1,110016,292
145.04094,0.4347750000000019,55,108,CLEAN GTR,Electric Guitar (clean) _ 1,Electric Guitar (clean) _ 1,110016,320
145.4322375,0.2880384374999778,47,101,CLEAN GTR,Electric Guitar (clean) _ 1,Electric Guitar (clean) _ 1,110304,212
145.56267,0.2336915625000131,55,108,CLEAN GTR,Electric Guitar (clean) _ 1,Electric Guitar (clean) _ 1,110400,172
145.56267,0.2391262499999982,50,88,CLEAN GTR,Electric Guitar (clean) _ 1,Electric Guitar (clean) _ 1,110400,176
145.4322375,0.4021668749999776,31,94,CLEAN GTR,Electric Guitar (clean) _ 1,Electric Guitar (clean) _ 1,110304,296
145.823535,0.6032503124999948,38,112,CLEAN GTR,Electric Guitar (clean) _ 1,Electric Guitar (clean) _ 1,110592,444
146.0844,0.4239056250000033,54,110,CLEAN GTR,Electric Guitar (clean) _ 1,Electric Guitar (clean) _ 1,110784,312
146.0844,0.4293403125000168,45,98,CLEAN GTR,Electric Guitar (clean) _ 1,Electric Guitar (clean) _ 1,110784,316
146.4756975,0.04891218750000803,38,112,CLEAN GTR,Electric Guitar (clean) _ 1,Electric Guitar (clean) _ 1,111072,36
146.0844,0.5162953125000058,50,108,CLEAN GTR,Electric Guitar (clean) _ 1,Electric Guitar (clean) _ 1,110784,380
146.60613,0.14130187499998215,50,96,CLEAN GTR,Electric Guitar (clean) _ 1,Electric Guitar (clean) _ 1,111168,104
146.60613,0.2717343749999941,45,81,CLEAN GTR,Electric Guitar (clean) _ 1,Electric Guitar (clean) _ 1,111168,200
146.60613,0.2826037499999927,54,108,CLEAN GTR,Electric Guitar (clean) _ 1,Electric Guitar (clean) _ 1,111168,208
146.866995,0.027173437500010778,38,112,CLEAN GTR,Electric Guitar (clean) _ 1,Electric Guitar (clean) _ 1,111360,20
147.2582925,0.1956487500000037,50,88,CLEAN GTR,Electric Guitar (clean) _ 1,Electric Guitar (clean) _ 1,111648,144
147.12786,0.353254687499998,45,110,CLEAN GTR,Electric Guitar (clean) _ 1,Electric Guitar (clean) _ 1,111552,260
147.5191575,0.11412843749999979,38,90,CLEAN GTR,Electric Guitar (clean) _ 1,Electric Guitar (clean) _ 1,111840,84
147.388725,0.29347312500001976,54,111,CLEAN GTR,Electric Guitar (clean) _ 1,Electric Guitar (clean) _ 1,111744,216
147.64959,0.20651812500000233,45,106,CLEAN GTR,Electric Guitar (clean) _ 1,Electric Guitar (clean) _ 1,111936,152
147.7800225,0.13586718749999704,50,80,CLEAN GTR,Electric Guitar (clean) _ 1,Electric Guitar (clean) _ 1,112032,100
147.7800225,0.17934468749999155,54,81,CLEAN GTR,Electric Guitar (clean) _ 1,Electric Guitar (clean) _ 1,112032,132
148.17132,0.3260812499999872,47,103,CLEAN GTR,Electric Guitar (clean) _ 1,Electric Guitar (clean) _ 1,112320,240
148.17132,0.4239056250000033,55,110,CLEAN GTR,Electric Guitar (clean) _ 1,Electric Guitar (clean) _ 1,112320,312
148.17132,0.4239056250000033,50,108,CLEAN GTR,Electric Guitar (clean) _ 1,Electric Guitar (clean) _ 1,112320,312
148.17132,0.5325993749999895,43,90,CLEAN GTR,Electric Guitar (clean) _ 1,Electric Guitar (clean) _ 1,112320,392
147.910455,0.9565049999999928,31,112,CLEAN GTR,Electric Guitar (clean) _ 1,Electric Guitar (clean) _ 1,112128,704
148.69305,0.3097771875000035,55,106,CLEAN GTR,Electric Guitar (clean) _ 1,Electric Guitar (clean) _ 1,112704,228
148.69305,0.3152118749999886,50,81,CLEAN GTR,Electric Guitar (clean) _ 1,Electric Guitar (clean) _ 1,112704,232
148.69305,0.3478200000000129,47,92,CLEAN GTR,Electric Guitar (clean) _ 1,Electric Guitar (clean) _ 1,112704,256
149.21478,0.3641240624999966,45,98,CLEAN GTR,Electric Guitar (clean) _ 1,Electric Guitar (clean) _ 1,113088,268
149.21478,0.36955875000001015,53,108,CLEAN GTR,Electric Guitar (clean) _ 1,Electric Guitar (clean) _ 1,113088,272
149.21478,0.3804281250000088,48,101,CLEAN GTR,Electric Guitar (clean) _ 1,Electric Guitar (clean) _ 1,113088,280
148.953915,0.8532459374999917,29,110,CLEAN GTR,Electric Guitar (clean) _ 1,Electric Guitar (clean) _ 1,112896,628
149.6060775,0.32608125000001564,41,98,CLEAN GTR,Electric Guitar (clean) _ 1,Electric Guitar (clean) _ 1,113376,240
149.73651,0.21195281249998743,45,88,CLEAN GTR,Electric Guitar (clean) _ 1,Electric Guitar (clean) _ 1,113472,156
149.73651,0.21738750000000095,48,106,CLEAN GTR,Electric Guitar (clean) _ 1,Electric Guitar (clean) _ 1,113472,160
149.73651,0.22282218749998606,53,112,CLEAN GTR,Electric Guitar (clean) _ 1,Electric Guitar (clean) _ 1,113472,164
150.25824,0.3260812499999872,47,108,CLEAN GTR,Electric Guitar (clean) _ 1,Electric Guitar (clean) _ 1,113856,240
150.25824,0.3478200000000129,55,110,CLEAN GTR,Electric Guitar (clean) _ 1,Electric Guitar (clean) _ 1,113856,256
150.25824,0.37499343749999525,50,112,CLEAN GTR,Electric Guitar (clean) _ 1,Electric Guitar (clean) _ 1,113856,276
150.25824,0.45651374999999916,43,92,CLEAN GTR,Electric Guitar (clean) _ 1,Electric Guitar (clean) _ 1,113856,336
149.997375,1.010851874999986,31,112,CLEAN GTR,Electric Guitar (clean) _ 1,Electric Guitar (clean) _ 1,113664,744
150.9104025,0.12499781249999842,43,106,CLEAN GTR,Electric Guitar (clean) _ 1,Electric Guitar (clean) _ 1,114336,92
150.77997,0.266299687500009,50,103,CLEAN GTR,Electric Guitar (clean) _ 1,Electric Guitar (clean) _ 1,114240,196
150.77997,0.28803843750000624,47,58,CLEAN GTR,Electric Guitar (clean) _ 1,Electric Guitar (clean) _ 1,114240,212
150.77997,0.5162953125000058,55,111,CLEAN GTR,Electric Guitar (clean) _ 1,Electric Guitar (clean) _ 1,114240,380
151.3017,0.26086499999999546,55,111,CLEAN GTR,Electric Guitar (clean) _ 1,Electric Guitar (clean) _ 1,114624,192
151.3017,0.353254687499998,47,108,CLEAN GTR,Electric Guitar (clean) _ 1,Electric Guitar (clean) _ 1,114624,260
151.6929975,0.04891218750000803,43,106,CLEAN GTR,Electric Guitar (clean) _ 1,Electric Guitar (clean) _ 1,114912,36
151.3017,0.440209687499987,50,112,CLEAN GTR,Electric Guitar (clean) _ 1,Electric Guitar (clean) _ 1,114624,324
151.82343,0.21738750000000095,50,103,CLEAN GTR,Electric Guitar (clean) _ 1,Electric Guitar (clean) _ 1,115008,160
151.82343,0.22282218749998606,55,110,CLEAN GTR,Electric Guitar (clean) _ 1,Electric Guitar (clean) _ 1,115008,164
151.82343,0.22825687499999958,47,88,CLEAN GTR,Electric Guitar (clean) _ 1,Electric Guitar (clean) _ 1,115008,168
151.040835,1.0108518750000144,31,103,CLEAN GTR,Electric Guitar (clean) _ 1,Electric Guitar (clean) _ 1,114432,744
152.084295,0.5271646875000044,38,112,CLEAN GTR,Electric Guitar (clean) _ 1,Electric Guitar (clean) _ 1,115200,388
152.34516,0.33695062500001427,45,96,CLEAN GTR,Electric Guitar (clean) _ 1,Electric Guitar (clean) _ 1,115392,248
152.34516,0.3641240624999966,50,108,CLEAN GTR,Electric Guitar (clean) _ 1,Electric Guitar (clean) _ 1,115392,268
152.34516,0.36955875000001015,54,112,CLEAN GTR,Electric Guitar (clean) _ 1,Electric Guitar (clean) _ 1,115392,272
152.86689,0.26086499999999546,54,110,CLEAN GTR,Electric Guitar (clean) _ 1,Electric Guitar (clean) _ 1,115776,192
152.86689,0.26086499999999546,45,85,CLEAN GTR,Electric Guitar (clean) _ 1,Electric Guitar (clean) _ 1,115776,192
152.86689,0.26629968749998056,50,85,CLEAN GTR,Electric Guitar (clean) _ 1,Electric Guitar (clean) _ 1,115776,196
152.7364575,0.41303625000000466,38,106,CLEAN GTR,Electric Guitar (clean) _ 1,Electric Guitar (clean) _ 1,115680,304
153.38862,0.3260812499999872,47,110,CLEAN GTR,Electric Guitar (clean) _ 1,Electric Guitar (clean) _ 1,116160,240
153.38862,0.353254687499998,55,88,CLEAN GTR,Electric Guitar (clean) _ 1,Electric Guitar (clean) _ 1,116160,260
153.38862,0.36955875000001015,50,111,CLEAN GTR,Electric Guitar (clean) _ 1,Electric Guitar (clean) _ 1,116160,272
153.127755,0.9891131249999887,31,112,CLEAN GTR,Electric Guitar (clean) _ 1,Electric Guitar (clean) _ 1,115968,728
153.91035,0.22825687499999958,50,103,CLEAN GTR,Electric Guitar (clean) _ 1,Electric Guitar (clean) _ 1,116544,168
153.91035,0.2391262499999982,55,111,CLEAN GTR,Electric Guitar (clean) _ 1,Electric Guitar (clean) _ 1,116544,176
153.91035,0.25543031250001036,47,101,CLEAN GTR,Electric Guitar (clean) _ 1,Electric Guitar (clean) _ 1,116544,188
154.171215,0.5760768750000125,38,112,CLEAN GTR,Electric Guitar (clean) _ 1,Electric Guitar (clean) _ 1,116736,424
154.43208,0.38042812499998035,45,103,CLEAN GTR,Electric Guitar (clean) _ 1,Electric Guitar (clean) _ 1,116928,280
154.43208,0.3967321874999925,54,110,CLEAN GTR,Electric Guitar (clean) _ 1,Electric Guitar (clean) _ 1,116928,292
154.8233775,0.010869374999998627,38,111,CLEAN GTR,Electric Guitar (clean) _ 1,Electric Guitar (clean) _ 1,117216,8
154.43208,0.5162953124999774,50,103,CLEAN GTR,Electric Guitar (clean) _ 1,Electric Guitar (clean) _ 1,116928,380
154.95381,0.16304062500000782,50,98,CLEAN GTR,Electric Guitar (clean) _ 1,Electric Guitar (clean) _ 1,117312,120
154.95381,0.2717343749999941,54,111,CLEAN GTR,Electric Guitar (clean) _ 1,Electric Guitar (clean) _ 1,117312,200
154.95381,0.2771690625000076,45,74,CLEAN GTR,Electric Guitar (clean) _ 1,Electric Guitar (clean) _ 1,117312,204
155.214675,0.021738749999997253,38,112,CLEAN GTR,Electric Guitar (clean) _ 1,Electric Guitar (clean) _ 1,117504,16
155.47554,0.29890781250000487,50,81,CLEAN GTR,Electric Guitar (clean) _ 1,Electric Guitar (clean) _ 1,117696,220
155.47554,0.353254687499998,45,98,CLEAN GTR,Electric Guitar (clean) _ 1,Electric Guitar (clean) _ 1,117696,260
155.8668375,0.01630406249998373,38,103,CLEAN GTR,Electric Guitar (clean) _ 1,Electric Guitar (clean) _ 1,117984,12
155.47554,0.4293403125000168,54,108,CLEAN GTR,Electric Guitar (clean) _ 1,Electric Guitar (clean) _ 1,117696,316
155.99727,0.20651812500000233,50,96,CLEAN GTR,Electric Guitar (clean) _ 1,Electric Guitar (clean) _ 1,118080,152
155.99727,0.23912625000002663,54,112,CLEAN GTR,Electric Guitar (clean) _ 1,Electric Guitar (clean) _ 1,118080,176
155.99727,0.24999562500002526,45,96,CLEAN GTR,Electric Guitar (clean) _ 1,Electric Guitar (clean) _ 1,118080,184
156.258135,0.33151593750000075,33,112,CLEAN GTR,Electric Guitar (clean) _ 1,Electric Guitar (clean) _ 1,118272,244
156.6494325,0.10325906250000116,33,112,CLEAN GTR,Electric Guitar (clean) _ 1,Electric Guitar (clean) _ 1,118560,76
156.519,0.25543031249998194,45,96,CLEAN GTR,Electric Guitar (clean) _ 1,Electric Guitar (clean) _ 1,118464,188
156.779865,0.10869374999998627,45,101,CLEAN GTR,Electric Guitar (clean) _ 1,Electric Guitar (clean) _ 1,118656,80
156.519,0.3967321874999925,52,111,CLEAN GTR,Electric Guitar (clean) _ 1,Electric Guitar (clean) _ 1,118464,292
156.519,0.5271646875000044,57,106,CLEAN GTR,Electric Guitar (clean) _ 1,Electric Guitar (clean) _ 1,118464,388
157.04073,0.10325906250000116,52,5,CLEAN GTR,Electric Guitar (clean) _ 1,Electric Guitar (clean) _ 1,118848,76
157.04073,0.22825687499999958,33,112,CLEAN GTR,Electric Guitar (clean) _ 1,Electric Guitar (clean) _ 1,118848,168
157.301595,0.05978156250000666,45,59,CLEAN GTR,Electric Guitar (clean) _ 1,Electric Guitar (clean) _ 1,119040,44
157.1711625,0.21738750000000095,52,85,CLEAN GTR,Electric Guitar (clean) _ 1,Electric Guitar (clean) _ 1,118944,160
157.4320275,0.03260812499999588,45,112,CLEAN GTR,Electric Guitar (clean) _ 1,Electric Guitar (clean) _ 1,119136,24
157.301595,0.2391262499999982,33,112,CLEAN GTR,Electric Guitar (clean) _ 1,Electric Guitar (clean) _ 1,119040,176
157.1711625,0.3858628124999939,57,94,CLEAN GTR,Electric Guitar (clean) _ 1,Electric Guitar (clean) _ 1,118944,284
157.56246,0.1521712500000092,57,85,CLEAN GTR,Electric Guitar (clean) _ 1,Electric Guitar (clean) _ 1,119232,112
157.56246,0.29347312500001976,52,71,CLEAN GTR,Electric Guitar (clean) _ 1,Electric Guitar (clean) _ 1,119232,216
157.823325,0.08152031249997549,45,112,CLEAN GTR,Electric Guitar (clean) _ 1,Electric Guitar (clean) _ 1,119424,60
157.6928925,0.21195281249998743,33,111,CLEAN GTR,Electric Guitar (clean) _ 1,Electric Guitar (clean) _ 1,119328,156
158.08419,0.05434687499999313,57,110,CLEAN GTR,Electric Guitar (clean) _ 1,Electric Guitar (clean) _ 1,119616,40
158.08419,0.1576059374999943,52,108,CLEAN GTR,Electric Guitar (clean) _ 1,Electric Guitar (clean) _ 1,119616,116
157.9537575,0.28803843750000624,33,112,CLEAN GTR,Electric Guitar (clean) _ 1,Electric Guitar (clean) _ 1,119520,212
158.2146225,0.0326081250000243,45,77,CLEAN GTR,Electric Guitar (clean) _ 1,Electric Guitar (clean) _ 1,119712,24
158.345055,0.20651812500000233,57,108,CLEAN GTR,Electric Guitar (clean) _ 1,Electric Guitar (clean) _ 1,119808,152
158.345055,0.22825687499999958,52,112,CLEAN GTR,Electric Guitar (clean) _ 1,Electric Guitar (clean) _ 1,119808,168
158.345055,0.28803843750000624,33,112,CLEAN GTR,Electric Guitar (clean) _ 1,Electric Guitar (clean) _ 1,119808,212
89.73756000000002,0.14130187499999636,50,85,BRASS 1,Brass Section _ 1,Brass Section _ 1,69312,104
89.73756000000002,0.18477937499999086,74,98,BRASS 1,Brass Section _ 1,Brass Section _ 1,69312,136
89.73756000000002,0.18477937499999086,62,87,BRASS 1,Brass Section _ 1,Brass Section _ 1,69312,136
89.99842500000001,0.14130187499999636,50,96,BRASS 1,Brass Section _ 1,Brass Section _ 1,69504,104
89.99842500000001,0.1902140625000044,74,92,BRASS 1,Brass Section _ 1,Brass Section _ 1,69504,140
89.99842500000001,0.1956487500000037,62,100,BRASS 1,Brass Section _ 1,Brass Section _ 1,69504,144
90.25929000000001,0.1576059375000085,50,90,BRASS 1,Brass Section _ 1,Brass Section _ 1,69696,116
90.25929000000001,0.1956487500000037,62,105,BRASS 1,Brass Section _ 1,Brass Section _ 1,69696,144
90.25929000000001,0.24456093749999752,74,107,BRASS 1,Brass Section _ 1,Brass Section _ 1,69696,180
90.52015500000002,0.21738750000000095,53,105,BRASS 1,Brass Section _ 1,Brass Section _ 1,69888,160
90.52015500000002,0.2826037499999927,77,107,BRASS 1,Brass Section _ 1,Brass Section _ 1,69888,208
90.52015500000002,0.3586893749999973,65,98,BRASS 1,Brass Section _ 1,Brass Section _ 1,69888,264
90.78102000000001,0.12499781249999842,50,87,BRASS 1,Brass Section _ 1,Brass Section _ 1,70080,92
90.78102000000001,0.1576059374999943,74,85,BRASS 1,Brass Section _ 1,Brass Section _ 1,70080,116
90.78102000000001,0.16847531249999292,62,92,BRASS 1,Brass Section _ 1,Brass Section _ 1,70080,124
91.04188500000001,0.18477937500000507,50,98,BRASS 1,Brass Section _ 1,Brass Section _ 1,70272,136
91.04188500000001,0.21195281250000164,62,107,BRASS 1,Brass Section _ 1,Brass Section _ 1,70272,156
91.04188500000001,0.25543031250001036,74,107,BRASS 1,Brass Section _ 1,Brass Section _ 1,70272,188
91.30275000000002,0.2391262499999982,72,95,BRASS 1,Brass Section _ 1,Brass Section _ 1,70464,176
91.30275000000002,0.24999562499999683,53,90,BRASS 1,Brass Section _ 1,Brass Section _ 1,70464,184
91.56361500000001,0.24456093749999752,74,113,BRASS 1,Brass Section _ 1,Brass Section _ 1,70656,180
91.56361500000001,0.25543031249999615,50,111,BRASS 1,Brass Section _ 1,Brass Section _ 1,70656,188
91.56361500000001,0.2826037499999927,62,113,BRASS 1,Brass Section _ 1,Brass Section _ 1,70656,208
93.91140000000001,0.13043249999999773,50,96,BRASS 1,Brass Section _ 1,Brass Section _ 1,72384,96
93.91140000000001,0.13586718749999704,74,109,BRASS 1,Brass Section _ 1,Brass Section _ 1,72384,100
93.91140000000001,0.18477937499999086,62,99,BRASS 1,Brass Section _ 1,Brass Section _ 1,72384,136
94.17226500000001,0.1576059374999943,74,95,BRASS 1,Brass Section _ 1,Brass Section _ 1,72576,116
94.17226500000001,0.16847531250000713,62,98,BRASS 1,Brass Section _ 1,Brass Section _ 1,72576,124
94.17226500000001,0.3423853124999994,50,99,BRASS 1,Brass Section _ 1,Brass Section _ 1,72576,252
94.43313,0.20651812500000233,62,105,BRASS 1,Brass Section _ 1,Brass Section _ 1,72768,152
94.43313,0.32608125000000143,74,103,BRASS 1,Brass Section _ 1,Brass Section _ 1,72768,240
94.69399500000002,0.22825687499999958,65,107,BRASS 1,Brass Section _ 1,Brass Section _ 1,72960,168
94.69399500000002,0.24456093749999752,53,121,BRASS 1,Brass Section _ 1,Brass Section _ 1,72960,180
94.69399500000002,0.25543031249999615,77,118,BRASS 1,Brass Section _ 1,Brass Section _ 1,72960,188
94.95486000000001,0.2717343749999941,74,89,BRASS 1,Brass Section _ 1,Brass Section _ 1,73152,200
94.95486000000001,0.28803843750000624,50,107,BRASS 1,Brass Section _ 1,Brass Section _ 1,73152,212
95.215725,0.18477937500000507,53,109,BRASS 1,Brass Section _ 1,Brass Section _ 1,73344,136
95.215725,0.21195281250000164,77,116,BRASS 1,Brass Section _ 1,Brass Section _ 1,73344,156
95.215725,0.21195281250000164,65,107,BRASS 1,Brass Section _ 1,Brass Section _ 1,73344,156
95.47659000000002,0.21195281250000164,65,95,BRASS 1,Brass Section _ 1,Brass Section _ 1,73536,156
95.47659000000002,0.22825687499999958,53,107,BRASS 1,Brass Section _ 1,Brass Section _ 1,73536,168
95.47659000000002,0.24456093749999752,77,100,BRASS 1,Brass Section _ 1,Brass Section _ 1,73536,180
95.73745500000001,0.16847531249999292,65,123,BRASS 1,Brass Section _ 1,Brass Section _ 1,73728,124
95.73745500000001,0.22282218750000027,74,121,BRASS 1,Brass Section _ 1,Brass Section _ 1,73728,164
95.73745500000001,0.3043425000000042,50,118,BRASS 1,Brass Section _ 1,Brass Section _ 1,73728,224
98.08524000000001,0.13043249999999773,79,113,BRASS 1,Brass Section _ 1,Brass Section _ 1,75456,96
98.08524000000001,0.13043249999999773,67,96,BRASS 1,Brass Section _ 1,Brass Section _ 1,75456,96
98.08524000000001,0.13043249999999773,55,105,BRASS 1,Brass Section _ 1,Brass Section _ 1,75456,96
98.34610500000001,0.13043249999999773,79,80,BRASS 1,Brass Section _ 1,Brass Section _ 1,75648,96
98.34610500000001,0.13043249999999773,67,85,BRASS 1,Brass Section _ 1,Brass Section _ 1,75648,96
98.34610500000001,0.13043249999999773,55,99,BRASS 1,Brass Section _ 1,Brass Section _ 1,75648,96
98.60697000000002,0.10869374999998627,67,113,BRASS 1,Brass Section _ 1,Brass Section _ 1,75840,80
98.60697000000002,0.14673656249999567,55,89,BRASS 1,Brass Section _ 1,Brass Section _ 1,75840,108
98.60697000000002,0.1576059374999943,79,111,BRASS 1,Brass Section _ 1,Brass Section _ 1,75840,116
98.86783500000001,0.10869375000000048,65,109,BRASS 1,Brass Section _ 1,Brass Section _ 1,76032,80
98.86783500000001,0.14673656249999567,53,118,BRASS 1,Brass Section _ 1,Brass Section _ 1,76032,108
98.86783500000001,0.18477937499999086,77,100,BRASS 1,Brass Section _ 1,Brass Section _ 1,76032,136
99.12870000000001,0.13043249999999773,65,100,BRASS 1,Brass Section _ 1,Brass Section _ 1,76224,96
99.12870000000001,0.16304062500000782,53,121,BRASS 1,Brass Section _ 1,Brass Section _ 1,76224,120
99.12870000000001,0.17391000000000645,77,96,BRASS 1,Brass Section _ 1,Brass Section _ 1,76224,128
99.389565,0.14130187500001057,65,113,BRASS 1,Brass Section _ 1,Brass Section _ 1,76416,104
99.389565,0.21195281250000164,53,118,BRASS 1,Brass Section _ 1,Brass Section _ 1,76416,156
99.65043000000001,0.15217124999999498,65,93,BRASS 1,Brass Section _ 1,Brass Section _ 1,76608,112
99.65043000000001,0.22282218750000027,53,121,BRASS 1,Brass Section _ 1,Brass Section _ 1,76608,164
99.389565,0.48368718750000994,77,100,BRASS 1,Brass Section _ 1,Brass Section _ 1,76416,356
99.91129500000001,0.20651812500000233,55,125,BRASS 1,Brass Section _ 1,Brass Section _ 1,76800,152
99.91129500000001,0.22825687499999958,67,123,BRASS 1,Brass Section _ 1,Brass Section _ 1,76800,168
99.91129500000001,0.2771690625000076,79,105,BRASS 1,Brass Section _ 1,Brass Section _ 1,76800,204
102.25908000000001,0.10325906250000116,50,98,BRASS 1,Brass Section _ 1,Brass Section _ 1,78528,76
102.25908000000001,0.1195631249999991,62,90,BRASS 1,Brass Section _ 1,Brass Section _ 1,78528,88
102.25908000000001,0.15217124999999498,74,113,BRASS 1,Brass Section _ 1,Brass Section _ 1,78528,112
102.519945,0.13043249999999773,62,105,BRASS 1,Brass Section _ 1,Brass Section _ 1,78720,96
102.519945,0.13043249999999773,50,99,BRASS 1,Brass Section _ 1,Brass Section _ 1,78720,96
102.519945,0.17391000000000645,74,100,BRASS 1,Brass Section _ 1,Brass Section _ 1,78720,128
102.78081000000002,0.05978156249999245,50,58,BRASS 1,Brass Section _ 1,Brass Section _ 1,78912,44
102.78081000000002,0.22282218750000027,62,99,BRASS 1,Brass Section _ 1,Brass Section _ 1,78912,164
102.78081000000002,0.2826037499999927,74,98,BRASS 1,Brass Section _ 1,Brass Section _ 1,78912,208
103.04167500000001,0.2391262499999982,53,95,BRASS 1,Brass Section _ 1,Brass Section _ 1,79104,176
103.04167500000001,0.25543031249999615,77,111,BRASS 1,Brass Section _ 1,Brass Section _ 1,79104,188
103.04167500000001,0.3152118750000028,65,100,BRASS 1,Brass Section _ 1,Brass Section _ 1,79104,232
103.30254000000001,0.13043249999999773,50,93,BRASS 1,Brass Section _ 1,Brass Section _ 1,79296,96
103.30254000000001,0.1521712500000092,74,96,BRASS 1,Brass Section _ 1,Brass Section _ 1,79296,112
103.30254000000001,0.18477937500000507,62,90,BRASS 1,Brass Section _ 1,Brass Section _ 1,79296,136
103.56340500000002,0.13043249999999773,50,93,BRASS 1,Brass Section _ 1,Brass Section _ 1,79488,96
103.56340500000002,0.21195281249998743,62,109,BRASS 1,Brass Section _ 1,Brass Section _ 1,79488,156
103.56340500000002,0.26086499999999546,74,109,BRASS 1,Brass Section _ 1,Brass Section _ 1,79488,192
103.82427000000001,0.21738750000000095,72,96,BRASS 1,Brass Section _ 1,Brass Section _ 1,79680,160
103.82427000000001,0.22825687499999958,53,107,BRASS 1,Brass Section _ 1,Brass Section _ 1,79680,168
104.08513500000001,0.22282218750000027,74,116,BRASS 1,Brass Section _ 1,Brass Section _ 1,79872,164
104.08513500000001,0.22282218750000027,50,109,BRASS 1,Brass Section _ 1,Brass Section _ 1,79872,164
104.08513500000001,0.2336915624999989,62,105,BRASS 1,Brass Section _ 1,Brass Section _ 1,79872,172
106.43292000000001,0.14130187499999636,57,95,BRASS 1,Brass Section _ 1,Brass Section _ 1,81600,104
106.43292000000001,0.16304062500000782,69,109,BRASS 1,Brass Section _ 1,Brass Section _ 1,81600,120
106.693785,0.14673656250000988,57,107,BRASS 1,Brass Section _ 1,Brass Section _ 1,81792,108
106.693785,0.1576059375000085,69,111,BRASS 1,Brass Section _ 1,Brass Section _ 1,81792,116
106.95465000000002,0.14130187499999636,57,109,BRASS 1,Brass Section _ 1,Brass Section _ 1,81984,104
106.95465000000002,0.16847531249999292,69,111,BRASS 1,Brass Section _ 1,Brass Section _ 1,81984,124
107.21551500000001,0.15217124999999498,57,118,BRASS 1,Brass Section _ 1,Brass Section _ 1,82176,112
107.21551500000001,0.17391000000000645,69,111,BRASS 1,Brass Section _ 1,Brass Section _ 1,82176,128
107.47638,0.1521712500000092,57,126,BRASS 1,Brass Section _ 1,Brass Section _ 1,82368,112
107.47638,0.17391000000000645,69,121,BRASS 1,Brass Section _ 1,Brass Section _ 1,82368,128
107.73724500000002,0.13586718749999704,69,121,BRASS 1,Brass Section _ 1,Brass Section _ 1,82560,100
107.73724500000002,0.14130187499999636,57,126,BRASS 1,Brass Section _ 1,Brass Section _ 1,82560,104
107.99811000000001,0.13586718749999704,69,113,BRASS 1,Brass Section _ 1,Brass Section _ 1,82752,100
107.99811000000001,0.13586718749999704,57,127,BRASS 1,Brass Section _ 1,Brass Section _ 1,82752,100
108.258975,0.1902140625000044,57,127,BRASS 1,Brass Section _ 1,Brass Section _ 1,82944,140
108.258975,0.21738750000000095,81,126,BRASS 1,Brass Section _ 1,Brass Section _ 1,82944,160
108.258975,0.2826037500000069,69,125,BRASS 1,Brass Section _ 1,Brass Section _ 1,82944,208
110.86762500000002,0.10325906249998695,50,107,BRASS 1,Brass Section _ 1,Brass Section _ 1,84864,76
110.86762500000002,0.12499781249999842,62,98,BRASS 1,Brass Section _ 1,Brass Section _ 1,84864,92
110.86762500000002,0.13043249999999773,78,70,BRASS 1,Brass Section _ 1,Brass Section _ 1,84864,96
110.86762500000002,0.14673656249999567,74,121,BRASS 1,Brass Section _ 1,Brass Section _ 1,84864,108
111.12849000000001,0.1630406249999936,50,111,BRASS 1,Brass Section _ 1,Brass Section _ 1,85056,120
111.12849000000001,0.16847531249999292,74,113,BRASS 1,Brass Section _ 1,Brass Section _ 1,85056,124
111.12849000000001,0.18477937500000507,78,114,BRASS 1,Brass Section _ 1,Brass Section _ 1,85056,136
111.12849000000001,0.18477937500000507,62,113,BRASS 1,Brass Section _ 1,Brass Section _ 1,85056,136
111.38935500000001,0.13586718749999704,55,96,BRASS 1,Brass Section _ 1,Brass Section _ 1,85248,100
111.38935500000001,0.1576059375000085,74,111,BRASS 1,Brass Section _ 1,Brass Section _ 1,85248,116
111.38935500000001,0.1902140625000044,79,111,BRASS 1,Brass Section _ 1,Brass Section _ 1,85248,140
111.65022000000002,0.17390999999999224,55,109,BRASS 1,Brass Section _ 1,Brass Section _ 1,85440,128
111.65022000000002,0.17934468749999155,74,123,BRASS 1,Brass Section _ 1,Brass Section _ 1,85440,132
111.65022000000002,0.18477937499999086,79,116,BRASS 1,Brass Section _ 1,Brass Section _ 1,85440,136
111.91108500000001,0.1630406249999936,55,103,BRASS 1,Brass Section _ 1,Brass Section _ 1,85632,120
111.91108500000001,0.17390999999999224,74,123,BRASS 1,Brass Section _ 1,Brass Section _ 1,85632,128
111.91108500000001,0.17934468749999155,79,121,BRASS 1,Brass Section _ 1,Brass Section _ 1,85632,132
112.17195000000001,0.21195281250000164,74,126,BRASS 1,Brass Section _ 1,Brass Section _ 1,85824,156
112.17195000000001,0.22825687499999958,79,121,BRASS 1,Brass Section _ 1,Brass Section _ 1,85824,168
112.17195000000001,0.2717343750000083,55,95,BRASS 1,Brass Section _ 1,Brass Section _ 1,85824,200
112.43281500000002,0.21195281249998743,78,127,BRASS 1,Brass Section _ 1,Brass Section _ 1,86016,156
112.43281500000002,0.21738749999998674,50,121,BRASS 1,Brass Section _ 1,Brass Section _ 1,86016,160
112.43281500000002,0.22825687499999958,74,127,BRASS 1,Brass Section _ 1,Brass Section _ 1,86016,168
112.43281500000002,0.2336915624999989,62,123,BRASS 1,Brass Section _ 1,Brass Section _ 1,86016,172
114.51973500000001,5.407514062499999,81,116,BRASS 1,Brass Section _ 1,Brass Section _ 1,87552,3980
114.51973500000001,5.489034375000003,76,127,BRASS 1,Brass Section _ 1,Brass Section _ 1,87552,4040
114.51973500000001,5.510773125,74,127,BRASS 1,Brass Section _ 1,Brass Section _ 1,87552,4056
119.99790000000002,0.03804281249999519,72,95,BRASS 1,Brass Section _ 1,Brass Section _ 1,91584,28
120.01963875000001,0.08152031250000391,71,107,BRASS 1,Brass Section _ 1,Brass Section _ 1,91600,60
120.04681218750001,0.08152031250000391,69,116,BRASS 1,Brass Section _ 1,Brass Section _ 1,91620,60
120.0685509375,0.08152031250000391,67,111,BRASS 1,Brass Section _ 1,Brass Section _ 1,91636,60
120.09572437500002,0.07608562499999039,65,105,BRASS 1,Brass Section _ 1,Brass Section _ 1,91656,56
120.11746312500001,0.06521624999999176,64,109,BRASS 1,Brass Section _ 1,Brass Section _ 1,91672,48
120.14463656250001,0.04347749999999451,62,109,BRASS 1,Brass Section _ 1,Brass Section _ 1,91692,32
120.16637531250001,0.038042812500009404,60,109,BRASS 1,Brass Section _ 1,Brass Section _ 1,91708,28
120.182679375,0.04347750000000872,59,121,BRASS 1,Brass Section _ 1,Brass Section _ 1,91720,32
120.20441812500002,0.027173437499996567,57,116,BRASS 1,Brass Section _ 1,Brass Section _ 1,91736,20
120.22615687500002,0.01630406249999794,55,111,BRASS 1,Brass Section _ 1,Brass Section _ 1,91752,12
120.24246093750001,0.03260812499999588,53,103,BRASS 1,Brass Section _ 1,Brass Section _ 1,91764,24
120.27506906250001,0.010869374999998627,52,99,BRASS 1,Brass Section _ 1,Brass Section _ 1,91788,8
139.82364,0.09782437499998764,74,118,BRASS 1,Brass Section _ 1,Brass Section _ 1,106176,72
139.82364,0.1195631249999849,62,109,BRASS 1,Brass Section _ 1,Brass Section _ 1,106176,88
140.084505,0.10869374999998627,74,127,BRASS 1,Brass Section _ 1,Brass Section _ 1,106368,80
140.084505,0.11412843749999979,62,118,BRASS 1,Brass Section _ 1,Brass Section _ 1,106368,84
140.34537,0.11412843749999979,74,127,BRASS 1,Brass Section _ 1,Brass Section _ 1,106560,84
140.34537,0.14130187500001057,62,123,BRASS 1,Brass Section _ 1,Brass Section _ 1,106560,104
140.606235,0.16847531249999292,65,127,BRASS 1,Brass Section _ 1,Brass Section _ 1,106752,124
140.606235,0.22825687499999958,77,121,BRASS 1,Brass Section _ 1,Brass Section _ 1,106752,168
140.8671,0.10869375000001469,74,118,BRASS 1,Brass Section _ 1,Brass Section _ 1,106944,80
140.8671,0.12499781249999842,62,121,BRASS 1,Brass Section _ 1,Brass Section _ 1,106944,92
141.127965,0.13043250000001194,62,105,BRASS 1,Brass Section _ 1,Brass Section _ 1,107136,96
141.127965,0.24999562499999683,74,127,BRASS 1,Brass Section _ 1,Brass Section _ 1,107136,184
141.38883,0.12499781249999842,72,127,BRASS 1,Brass Section _ 1,Brass Section _ 1,107328,92
141.38883,0.21195281249998743,60,121,BRASS 1,Brass Section _ 1,Brass Section _ 1,107328,156
141.649695,0.44564437500000054,74,127,BRASS 1,Brass Section _ 1,Brass Section _ 1,107520,328
141.649695,0.4673831249999978,62,127,BRASS 1,Brass Section _ 1,Brass Section _ 1,107520,344
143.99748,0.14673656249999567,74,127,BRASS 1,Brass Section _ 1,Brass Section _ 1,109248,108
143.99748,0.16304062500000782,62,127,BRASS 1,Brass Section _ 1,Brass Section _ 1,109248,120
144.258345,0.11956312500001332,74,127,BRASS 1,Brass Section _ 1,Brass Section _ 1,109440,88
144.258345,0.11956312500001332,62,127,BRASS 1,Brass Section _ 1,Brass Section _ 1,109440,88
144.51921,0.13586718750002547,74,127,BRASS 1,Brass Section _ 1,Brass Section _ 1,109632,100
144.51921,0.16304062500000782,62,127,BRASS 1,Brass Section _ 1,Brass Section _ 1,109632,120
144.780075,0.2010834374999888,65,127,BRASS 1,Brass Section _ 1,Brass Section _ 1,109824,148
144.780075,0.2391262499999982,77,127,BRASS 1,Brass Section _ 1,Brass Section _ 1,109824,176
145.04094,0.09782437499998764,74,127,BRASS 1,Brass Section _ 1,Brass Section _ 1,110016,72
145.04094,0.10869374999998627,62,123,BRASS 1,Brass Section _ 1,Brass Section _ 1,110016,80
145.301805,0.22282218749998606,62,127,BRASS 1,Brass Section _ 1,Brass Section _ 1,110208,164
145.301805,0.24456093750001173,74,127,BRASS 1,Brass Section _ 1,Brass Section _ 1,110208,180
145.56267,0.09238968750000254,72,127,BRASS 1,Brass Section _ 1,Brass Section _ 1,110400,68
145.56267,0.11956312500001332,60,126,BRASS 1,Brass Section _ 1,Brass Section _ 1,110400,88
145.823535,0.3423853124999994,62,127,BRASS 1,Brass Section _ 1,Brass Section _ 1,110592,252
145.823535,0.353254687499998,74,127,BRASS 1,Brass Section _ 1,Brass Section _ 1,110592,260
148.17132,0.09238968750000254,67,126,BRASS 1,Brass Section _ 1,Brass Section _ 1,112320,68
148.17132,0.13586718749999704,79,127,BRASS 1,Brass Section _ 1,Brass Section _ 1,112320,100
148.432185,0.11412843749999979,67,127,BRASS 1,Brass Section _ 1,Brass Section _ 1,112512,84
148.432185,0.14673656249999567,79,127,BRASS 1,Brass Section _ 1,Brass Section _ 1,112512,108
148.69305,0.13043250000001194,67,127,BRASS 1,Brass Section _ 1,Brass Section _ 1,112704,96
148.69305,0.19021406249999018,79,127,BRASS 1,Brass Section _ 1,Brass Section _ 1,112704,140
148.953915,0.11412843749999979,65,127,BRASS 1,Brass Section _ 1,Brass Section _ 1,112896,84
148.953915,0.12499781249999842,77,127,BRASS 1,Brass Section _ 1,Brass Section _ 1,112896,92
149.21478,0.10869375000001469,65,127,BRASS 1,Brass Section _ 1,Brass Section _ 1,113088,80
149.21478,0.11956312500001332,77,127,BRASS 1,Brass Section _ 1,Brass Section _ 1,113088,88
149.475645,0.12499781250002684,77,127,BRASS 1,Brass Section _ 1,Brass Section _ 1,113280,92
149.475645,0.12499781250002684,65,127,BRASS 1,Brass Section _ 1,Brass Section _ 1,113280,92
149.73651,0.15217124999998077,77,127,BRASS 1,Brass Section _ 1,Brass Section _ 1,113472,112
149.73651,0.2010834374999888,65,127,BRASS 1,Brass Section _ 1,Brass Section _ 1,113472,148
149.997375,0.15217124999998077,79,127,BRASS 1,Brass Section _ 1,Brass Section _ 1,113664,112
149.997375,0.16304062500000782,67,127,BRASS 1,Brass Section _ 1,Brass Section _ 1,113664,120
150.25824,0.24999562499999683,67,127,BRASS 1,Brass Section _ 1,Brass Section _ 1,113856,184
150.25824,0.29347312499999134,79,127,BRASS 1,Brass Section _ 1,Brass Section _ 1,113856,216
152.34516,0.13586718749999704,74,127,BRASS 1,Brass Section _ 1,Brass Section _ 1,115392,100
152.34516,0.13586718749999704,62,127,BRASS 1,Brass Section _ 1,Brass Section _ 1,115392,100
152.606025,0.10325906250000116,62,127,BRASS 1,Brass Section _ 1,Brass Section _ 1,115584,76
152.606025,0.11412843749999979,74,127,BRASS 1,Brass Section _ 1,Brass Section _ 1,115584,84
152.86689,0.14130187499998215,74,127,BRASS 1,Brass Section _ 1,Brass Section _ 1,115776,104
152.86689,0.1576059374999943,62,125,BRASS 1,Brass Section _ 1,Brass Section _ 1,115776,116
153.127755,0.17391000000000645,65,127,BRASS 1,Brass Section _ 1,Brass Section _ 1,115968,128
153.127755,0.21195281249998743,77,127,BRASS 1,Brass Section _ 1,Brass Section _ 1,115968,156
153.38862,0.10869374999998627,74,127,BRASS 1,Brass Section _ 1,Brass Section _ 1,116160,80
153.38862,0.1195631249999849,62,125,BRASS 1,Brass Section _ 1,Brass Section _ 1,116160,88
153.649485,0.22825687499999958,62,127,BRASS 1,Brass Section _ 1,Brass Section _ 1,116352,168
153.649485,0.25543031250001036,74,127,BRASS 1,Brass Section _ 1,Brass Section _ 1,116352,188
153.91035,0.10869375000001469,72,121,BRASS 1,Brass Section _ 1,Brass Section _ 1,116544,80
153.91035,0.26086499999999546,60,118,BRASS 1,Brass Section _ 1,Brass Section _ 1,116544,192
154.171215,0.33695062500001427,62,127,BRASS 1,Brass Section _ 1,Brass Section _ 1,116736,248
154.171215,0.40216687500000603,74,127,BRASS 1,Brass Section _ 1,Brass Section _ 1,116736,296
156.519,0.11412843749999979,81,127,BRASS 1,Brass Section _ 1,Brass Section _ 1,118464,84
156.779865,0.08152031250000391,69,109,BRASS 1,Brass Section _ 1,Brass Section _ 1,118656,60
156.779865,0.10325906250000116,81,127,BRASS 1,Brass Section _ 1,Brass Section _ 1,118656,76
157.04073,0.14673656249999567,69,109,BRASS 1,Brass Section _ 1,Brass Section _ 1,118848,108
157.04073,0.16304062500000782,81,127,BRASS 1,Brass Section _ 1,Brass Section _ 1,118848,120
157.301595,0.1521712500000092,72,109,BRASS 1,Brass Section _ 1,Brass Section _ 1,119040,112
157.301595,0.22825687499999958,84,121,BRASS 1,Brass Section _ 1,Brass Section _ 1,119040,168
157.56246,0.12499781250002684,81,125,BRASS 1,Brass Section _ 1,Brass Section _ 1,119232,92
157.56246,0.14130187500001057,69,116,BRASS 1,Brass Section _ 1,Brass Section _ 1,119232,104
157.823325,0.20651812500000233,69,127,BRASS 1,Brass Section _ 1,Brass Section _ 1,119424,152
157.823325,0.22825687499999958,81,127,BRASS 1,Brass Section _ 1,Brass Section _ 1,119424,168
158.08419,0.17391000000000645,79,127,BRASS 1,Brass Section _ 1,Brass Section _ 1,119616,128
158.08419,0.2717343749999941,67,123,BRASS 1,Brass Section _ 1,Brass Section _ 1,119616,200
158.345055,0.21738750000000095,69,127,BRASS 1,Brass Section _ 1,Brass Section _ 1,119808,160
158.345055,0.26086499999999546,81,127,BRASS 1,Brass Section _ 1,Brass Section _ 1,119808,192
158.60592,0.16847531249999292,62,126,BRASS 1,Brass Section _ 1,Brass Section _ 1,120000,124
158.60592,0.1956487500000037,74,127,BRASS 1,Brass Section _ 1,Brass Section _ 1,120000,144
158.866785,0.17391000000000645,74,127,BRASS 1,Brass Section _ 1,Brass Section _ 1,120192,128
159.12765,0.21195281250001585,74,127,BRASS 1,Brass Section _ 1,Brass Section _ 1,120384,156
158.866785,0.49455656250000857,62,123,BRASS 1,Brass Section _ 1,Brass Section _ 1,120192,364
159.388515,0.21738750000000095,77,127,BRASS 1,Brass Section _ 1,Brass Section _ 1,120576,160
159.388515,0.21738750000000095,65,127,BRASS 1,Brass Section _ 1,Brass Section _ 1,120576,160
159.64938,0.1956487500000037,74,126,BRASS 1,Brass Section _ 1,Brass Section _ 1,120768,144
159.64938,0.29347312499999134,62,121,BRASS 1,Brass Section _ 1,Brass Section _ 1,120768,216
159.910245,0.16304062500000782,65,127,BRASS 1,Brass Section _ 1,Brass Section _ 1,120960,120
159.910245,0.17934468749999155,77,126,BRASS 1,Brass Section _ 1,Brass Section _ 1,120960,132
160.17111,0.266299687500009,77,127,BRASS 1,Brass Section _ 1,Brass Section _ 1,121152,196
160.17111,0.3152118749999886,65,127,BRASS 1,Brass Section _ 1,Brass Section _ 1,121152,232
160.431975,0.266299687500009,62,127,BRASS 1,Brass Section _ 1,Brass Section _ 1,121344,196
160.431975,0.2717343749999941,74,127,BRASS 1,Brass Section _ 1,Brass Section _ 1,121344,200
121.26418218750001,0.29890781250000487,53,72,CLEAN GTR,Electric Guitar (clean) _ 1,Electric Guitar (clean) _ 1,92516,220
121.70439187500001,0.12499781249999842,53,72,CLEAN GTR,Electric Guitar (clean) _ 1,Electric Guitar (clean) _ 1,92840,92
122.00329968750002,0.11412843749999979,53,72,CLEAN GTR,Electric Guitar (clean) _ 1,Electric Guitar (clean) _ 1,93060,84
122.30764218750001,0.13586718750001125,53,72,CLEAN GTR,Electric Guitar (clean) _ 1,Electric Guitar (clean) _ 1,93284,100
122.62285406250001,0.1195631249999991,53,72,CLEAN GTR,Electric Guitar (clean) _ 1,Electric Guitar (clean) _ 1,93516,88
122.93806593750001,0.26086499999999546,53,72,CLEAN GTR,Electric Guitar (clean) _ 1,Electric Guitar (clean) _ 1,93748,192
129.5575153125,0.054346875000021555,50,46,CLEAN GTR,Electric Guitar (clean) _ 1,Electric Guitar (clean) _ 1,98620,40
129.6662090625,0.05434687499999313,50,64,CLEAN GTR,Electric Guitar (clean) _ 1,Electric Guitar (clean) _ 1,98700,40
129.7803375,0.06521624999999176,50,72,CLEAN GTR,Electric Guitar (clean) _ 1,Electric Guitar (clean) _ 1,98784,48
130.204243125,0.07065093750000528,50,20,CLEAN GTR,Electric Guitar (clean) _ 1,Electric Guitar (clean) _ 1,99096,52
130.3020675,0.11412843749999979,50,38,CLEAN GTR,Electric Guitar (clean) _ 1,Electric Guitar (clean) _ 1,99168,84
130.4325,0.1195631249999849,53,61,CLEAN GTR,Electric Guitar (clean) _ 1,Electric Guitar (clean) _ 1,99264,88
130.5629325,0.07065093750000528,50,70,CLEAN GTR,Electric Guitar (clean) _ 1,Electric Guitar (clean) _ 1,99360,52
9.652004999999999,0.7499868750000012,38,117,DRUMS,Drum Kit _ 1,Drum Kit _ 1,10368,552
10.173735,0.5162953124999987,49,117,DRUMS,Drum Kit _ 1,Drum Kit _ 1,10752,380
10.173735,0.5869462499999987,35,127,DRUMS,Drum Kit _ 1,Drum Kit _ 1,10752,432
10.695465000000002,0.1413018749999999,42,117,DRUMS,Drum Kit _ 1,Drum Kit _ 1,11136,104
10.956330000000001,0.07608562500000104,42,75,DRUMS,Drum Kit _ 1,Drum Kit _ 1,11328,56
10.956330000000001,0.1358671875000006,35,126,DRUMS,Drum Kit _ 1,Drum Kit _ 1,11328,100
11.217195,0.1195631249999991,42,117,DRUMS,Drum Kit _ 1,Drum Kit _ 1,11520,88
10.695465000000002,0.815203125,38,117,DRUMS,Drum Kit _ 1,Drum Kit _ 1,11136,600
11.47806,0.08152031250000036,42,51,DRUMS,Drum Kit _ 1,Drum Kit _ 1,11712,60
11.738924999999998,0.1413018749999999,42,117,DRUMS,Drum Kit _ 1,Drum Kit _ 1,11904,104
11.99979,0.09238968749999898,42,51,DRUMS,Drum Kit _ 1,Drum Kit _ 1,12096,68
11.217195,0.8858540624999982,35,127,DRUMS,Drum Kit _ 1,Drum Kit _ 1,11520,652
12.260655,0.12499781249999842,42,117,DRUMS,Drum Kit _ 1,Drum Kit _ 1,12288,92
11.738924999999998,0.7880296874999999,38,117,DRUMS,Drum Kit _ 1,Drum Kit _ 1,11904,580
12.521519999999999,0.08152031250000036,42,64,DRUMS,Drum Kit _ 1,Drum Kit _ 1,12480,60
12.260655,0.6249890624999992,35,127,DRUMS,Drum Kit _ 1,Drum Kit _ 1,12288,460
12.782385000000001,0.13043249999999773,42,117,DRUMS,Drum Kit _ 1,Drum Kit _ 1,12672,96
13.04325,0.09238968749999898,42,72,DRUMS,Drum Kit _ 1,Drum Kit _ 1,12864,68
13.04325,0.11412843749999979,35,125,DRUMS,Drum Kit _ 1,Drum Kit _ 1,12864,84
13.304115,0.11412843749999979,42,117,DRUMS,Drum Kit _ 1,Drum Kit _ 1,13056,84
12.782385000000001,0.815203125,38,117,DRUMS,Drum Kit _ 1,Drum Kit _ 1,12672,600
13.564979999999998,0.08695500000000322,42,71,DRUMS,Drum Kit _ 1,Drum Kit _ 1,13248,64
13.825845000000001,0.13043249999999773,42,117,DRUMS,Drum Kit _ 1,Drum Kit _ 1,13440,96
13.304115,0.8260725000000022,35,127,DRUMS,Drum Kit _ 1,Drum Kit _ 1,13056,608
14.08671,0.08695499999999967,42,66,DRUMS,Drum Kit _ 1,Drum Kit _ 1,13632,64
14.347574999999999,0.11412843749999979,42,117,DRUMS,Drum Kit _ 1,Drum Kit _ 1,13824,84
13.825845000000001,0.7608562499999998,38,117,DRUMS,Drum Kit _ 1,Drum Kit _ 1,13440,560
14.608440000000002,0.10325906249999761,42,70,DRUMS,Drum Kit _ 1,Drum Kit _ 1,14016,76
14.347574999999999,0.6141196875000006,35,127,DRUMS,Drum Kit _ 1,Drum Kit _ 1,13824,452
14.869305,0.11412843749999979,42,117,DRUMS,Drum Kit _ 1,Drum Kit _ 1,14208,84
15.13017,0.10325906250000116,42,72,DRUMS,Drum Kit _ 1,Drum Kit _ 1,14400,76
15.13017,0.11412843749999979,35,127,DRUMS,Drum Kit _ 1,Drum Kit _ 1,14400,84
15.391034999999999,0.12499781250000197,42,117,DRUMS,Drum Kit _ 1,Drum Kit _ 1,14592,92
14.869305,0.7825950000000006,38,117,DRUMS,Drum Kit _ 1,Drum Kit _ 1,14208,576
15.651900000000001,0.09238968749999898,42,50,DRUMS,Drum Kit _ 1,Drum Kit _ 1,14784,68
15.912765,0.13043250000000128,42,117,DRUMS,Drum Kit _ 1,Drum Kit _ 1,14976,96
15.391034999999999,0.8695500000000003,35,127,DRUMS,Drum Kit _ 1,Drum Kit _ 1,14592,640
16.17363,0.09238968750000254,42,59,DRUMS,Drum Kit _ 1,Drum Kit _ 1,15168,68
16.434495,0.12499781250000197,42,117,DRUMS,Drum Kit _ 1,Drum Kit _ 1,15360,92
15.912765,0.8097684375000007,38,117,DRUMS,Drum Kit _ 1,Drum Kit _ 1,14976,596
16.69536,0.08152031250000036,42,64,DRUMS,Drum Kit _ 1,Drum Kit _ 1,15552,60
16.434495,0.6249890625000027,35,127,DRUMS,Drum Kit _ 1,Drum Kit _ 1,15360,460
16.956225,0.13043250000000128,42,117,DRUMS,Drum Kit _ 1,Drum Kit _ 1,15744,96
17.21709,0.09238968750000254,42,72,DRUMS,Drum Kit _ 1,Drum Kit _ 1,15936,68
17.21709,0.11412843749999979,35,125,DRUMS,Drum Kit _ 1,Drum Kit _ 1,15936,84
17.477955,0.11412843749999979,42,117,DRUMS,Drum Kit _ 1,Drum Kit _ 1,16128,84
16.956225,0.815203125,38,117,DRUMS,Drum Kit _ 1,Drum Kit _ 1,15744,600
17.73882,0.08695499999999967,42,71,DRUMS,Drum Kit _ 1,Drum Kit _ 1,16320,64
17.999685,0.13043250000000128,42,117,DRUMS,Drum Kit _ 1,Drum Kit _ 1,16512,96
17.477955,0.8260724999999987,35,127,DRUMS,Drum Kit _ 1,Drum Kit _ 1,16128,608
18.26055,0.08695500000000322,42,66,DRUMS,Drum Kit _ 1,Drum Kit _ 1,16704,64
18.521415,0.11412843749999979,42,117,DRUMS,Drum Kit _ 1,Drum Kit _ 1,16896,84
17.999685,0.7608562499999998,38,117,DRUMS,Drum Kit _ 1,Drum Kit _ 1,16512,560
18.78228,0.10325906250000116,42,70,DRUMS,Drum Kit _ 1,Drum Kit _ 1,17088,76
18.521415,0.6141196875000006,35,127,DRUMS,Drum Kit _ 1,Drum Kit _ 1,16896,452
19.043145,0.11412843749999979,42,117,DRUMS,Drum Kit _ 1,Drum Kit _ 1,17280,84
19.30401,0.10325906249999761,42,72,DRUMS,Drum Kit _ 1,Drum Kit _ 1,17472,76
19.30401,0.11412843749999979,35,127,DRUMS,Drum Kit _ 1,Drum Kit _ 1,17472,84
19.564875,0.12499781249999842,42,117,DRUMS,Drum Kit _ 1,Drum Kit _ 1,17664,92
19.043145,0.7825950000000006,38,117,DRUMS,Drum Kit _ 1,Drum Kit _ 1,17280,576
19.82574,0.09238968749999898,42,50,DRUMS,Drum Kit _ 1,Drum Kit _ 1,17856,68
20.086605,0.13043250000000128,42,117,DRUMS,Drum Kit _ 1,Drum Kit _ 1,18048,96
19.564875,0.8695500000000003,35,127,DRUMS,Drum Kit _ 1,Drum Kit _ 1,17664,640
20.34747,0.09238968749999898,42,59,DRUMS,Drum Kit _ 1,Drum Kit _ 1,18240,68
20.608335,0.12499781249999842,42,117,DRUMS,Drum Kit _ 1,Drum Kit _ 1,18432,92
20.086605,0.8097684375000007,38,117,DRUMS,Drum Kit _ 1,Drum Kit _ 1,18048,596
20.8692,0.08152031250000036,42,64,DRUMS,Drum Kit _ 1,Drum Kit _ 1,18624,60
20.608335,0.6249890624999992,35,127,DRUMS,Drum Kit _ 1,Drum Kit _ 1,18432,460
21.130065000000002,0.13043249999999773,42,117,DRUMS,Drum Kit _ 1,Drum Kit _ 1,18816,96
21.39093,0.09238968749999898,42,72,DRUMS,Drum Kit _ 1,Drum Kit _ 1,19008,68
21.39093,0.11412843749999979,35,125,DRUMS,Drum Kit _ 1,Drum Kit _ 1,19008,84
21.651795,0.11412843749999979,42,117,DRUMS,Drum Kit _ 1,Drum Kit _ 1,19200,84
21.130065000000002,0.815203125,38,117,DRUMS,Drum Kit _ 1,Drum Kit _ 1,18816,600
21.91266,0.08695499999999967,42,71,DRUMS,Drum Kit _ 1,Drum Kit _ 1,19392,64
22.173525,0.13043249999999773,42,117,DRUMS,Drum Kit _ 1,Drum Kit _ 1,19584,96
21.651795,0.8260725000000022,35,127,DRUMS,Drum Kit _ 1,Drum Kit _ 1,19200,608
22.43439,0.08695499999999967,42,66,DRUMS,Drum Kit _ 1,Drum Kit _ 1,19776,64
22.695255,0.11412843749999979,42,117,DRUMS,Drum Kit _ 1,Drum Kit _ 1,19968,84
22.173525,0.7608562499999998,38,117,DRUMS,Drum Kit _ 1,Drum Kit _ 1,19584,560
22.956120000000002,0.10325906249999761,42,70,DRUMS,Drum Kit _ 1,Drum Kit _ 1,20160,76
22.695255,0.6141196875000006,35,127,DRUMS,Drum Kit _ 1,Drum Kit _ 1,19968,452
23.216985,0.11412843749999979,42,117,DRUMS,Drum Kit _ 1,Drum Kit _ 1,20352,84
23.47785,0.10325906250000116,42,72,DRUMS,Drum Kit _ 1,Drum Kit _ 1,20544,76
23.47785,0.11412843749999979,35,127,DRUMS,Drum Kit _ 1,Drum Kit _ 1,20544,84
23.738715,0.12499781250000197,42,117,DRUMS,Drum Kit _ 1,Drum Kit _ 1,20736,92
23.216985,0.7825950000000006,38,117,DRUMS,Drum Kit _ 1,Drum Kit _ 1,20352,576
23.99958,0.09238968749999898,42,50,DRUMS,Drum Kit _ 1,Drum Kit _ 1,20928,68
24.260445,0.13043250000000128,42,117,DRUMS,Drum Kit _ 1,Drum Kit _ 1,21120,96
23.738715,0.8695500000000003,35,127,DRUMS,Drum Kit _ 1,Drum Kit _ 1,20736,640
24.52131,0.09238968750000254,42,59,DRUMS,Drum Kit _ 1,Drum Kit _ 1,21312,68
24.782175000000002,0.12499781249999842,42,117,DRUMS,Drum Kit _ 1,Drum Kit _ 1,21504,92
24.260445,0.8097684375000007,38,117,DRUMS,Drum Kit _ 1,Drum Kit _ 1,21120,596
25.04304,0.08152031250000036,42,64,DRUMS,Drum Kit _ 1,Drum Kit _ 1,21696,60
24.782175000000002,0.6249890624999992,35,127,DRUMS,Drum Kit _ 1,Drum Kit _ 1,21504,460
25.303905,0.13043250000000128,42,117,DRUMS,Drum Kit _ 1,Drum Kit _ 1,21888,96
25.56477,0.09238968750000254,42,72,DRUMS,Drum Kit _ 1,Drum Kit _ 1,22080,68
25.56477,0.11412843749999979,35,125,DRUMS,Drum Kit _ 1,Drum Kit _ 1,22080,84
25.825635000000002,0.11412843749999979,42,117,DRUMS,Drum Kit _ 1,Drum Kit _ 1,22272,84
25.303905,0.815203125,38,117,DRUMS,Drum Kit _ 1,Drum Kit _ 1,21888,600
26.0865,0.08695499999999967,42,71,DRUMS,Drum Kit _ 1,Drum Kit _ 1,22464,64
26.347365,0.13043250000000128,42,117,DRUMS,Drum Kit _ 1,Drum Kit _ 1,22656,96
25.825635000000002,0.8260724999999987,35,127,DRUMS,Drum Kit _ 1,Drum Kit _ 1,22272,608
26.60823,0.08695500000000322,42,66,DRUMS,Drum Kit _ 1,Drum Kit _ 1,22848,64
26.869095,0.11412843749999979,42,117,DRUMS,Drum Kit _ 1,Drum Kit _ 1,23040,84
26.347365,0.7608562499999998,38,117,DRUMS,Drum Kit _ 1,Drum Kit _ 1,22656,560
27.12996,0.10325906250000116,42,70,DRUMS,Drum Kit _ 1,Drum Kit _ 1,23232,76
26.869095,0.6141196875000006,35,127,DRUMS,Drum Kit _ 1,Drum Kit _ 1,23040,452
27.390825,0.11412843749999979,42,117,DRUMS,Drum Kit _ 1,Drum Kit _ 1,23424,84
27.651690000000002,0.10325906250000116,42,72,DRUMS,Drum Kit _ 1,Drum Kit _ 1,23616,76
27.651690000000002,0.11412843749999979,35,127,DRUMS,Drum Kit _ 1,Drum Kit _ 1,23616,84
27.912554999999998,0.12499781250000552,42,117,DRUMS,Drum Kit _ 1,Drum Kit _ 1,23808,92
27.390825,0.7825950000000006,38,117,DRUMS,Drum Kit _ 1,Drum Kit _ 1,23424,576
28.17342,0.09238968750000254,42,50,DRUMS,Drum Kit _ 1,Drum Kit _ 1,24000,68
28.434285000000003,0.13043249999999773,42,117,DRUMS,Drum Kit _ 1,Drum Kit _ 1,24192,96
27.912554999999998,0.8695500000000038,35,127,DRUMS,Drum Kit _ 1,Drum Kit _ 1,23808,640
28.695149999999998,0.09238968750000254,42,59,DRUMS,Drum Kit _ 1,Drum Kit _ 1,24384,68
28.956015,0.12499781249999842,42,117,DRUMS,Drum Kit _ 1,Drum Kit _ 1,24576,92
28.434285000000003,0.8097684374999972,38,117,DRUMS,Drum Kit _ 1,Drum Kit _ 1,24192,596
29.216880000000003,0.0815203124999968,42,64,DRUMS,Drum Kit _ 1,Drum Kit _ 1,24768,60
28.956015,0.6249890624999992,35,127,DRUMS,Drum Kit _ 1,Drum Kit _ 1,24576,460
29.477745,0.13043250000000484,42,117,DRUMS,Drum Kit _ 1,Drum Kit _ 1,24960,96
29.73861,0.09238968750000254,42,72,DRUMS,Drum Kit _ 1,Drum Kit _ 1,25152,68
29.73861,0.11412843749999979,35,125,DRUMS,Drum Kit _ 1,Drum Kit _ 1,25152,84
29.999475000000004,0.11412843749999979,42,117,DRUMS,Drum Kit _ 1,Drum Kit _ 1,25344,84
29.477745,0.8152031250000036,38,117,DRUMS,Drum Kit _ 1,Drum Kit _ 1,24960,600
30.26034,0.08695500000000322,42,71,DRUMS,Drum Kit _ 1,Drum Kit _ 1,25536,64
30.521205000000002,0.13043249999999773,42,117,DRUMS,Drum Kit _ 1,Drum Kit _ 1,25728,96
29.999475000000004,0.8260724999999951,35,127,DRUMS,Drum Kit _ 1,Drum Kit _ 1,25344,608
30.782069999999997,0.08695500000000322,42,66,DRUMS,Drum Kit _ 1,Drum Kit _ 1,25920,64
31.042935,0.11412843749999979,42,117,DRUMS,Drum Kit _ 1,Drum Kit _ 1,26112,84
30.521205000000002,0.7608562499999962,38,117,DRUMS,Drum Kit _ 1,Drum Kit _ 1,25728,560
31.303800000000003,0.10325906250000116,42,70,DRUMS,Drum Kit _ 1,Drum Kit _ 1,26304,76
31.042935,0.6141196875000006,35,127,DRUMS,Drum Kit _ 1,Drum Kit _ 1,26112,452
31.564664999999998,0.11412843749999979,42,117,DRUMS,Drum Kit _ 1,Drum Kit _ 1,26496,84
31.82553,0.10325906250000116,42,72,DRUMS,Drum Kit _ 1,Drum Kit _ 1,26688,76
31.82553,0.11412843749999979,35,127,DRUMS,Drum Kit _ 1,Drum Kit _ 1,26688,84
32.086395,0.12499781249999842,42,117,DRUMS,Drum Kit _ 1,Drum Kit _ 1,26880,92
31.564664999999998,0.7825950000000006,38,117,DRUMS,Drum Kit _ 1,Drum Kit _ 1,26496,576
32.34726,0.09238968750000254,42,50,DRUMS,Drum Kit _ 1,Drum Kit _ 1,27072,68
32.608125,0.13043249999999773,42,117,DRUMS,Drum Kit _ 1,Drum Kit _ 1,27264,96
32.086395,0.8695499999999967,35,127,DRUMS,Drum Kit _ 1,Drum Kit _ 1,26880,640
32.868990000000004,0.09238968749999543,42,59,DRUMS,Drum Kit _ 1,Drum Kit _ 1,27456,68
33.129855,0.12499781249999842,42,117,DRUMS,Drum Kit _ 1,Drum Kit _ 1,27648,92
32.608125,0.8097684374999972,38,117,DRUMS,Drum Kit _ 1,Drum Kit _ 1,27264,596
33.39072,0.0815203124999968,42,64,DRUMS,Drum Kit _ 1,Drum Kit _ 1,27840,60
33.129855,0.6249890624999992,35,127,DRUMS,Drum Kit _ 1,Drum Kit _ 1,27648,460
33.651585000000004,0.13043249999999773,42,117,DRUMS,Drum Kit _ 1,Drum Kit _ 1,28032,96
33.91245,0.09238968750000254,42,72,DRUMS,Drum Kit _ 1,Drum Kit _ 1,28224,68
33.91245,0.11412843749999979,35,125,DRUMS,Drum Kit _ 1,Drum Kit _ 1,28224,84
34.173315,0.11412843749999979,42,117,DRUMS,Drum Kit _ 1,Drum Kit _ 1,28416,84
33.651585000000004,0.8152031249999965,38,117,DRUMS,Drum Kit _ 1,Drum Kit _ 1,28032,600
34.43418,0.08695500000000322,42,71,DRUMS,Drum Kit _ 1,Drum Kit _ 1,28608,64
34.695045,0.13043249999999773,42,117,DRUMS,Drum Kit _ 1,Drum Kit _ 1,28800,96
34.173315,0.8260725000000022,35,127,DRUMS,Drum Kit _ 1,Drum Kit _ 1,28416,608
34.95591,0.08695499999999612,42,66,DRUMS,Drum Kit _ 1,Drum Kit _ 1,28992,64
35.216775,0.11412843749999979,42,117,DRUMS,Drum Kit _ 1,Drum Kit _ 1,29184,84
34.695045,0.7608562500000033,38,117,DRUMS,Drum Kit _ 1,Drum Kit _ 1,28800,560
35.47764,0.10325906250000116,42,70,DRUMS,Drum Kit _ 1,Drum Kit _ 1,29376,76
35.216775,0.6141196875000006,35,127,DRUMS,Drum Kit _ 1,Drum Kit _ 1,29184,452
35.738505,0.11412843749999979,42,117,DRUMS,Drum Kit _ 1,Drum Kit _ 1,29568,84
35.99937,0.10325906250000116,42,72,DRUMS,Drum Kit _ 1,Drum Kit _ 1,29760,76
35.99937,0.11412843749999979,35,127,DRUMS,Drum Kit _ 1,Drum Kit _ 1,29760,84
36.260235,0.12499781249999842,42,117,DRUMS,Drum Kit _ 1,Drum Kit _ 1,29952,92
35.738505,0.7825950000000006,38,117,DRUMS,Drum Kit _ 1,Drum Kit _ 1,29568,576
36.521100000000004,0.09238968749999543,42,50,DRUMS,Drum Kit _ 1,Drum Kit _ 1,30144,68
36.781965,0.13043250000000484,42,117,DRUMS,Drum Kit _ 1,Drum Kit _ 1,30336,96
36.260235,0.8695499999999967,35,127,DRUMS,Drum Kit _ 1,Drum Kit _ 1,29952,640
37.04283,0.09238968750000254,42,59,DRUMS,Drum Kit _ 1,Drum Kit _ 1,30528,68
37.303695,0.12499781250000552,42,117,DRUMS,Drum Kit _ 1,Drum Kit _ 1,30720,92
36.781965,0.8097684375000043,38,117,DRUMS,Drum Kit _ 1,Drum Kit _ 1,30336,596
37.56456,0.08152031250000391,42,64,DRUMS,Drum Kit _ 1,Drum Kit _ 1,30912,60
37.303695,0.6249890625000063,35,127,DRUMS,Drum Kit _ 1,Drum Kit _ 1,30720,460
37.825425,0.13043249999999773,42,117,DRUMS,Drum Kit _ 1,Drum Kit _ 1,31104,96
38.08629,0.09238968750000254,42,72,DRUMS,Drum Kit _ 1,Drum Kit _ 1,31296,68
38.08629,0.11412843749999979,35,125,DRUMS,Drum Kit _ 1,Drum Kit _ 1,31296,84
38.347155,0.11412843749999979,42,117,DRUMS,Drum Kit _ 1,Drum Kit _ 1,31488,84
37.825425,0.8152031249999965,38,117,DRUMS,Drum Kit _ 1,Drum Kit _ 1,31104,600
38.60802,0.08695499999999612,42,71,DRUMS,Drum Kit _ 1,Drum Kit _ 1,31680,64
38.868885,0.13043250000000484,42,117,DRUMS,Drum Kit _ 1,Drum Kit _ 1,31872,96
38.347155,0.8260725000000022,35,127,DRUMS,Drum Kit _ 1,Drum Kit _ 1,31488,608
39.12975,0.08695500000000322,42,66,DRUMS,Drum Kit _ 1,Drum Kit _ 1,32064,64
39.390615000000004,0.11412843749999979,42,117,DRUMS,Drum Kit _ 1,Drum Kit _ 1,32256,84
38.868885,0.7608562500000033,38,117,DRUMS,Drum Kit _ 1,Drum Kit _ 1,31872,560
39.65148,0.10325906250000116,42,70,DRUMS,Drum Kit _ 1,Drum Kit _ 1,32448,76
39.390615000000004,0.6141196875000006,35,127,DRUMS,Drum Kit _ 1,Drum Kit _ 1,32256,452
39.912345,0.11412843749999979,42,117,DRUMS,Drum Kit _ 1,Drum Kit _ 1,32640,84
40.173210000000005,0.10325906249999406,42,72,DRUMS,Drum Kit _ 1,Drum Kit _ 1,32832,76
40.173210000000005,0.11412843749999979,35,127,DRUMS,Drum Kit _ 1,Drum Kit _ 1,32832,84
40.434075,0.12499781249999842,42,117,DRUMS,Drum Kit _ 1,Drum Kit _ 1,33024,92
39.912345,0.7825950000000006,38,117,DRUMS,Drum Kit _ 1,Drum Kit _ 1,32640,576
40.69494,0.09238968749999543,42,50,DRUMS,Drum Kit _ 1,Drum Kit _ 1,33216,68
40.955805,0.13043250000000484,42,117,DRUMS,Drum Kit _ 1,Drum Kit _ 1,33408,96
40.434075,0.8695500000000038,35,127,DRUMS,Drum Kit _ 1,Drum Kit _ 1,33024,640
41.21667,0.09238968750000254,42,59,DRUMS,Drum Kit _ 1,Drum Kit _ 1,33600,68
41.477535,0.12499781249999842,42,117,DRUMS,Drum Kit _ 1,Drum Kit _ 1,33792,92
40.955805,0.8097684375000043,38,117,DRUMS,Drum Kit _ 1,Drum Kit _ 1,33408,596
41.7384,0.08152031250000391,42,64,DRUMS,Drum Kit _ 1,Drum Kit _ 1,33984,60
41.477535,0.6249890624999992,35,127,DRUMS,Drum Kit _ 1,Drum Kit _ 1,33792,460
41.999265,0.13043249999999773,42,117,DRUMS,Drum Kit _ 1,Drum Kit _ 1,34176,96
42.260130000000004,0.09238968749999543,42,72,DRUMS,Drum Kit _ 1,Drum Kit _ 1,34368,68
42.260130000000004,0.11412843749999979,35,125,DRUMS,Drum Kit _ 1,Drum Kit _ 1,34368,84
42.520995,0.11412843749999979,42,117,DRUMS,Drum Kit _ 1,Drum Kit _ 1,34560,84
41.999265,0.7499868749999976,54,127,DRUMS,Drum Kit _ 1,Drum Kit _ 1,34176,552
41.999265,0.8152031250000036,38,117,DRUMS,Drum Kit _ 1,Drum Kit _ 1,34176,600
42.78186,0.08695500000000322,42,71,DRUMS,Drum Kit _ 1,Drum Kit _ 1,34752,64
43.042725000000004,0.13043249999999773,42,117,DRUMS,Drum Kit _ 1,Drum Kit _ 1,34944,96
42.520995,0.8260725000000022,35,127,DRUMS,Drum Kit _ 1,Drum Kit _ 1,34560,608
43.30359,0.08695500000000322,42,66,DRUMS,Drum Kit _ 1,Drum Kit _ 1,35136,64
43.564455,0.11412843749999979,42,117,DRUMS,Drum Kit _ 1,Drum Kit _ 1,35328,84
43.042725000000004,0.7608562499999962,38,117,DRUMS,Drum Kit _ 1,Drum Kit _ 1,34944,560
43.042725000000004,0.7771603124999942,54,127,DRUMS,Drum Kit _ 1,Drum Kit _ 1,34944,572
43.825320000000005,0.10325906249999406,42,70,DRUMS,Drum Kit _ 1,Drum Kit _ 1,35520,76
43.564455,0.6141196875000006,35,127,DRUMS,Drum Kit _ 1,Drum Kit _ 1,35328,452
44.086185,0.11412843749999979,42,117,DRUMS,Drum Kit _ 1,Drum Kit _ 1,35712,84
44.34705,0.10325906250000116,42,72,DRUMS,Drum Kit _ 1,Drum Kit _ 1,35904,76
44.34705,0.11412843749999979,35,127,DRUMS,Drum Kit _ 1,Drum Kit _ 1,35904,84
44.607915,0.12499781250000552,42,117,DRUMS,Drum Kit _ 1,Drum Kit _ 1,36096,92
44.086185,0.7445521874999983,54,127,DRUMS,Drum Kit _ 1,Drum Kit _ 1,35712,548
44.086185,0.7825950000000006,38,117,DRUMS,Drum Kit _ 1,Drum Kit _ 1,35712,576
44.86878,0.09238968750000254,42,50,DRUMS,Drum Kit _ 1,Drum Kit _ 1,36288,68
45.129645000000004,0.13043249999999773,42,117,DRUMS,Drum Kit _ 1,Drum Kit _ 1,36480,96
44.607915,0.8695500000000038,35,127,DRUMS,Drum Kit _ 1,Drum Kit _ 1,36096,640
45.39051,0.09238968750000254,42,59,DRUMS,Drum Kit _ 1,Drum Kit _ 1,36672,68
45.651375,0.12499781249999842,42,117,DRUMS,Drum Kit _ 1,Drum Kit _ 1,36864,92
45.129645000000004,0.7662909374999956,54,127,DRUMS,Drum Kit _ 1,Drum Kit _ 1,36480,564
45.129645000000004,0.8097684374999972,38,117,DRUMS,Drum Kit _ 1,Drum Kit _ 1,36480,596
45.912240000000004,0.0815203124999968,42,64,DRUMS,Drum Kit _ 1,Drum Kit _ 1,37056,60
45.651375,0.6249890624999992,35,127,DRUMS,Drum Kit _ 1,Drum Kit _ 1,36864,460
46.173105,0.13043250000000484,42,117,DRUMS,Drum Kit _ 1,Drum Kit _ 1,37248,96
46.43397,0.09238968750000254,42,72,DRUMS,Drum Kit _ 1,Drum Kit _ 1,37440,68
46.43397,0.11412843749999979,35,125,DRUMS,Drum Kit _ 1,Drum Kit _ 1,37440,84
46.694835000000005,0.11412843749999979,42,117,DRUMS,Drum Kit _ 1,Drum Kit _ 1,37632,84
46.173105,0.6847706249999987,54,127,DRUMS,Drum Kit _ 1,Drum Kit _ 1,37248,504
46.173105,0.8152031250000036,38,117,DRUMS,Drum Kit _ 1,Drum Kit _ 1,37248,600
46.9557,0.08695500000000322,42,71,DRUMS,Drum Kit _ 1,Drum Kit _ 1,37824,64
47.216565,0.13043249999999773,42,117,DRUMS,Drum Kit _ 1,Drum Kit _ 1,38016,96
46.694835000000005,0.8260724999999951,35,127,DRUMS,Drum Kit _ 1,Drum Kit _ 1,37632,608
47.47743,0.08695500000000322,42,66,DRUMS,Drum Kit _ 1,Drum Kit _ 1,38208,64
47.738295,0.11412843749999979,42,117,DRUMS,Drum Kit _ 1,Drum Kit _ 1,38400,84
47.216565,0.6793359374999994,54,127,DRUMS,Drum Kit _ 1,Drum Kit _ 1,38016,500
47.216565,0.7608562499999962,38,117,DRUMS,Drum Kit _ 1,Drum Kit _ 1,38016,560
47.99916,0.10325906250000116,42,70,DRUMS,Drum Kit _ 1,Drum Kit _ 1,38592,76
47.738295,0.6141196875000006,35,127,DRUMS,Drum Kit _ 1,Drum Kit _ 1,38400,452
48.260025,0.11412843749999979,42,117,DRUMS,Drum Kit _ 1,Drum Kit _ 1,38784,84
48.52089,0.10325906250000116,42,72,DRUMS,Drum Kit _ 1,Drum Kit _ 1,38976,76
48.52089,0.11412843749999979,35,127,DRUMS,Drum Kit _ 1,Drum Kit _ 1,38976,84
48.781755000000004,0.12499781249999842,42,117,DRUMS,Drum Kit _ 1,Drum Kit _ 1,39168,92
48.260025,0.7065093750000031,54,127,DRUMS,Drum Kit _ 1,Drum Kit _ 1,38784,520
48.260025,0.7825950000000006,38,117,DRUMS,Drum Kit _ 1,Drum Kit _ 1,38784,576
49.04262,0.09238968750000254,42,50,DRUMS,Drum Kit _ 1,Drum Kit _ 1,39360,68
49.303485,0.13043249999999773,42,117,DRUMS,Drum Kit _ 1,Drum Kit _ 1,39552,96
48.781755000000004,0.8695499999999967,35,127,DRUMS,Drum Kit _ 1,Drum Kit _ 1,39168,640
49.564350000000005,0.09238968749999543,42,59,DRUMS,Drum Kit _ 1,Drum Kit _ 1,39744,68
49.825215,0.12499781249999842,42,117,DRUMS,Drum Kit _ 1,Drum Kit _ 1,39936,92
49.303485,0.6684665625000008,54,127,DRUMS,Drum Kit _ 1,Drum Kit _ 1,39552,492
49.303485,0.8097684374999972,38,117,DRUMS,Drum Kit _ 1,Drum Kit _ 1,39552,596
50.08608,0.0815203124999968,42,64,DRUMS,Drum Kit _ 1,Drum Kit _ 1,40128,60
49.825215,0.6249890624999992,35,127,DRUMS,Drum Kit _ 1,Drum Kit _ 1,39936,460
50.346945000000005,0.13043249999999773,42,117,DRUMS,Drum Kit _ 1,Drum Kit _ 1,40320,96
50.60781,0.09238968750000254,42,72,DRUMS,Drum Kit _ 1,Drum Kit _ 1,40512,68
50.60781,0.11412843749999979,35,125,DRUMS,Drum Kit _ 1,Drum Kit _ 1,40512,84
50.868675,0.11412843749999979,42,117,DRUMS,Drum Kit _ 1,Drum Kit _ 1,40704,84
50.346945000000005,0.739117499999999,54,127,DRUMS,Drum Kit _ 1,Drum Kit _ 1,40320,544
50.346945000000005,0.8152031249999965,38,117,DRUMS,Drum Kit _ 1,Drum Kit _ 1,40320,600
51.12954,0.08695500000000322,42,71,DRUMS,Drum Kit _ 1,Drum Kit _ 1,40896,64
51.390405,0.13043249999999773,42,117,DRUMS,Drum Kit _ 1,Drum Kit _ 1,41088,96
50.868675,0.8260725000000022,35,127,DRUMS,Drum Kit _ 1,Drum Kit _ 1,40704,608
51.651270000000004,0.08695499999999612,42,66,DRUMS,Drum Kit _ 1,Drum Kit _ 1,41280,64
51.912135,0.11412843749999979,42,117,DRUMS,Drum Kit _ 1,Drum Kit _ 1,41472,84
51.390405,0.6956399999999974,54,127,DRUMS,Drum Kit _ 1,Drum Kit _ 1,41088,512
51.390405,0.7608562500000033,38,117,DRUMS,Drum Kit _ 1,Drum Kit _ 1,41088,560
52.173,0.10325906250000116,42,70,DRUMS,Drum Kit _ 1,Drum Kit _ 1,41664,76
51.912135,0.6141196875000006,35,127,DRUMS,Drum Kit _ 1,Drum Kit _ 1,41472,452
52.433865000000004,0.11412843749999979,42,117,DRUMS,Drum Kit _ 1,Drum Kit _ 1,41856,84
52.69473,0.10325906250000116,42,72,DRUMS,Drum Kit _ 1,Drum Kit _ 1,42048,76
52.69473,0.11412843749999979,35,127,DRUMS,Drum Kit _ 1,Drum Kit _ 1,42048,84
52.955595,0.12499781249999842,42,117,DRUMS,Drum Kit _ 1,Drum Kit _ 1,42240,92
52.433865000000004,0.7336828124999997,54,127,DRUMS,Drum Kit _ 1,Drum Kit _ 1,41856,540
52.433865000000004,0.7825950000000006,38,117,DRUMS,Drum Kit _ 1,Drum Kit _ 1,41856,576
53.216460000000005,0.09238968749999543,42,50,DRUMS,Drum Kit _ 1,Drum Kit _ 1,42432,68
53.477325,0.13043250000000484,42,117,DRUMS,Drum Kit _ 1,Drum Kit _ 1,42624,96
52.955595,0.8695499999999967,35,127,DRUMS,Drum Kit _ 1,Drum Kit _ 1,42240,640
53.73819,0.09238968750000254,42,59,DRUMS,Drum Kit _ 1,Drum Kit _ 1,42816,68
53.999055000000006,0.12499781249999842,42,117,DRUMS,Drum Kit _ 1,Drum Kit _ 1,43008,92
53.477325,0.755421562500004,54,127,DRUMS,Drum Kit _ 1,Drum Kit _ 1,42624,556
53.477325,0.8097684375000043,38,117,DRUMS,Drum Kit _ 1,Drum Kit _ 1,42624,596
54.25992,0.08152031250000391,42,64,DRUMS,Drum Kit _ 1,Drum Kit _ 1,43200,60
53.999055000000006,0.6249890624999992,35,127,DRUMS,Drum Kit _ 1,Drum Kit _ 1,43008,460
54.520785000000004,0.13043249999999773,42,117,DRUMS,Drum Kit _ 1,Drum Kit _ 1,43392,96
54.78165,0.09238968750000254,42,72,DRUMS,Drum Kit _ 1,Drum Kit _ 1,43584,68
54.78165,0.11412843749999979,35,125,DRUMS,Drum Kit _ 1,Drum Kit _ 1,43584,84
55.042515,0.11412843749999979,42,117,DRUMS,Drum Kit _ 1,Drum Kit _ 1,43776,84
54.520785000000004,0.739117499999999,54,127,DRUMS,Drum Kit _ 1,Drum Kit _ 1,43392,544
54.520785000000004,0.8152031249999965,38,117,DRUMS,Drum Kit _ 1,Drum Kit _ 1,43392,600
55.303380000000004,0.08695499999999612,42,71,DRUMS,Drum Kit _ 1,Drum Kit _ 1,43968,64
55.564245,0.13043250000000484,42,117,DRUMS,Drum Kit _ 1,Drum Kit _ 1,44160,96
55.042515,0.8260725000000022,35,127,DRUMS,Drum Kit _ 1,Drum Kit _ 1,43776,608
55.82511,0.08695500000000322,42,66,DRUMS,Drum Kit _ 1,Drum Kit _ 1,44352,64
56.085975000000005,0.11412843749999979,42,117,DRUMS,Drum Kit _ 1,Drum Kit _ 1,44544,84
55.564245,0.7282481250000004,54,127,DRUMS,Drum Kit _ 1,Drum Kit _ 1,44160,536
55.564245,0.7608562500000033,38,117,DRUMS,Drum Kit _ 1,Drum Kit _ 1,44160,560
56.34684,0.10325906250000116,42,70,DRUMS,Drum Kit _ 1,Drum Kit _ 1,44736,76
56.085975000000005,0.6141196875000006,35,127,DRUMS,Drum Kit _ 1,Drum Kit _ 1,44544,452
56.607705,0.11412843749999979,42,117,DRUMS,Drum Kit _ 1,Drum Kit _ 1,44928,84
56.868570000000005,0.10325906249999406,42,72,DRUMS,Drum Kit _ 1,Drum Kit _ 1,45120,76
56.868570000000005,0.11412843749999979,35,127,DRUMS,Drum Kit _ 1,Drum Kit _ 1,45120,84
57.129435,0.12499781249999842,42,117,DRUMS,Drum Kit _ 1,Drum Kit _ 1,45312,92
56.607705,0.7662909375000027,54,127,DRUMS,Drum Kit _ 1,Drum Kit _ 1,44928,564
56.607705,0.7825950000000006,38,117,DRUMS,Drum Kit _ 1,Drum Kit _ 1,44928,576
57.3903,0.09238968749999543,42,50,DRUMS,Drum Kit _ 1,Drum Kit _ 1,45504,68
57.651165,0.13043250000000484,42,117,DRUMS,Drum Kit _ 1,Drum Kit _ 1,45696,96
57.129435,0.8695500000000038,35,127,DRUMS,Drum Kit _ 1,Drum Kit _ 1,45312,640
57.91203,0.09238968750000254,42,59,DRUMS,Drum Kit _ 1,Drum Kit _ 1,45888,68
58.172895000000004,0.12499781249999842,42,117,DRUMS,Drum Kit _ 1,Drum Kit _ 1,46080,92
57.651165,0.7119440625000024,54,127,DRUMS,Drum Kit _ 1,Drum Kit _ 1,45696,524
57.651165,0.8097684375000043,38,117,DRUMS,Drum Kit _ 1,Drum Kit _ 1,45696,596
58.43376,0.08152031250000391,42,64,DRUMS,Drum Kit _ 1,Drum Kit _ 1,46272,60
58.172895000000004,0.6249890624999992,35,127,DRUMS,Drum Kit _ 1,Drum Kit _ 1,46080,460
58.694625,0.13043249999999773,42,117,DRUMS,Drum Kit _ 1,Drum Kit _ 1,46464,96
58.955490000000005,0.09238968749999543,42,72,DRUMS,Drum Kit _ 1,Drum Kit _ 1,46656,68
58.955490000000005,0.11412843749999979,35,125,DRUMS,Drum Kit _ 1,Drum Kit _ 1,46656,84
59.216355,0.11412843749999979,42,117,DRUMS,Drum Kit _ 1,Drum Kit _ 1,46848,84
58.694625,0.722813437500001,54,127,DRUMS,Drum Kit _ 1,Drum Kit _ 1,46464,532
58.694625,0.8152031250000036,38,117,DRUMS,Drum Kit _ 1,Drum Kit _ 1,46464,600
59.47722,0.08695499999999612,42,71,DRUMS,Drum Kit _ 1,Drum Kit _ 1,47040,64
59.738085000000005,0.13043249999999773,42,117,DRUMS,Drum Kit _ 1,Drum Kit _ 1,47232,96
59.216355,0.8260725000000093,35,127,DRUMS,Drum Kit _ 1,Drum Kit _ 1,46848,608
59.99895,0.08695500000000322,42,66,DRUMS,Drum Kit _ 1,Drum Kit _ 1,47424,64
59.738085000000005,0.6195543749999928,54,127,DRUMS,Drum Kit _ 1,Drum Kit _ 1,47232,456
60.259814999999996,0.11412843749999979,42,117,DRUMS,Drum Kit _ 1,Drum Kit _ 1,47616,84
59.738085000000005,0.7608562500000033,38,117,DRUMS,Drum Kit _ 1,Drum Kit _ 1,47232,560
60.520680000000006,0.10325906250000116,42,70,DRUMS,Drum Kit _ 1,Drum Kit _ 1,47808,76
60.259814999999996,0.6141196875000077,35,127,DRUMS,Drum Kit _ 1,Drum Kit _ 1,47616,452
60.781545,0.11412843749999979,42,117,DRUMS,Drum Kit _ 1,Drum Kit _ 1,48000,84
61.04241,0.10325906250000116,42,72,DRUMS,Drum Kit _ 1,Drum Kit _ 1,48192,76
61.04241,0.11412843749999979,35,127,DRUMS,Drum Kit _ 1,Drum Kit _ 1,48192,84
60.781545,0.6358584375000049,54,127,DRUMS,Drum Kit _ 1,Drum Kit _ 1,48000,468
61.303275000000006,0.12499781249999842,42,117,DRUMS,Drum Kit _ 1,Drum Kit _ 1,48384,92
60.781545,0.7825950000000006,38,117,DRUMS,Drum Kit _ 1,Drum Kit _ 1,48000,576
61.56414,0.09238968750000254,42,50,DRUMS,Drum Kit _ 1,Drum Kit _ 1,48576,68
61.825005,0.13043250000001194,42,117,DRUMS,Drum Kit _ 1,Drum Kit _ 1,48768,96
61.303275000000006,0.8695499999999896,35,127,DRUMS,Drum Kit _ 1,Drum Kit _ 1,48384,640
62.08587000000001,0.09238968750000254,42,59,DRUMS,Drum Kit _ 1,Drum Kit _ 1,48960,68
61.825005,0.5217300000000051,54,127,DRUMS,Drum Kit _ 1,Drum Kit _ 1,48768,384
62.346735,0.12499781249999842,42,117,DRUMS,Drum Kit _ 1,Drum Kit _ 1,49152,92
61.825005,0.8097684375000114,38,117,DRUMS,Drum Kit _ 1,Drum Kit _ 1,48768,596
62.6076,0.08152031250000391,42,64,DRUMS,Drum Kit _ 1,Drum Kit _ 1,49344,60
62.346735,0.6249890625000063,35,127,DRUMS,Drum Kit _ 1,Drum Kit _ 1,49152,460
62.86846500000001,0.13043249999999773,42,117,DRUMS,Drum Kit _ 1,Drum Kit _ 1,49536,96
63.12933,0.09238968750000254,42,72,DRUMS,Drum Kit _ 1,Drum Kit _ 1,49728,68
63.12933,0.11412843749999979,35,125,DRUMS,Drum Kit _ 1,Drum Kit _ 1,49728,84
62.86846500000001,0.6195543749999928,54,127,DRUMS,Drum Kit _ 1,Drum Kit _ 1,49536,456
63.390195,0.11412843749999979,42,117,DRUMS,Drum Kit _ 1,Drum Kit _ 1,49920,84
63.390195,0.2608650000000097,45,117,DRUMS,Drum Kit _ 1,Drum Kit _ 1,49920,192
63.390195,0.2608650000000097,35,127,DRUMS,Drum Kit _ 1,Drum Kit _ 1,49920,192
62.86846500000001,0.8152031249999965,38,117,DRUMS,Drum Kit _ 1,Drum Kit _ 1,49536,600
63.65106000000001,0.08695499999998901,42,71,DRUMS,Drum Kit _ 1,Drum Kit _ 1,50112,64
63.65106000000001,0.26086499999999546,43,112,DRUMS,Drum Kit _ 1,Drum Kit _ 1,50112,192
63.65106000000001,0.26086499999999546,35,122,DRUMS,Drum Kit _ 1,Drum Kit _ 1,50112,192
63.911925000000004,0.13043249999999773,42,117,DRUMS,Drum Kit _ 1,Drum Kit _ 1,50304,96
64.17279,0.08695500000000322,42,66,DRUMS,Drum Kit _ 1,Drum Kit _ 1,50496,64
64.17279,0.2608650000000097,35,127,DRUMS,Drum Kit _ 1,Drum Kit _ 1,50496,192
63.911925000000004,0.5217300000000051,38,117,DRUMS,Drum Kit _ 1,Drum Kit _ 1,50304,384
64.43365500000002,0.03260812499999588,38,117,DRUMS,Drum Kit _ 1,Drum Kit _ 1,50688,24
63.911925000000004,0.554338125000001,54,127,DRUMS,Drum Kit _ 1,Drum Kit _ 1,50304,408
64.48256718750001,0.09782437500000185,38,117,DRUMS,Drum Kit _ 1,Drum Kit _ 1,50724,72
66.25971000000001,0.24999562499999683,38,113,DRUMS,Drum Kit _ 1,Drum Kit _ 1,52032,184
66.52057500000001,0.21738750000000095,35,111,DRUMS,Drum Kit _ 1,Drum Kit _ 1,52224,160
66.52057500000001,0.25543031249999615,49,113,DRUMS,Drum Kit _ 1,Drum Kit _ 1,52224,188
66.78144,0.13586718750001125,38,115,DRUMS,Drum Kit _ 1,Drum Kit _ 1,52416,100
66.78144,0.1576059375000085,42,104,DRUMS,Drum Kit _ 1,Drum Kit _ 1,52416,116
66.78144,0.24999562500001105,54,127,DRUMS,Drum Kit _ 1,Drum Kit _ 1,52416,184
66.91187250000002,0.13586718749999704,35,126,DRUMS,Drum Kit _ 1,Drum Kit _ 1,52512,100
67.04230500000001,0.09782437500000185,42,117,DRUMS,Drum Kit _ 1,Drum Kit _ 1,52608,72
67.17273750000001,0.11412843749999979,35,126,DRUMS,Drum Kit _ 1,Drum Kit _ 1,52704,84
67.30317000000001,0.14130187499999636,42,117,DRUMS,Drum Kit _ 1,Drum Kit _ 1,52800,104
67.30317000000001,0.22282218750000027,54,127,DRUMS,Drum Kit _ 1,Drum Kit _ 1,52800,164
67.30317000000001,0.25543031249999615,38,116,DRUMS,Drum Kit _ 1,Drum Kit _ 1,52800,188
67.564035,0.09238968750000254,42,92,DRUMS,Drum Kit _ 1,Drum Kit _ 1,52992,68
67.564035,0.21195281250000164,35,127,DRUMS,Drum Kit _ 1,Drum Kit _ 1,52992,156
67.82490000000001,0.1195631249999991,42,117,DRUMS,Drum Kit _ 1,Drum Kit _ 1,53184,88
67.82490000000001,0.14673656249999567,38,116,DRUMS,Drum Kit _ 1,Drum Kit _ 1,53184,108
67.82490000000001,0.18477937499999086,54,127,DRUMS,Drum Kit _ 1,Drum Kit _ 1,53184,136
67.95533250000001,0.14673656249999567,35,118,DRUMS,Drum Kit _ 1,Drum Kit _ 1,53280,108
68.08576500000001,0.09238968750000254,42,96,DRUMS,Drum Kit _ 1,Drum Kit _ 1,53376,68
68.2161975,0.14130187499999636,35,127,DRUMS,Drum Kit _ 1,Drum Kit _ 1,53472,104
68.34663,0.13586718750001125,42,117,DRUMS,Drum Kit _ 1,Drum Kit _ 1,53568,100
68.34663,0.16304062500000782,54,127,DRUMS,Drum Kit _ 1,Drum Kit _ 1,53568,120
68.34663,0.24999562500001105,38,117,DRUMS,Drum Kit _ 1,Drum Kit _ 1,53568,184
68.60749500000001,0.09238968750000254,42,93,DRUMS,Drum Kit _ 1,Drum Kit _ 1,53760,68
68.60749500000001,0.22825687499999958,35,125,DRUMS,Drum Kit _ 1,Drum Kit _ 1,53760,168
68.86836000000001,0.13586718749999704,38,97,DRUMS,Drum Kit _ 1,Drum Kit _ 1,53952,100
68.86836000000001,0.14673656249999567,42,117,DRUMS,Drum Kit _ 1,Drum Kit _ 1,53952,108
68.86836000000001,0.1956487500000037,54,127,DRUMS,Drum Kit _ 1,Drum Kit _ 1,53952,144
68.99879250000001,0.13043249999999773,35,127,DRUMS,Drum Kit _ 1,Drum Kit _ 1,54048,96
69.129225,0.09238968750000254,42,93,DRUMS,Drum Kit _ 1,Drum Kit _ 1,54144,68
69.2596575,0.16847531250000713,35,127,DRUMS,Drum Kit _ 1,Drum Kit _ 1,54240,124
69.39009000000001,0.12499781249999842,42,117,DRUMS,Drum Kit _ 1,Drum Kit _ 1,54336,92
69.39009000000001,0.20651812499998812,54,127,DRUMS,Drum Kit _ 1,Drum Kit _ 1,54336,152
69.39009000000001,0.22825687499999958,38,117,DRUMS,Drum Kit _ 1,Drum Kit _ 1,54336,168
69.65095500000001,0.0760856250000046,42,88,DRUMS,Drum Kit _ 1,Drum Kit _ 1,54528,56
69.65095500000001,0.22825687499999958,35,125,DRUMS,Drum Kit _ 1,Drum Kit _ 1,54528,168
69.91182,0.11412843749999979,42,117,DRUMS,Drum Kit _ 1,Drum Kit _ 1,54720,84
69.91182,0.14130187500001057,38,117,DRUMS,Drum Kit _ 1,Drum Kit _ 1,54720,104
69.91182,0.1956487500000037,54,127,DRUMS,Drum Kit _ 1,Drum Kit _ 1,54720,144
70.0422525,0.14130187500001057,35,118,DRUMS,Drum Kit _ 1,Drum Kit _ 1,54816,104
70.17268500000002,0.08695499999998901,42,85,DRUMS,Drum Kit _ 1,Drum Kit _ 1,54912,64
70.30311750000001,0.15217124999999498,35,127,DRUMS,Drum Kit _ 1,Drum Kit _ 1,55008,112
70.43355000000001,0.10869375000000048,42,117,DRUMS,Drum Kit _ 1,Drum Kit _ 1,55104,80
70.43355000000001,0.17934468750000576,54,127,DRUMS,Drum Kit _ 1,Drum Kit _ 1,55104,132
70.43355000000001,0.2336915624999989,38,117,DRUMS,Drum Kit _ 1,Drum Kit _ 1,55104,172
70.694415,0.0760856250000046,42,100,DRUMS,Drum Kit _ 1,Drum Kit _ 1,55296,56
70.694415,0.21195281250000164,35,126,DRUMS,Drum Kit _ 1,Drum Kit _ 1,55296,156
70.95528000000002,0.13043249999999773,42,117,DRUMS,Drum Kit _ 1,Drum Kit _ 1,55488,96
70.95528000000002,0.16847531249999292,38,116,DRUMS,Drum Kit _ 1,Drum Kit _ 1,55488,124
70.95528000000002,0.17390999999999224,54,127,DRUMS,Drum Kit _ 1,Drum Kit _ 1,55488,128
71.08571250000001,0.13586718749999704,35,126,DRUMS,Drum Kit _ 1,Drum Kit _ 1,55584,100
71.21614500000001,0.09238968750000254,42,83,DRUMS,Drum Kit _ 1,Drum Kit _ 1,55680,68
71.34657750000001,0.14673656249999567,35,127,DRUMS,Drum Kit _ 1,Drum Kit _ 1,55776,108
71.47701,0.12499781249999842,42,117,DRUMS,Drum Kit _ 1,Drum Kit _ 1,55872,92
71.47701,0.14673656250000988,54,127,DRUMS,Drum Kit _ 1,Drum Kit _ 1,55872,108
71.47701,0.24999562499999683,38,117,DRUMS,Drum Kit _ 1,Drum Kit _ 1,55872,184
71.73787500000002,0.06521624999999176,42,88,DRUMS,Drum Kit _ 1,Drum Kit _ 1,56064,48
71.73787500000002,0.22282218750000027,35,116,DRUMS,Drum Kit _ 1,Drum Kit _ 1,56064,164
71.99874000000001,0.10869375000000048,42,117,DRUMS,Drum Kit _ 1,Drum Kit _ 1,56256,80
71.99874000000001,0.13043249999999773,54,127,DRUMS,Drum Kit _ 1,Drum Kit _ 1,56256,96
71.99874000000001,0.16847531249999292,38,117,DRUMS,Drum Kit _ 1,Drum Kit _ 1,56256,124
72.12917250000001,0.15217124999999498,35,123,DRUMS,Drum Kit _ 1,Drum Kit _ 1,56352,112
72.25960500000001,0.06521625000000597,42,82,DRUMS,Drum Kit _ 1,Drum Kit _ 1,56448,48
72.3900375,0.13586718750001125,35,126,DRUMS,Drum Kit _ 1,Drum Kit _ 1,56544,100
72.52047,0.10869375000000048,42,117,DRUMS,Drum Kit _ 1,Drum Kit _ 1,56640,80
72.52047,0.13586718750001125,54,127,DRUMS,Drum Kit _ 1,Drum Kit _ 1,56640,100
72.52047,0.266299687500009,38,116,DRUMS,Drum Kit _ 1,Drum Kit _ 1,56640,196
72.78133500000001,0.08152031250000391,42,96,DRUMS,Drum Kit _ 1,Drum Kit _ 1,56832,60
72.78133500000001,0.21738750000000095,35,118,DRUMS,Drum Kit _ 1,Drum Kit _ 1,56832,160
73.04220000000001,0.1195631249999991,42,117,DRUMS,Drum Kit _ 1,Drum Kit _ 1,57024,88
73.04220000000001,0.13043249999999773,54,127,DRUMS,Drum Kit _ 1,Drum Kit _ 1,57024,96
73.04220000000001,0.1576059375000085,38,113,DRUMS,Drum Kit _ 1,Drum Kit _ 1,57024,116
73.1726325,0.14673656250000988,35,113,DRUMS,Drum Kit _ 1,Drum Kit _ 1,57120,108
73.303065,0.08695500000000322,42,82,DRUMS,Drum Kit _ 1,Drum Kit _ 1,57216,64
73.43349750000002,0.16847531249999292,35,127,DRUMS,Drum Kit _ 1,Drum Kit _ 1,57312,124
73.56393000000001,0.1195631249999991,42,117,DRUMS,Drum Kit _ 1,Drum Kit _ 1,57408,88
73.56393000000001,0.12499781249999842,54,127,DRUMS,Drum Kit _ 1,Drum Kit _ 1,57408,92
73.56393000000001,0.26086499999999546,38,117,DRUMS,Drum Kit _ 1,Drum Kit _ 1,57408,192
73.82479500000001,0.06521625000000597,42,94,DRUMS,Drum Kit _ 1,Drum Kit _ 1,57600,48
73.82479500000001,0.22825687499999958,35,121,DRUMS,Drum Kit _ 1,Drum Kit _ 1,57600,168
74.08566,0.12499781250001263,54,127,DRUMS,Drum Kit _ 1,Drum Kit _ 1,57792,92
74.08566,0.14130187500001057,42,117,DRUMS,Drum Kit _ 1,Drum Kit _ 1,57792,104
74.08566,0.1521712500000092,38,117,DRUMS,Drum Kit _ 1,Drum Kit _ 1,57792,112
74.21609250000002,0.15217124999999498,35,109,DRUMS,Drum Kit _ 1,Drum Kit _ 1,57888,112
74.34652500000001,0.06521624999999176,42,113,DRUMS,Drum Kit _ 1,Drum Kit _ 1,57984,48
74.47695750000001,0.14130187499999636,35,127,DRUMS,Drum Kit _ 1,Drum Kit _ 1,58080,104
74.60739000000001,0.16847531250000713,42,117,DRUMS,Drum Kit _ 1,Drum Kit _ 1,58176,124
74.60739000000001,0.24456093749999752,38,117,DRUMS,Drum Kit _ 1,Drum Kit _ 1,58176,180
74.868255,0.08695500000000322,54,90,DRUMS,Drum Kit _ 1,Drum Kit _ 1,58368,64
74.868255,0.22825687499999958,35,116,DRUMS,Drum Kit _ 1,Drum Kit _ 1,58368,168
74.99868750000002,0.1195631249999991,54,110,DRUMS,Drum Kit _ 1,Drum Kit _ 1,58464,88
75.12912000000001,0.09238968750000254,54,126,DRUMS,Drum Kit _ 1,Drum Kit _ 1,58560,68
74.868255,0.3586893750000115,45,117,DRUMS,Drum Kit _ 1,Drum Kit _ 1,58368,264
75.12912000000001,0.10869375000000048,38,117,DRUMS,Drum Kit _ 1,Drum Kit _ 1,58560,80
75.12912000000001,0.18477937499999086,42,117,DRUMS,Drum Kit _ 1,Drum Kit _ 1,58560,136
75.25955250000001,0.09238968750000254,54,107,DRUMS,Drum Kit _ 1,Drum Kit _ 1,58656,68
75.25955250000001,0.1195631249999991,35,99,DRUMS,Drum Kit _ 1,Drum Kit _ 1,58656,88
75.38998500000001,0.09782437500000185,54,87,DRUMS,Drum Kit _ 1,Drum Kit _ 1,58752,72
75.52041750000001,0.09238968750000254,54,102,DRUMS,Drum Kit _ 1,Drum Kit _ 1,58848,68
75.52041750000001,0.1521712500000092,35,127,DRUMS,Drum Kit _ 1,Drum Kit _ 1,58848,112
75.65085,0.10869375000000048,54,127,DRUMS,Drum Kit _ 1,Drum Kit _ 1,58944,80
75.65085,0.1956487500000037,42,117,DRUMS,Drum Kit _ 1,Drum Kit _ 1,58944,144
75.7812825,0.09782437500000185,54,107,DRUMS,Drum Kit _ 1,Drum Kit _ 1,59040,72
75.25955250000001,0.6304237499999914,43,116,DRUMS,Drum Kit _ 1,Drum Kit _ 1,58656,464
75.65085,0.2717343750000083,38,113,DRUMS,Drum Kit _ 1,Drum Kit _ 1,58944,200
75.91171500000002,0.09782437500000185,54,82,DRUMS,Drum Kit _ 1,Drum Kit _ 1,59136,72
76.04214750000001,0.09782437500000185,54,105,DRUMS,Drum Kit _ 1,Drum Kit _ 1,59232,72
75.91171500000002,0.24456093749999752,35,118,DRUMS,Drum Kit _ 1,Drum Kit _ 1,59136,180
76.17258000000001,0.10869375000000048,54,127,DRUMS,Drum Kit _ 1,Drum Kit _ 1,59328,80
75.91171500000002,0.37499343749999525,45,117,DRUMS,Drum Kit _ 1,Drum Kit _ 1,59136,276
76.17258000000001,0.1576059374999943,38,117,DRUMS,Drum Kit _ 1,Drum Kit _ 1,59328,116
76.17258000000001,0.1956487500000037,42,117,DRUMS,Drum Kit _ 1,Drum Kit _ 1,59328,144
76.30301250000001,0.09238968750000254,54,108,DRUMS,Drum Kit _ 1,Drum Kit _ 1,59424,68
76.30301250000001,0.17391000000000645,35,123,DRUMS,Drum Kit _ 1,Drum Kit _ 1,59424,128
76.433445,0.06521625000000597,54,87,DRUMS,Drum Kit _ 1,Drum Kit _ 1,59520,48
76.5638775,0.13043250000001194,54,107,DRUMS,Drum Kit _ 1,Drum Kit _ 1,59616,96
76.5638775,0.17934468750000576,35,127,DRUMS,Drum Kit _ 1,Drum Kit _ 1,59616,132
76.69431000000002,0.13043249999999773,54,127,DRUMS,Drum Kit _ 1,Drum Kit _ 1,59712,96
76.82474250000001,0.08695500000000322,54,105,DRUMS,Drum Kit _ 1,Drum Kit _ 1,59808,64
76.69431000000002,0.22282218750000027,42,117,DRUMS,Drum Kit _ 1,Drum Kit _ 1,59712,164
76.69431000000002,0.26086499999999546,38,117,DRUMS,Drum Kit _ 1,Drum Kit _ 1,59712,192
76.30301250000001,0.6684665625000008,43,117,DRUMS,Drum Kit _ 1,Drum Kit _ 1,59424,492
76.95517500000001,0.08695500000000322,54,85,DRUMS,Drum Kit _ 1,Drum Kit _ 1,59904,64
77.08560750000001,0.08695500000000322,54,106,DRUMS,Drum Kit _ 1,Drum Kit _ 1,60000,64
76.95517500000001,0.24456093749999752,35,127,DRUMS,Drum Kit _ 1,Drum Kit _ 1,59904,180
77.21604,0.11412843749999979,54,126,DRUMS,Drum Kit _ 1,Drum Kit _ 1,60096,84
77.21604,0.13586718749999704,38,117,DRUMS,Drum Kit _ 1,Drum Kit _ 1,60096,100
76.95517500000001,0.4239056250000033,45,117,DRUMS,Drum Kit _ 1,Drum Kit _ 1,59904,312
77.21604,0.1902140625000044,42,117,DRUMS,Drum Kit _ 1,Drum Kit _ 1,60096,140
77.3464725,0.09238968750000254,54,114,DRUMS,Drum Kit _ 1,Drum Kit _ 1,60192,68
77.3464725,0.16304062500000782,35,126,DRUMS,Drum Kit _ 1,Drum Kit _ 1,60192,120
77.47690500000002,0.09238968749998833,54,87,DRUMS,Drum Kit _ 1,Drum Kit _ 1,60288,68
77.3464725,0.24999562500001105,43,117,DRUMS,Drum Kit _ 1,Drum Kit _ 1,60192,184
77.60733750000001,0.09238968750000254,54,105,DRUMS,Drum Kit _ 1,Drum Kit _ 1,60384,68
77.60733750000001,0.15217124999999498,35,127,DRUMS,Drum Kit _ 1,Drum Kit _ 1,60384,112
77.73777000000001,0.10869375000000048,54,127,DRUMS,Drum Kit _ 1,Drum Kit _ 1,60480,80
77.86820250000001,0.09238968750000254,54,110,DRUMS,Drum Kit _ 1,Drum Kit _ 1,60576,68
77.73777000000001,0.22282218750000027,42,117,DRUMS,Drum Kit _ 1,Drum Kit _ 1,60480,164
77.73777000000001,0.22825687499999958,43,108,DRUMS,Drum Kit _ 1,Drum Kit _ 1,60480,168
77.73777000000001,0.24456093749999752,38,117,DRUMS,Drum Kit _ 1,Drum Kit _ 1,60480,180
77.99863500000001,0.09782437500000185,54,85,DRUMS,Drum Kit _ 1,Drum Kit _ 1,60672,72
77.99863500000001,0.20108343750000301,35,127,DRUMS,Drum Kit _ 1,Drum Kit _ 1,60672,148
78.1290675,0.08695500000000322,54,105,DRUMS,Drum Kit _ 1,Drum Kit _ 1,60768,64
78.25950000000002,0.10869375000000048,54,127,DRUMS,Drum Kit _ 1,Drum Kit _ 1,60864,80
77.99863500000001,0.3912975000000074,45,117,DRUMS,Drum Kit _ 1,Drum Kit _ 1,60672,288
78.25950000000002,0.14673656249999567,38,117,DRUMS,Drum Kit _ 1,Drum Kit _ 1,60864,108
78.25950000000002,0.2010834374999888,42,117,DRUMS,Drum Kit _ 1,Drum Kit _ 1,60864,148
78.38993250000001,0.11412843749999979,54,107,DRUMS,Drum Kit _ 1,Drum Kit _ 1,60960,84
78.38993250000001,0.1195631249999991,35,127,DRUMS,Drum Kit _ 1,Drum Kit _ 1,60960,88
78.52036500000001,0.10325906250000116,54,77,DRUMS,Drum Kit _ 1,Drum Kit _ 1,61056,76
78.38993250000001,0.28803843749999203,43,116,DRUMS,Drum Kit _ 1,Drum Kit _ 1,60960,212
78.65079750000001,0.08695500000000322,54,105,DRUMS,Drum Kit _ 1,Drum Kit _ 1,61152,64
78.65079750000001,0.15217124999999498,35,127,DRUMS,Drum Kit _ 1,Drum Kit _ 1,61152,112
78.78123000000001,0.10869375000000048,54,127,DRUMS,Drum Kit _ 1,Drum Kit _ 1,61248,80
78.78123000000001,0.20108343750000301,43,117,DRUMS,Drum Kit _ 1,Drum Kit _ 1,61248,148
78.9116625,0.09782437500000185,54,100,DRUMS,Drum Kit _ 1,Drum Kit _ 1,61344,72
78.78123000000001,0.22825687499999958,42,117,DRUMS,Drum Kit _ 1,Drum Kit _ 1,61248,168
78.78123000000001,0.3152118750000028,38,117,DRUMS,Drum Kit _ 1,Drum Kit _ 1,61248,232
79.042095,0.24999562500001105,35,127,DRUMS,Drum Kit _ 1,Drum Kit _ 1,61440,184
79.042095,0.25543031250001036,49,110,DRUMS,Drum Kit _ 1,Drum Kit _ 1,61440,188
79.30296000000001,0.14130187499999636,42,110,DRUMS,Drum Kit _ 1,Drum Kit _ 1,61632,104
79.30296000000001,0.1630406249999936,38,117,DRUMS,Drum Kit _ 1,Drum Kit _ 1,61632,120
79.30296000000001,0.20108343750000301,54,127,DRUMS,Drum Kit _ 1,Drum Kit _ 1,61632,148
79.43339250000001,0.1576059374999943,35,125,DRUMS,Drum Kit _ 1,Drum Kit _ 1,61728,116
79.56382500000001,0.10869375000000048,42,113,DRUMS,Drum Kit _ 1,Drum Kit _ 1,61824,80
79.6942575,0.14673656250000988,35,127,DRUMS,Drum Kit _ 1,Drum Kit _ 1,61920,108
79.82469,0.14130187500001057,42,117,DRUMS,Drum Kit _ 1,Drum Kit _ 1,62016,104
79.82469,0.24999562500001105,54,127,DRUMS,Drum Kit _ 1,Drum Kit _ 1,62016,184
79.82469,0.2608650000000097,38,103,DRUMS,Drum Kit _ 1,Drum Kit _ 1,62016,192
80.08555500000001,0.09238968750000254,42,98,DRUMS,Drum Kit _ 1,Drum Kit _ 1,62208,68
80.08555500000001,0.21738750000000095,35,126,DRUMS,Drum Kit _ 1,Drum Kit _ 1,62208,160
80.34642000000001,0.14130187499999636,42,117,DRUMS,Drum Kit _ 1,Drum Kit _ 1,62400,104
80.34642000000001,0.16847531250000713,38,117,DRUMS,Drum Kit _ 1,Drum Kit _ 1,62400,124
80.34642000000001,0.1902140625000044,54,127,DRUMS,Drum Kit _ 1,Drum Kit _ 1,62400,140
80.4768525,0.14673656250000988,35,118,DRUMS,Drum Kit _ 1,Drum Kit _ 1,62496,108
80.607285,0.0760856250000046,42,86,DRUMS,Drum Kit _ 1,Drum Kit _ 1,62592,56
80.73771750000002,0.14673656249999567,35,123,DRUMS,Drum Kit _ 1,Drum Kit _ 1,62688,108
80.86815000000001,0.13043249999999773,42,117,DRUMS,Drum Kit _ 1,Drum Kit _ 1,62784,96
80.86815000000001,0.20651812500000233,54,127,DRUMS,Drum Kit _ 1,Drum Kit _ 1,62784,152
80.86815000000001,0.2391262499999982,38,117,DRUMS,Drum Kit _ 1,Drum Kit _ 1,62784,176
81.12901500000001,0.08152031250000391,42,88,DRUMS,Drum Kit _ 1,Drum Kit _ 1,62976,60
81.12901500000001,0.22825687499999958,35,127,DRUMS,Drum Kit _ 1,Drum Kit _ 1,62976,168
81.38988,0.1195631249999991,42,117,DRUMS,Drum Kit _ 1,Drum Kit _ 1,63168,88
81.38988,0.16304062500000782,38,117,DRUMS,Drum Kit _ 1,Drum Kit _ 1,63168,120
81.38988,0.17934468750000576,54,127,DRUMS,Drum Kit _ 1,Drum Kit _ 1,63168,132
81.52031250000002,0.1576059374999943,35,125,DRUMS,Drum Kit _ 1,Drum Kit _ 1,63264,116
81.65074500000001,0.07065093749999107,42,93,DRUMS,Drum Kit _ 1,Drum Kit _ 1,63360,52
81.78117750000001,0.10869375000000048,35,127,DRUMS,Drum Kit _ 1,Drum Kit _ 1,63456,80
81.91161000000001,0.1195631249999991,42,117,DRUMS,Drum Kit _ 1,Drum Kit _ 1,63552,88
81.91161000000001,0.1576059374999943,54,127,DRUMS,Drum Kit _ 1,Drum Kit _ 1,63552,116
81.91161000000001,0.22282218750000027,38,111,DRUMS,Drum Kit _ 1,Drum Kit _ 1,63552,164
82.172475,0.0760856250000046,42,94,DRUMS,Drum Kit _ 1,Drum Kit _ 1,63744,56
82.172475,0.21738750000000095,35,123,DRUMS,Drum Kit _ 1,Drum Kit _ 1,63744,160
82.43334000000002,0.1195631249999991,42,117,DRUMS,Drum Kit _ 1,Drum Kit _ 1,63936,88
82.43334000000002,0.1195631249999991,38,117,DRUMS,Drum Kit _ 1,Drum Kit _ 1,63936,88
82.43334000000002,0.17934468749999155,54,127,DRUMS,Drum Kit _ 1,Drum Kit _ 1,63936,132
82.56377250000001,0.13043249999999773,35,118,DRUMS,Drum Kit _ 1,Drum Kit _ 1,64032,96
82.69420500000001,0.13043249999999773,42,100,DRUMS,Drum Kit _ 1,Drum Kit _ 1,64128,96
82.82463750000001,0.10869375000000048,35,127,DRUMS,Drum Kit _ 1,Drum Kit _ 1,64224,80
82.95507,0.11412843749999979,54,127,DRUMS,Drum Kit _ 1,Drum Kit _ 1,64320,84
82.95507,0.14130187500001057,42,117,DRUMS,Drum Kit _ 1,Drum Kit _ 1,64320,104
82.95507,0.2391262499999982,38,108,DRUMS,Drum Kit _ 1,Drum Kit _ 1,64320,176
83.21593500000002,0.09238968749998833,54,97,DRUMS,Drum Kit _ 1,Drum Kit _ 1,64512,68
83.21593500000002,0.20651812499998812,35,125,DRUMS,Drum Kit _ 1,Drum Kit _ 1,64512,152
83.34636750000001,0.10869375000000048,54,112,DRUMS,Drum Kit _ 1,Drum Kit _ 1,64608,80
83.47680000000001,0.07065093750000528,54,127,DRUMS,Drum Kit _ 1,Drum Kit _ 1,64704,52
83.21593500000002,0.3586893749999973,45,117,DRUMS,Drum Kit _ 1,Drum Kit _ 1,64512,264
83.47680000000001,0.12499781249999842,38,117,DRUMS,Drum Kit _ 1,Drum Kit _ 1,64704,92
83.47680000000001,0.18477937500000507,42,117,DRUMS,Drum Kit _ 1,Drum Kit _ 1,64704,136
83.60723250000001,0.10325906250000116,54,110,DRUMS,Drum Kit _ 1,Drum Kit _ 1,64800,76
83.60723250000001,0.14130187499999636,35,127,DRUMS,Drum Kit _ 1,Drum Kit _ 1,64800,104
83.737665,0.07065093750000528,54,94,DRUMS,Drum Kit _ 1,Drum Kit _ 1,64896,52
83.8680975,0.08152031250000391,54,115,DRUMS,Drum Kit _ 1,Drum Kit _ 1,64992,60
83.8680975,0.12499781250001263,35,127,DRUMS,Drum Kit _ 1,Drum Kit _ 1,64992,92
83.99853000000002,0.10869375000000048,54,127,DRUMS,Drum Kit _ 1,Drum Kit _ 1,65088,80
83.60723250000001,0.5325993750000038,43,117,DRUMS,Drum Kit _ 1,Drum Kit _ 1,64800,392
83.99853000000002,0.17934468749999155,42,117,DRUMS,Drum Kit _ 1,Drum Kit _ 1,65088,132
83.99853000000002,0.22825687499999958,38,116,DRUMS,Drum Kit _ 1,Drum Kit _ 1,65088,168
84.12896250000001,0.10325906250000116,54,107,DRUMS,Drum Kit _ 1,Drum Kit _ 1,65184,76
84.25939500000001,0.09782437500000185,54,92,DRUMS,Drum Kit _ 1,Drum Kit _ 1,65280,72
84.25939500000001,0.21195281250000164,35,127,DRUMS,Drum Kit _ 1,Drum Kit _ 1,65280,156
84.38982750000001,0.10325906250000116,54,105,DRUMS,Drum Kit _ 1,Drum Kit _ 1,65376,76
84.52026000000001,0.08695500000000322,54,126,DRUMS,Drum Kit _ 1,Drum Kit _ 1,65472,64
84.25939500000001,0.3912974999999932,45,117,DRUMS,Drum Kit _ 1,Drum Kit _ 1,65280,288
84.52026000000001,0.1576059375000085,38,117,DRUMS,Drum Kit _ 1,Drum Kit _ 1,65472,116
84.52026000000001,0.17934468750000576,42,117,DRUMS,Drum Kit _ 1,Drum Kit _ 1,65472,132
84.6506925,0.09782437500000185,54,102,DRUMS,Drum Kit _ 1,Drum Kit _ 1,65568,72
84.6506925,0.14673656250000988,35,113,DRUMS,Drum Kit _ 1,Drum Kit _ 1,65568,108
84.78112500000002,0.09782437499998764,54,82,DRUMS,Drum Kit _ 1,Drum Kit _ 1,65664,72
84.91155750000001,0.09782437500000185,54,100,DRUMS,Drum Kit _ 1,Drum Kit _ 1,65760,72
84.6506925,0.3858628125000081,43,117,DRUMS,Drum Kit _ 1,Drum Kit _ 1,65568,284
84.91155750000001,0.20651812500000233,35,127,DRUMS,Drum Kit _ 1,Drum Kit _ 1,65760,152
85.04199000000001,0.09238968750000254,54,127,DRUMS,Drum Kit _ 1,Drum Kit _ 1,65856,68
85.04199000000001,0.11412843749999979,45,117,DRUMS,Drum Kit _ 1,Drum Kit _ 1,65856,84
85.04199000000001,0.1576059374999943,42,117,DRUMS,Drum Kit _ 1,Drum Kit _ 1,65856,116
85.17242250000001,0.0760856250000046,54,102,DRUMS,Drum Kit _ 1,Drum Kit _ 1,65952,56
85.17242250000001,0.14130187499999636,35,123,DRUMS,Drum Kit _ 1,Drum Kit _ 1,65952,104
85.30285500000001,0.03260812499999588,38,117,DRUMS,Drum Kit _ 1,Drum Kit _ 1,66048,24
85.35176718750002,0.13043249999999773,38,117,DRUMS,Drum Kit _ 1,Drum Kit _ 1,66084,96
85.56372000000002,0.29890781249999065,38,117,DRUMS,Drum Kit _ 1,Drum Kit _ 1,66240,220
85.82458500000001,0.13043249999999773,35,127,DRUMS,Drum Kit _ 1,Drum Kit _ 1,66432,96
86.08545000000001,0.11412843749999979,43,117,DRUMS,Drum Kit _ 1,Drum Kit _ 1,66624,84
86.346315,0.13043250000001194,45,117,DRUMS,Drum Kit _ 1,Drum Kit _ 1,66816,96
86.60718000000001,0.17934468749999155,38,107,DRUMS,Drum Kit _ 1,Drum Kit _ 1,67008,132
86.86804500000001,0.13043249999999773,43,110,DRUMS,Drum Kit _ 1,Drum Kit _ 1,67200,96
86.86804500000001,0.1956487500000037,35,120,DRUMS,Drum Kit _ 1,Drum Kit _ 1,67200,144
87.12891,0.03260812500001009,38,105,DRUMS,Drum Kit _ 1,Drum Kit _ 1,67392,24
87.17782218750001,0.1630406249999936,38,117,DRUMS,Drum Kit _ 1,Drum Kit _ 1,67428,120
87.38977500000001,0.6141196874999935,35,127,DRUMS,Drum Kit _ 1,Drum Kit _ 1,67584,452
88.95496500000002,0.03260812499999588,38,107,DRUMS,Drum Kit _ 1,Drum Kit _ 1,68736,24
89.00387718750001,0.13043249999999773,38,117,DRUMS,Drum Kit _ 1,Drum Kit _ 1,68772,96
89.476695,0.12499781249999842,42,117,DRUMS,Drum Kit _ 1,Drum Kit _ 1,69120,92
89.73756000000002,0.0815203124999897,42,64,DRUMS,Drum Kit _ 1,Drum Kit _ 1,69312,60
89.476695,0.6249890625000063,35,127,DRUMS,Drum Kit _ 1,Drum Kit _ 1,69120,460
89.99842500000001,0.13043249999999773,42,117,DRUMS,Drum Kit _ 1,Drum Kit _ 1,69504,96
90.25929000000001,0.09238968750000254,42,72,DRUMS,Drum Kit _ 1,Drum Kit _ 1,69696,68
90.25929000000001,0.11412843749999979,35,125,DRUMS,Drum Kit _ 1,Drum Kit _ 1,69696,84
90.52015500000002,0.11412843749999979,42,117,DRUMS,Drum Kit _ 1,Drum Kit _ 1,69888,84
89.99842500000001,0.8152031249999965,38,117,DRUMS,Drum Kit _ 1,Drum Kit _ 1,69504,600
90.78102000000001,0.08695500000000322,42,71,DRUMS,Drum Kit _ 1,Drum Kit _ 1,70080,64
91.04188500000001,0.13043249999999773,42,117,DRUMS,Drum Kit _ 1,Drum Kit _ 1,70272,96
90.52015500000002,0.8260724999999951,35,127,DRUMS,Drum Kit _ 1,Drum Kit _ 1,69888,608
91.30275000000002,0.08695499999998901,42,66,DRUMS,Drum Kit _ 1,Drum Kit _ 1,70464,64
91.56361500000001,0.11412843749999979,42,117,DRUMS,Drum Kit _ 1,Drum Kit _ 1,70656,84
91.04188500000001,0.7608562500000033,38,117,DRUMS,Drum Kit _ 1,Drum Kit _ 1,70272,560
91.82448000000001,0.10325906250000116,42,70,DRUMS,Drum Kit _ 1,Drum Kit _ 1,70848,76
91.56361500000001,0.6141196874999935,35,127,DRUMS,Drum Kit _ 1,Drum Kit _ 1,70656,452
92.08534500000002,0.11412843749999979,42,117,DRUMS,Drum Kit _ 1,Drum Kit _ 1,71040,84
92.34621000000001,0.10325906250000116,42,72,DRUMS,Drum Kit _ 1,Drum Kit _ 1,71232,76
92.34621000000001,0.11412843749999979,35,127,DRUMS,Drum Kit _ 1,Drum Kit _ 1,71232,84
92.60707500000001,0.12499781249999842,42,117,DRUMS,Drum Kit _ 1,Drum Kit _ 1,71424,92
92.08534500000002,0.7825949999999864,38,117,DRUMS,Drum Kit _ 1,Drum Kit _ 1,71040,576
92.86794,0.09238968750000254,42,50,DRUMS,Drum Kit _ 1,Drum Kit _ 1,71616,68
93.12880500000001,0.13043249999999773,42,117,DRUMS,Drum Kit _ 1,Drum Kit _ 1,71808,96
92.60707500000001,0.8695500000000038,35,127,DRUMS,Drum Kit _ 1,Drum Kit _ 1,71424,640
93.38967000000001,0.09238968750000254,42,59,DRUMS,Drum Kit _ 1,Drum Kit _ 1,72000,68
93.650535,0.12499781250001263,42,117,DRUMS,Drum Kit _ 1,Drum Kit _ 1,72192,92
93.12880500000001,0.8097684374999972,38,117,DRUMS,Drum Kit _ 1,Drum Kit _ 1,71808,596
93.91140000000001,0.0815203124999897,42,64,DRUMS,Drum Kit _ 1,Drum Kit _ 1,72384,60
93.650535,0.6249890625000063,35,127,DRUMS,Drum Kit _ 1,Drum Kit _ 1,72192,460
94.17226500000001,0.13043249999999773,42,117,DRUMS,Drum Kit _ 1,Drum Kit _ 1,72576,96
94.43313,0.09238968750000254,42,72,DRUMS,Drum Kit _ 1,Drum Kit _ 1,72768,68
94.43313,0.11412843749999979,35,125,DRUMS,Drum Kit _ 1,Drum Kit _ 1,72768,84
94.69399500000002,0.11412843749999979,42,117,DRUMS,Drum Kit _ 1,Drum Kit _ 1,72960,84
94.17226500000001,0.8152031249999965,38,117,DRUMS,Drum Kit _ 1,Drum Kit _ 1,72576,600
94.95486000000001,0.08695500000000322,42,71,DRUMS,Drum Kit _ 1,Drum Kit _ 1,73152,64
95.215725,0.13043250000001194,42,117,DRUMS,Drum Kit _ 1,Drum Kit _ 1,73344,96
94.69399500000002,0.8260724999999951,35,127,DRUMS,Drum Kit _ 1,Drum Kit _ 1,72960,608
95.47659000000002,0.08695499999998901,42,66,DRUMS,Drum Kit _ 1,Drum Kit _ 1,73536,64
95.73745500000001,0.11412843749999979,42,117,DRUMS,Drum Kit _ 1,Drum Kit _ 1,73728,84
95.215725,0.7608562500000033,38,117,DRUMS,Drum Kit _ 1,Drum Kit _ 1,73344,560
95.99832,0.10325906250000116,42,70,DRUMS,Drum Kit _ 1,Drum Kit _ 1,73920,76
95.73745500000001,0.6141196874999935,35,127,DRUMS,Drum Kit _ 1,Drum Kit _ 1,73728,452
96.25918500000002,0.11412843749999979,42,117,DRUMS,Drum Kit _ 1,Drum Kit _ 1,74112,84
96.52005000000001,0.10325906250000116,42,72,DRUMS,Drum Kit _ 1,Drum Kit _ 1,74304,76
96.52005000000001,0.11412843749999979,35,127,DRUMS,Drum Kit _ 1,Drum Kit _ 1,74304,84
96.78091500000001,0.12499781249999842,42,117,DRUMS,Drum Kit _ 1,Drum Kit _ 1,74496,92
96.25918500000002,0.7825950000000006,38,117,DRUMS,Drum Kit _ 1,Drum Kit _ 1,74112,576
97.04178000000002,0.09238968749998833,42,50,DRUMS,Drum Kit _ 1,Drum Kit _ 1,74688,68
97.30264500000001,0.13043249999999773,42,117,DRUMS,Drum Kit _ 1,Drum Kit _ 1,74880,96
96.78091500000001,0.8695500000000038,35,127,DRUMS,Drum Kit _ 1,Drum Kit _ 1,74496,640
97.56351000000001,0.09238968750000254,42,59,DRUMS,Drum Kit _ 1,Drum Kit _ 1,75072,68
97.82437500000002,0.12499781249999842,42,117,DRUMS,Drum Kit _ 1,Drum Kit _ 1,75264,92
97.30264500000001,0.8097684374999972,38,117,DRUMS,Drum Kit _ 1,Drum Kit _ 1,74880,596
98.08524000000001,0.08152031250000391,42,64,DRUMS,Drum Kit _ 1,Drum Kit _ 1,75456,60
97.82437500000002,0.6249890624999921,35,127,DRUMS,Drum Kit _ 1,Drum Kit _ 1,75264,460
98.34610500000001,0.13043249999999773,42,117,DRUMS,Drum Kit _ 1,Drum Kit _ 1,75648,96
98.60697000000002,0.09238968749998833,42,72,DRUMS,Drum Kit _ 1,Drum Kit _ 1,75840,68
98.60697000000002,0.11412843749999979,35,125,DRUMS,Drum Kit _ 1,Drum Kit _ 1,75840,84
98.86783500000001,0.11412843749999979,42,117,DRUMS,Drum Kit _ 1,Drum Kit _ 1,76032,84
98.34610500000001,0.8152031249999965,38,117,DRUMS,Drum Kit _ 1,Drum Kit _ 1,75648,600
99.12870000000001,0.08695500000000322,42,71,DRUMS,Drum Kit _ 1,Drum Kit _ 1,76224,64
99.389565,0.13043250000001194,42,117,DRUMS,Drum Kit _ 1,Drum Kit _ 1,76416,96
98.86783500000001,0.8260724999999951,35,127,DRUMS,Drum Kit _ 1,Drum Kit _ 1,76032,608
99.65043000000001,0.08695500000000322,42,66,DRUMS,Drum Kit _ 1,Drum Kit _ 1,76608,64
99.91129500000001,0.11412843749999979,42,117,DRUMS,Drum Kit _ 1,Drum Kit _ 1,76800,84
99.389565,0.7608562500000033,38,117,DRUMS,Drum Kit _ 1,Drum Kit _ 1,76416,560
100.17216,0.10325906250000116,42,70,DRUMS,Drum Kit _ 1,Drum Kit _ 1,76992,76
99.91129500000001,0.6141196875000077,35,127,DRUMS,Drum Kit _ 1,Drum Kit _ 1,76800,452
100.43302500000001,0.11412843749999979,42,117,DRUMS,Drum Kit _ 1,Drum Kit _ 1,77184,84
100.69389000000001,0.10325906250000116,42,72,DRUMS,Drum Kit _ 1,Drum Kit _ 1,77376,76
100.69389000000001,0.11412843749999979,35,127,DRUMS,Drum Kit _ 1,Drum Kit _ 1,77376,84
100.954755,0.12499781250001263,42,117,DRUMS,Drum Kit _ 1,Drum Kit _ 1,77568,92
100.43302500000001,0.7825950000000006,38,117,DRUMS,Drum Kit _ 1,Drum Kit _ 1,77184,576
101.21562000000002,0.09238968750000254,42,50,DRUMS,Drum Kit _ 1,Drum Kit _ 1,77760,68
101.47648500000001,0.13043249999999773,42,117,DRUMS,Drum Kit _ 1,Drum Kit _ 1,77952,96
100.954755,0.8695500000000038,35,127,DRUMS,Drum Kit _ 1,Drum Kit _ 1,77568,640
101.73735,0.09238968750000254,42,59,DRUMS,Drum Kit _ 1,Drum Kit _ 1,78144,68
101.99821500000002,0.12499781249999842,42,117,DRUMS,Drum Kit _ 1,Drum Kit _ 1,78336,92
101.47648500000001,0.8097684374999972,38,117,DRUMS,Drum Kit _ 1,Drum Kit _ 1,77952,596
102.25908000000001,0.08152031250000391,42,64,DRUMS,Drum Kit _ 1,Drum Kit _ 1,78528,60
101.99821500000002,0.6249890624999921,35,127,DRUMS,Drum Kit _ 1,Drum Kit _ 1,78336,460
102.519945,0.13043249999999773,42,117,DRUMS,Drum Kit _ 1,Drum Kit _ 1,78720,96
102.78081000000002,0.09238968749998833,42,72,DRUMS,Drum Kit _ 1,Drum Kit _ 1,78912,68
102.78081000000002,0.11412843749999979,35,125,DRUMS,Drum Kit _ 1,Drum Kit _ 1,78912,84
103.04167500000001,0.11412843749999979,42,117,DRUMS,Drum Kit _ 1,Drum Kit _ 1,79104,84
102.519945,0.8152031250000107,38,117,DRUMS,Drum Kit _ 1,Drum Kit _ 1,78720,600
103.30254000000001,0.08695500000000322,42,71,DRUMS,Drum Kit _ 1,Drum Kit _ 1,79296,64
103.56340500000002,0.13043249999999773,42,117,DRUMS,Drum Kit _ 1,Drum Kit _ 1,79488,96
103.04167500000001,0.8260724999999951,35,127,DRUMS,Drum Kit _ 1,Drum Kit _ 1,79104,608
103.82427000000001,0.08695500000000322,42,66,DRUMS,Drum Kit _ 1,Drum Kit _ 1,79680,64
104.08513500000001,0.11412843749999979,42,117,DRUMS,Drum Kit _ 1,Drum Kit _ 1,79872,84
103.56340500000002,0.7608562499999891,38,117,DRUMS,Drum Kit _ 1,Drum Kit _ 1,79488,560
104.34600000000002,0.10325906249998695,42,70,DRUMS,Drum Kit _ 1,Drum Kit _ 1,80064,76
104.08513500000001,0.6141196875000077,35,127,DRUMS,Drum Kit _ 1,Drum Kit _ 1,79872,452
104.60686500000001,0.11412843749999979,42,117,DRUMS,Drum Kit _ 1,Drum Kit _ 1,80256,84
104.86773000000001,0.10325906250000116,42,72,DRUMS,Drum Kit _ 1,Drum Kit _ 1,80448,76
104.86773000000001,0.11412843749999979,35,127,DRUMS,Drum Kit _ 1,Drum Kit _ 1,80448,84
105.12859500000002,0.12499781249999842,42,117,DRUMS,Drum Kit _ 1,Drum Kit _ 1,80640,92
104.60686500000001,0.7825950000000006,38,117,DRUMS,Drum Kit _ 1,Drum Kit _ 1,80256,576
105.38946000000001,0.09238968750000254,42,50,DRUMS,Drum Kit _ 1,Drum Kit _ 1,80832,68
105.65032500000001,0.13043249999999773,42,117,DRUMS,Drum Kit _ 1,Drum Kit _ 1,81024,96
105.12859500000002,0.8695499999999896,35,127,DRUMS,Drum Kit _ 1,Drum Kit _ 1,80640,640
105.91119,0.09238968750000254,42,59,DRUMS,Drum Kit _ 1,Drum Kit _ 1,81216,68
106.17205500000001,0.12499781249999842,42,117,DRUMS,Drum Kit _ 1,Drum Kit _ 1,81408,92
105.65032500000001,0.8097684374999972,38,117,DRUMS,Drum Kit _ 1,Drum Kit _ 1,81024,596
106.43292000000001,0.08152031250000391,42,64,DRUMS,Drum Kit _ 1,Drum Kit _ 1,81600,60
106.17205500000001,0.6249890624999921,35,127,DRUMS,Drum Kit _ 1,Drum Kit _ 1,81408,460
106.693785,0.13043250000001194,42,117,DRUMS,Drum Kit _ 1,Drum Kit _ 1,81792,96
106.95465000000002,0.09238968750000254,42,72,DRUMS,Drum Kit _ 1,Drum Kit _ 1,81984,68
106.95465000000002,0.11412843749999979,35,125,DRUMS,Drum Kit _ 1,Drum Kit _ 1,81984,84
107.21551500000001,0.11412843749999979,42,117,DRUMS,Drum Kit _ 1,Drum Kit _ 1,82176,84
106.693785,0.8152031250000107,38,117,DRUMS,Drum Kit _ 1,Drum Kit _ 1,81792,600
107.47638,0.08695500000000322,42,71,DRUMS,Drum Kit _ 1,Drum Kit _ 1,82368,64
107.73724500000002,0.13043249999999773,42,117,DRUMS,Drum Kit _ 1,Drum Kit _ 1,82560,96
107.21551500000001,0.8260724999999951,35,127,DRUMS,Drum Kit _ 1,Drum Kit _ 1,82176,608
107.99811000000001,0.08695500000000322,42,66,DRUMS,Drum Kit _ 1,Drum Kit _ 1,82752,64
108.258975,0.11412843749999979,42,117,DRUMS,Drum Kit _ 1,Drum Kit _ 1,82944,84
107.73724500000002,0.7608562500000033,38,117,DRUMS,Drum Kit _ 1,Drum Kit _ 1,82560,560
108.51984000000002,0.10325906250000116,42,70,DRUMS,Drum Kit _ 1,Drum Kit _ 1,83136,76
108.258975,0.6141196875000077,35,127,DRUMS,Drum Kit _ 1,Drum Kit _ 1,82944,452
108.78070500000001,0.11412843749999979,42,117,DRUMS,Drum Kit _ 1,Drum Kit _ 1,83328,84
109.04157000000001,0.10325906250000116,42,72,DRUMS,Drum Kit _ 1,Drum Kit _ 1,83520,76
109.04157000000001,0.11412843749999979,35,127,DRUMS,Drum Kit _ 1,Drum Kit _ 1,83520,84
109.30243500000002,0.12499781249999842,42,117,DRUMS,Drum Kit _ 1,Drum Kit _ 1,83712,92
108.78070500000001,0.7825950000000006,38,117,DRUMS,Drum Kit _ 1,Drum Kit _ 1,83328,576
109.56330000000001,0.09238968750000254,42,50,DRUMS,Drum Kit _ 1,Drum Kit _ 1,83904,68
109.82416500000001,0.13043249999999773,42,117,DRUMS,Drum Kit _ 1,Drum Kit _ 1,84096,96
109.30243500000002,0.8695499999999896,35,127,DRUMS,Drum Kit _ 1,Drum Kit _ 1,83712,640
110.08503000000002,0.09238968749998833,42,59,DRUMS,Drum Kit _ 1,Drum Kit _ 1,84288,68
110.34589500000001,0.12499781249999842,42,117,DRUMS,Drum Kit _ 1,Drum Kit _ 1,84480,92
109.82416500000001,0.8097684374999972,38,117,DRUMS,Drum Kit _ 1,Drum Kit _ 1,84096,596
110.60676000000001,0.08152031250000391,42,64,DRUMS,Drum Kit _ 1,Drum Kit _ 1,84672,60
110.34589500000001,0.6249890624999921,35,127,DRUMS,Drum Kit _ 1,Drum Kit _ 1,84480,460
110.86762500000002,0.13043249999999773,42,117,DRUMS,Drum Kit _ 1,Drum Kit _ 1,84864,96
111.12849000000001,0.09238968750000254,42,72,DRUMS,Drum Kit _ 1,Drum Kit _ 1,85056,68
111.12849000000001,0.11412843749999979,35,125,DRUMS,Drum Kit _ 1,Drum Kit _ 1,85056,84
111.38935500000001,0.11412843749999979,42,117,DRUMS,Drum Kit _ 1,Drum Kit _ 1,85248,84
110.86762500000002,0.8152031249999965,38,117,DRUMS,Drum Kit _ 1,Drum Kit _ 1,84864,600
111.65022000000002,0.08695499999998901,42,71,DRUMS,Drum Kit _ 1,Drum Kit _ 1,85440,64
111.91108500000001,0.13043249999999773,42,117,DRUMS,Drum Kit _ 1,Drum Kit _ 1,85632,96
111.38935500000001,0.8260725000000093,35,127,DRUMS,Drum Kit _ 1,Drum Kit _ 1,85248,608
112.17195000000001,0.08695500000000322,42,66,DRUMS,Drum Kit _ 1,Drum Kit _ 1,85824,64
112.43281500000002,0.11412843749999979,42,117,DRUMS,Drum Kit _ 1,Drum Kit _ 1,86016,84
111.91108500000001,0.7608562500000033,38,117,DRUMS,Drum Kit _ 1,Drum Kit _ 1,85632,560
112.69368000000001,0.10325906250000116,42,70,DRUMS,Drum Kit _ 1,Drum Kit _ 1,86208,76
112.43281500000002,0.6141196874999935,35,127,DRUMS,Drum Kit _ 1,Drum Kit _ 1,86016,452
112.95454500000001,0.11412843749999979,42,117,DRUMS,Drum Kit _ 1,Drum Kit _ 1,86400,84
113.21541,0.10325906250000116,42,72,DRUMS,Drum Kit _ 1,Drum Kit _ 1,86592,76
113.21541,0.11412843749999979,35,127,DRUMS,Drum Kit _ 1,Drum Kit _ 1,86592,84
113.47627500000002,0.12499781249999842,42,117,DRUMS,Drum Kit _ 1,Drum Kit _ 1,86784,92
112.95454500000001,0.7825950000000006,38,117,DRUMS,Drum Kit _ 1,Drum Kit _ 1,86400,576
113.73714000000001,0.09238968750000254,42,50,DRUMS,Drum Kit _ 1,Drum Kit _ 1,86976,68
113.998005,0.13043250000001194,42,117,DRUMS,Drum Kit _ 1,Drum Kit _ 1,87168,96
113.47627500000002,0.8695500000000038,35,127,DRUMS,Drum Kit _ 1,Drum Kit _ 1,86784,640
114.25887000000002,0.09238968750000254,42,59,DRUMS,Drum Kit _ 1,Drum Kit _ 1,87360,68
114.51973500000001,0.12499781249999842,42,117,DRUMS,Drum Kit _ 1,Drum Kit _ 1,87552,92
113.998005,0.8097684375000114,38,117,DRUMS,Drum Kit _ 1,Drum Kit _ 1,87168,596
114.7806,0.08152031250000391,42,64,DRUMS,Drum Kit _ 1,Drum Kit _ 1,87744,60
114.51973500000001,0.6249890625000063,35,127,DRUMS,Drum Kit _ 1,Drum Kit _ 1,87552,460
115.04146500000002,0.13043249999999773,42,117,DRUMS,Drum Kit _ 1,Drum Kit _ 1,87936,96
115.30233000000001,0.09238968750000254,42,72,DRUMS,Drum Kit _ 1,Drum Kit _ 1,88128,68
115.30233000000001,0.11412843749999979,35,125,DRUMS,Drum Kit _ 1,Drum Kit _ 1,88128,84
115.56319500000001,0.11412843749999979,42,117,DRUMS,Drum Kit _ 1,Drum Kit _ 1,88320,84
115.04146500000002,0.7499868749999905,54,127,DRUMS,Drum Kit _ 1,Drum Kit _ 1,87936,552
115.04146500000002,0.8152031249999965,38,117,DRUMS,Drum Kit _ 1,Drum Kit _ 1,87936,600
115.82406000000002,0.08695499999998901,42,71,DRUMS,Drum Kit _ 1,Drum Kit _ 1,88512,64
116.08492500000001,0.13043249999999773,42,117,DRUMS,Drum Kit _ 1,Drum Kit _ 1,88704,96
115.56319500000001,0.8260725000000093,35,127,DRUMS,Drum Kit _ 1,Drum Kit _ 1,88320,608
116.34579000000001,0.08695500000000322,42,66,DRUMS,Drum Kit _ 1,Drum Kit _ 1,88896,64
116.60665500000002,0.11412843749999979,42,117,DRUMS,Drum Kit _ 1,Drum Kit _ 1,89088,84
116.08492500000001,0.7608562500000033,38,117,DRUMS,Drum Kit _ 1,Drum Kit _ 1,88704,560
116.08492500000001,0.7771603125000013,54,127,DRUMS,Drum Kit _ 1,Drum Kit _ 1,88704,572
116.86752000000001,0.10325906250000116,42,70,DRUMS,Drum Kit _ 1,Drum Kit _ 1,89280,76
116.60665500000002,0.6141196874999935,35,127,DRUMS,Drum Kit _ 1,Drum Kit _ 1,89088,452
117.12838500000001,0.11412843749999979,42,117,DRUMS,Drum Kit _ 1,Drum Kit _ 1,89472,84
117.38925000000002,0.10325906250000116,42,72,DRUMS,Drum Kit _ 1,Drum Kit _ 1,89664,76
117.38925000000002,0.11412843749999979,35,127,DRUMS,Drum Kit _ 1,Drum Kit _ 1,89664,84
117.65011500000001,0.12499781249999842,42,117,DRUMS,Drum Kit _ 1,Drum Kit _ 1,89856,92
117.12838500000001,0.7445521875000054,54,127,DRUMS,Drum Kit _ 1,Drum Kit _ 1,89472,548
117.12838500000001,0.7825950000000006,38,117,DRUMS,Drum Kit _ 1,Drum Kit _ 1,89472,576
117.91098000000001,0.09238968750000254,42,50,DRUMS,Drum Kit _ 1,Drum Kit _ 1,90048,68
118.17184500000002,0.13043249999999773,42,117,DRUMS,Drum Kit _ 1,Drum Kit _ 1,90240,96
117.65011500000001,0.8695500000000038,35,127,DRUMS,Drum Kit _ 1,Drum Kit _ 1,89856,640
118.43271000000001,0.09238968750000254,42,59,DRUMS,Drum Kit _ 1,Drum Kit _ 1,90432,68
118.69357500000001,0.12499781249999842,42,117,DRUMS,Drum Kit _ 1,Drum Kit _ 1,90624,92
118.17184500000002,0.7662909374999884,54,127,DRUMS,Drum Kit _ 1,Drum Kit _ 1,90240,564
118.17184500000002,0.8097684374999972,38,117,DRUMS,Drum Kit _ 1,Drum Kit _ 1,90240,596
118.95444000000002,0.0815203124999897,42,64,DRUMS,Drum Kit _ 1,Drum Kit _ 1,90816,60
118.69357500000001,0.6249890625000063,35,127,DRUMS,Drum Kit _ 1,Drum Kit _ 1,90624,460
119.21530500000001,0.13043249999999773,42,117,DRUMS,Drum Kit _ 1,Drum Kit _ 1,91008,96
119.47617000000001,0.09238968750000254,42,72,DRUMS,Drum Kit _ 1,Drum Kit _ 1,91200,68
119.47617000000001,0.11412843749999979,35,125,DRUMS,Drum Kit _ 1,Drum Kit _ 1,91200,84
119.737035,0.11412843749999979,42,117,DRUMS,Drum Kit _ 1,Drum Kit _ 1,91392,84
119.21530500000001,0.6847706249999987,54,127,DRUMS,Drum Kit _ 1,Drum Kit _ 1,91008,504
119.21530500000001,0.8152031249999965,38,117,DRUMS,Drum Kit _ 1,Drum Kit _ 1,91008,600
119.99790000000002,0.08695500000000322,42,71,DRUMS,Drum Kit _ 1,Drum Kit _ 1,91584,64
120.25876500000001,0.13043249999999773,42,117,DRUMS,Drum Kit _ 1,Drum Kit _ 1,91776,96
119.737035,0.8260725000000093,35,127,DRUMS,Drum Kit _ 1,Drum Kit _ 1,91392,608
120.51963,0.08695500000000322,42,66,DRUMS,Drum Kit _ 1,Drum Kit _ 1,91968,64
120.78049500000002,0.11412843749999979,42,117,DRUMS,Drum Kit _ 1,Drum Kit _ 1,92160,84
120.25876500000001,0.6793359374999994,54,127,DRUMS,Drum Kit _ 1,Drum Kit _ 1,91776,500
120.25876500000001,0.7608562500000033,38,117,DRUMS,Drum Kit _ 1,Drum Kit _ 1,91776,560
121.04136000000001,0.10325906250000116,42,70,DRUMS,Drum Kit _ 1,Drum Kit _ 1,92352,76
120.78049500000002,0.6141196874999935,35,127,DRUMS,Drum Kit _ 1,Drum Kit _ 1,92160,452
121.302225,0.11412843749999979,42,117,DRUMS,Drum Kit _ 1,Drum Kit _ 1,92544,84
121.56309000000002,0.10325906250000116,42,72,DRUMS,Drum Kit _ 1,Drum Kit _ 1,92736,76
121.56309000000002,0.11412843749999979,35,127,DRUMS,Drum Kit _ 1,Drum Kit _ 1,92736,84
121.82395500000001,0.12499781249999842,42,117,DRUMS,Drum Kit _ 1,Drum Kit _ 1,92928,92
121.302225,0.7065093750000102,54,127,DRUMS,Drum Kit _ 1,Drum Kit _ 1,92544,520
121.302225,0.7825950000000006,38,117,DRUMS,Drum Kit _ 1,Drum Kit _ 1,92544,576
122.08482000000001,0.09238968750000254,42,50,DRUMS,Drum Kit _ 1,Drum Kit _ 1,93120,68
122.34568500000002,0.13043249999999773,42,117,DRUMS,Drum Kit _ 1,Drum Kit _ 1,93312,96
121.82395500000001,0.8695500000000038,35,127,DRUMS,Drum Kit _ 1,Drum Kit _ 1,92928,640
122.60655000000001,0.09238968750000254,42,59,DRUMS,Drum Kit _ 1,Drum Kit _ 1,93504,68
122.86741500000001,0.12499781249999842,42,117,DRUMS,Drum Kit _ 1,Drum Kit _ 1,93696,92
122.34568500000002,0.6684665625000008,54,127,DRUMS,Drum Kit _ 1,Drum Kit _ 1,93312,492
122.34568500000002,0.8097684374999972,38,117,DRUMS,Drum Kit _ 1,Drum Kit _ 1,93312,596
123.12828000000002,0.0815203124999897,42,64,DRUMS,Drum Kit _ 1,Drum Kit _ 1,93888,60
122.86741500000001,0.6249890625000063,35,127,DRUMS,Drum Kit _ 1,Drum Kit _ 1,93696,460
123.38914500000001,0.13043249999999773,42,117,DRUMS,Drum Kit _ 1,Drum Kit _ 1,94080,96
123.65001000000002,0.09238968750000254,42,72,DRUMS,Drum Kit _ 1,Drum Kit _ 1,94272,68
123.65001000000002,0.11412843749999979,35,125,DRUMS,Drum Kit _ 1,Drum Kit _ 1,94272,84
123.91087500000002,0.11412843749999979,42,117,DRUMS,Drum Kit _ 1,Drum Kit _ 1,94464,84
123.38914500000001,0.7391175000000061,54,127,DRUMS,Drum Kit _ 1,Drum Kit _ 1,94080,544
123.38914500000001,0.8152031249999965,38,117,DRUMS,Drum Kit _ 1,Drum Kit _ 1,94080,600
124.17174000000001,0.08695499999998901,42,71,DRUMS,Drum Kit _ 1,Drum Kit _ 1,94656,64
124.43260500000001,0.13043250000001194,42,117,DRUMS,Drum Kit _ 1,Drum Kit _ 1,94848,96
123.91087500000002,0.8260724999999809,35,127,DRUMS,Drum Kit _ 1,Drum Kit _ 1,94464,608
124.69347,0.08695500000001744,42,66,DRUMS,Drum Kit _ 1,Drum Kit _ 1,95040,64
124.954335,0.11412843749999979,42,117,DRUMS,Drum Kit _ 1,Drum Kit _ 1,95232,84
124.43260500000001,0.6956399999999974,54,127,DRUMS,Drum Kit _ 1,Drum Kit _ 1,94848,512
124.43260500000001,0.7608562500000176,38,117,DRUMS,Drum Kit _ 1,Drum Kit _ 1,94848,560
125.21520000000002,0.10325906250000116,42,70,DRUMS,Drum Kit _ 1,Drum Kit _ 1,95424,76
124.954335,0.6141196875000219,35,127,DRUMS,Drum Kit _ 1,Drum Kit _ 1,95232,452
125.47606500000002,0.11412843749999979,42,117,DRUMS,Drum Kit _ 1,Drum Kit _ 1,95616,84
125.73693000000002,0.10325906250000116,42,72,DRUMS,Drum Kit _ 1,Drum Kit _ 1,95808,76
125.73693000000002,0.11412843749999979,35,127,DRUMS,Drum Kit _ 1,Drum Kit _ 1,95808,84
125.99779500000001,0.12499781249999842,42,117,DRUMS,Drum Kit _ 1,Drum Kit _ 1,96000,92
125.47606500000002,0.7336828125000068,54,127,DRUMS,Drum Kit _ 1,Drum Kit _ 1,95616,540
125.47606500000002,0.7825949999999864,38,117,DRUMS,Drum Kit _ 1,Drum Kit _ 1,95616,576
126.25866,0.09238968750000254,42,50,DRUMS,Drum Kit _ 1,Drum Kit _ 1,96192,68
126.519525,0.13043250000001194,42,117,DRUMS,Drum Kit _ 1,Drum Kit _ 1,96384,96
125.99779500000001,0.8695500000000038,35,127,DRUMS,Drum Kit _ 1,Drum Kit _ 1,96000,640
126.78039000000003,0.09238968749997412,42,59,DRUMS,Drum Kit _ 1,Drum Kit _ 1,96576,68
127.04125500000002,0.12499781249999842,42,117,DRUMS,Drum Kit _ 1,Drum Kit _ 1,96768,92
126.519525,0.755421562500004,54,127,DRUMS,Drum Kit _ 1,Drum Kit _ 1,96384,556
126.519525,0.8097684374999972,38,117,DRUMS,Drum Kit _ 1,Drum Kit _ 1,96384,596
127.30212000000002,0.08152031250000391,42,64,DRUMS,Drum Kit _ 1,Drum Kit _ 1,96960,60
127.04125500000002,0.6249890624999921,35,127,DRUMS,Drum Kit _ 1,Drum Kit _ 1,96768,460
127.56298500000001,0.13043250000001194,42,117,DRUMS,Drum Kit _ 1,Drum Kit _ 1,97152,96
127.82385000000001,0.09238968750000254,42,72,DRUMS,Drum Kit _ 1,Drum Kit _ 1,97344,68
127.82385000000001,0.11412843749999979,35,125,DRUMS,Drum Kit _ 1,Drum Kit _ 1,97344,84
128.084715,0.11412843749999979,42,117,DRUMS,Drum Kit _ 1,Drum Kit _ 1,97536,84
127.56298500000001,0.7391174999999919,54,127,DRUMS,Drum Kit _ 1,Drum Kit _ 1,97152,544
127.56298500000001,0.8152031250000107,38,117,DRUMS,Drum Kit _ 1,Drum Kit _ 1,97152,600
128.34558,0.08695499999998901,42,71,DRUMS,Drum Kit _ 1,Drum Kit _ 1,97728,64
128.606445,0.13043249999998352,42,117,DRUMS,Drum Kit _ 1,Drum Kit _ 1,97920,96
128.084715,0.8260725000000093,35,127,DRUMS,Drum Kit _ 1,Drum Kit _ 1,97536,608
128.86731,0.08695499999998901,42,66,DRUMS,Drum Kit _ 1,Drum Kit _ 1,98112,64
129.128175,0.11412843749999979,42,117,DRUMS,Drum Kit _ 1,Drum Kit _ 1,98304,84
128.606445,0.7282481249999933,54,127,DRUMS,Drum Kit _ 1,Drum Kit _ 1,97920,536
128.606445,0.7608562499999891,38,117,DRUMS,Drum Kit _ 1,Drum Kit _ 1,97920,560
129.38904,0.10325906250000116,42,70,DRUMS,Drum Kit _ 1,Drum Kit _ 1,98496,76
129.128175,0.6141196874999935,35,127,DRUMS,Drum Kit _ 1,Drum Kit _ 1,98304,452
129.649905,0.11412843749999979,42,117,DRUMS,Drum Kit _ 1,Drum Kit _ 1,98688,84
129.91076999999999,0.10325906250000116,42,72,DRUMS,Drum Kit _ 1,Drum Kit _ 1,98880,76
129.91076999999999,0.11412843749999979,35,127,DRUMS,Drum Kit _ 1,Drum Kit _ 1,98880,84
130.171635,0.12499781249999842,42,117,DRUMS,Drum Kit _ 1,Drum Kit _ 1,99072,92
129.649905,0.7662909375000027,54,127,DRUMS,Drum Kit _ 1,Drum Kit _ 1,98688,564
129.649905,0.7825950000000148,38,117,DRUMS,Drum Kit _ 1,Drum Kit _ 1,98688,576
130.4325,0.09238968750000254,42,50,DRUMS,Drum Kit _ 1,Drum Kit _ 1,99264,68
130.693365,0.13043250000001194,42,117,DRUMS,Drum Kit _ 1,Drum Kit _ 1,99456,96
130.171635,0.8695500000000038,35,127,DRUMS,Drum Kit _ 1,Drum Kit _ 1,99072,640
130.95423,0.09238968750000254,42,59,DRUMS,Drum Kit _ 1,Drum Kit _ 1,99648,68
131.215095,0.12499781249999842,42,117,DRUMS,Drum Kit _ 1,Drum Kit _ 1,99840,92
130.693365,0.7119440625000095,54,127,DRUMS,Drum Kit _ 1,Drum Kit _ 1,99456,524
130.693365,0.8097684374999972,38,117,DRUMS,Drum Kit _ 1,Drum Kit _ 1,99456,596
131.47596,0.08152031250000391,42,64,DRUMS,Drum Kit _ 1,Drum Kit _ 1,100032,60
131.215095,0.6249890625000205,35,127,DRUMS,Drum Kit _ 1,Drum Kit _ 1,99840,460
131.736825,0.13043249999998352,42,117,DRUMS,Drum Kit _ 1,Drum Kit _ 1,100224,96
131.99769,0.09238968750000254,42,72,DRUMS,Drum Kit _ 1,Drum Kit _ 1,100416,68
131.99769,0.11412843749999979,35,125,DRUMS,Drum Kit _ 1,Drum Kit _ 1,100416,84
132.258555,0.11412843749999979,42,117,DRUMS,Drum Kit _ 1,Drum Kit _ 1,100608,84
131.736825,0.7228134374999797,54,127,DRUMS,Drum Kit _ 1,Drum Kit _ 1,100224,532
131.736825,0.8152031249999823,38,117,DRUMS,Drum Kit _ 1,Drum Kit _ 1,100224,600
132.51942,0.08695499999998901,42,71,DRUMS,Drum Kit _ 1,Drum Kit _ 1,100800,64
132.780285,0.13043250000001194,42,117,DRUMS,Drum Kit _ 1,Drum Kit _ 1,100992,96
132.258555,0.8260725000000093,35,127,DRUMS,Drum Kit _ 1,Drum Kit _ 1,100608,608
133.04115,0.08695500000001744,42,66,DRUMS,Drum Kit _ 1,Drum Kit _ 1,101184,64
132.780285,0.619554375000007,54,127,DRUMS,Drum Kit _ 1,Drum Kit _ 1,100992,456
133.302015,0.11412843749999979,42,117,DRUMS,Drum Kit _ 1,Drum Kit _ 1,101376,84
132.780285,0.7608562500000176,38,117,DRUMS,Drum Kit _ 1,Drum Kit _ 1,100992,560
133.56288,0.10325906250000116,42,70,DRUMS,Drum Kit _ 1,Drum Kit _ 1,101568,76
133.302015,0.6141196874999935,35,127,DRUMS,Drum Kit _ 1,Drum Kit _ 1,101376,452
133.823745,0.11412843749999979,42,117,DRUMS,Drum Kit _ 1,Drum Kit _ 1,101760,84
134.08461,0.10325906250000116,42,72,DRUMS,Drum Kit _ 1,Drum Kit _ 1,101952,76
134.08461,0.11412843749999979,35,127,DRUMS,Drum Kit _ 1,Drum Kit _ 1,101952,84
133.823745,0.6358584374999907,54,127,DRUMS,Drum Kit _ 1,Drum Kit _ 1,101760,468
134.345475,0.12499781249999842,42,117,DRUMS,Drum Kit _ 1,Drum Kit _ 1,102144,92
133.823745,0.7825949999999864,38,117,DRUMS,Drum Kit _ 1,Drum Kit _ 1,101760,576
134.60634,0.09238968750000254,42,50,DRUMS,Drum Kit _ 1,Drum Kit _ 1,102336,68
134.867205,0.13043249999998352,42,117,DRUMS,Drum Kit _ 1,Drum Kit _ 1,102528,96
134.345475,0.8695500000000038,35,127,DRUMS,Drum Kit _ 1,Drum Kit _ 1,102144,640
135.12807,0.09238968750000254,42,59,DRUMS,Drum Kit _ 1,Drum Kit _ 1,102720,68
134.867205,0.5217299999999909,54,127,DRUMS,Drum Kit _ 1,Drum Kit _ 1,102528,384
135.388935,0.12499781249999842,42,117,DRUMS,Drum Kit _ 1,Drum Kit _ 1,102912,92
134.867205,0.8097684374999972,38,117,DRUMS,Drum Kit _ 1,Drum Kit _ 1,102528,596
135.6498,0.08152031250000391,42,64,DRUMS,Drum Kit _ 1,Drum Kit _ 1,103104,60
135.388935,0.6249890624999921,35,127,DRUMS,Drum Kit _ 1,Drum Kit _ 1,102912,460
135.910665,0.13043250000001194,42,117,DRUMS,Drum Kit _ 1,Drum Kit _ 1,103296,96
136.17153,0.09238968750000254,42,72,DRUMS,Drum Kit _ 1,Drum Kit _ 1,103488,68
136.17153,0.11412843749999979,35,125,DRUMS,Drum Kit _ 1,Drum Kit _ 1,103488,84
135.910665,0.619554375000007,54,127,DRUMS,Drum Kit _ 1,Drum Kit _ 1,103296,456
136.43239499999999,0.11412843749999979,42,117,DRUMS,Drum Kit _ 1,Drum Kit _ 1,103680,84
136.43239499999999,0.2608650000000239,45,117,DRUMS,Drum Kit _ 1,Drum Kit _ 1,103680,192
136.43239499999999,0.2608650000000239,35,127,DRUMS,Drum Kit _ 1,Drum Kit _ 1,103680,192
135.910665,0.8152031250000107,38,117,DRUMS,Drum Kit _ 1,Drum Kit _ 1,103296,600
136.69326,0.08695499999998901,42,71,DRUMS,Drum Kit _ 1,Drum Kit _ 1,103872,64
136.69326,0.26086499999999546,43,112,DRUMS,Drum Kit _ 1,Drum Kit _ 1,103872,192
136.69326,0.26086499999999546,35,122,DRUMS,Drum Kit _ 1,Drum Kit _ 1,103872,192
136.954125,0.13043249999998352,42,117,DRUMS,Drum Kit _ 1,Drum Kit _ 1,104064,96
137.21499,0.08695499999998901,42,66,DRUMS,Drum Kit _ 1,Drum Kit _ 1,104256,64
137.21499,0.26086499999999546,35,127,DRUMS,Drum Kit _ 1,Drum Kit _ 1,104256,192
136.954125,0.5217299999999909,38,117,DRUMS,Drum Kit _ 1,Drum Kit _ 1,104064,384
137.475855,0.03260812499999588,38,117,DRUMS,Drum Kit _ 1,Drum Kit _ 1,104448,24
136.954125,0.5543381249999868,54,127,DRUMS,Drum Kit _ 1,Drum Kit _ 1,104064,408
137.5247671875,0.09782437499998764,38,117,DRUMS,Drum Kit _ 1,Drum Kit _ 1,104484,72
139.30191,0.24999562499999683,38,113,DRUMS,Drum Kit _ 1,Drum Kit _ 1,105792,184
139.562775,0.21738750000000095,35,111,DRUMS,Drum Kit _ 1,Drum Kit _ 1,105984,160
139.562775,0.25543031250001036,49,113,DRUMS,Drum Kit _ 1,Drum Kit _ 1,105984,188
139.82364,0.13586718749999704,38,115,DRUMS,Drum Kit _ 1,Drum Kit _ 1,106176,100
139.82364,0.1576059374999943,42,104,DRUMS,Drum Kit _ 1,Drum Kit _ 1,106176,116
139.82364,0.24999562499999683,54,127,DRUMS,Drum Kit _ 1,Drum Kit _ 1,106176,184
139.9540725,0.13586718749999704,35,126,DRUMS,Drum Kit _ 1,Drum Kit _ 1,106272,100
140.084505,0.09782437499998764,42,117,DRUMS,Drum Kit _ 1,Drum Kit _ 1,106368,72
140.2149375,0.11412843749999979,35,126,DRUMS,Drum Kit _ 1,Drum Kit _ 1,106464,84
140.34537,0.14130187500001057,42,117,DRUMS,Drum Kit _ 1,Drum Kit _ 1,106560,104
140.34537,0.22282218749998606,54,127,DRUMS,Drum Kit _ 1,Drum Kit _ 1,106560,164
140.34537,0.25543031250001036,38,116,DRUMS,Drum Kit _ 1,Drum Kit _ 1,106560,188
140.606235,0.09238968750000254,42,92,DRUMS,Drum Kit _ 1,Drum Kit _ 1,106752,68
140.606235,0.21195281249998743,35,127,DRUMS,Drum Kit _ 1,Drum Kit _ 1,106752,156
140.8671,0.11956312500001332,42,117,DRUMS,Drum Kit _ 1,Drum Kit _ 1,106944,88
140.8671,0.14673656249999567,38,116,DRUMS,Drum Kit _ 1,Drum Kit _ 1,106944,108
140.8671,0.18477937500000507,54,127,DRUMS,Drum Kit _ 1,Drum Kit _ 1,106944,136
140.9975325,0.14673656249999567,35,118,DRUMS,Drum Kit _ 1,Drum Kit _ 1,107040,108
141.127965,0.09238968750000254,42,96,DRUMS,Drum Kit _ 1,Drum Kit _ 1,107136,68
141.2583975,0.14130187500001057,35,127,DRUMS,Drum Kit _ 1,Drum Kit _ 1,107232,104
141.38883,0.13586718749999704,42,117,DRUMS,Drum Kit _ 1,Drum Kit _ 1,107328,100
141.38883,0.1630406249999794,54,127,DRUMS,Drum Kit _ 1,Drum Kit _ 1,107328,120
141.38883,0.24999562499999683,38,117,DRUMS,Drum Kit _ 1,Drum Kit _ 1,107328,184
141.649695,0.09238968750000254,42,93,DRUMS,Drum Kit _ 1,Drum Kit _ 1,107520,68
141.649695,0.22825687499999958,35,125,DRUMS,Drum Kit _ 1,Drum Kit _ 1,107520,168
141.91056,0.13586718749999704,38,97,DRUMS,Drum Kit _ 1,Drum Kit _ 1,107712,100
141.91056,0.14673656249999567,42,117,DRUMS,Drum Kit _ 1,Drum Kit _ 1,107712,108
141.91056,0.1956487500000037,54,127,DRUMS,Drum Kit _ 1,Drum Kit _ 1,107712,144
142.0409925,0.13043250000001194,35,127,DRUMS,Drum Kit _ 1,Drum Kit _ 1,107808,96
142.171425,0.09238968750000254,42,93,DRUMS,Drum Kit _ 1,Drum Kit _ 1,107904,68
142.3018575,0.16847531249999292,35,127,DRUMS,Drum Kit _ 1,Drum Kit _ 1,108000,124
142.43229,0.12499781249999842,42,117,DRUMS,Drum Kit _ 1,Drum Kit _ 1,108096,92
142.43229,0.20651812500000233,54,127,DRUMS,Drum Kit _ 1,Drum Kit _ 1,108096,152
142.43229,0.22825687499999958,38,117,DRUMS,Drum Kit _ 1,Drum Kit _ 1,108096,168
142.693155,0.07608562500001881,42,88,DRUMS,Drum Kit _ 1,Drum Kit _ 1,108288,56
142.693155,0.22825687499999958,35,125,DRUMS,Drum Kit _ 1,Drum Kit _ 1,108288,168
142.95401999999999,0.11412843749999979,42,117,DRUMS,Drum Kit _ 1,Drum Kit _ 1,108480,84
142.95401999999999,0.14130187500001057,38,117,DRUMS,Drum Kit _ 1,Drum Kit _ 1,108480,104
142.95401999999999,0.1956487500000037,54,127,DRUMS,Drum Kit _ 1,Drum Kit _ 1,108480,144
143.0844525,0.14130187500001057,35,118,DRUMS,Drum Kit _ 1,Drum Kit _ 1,108576,104
143.214885,0.08695499999998901,42,85,DRUMS,Drum Kit _ 1,Drum Kit _ 1,108672,64
143.3453175,0.1521712500000092,35,127,DRUMS,Drum Kit _ 1,Drum Kit _ 1,108768,112
143.47575,0.10869374999998627,42,117,DRUMS,Drum Kit _ 1,Drum Kit _ 1,108864,80
143.47575,0.17934468749999155,54,127,DRUMS,Drum Kit _ 1,Drum Kit _ 1,108864,132
143.47575,0.23369156249998468,38,117,DRUMS,Drum Kit _ 1,Drum Kit _ 1,108864,172
143.736615,0.07608562499999039,42,100,DRUMS,Drum Kit _ 1,Drum Kit _ 1,109056,56
143.736615,0.21195281249998743,35,126,DRUMS,Drum Kit _ 1,Drum Kit _ 1,109056,156
143.99748,0.13043250000001194,42,117,DRUMS,Drum Kit _ 1,Drum Kit _ 1,109248,96
143.99748,0.16847531249999292,38,116,DRUMS,Drum Kit _ 1,Drum Kit _ 1,109248,124
143.99748,0.17391000000000645,54,127,DRUMS,Drum Kit _ 1,Drum Kit _ 1,109248,128
144.1279125,0.13586718749999704,35,126,DRUMS,Drum Kit _ 1,Drum Kit _ 1,109344,100
144.258345,0.09238968750000254,42,83,DRUMS,Drum Kit _ 1,Drum Kit _ 1,109440,68
144.3887775,0.14673656249999567,35,127,DRUMS,Drum Kit _ 1,Drum Kit _ 1,109536,108
144.51921,0.12499781250002684,42,117,DRUMS,Drum Kit _ 1,Drum Kit _ 1,109632,92
144.51921,0.1467365625000241,54,127,DRUMS,Drum Kit _ 1,Drum Kit _ 1,109632,108
144.51921,0.24999562500002526,38,117,DRUMS,Drum Kit _ 1,Drum Kit _ 1,109632,184
144.780075,0.06521624999999176,42,88,DRUMS,Drum Kit _ 1,Drum Kit _ 1,109824,48
144.780075,0.22282218749998606,35,116,DRUMS,Drum Kit _ 1,Drum Kit _ 1,109824,164
145.04094,0.10869374999998627,42,117,DRUMS,Drum Kit _ 1,Drum Kit _ 1,110016,80
145.04094,0.13043249999998352,54,127,DRUMS,Drum Kit _ 1,Drum Kit _ 1,110016,96
145.04094,0.16847531249999292,38,117,DRUMS,Drum Kit _ 1,Drum Kit _ 1,110016,124
145.1713725,0.1521712500000092,35,123,DRUMS,Drum Kit _ 1,Drum Kit _ 1,110112,112
145.301805,0.06521624999999176,42,82,DRUMS,Drum Kit _ 1,Drum Kit _ 1,110208,48
145.4322375,0.13586718749999704,35,126,DRUMS,Drum Kit _ 1,Drum Kit _ 1,110304,100
145.56267,0.10869375000001469,42,117,DRUMS,Drum Kit _ 1,Drum Kit _ 1,110400,80
145.56267,0.13586718749999704,54,127,DRUMS,Drum Kit _ 1,Drum Kit _ 1,110400,100
145.56267,0.266299687500009,38,116,DRUMS,Drum Kit _ 1,Drum Kit _ 1,110400,196
145.823535,0.08152031250000391,42,96,DRUMS,Drum Kit _ 1,Drum Kit _ 1,110592,60
145.823535,0.21738750000000095,35,118,DRUMS,Drum Kit _ 1,Drum Kit _ 1,110592,160
146.0844,0.11956312500001332,42,117,DRUMS,Drum Kit _ 1,Drum Kit _ 1,110784,88
146.0844,0.13043250000001194,54,127,DRUMS,Drum Kit _ 1,Drum Kit _ 1,110784,96
146.0844,0.15760593750002272,38,113,DRUMS,Drum Kit _ 1,Drum Kit _ 1,110784,116
146.2148325,0.14673656249999567,35,113,DRUMS,Drum Kit _ 1,Drum Kit _ 1,110880,108
146.345265,0.08695499999998901,42,82,DRUMS,Drum Kit _ 1,Drum Kit _ 1,110976,64
146.4756975,0.16847531249999292,35,127,DRUMS,Drum Kit _ 1,Drum Kit _ 1,111072,124
146.60613,0.1195631249999849,42,117,DRUMS,Drum Kit _ 1,Drum Kit _ 1,111168,88
146.60613,0.12499781249999842,54,127,DRUMS,Drum Kit _ 1,Drum Kit _ 1,111168,92
146.60613,0.26086499999999546,38,117,DRUMS,Drum Kit _ 1,Drum Kit _ 1,111168,192
146.866995,0.06521624999999176,42,94,DRUMS,Drum Kit _ 1,Drum Kit _ 1,111360,48
146.866995,0.22825687499999958,35,121,DRUMS,Drum Kit _ 1,Drum Kit _ 1,111360,168
147.12786,0.12499781249999842,54,127,DRUMS,Drum Kit _ 1,Drum Kit _ 1,111552,92
147.12786,0.14130187500001057,42,117,DRUMS,Drum Kit _ 1,Drum Kit _ 1,111552,104
147.12786,0.1521712500000092,38,117,DRUMS,Drum Kit _ 1,Drum Kit _ 1,111552,112
147.2582925,0.15217124999998077,35,109,DRUMS,Drum Kit _ 1,Drum Kit _ 1,111648,112
147.388725,0.06521625000002018,42,113,DRUMS,Drum Kit _ 1,Drum Kit _ 1,111744,48
147.5191575,0.14130187499998215,35,127,DRUMS,Drum Kit _ 1,Drum Kit _ 1,111840,104
147.64959,0.16847531250002135,42,117,DRUMS,Drum Kit _ 1,Drum Kit _ 1,111936,124
147.64959,0.24456093750001173,38,117,DRUMS,Drum Kit _ 1,Drum Kit _ 1,111936,180
147.910455,0.08695499999998901,54,90,DRUMS,Drum Kit _ 1,Drum Kit _ 1,112128,64
147.910455,0.22825687499999958,35,116,DRUMS,Drum Kit _ 1,Drum Kit _ 1,112128,168
148.0408875,0.11956312500001332,54,110,DRUMS,Drum Kit _ 1,Drum Kit _ 1,112224,88
148.17132,0.09238968750000254,54,126,DRUMS,Drum Kit _ 1,Drum Kit _ 1,112320,68
147.910455,0.3586893749999831,45,117,DRUMS,Drum Kit _ 1,Drum Kit _ 1,112128,264
148.17132,0.10869374999998627,38,117,DRUMS,Drum Kit _ 1,Drum Kit _ 1,112320,80
148.17132,0.18477937500000507,42,117,DRUMS,Drum Kit _ 1,Drum Kit _ 1,112320,136
148.3017525,0.09238968750000254,54,107,DRUMS,Drum Kit _ 1,Drum Kit _ 1,112416,68
148.3017525,0.11956312500001332,35,99,DRUMS,Drum Kit _ 1,Drum Kit _ 1,112416,88
148.432185,0.09782437499998764,54,87,DRUMS,Drum Kit _ 1,Drum Kit _ 1,112512,72
148.5626175,0.09238968750000254,54,102,DRUMS,Drum Kit _ 1,Drum Kit _ 1,112608,68
148.5626175,0.1521712500000092,35,127,DRUMS,Drum Kit _ 1,Drum Kit _ 1,112608,112
148.69305,0.10869374999998627,54,127,DRUMS,Drum Kit _ 1,Drum Kit _ 1,112704,80
148.69305,0.1956487500000037,42,117,DRUMS,Drum Kit _ 1,Drum Kit _ 1,112704,144
148.8234825,0.09782437499998764,54,107,DRUMS,Drum Kit _ 1,Drum Kit _ 1,112800,72
148.3017525,0.6304237500000056,43,116,DRUMS,Drum Kit _ 1,Drum Kit _ 1,112416,464
148.69305,0.2717343749999941,38,113,DRUMS,Drum Kit _ 1,Drum Kit _ 1,112704,200
148.953915,0.09782437500001606,54,82,DRUMS,Drum Kit _ 1,Drum Kit _ 1,112896,72
149.0843475,0.09782437499998764,54,105,DRUMS,Drum Kit _ 1,Drum Kit _ 1,112992,72
148.953915,0.24456093750001173,35,118,DRUMS,Drum Kit _ 1,Drum Kit _ 1,112896,180
149.21478,0.10869375000001469,54,127,DRUMS,Drum Kit _ 1,Drum Kit _ 1,113088,80
148.953915,0.37499343749999525,45,117,DRUMS,Drum Kit _ 1,Drum Kit _ 1,112896,276
149.21478,0.15760593750002272,38,117,DRUMS,Drum Kit _ 1,Drum Kit _ 1,113088,116
149.21478,0.1956487500000037,42,117,DRUMS,Drum Kit _ 1,Drum Kit _ 1,113088,144
149.3452125,0.09238968750000254,54,108,DRUMS,Drum Kit _ 1,Drum Kit _ 1,113184,68
149.3452125,0.17391000000000645,35,123,DRUMS,Drum Kit _ 1,Drum Kit _ 1,113184,128
149.475645,0.06521625000002018,54,87,DRUMS,Drum Kit _ 1,Drum Kit _ 1,113280,48
149.6060775,0.13043250000001194,54,107,DRUMS,Drum Kit _ 1,Drum Kit _ 1,113376,96
149.6060775,0.17934468749999155,35,127,DRUMS,Drum Kit _ 1,Drum Kit _ 1,113376,132
149.73651,0.13043249999998352,54,127,DRUMS,Drum Kit _ 1,Drum Kit _ 1,113472,96
149.8669425,0.08695500000001744,54,105,DRUMS,Drum Kit _ 1,Drum Kit _ 1,113568,64
149.73651,0.22282218749998606,42,117,DRUMS,Drum Kit _ 1,Drum Kit _ 1,113472,164
149.73651,0.26086499999999546,38,117,DRUMS,Drum Kit _ 1,Drum Kit _ 1,113472,192
149.3452125,0.6684665624999866,43,117,DRUMS,Drum Kit _ 1,Drum Kit _ 1,113184,492
149.997375,0.08695499999998901,54,85,DRUMS,Drum Kit _ 1,Drum Kit _ 1,113664,64
150.1278075,0.08695500000001744,54,106,DRUMS,Drum Kit _ 1,Drum Kit _ 1,113760,64
149.997375,0.2445609374999833,35,127,DRUMS,Drum Kit _ 1,Drum Kit _ 1,113664,180
150.25824,0.11412843749999979,54,126,DRUMS,Drum Kit _ 1,Drum Kit _ 1,113856,84
150.25824,0.13586718749999704,38,117,DRUMS,Drum Kit _ 1,Drum Kit _ 1,113856,100
149.997375,0.4239056250000033,45,117,DRUMS,Drum Kit _ 1,Drum Kit _ 1,113664,312
150.25824,0.19021406249999018,42,117,DRUMS,Drum Kit _ 1,Drum Kit _ 1,113856,140
150.3886725,0.09238968749997412,54,114,DRUMS,Drum Kit _ 1,Drum Kit _ 1,113952,68
150.3886725,0.1630406249999794,35,126,DRUMS,Drum Kit _ 1,Drum Kit _ 1,113952,120
150.519105,0.09238968750000254,54,87,DRUMS,Drum Kit _ 1,Drum Kit _ 1,114048,68
150.3886725,0.24999562499999683,43,117,DRUMS,Drum Kit _ 1,Drum Kit _ 1,113952,184
150.6495375,0.09238968750000254,54,105,DRUMS,Drum Kit _ 1,Drum Kit _ 1,114144,68
150.6495375,0.15217124999998077,35,127,DRUMS,Drum Kit _ 1,Drum Kit _ 1,114144,112
150.77997,0.10869375000001469,54,127,DRUMS,Drum Kit _ 1,Drum Kit _ 1,114240,80
150.9104025,0.09238968750000254,54,110,DRUMS,Drum Kit _ 1,Drum Kit _ 1,114336,68
150.77997,0.22282218750001448,42,117,DRUMS,Drum Kit _ 1,Drum Kit _ 1,114240,164
150.77997,0.22825687499999958,43,108,DRUMS,Drum Kit _ 1,Drum Kit _ 1,114240,168
150.77997,0.24456093750001173,38,117,DRUMS,Drum Kit _ 1,Drum Kit _ 1,114240,180
151.040835,0.09782437500001606,54,85,DRUMS,Drum Kit _ 1,Drum Kit _ 1,114432,72
151.040835,0.20108343750001723,35,127,DRUMS,Drum Kit _ 1,Drum Kit _ 1,114432,148
151.1712675,0.08695499999998901,54,105,DRUMS,Drum Kit _ 1,Drum Kit _ 1,114528,64
151.3017,0.10869374999998627,54,127,DRUMS,Drum Kit _ 1,Drum Kit _ 1,114624,80
151.040835,0.3912975000000074,45,117,DRUMS,Drum Kit _ 1,Drum Kit _ 1,114432,288
151.3017,0.14673656249999567,38,117,DRUMS,Drum Kit _ 1,Drum Kit _ 1,114624,108
151.3017,0.2010834374999888,42,117,DRUMS,Drum Kit _ 1,Drum Kit _ 1,114624,148
151.4321325,0.11412843749999979,54,107,DRUMS,Drum Kit _ 1,Drum Kit _ 1,114720,84
151.4321325,0.11956312500001332,35,127,DRUMS,Drum Kit _ 1,Drum Kit _ 1,114720,88
151.562565,0.10325906250000116,54,77,DRUMS,Drum Kit _ 1,Drum Kit _ 1,114816,76
151.4321325,0.28803843750000624,43,116,DRUMS,Drum Kit _ 1,Drum Kit _ 1,114720,212
151.6929975,0.08695500000001744,54,105,DRUMS,Drum Kit _ 1,Drum Kit _ 1,114912,64
151.6929975,0.1521712500000092,35,127,DRUMS,Drum Kit _ 1,Drum Kit _ 1,114912,112
151.82343,0.10869374999998627,54,127,DRUMS,Drum Kit _ 1,Drum Kit _ 1,115008,80
151.82343,0.2010834374999888,43,117,DRUMS,Drum Kit _ 1,Drum Kit _ 1,115008,148
151.9538625,0.09782437499998764,54,100,DRUMS,Drum Kit _ 1,Drum Kit _ 1,115104,72
151.82343,0.22825687499999958,42,117,DRUMS,Drum Kit _ 1,Drum Kit _ 1,115008,168
151.82343,0.3152118749999886,38,117,DRUMS,Drum Kit _ 1,Drum Kit _ 1,115008,232
152.084295,0.24999562499999683,35,127,DRUMS,Drum Kit _ 1,Drum Kit _ 1,115200,184
152.084295,0.25543031250001036,49,110,DRUMS,Drum Kit _ 1,Drum Kit _ 1,115200,188
152.34516,0.14130187500001057,42,110,DRUMS,Drum Kit _ 1,Drum Kit _ 1,115392,104
152.34516,0.16304062500000782,38,117,DRUMS,Drum Kit _ 1,Drum Kit _ 1,115392,120
152.34516,0.20108343750001723,54,127,DRUMS,Drum Kit _ 1,Drum Kit _ 1,115392,148
152.4755925,0.1576059374999943,35,125,DRUMS,Drum Kit _ 1,Drum Kit _ 1,115488,116
152.606025,0.10869375000001469,42,113,DRUMS,Drum Kit _ 1,Drum Kit _ 1,115584,80
152.7364575,0.14673656249999567,35,127,DRUMS,Drum Kit _ 1,Drum Kit _ 1,115680,108
152.86689,0.14130187499998215,42,117,DRUMS,Drum Kit _ 1,Drum Kit _ 1,115776,104
152.86689,0.24999562499999683,54,127,DRUMS,Drum Kit _ 1,Drum Kit _ 1,115776,184
152.86689,0.26086499999999546,38,103,DRUMS,Drum Kit _ 1,Drum Kit _ 1,115776,192
153.127755,0.09238968750000254,42,98,DRUMS,Drum Kit _ 1,Drum Kit _ 1,115968,68
153.127755,0.21738750000000095,35,126,DRUMS,Drum Kit _ 1,Drum Kit _ 1,115968,160
153.38862,0.14130187500001057,42,117,DRUMS,Drum Kit _ 1,Drum Kit _ 1,116160,104
153.38862,0.16847531249999292,38,117,DRUMS,Drum Kit _ 1,Drum Kit _ 1,116160,124
153.38862,0.19021406249999018,54,127,DRUMS,Drum Kit _ 1,Drum Kit _ 1,116160,140
153.5190525,0.1467365625000241,35,118,DRUMS,Drum Kit _ 1,Drum Kit _ 1,116256,108
153.649485,0.07608562499999039,42,86,DRUMS,Drum Kit _ 1,Drum Kit _ 1,116352,56
153.7799175,0.14673656249999567,35,123,DRUMS,Drum Kit _ 1,Drum Kit _ 1,116448,108
153.91035,0.13043250000001194,42,117,DRUMS,Drum Kit _ 1,Drum Kit _ 1,116544,96
153.91035,0.20651812500000233,54,127,DRUMS,Drum Kit _ 1,Drum Kit _ 1,116544,152
153.91035,0.2391262499999982,38,117,DRUMS,Drum Kit _ 1,Drum Kit _ 1,116544,176
154.171215,0.08152031250000391,42,88,DRUMS,Drum Kit _ 1,Drum Kit _ 1,116736,60
154.171215,0.22825687499999958,35,127,DRUMS,Drum Kit _ 1,Drum Kit _ 1,116736,168
154.43208,0.1195631249999849,42,117,DRUMS,Drum Kit _ 1,Drum Kit _ 1,116928,88
154.43208,0.1630406249999794,38,117,DRUMS,Drum Kit _ 1,Drum Kit _ 1,116928,120
154.43208,0.17934468749999155,54,127,DRUMS,Drum Kit _ 1,Drum Kit _ 1,116928,132
154.5625125,0.1576059374999943,35,125,DRUMS,Drum Kit _ 1,Drum Kit _ 1,117024,116
154.692945,0.07065093750000528,42,93,DRUMS,Drum Kit _ 1,Drum Kit _ 1,117120,52
154.8233775,0.10869375000001469,35,127,DRUMS,Drum Kit _ 1,Drum Kit _ 1,117216,80
154.95381,0.1195631249999849,42,117,DRUMS,Drum Kit _ 1,Drum Kit _ 1,117312,88
154.95381,0.1576059374999943,54,127,DRUMS,Drum Kit _ 1,Drum Kit _ 1,117312,116
154.95381,0.22282218749998606,38,111,DRUMS,Drum Kit _ 1,Drum Kit _ 1,117312,164
155.214675,0.07608562499999039,42,94,DRUMS,Drum Kit _ 1,Drum Kit _ 1,117504,56
155.214675,0.21738750000000095,35,123,DRUMS,Drum Kit _ 1,Drum Kit _ 1,117504,160
155.47554,0.11956312500001332,42,117,DRUMS,Drum Kit _ 1,Drum Kit _ 1,117696,88
155.47554,0.11956312500001332,38,117,DRUMS,Drum Kit _ 1,Drum Kit _ 1,117696,88
155.47554,0.17934468749999155,54,127,DRUMS,Drum Kit _ 1,Drum Kit _ 1,117696,132
155.6059725,0.13043249999998352,35,118,DRUMS,Drum Kit _ 1,Drum Kit _ 1,117792,96
155.736405,0.13043250000001194,42,100,DRUMS,Drum Kit _ 1,Drum Kit _ 1,117888,96
155.8668375,0.10869374999998627,35,127,DRUMS,Drum Kit _ 1,Drum Kit _ 1,117984,80
155.99727,0.11412843750002821,54,127,DRUMS,Drum Kit _ 1,Drum Kit _ 1,118080,84
155.99727,0.14130187500001057,42,117,DRUMS,Drum Kit _ 1,Drum Kit _ 1,118080,104
155.99727,0.23912625000002663,38,108,DRUMS,Drum Kit _ 1,Drum Kit _ 1,118080,176
156.258135,0.09238968750000254,54,97,DRUMS,Drum Kit _ 1,Drum Kit _ 1,118272,68
156.258135,0.20651812500000233,35,125,DRUMS,Drum Kit _ 1,Drum Kit _ 1,118272,152
156.3885675,0.10869375000001469,54,112,DRUMS,Drum Kit _ 1,Drum Kit _ 1,118368,80
156.519,0.07065093750000528,54,127,DRUMS,Drum Kit _ 1,Drum Kit _ 1,118464,52
156.258135,0.3586893749999831,45,117,DRUMS,Drum Kit _ 1,Drum Kit _ 1,118272,264
156.519,0.12499781249999842,38,117,DRUMS,Drum Kit _ 1,Drum Kit _ 1,118464,92
156.519,0.18477937500000507,42,117,DRUMS,Drum Kit _ 1,Drum Kit _ 1,118464,136
156.6494325,0.10325906250000116,54,110,DRUMS,Drum Kit _ 1,Drum Kit _ 1,118560,76
156.6494325,0.14130187500001057,35,127,DRUMS,Drum Kit _ 1,Drum Kit _ 1,118560,104
156.779865,0.07065093750000528,54,94,DRUMS,Drum Kit _ 1,Drum Kit _ 1,118656,52
156.9102975,0.08152031249997549,54,115,DRUMS,Drum Kit _ 1,Drum Kit _ 1,118752,60
156.9102975,0.12499781249999842,35,127,DRUMS,Drum Kit _ 1,Drum Kit _ 1,118752,92
157.04073,0.10869375000001469,54,127,DRUMS,Drum Kit _ 1,Drum Kit _ 1,118848,80
156.6494325,0.532599375000018,43,117,DRUMS,Drum Kit _ 1,Drum Kit _ 1,118560,392
157.04073,0.17934468749999155,42,117,DRUMS,Drum Kit _ 1,Drum Kit _ 1,118848,132
157.04073,0.22825687499999958,38,116,DRUMS,Drum Kit _ 1,Drum Kit _ 1,118848,168
157.1711625,0.10325906250000116,54,107,DRUMS,Drum Kit _ 1,Drum Kit _ 1,118944,76
157.301595,0.09782437500001606,54,92,DRUMS,Drum Kit _ 1,Drum Kit _ 1,119040,72
157.301595,0.21195281250001585,35,127,DRUMS,Drum Kit _ 1,Drum Kit _ 1,119040,156
157.4320275,0.10325906250000116,54,105,DRUMS,Drum Kit _ 1,Drum Kit _ 1,119136,76
157.56246,0.08695500000001744,54,126,DRUMS,Drum Kit _ 1,Drum Kit _ 1,119232,64
157.301595,0.3912975000000074,45,117,DRUMS,Drum Kit _ 1,Drum Kit _ 1,119040,288
157.56246,0.15760593750002272,38,117,DRUMS,Drum Kit _ 1,Drum Kit _ 1,119232,116
157.56246,0.17934468750001997,42,117,DRUMS,Drum Kit _ 1,Drum Kit _ 1,119232,132
157.6928925,0.09782437499998764,54,102,DRUMS,Drum Kit _ 1,Drum Kit _ 1,119328,72
157.6928925,0.14673656249999567,35,113,DRUMS,Drum Kit _ 1,Drum Kit _ 1,119328,108
157.823325,0.09782437499998764,54,82,DRUMS,Drum Kit _ 1,Drum Kit _ 1,119424,72
157.9537575,0.09782437500001606,54,100,DRUMS,Drum Kit _ 1,Drum Kit _ 1,119520,72
157.6928925,0.3858628124999939,43,117,DRUMS,Drum Kit _ 1,Drum Kit _ 1,119328,284
157.9537575,0.20651812500000233,35,127,DRUMS,Drum Kit _ 1,Drum Kit _ 1,119520,152
158.08419,0.09238968750000254,54,127,DRUMS,Drum Kit _ 1,Drum Kit _ 1,119616,68
158.08419,0.11412843749999979,45,117,DRUMS,Drum Kit _ 1,Drum Kit _ 1,119616,84
158.08419,0.1576059374999943,42,117,DRUMS,Drum Kit _ 1,Drum Kit _ 1,119616,116
158.2146225,0.07608562500001881,54,102,DRUMS,Drum Kit _ 1,Drum Kit _ 1,119712,56
158.2146225,0.14130187500001057,35,123,DRUMS,Drum Kit _ 1,Drum Kit _ 1,119712,104
158.345055,0.03260812499999588,38,117,DRUMS,Drum Kit _ 1,Drum Kit _ 1,119808,24
158.3939671875,0.13043249999998352,38,117,DRUMS,Drum Kit _ 1,Drum Kit _ 1,119844,96
158.60592,0.353254687499998,38,117,DRUMS,Drum Kit _ 1,Drum Kit _ 1,120000,260
158.6330934375,0.36955874999998173,41,117,DRUMS,Drum Kit _ 1,Drum Kit _ 1,120020,272
159.12765,0.12499781249999842,41,117,DRUMS,Drum Kit _ 1,Drum Kit _ 1,120384,92
159.12765,0.12499781249999842,38,117,DRUMS,Drum Kit _ 1,Drum Kit _ 1,120384,92
159.388515,0.1195631249999849,43,117,DRUMS,Drum Kit _ 1,Drum Kit _ 1,120576,88
159.388515,0.1195631249999849,38,117,DRUMS,Drum Kit _ 1,Drum Kit _ 1,120576,88
159.64938,0.10325906250000116,45,117,DRUMS,Drum Kit _ 1,Drum Kit _ 1,120768,76
159.64938,0.10325906250000116,38,117,DRUMS,Drum Kit _ 1,Drum Kit _ 1,120768,76
159.910245,0.10325906250000116,43,117,DRUMS,Drum Kit _ 1,Drum Kit _ 1,120960,76
159.910245,0.10869374999998627,38,117,DRUMS,Drum Kit _ 1,Drum Kit _ 1,120960,80
160.17111,0.08695499999998901,38,117,DRUMS,Drum Kit _ 1,Drum Kit _ 1,121152,64
160.431975,0.03260812499999588,38,117,DRUMS,Drum Kit _ 1,Drum Kit _ 1,121344,24
160.4808871875,0.3260812499999872,38,115,DRUMS,Drum Kit _ 1,Drum Kit _ 1,121380,240
