time_start_sec,duration_sec,pitch,velocity,track,time_start_tick,duration_tick,instrument
0.0,0.06875000000000009,35,120,Std Drums,480,11,Drum Kit _ 1
0.375,0.06875000000000009,35,120,Std Drums,540,11,Drum Kit _ 1
0.75,0.06875000000000009,35,120,Std Drums,600,11,Drum Kit _ 1
1.125,0.06875000000000009,38,100,Std Drums,660,11,Drum Kit _ 1
1.125,0.06875000000000009,35,120,Std Drums,660,11,Drum Kit _ 1
1.5,0.06875000000000009,35,120,Std Drums,720,11,Drum Kit _ 1
1.875,0.06875000000000009,35,120,Std Drums,780,11,Drum Kit _ 1
2.25,0.06874999999999964,35,120,Std Drums,840,11,Drum Kit _ 1
2.625,0.06874999999999964,35,120,Std Drums,900,11,Drum Kit _ 1
3.0,0.06874999999999964,35,120,Std Drums,960,11,Drum Kit _ 1
3.375,0.06874999999999964,35,120,Std Drums,1020,11,Drum Kit _ 1
3.375,0.06874999999999964,38,100,Std Drums,1020,11,Drum Kit _ 1
3.75,0.06874999999999964,35,120,Std Drums,1080,11,Drum Kit _ 1
4.125,0.06875000000000053,35,120,Std Drums,1140,11,Drum Kit _ 1
4.5,0.06875000000000053,35,120,Std Drums,1200,11,Drum Kit _ 1
4.875,0.06875000000000053,35,120,Std Drums,1260,11,Drum Kit _ 1
5.25,0.06875000000000053,35,120,Std Drums,1320,11,Drum Kit _ 1
5.625,0.06875000000000053,38,100,Std Drums,1380,11,Drum Kit _ 1
5.625,0.06875000000000053,35,120,Std Drums,1380,11,Drum Kit _ 1
5.625,0.06875000000000053,42,105,Std Drums,1380,11,Drum Kit _ 1
6.0,0.06875000000000142,38,100,Std Drums,1440,11,Drum Kit _ 1
6.0,0.06875000000000142,35,120,Std Drums,1440,11,Drum Kit _ 1
6.0,0.06875000000000142,42,90,Std Drums,1440,11,Drum Kit _ 1
6.375,0.06875000000000142,35,120,Std Drums,1500,11,Drum Kit _ 1
6.375,0.06875000000000142,38,100,Std Drums,1500,11,Drum Kit _ 1
6.375,0.06875000000000142,42,90,Std Drums,1500,11,Drum Kit _ 1
6.75,0.06875000000000142,38,100,Std Drums,1560,11,Drum Kit _ 1
6.75,0.06875000000000142,35,120,Std Drums,1560,11,Drum Kit _ 1
6.75,0.06875000000000142,42,105,Std Drums,1560,11,Drum Kit _ 1
7.125,0.06875000000000142,35,120,Std Drums,1620,11,Drum Kit _ 1
7.5,0.06875000000000142,35,120,Std Drums,1680,11,Drum Kit _ 1
7.875,0.06875000000000142,35,120,Std Drums,1740,11,Drum Kit _ 1
7.875,0.06875000000000142,38,100,Std Drums,1740,11,Drum Kit _ 1
8.25,0.06874999999999964,38,100,Std Drums,1800,11,Drum Kit _ 1
8.25,0.06874999999999964,35,120,Std Drums,1800,11,Drum Kit _ 1
8.25,0.06874999999999964,42,90,Std Drums,1800,11,Drum Kit _ 1
8.625,0.06874999999999964,35,120,Std Drums,1860,11,Drum Kit _ 1
8.625,0.06874999999999964,38,100,Std Drums,1860,11,Drum Kit _ 1
8.625,0.06874999999999964,42,90,Std Drums,1860,11,Drum Kit _ 1
9.0,0.06874999999999964,35,120,Std Drums,1920,11,Drum Kit _ 1
9.0,0.06874999999999964,38,100,Std Drums,1920,11,Drum Kit _ 1
9.0,0.06874999999999964,42,105,Std Drums,1920,11,Drum Kit _ 1
9.375,0.06874999999999964,35,120,Std Drums,1980,11,Drum Kit _ 1
9.75,0.06875000000000142,35,120,Std Drums,2040,11,Drum Kit _ 1
10.125,0.06875000000000142,38,100,Std Drums,2100,11,Drum Kit _ 1
10.125,0.06875000000000142,35,120,Std Drums,2100,11,Drum Kit _ 1
15.649999999999999,0.054999999999999716,45,110,Std Drums,2880,11,Drum Kit _ 1
15.649999999999999,0.054999999999999716,38,100,Std Drums,2880,11,Drum Kit _ 1
15.649999999999999,0.054999999999999716,35,120,Std Drums,2880,11,Drum Kit _ 1
15.95,0.054999999999999716,45,110,Std Drums,2940,11,Drum Kit _ 1
15.95,0.054999999999999716,38,100,Std Drums,2940,11,Drum Kit _ 1
15.95,0.054999999999999716,35,120,Std Drums,2940,11,Drum Kit _ 1
16.25,0.054999999999999716,38,100,Std Drums,3000,11,Drum Kit _ 1
16.25,0.054999999999999716,35,120,Std Drums,3000,11,Drum Kit _ 1
16.25,0.054999999999999716,45,110,Std Drums,3000,11,Drum Kit _ 1
21.65,0.054999999999999716,35,120,Std Drums,4080,11,Drum Kit _ 1
21.65,0.054999999999999716,45,110,Std Drums,4080,11,Drum Kit _ 1
21.65,0.054999999999999716,38,100,Std Drums,4080,11,Drum Kit _ 1
21.950000000000003,0.054999999999999716,45,110,Std Drums,4140,11,Drum Kit _ 1
21.950000000000003,0.054999999999999716,38,100,Std Drums,4140,11,Drum Kit _ 1
21.950000000000003,0.054999999999999716,35,120,Std Drums,4140,11,Drum Kit _ 1
22.25,0.054999999999999716,38,100,Std Drums,4200,11,Drum Kit _ 1
22.25,0.054999999999999716,35,120,Std Drums,4200,11,Drum Kit _ 1
22.25,0.054999999999999716,45,110,Std Drums,4200,11,Drum Kit _ 1
22.55,0.054999999999999716,45,110,Std Drums,4260,11,Drum Kit _ 1
22.55,0.054999999999999716,35,120,Std Drums,4260,11,Drum Kit _ 1
22.55,0.054999999999999716,38,100,Std Drums,4260,11,Drum Kit _ 1
26.450000000000003,0.054999999999999716,45,110,Std Drums,5040,11,Drum Kit _ 1
26.450000000000003,0.054999999999999716,38,100,Std Drums,5040,11,Drum Kit _ 1
26.450000000000003,0.054999999999999716,35,120,Std Drums,5040,11,Drum Kit _ 1
26.75,0.054999999999999716,45,110,Std Drums,5100,11,Drum Kit _ 1
26.75,0.054999999999999716,35,120,Std Drums,5100,11,Drum Kit _ 1
26.75,0.054999999999999716,38,100,Std Drums,5100,11,Drum Kit _ 1
27.05,0.054999999999999716,38,100,Std Drums,5160,11,Drum Kit _ 1
27.05,0.054999999999999716,35,120,Std Drums,5160,11,Drum Kit _ 1
27.05,0.054999999999999716,45,110,Std Drums,5160,11,Drum Kit _ 1
28.85,0.054999999999999716,35,120,Std Drums,5520,11,Drum Kit _ 1
28.85,0.054999999999999716,51,110,Std Drums,5520,11,Drum Kit _ 1
29.45,0.054999999999999716,35,120,Std Drums,5640,11,Drum Kit _ 1
29.45,0.054999999999999716,51,110,Std Drums,5640,11,Drum Kit _ 1
30.049999999999997,0.05500000000000682,35,120,Std Drums,5760,11,Drum Kit _ 1
30.049999999999997,0.05500000000000682,51,110,Std Drums,5760,11,Drum Kit _ 1
30.650000000000006,0.05499999999999261,35,120,Std Drums,5880,11,Drum Kit _ 1
30.650000000000006,0.05499999999999261,51,110,Std Drums,5880,11,Drum Kit _ 1
31.25,0.054999999999999716,35,120,Std Drums,6000,11,Drum Kit _ 1
31.25,0.054999999999999716,51,110,Std Drums,6000,11,Drum Kit _ 1
31.85,0.054999999999999716,35,120,Std Drums,6120,11,Drum Kit _ 1
31.85,0.054999999999999716,51,110,Std Drums,6120,11,Drum Kit _ 1
32.45,0.05499999999999261,35,120,Std Drums,6240,11,Drum Kit _ 1
32.45,0.05499999999999261,51,110,Std Drums,6240,11,Drum Kit _ 1
33.05,0.05500000000000682,35,120,Std Drums,6360,11,Drum Kit _ 1
33.05,0.05500000000000682,51,110,Std Drums,6360,11,Drum Kit _ 1
33.650000000000006,0.05499999999999261,35,120,Std Drums,6480,11,Drum Kit _ 1
33.650000000000006,0.05499999999999261,51,110,Std Drums,6480,11,Drum Kit _ 1
34.25,0.054999999999999716,35,120,Std Drums,6600,11,Drum Kit _ 1
34.25,0.054999999999999716,51,110,Std Drums,6600,11,Drum Kit _ 1
34.85,0.054999999999999716,35,120,Std Drums,6720,11,Drum Kit _ 1
34.85,0.054999999999999716,51,110,Std Drums,6720,11,Drum Kit _ 1
35.45,0.05499999999999261,35,120,Std Drums,6840,11,Drum Kit _ 1
35.45,0.05499999999999261,51,110,Std Drums,6840,11,Drum Kit _ 1
36.05,0.05500000000000682,35,120,Std Drums,6960,11,Drum Kit _ 1
36.05,0.05500000000000682,51,110,Std Drums,6960,11,Drum Kit _ 1
36.650000000000006,0.05499999999999261,35,120,Std Drums,7080,11,Drum Kit _ 1
36.650000000000006,0.05499999999999261,51,110,Std Drums,7080,11,Drum Kit _ 1
37.25,0.054999999999999716,35,120,Std Drums,7200,11,Drum Kit _ 1
37.25,0.054999999999999716,51,110,Std Drums,7200,11,Drum Kit _ 1
37.55,0.05500000000000682,38,100,Std Drums,7260,11,Drum Kit _ 1
37.7,0.05499999999999261,38,90,Std Drums,7290,11,Drum Kit _ 1
37.85,0.054999999999999716,38,100,Std Drums,7320,11,Drum Kit _ 1
38.0,0.054999999999999716,38,90,Std Drums,7350,11,Drum Kit _ 1
38.150000000000006,0.05499999999999261,38,100,Std Drums,7380,11,Drum Kit _ 1
38.3,0.05500000000000682,38,90,Std Drums,7410,11,Drum Kit _ 1
38.45,0.05499999999999261,38,100,Std Drums,7440,11,Drum Kit _ 1
38.75,0.054999999999999716,47,110,Std Drums,7500,11,Drum Kit _ 1
38.900000000000006,0.05499999999999261,45,110,Std Drums,7530,11,Drum Kit _ 1
39.2,0.05499999999999261,38,90,Std Drums,7590,11,Drum Kit _ 1
39.35,0.054999999999999716,38,100,Std Drums,7620,11,Drum Kit _ 1
39.650000000000006,0.05499999999999261,49,100,Std Drums,7680,11,Drum Kit _ 1
39.650000000000006,0.05499999999999261,35,120,Std Drums,7680,11,Drum Kit _ 1
39.95,0.05499999999999261,51,90,Std Drums,7740,11,Drum Kit _ 1
40.25,0.054999999999999716,51,110,Std Drums,7800,11,Drum Kit _ 1
40.55,0.05500000000000682,51,90,Std Drums,7860,11,Drum Kit _ 1
40.85,0.054999999999999716,38,100,Std Drums,7920,11,Drum Kit _ 1
40.85,0.054999999999999716,51,110,Std Drums,7920,11,Drum Kit _ 1
41.150000000000006,0.05499999999999261,51,90,Std Drums,7980,11,Drum Kit _ 1
41.45,0.05499999999999261,51,110,Std Drums,8040,11,Drum Kit _ 1
41.75,0.054999999999999716,51,90,Std Drums,8100,11,Drum Kit _ 1
42.05,0.05500000000000682,35,120,Std Drums,8160,11,Drum Kit _ 1
42.05,0.05500000000000682,51,110,Std Drums,8160,11,Drum Kit _ 1
42.35,0.054999999999999716,51,90,Std Drums,8220,11,Drum Kit _ 1
42.650000000000006,0.05499999999999261,51,110,Std Drums,8280,11,Drum Kit _ 1
42.95,0.05499999999999261,51,90,Std Drums,8340,11,Drum Kit _ 1
43.25,0.054999999999999716,38,100,Std Drums,8400,11,Drum Kit _ 1
43.25,0.054999999999999716,51,110,Std Drums,8400,11,Drum Kit _ 1
43.55,0.05500000000000682,51,90,Std Drums,8460,11,Drum Kit _ 1
43.85,0.054999999999999716,51,110,Std Drums,8520,11,Drum Kit _ 1
44.150000000000006,0.05499999999999261,51,90,Std Drums,8580,11,Drum Kit _ 1
44.45,0.05499999999999261,35,120,Std Drums,8640,11,Drum Kit _ 1
44.45,0.05499999999999261,51,110,Std Drums,8640,11,Drum Kit _ 1
44.75,0.054999999999999716,51,90,Std Drums,8700,11,Drum Kit _ 1
45.05,0.05500000000000682,51,110,Std Drums,8760,11,Drum Kit _ 1
45.35,0.054999999999999716,51,90,Std Drums,8820,11,Drum Kit _ 1
45.65,0.054999999999999716,38,100,Std Drums,8880,11,Drum Kit _ 1
45.65,0.054999999999999716,51,110,Std Drums,8880,11,Drum Kit _ 1
45.95,0.054999999999999716,51,90,Std Drums,8940,11,Drum Kit _ 1
46.25,0.054999999999999716,51,110,Std Drums,9000,11,Drum Kit _ 1
46.55,0.05500000000000682,51,90,Std Drums,9060,11,Drum Kit _ 1
46.85,0.054999999999999716,35,120,Std Drums,9120,11,Drum Kit _ 1
46.85,0.054999999999999716,51,110,Std Drums,9120,11,Drum Kit _ 1
47.15,0.054999999999999716,51,90,Std Drums,9180,11,Drum Kit _ 1
47.45,0.054999999999999716,51,110,Std Drums,9240,11,Drum Kit _ 1
47.75,0.054999999999999716,51,90,Std Drums,9300,11,Drum Kit _ 1
48.050000000000004,0.054999999999999716,38,100,Std Drums,9360,11,Drum Kit _ 1
48.050000000000004,0.054999999999999716,51,110,Std Drums,9360,11,Drum Kit _ 1
48.35,0.054999999999999716,51,90,Std Drums,9420,11,Drum Kit _ 1
48.65,0.054999999999999716,51,110,Std Drums,9480,11,Drum Kit _ 1
48.95,0.054999999999999716,51,90,Std Drums,9540,11,Drum Kit _ 1
49.25,0.054999999999999716,35,120,Std Drums,9600,11,Drum Kit _ 1
49.25,0.054999999999999716,51,110,Std Drums,9600,11,Drum Kit _ 1
49.550000000000004,0.054999999999999716,51,90,Std Drums,9660,11,Drum Kit _ 1
49.85,0.054999999999999716,51,110,Std Drums,9720,11,Drum Kit _ 1
50.15,0.054999999999999716,51,90,Std Drums,9780,11,Drum Kit _ 1
50.45,0.054999999999999716,38,100,Std Drums,9840,11,Drum Kit _ 1
50.45,0.054999999999999716,51,110,Std Drums,9840,11,Drum Kit _ 1
50.75,0.054999999999999716,51,90,Std Drums,9900,11,Drum Kit _ 1
51.050000000000004,0.054999999999999716,51,110,Std Drums,9960,11,Drum Kit _ 1
51.35,0.054999999999999716,51,90,Std Drums,10020,11,Drum Kit _ 1
51.65,0.054999999999999716,35,120,Std Drums,10080,11,Drum Kit _ 1
51.65,0.054999999999999716,51,110,Std Drums,10080,11,Drum Kit _ 1
51.95,0.054999999999999716,51,90,Std Drums,10140,11,Drum Kit _ 1
52.25,0.054999999999999716,51,110,Std Drums,10200,11,Drum Kit _ 1
52.550000000000004,0.054999999999999716,51,90,Std Drums,10260,11,Drum Kit _ 1
52.85,0.054999999999999716,38,100,Std Drums,10320,11,Drum Kit _ 1
52.85,0.054999999999999716,51,110,Std Drums,10320,11,Drum Kit _ 1
53.15,0.054999999999999716,51,90,Std Drums,10380,11,Drum Kit _ 1
53.45,0.054999999999999716,51,110,Std Drums,10440,11,Drum Kit _ 1
53.75,0.054999999999999716,51,90,Std Drums,10500,11,Drum Kit _ 1
54.050000000000004,0.054999999999999716,35,120,Std Drums,10560,11,Drum Kit _ 1
54.050000000000004,0.054999999999999716,51,110,Std Drums,10560,11,Drum Kit _ 1
54.35,0.054999999999999716,51,90,Std Drums,10620,11,Drum Kit _ 1
54.65,0.054999999999999716,51,110,Std Drums,10680,11,Drum Kit _ 1
54.95,0.054999999999999716,51,90,Std Drums,10740,11,Drum Kit _ 1
55.25,0.054999999999999716,38,100,Std Drums,10800,11,Drum Kit _ 1
55.25,0.054999999999999716,35,120,Std Drums,10800,11,Drum Kit _ 1
55.25,0.054999999999999716,51,110,Std Drums,10800,11,Drum Kit _ 1
55.550000000000004,0.054999999999999716,51,90,Std Drums,10860,11,Drum Kit _ 1
55.85,0.054999999999999716,51,110,Std Drums,10920,11,Drum Kit _ 1
56.15,0.054999999999999716,51,90,Std Drums,10980,11,Drum Kit _ 1
56.45,0.054999999999999716,35,120,Std Drums,11040,11,Drum Kit _ 1
56.45,0.054999999999999716,51,110,Std Drums,11040,11,Drum Kit _ 1
56.75,0.054999999999999716,51,90,Std Drums,11100,11,Drum Kit _ 1
57.050000000000004,0.054999999999999716,51,110,Std Drums,11160,11,Drum Kit _ 1
57.35,0.054999999999999716,51,90,Std Drums,11220,11,Drum Kit _ 1
57.65,0.054999999999999716,35,120,Std Drums,11280,11,Drum Kit _ 1
57.65,0.054999999999999716,38,100,Std Drums,11280,11,Drum Kit _ 1
57.65,0.054999999999999716,51,110,Std Drums,11280,11,Drum Kit _ 1
57.95,0.054999999999999716,51,90,Std Drums,11340,11,Drum Kit _ 1
58.25,0.054999999999999716,51,110,Std Drums,11400,11,Drum Kit _ 1
58.550000000000004,0.054999999999999716,51,90,Std Drums,11460,11,Drum Kit _ 1
58.85,0.054999999999999716,35,120,Std Drums,11520,11,Drum Kit _ 1
58.85,0.054999999999999716,38,100,Std Drums,11520,11,Drum Kit _ 1
58.85,0.054999999999999716,51,110,Std Drums,11520,11,Drum Kit _ 1
59.25,0.054999999999999716,35,120,Std Drums,11600,11,Drum Kit _ 1
59.25,0.054999999999999716,38,100,Std Drums,11600,11,Drum Kit _ 1
59.25,0.054999999999999716,51,110,Std Drums,11600,11,Drum Kit _ 1
59.65,0.054999999999999716,38,100,Std Drums,11680,11,Drum Kit _ 1
59.65,0.054999999999999716,35,120,Std Drums,11680,11,Drum Kit _ 1
59.65,0.054999999999999716,51,110,Std Drums,11680,11,Drum Kit _ 1
60.050000000000004,0.054999999999999716,49,100,Std Drums,11760,11,Drum Kit _ 1
60.050000000000004,0.054999999999999716,35,120,Std Drums,11760,11,Drum Kit _ 1
60.65,0.054999999999999716,51,110,Std Drums,11880,11,Drum Kit _ 1
61.25,0.054999999999999716,35,120,Std Drums,12000,11,Drum Kit _ 1
61.25,0.054999999999999716,38,100,Std Drums,12000,11,Drum Kit _ 1
61.25,0.054999999999999716,51,110,Std Drums,12000,11,Drum Kit _ 1
61.550000000000004,0.054999999999999716,51,90,Std Drums,12060,11,Drum Kit _ 1
61.85,0.054999999999999716,51,110,Std Drums,12120,11,Drum Kit _ 1
62.45,0.05499999999999261,38,100,Std Drums,12240,11,Drum Kit _ 1
62.45,0.05499999999999261,35,120,Std Drums,12240,11,Drum Kit _ 1
62.55000000000001,0.0049999999999954525,38,85,Std Drums,12260,1,Drum Kit _ 1
62.75,0.05500000000000682,35,120,Std Drums,12300,11,Drum Kit _ 1
64.85,0.05500000000000682,35,120,Std Drums,12720,11,Drum Kit _ 1
64.85,0.05500000000000682,51,110,Std Drums,12720,11,Drum Kit _ 1
65.45,0.05499999999999261,51,110,Std Drums,12840,11,Drum Kit _ 1
65.75,0.05500000000000682,51,90,Std Drums,12900,11,Drum Kit _ 1
66.05000000000001,0.05499999999999261,38,100,Std Drums,12960,11,Drum Kit _ 1
66.05000000000001,0.05499999999999261,35,120,Std Drums,12960,11,Drum Kit _ 1
66.05000000000001,0.05499999999999261,51,110,Std Drums,12960,11,Drum Kit _ 1
66.65,0.05499999999999261,51,110,Std Drums,13080,11,Drum Kit _ 1
67.25,0.05500000000000682,38,100,Std Drums,13200,11,Drum Kit _ 1
67.25,0.05500000000000682,35,120,Std Drums,13200,11,Drum Kit _ 1
67.35,0.005000000000009663,38,85,Std Drums,13220,1,Drum Kit _ 1
67.55000000000001,0.05499999999999261,35,120,Std Drums,13260,11,Drum Kit _ 1
69.65,0.05499999999999261,57,100,Std Drums,13680,11,Drum Kit _ 1
69.65,0.05499999999999261,35,120,Std Drums,13680,11,Drum Kit _ 1
70.25,0.05500000000000682,51,110,Std Drums,13800,11,Drum Kit _ 1
70.55000000000001,0.05499999999999261,51,90,Std Drums,13860,11,Drum Kit _ 1
70.85,0.05500000000000682,38,100,Std Drums,13920,11,Drum Kit _ 1
70.85,0.05500000000000682,35,120,Std Drums,13920,11,Drum Kit _ 1
70.85,0.05500000000000682,51,110,Std Drums,13920,11,Drum Kit _ 1
71.15,0.05499999999999261,51,90,Std Drums,13980,11,Drum Kit _ 1
71.45,0.05499999999999261,51,110,Std Drums,14040,11,Drum Kit _ 1
71.75,0.05500000000000682,51,90,Std Drums,14100,11,Drum Kit _ 1
72.05000000000001,0.05499999999999261,42,110,Std Drums,14160,11,Drum Kit _ 1
72.65,0.05499999999999261,46,105,Std Drums,14280,11,Drum Kit _ 1
74.45,0.05499999999999261,49,100,Std Drums,14640,11,Drum Kit _ 1
74.45,0.05499999999999261,35,120,Std Drums,14640,11,Drum Kit _ 1
74.75,0.05500000000000682,51,90,Std Drums,14700,11,Drum Kit _ 1
75.05000000000001,0.05499999999999261,51,110,Std Drums,14760,11,Drum Kit _ 1
75.35,0.05500000000000682,51,90,Std Drums,14820,11,Drum Kit _ 1
75.65,0.05499999999999261,38,100,Std Drums,14880,11,Drum Kit _ 1
75.65,0.05499999999999261,51,110,Std Drums,14880,11,Drum Kit _ 1
75.95,0.05499999999999261,51,90,Std Drums,14940,11,Drum Kit _ 1
76.25,0.05500000000000682,51,110,Std Drums,15000,11,Drum Kit _ 1
76.55000000000001,0.05499999999999261,35,120,Std Drums,15060,11,Drum Kit _ 1
76.55000000000001,0.05499999999999261,51,90,Std Drums,15060,11,Drum Kit _ 1
76.85,0.05500000000000682,35,120,Std Drums,15120,11,Drum Kit _ 1
76.85,0.05500000000000682,51,110,Std Drums,15120,11,Drum Kit _ 1
77.15,0.05499999999999261,51,90,Std Drums,15180,11,Drum Kit _ 1
77.45,0.05499999999999261,51,110,Std Drums,15240,11,Drum Kit _ 1
77.75,0.05500000000000682,35,120,Std Drums,15300,11,Drum Kit _ 1
77.75,0.05500000000000682,51,90,Std Drums,15300,11,Drum Kit _ 1
78.05,0.05500000000000682,38,100,Std Drums,15360,11,Drum Kit _ 1
78.05,0.05500000000000682,51,110,Std Drums,15360,11,Drum Kit _ 1
78.35,0.05500000000000682,51,90,Std Drums,15420,11,Drum Kit _ 1
78.65,0.05499999999999261,51,110,Std Drums,15480,11,Drum Kit _ 1
78.95,0.05499999999999261,51,90,Std Drums,15540,11,Drum Kit _ 1
79.25,0.05500000000000682,35,120,Std Drums,15600,11,Drum Kit _ 1
79.25,0.05500000000000682,51,110,Std Drums,15600,11,Drum Kit _ 1
79.55,0.05500000000000682,51,90,Std Drums,15660,11,Drum Kit _ 1
79.85,0.05500000000000682,51,110,Std Drums,15720,11,Drum Kit _ 1
80.15,0.05499999999999261,51,90,Std Drums,15780,11,Drum Kit _ 1
80.45,0.05499999999999261,38,100,Std Drums,15840,11,Drum Kit _ 1
80.45,0.05499999999999261,51,110,Std Drums,15840,11,Drum Kit _ 1
80.75,0.05500000000000682,51,90,Std Drums,15900,11,Drum Kit _ 1
81.05,0.05500000000000682,51,110,Std Drums,15960,11,Drum Kit _ 1
81.35,0.05500000000000682,51,90,Std Drums,16020,11,Drum Kit _ 1
81.65,0.05499999999999261,35,120,Std Drums,16080,11,Drum Kit _ 1
81.65,0.05499999999999261,51,110,Std Drums,16080,11,Drum Kit _ 1
81.95,0.05499999999999261,51,90,Std Drums,16140,11,Drum Kit _ 1
82.25,0.05500000000000682,51,110,Std Drums,16200,11,Drum Kit _ 1
82.55,0.05500000000000682,35,120,Std Drums,16260,11,Drum Kit _ 1
82.55,0.05500000000000682,51,90,Std Drums,16260,11,Drum Kit _ 1
82.85000000000001,0.05499999999999261,38,100,Std Drums,16320,11,Drum Kit _ 1
82.85000000000001,0.05499999999999261,51,110,Std Drums,16320,11,Drum Kit _ 1
83.15,0.05499999999999261,51,90,Std Drums,16380,11,Drum Kit _ 1
83.45,0.05499999999999261,51,110,Std Drums,16440,11,Drum Kit _ 1
83.75,0.05500000000000682,51,90,Std Drums,16500,11,Drum Kit _ 1
84.05,0.05500000000000682,35,120,Std Drums,16560,11,Drum Kit _ 1
84.05,0.05500000000000682,51,110,Std Drums,16560,11,Drum Kit _ 1
84.35000000000001,0.05499999999999261,51,90,Std Drums,16620,11,Drum Kit _ 1
84.65,0.05499999999999261,51,110,Std Drums,16680,11,Drum Kit _ 1
84.95,0.05499999999999261,51,90,Std Drums,16740,11,Drum Kit _ 1
85.25,0.05500000000000682,38,100,Std Drums,16800,11,Drum Kit _ 1
85.25,0.05500000000000682,51,110,Std Drums,16800,11,Drum Kit _ 1
85.4,0.05499999999999261,38,90,Std Drums,16830,11,Drum Kit _ 1
85.55,0.05500000000000682,51,90,Std Drums,16860,11,Drum Kit _ 1
85.85000000000001,0.05499999999999261,51,110,Std Drums,16920,11,Drum Kit _ 1
86.15,0.05499999999999261,51,90,Std Drums,16980,11,Drum Kit _ 1
86.45,0.05499999999999261,35,120,Std Drums,17040,11,Drum Kit _ 1
86.45,0.05499999999999261,51,110,Std Drums,17040,11,Drum Kit _ 1
86.75,0.05500000000000682,51,90,Std Drums,17100,11,Drum Kit _ 1
87.05,0.05500000000000682,51,110,Std Drums,17160,11,Drum Kit _ 1
87.35000000000001,0.05499999999999261,51,90,Std Drums,17220,11,Drum Kit _ 1
87.65,0.05499999999999261,38,100,Std Drums,17280,11,Drum Kit _ 1
87.65,0.05499999999999261,51,110,Std Drums,17280,11,Drum Kit _ 1
87.95,0.05499999999999261,51,90,Std Drums,17340,11,Drum Kit _ 1
88.25,0.05500000000000682,51,110,Std Drums,17400,11,Drum Kit _ 1
88.55,0.05500000000000682,51,90,Std Drums,17460,11,Drum Kit _ 1
88.85000000000001,0.05499999999999261,35,120,Std Drums,17520,11,Drum Kit _ 1
88.85000000000001,0.05499999999999261,51,110,Std Drums,17520,11,Drum Kit _ 1
89.15,0.05499999999999261,51,90,Std Drums,17580,11,Drum Kit _ 1
89.45,0.05499999999999261,51,110,Std Drums,17640,11,Drum Kit _ 1
89.75,0.05500000000000682,51,90,Std Drums,17700,11,Drum Kit _ 1
90.05,0.05500000000000682,38,100,Std Drums,17760,11,Drum Kit _ 1
90.05,0.05500000000000682,51,110,Std Drums,17760,11,Drum Kit _ 1
90.35000000000001,0.05499999999999261,51,90,Std Drums,17820,11,Drum Kit _ 1
90.65,0.05499999999999261,51,110,Std Drums,17880,11,Drum Kit _ 1
90.95,0.05499999999999261,51,90,Std Drums,17940,11,Drum Kit _ 1
91.25,0.05500000000000682,35,120,Std Drums,18000,11,Drum Kit _ 1
91.25,0.05500000000000682,51,110,Std Drums,18000,11,Drum Kit _ 1
91.55,0.05500000000000682,51,90,Std Drums,18060,11,Drum Kit _ 1
91.85000000000001,0.05499999999999261,51,110,Std Drums,18120,11,Drum Kit _ 1
92.15,0.05499999999999261,51,90,Std Drums,18180,11,Drum Kit _ 1
92.45,0.05499999999999261,38,100,Std Drums,18240,11,Drum Kit _ 1
92.45,0.05499999999999261,51,110,Std Drums,18240,11,Drum Kit _ 1
92.75,0.05500000000000682,51,90,Std Drums,18300,11,Drum Kit _ 1
93.05,0.05500000000000682,51,110,Std Drums,18360,11,Drum Kit _ 1
93.35000000000001,0.05499999999999261,51,90,Std Drums,18420,11,Drum Kit _ 1
93.65,0.05499999999999261,35,120,Std Drums,18480,11,Drum Kit _ 1
93.65,0.05499999999999261,51,110,Std Drums,18480,11,Drum Kit _ 1
93.95,0.05499999999999261,51,90,Std Drums,18540,11,Drum Kit _ 1
94.25,0.05500000000000682,51,110,Std Drums,18600,11,Drum Kit _ 1
94.55,0.05500000000000682,51,90,Std Drums,18660,11,Drum Kit _ 1
94.85000000000001,0.05499999999999261,38,100,Std Drums,18720,11,Drum Kit _ 1
94.85000000000001,0.05499999999999261,51,110,Std Drums,18720,11,Drum Kit _ 1
95.15,0.05499999999999261,51,90,Std Drums,18780,11,Drum Kit _ 1
95.45,0.05499999999999261,51,110,Std Drums,18840,11,Drum Kit _ 1
95.75,0.05500000000000682,51,90,Std Drums,18900,11,Drum Kit _ 1
96.05,0.05500000000000682,35,120,Std Drums,18960,11,Drum Kit _ 1
96.05,0.05500000000000682,51,110,Std Drums,18960,11,Drum Kit _ 1
96.35000000000001,0.05499999999999261,51,90,Std Drums,19020,11,Drum Kit _ 1
96.65,0.05499999999999261,35,120,Std Drums,19080,11,Drum Kit _ 1
96.65,0.05499999999999261,51,110,Std Drums,19080,11,Drum Kit _ 1
96.95,0.05499999999999261,51,90,Std Drums,19140,11,Drum Kit _ 1
97.25,0.05500000000000682,35,120,Std Drums,19200,11,Drum Kit _ 1
97.25,0.05500000000000682,51,110,Std Drums,19200,11,Drum Kit _ 1
97.55,0.05500000000000682,35,120,Std Drums,19260,11,Drum Kit _ 1
97.55,0.05500000000000682,51,90,Std Drums,19260,11,Drum Kit _ 1
97.85000000000001,0.05499999999999261,38,100,Std Drums,19320,11,Drum Kit _ 1
97.85000000000001,0.05499999999999261,51,110,Std Drums,19320,11,Drum Kit _ 1
98.15,0.05499999999999261,51,90,Std Drums,19380,11,Drum Kit _ 1
98.45,0.05499999999999261,51,110,Std Drums,19440,11,Drum Kit _ 1
98.75,0.05500000000000682,35,120,Std Drums,19500,11,Drum Kit _ 1
98.75,0.05500000000000682,51,90,Std Drums,19500,11,Drum Kit _ 1
99.05,0.05500000000000682,38,100,Std Drums,19560,11,Drum Kit _ 1
99.05,0.05500000000000682,51,110,Std Drums,19560,11,Drum Kit _ 1
99.35000000000001,0.05499999999999261,51,90,Std Drums,19620,11,Drum Kit _ 1
99.65,0.05499999999999261,49,100,Std Drums,19680,11,Drum Kit _ 1
99.65,0.05499999999999261,35,120,Std Drums,19680,11,Drum Kit _ 1
99.95,0.05499999999999261,51,90,Std Drums,19740,11,Drum Kit _ 1
100.25,0.05500000000000682,51,110,Std Drums,19800,11,Drum Kit _ 1
100.55,0.05500000000000682,51,90,Std Drums,19860,11,Drum Kit _ 1
100.85000000000001,0.05499999999999261,38,100,Std Drums,19920,11,Drum Kit _ 1
100.85000000000001,0.05499999999999261,51,110,Std Drums,19920,11,Drum Kit _ 1
101.15,0.05499999999999261,51,90,Std Drums,19980,11,Drum Kit _ 1
101.45,0.05499999999999261,51,110,Std Drums,20040,11,Drum Kit _ 1
101.75,0.05500000000000682,38,100,Std Drums,20100,11,Drum Kit _ 1
101.75,0.05500000000000682,51,90,Std Drums,20100,11,Drum Kit _ 1
102.05,0.05500000000000682,35,120,Std Drums,20160,11,Drum Kit _ 1
102.05,0.05500000000000682,51,110,Std Drums,20160,11,Drum Kit _ 1
102.35000000000001,0.05499999999999261,51,90,Std Drums,20220,11,Drum Kit _ 1
102.65,0.05499999999999261,51,110,Std Drums,20280,11,Drum Kit _ 1
102.95,0.05499999999999261,35,120,Std Drums,20340,11,Drum Kit _ 1
102.95,0.05499999999999261,51,90,Std Drums,20340,11,Drum Kit _ 1
103.25,0.05500000000000682,38,100,Std Drums,20400,11,Drum Kit _ 1
103.25,0.05500000000000682,51,110,Std Drums,20400,11,Drum Kit _ 1
103.55,0.05500000000000682,51,90,Std Drums,20460,11,Drum Kit _ 1
103.85000000000001,0.05499999999999261,51,110,Std Drums,20520,11,Drum Kit _ 1
104.15,0.05499999999999261,51,90,Std Drums,20580,11,Drum Kit _ 1
104.45,0.05499999999999261,35,120,Std Drums,20640,11,Drum Kit _ 1
104.45,0.05499999999999261,51,110,Std Drums,20640,11,Drum Kit _ 1
104.75,0.05500000000000682,51,90,Std Drums,20700,11,Drum Kit _ 1
105.05,0.05500000000000682,51,110,Std Drums,20760,11,Drum Kit _ 1
105.35000000000001,0.05499999999999261,51,90,Std Drums,20820,11,Drum Kit _ 1
105.65,0.05499999999999261,38,100,Std Drums,20880,11,Drum Kit _ 1
105.65,0.05499999999999261,51,110,Std Drums,20880,11,Drum Kit _ 1
105.95,0.05499999999999261,51,90,Std Drums,20940,11,Drum Kit _ 1
106.25,0.05500000000000682,51,110,Std Drums,21000,11,Drum Kit _ 1
106.55,0.05500000000000682,51,90,Std Drums,21060,11,Drum Kit _ 1
106.85000000000001,0.05499999999999261,35,120,Std Drums,21120,11,Drum Kit _ 1
106.85000000000001,0.05499999999999261,51,110,Std Drums,21120,11,Drum Kit _ 1
107.15,0.05499999999999261,51,90,Std Drums,21180,11,Drum Kit _ 1
107.45,0.05499999999999261,51,110,Std Drums,21240,11,Drum Kit _ 1
107.75,0.05500000000000682,51,90,Std Drums,21300,11,Drum Kit _ 1
108.05,0.05500000000000682,38,100,Std Drums,21360,11,Drum Kit _ 1
108.05,0.05500000000000682,51,110,Std Drums,21360,11,Drum Kit _ 1
108.35000000000001,0.05499999999999261,51,90,Std Drums,21420,11,Drum Kit _ 1
108.65,0.05499999999999261,51,110,Std Drums,21480,11,Drum Kit _ 1
108.95,0.05499999999999261,51,90,Std Drums,21540,11,Drum Kit _ 1
109.25,0.05500000000000682,35,120,Std Drums,21600,11,Drum Kit _ 1
109.25,0.05500000000000682,51,110,Std Drums,21600,11,Drum Kit _ 1
109.55,0.05500000000000682,51,90,Std Drums,21660,11,Drum Kit _ 1
109.85000000000001,0.05499999999999261,51,110,Std Drums,21720,11,Drum Kit _ 1
110.15,0.05499999999999261,51,90,Std Drums,21780,11,Drum Kit _ 1
110.45,0.05499999999999261,38,100,Std Drums,21840,11,Drum Kit _ 1
110.45,0.05499999999999261,51,110,Std Drums,21840,11,Drum Kit _ 1
110.75,0.05500000000000682,51,90,Std Drums,21900,11,Drum Kit _ 1
111.05,0.05500000000000682,51,110,Std Drums,21960,11,Drum Kit _ 1
111.35000000000001,0.05499999999999261,51,90,Std Drums,22020,11,Drum Kit _ 1
111.65,0.05499999999999261,35,120,Std Drums,22080,11,Drum Kit _ 1
111.65,0.05499999999999261,51,110,Std Drums,22080,11,Drum Kit _ 1
111.95,0.05499999999999261,35,120,Std Drums,22140,11,Drum Kit _ 1
111.95,0.05499999999999261,51,90,Std Drums,22140,11,Drum Kit _ 1
112.25,0.05500000000000682,51,110,Std Drums,22200,11,Drum Kit _ 1
112.55,0.05500000000000682,35,120,Std Drums,22260,11,Drum Kit _ 1
112.55,0.05500000000000682,51,90,Std Drums,22260,11,Drum Kit _ 1
112.85000000000001,0.05499999999999261,38,100,Std Drums,22320,11,Drum Kit _ 1
112.85000000000001,0.05499999999999261,51,110,Std Drums,22320,11,Drum Kit _ 1
113.15,0.05499999999999261,51,90,Std Drums,22380,11,Drum Kit _ 1
113.45,0.05499999999999261,51,110,Std Drums,22440,11,Drum Kit _ 1
113.75,0.05500000000000682,35,120,Std Drums,22500,11,Drum Kit _ 1
113.75,0.05500000000000682,51,90,Std Drums,22500,11,Drum Kit _ 1
114.05,0.05500000000000682,35,120,Std Drums,22560,11,Drum Kit _ 1
114.05,0.05500000000000682,51,110,Std Drums,22560,11,Drum Kit _ 1
114.35000000000001,0.05499999999999261,51,90,Std Drums,22620,11,Drum Kit _ 1
114.65,0.05499999999999261,51,110,Std Drums,22680,11,Drum Kit _ 1
114.95,0.05499999999999261,51,90,Std Drums,22740,11,Drum Kit _ 1
115.25,0.05500000000000682,38,100,Std Drums,22800,11,Drum Kit _ 1
115.25,0.05500000000000682,35,120,Std Drums,22800,11,Drum Kit _ 1
115.25,0.05500000000000682,51,110,Std Drums,22800,11,Drum Kit _ 1
115.55,0.05500000000000682,51,90,Std Drums,22860,11,Drum Kit _ 1
115.85000000000001,0.05499999999999261,51,110,Std Drums,22920,11,Drum Kit _ 1
116.15,0.05499999999999261,51,90,Std Drums,22980,11,Drum Kit _ 1
116.45,0.05499999999999261,35,120,Std Drums,23040,11,Drum Kit _ 1
116.45,0.05499999999999261,51,110,Std Drums,23040,11,Drum Kit _ 1
116.75,0.05500000000000682,51,90,Std Drums,23100,11,Drum Kit _ 1
117.05,0.05500000000000682,51,110,Std Drums,23160,11,Drum Kit _ 1
117.35000000000001,0.05499999999999261,51,90,Std Drums,23220,11,Drum Kit _ 1
117.65,0.05499999999999261,38,100,Std Drums,23280,11,Drum Kit _ 1
117.65,0.05499999999999261,35,120,Std Drums,23280,11,Drum Kit _ 1
117.65,0.05499999999999261,51,110,Std Drums,23280,11,Drum Kit _ 1
117.95,0.05499999999999261,51,90,Std Drums,23340,11,Drum Kit _ 1
118.25,0.05500000000000682,51,110,Std Drums,23400,11,Drum Kit _ 1
118.55,0.05500000000000682,51,90,Std Drums,23460,11,Drum Kit _ 1
118.85000000000001,0.05499999999999261,35,120,Std Drums,23520,11,Drum Kit _ 1
118.85000000000001,0.05499999999999261,38,100,Std Drums,23520,11,Drum Kit _ 1
118.85000000000001,0.05499999999999261,51,110,Std Drums,23520,11,Drum Kit _ 1
119.25,0.05500000000000682,38,100,Std Drums,23600,11,Drum Kit _ 1
119.25,0.05500000000000682,35,120,Std Drums,23600,11,Drum Kit _ 1
119.25,0.05500000000000682,51,110,Std Drums,23600,11,Drum Kit _ 1
119.65,0.05499999999999261,35,120,Std Drums,23680,11,Drum Kit _ 1
119.65,0.05499999999999261,38,100,Std Drums,23680,11,Drum Kit _ 1
119.65,0.05499999999999261,51,110,Std Drums,23680,11,Drum Kit _ 1
120.05,0.05500000000000682,35,120,Std Drums,23760,11,Drum Kit _ 1
120.05,0.05500000000000682,57,100,Std Drums,23760,11,Drum Kit _ 1
120.65,0.05499999999999261,51,110,Std Drums,23880,11,Drum Kit _ 1
121.25,0.05500000000000682,38,100,Std Drums,24000,11,Drum Kit _ 1
121.25,0.05500000000000682,35,120,Std Drums,24000,11,Drum Kit _ 1
121.25,0.05500000000000682,51,110,Std Drums,24000,11,Drum Kit _ 1
121.55,0.05500000000000682,51,90,Std Drums,24060,11,Drum Kit _ 1
121.85000000000001,0.05499999999999261,51,110,Std Drums,24120,11,Drum Kit _ 1
122.45,0.05499999999999261,38,100,Std Drums,24240,11,Drum Kit _ 1
122.45,0.05499999999999261,35,120,Std Drums,24240,11,Drum Kit _ 1
122.55,0.005000000000009663,38,85,Std Drums,24260,1,Drum Kit _ 1
122.75,0.05500000000000682,35,120,Std Drums,24300,11,Drum Kit _ 1
124.85000000000001,0.05499999999999261,35,120,Std Drums,24720,11,Drum Kit _ 1
124.85000000000001,0.05499999999999261,57,100,Std Drums,24720,11,Drum Kit _ 1
125.45,0.05499999999999261,51,110,Std Drums,24840,11,Drum Kit _ 1
125.75,0.05500000000000682,51,90,Std Drums,24900,11,Drum Kit _ 1
126.05000000000001,0.05500000000000682,38,100,Std Drums,24960,11,Drum Kit _ 1
126.05000000000001,0.05500000000000682,35,120,Std Drums,24960,11,Drum Kit _ 1
126.05000000000001,0.05500000000000682,51,110,Std Drums,24960,11,Drum Kit _ 1
126.65,0.0549999999999784,51,110,Std Drums,25080,11,Drum Kit _ 1
127.25,0.05500000000000682,38,100,Std Drums,25200,11,Drum Kit _ 1
127.25,0.05500000000000682,35,120,Std Drums,25200,11,Drum Kit _ 1
127.35000000000002,0.0049999999999954525,38,85,Std Drums,25220,1,Drum Kit _ 1
127.55000000000001,0.05500000000000682,35,120,Std Drums,25260,11,Drum Kit _ 1
129.65,0.0549999999999784,35,120,Std Drums,25680,11,Drum Kit _ 1
129.65,0.0549999999999784,57,100,Std Drums,25680,11,Drum Kit _ 1
130.25,0.05500000000000682,51,110,Std Drums,25800,11,Drum Kit _ 1
130.55,0.05500000000000682,51,90,Std Drums,25860,11,Drum Kit _ 1
130.85000000000002,0.0549999999999784,35,120,Std Drums,25920,11,Drum Kit _ 1
130.85000000000002,0.0549999999999784,38,100,Std Drums,25920,11,Drum Kit _ 1
130.85000000000002,0.0549999999999784,51,110,Std Drums,25920,11,Drum Kit _ 1
131.15,0.0549999999999784,51,90,Std Drums,25980,11,Drum Kit _ 1
131.45,0.05500000000000682,51,110,Std Drums,26040,11,Drum Kit _ 1
131.75,0.05500000000000682,51,90,Std Drums,26100,11,Drum Kit _ 1
132.05,0.05500000000000682,42,110,Std Drums,26160,11,Drum Kit _ 1
132.65,0.0549999999999784,46,105,Std Drums,26280,11,Drum Kit _ 1
134.45,0.06874999999999432,35,120,Std Drums,26640,11,Drum Kit _ 1
134.45,0.06874999999999432,42,105,Std Drums,26640,11,Drum Kit _ 1
134.825,0.06874999999999432,42,90,Std Drums,26700,11,Drum Kit _ 1
135.2,0.06874999999999432,42,90,Std Drums,26760,11,Drum Kit _ 1
135.575,0.06874999999999432,38,100,Std Drums,26820,11,Drum Kit _ 1
135.575,0.06874999999999432,35,120,Std Drums,26820,11,Drum Kit _ 1
135.575,0.06874999999999432,42,105,Std Drums,26820,11,Drum Kit _ 1
135.95,0.06874999999999432,42,90,Std Drums,26880,11,Drum Kit _ 1
136.325,0.06874999999999432,42,90,Std Drums,26940,11,Drum Kit _ 1
136.7,0.06874999999999432,35,120,Std Drums,27000,11,Drum Kit _ 1
136.7,0.06874999999999432,42,105,Std Drums,27000,11,Drum Kit _ 1
137.075,0.06874999999999432,42,90,Std Drums,27060,11,Drum Kit _ 1
137.45,0.06874999999999432,42,90,Std Drums,27120,11,Drum Kit _ 1
137.825,0.06874999999999432,38,100,Std Drums,27180,11,Drum Kit _ 1
137.825,0.06874999999999432,35,120,Std Drums,27180,11,Drum Kit _ 1
137.825,0.06874999999999432,42,105,Std Drums,27180,11,Drum Kit _ 1
138.2,0.06874999999999432,42,90,Std Drums,27240,11,Drum Kit _ 1
138.575,0.06874999999999432,42,90,Std Drums,27300,11,Drum Kit _ 1
138.95,0.06874999999999432,35,120,Std Drums,27360,11,Drum Kit _ 1
138.95,0.06874999999999432,42,105,Std Drums,27360,11,Drum Kit _ 1
139.325,0.06874999999999432,42,90,Std Drums,27420,11,Drum Kit _ 1
139.7,0.06874999999999432,42,90,Std Drums,27480,11,Drum Kit _ 1
140.075,0.06874999999999432,38,100,Std Drums,27540,11,Drum Kit _ 1
140.075,0.06874999999999432,42,105,Std Drums,27540,11,Drum Kit _ 1
140.45,0.06874999999999432,35,120,Std Drums,27600,11,Drum Kit _ 1
140.45,0.06874999999999432,42,90,Std Drums,27600,11,Drum Kit _ 1
140.825,0.06874999999999432,35,120,Std Drums,27660,11,Drum Kit _ 1
140.825,0.06874999999999432,42,90,Std Drums,27660,11,Drum Kit _ 1
141.2,0.06874999999999432,35,120,Std Drums,27720,11,Drum Kit _ 1
141.2,0.06874999999999432,42,105,Std Drums,27720,11,Drum Kit _ 1
141.575,0.06874999999999432,42,90,Std Drums,27780,11,Drum Kit _ 1
141.95,0.06874999999999432,42,90,Std Drums,27840,11,Drum Kit _ 1
142.325,0.06874999999999432,38,100,Std Drums,27900,11,Drum Kit _ 1
142.325,0.06874999999999432,42,105,Std Drums,27900,11,Drum Kit _ 1
142.7,0.06874999999999432,42,90,Std Drums,27960,11,Drum Kit _ 1
143.075,0.06874999999999432,42,90,Std Drums,28020,11,Drum Kit _ 1
143.45,0.06874999999999432,35,120,Std Drums,28080,11,Drum Kit _ 1
143.45,0.06874999999999432,42,105,Std Drums,28080,11,Drum Kit _ 1
143.825,0.06874999999999432,42,90,Std Drums,28140,11,Drum Kit _ 1
144.2,0.06874999999999432,42,90,Std Drums,28200,11,Drum Kit _ 1
144.575,0.06874999999999432,38,100,Std Drums,28260,11,Drum Kit _ 1
144.575,0.06874999999999432,42,105,Std Drums,28260,11,Drum Kit _ 1
144.95,0.06874999999999432,42,90,Std Drums,28320,11,Drum Kit _ 1
145.325,0.06874999999999432,42,90,Std Drums,28380,11,Drum Kit _ 1
145.7,0.06874999999999432,35,120,Std Drums,28440,11,Drum Kit _ 1
145.7,0.06874999999999432,42,105,Std Drums,28440,11,Drum Kit _ 1
146.075,0.06874999999999432,42,90,Std Drums,28500,11,Drum Kit _ 1
146.45,0.06874999999999432,42,90,Std Drums,28560,11,Drum Kit _ 1
146.825,0.06874999999999432,35,120,Std Drums,28620,11,Drum Kit _ 1
146.825,0.06874999999999432,38,100,Std Drums,28620,11,Drum Kit _ 1
146.825,0.06874999999999432,42,105,Std Drums,28620,11,Drum Kit _ 1
147.2,0.06874999999999432,42,90,Std Drums,28680,11,Drum Kit _ 1
147.575,0.06874999999999432,42,90,Std Drums,28740,11,Drum Kit _ 1
147.95,0.06874999999999432,35,120,Std Drums,28800,11,Drum Kit _ 1
147.95,0.06874999999999432,42,105,Std Drums,28800,11,Drum Kit _ 1
148.325,0.06874999999999432,42,90,Std Drums,28860,11,Drum Kit _ 1
148.7,0.06874999999999432,42,90,Std Drums,28920,11,Drum Kit _ 1
149.075,0.06874999999999432,35,120,Std Drums,28980,11,Drum Kit _ 1
149.075,0.06874999999999432,38,100,Std Drums,28980,11,Drum Kit _ 1
149.075,0.06874999999999432,42,105,Std Drums,28980,11,Drum Kit _ 1
149.45,0.06874999999999432,42,90,Std Drums,29040,11,Drum Kit _ 1
149.825,0.06874999999999432,42,90,Std Drums,29100,11,Drum Kit _ 1
150.2,0.06874999999999432,35,120,Std Drums,29160,11,Drum Kit _ 1
150.2,0.06874999999999432,42,105,Std Drums,29160,11,Drum Kit _ 1
150.575,0.06874999999999432,42,90,Std Drums,29220,11,Drum Kit _ 1
150.95,0.06874999999999432,42,90,Std Drums,29280,11,Drum Kit _ 1
151.325,0.06874999999999432,38,100,Std Drums,29340,11,Drum Kit _ 1
151.325,0.06874999999999432,42,105,Std Drums,29340,11,Drum Kit _ 1
151.7,0.06874999999999432,35,120,Std Drums,29400,11,Drum Kit _ 1
151.7,0.06874999999999432,42,90,Std Drums,29400,11,Drum Kit _ 1
152.075,0.06874999999999432,35,120,Std Drums,29460,11,Drum Kit _ 1
152.075,0.06874999999999432,42,90,Std Drums,29460,11,Drum Kit _ 1
152.45,0.06874999999999432,35,120,Std Drums,29520,11,Drum Kit _ 1
152.45,0.06874999999999432,42,105,Std Drums,29520,11,Drum Kit _ 1
152.825,0.06874999999999432,42,90,Std Drums,29580,11,Drum Kit _ 1
153.2,0.06874999999999432,42,90,Std Drums,29640,11,Drum Kit _ 1
153.575,0.06874999999999432,38,100,Std Drums,29700,11,Drum Kit _ 1
153.575,0.06874999999999432,42,105,Std Drums,29700,11,Drum Kit _ 1
153.95,0.06874999999999432,42,90,Std Drums,29760,11,Drum Kit _ 1
154.325,0.06874999999999432,42,90,Std Drums,29820,11,Drum Kit _ 1
154.7,0.06874999999999432,35,120,Std Drums,29880,11,Drum Kit _ 1
154.7,0.06874999999999432,42,105,Std Drums,29880,11,Drum Kit _ 1
155.075,0.06874999999999432,42,90,Std Drums,29940,11,Drum Kit _ 1
155.45,0.06874999999999432,42,90,Std Drums,30000,11,Drum Kit _ 1
155.825,0.06874999999999432,35,120,Std Drums,30060,11,Drum Kit _ 1
155.825,0.06874999999999432,38,100,Std Drums,30060,11,Drum Kit _ 1
160.14999999999998,0.05500000000000682,35,120,Std Drums,30600,11,Drum Kit _ 1
160.14999999999998,0.05500000000000682,53,105,Std Drums,30600,11,Drum Kit _ 1
160.45,0.05500000000000682,53,90,Std Drums,30660,11,Drum Kit _ 1
160.75,0.0549999999999784,48,110,Std Drums,30720,11,Drum Kit _ 1
160.75,0.0549999999999784,53,105,Std Drums,30720,11,Drum Kit _ 1
161.04999999999998,0.05500000000000682,48,110,Std Drums,30780,11,Drum Kit _ 1
161.04999999999998,0.05500000000000682,53,90,Std Drums,30780,11,Drum Kit _ 1
161.35,0.05500000000000682,53,105,Std Drums,30840,11,Drum Kit _ 1
161.64999999999998,0.05500000000000682,53,90,Std Drums,30900,11,Drum Kit _ 1
161.95,0.05500000000000682,38,100,Std Drums,30960,11,Drum Kit _ 1
161.95,0.05500000000000682,53,105,Std Drums,30960,11,Drum Kit _ 1
162.25,0.0549999999999784,35,120,Std Drums,31020,11,Drum Kit _ 1
162.25,0.0549999999999784,53,90,Std Drums,31020,11,Drum Kit _ 1
162.54999999999998,0.05500000000000682,35,120,Std Drums,31080,11,Drum Kit _ 1
162.54999999999998,0.05500000000000682,53,105,Std Drums,31080,11,Drum Kit _ 1
162.85,0.05500000000000682,53,90,Std Drums,31140,11,Drum Kit _ 1
163.14999999999998,0.05500000000000682,48,110,Std Drums,31200,11,Drum Kit _ 1
163.14999999999998,0.05500000000000682,53,105,Std Drums,31200,11,Drum Kit _ 1
163.45,0.05500000000000682,48,110,Std Drums,31260,11,Drum Kit _ 1
163.45,0.05500000000000682,53,90,Std Drums,31260,11,Drum Kit _ 1
163.6,0.05500000000000682,53,90,Std Drums,31290,11,Drum Kit _ 1
163.75,0.0549999999999784,53,105,Std Drums,31320,11,Drum Kit _ 1
164.04999999999998,0.05500000000000682,53,90,Std Drums,31380,11,Drum Kit _ 1
164.35,0.05500000000000682,38,100,Std Drums,31440,11,Drum Kit _ 1
164.35,0.05500000000000682,53,105,Std Drums,31440,11,Drum Kit _ 1
164.64999999999998,0.05500000000000682,35,120,Std Drums,31500,11,Drum Kit _ 1
164.64999999999998,0.05500000000000682,53,90,Std Drums,31500,11,Drum Kit _ 1
164.95,0.05500000000000682,35,120,Std Drums,31560,11,Drum Kit _ 1
164.95,0.05500000000000682,53,105,Std Drums,31560,11,Drum Kit _ 1
165.25,0.0549999999999784,53,90,Std Drums,31620,11,Drum Kit _ 1
165.54999999999998,0.05500000000000682,48,110,Std Drums,31680,11,Drum Kit _ 1
165.54999999999998,0.05500000000000682,53,105,Std Drums,31680,11,Drum Kit _ 1
165.85,0.05500000000000682,48,110,Std Drums,31740,11,Drum Kit _ 1
165.85,0.05500000000000682,53,90,Std Drums,31740,11,Drum Kit _ 1
166.14999999999998,0.05500000000000682,53,105,Std Drums,31800,11,Drum Kit _ 1
166.45,0.05500000000000682,53,90,Std Drums,31860,11,Drum Kit _ 1
166.75,0.0549999999999784,38,100,Std Drums,31920,11,Drum Kit _ 1
166.75,0.0549999999999784,53,105,Std Drums,31920,11,Drum Kit _ 1
167.04999999999998,0.05500000000000682,35,120,Std Drums,31980,11,Drum Kit _ 1
167.04999999999998,0.05500000000000682,53,90,Std Drums,31980,11,Drum Kit _ 1
167.35,0.05500000000000682,35,120,Std Drums,32040,11,Drum Kit _ 1
167.35,0.05500000000000682,53,105,Std Drums,32040,11,Drum Kit _ 1
167.64999999999998,0.05500000000000682,53,90,Std Drums,32100,11,Drum Kit _ 1
167.95,0.05500000000000682,48,110,Std Drums,32160,11,Drum Kit _ 1
167.95,0.05500000000000682,53,105,Std Drums,32160,11,Drum Kit _ 1
168.25,0.0549999999999784,48,110,Std Drums,32220,11,Drum Kit _ 1
168.25,0.0549999999999784,53,90,Std Drums,32220,11,Drum Kit _ 1
168.39999999999998,0.05500000000000682,53,90,Std Drums,32250,11,Drum Kit _ 1
168.54999999999998,0.05500000000000682,53,105,Std Drums,32280,11,Drum Kit _ 1
168.85,0.05500000000000682,53,90,Std Drums,32340,11,Drum Kit _ 1
169.14999999999998,0.05500000000000682,38,100,Std Drums,32400,11,Drum Kit _ 1
169.14999999999998,0.05500000000000682,53,105,Std Drums,32400,11,Drum Kit _ 1
169.45,0.05500000000000682,35,120,Std Drums,32460,11,Drum Kit _ 1
169.45,0.05500000000000682,53,90,Std Drums,32460,11,Drum Kit _ 1
169.75,0.0549999999999784,35,120,Std Drums,32520,11,Drum Kit _ 1
169.75,0.0549999999999784,49,100,Std Drums,32520,11,Drum Kit _ 1
170.04999999999998,0.05500000000000682,53,90,Std Drums,32580,11,Drum Kit _ 1
170.35,0.05500000000000682,48,110,Std Drums,32640,11,Drum Kit _ 1
170.35,0.05500000000000682,53,105,Std Drums,32640,11,Drum Kit _ 1
170.64999999999998,0.05500000000000682,48,110,Std Drums,32700,11,Drum Kit _ 1
170.64999999999998,0.05500000000000682,53,90,Std Drums,32700,11,Drum Kit _ 1
170.95,0.05500000000000682,53,105,Std Drums,32760,11,Drum Kit _ 1
171.25,0.0549999999999784,53,90,Std Drums,32820,11,Drum Kit _ 1
171.54999999999998,0.05500000000000682,38,100,Std Drums,32880,11,Drum Kit _ 1
171.54999999999998,0.05500000000000682,53,105,Std Drums,32880,11,Drum Kit _ 1
171.85,0.05500000000000682,35,120,Std Drums,32940,11,Drum Kit _ 1
171.85,0.05500000000000682,53,90,Std Drums,32940,11,Drum Kit _ 1
172.14999999999998,0.05500000000000682,35,120,Std Drums,33000,11,Drum Kit _ 1
172.14999999999998,0.05500000000000682,53,105,Std Drums,33000,11,Drum Kit _ 1
172.45,0.05500000000000682,53,90,Std Drums,33060,11,Drum Kit _ 1
172.75,0.0549999999999784,48,110,Std Drums,33120,11,Drum Kit _ 1
172.75,0.0549999999999784,53,105,Std Drums,33120,11,Drum Kit _ 1
173.04999999999998,0.05500000000000682,48,110,Std Drums,33180,11,Drum Kit _ 1
173.04999999999998,0.05500000000000682,53,90,Std Drums,33180,11,Drum Kit _ 1
173.2,0.05500000000000682,53,90,Std Drums,33210,11,Drum Kit _ 1
173.35,0.05500000000000682,53,105,Std Drums,33240,11,Drum Kit _ 1
173.64999999999998,0.05500000000000682,53,90,Std Drums,33300,11,Drum Kit _ 1
173.95,0.05500000000000682,38,100,Std Drums,33360,11,Drum Kit _ 1
173.95,0.05500000000000682,53,105,Std Drums,33360,11,Drum Kit _ 1
174.25,0.0549999999999784,35,120,Std Drums,33420,11,Drum Kit _ 1
174.25,0.0549999999999784,53,90,Std Drums,33420,11,Drum Kit _ 1
174.54999999999998,0.05500000000000682,35,120,Std Drums,33480,11,Drum Kit _ 1
174.54999999999998,0.05500000000000682,53,105,Std Drums,33480,11,Drum Kit _ 1
174.85,0.05500000000000682,53,90,Std Drums,33540,11,Drum Kit _ 1
175.14999999999998,0.05500000000000682,48,110,Std Drums,33600,11,Drum Kit _ 1
175.14999999999998,0.05500000000000682,53,105,Std Drums,33600,11,Drum Kit _ 1
175.45,0.05500000000000682,48,110,Std Drums,33660,11,Drum Kit _ 1
175.45,0.05500000000000682,53,90,Std Drums,33660,11,Drum Kit _ 1
175.75,0.0549999999999784,53,105,Std Drums,33720,11,Drum Kit _ 1
176.04999999999998,0.05500000000000682,53,90,Std Drums,33780,11,Drum Kit _ 1
176.35,0.05500000000000682,38,100,Std Drums,33840,11,Drum Kit _ 1
176.35,0.05500000000000682,53,105,Std Drums,33840,11,Drum Kit _ 1
176.64999999999998,0.05500000000000682,35,120,Std Drums,33900,11,Drum Kit _ 1
176.64999999999998,0.05500000000000682,53,90,Std Drums,33900,11,Drum Kit _ 1
176.95,0.05500000000000682,35,120,Std Drums,33960,11,Drum Kit _ 1
176.95,0.05500000000000682,53,105,Std Drums,33960,11,Drum Kit _ 1
177.25,0.0549999999999784,53,90,Std Drums,34020,11,Drum Kit _ 1
177.54999999999998,0.05500000000000682,48,110,Std Drums,34080,11,Drum Kit _ 1
177.54999999999998,0.05500000000000682,53,105,Std Drums,34080,11,Drum Kit _ 1
177.85,0.05500000000000682,48,110,Std Drums,34140,11,Drum Kit _ 1
177.85,0.05500000000000682,53,90,Std Drums,34140,11,Drum Kit _ 1
178.14999999999998,0.05500000000000682,53,105,Std Drums,34200,11,Drum Kit _ 1
178.45,0.05500000000000682,53,90,Std Drums,34260,11,Drum Kit _ 1
178.75,0.0549999999999784,38,100,Std Drums,34320,11,Drum Kit _ 1
178.75,0.0549999999999784,53,105,Std Drums,34320,11,Drum Kit _ 1
179.04999999999998,0.05500000000000682,35,120,Std Drums,34380,11,Drum Kit _ 1
179.04999999999998,0.05500000000000682,53,90,Std Drums,34380,11,Drum Kit _ 1
179.35,0.05500000000000682,35,120,Std Drums,34440,11,Drum Kit _ 1
179.35,0.05500000000000682,53,105,Std Drums,34440,11,Drum Kit _ 1
179.64999999999998,0.05500000000000682,53,90,Std Drums,34500,11,Drum Kit _ 1
179.95,0.05500000000000682,48,110,Std Drums,34560,11,Drum Kit _ 1
179.95,0.05500000000000682,53,105,Std Drums,34560,11,Drum Kit _ 1
180.25,0.0549999999999784,48,110,Std Drums,34620,11,Drum Kit _ 1
180.25,0.0549999999999784,53,90,Std Drums,34620,11,Drum Kit _ 1
180.54999999999998,0.05500000000000682,53,105,Std Drums,34680,11,Drum Kit _ 1
180.85,0.05500000000000682,53,90,Std Drums,34740,11,Drum Kit _ 1
181.14999999999998,0.05500000000000682,38,100,Std Drums,34800,11,Drum Kit _ 1
181.14999999999998,0.05500000000000682,53,105,Std Drums,34800,11,Drum Kit _ 1
181.45,0.05500000000000682,53,90,Std Drums,34860,11,Drum Kit _ 1
181.75,0.0549999999999784,53,105,Std Drums,34920,11,Drum Kit _ 1
182.04999999999998,0.05500000000000682,53,90,Std Drums,34980,11,Drum Kit _ 1
182.35,0.05500000000000682,48,110,Std Drums,35040,11,Drum Kit _ 1
182.35,0.05500000000000682,53,105,Std Drums,35040,11,Drum Kit _ 1
182.64999999999998,0.05500000000000682,48,110,Std Drums,35100,11,Drum Kit _ 1
182.64999999999998,0.05500000000000682,53,90,Std Drums,35100,11,Drum Kit _ 1
182.95,0.05500000000000682,53,105,Std Drums,35160,11,Drum Kit _ 1
183.25,0.0549999999999784,53,90,Std Drums,35220,11,Drum Kit _ 1
183.54999999999998,0.05500000000000682,35,120,Std Drums,35280,11,Drum Kit _ 1
183.54999999999998,0.05500000000000682,38,100,Std Drums,35280,11,Drum Kit _ 1
183.54999999999998,0.05500000000000682,53,105,Std Drums,35280,11,Drum Kit _ 1
183.85,0.05500000000000682,53,90,Std Drums,35340,11,Drum Kit _ 1
184.14999999999998,0.05500000000000682,48,110,Std Drums,35400,11,Drum Kit _ 1
184.29999999999998,0.05500000000000682,48,110,Std Drums,35430,11,Drum Kit _ 1
184.45,0.05500000000000682,48,110,Std Drums,35460,11,Drum Kit _ 1
184.75,0.0549999999999784,45,110,Std Drums,35520,11,Drum Kit _ 1
185.04999999999998,0.05500000000000682,45,110,Std Drums,35580,11,Drum Kit _ 1
185.35,0.05500000000000682,57,100,Std Drums,35640,11,Drum Kit _ 1
185.35,0.05500000000000682,35,120,Std Drums,35640,11,Drum Kit _ 1
185.64999999999998,0.05500000000000682,53,90,Std Drums,35700,11,Drum Kit _ 1
185.95,0.05500000000000682,48,110,Std Drums,35760,11,Drum Kit _ 1
185.95,0.05500000000000682,53,105,Std Drums,35760,11,Drum Kit _ 1
186.25,0.0549999999999784,48,110,Std Drums,35820,11,Drum Kit _ 1
186.25,0.0549999999999784,53,90,Std Drums,35820,11,Drum Kit _ 1
186.54999999999998,0.05500000000000682,53,105,Std Drums,35880,11,Drum Kit _ 1
186.85,0.05500000000000682,53,90,Std Drums,35940,11,Drum Kit _ 1
187.14999999999998,0.05500000000000682,38,100,Std Drums,36000,11,Drum Kit _ 1
187.14999999999998,0.05500000000000682,53,105,Std Drums,36000,11,Drum Kit _ 1
187.45,0.05500000000000682,35,120,Std Drums,36060,11,Drum Kit _ 1
187.45,0.05500000000000682,53,90,Std Drums,36060,11,Drum Kit _ 1
187.75,0.0549999999999784,35,120,Std Drums,36120,11,Drum Kit _ 1
187.75,0.0549999999999784,53,105,Std Drums,36120,11,Drum Kit _ 1
188.04999999999998,0.05500000000000682,53,90,Std Drums,36180,11,Drum Kit _ 1
188.35,0.05500000000000682,48,110,Std Drums,36240,11,Drum Kit _ 1
188.35,0.05500000000000682,53,105,Std Drums,36240,11,Drum Kit _ 1
188.64999999999998,0.05500000000000682,48,110,Std Drums,36300,11,Drum Kit _ 1
188.64999999999998,0.05500000000000682,53,90,Std Drums,36300,11,Drum Kit _ 1
188.79999999999998,0.05500000000000682,53,90,Std Drums,36330,11,Drum Kit _ 1
188.95,0.05500000000000682,53,105,Std Drums,36360,11,Drum Kit _ 1
189.25,0.0549999999999784,53,90,Std Drums,36420,11,Drum Kit _ 1
189.54999999999998,0.05500000000000682,38,100,Std Drums,36480,11,Drum Kit _ 1
189.54999999999998,0.05500000000000682,53,105,Std Drums,36480,11,Drum Kit _ 1
189.85,0.05500000000000682,35,120,Std Drums,36540,11,Drum Kit _ 1
189.85,0.05500000000000682,53,90,Std Drums,36540,11,Drum Kit _ 1
190.14999999999998,0.05500000000000682,35,120,Std Drums,36600,11,Drum Kit _ 1
190.14999999999998,0.05500000000000682,53,105,Std Drums,36600,11,Drum Kit _ 1
190.45,0.05500000000000682,53,90,Std Drums,36660,11,Drum Kit _ 1
190.75,0.0549999999999784,48,110,Std Drums,36720,11,Drum Kit _ 1
190.75,0.0549999999999784,53,105,Std Drums,36720,11,Drum Kit _ 1
191.04999999999998,0.05500000000000682,48,110,Std Drums,36780,11,Drum Kit _ 1
191.04999999999998,0.05500000000000682,53,90,Std Drums,36780,11,Drum Kit _ 1
191.35,0.0549999999999784,53,105,Std Drums,36840,11,Drum Kit _ 1
191.64999999999998,0.05500000000000682,53,90,Std Drums,36900,11,Drum Kit _ 1
191.95,0.05500000000000682,38,100,Std Drums,36960,11,Drum Kit _ 1
191.95,0.05500000000000682,53,105,Std Drums,36960,11,Drum Kit _ 1
192.25,0.05500000000000682,35,120,Std Drums,37020,11,Drum Kit _ 1
192.25,0.05500000000000682,53,90,Std Drums,37020,11,Drum Kit _ 1
192.54999999999998,0.05500000000000682,35,120,Std Drums,37080,11,Drum Kit _ 1
192.54999999999998,0.05500000000000682,53,105,Std Drums,37080,11,Drum Kit _ 1
192.85,0.0549999999999784,53,90,Std Drums,37140,11,Drum Kit _ 1
193.14999999999998,0.05500000000000682,48,110,Std Drums,37200,11,Drum Kit _ 1
193.14999999999998,0.05500000000000682,53,105,Std Drums,37200,11,Drum Kit _ 1
193.45,0.05500000000000682,48,110,Std Drums,37260,11,Drum Kit _ 1
193.45,0.05500000000000682,53,90,Std Drums,37260,11,Drum Kit _ 1
193.6,0.0549999999999784,53,90,Std Drums,37290,11,Drum Kit _ 1
193.75,0.05500000000000682,53,105,Std Drums,37320,11,Drum Kit _ 1
194.04999999999998,0.05500000000000682,53,90,Std Drums,37380,11,Drum Kit _ 1
194.35,0.0549999999999784,38,100,Std Drums,37440,11,Drum Kit _ 1
194.35,0.0549999999999784,53,105,Std Drums,37440,11,Drum Kit _ 1
194.64999999999998,0.05500000000000682,35,120,Std Drums,37500,11,Drum Kit _ 1
194.64999999999998,0.05500000000000682,53,90,Std Drums,37500,11,Drum Kit _ 1
194.95,0.05500000000000682,35,120,Std Drums,37560,11,Drum Kit _ 1
194.95,0.05500000000000682,53,105,Std Drums,37560,11,Drum Kit _ 1
195.25,0.05500000000000682,53,90,Std Drums,37620,11,Drum Kit _ 1
195.54999999999998,0.05500000000000682,48,110,Std Drums,37680,11,Drum Kit _ 1
195.54999999999998,0.05500000000000682,53,105,Std Drums,37680,11,Drum Kit _ 1
195.85,0.0549999999999784,48,110,Std Drums,37740,11,Drum Kit _ 1
195.85,0.0549999999999784,53,90,Std Drums,37740,11,Drum Kit _ 1
196.14999999999998,0.05500000000000682,53,105,Std Drums,37800,11,Drum Kit _ 1
196.45,0.05500000000000682,53,90,Std Drums,37860,11,Drum Kit _ 1
196.75,0.05500000000000682,38,100,Std Drums,37920,11,Drum Kit _ 1
196.75,0.05500000000000682,53,105,Std Drums,37920,11,Drum Kit _ 1
197.04999999999998,0.05500000000000682,35,120,Std Drums,37980,11,Drum Kit _ 1
197.04999999999998,0.05500000000000682,53,90,Std Drums,37980,11,Drum Kit _ 1
197.35,0.0549999999999784,35,120,Std Drums,38040,11,Drum Kit _ 1
197.35,0.0549999999999784,53,105,Std Drums,38040,11,Drum Kit _ 1
197.64999999999998,0.05500000000000682,53,90,Std Drums,38100,11,Drum Kit _ 1
197.95,0.05500000000000682,48,110,Std Drums,38160,11,Drum Kit _ 1
197.95,0.05500000000000682,53,105,Std Drums,38160,11,Drum Kit _ 1
198.25,0.05500000000000682,48,110,Std Drums,38220,11,Drum Kit _ 1
198.25,0.05500000000000682,53,90,Std Drums,38220,11,Drum Kit _ 1
198.39999999999998,0.05500000000000682,53,90,Std Drums,38250,11,Drum Kit _ 1
198.54999999999998,0.05500000000000682,53,105,Std Drums,38280,11,Drum Kit _ 1
198.85,0.0549999999999784,53,90,Std Drums,38340,11,Drum Kit _ 1
199.14999999999998,0.05500000000000682,38,100,Std Drums,38400,11,Drum Kit _ 1
199.14999999999998,0.05500000000000682,53,105,Std Drums,38400,11,Drum Kit _ 1
199.45,0.05500000000000682,35,120,Std Drums,38460,11,Drum Kit _ 1
199.45,0.05500000000000682,53,90,Std Drums,38460,11,Drum Kit _ 1
199.75,0.05500000000000682,35,120,Std Drums,38520,11,Drum Kit _ 1
199.75,0.05500000000000682,53,105,Std Drums,38520,11,Drum Kit _ 1
200.04999999999998,0.05500000000000682,53,90,Std Drums,38580,11,Drum Kit _ 1
200.35,0.0549999999999784,48,110,Std Drums,38640,11,Drum Kit _ 1
200.35,0.0549999999999784,53,105,Std Drums,38640,11,Drum Kit _ 1
200.64999999999998,0.05500000000000682,48,110,Std Drums,38700,11,Drum Kit _ 1
200.64999999999998,0.05500000000000682,53,90,Std Drums,38700,11,Drum Kit _ 1
200.95,0.05500000000000682,53,105,Std Drums,38760,11,Drum Kit _ 1
201.25,0.05500000000000682,53,90,Std Drums,38820,11,Drum Kit _ 1
201.54999999999998,0.05500000000000682,38,100,Std Drums,38880,11,Drum Kit _ 1
201.54999999999998,0.05500000000000682,53,105,Std Drums,38880,11,Drum Kit _ 1
201.85,0.0549999999999784,35,120,Std Drums,38940,11,Drum Kit _ 1
201.85,0.0549999999999784,53,90,Std Drums,38940,11,Drum Kit _ 1
202.14999999999998,0.05500000000000682,35,120,Std Drums,39000,11,Drum Kit _ 1
202.14999999999998,0.05500000000000682,53,105,Std Drums,39000,11,Drum Kit _ 1
202.45,0.05500000000000682,53,90,Std Drums,39060,11,Drum Kit _ 1
202.75,0.05500000000000682,48,110,Std Drums,39120,11,Drum Kit _ 1
202.75,0.05500000000000682,53,105,Std Drums,39120,11,Drum Kit _ 1
203.04999999999998,0.05500000000000682,48,110,Std Drums,39180,11,Drum Kit _ 1
203.04999999999998,0.05500000000000682,53,90,Std Drums,39180,11,Drum Kit _ 1
203.35,0.0549999999999784,53,105,Std Drums,39240,11,Drum Kit _ 1
203.64999999999998,0.05500000000000682,53,90,Std Drums,39300,11,Drum Kit _ 1
203.95,0.05500000000000682,38,100,Std Drums,39360,11,Drum Kit _ 1
203.95,0.05500000000000682,53,105,Std Drums,39360,11,Drum Kit _ 1
204.25,0.05500000000000682,35,120,Std Drums,39420,11,Drum Kit _ 1
204.25,0.05500000000000682,53,90,Std Drums,39420,11,Drum Kit _ 1
204.54999999999998,0.05500000000000682,38,100,Std Drums,39480,11,Drum Kit _ 1
204.54999999999998,0.05500000000000682,35,120,Std Drums,39480,11,Drum Kit _ 1
204.54999999999998,0.05500000000000682,53,105,Std Drums,39480,11,Drum Kit _ 1
204.95,0.05500000000000682,38,100,Std Drums,39560,11,Drum Kit _ 1
204.95,0.05500000000000682,35,120,Std Drums,39560,11,Drum Kit _ 1
204.95,0.05500000000000682,53,105,Std Drums,39560,11,Drum Kit _ 1
205.35,0.0549999999999784,35,120,Std Drums,39640,11,Drum Kit _ 1
205.35,0.0549999999999784,38,100,Std Drums,39640,11,Drum Kit _ 1
205.35,0.0549999999999784,53,105,Std Drums,39640,11,Drum Kit _ 1
205.75,0.05500000000000682,35,120,Std Drums,39720,11,Drum Kit _ 1
205.75,0.05500000000000682,57,100,Std Drums,39720,11,Drum Kit _ 1
206.35,0.0549999999999784,38,100,Std Drums,39840,11,Drum Kit _ 1
206.35,0.0549999999999784,51,110,Std Drums,39840,11,Drum Kit _ 1
206.95,0.05500000000000682,35,120,Std Drums,39960,11,Drum Kit _ 1
206.95,0.05500000000000682,51,110,Std Drums,39960,11,Drum Kit _ 1
207.54999999999998,0.05500000000000682,38,100,Std Drums,40080,11,Drum Kit _ 1
207.54999999999998,0.05500000000000682,51,110,Std Drums,40080,11,Drum Kit _ 1
208.14999999999998,0.05500000000000682,38,100,Std Drums,40200,11,Drum Kit _ 1
208.14999999999998,0.05500000000000682,35,120,Std Drums,40200,11,Drum Kit _ 1
208.25,0.0049999999999954525,38,87,Std Drums,40220,1,Drum Kit _ 1
208.45,0.05500000000000682,35,120,Std Drums,40260,11,Drum Kit _ 1
210.54999999999998,0.05500000000000682,35,120,Std Drums,40680,11,Drum Kit _ 1
210.54999999999998,0.05500000000000682,51,110,Std Drums,40680,11,Drum Kit _ 1
211.14999999999998,0.05500000000000682,51,110,Std Drums,40800,11,Drum Kit _ 1
211.45,0.05500000000000682,51,90,Std Drums,40860,11,Drum Kit _ 1
211.75,0.05500000000000682,35,120,Std Drums,40920,11,Drum Kit _ 1
211.75,0.05500000000000682,51,110,Std Drums,40920,11,Drum Kit _ 1
212.35,0.0549999999999784,51,110,Std Drums,41040,11,Drum Kit _ 1
212.95,0.05500000000000682,38,100,Std Drums,41160,11,Drum Kit _ 1
212.95,0.05500000000000682,35,120,Std Drums,41160,11,Drum Kit _ 1
213.04999999999998,0.005000000000023874,38,87,Std Drums,41180,1,Drum Kit _ 1
213.25,0.05500000000000682,35,120,Std Drums,41220,11,Drum Kit _ 1
215.35,0.0549999999999784,51,110,Std Drums,41640,11,Drum Kit _ 1
215.95,0.05500000000000682,51,110,Std Drums,41760,11,Drum Kit _ 1
216.54999999999998,0.05500000000000682,51,110,Std Drums,41880,11,Drum Kit _ 1
216.85,0.0549999999999784,51,90,Std Drums,41940,11,Drum Kit _ 1
217.14999999999998,0.05500000000000682,51,110,Std Drums,42000,11,Drum Kit _ 1
217.45,0.05500000000000682,51,90,Std Drums,42060,11,Drum Kit _ 1
217.75,0.05500000000000682,42,110,Std Drums,42120,11,Drum Kit _ 1
218.35,0.0549999999999784,46,105,Std Drums,42240,11,Drum Kit _ 1
220.14999999999998,0.06874999999999432,35,120,Std Drums,42600,11,Drum Kit _ 1
220.14999999999998,0.06874999999999432,42,105,Std Drums,42600,11,Drum Kit _ 1
220.52499999999998,0.06874999999999432,42,90,Std Drums,42660,11,Drum Kit _ 1
220.89999999999998,0.06874999999999432,42,90,Std Drums,42720,11,Drum Kit _ 1
221.27499999999998,0.06874999999999432,35,120,Std Drums,42780,11,Drum Kit _ 1
221.27499999999998,0.06874999999999432,38,100,Std Drums,42780,11,Drum Kit _ 1
221.27499999999998,0.06874999999999432,42,105,Std Drums,42780,11,Drum Kit _ 1
221.64999999999998,0.06874999999999432,42,90,Std Drums,42840,11,Drum Kit _ 1
222.02499999999998,0.06874999999999432,42,90,Std Drums,42900,11,Drum Kit _ 1
222.39999999999998,0.06874999999999432,35,120,Std Drums,42960,11,Drum Kit _ 1
222.39999999999998,0.06874999999999432,42,105,Std Drums,42960,11,Drum Kit _ 1
222.77499999999998,0.06874999999999432,42,90,Std Drums,43020,11,Drum Kit _ 1
223.14999999999998,0.06874999999999432,42,90,Std Drums,43080,11,Drum Kit _ 1
223.52499999999998,0.06874999999999432,35,120,Std Drums,43140,11,Drum Kit _ 1
223.52499999999998,0.06874999999999432,38,100,Std Drums,43140,11,Drum Kit _ 1
223.52499999999998,0.06874999999999432,42,105,Std Drums,43140,11,Drum Kit _ 1
223.89999999999998,0.06874999999999432,42,90,Std Drums,43200,11,Drum Kit _ 1
224.27499999999998,0.06874999999999432,42,90,Std Drums,43260,11,Drum Kit _ 1
224.64999999999998,0.06874999999999432,35,120,Std Drums,43320,11,Drum Kit _ 1
224.64999999999998,0.06874999999999432,42,105,Std Drums,43320,11,Drum Kit _ 1
225.02499999999998,0.06874999999999432,42,90,Std Drums,43380,11,Drum Kit _ 1
225.39999999999998,0.06874999999999432,42,90,Std Drums,43440,11,Drum Kit _ 1
225.77499999999998,0.06874999999999432,38,100,Std Drums,43500,11,Drum Kit _ 1
225.77499999999998,0.06874999999999432,42,105,Std Drums,43500,11,Drum Kit _ 1
226.14999999999998,0.06874999999999432,35,120,Std Drums,43560,11,Drum Kit _ 1
226.14999999999998,0.06874999999999432,42,90,Std Drums,43560,11,Drum Kit _ 1
226.52499999999998,0.06874999999999432,35,120,Std Drums,43620,11,Drum Kit _ 1
226.52499999999998,0.06874999999999432,42,90,Std Drums,43620,11,Drum Kit _ 1
226.89999999999998,0.06874999999999432,35,120,Std Drums,43680,11,Drum Kit _ 1
226.89999999999998,0.06874999999999432,42,105,Std Drums,43680,11,Drum Kit _ 1
227.27499999999998,0.06874999999999432,42,90,Std Drums,43740,11,Drum Kit _ 1
227.64999999999998,0.06874999999999432,42,90,Std Drums,43800,11,Drum Kit _ 1
228.02499999999998,0.06874999999999432,38,100,Std Drums,43860,11,Drum Kit _ 1
228.02499999999998,0.06874999999999432,42,105,Std Drums,43860,11,Drum Kit _ 1
228.39999999999998,0.06874999999999432,42,90,Std Drums,43920,11,Drum Kit _ 1
228.77499999999998,0.06874999999999432,42,90,Std Drums,43980,11,Drum Kit _ 1
229.14999999999998,0.06874999999999432,35,120,Std Drums,44040,11,Drum Kit _ 1
229.14999999999998,0.06874999999999432,42,105,Std Drums,44040,11,Drum Kit _ 1
229.52499999999998,0.06874999999999432,42,90,Std Drums,44100,11,Drum Kit _ 1
229.89999999999998,0.06874999999999432,42,90,Std Drums,44160,11,Drum Kit _ 1
230.27499999999998,0.06874999999999432,38,100,Std Drums,44220,11,Drum Kit _ 1
230.27499999999998,0.06874999999999432,42,105,Std Drums,44220,11,Drum Kit _ 1
230.64999999999998,0.06874999999999432,42,90,Std Drums,44280,11,Drum Kit _ 1
231.02499999999998,0.06874999999999432,42,90,Std Drums,44340,11,Drum Kit _ 1
231.39999999999998,0.06874999999999432,35,120,Std Drums,44400,11,Drum Kit _ 1
231.39999999999998,0.06874999999999432,42,105,Std Drums,44400,11,Drum Kit _ 1
231.77499999999998,0.06874999999999432,42,90,Std Drums,44460,11,Drum Kit _ 1
232.14999999999998,0.06874999999999432,42,90,Std Drums,44520,11,Drum Kit _ 1
232.52499999999998,0.06874999999999432,35,120,Std Drums,44580,11,Drum Kit _ 1
232.52499999999998,0.06874999999999432,38,100,Std Drums,44580,11,Drum Kit _ 1
232.52499999999998,0.06874999999999432,42,105,Std Drums,44580,11,Drum Kit _ 1
232.89999999999998,0.06874999999999432,42,90,Std Drums,44640,11,Drum Kit _ 1
233.27499999999998,0.06874999999999432,42,90,Std Drums,44700,11,Drum Kit _ 1
233.64999999999998,0.06874999999999432,35,120,Std Drums,44760,11,Drum Kit _ 1
233.64999999999998,0.06874999999999432,42,105,Std Drums,44760,11,Drum Kit _ 1
234.02499999999998,0.06874999999999432,42,90,Std Drums,44820,11,Drum Kit _ 1
234.39999999999998,0.06874999999999432,42,90,Std Drums,44880,11,Drum Kit _ 1
234.77499999999998,0.06874999999999432,38,100,Std Drums,44940,11,Drum Kit _ 1
234.77499999999998,0.06874999999999432,35,120,Std Drums,44940,11,Drum Kit _ 1
234.77499999999998,0.06874999999999432,42,105,Std Drums,44940,11,Drum Kit _ 1
235.14999999999998,0.06874999999999432,42,90,Std Drums,45000,11,Drum Kit _ 1
235.52499999999998,0.06874999999999432,42,90,Std Drums,45060,11,Drum Kit _ 1
235.89999999999998,0.06874999999999432,35,120,Std Drums,45120,11,Drum Kit _ 1
235.89999999999998,0.06874999999999432,42,105,Std Drums,45120,11,Drum Kit _ 1
236.27499999999998,0.06874999999999432,42,90,Std Drums,45180,11,Drum Kit _ 1
236.64999999999998,0.06874999999999432,42,90,Std Drums,45240,11,Drum Kit _ 1
237.02499999999998,0.06874999999999432,38,100,Std Drums,45300,11,Drum Kit _ 1
237.02499999999998,0.06874999999999432,42,105,Std Drums,45300,11,Drum Kit _ 1
237.39999999999998,0.06874999999999432,35,120,Std Drums,45360,11,Drum Kit _ 1
237.39999999999998,0.06874999999999432,42,90,Std Drums,45360,11,Drum Kit _ 1
237.77499999999998,0.06874999999999432,35,120,Std Drums,45420,11,Drum Kit _ 1
237.77499999999998,0.06874999999999432,42,90,Std Drums,45420,11,Drum Kit _ 1
238.14999999999998,0.06874999999999432,35,120,Std Drums,45480,11,Drum Kit _ 1
238.14999999999998,0.06874999999999432,42,105,Std Drums,45480,11,Drum Kit _ 1
238.52499999999998,0.06874999999999432,42,90,Std Drums,45540,11,Drum Kit _ 1
238.89999999999998,0.06874999999999432,42,90,Std Drums,45600,11,Drum Kit _ 1
239.27499999999998,0.06874999999999432,38,100,Std Drums,45660,11,Drum Kit _ 1
239.27499999999998,0.06874999999999432,42,105,Std Drums,45660,11,Drum Kit _ 1
239.64999999999998,0.06874999999999432,42,90,Std Drums,45720,11,Drum Kit _ 1
240.02499999999998,0.06874999999999432,42,90,Std Drums,45780,11,Drum Kit _ 1
240.39999999999998,0.06874999999999432,35,120,Std Drums,45840,11,Drum Kit _ 1
240.39999999999998,0.06874999999999432,42,105,Std Drums,45840,11,Drum Kit _ 1
240.77499999999998,0.06874999999999432,42,90,Std Drums,45900,11,Drum Kit _ 1
241.14999999999998,0.06874999999999432,42,90,Std Drums,45960,11,Drum Kit _ 1
241.52499999999998,0.06874999999999432,35,120,Std Drums,46020,11,Drum Kit _ 1
241.52499999999998,0.06874999999999432,38,100,Std Drums,46020,11,Drum Kit _ 1
245.84999999999997,0.05500000000000682,35,120,Std Drums,46560,11,Drum Kit _ 1
245.84999999999997,0.05500000000000682,57,100,Std Drums,46560,11,Drum Kit _ 1
246.14999999999998,0.05500000000000682,53,90,Std Drums,46620,11,Drum Kit _ 1
246.45,0.0549999999999784,48,110,Std Drums,46680,11,Drum Kit _ 1
246.45,0.0549999999999784,53,105,Std Drums,46680,11,Drum Kit _ 1
246.74999999999997,0.05500000000000682,48,110,Std Drums,46740,11,Drum Kit _ 1
246.74999999999997,0.05500000000000682,53,90,Std Drums,46740,11,Drum Kit _ 1
247.04999999999998,0.05500000000000682,53,105,Std Drums,46800,11,Drum Kit _ 1
247.34999999999997,0.05500000000000682,53,90,Std Drums,46860,11,Drum Kit _ 1
247.64999999999998,0.05500000000000682,38,100,Std Drums,46920,11,Drum Kit _ 1
247.64999999999998,0.05500000000000682,53,105,Std Drums,46920,11,Drum Kit _ 1
247.95,0.0549999999999784,35,120,Std Drums,46980,11,Drum Kit _ 1
247.95,0.0549999999999784,53,90,Std Drums,46980,11,Drum Kit _ 1
248.24999999999997,0.05500000000000682,35,120,Std Drums,47040,11,Drum Kit _ 1
248.24999999999997,0.05500000000000682,53,105,Std Drums,47040,11,Drum Kit _ 1
248.54999999999998,0.05500000000000682,53,90,Std Drums,47100,11,Drum Kit _ 1
248.84999999999997,0.05500000000000682,48,110,Std Drums,47160,11,Drum Kit _ 1
248.84999999999997,0.05500000000000682,53,105,Std Drums,47160,11,Drum Kit _ 1
249.14999999999998,0.05500000000000682,48,110,Std Drums,47220,11,Drum Kit _ 1
249.14999999999998,0.05500000000000682,53,90,Std Drums,47220,11,Drum Kit _ 1
249.29999999999998,0.05500000000000682,53,90,Std Drums,47250,11,Drum Kit _ 1
249.45,0.0549999999999784,53,105,Std Drums,47280,11,Drum Kit _ 1
249.74999999999997,0.05500000000000682,53,90,Std Drums,47340,11,Drum Kit _ 1
250.04999999999998,0.05500000000000682,38,100,Std Drums,47400,11,Drum Kit _ 1
250.04999999999998,0.05500000000000682,53,105,Std Drums,47400,11,Drum Kit _ 1
250.34999999999997,0.05500000000000682,35,120,Std Drums,47460,11,Drum Kit _ 1
250.34999999999997,0.05500000000000682,53,90,Std Drums,47460,11,Drum Kit _ 1
250.64999999999998,0.05500000000000682,35,120,Std Drums,47520,11,Drum Kit _ 1
250.64999999999998,0.05500000000000682,53,105,Std Drums,47520,11,Drum Kit _ 1
250.95,0.0549999999999784,53,90,Std Drums,47580,11,Drum Kit _ 1
251.24999999999997,0.05500000000000682,48,110,Std Drums,47640,11,Drum Kit _ 1
251.24999999999997,0.05500000000000682,53,105,Std Drums,47640,11,Drum Kit _ 1
251.54999999999998,0.05500000000000682,48,110,Std Drums,47700,11,Drum Kit _ 1
251.54999999999998,0.05500000000000682,53,90,Std Drums,47700,11,Drum Kit _ 1
251.84999999999997,0.05500000000000682,53,105,Std Drums,47760,11,Drum Kit _ 1
252.14999999999998,0.05500000000000682,53,90,Std Drums,47820,11,Drum Kit _ 1
252.45,0.0549999999999784,38,100,Std Drums,47880,11,Drum Kit _ 1
252.45,0.0549999999999784,53,105,Std Drums,47880,11,Drum Kit _ 1
252.74999999999997,0.05500000000000682,35,120,Std Drums,47940,11,Drum Kit _ 1
252.74999999999997,0.05500000000000682,53,90,Std Drums,47940,11,Drum Kit _ 1
253.04999999999998,0.05500000000000682,35,120,Std Drums,48000,11,Drum Kit _ 1
253.04999999999998,0.05500000000000682,53,105,Std Drums,48000,11,Drum Kit _ 1
253.34999999999997,0.05500000000000682,53,90,Std Drums,48060,11,Drum Kit _ 1
253.64999999999998,0.05500000000000682,48,110,Std Drums,48120,11,Drum Kit _ 1
253.64999999999998,0.05500000000000682,53,105,Std Drums,48120,11,Drum Kit _ 1
253.95,0.05500000000000682,48,110,Std Drums,48180,11,Drum Kit _ 1
253.95,0.05500000000000682,53,90,Std Drums,48180,11,Drum Kit _ 1
254.09999999999997,0.05500000000000682,53,90,Std Drums,48210,11,Drum Kit _ 1
254.25,0.05499999999994998,53,105,Std Drums,48240,11,Drum Kit _ 1
254.54999999999995,0.05500000000000682,53,90,Std Drums,48300,11,Drum Kit _ 1
254.84999999999997,0.05500000000000682,38,100,Std Drums,48360,11,Drum Kit _ 1
254.84999999999997,0.05500000000000682,53,105,Std Drums,48360,11,Drum Kit _ 1
255.14999999999998,0.05500000000000682,35,120,Std Drums,48420,11,Drum Kit _ 1
255.14999999999998,0.05500000000000682,53,90,Std Drums,48420,11,Drum Kit _ 1
255.45,0.05500000000000682,35,120,Std Drums,48480,11,Drum Kit _ 1
255.45,0.05500000000000682,53,105,Std Drums,48480,11,Drum Kit _ 1
255.75,0.05499999999994998,53,90,Std Drums,48540,11,Drum Kit _ 1
256.04999999999995,0.05500000000000682,48,110,Std Drums,48600,11,Drum Kit _ 1
256.04999999999995,0.05500000000000682,53,105,Std Drums,48600,11,Drum Kit _ 1
256.34999999999997,0.05500000000000682,48,110,Std Drums,48660,11,Drum Kit _ 1
256.34999999999997,0.05500000000000682,53,90,Std Drums,48660,11,Drum Kit _ 1
256.65,0.05500000000000682,53,105,Std Drums,48720,11,Drum Kit _ 1
256.95,0.05500000000000682,53,90,Std Drums,48780,11,Drum Kit _ 1
257.25,0.05499999999994998,38,100,Std Drums,48840,11,Drum Kit _ 1
257.25,0.05499999999994998,53,105,Std Drums,48840,11,Drum Kit _ 1
257.54999999999995,0.05500000000000682,35,120,Std Drums,48900,11,Drum Kit _ 1
257.54999999999995,0.05500000000000682,53,90,Std Drums,48900,11,Drum Kit _ 1
257.84999999999997,0.05500000000000682,35,120,Std Drums,48960,11,Drum Kit _ 1
257.84999999999997,0.05500000000000682,53,105,Std Drums,48960,11,Drum Kit _ 1
258.15,0.05500000000000682,53,90,Std Drums,49020,11,Drum Kit _ 1
258.45,0.05500000000000682,48,110,Std Drums,49080,11,Drum Kit _ 1
258.45,0.05500000000000682,53,105,Std Drums,49080,11,Drum Kit _ 1
258.75,0.05499999999994998,48,110,Std Drums,49140,11,Drum Kit _ 1
258.75,0.05499999999994998,53,90,Std Drums,49140,11,Drum Kit _ 1
258.9,0.05500000000000682,53,90,Std Drums,49170,11,Drum Kit _ 1
259.04999999999995,0.05500000000000682,53,105,Std Drums,49200,11,Drum Kit _ 1
259.34999999999997,0.05500000000000682,53,90,Std Drums,49260,11,Drum Kit _ 1
259.65,0.05500000000000682,38,100,Std Drums,49320,11,Drum Kit _ 1
259.65,0.05500000000000682,53,105,Std Drums,49320,11,Drum Kit _ 1
259.95,0.05500000000000682,35,120,Std Drums,49380,11,Drum Kit _ 1
259.95,0.05500000000000682,53,90,Std Drums,49380,11,Drum Kit _ 1
260.25,0.05499999999994998,35,120,Std Drums,49440,11,Drum Kit _ 1
260.25,0.05499999999994998,53,105,Std Drums,49440,11,Drum Kit _ 1
260.54999999999995,0.05500000000000682,53,90,Std Drums,49500,11,Drum Kit _ 1
260.84999999999997,0.05500000000000682,48,110,Std Drums,49560,11,Drum Kit _ 1
260.84999999999997,0.05500000000000682,53,105,Std Drums,49560,11,Drum Kit _ 1
261.15,0.05500000000000682,48,110,Std Drums,49620,11,Drum Kit _ 1
261.15,0.05500000000000682,53,90,Std Drums,49620,11,Drum Kit _ 1
261.45,0.05500000000000682,53,105,Std Drums,49680,11,Drum Kit _ 1
261.75,0.05499999999994998,53,90,Std Drums,49740,11,Drum Kit _ 1
262.04999999999995,0.05500000000000682,38,100,Std Drums,49800,11,Drum Kit _ 1
262.04999999999995,0.05500000000000682,53,105,Std Drums,49800,11,Drum Kit _ 1
262.34999999999997,0.05500000000000682,35,120,Std Drums,49860,11,Drum Kit _ 1
262.34999999999997,0.05500000000000682,53,90,Std Drums,49860,11,Drum Kit _ 1
262.65,0.05500000000000682,35,120,Std Drums,49920,11,Drum Kit _ 1
262.65,0.05500000000000682,53,105,Std Drums,49920,11,Drum Kit _ 1
262.95,0.05500000000000682,53,90,Std Drums,49980,11,Drum Kit _ 1
263.25,0.05499999999994998,48,110,Std Drums,50040,11,Drum Kit _ 1
263.25,0.05499999999994998,53,105,Std Drums,50040,11,Drum Kit _ 1
263.54999999999995,0.05500000000000682,48,110,Std Drums,50100,11,Drum Kit _ 1
263.54999999999995,0.05500000000000682,53,90,Std Drums,50100,11,Drum Kit _ 1
263.84999999999997,0.05500000000000682,53,105,Std Drums,50160,11,Drum Kit _ 1
264.15,0.05500000000000682,53,90,Std Drums,50220,11,Drum Kit _ 1
264.45,0.05500000000000682,38,100,Std Drums,50280,11,Drum Kit _ 1
264.45,0.05500000000000682,53,105,Std Drums,50280,11,Drum Kit _ 1
264.75,0.05499999999994998,35,120,Std Drums,50340,11,Drum Kit _ 1
264.75,0.05499999999994998,53,90,Std Drums,50340,11,Drum Kit _ 1
265.04999999999995,0.05500000000000682,35,120,Std Drums,50400,11,Drum Kit _ 1
265.04999999999995,0.05500000000000682,53,105,Std Drums,50400,11,Drum Kit _ 1
265.34999999999997,0.05500000000000682,53,90,Std Drums,50460,11,Drum Kit _ 1
265.65,0.05500000000000682,48,110,Std Drums,50520,11,Drum Kit _ 1
265.65,0.05500000000000682,53,105,Std Drums,50520,11,Drum Kit _ 1
265.95,0.05500000000000682,48,110,Std Drums,50580,11,Drum Kit _ 1
265.95,0.05500000000000682,53,90,Std Drums,50580,11,Drum Kit _ 1
266.25,0.05499999999994998,53,105,Std Drums,50640,11,Drum Kit _ 1
266.54999999999995,0.05500000000000682,53,90,Std Drums,50700,11,Drum Kit _ 1
266.84999999999997,0.05500000000000682,38,100,Std Drums,50760,11,Drum Kit _ 1
266.84999999999997,0.05500000000000682,53,105,Std Drums,50760,11,Drum Kit _ 1
267.15,0.05500000000000682,53,90,Std Drums,50820,11,Drum Kit _ 1
267.45,0.05500000000000682,53,105,Std Drums,50880,11,Drum Kit _ 1
267.75,0.05499999999994998,53,90,Std Drums,50940,11,Drum Kit _ 1
268.04999999999995,0.05500000000000682,48,110,Std Drums,51000,11,Drum Kit _ 1
268.04999999999995,0.05500000000000682,53,105,Std Drums,51000,11,Drum Kit _ 1
268.34999999999997,0.05500000000000682,48,110,Std Drums,51060,11,Drum Kit _ 1
268.34999999999997,0.05500000000000682,53,90,Std Drums,51060,11,Drum Kit _ 1
268.65,0.05500000000000682,53,105,Std Drums,51120,11,Drum Kit _ 1
268.95,0.05500000000000682,53,90,Std Drums,51180,11,Drum Kit _ 1
269.25,0.05499999999994998,38,100,Std Drums,51240,11,Drum Kit _ 1
269.25,0.05499999999994998,35,120,Std Drums,51240,11,Drum Kit _ 1
269.25,0.05499999999994998,53,105,Std Drums,51240,11,Drum Kit _ 1
269.54999999999995,0.05500000000000682,53,90,Std Drums,51300,11,Drum Kit _ 1
269.84999999999997,0.05500000000000682,48,110,Std Drums,51360,11,Drum Kit _ 1
270.0,0.05499999999994998,48,110,Std Drums,51390,11,Drum Kit _ 1
270.15,0.05500000000000682,48,110,Std Drums,51420,11,Drum Kit _ 1
270.45,0.05500000000000682,45,110,Std Drums,51480,11,Drum Kit _ 1
270.75,0.05499999999994998,45,110,Std Drums,51540,11,Drum Kit _ 1
271.04999999999995,0.05500000000000682,35,120,Std Drums,51600,11,Drum Kit _ 1
271.04999999999995,0.05500000000000682,49,100,Std Drums,51600,11,Drum Kit _ 1
271.34999999999997,0.05500000000000682,53,90,Std Drums,51660,11,Drum Kit _ 1
271.65,0.05500000000000682,48,110,Std Drums,51720,11,Drum Kit _ 1
271.65,0.05500000000000682,53,105,Std Drums,51720,11,Drum Kit _ 1
271.95,0.05500000000000682,48,110,Std Drums,51780,11,Drum Kit _ 1
271.95,0.05500000000000682,53,90,Std Drums,51780,11,Drum Kit _ 1
272.25,0.05499999999994998,53,105,Std Drums,51840,11,Drum Kit _ 1
272.54999999999995,0.05500000000000682,53,90,Std Drums,51900,11,Drum Kit _ 1
272.84999999999997,0.05500000000000682,38,100,Std Drums,51960,11,Drum Kit _ 1
272.84999999999997,0.05500000000000682,53,105,Std Drums,51960,11,Drum Kit _ 1
273.15,0.05500000000000682,35,120,Std Drums,52020,11,Drum Kit _ 1
273.15,0.05500000000000682,53,90,Std Drums,52020,11,Drum Kit _ 1
273.45,0.05500000000000682,35,120,Std Drums,52080,11,Drum Kit _ 1
273.45,0.05500000000000682,53,105,Std Drums,52080,11,Drum Kit _ 1
273.75,0.05499999999994998,53,90,Std Drums,52140,11,Drum Kit _ 1
274.04999999999995,0.05500000000000682,48,110,Std Drums,52200,11,Drum Kit _ 1
274.04999999999995,0.05500000000000682,53,105,Std Drums,52200,11,Drum Kit _ 1
274.34999999999997,0.05500000000000682,48,110,Std Drums,52260,11,Drum Kit _ 1
274.34999999999997,0.05500000000000682,53,90,Std Drums,52260,11,Drum Kit _ 1
274.5,0.05499999999994998,53,90,Std Drums,52290,11,Drum Kit _ 1
274.65,0.05500000000000682,53,105,Std Drums,52320,11,Drum Kit _ 1
274.95,0.05500000000000682,53,90,Std Drums,52380,11,Drum Kit _ 1
275.25,0.05499999999994998,38,100,Std Drums,52440,11,Drum Kit _ 1
275.25,0.05499999999994998,53,105,Std Drums,52440,11,Drum Kit _ 1
275.54999999999995,0.05500000000000682,35,120,Std Drums,52500,11,Drum Kit _ 1
275.54999999999995,0.05500000000000682,53,90,Std Drums,52500,11,Drum Kit _ 1
275.84999999999997,0.05500000000000682,35,120,Std Drums,52560,11,Drum Kit _ 1
275.84999999999997,0.05500000000000682,53,105,Std Drums,52560,11,Drum Kit _ 1
276.15,0.05500000000000682,53,90,Std Drums,52620,11,Drum Kit _ 1
276.45,0.05500000000000682,48,110,Std Drums,52680,11,Drum Kit _ 1
276.45,0.05500000000000682,53,105,Std Drums,52680,11,Drum Kit _ 1
276.75,0.05499999999994998,48,110,Std Drums,52740,11,Drum Kit _ 1
276.75,0.05499999999994998,53,90,Std Drums,52740,11,Drum Kit _ 1
277.04999999999995,0.05500000000000682,53,105,Std Drums,52800,11,Drum Kit _ 1
277.34999999999997,0.05500000000000682,53,90,Std Drums,52860,11,Drum Kit _ 1
277.65,0.05500000000000682,38,100,Std Drums,52920,11,Drum Kit _ 1
277.65,0.05500000000000682,53,105,Std Drums,52920,11,Drum Kit _ 1
277.95,0.05500000000000682,35,120,Std Drums,52980,11,Drum Kit _ 1
277.95,0.05500000000000682,53,90,Std Drums,52980,11,Drum Kit _ 1
278.25,0.05499999999994998,35,120,Std Drums,53040,11,Drum Kit _ 1
278.25,0.05499999999994998,53,105,Std Drums,53040,11,Drum Kit _ 1
278.54999999999995,0.05500000000000682,53,90,Std Drums,53100,11,Drum Kit _ 1
278.84999999999997,0.05500000000000682,48,110,Std Drums,53160,11,Drum Kit _ 1
278.84999999999997,0.05500000000000682,53,105,Std Drums,53160,11,Drum Kit _ 1
279.15,0.05500000000000682,48,110,Std Drums,53220,11,Drum Kit _ 1
279.15,0.05500000000000682,53,90,Std Drums,53220,11,Drum Kit _ 1
279.29999999999995,0.05500000000000682,53,90,Std Drums,53250,11,Drum Kit _ 1
279.45,0.05500000000000682,53,105,Std Drums,53280,11,Drum Kit _ 1
279.75,0.05499999999994998,53,90,Std Drums,53340,11,Drum Kit _ 1
280.04999999999995,0.05500000000000682,38,100,Std Drums,53400,11,Drum Kit _ 1
280.04999999999995,0.05500000000000682,53,105,Std Drums,53400,11,Drum Kit _ 1
280.34999999999997,0.05500000000000682,35,120,Std Drums,53460,11,Drum Kit _ 1
280.34999999999997,0.05500000000000682,53,90,Std Drums,53460,11,Drum Kit _ 1
280.65,0.05500000000000682,35,120,Std Drums,53520,11,Drum Kit _ 1
280.65,0.05500000000000682,53,105,Std Drums,53520,11,Drum Kit _ 1
280.95,0.05500000000000682,53,90,Std Drums,53580,11,Drum Kit _ 1
281.25,0.05499999999994998,48,110,Std Drums,53640,11,Drum Kit _ 1
281.25,0.05499999999994998,53,105,Std Drums,53640,11,Drum Kit _ 1
281.54999999999995,0.05500000000000682,48,110,Std Drums,53700,11,Drum Kit _ 1
281.54999999999995,0.05500000000000682,53,90,Std Drums,53700,11,Drum Kit _ 1
281.84999999999997,0.05500000000000682,53,105,Std Drums,53760,11,Drum Kit _ 1
282.15,0.05500000000000682,53,90,Std Drums,53820,11,Drum Kit _ 1
282.45,0.05500000000000682,38,100,Std Drums,53880,11,Drum Kit _ 1
282.45,0.05500000000000682,53,105,Std Drums,53880,11,Drum Kit _ 1
282.75,0.05499999999994998,35,120,Std Drums,53940,11,Drum Kit _ 1
282.75,0.05499999999994998,53,90,Std Drums,53940,11,Drum Kit _ 1
283.04999999999995,0.05500000000000682,35,120,Std Drums,54000,11,Drum Kit _ 1
283.04999999999995,0.05500000000000682,53,105,Std Drums,54000,11,Drum Kit _ 1
283.34999999999997,0.05500000000000682,53,90,Std Drums,54060,11,Drum Kit _ 1
283.65,0.05500000000000682,48,110,Std Drums,54120,11,Drum Kit _ 1
283.65,0.05500000000000682,53,105,Std Drums,54120,11,Drum Kit _ 1
283.95,0.05500000000000682,48,110,Std Drums,54180,11,Drum Kit _ 1
283.95,0.05500000000000682,53,90,Std Drums,54180,11,Drum Kit _ 1
284.09999999999997,0.05500000000000682,53,90,Std Drums,54210,11,Drum Kit _ 1
284.25,0.05499999999994998,53,105,Std Drums,54240,11,Drum Kit _ 1
284.54999999999995,0.05500000000000682,53,90,Std Drums,54300,11,Drum Kit _ 1
284.84999999999997,0.05500000000000682,38,100,Std Drums,54360,11,Drum Kit _ 1
284.84999999999997,0.05500000000000682,53,105,Std Drums,54360,11,Drum Kit _ 1
285.15,0.05500000000000682,35,120,Std Drums,54420,11,Drum Kit _ 1
285.15,0.05500000000000682,53,90,Std Drums,54420,11,Drum Kit _ 1
285.45,0.05500000000000682,35,120,Std Drums,54480,11,Drum Kit _ 1
285.45,0.05500000000000682,53,105,Std Drums,54480,11,Drum Kit _ 1
285.75,0.05499999999994998,53,90,Std Drums,54540,11,Drum Kit _ 1
286.04999999999995,0.05500000000000682,48,110,Std Drums,54600,11,Drum Kit _ 1
286.04999999999995,0.05500000000000682,53,105,Std Drums,54600,11,Drum Kit _ 1
286.34999999999997,0.05500000000000682,48,110,Std Drums,54660,11,Drum Kit _ 1
286.34999999999997,0.05500000000000682,53,90,Std Drums,54660,11,Drum Kit _ 1
286.65,0.05500000000000682,53,105,Std Drums,54720,11,Drum Kit _ 1
286.95,0.05500000000000682,53,90,Std Drums,54780,11,Drum Kit _ 1
287.25,0.05499999999994998,38,100,Std Drums,54840,11,Drum Kit _ 1
287.25,0.05499999999994998,53,105,Std Drums,54840,11,Drum Kit _ 1
287.54999999999995,0.05500000000000682,35,120,Std Drums,54900,11,Drum Kit _ 1
287.54999999999995,0.05500000000000682,53,90,Std Drums,54900,11,Drum Kit _ 1
287.84999999999997,0.05500000000000682,35,120,Std Drums,54960,11,Drum Kit _ 1
287.84999999999997,0.05500000000000682,53,105,Std Drums,54960,11,Drum Kit _ 1
288.15,0.05500000000000682,53,90,Std Drums,55020,11,Drum Kit _ 1
288.45,0.05500000000000682,48,110,Std Drums,55080,11,Drum Kit _ 1
288.45,0.05500000000000682,53,105,Std Drums,55080,11,Drum Kit _ 1
288.75,0.05499999999994998,48,110,Std Drums,55140,11,Drum Kit _ 1
288.75,0.05499999999994998,53,90,Std Drums,55140,11,Drum Kit _ 1
289.04999999999995,0.05500000000000682,53,105,Std Drums,55200,11,Drum Kit _ 1
289.34999999999997,0.05500000000000682,53,90,Std Drums,55260,11,Drum Kit _ 1
289.65,0.05500000000000682,38,100,Std Drums,55320,11,Drum Kit _ 1
289.65,0.05500000000000682,53,105,Std Drums,55320,11,Drum Kit _ 1
289.95,0.05500000000000682,35,120,Std Drums,55380,11,Drum Kit _ 1
289.95,0.05500000000000682,53,90,Std Drums,55380,11,Drum Kit _ 1
290.25,0.05499999999994998,38,100,Std Drums,55440,11,Drum Kit _ 1
290.25,0.05499999999994998,35,120,Std Drums,55440,11,Drum Kit _ 1
290.25,0.05499999999994998,53,105,Std Drums,55440,11,Drum Kit _ 1
290.65,0.05500000000000682,38,100,Std Drums,55520,11,Drum Kit _ 1
290.65,0.05500000000000682,35,120,Std Drums,55520,11,Drum Kit _ 1
290.65,0.05500000000000682,53,105,Std Drums,55520,11,Drum Kit _ 1
291.04999999999995,0.05500000000000682,38,100,Std Drums,55600,11,Drum Kit _ 1
291.04999999999995,0.05500000000000682,35,120,Std Drums,55600,11,Drum Kit _ 1
291.04999999999995,0.05500000000000682,53,105,Std Drums,55600,11,Drum Kit _ 1
291.45,0.05500000000000682,35,120,Std Drums,55680,11,Drum Kit _ 1
291.45,0.05500000000000682,57,100,Std Drums,55680,11,Drum Kit _ 1
292.04999999999995,0.05500000000000682,38,100,Std Drums,55800,11,Drum Kit _ 1
292.04999999999995,0.05500000000000682,51,110,Std Drums,55800,11,Drum Kit _ 1
292.65,0.05500000000000682,35,120,Std Drums,55920,11,Drum Kit _ 1
292.65,0.05500000000000682,51,110,Std Drums,55920,11,Drum Kit _ 1
293.25,0.05499999999994998,38,100,Std Drums,56040,11,Drum Kit _ 1
293.25,0.05499999999994998,51,110,Std Drums,56040,11,Drum Kit _ 1
293.84999999999997,0.05500000000000682,38,100,Std Drums,56160,11,Drum Kit _ 1
293.84999999999997,0.05500000000000682,35,120,Std Drums,56160,11,Drum Kit _ 1
293.95,0.0049999999999954525,38,87,Std Drums,56180,1,Drum Kit _ 1
294.15,0.05500000000000682,35,120,Std Drums,56220,11,Drum Kit _ 1
296.25,0.05499999999994998,35,120,Std Drums,56640,11,Drum Kit _ 1
296.25,0.05499999999994998,51,110,Std Drums,56640,11,Drum Kit _ 1
296.84999999999997,0.05500000000000682,51,110,Std Drums,56760,11,Drum Kit _ 1
297.15,0.05500000000000682,51,90,Std Drums,56820,11,Drum Kit _ 1
297.45,0.05500000000000682,35,120,Std Drums,56880,11,Drum Kit _ 1
297.45,0.05500000000000682,51,110,Std Drums,56880,11,Drum Kit _ 1
298.04999999999995,0.05500000000000682,51,110,Std Drums,57000,11,Drum Kit _ 1
298.65,0.05500000000000682,38,100,Std Drums,57120,11,Drum Kit _ 1
298.65,0.05500000000000682,35,120,Std Drums,57120,11,Drum Kit _ 1
298.75,0.0049999999999954525,38,87,Std Drums,57140,1,Drum Kit _ 1
298.95,0.05500000000000682,35,120,Std Drums,57180,11,Drum Kit _ 1
301.04999999999995,0.05500000000000682,57,100,Std Drums,57600,11,Drum Kit _ 1
301.65,0.05500000000000682,51,110,Std Drums,57720,11,Drum Kit _ 1
302.25,0.05499999999994998,51,110,Std Drums,57840,11,Drum Kit _ 1
302.54999999999995,0.05500000000000682,51,90,Std Drums,57900,11,Drum Kit _ 1
302.84999999999997,0.05500000000000682,51,110,Std Drums,57960,11,Drum Kit _ 1
303.15,0.05500000000000682,51,90,Std Drums,58020,11,Drum Kit _ 1
303.45,0.05500000000000682,42,110,Std Drums,58080,11,Drum Kit _ 1
304.04999999999995,0.05500000000000682,46,105,Std Drums,58200,11,Drum Kit _ 1
305.84999999999997,0.06875000000002274,35,120,Std Drums,58560,11,Drum Kit _ 1
305.84999999999997,0.06875000000002274,49,100,Std Drums,58560,11,Drum Kit _ 1
306.22499999999997,0.06875000000002274,53,90,Std Drums,58620,11,Drum Kit _ 1
306.59999999999997,0.06875000000002274,53,90,Std Drums,58680,11,Drum Kit _ 1
306.97499999999997,0.06875000000002274,38,100,Std Drums,58740,11,Drum Kit _ 1
306.97499999999997,0.06875000000002274,35,120,Std Drums,58740,11,Drum Kit _ 1
306.97499999999997,0.06875000000002274,53,105,Std Drums,58740,11,Drum Kit _ 1
307.34999999999997,0.06875000000002274,53,90,Std Drums,58800,11,Drum Kit _ 1
307.72499999999997,0.06875000000002274,53,90,Std Drums,58860,11,Drum Kit _ 1
308.09999999999997,0.06875000000002274,35,120,Std Drums,58920,11,Drum Kit _ 1
308.09999999999997,0.06875000000002274,53,105,Std Drums,58920,11,Drum Kit _ 1
308.47499999999997,0.06875000000002274,53,90,Std Drums,58980,11,Drum Kit _ 1
308.84999999999997,0.06875000000002274,53,90,Std Drums,59040,11,Drum Kit _ 1
309.22499999999997,0.06875000000002274,38,100,Std Drums,59100,11,Drum Kit _ 1
309.22499999999997,0.06875000000002274,35,120,Std Drums,59100,11,Drum Kit _ 1
309.22499999999997,0.06875000000002274,53,105,Std Drums,59100,11,Drum Kit _ 1
309.59999999999997,0.06875000000002274,53,90,Std Drums,59160,11,Drum Kit _ 1
309.97499999999997,0.06875000000002274,53,90,Std Drums,59220,11,Drum Kit _ 1
310.34999999999997,0.06875000000002274,35,120,Std Drums,59280,11,Drum Kit _ 1
310.34999999999997,0.06875000000002274,53,105,Std Drums,59280,11,Drum Kit _ 1
310.72499999999997,0.06875000000002274,53,90,Std Drums,59340,11,Drum Kit _ 1
311.09999999999997,0.06875000000002274,53,90,Std Drums,59400,11,Drum Kit _ 1
311.47499999999997,0.06875000000002274,38,100,Std Drums,59460,11,Drum Kit _ 1
311.47499999999997,0.06875000000002274,53,105,Std Drums,59460,11,Drum Kit _ 1
311.84999999999997,0.06875000000002274,35,120,Std Drums,59520,11,Drum Kit _ 1
311.84999999999997,0.06875000000002274,53,90,Std Drums,59520,11,Drum Kit _ 1
312.22499999999997,0.06875000000002274,35,120,Std Drums,59580,11,Drum Kit _ 1
312.22499999999997,0.06875000000002274,53,90,Std Drums,59580,11,Drum Kit _ 1
312.59999999999997,0.06875000000002274,35,120,Std Drums,59640,11,Drum Kit _ 1
312.59999999999997,0.06875000000002274,53,105,Std Drums,59640,11,Drum Kit _ 1
312.97499999999997,0.06875000000002274,53,90,Std Drums,59700,11,Drum Kit _ 1
313.34999999999997,0.06875000000002274,53,90,Std Drums,59760,11,Drum Kit _ 1
313.72499999999997,0.06875000000002274,35,120,Std Drums,59820,11,Drum Kit _ 1
313.72499999999997,0.06875000000002274,38,100,Std Drums,59820,11,Drum Kit _ 1
313.72499999999997,0.06875000000002274,53,105,Std Drums,59820,11,Drum Kit _ 1
314.09999999999997,0.06875000000002274,53,90,Std Drums,59880,11,Drum Kit _ 1
314.47499999999997,0.06875000000002274,53,90,Std Drums,59940,11,Drum Kit _ 1
314.84999999999997,0.06875000000002274,35,120,Std Drums,60000,11,Drum Kit _ 1
314.84999999999997,0.06875000000002274,53,105,Std Drums,60000,11,Drum Kit _ 1
315.22499999999997,0.06875000000002274,53,90,Std Drums,60060,11,Drum Kit _ 1
315.59999999999997,0.06875000000002274,53,90,Std Drums,60120,11,Drum Kit _ 1
315.97499999999997,0.06875000000002274,35,120,Std Drums,60180,11,Drum Kit _ 1
315.97499999999997,0.06875000000002274,38,100,Std Drums,60180,11,Drum Kit _ 1
315.97499999999997,0.06875000000002274,53,105,Std Drums,60180,11,Drum Kit _ 1
316.34999999999997,0.06875000000002274,53,90,Std Drums,60240,11,Drum Kit _ 1
316.72499999999997,0.06875000000002274,53,90,Std Drums,60300,11,Drum Kit _ 1
317.09999999999997,0.06875000000002274,35,120,Std Drums,60360,11,Drum Kit _ 1
317.09999999999997,0.06875000000002274,53,105,Std Drums,60360,11,Drum Kit _ 1
317.47499999999997,0.06875000000002274,53,90,Std Drums,60420,11,Drum Kit _ 1
317.84999999999997,0.06875000000002274,53,90,Std Drums,60480,11,Drum Kit _ 1
318.22499999999997,0.06875000000002274,38,100,Std Drums,60540,11,Drum Kit _ 1
318.22499999999997,0.06875000000002274,35,120,Std Drums,60540,11,Drum Kit _ 1
318.22499999999997,0.06875000000002274,53,105,Std Drums,60540,11,Drum Kit _ 1
318.59999999999997,0.06875000000002274,53,90,Std Drums,60600,11,Drum Kit _ 1
318.97499999999997,0.06875000000002274,53,90,Std Drums,60660,11,Drum Kit _ 1
319.34999999999997,0.06875000000002274,35,120,Std Drums,60720,11,Drum Kit _ 1
319.34999999999997,0.06875000000002274,53,105,Std Drums,60720,11,Drum Kit _ 1
319.72499999999997,0.06875000000002274,53,90,Std Drums,60780,11,Drum Kit _ 1
320.09999999999997,0.06875000000002274,53,90,Std Drums,60840,11,Drum Kit _ 1
320.47499999999997,0.06875000000002274,38,100,Std Drums,60900,11,Drum Kit _ 1
320.47499999999997,0.06875000000002274,35,120,Std Drums,60900,11,Drum Kit _ 1
320.47499999999997,0.06875000000002274,53,105,Std Drums,60900,11,Drum Kit _ 1
320.84999999999997,0.06875000000002274,53,90,Std Drums,60960,11,Drum Kit _ 1
321.22499999999997,0.06875000000002274,53,90,Std Drums,61020,11,Drum Kit _ 1
321.59999999999997,0.06875000000002274,35,120,Std Drums,61080,11,Drum Kit _ 1
321.59999999999997,0.06875000000002274,53,105,Std Drums,61080,11,Drum Kit _ 1
321.97499999999997,0.06875000000002274,53,90,Std Drums,61140,11,Drum Kit _ 1
322.34999999999997,0.06875000000002274,53,90,Std Drums,61200,11,Drum Kit _ 1
322.72499999999997,0.06875000000002274,38,100,Std Drums,61260,11,Drum Kit _ 1
322.72499999999997,0.06875000000002274,53,105,Std Drums,61260,11,Drum Kit _ 1
323.09999999999997,0.06875000000002274,35,120,Std Drums,61320,11,Drum Kit _ 1
323.09999999999997,0.06875000000002274,53,90,Std Drums,61320,11,Drum Kit _ 1
323.47499999999997,0.06875000000002274,35,120,Std Drums,61380,11,Drum Kit _ 1
323.47499999999997,0.06875000000002274,53,90,Std Drums,61380,11,Drum Kit _ 1
323.84999999999997,0.06875000000002274,35,120,Std Drums,61440,11,Drum Kit _ 1
323.84999999999997,0.06875000000002274,53,105,Std Drums,61440,11,Drum Kit _ 1
324.22499999999997,0.06875000000002274,53,90,Std Drums,61500,11,Drum Kit _ 1
324.59999999999997,0.06875000000002274,53,90,Std Drums,61560,11,Drum Kit _ 1
324.97499999999997,0.06875000000002274,38,100,Std Drums,61620,11,Drum Kit _ 1
324.97499999999997,0.06875000000002274,35,120,Std Drums,61620,11,Drum Kit _ 1
324.97499999999997,0.06875000000002274,53,105,Std Drums,61620,11,Drum Kit _ 1
325.34999999999997,0.06875000000002274,53,90,Std Drums,61680,11,Drum Kit _ 1
325.72499999999997,0.06875000000002274,53,90,Std Drums,61740,11,Drum Kit _ 1
326.09999999999997,0.06875000000002274,35,120,Std Drums,61800,11,Drum Kit _ 1
326.09999999999997,0.06875000000002274,53,105,Std Drums,61800,11,Drum Kit _ 1
326.47499999999997,0.06875000000002274,53,90,Std Drums,61860,11,Drum Kit _ 1
326.84999999999997,0.06875000000002274,53,90,Std Drums,61920,11,Drum Kit _ 1
327.22499999999997,0.06875000000002274,38,100,Std Drums,61980,11,Drum Kit _ 1
327.22499999999997,0.06875000000002274,35,120,Std Drums,61980,11,Drum Kit _ 1
327.22499999999997,0.06875000000002274,53,105,Std Drums,61980,11,Drum Kit _ 1
327.59999999999997,0.06875000000002274,53,90,Std Drums,62040,11,Drum Kit _ 1
327.97499999999997,0.06875000000002274,53,90,Std Drums,62100,11,Drum Kit _ 1
328.34999999999997,0.06875000000002274,35,120,Std Drums,62160,11,Drum Kit _ 1
328.34999999999997,0.06875000000002274,53,105,Std Drums,62160,11,Drum Kit _ 1
328.72499999999997,0.06875000000002274,53,90,Std Drums,62220,11,Drum Kit _ 1
329.09999999999997,0.06875000000002274,53,90,Std Drums,62280,11,Drum Kit _ 1
329.47499999999997,0.06875000000002274,38,100,Std Drums,62340,11,Drum Kit _ 1
329.47499999999997,0.06875000000002274,35,120,Std Drums,62340,11,Drum Kit _ 1
329.47499999999997,0.06875000000002274,53,105,Std Drums,62340,11,Drum Kit _ 1
329.84999999999997,0.06875000000002274,53,90,Std Drums,62400,11,Drum Kit _ 1
330.22499999999997,0.06875000000002274,53,90,Std Drums,62460,11,Drum Kit _ 1
330.59999999999997,0.06875000000002274,35,120,Std Drums,62520,11,Drum Kit _ 1
330.59999999999997,0.06875000000002274,53,105,Std Drums,62520,11,Drum Kit _ 1
330.97499999999997,0.06875000000002274,53,90,Std Drums,62580,11,Drum Kit _ 1
331.34999999999997,0.06875000000002274,53,90,Std Drums,62640,11,Drum Kit _ 1
331.72499999999997,0.06875000000002274,35,120,Std Drums,62700,11,Drum Kit _ 1
331.72499999999997,0.06875000000002274,38,100,Std Drums,62700,11,Drum Kit _ 1
331.72499999999997,0.06875000000002274,53,105,Std Drums,62700,11,Drum Kit _ 1
332.09999999999997,0.06875000000002274,53,90,Std Drums,62760,11,Drum Kit _ 1
332.47499999999997,0.06875000000002274,53,90,Std Drums,62820,11,Drum Kit _ 1
332.84999999999997,0.06875000000002274,35,120,Std Drums,62880,11,Drum Kit _ 1
332.84999999999997,0.06875000000002274,53,105,Std Drums,62880,11,Drum Kit _ 1
333.22499999999997,0.06875000000002274,53,90,Std Drums,62940,11,Drum Kit _ 1
333.59999999999997,0.06875000000002274,53,90,Std Drums,63000,11,Drum Kit _ 1
333.97499999999997,0.06875000000002274,38,100,Std Drums,63060,11,Drum Kit _ 1
333.97499999999997,0.06875000000002274,53,105,Std Drums,63060,11,Drum Kit _ 1
334.34999999999997,0.06875000000002274,35,120,Std Drums,63120,11,Drum Kit _ 1
334.34999999999997,0.06875000000002274,53,90,Std Drums,63120,11,Drum Kit _ 1
334.72499999999997,0.06875000000002274,35,120,Std Drums,63180,11,Drum Kit _ 1
334.72499999999997,0.06875000000002274,53,90,Std Drums,63180,11,Drum Kit _ 1
335.09999999999997,0.06875000000002274,35,120,Std Drums,63240,11,Drum Kit _ 1
335.09999999999997,0.06875000000002274,53,105,Std Drums,63240,11,Drum Kit _ 1
335.47499999999997,0.06875000000002274,53,90,Std Drums,63300,11,Drum Kit _ 1
335.84999999999997,0.06875000000002274,53,90,Std Drums,63360,11,Drum Kit _ 1
336.22499999999997,0.06875000000002274,35,120,Std Drums,63420,11,Drum Kit _ 1
336.22499999999997,0.06875000000002274,38,100,Std Drums,63420,11,Drum Kit _ 1
336.22499999999997,0.06875000000002274,53,105,Std Drums,63420,11,Drum Kit _ 1
336.59999999999997,0.06875000000002274,53,90,Std Drums,63480,11,Drum Kit _ 1
336.97499999999997,0.06875000000002274,53,90,Std Drums,63540,11,Drum Kit _ 1
337.16249999999997,0.06875000000002274,53,90,Std Drums,63570,11,Drum Kit _ 1
337.34999999999997,0.06875000000002274,35,120,Std Drums,63600,11,Drum Kit _ 1
337.34999999999997,0.06875000000002274,53,105,Std Drums,63600,11,Drum Kit _ 1
337.72499999999997,0.06875000000002274,53,90,Std Drums,63660,11,Drum Kit _ 1
338.09999999999997,0.06875000000002274,53,90,Std Drums,63720,11,Drum Kit _ 1
338.47499999999997,0.06875000000002274,35,120,Std Drums,63780,11,Drum Kit _ 1
338.47499999999997,0.06875000000002274,38,100,Std Drums,63780,11,Drum Kit _ 1
338.47499999999997,0.06875000000002274,53,105,Std Drums,63780,11,Drum Kit _ 1
338.84999999999997,0.06875000000002274,53,90,Std Drums,63840,11,Drum Kit _ 1
339.22499999999997,0.06875000000002274,53,90,Std Drums,63900,11,Drum Kit _ 1
339.59999999999997,0.06875000000002274,49,100,Std Drums,63960,11,Drum Kit _ 1
339.59999999999997,0.06875000000002274,35,120,Std Drums,63960,11,Drum Kit _ 1
339.97499999999997,0.06875000000002274,53,90,Std Drums,64020,11,Drum Kit _ 1
340.34999999999997,0.06875000000002274,53,90,Std Drums,64080,11,Drum Kit _ 1
340.72499999999997,0.06875000000002274,38,100,Std Drums,64140,11,Drum Kit _ 1
340.72499999999997,0.06875000000002274,35,120,Std Drums,64140,11,Drum Kit _ 1
340.72499999999997,0.06875000000002274,53,105,Std Drums,64140,11,Drum Kit _ 1
341.09999999999997,0.06875000000002274,53,90,Std Drums,64200,11,Drum Kit _ 1
341.47499999999997,0.06875000000002274,53,90,Std Drums,64260,11,Drum Kit _ 1
341.84999999999997,0.06875000000002274,35,120,Std Drums,64320,11,Drum Kit _ 1
341.84999999999997,0.06875000000002274,53,105,Std Drums,64320,11,Drum Kit _ 1
342.22499999999997,0.06875000000002274,53,90,Std Drums,64380,11,Drum Kit _ 1
342.59999999999997,0.06875000000002274,53,90,Std Drums,64440,11,Drum Kit _ 1
342.97499999999997,0.06875000000002274,38,100,Std Drums,64500,11,Drum Kit _ 1
342.97499999999997,0.06875000000002274,35,120,Std Drums,64500,11,Drum Kit _ 1
342.97499999999997,0.06875000000002274,53,105,Std Drums,64500,11,Drum Kit _ 1
343.34999999999997,0.06875000000002274,53,90,Std Drums,64560,11,Drum Kit _ 1
343.72499999999997,0.06875000000002274,53,90,Std Drums,64620,11,Drum Kit _ 1
344.09999999999997,0.06875000000002274,35,120,Std Drums,64680,11,Drum Kit _ 1
344.09999999999997,0.06875000000002274,53,105,Std Drums,64680,11,Drum Kit _ 1
344.47499999999997,0.06875000000002274,53,90,Std Drums,64740,11,Drum Kit _ 1
344.84999999999997,0.06875000000002274,53,90,Std Drums,64800,11,Drum Kit _ 1
345.22499999999997,0.06875000000002274,38,100,Std Drums,64860,11,Drum Kit _ 1
345.22499999999997,0.06875000000002274,53,105,Std Drums,64860,11,Drum Kit _ 1
345.59999999999997,0.06875000000002274,35,120,Std Drums,64920,11,Drum Kit _ 1
345.59999999999997,0.06875000000002274,53,90,Std Drums,64920,11,Drum Kit _ 1
345.97499999999997,0.06875000000002274,35,120,Std Drums,64980,11,Drum Kit _ 1
345.97499999999997,0.06875000000002274,53,90,Std Drums,64980,11,Drum Kit _ 1
346.34999999999997,0.06875000000002274,35,120,Std Drums,65040,11,Drum Kit _ 1
346.34999999999997,0.06875000000002274,53,105,Std Drums,65040,11,Drum Kit _ 1
346.72499999999997,0.06875000000002274,53,90,Std Drums,65100,11,Drum Kit _ 1
347.09999999999997,0.06875000000002274,53,90,Std Drums,65160,11,Drum Kit _ 1
347.47499999999997,0.06875000000002274,38,100,Std Drums,65220,11,Drum Kit _ 1
347.47499999999997,0.06875000000002274,35,120,Std Drums,65220,11,Drum Kit _ 1
347.47499999999997,0.06875000000002274,53,105,Std Drums,65220,11,Drum Kit _ 1
347.84999999999997,0.06875000000002274,53,90,Std Drums,65280,11,Drum Kit _ 1
348.22499999999997,0.06875000000002274,53,90,Std Drums,65340,11,Drum Kit _ 1
348.59999999999997,0.06875000000002274,35,120,Std Drums,65400,11,Drum Kit _ 1
348.59999999999997,0.06875000000002274,53,105,Std Drums,65400,11,Drum Kit _ 1
348.97499999999997,0.06875000000002274,53,90,Std Drums,65460,11,Drum Kit _ 1
349.34999999999997,0.06875000000002274,53,90,Std Drums,65520,11,Drum Kit _ 1
349.72499999999997,0.06875000000002274,35,120,Std Drums,65580,11,Drum Kit _ 1
349.72499999999997,0.06875000000002274,38,100,Std Drums,65580,11,Drum Kit _ 1
349.72499999999997,0.06875000000002274,53,105,Std Drums,65580,11,Drum Kit _ 1
350.09999999999997,0.06875000000002274,53,90,Std Drums,65640,11,Drum Kit _ 1
350.47499999999997,0.06875000000002274,53,90,Std Drums,65700,11,Drum Kit _ 1
350.84999999999997,0.06875000000002274,35,120,Std Drums,65760,11,Drum Kit _ 1
350.84999999999997,0.06875000000002274,53,105,Std Drums,65760,11,Drum Kit _ 1
351.22499999999997,0.06875000000002274,53,90,Std Drums,65820,11,Drum Kit _ 1
351.59999999999997,0.06875000000002274,53,90,Std Drums,65880,11,Drum Kit _ 1
351.97499999999997,0.06875000000002274,38,100,Std Drums,65940,11,Drum Kit _ 1
351.97499999999997,0.06875000000002274,35,120,Std Drums,65940,11,Drum Kit _ 1
351.97499999999997,0.06875000000002274,53,105,Std Drums,65940,11,Drum Kit _ 1
352.34999999999997,0.06875000000002274,53,90,Std Drums,66000,11,Drum Kit _ 1
352.72499999999997,0.06875000000002274,53,90,Std Drums,66060,11,Drum Kit _ 1
353.09999999999997,0.06875000000002274,35,120,Std Drums,66120,11,Drum Kit _ 1
353.09999999999997,0.06875000000002274,53,105,Std Drums,66120,11,Drum Kit _ 1
353.47499999999997,0.06875000000002274,53,90,Std Drums,66180,11,Drum Kit _ 1
353.84999999999997,0.06875000000002274,53,90,Std Drums,66240,11,Drum Kit _ 1
354.22499999999997,0.06875000000002274,38,100,Std Drums,66300,11,Drum Kit _ 1
354.22499999999997,0.06875000000002274,35,120,Std Drums,66300,11,Drum Kit _ 1
354.22499999999997,0.06875000000002274,53,105,Std Drums,66300,11,Drum Kit _ 1
354.59999999999997,0.06875000000002274,53,90,Std Drums,66360,11,Drum Kit _ 1
354.97499999999997,0.06875000000002274,53,90,Std Drums,66420,11,Drum Kit _ 1
355.34999999999997,0.06875000000002274,35,120,Std Drums,66480,11,Drum Kit _ 1
355.34999999999997,0.06875000000002274,53,105,Std Drums,66480,11,Drum Kit _ 1
355.72499999999997,0.06875000000002274,53,90,Std Drums,66540,11,Drum Kit _ 1
356.09999999999997,0.06875000000002274,53,90,Std Drums,66600,11,Drum Kit _ 1
356.47499999999997,0.06875000000002274,38,100,Std Drums,66660,11,Drum Kit _ 1
356.47499999999997,0.06875000000002274,53,105,Std Drums,66660,11,Drum Kit _ 1
356.84999999999997,0.06875000000002274,35,120,Std Drums,66720,11,Drum Kit _ 1
356.84999999999997,0.06875000000002274,53,90,Std Drums,66720,11,Drum Kit _ 1
357.22499999999997,0.06875000000002274,35,120,Std Drums,66780,11,Drum Kit _ 1
357.22499999999997,0.06875000000002274,53,90,Std Drums,66780,11,Drum Kit _ 1
357.59999999999997,0.06875000000002274,35,120,Std Drums,66840,11,Drum Kit _ 1
357.59999999999997,0.06875000000002274,53,105,Std Drums,66840,11,Drum Kit _ 1
357.97499999999997,0.06875000000002274,53,90,Std Drums,66900,11,Drum Kit _ 1
358.34999999999997,0.06875000000002274,53,90,Std Drums,66960,11,Drum Kit _ 1
358.72499999999997,0.06875000000002274,35,120,Std Drums,67020,11,Drum Kit _ 1
358.72499999999997,0.06875000000002274,38,100,Std Drums,67020,11,Drum Kit _ 1
358.72499999999997,0.06875000000002274,53,105,Std Drums,67020,11,Drum Kit _ 1
359.09999999999997,0.06875000000002274,53,90,Std Drums,67080,11,Drum Kit _ 1
359.47499999999997,0.06875000000002274,53,90,Std Drums,67140,11,Drum Kit _ 1
359.84999999999997,0.06875000000002274,35,120,Std Drums,67200,11,Drum Kit _ 1
359.84999999999997,0.06875000000002274,53,105,Std Drums,67200,11,Drum Kit _ 1
360.22499999999997,0.06875000000002274,53,90,Std Drums,67260,11,Drum Kit _ 1
360.59999999999997,0.06875000000002274,53,90,Std Drums,67320,11,Drum Kit _ 1
360.97499999999997,0.06875000000002274,35,120,Std Drums,67380,11,Drum Kit _ 1
360.97499999999997,0.06875000000002274,38,100,Std Drums,67380,11,Drum Kit _ 1
360.97499999999997,0.06875000000002274,53,105,Std Drums,67380,11,Drum Kit _ 1
361.34999999999997,0.06875000000002274,53,90,Std Drums,67440,11,Drum Kit _ 1
361.72499999999997,0.06875000000002274,53,90,Std Drums,67500,11,Drum Kit _ 1
362.09999999999997,0.06875000000002274,35,120,Std Drums,67560,11,Drum Kit _ 1
362.09999999999997,0.06875000000002274,53,105,Std Drums,67560,11,Drum Kit _ 1
362.47499999999997,0.06875000000002274,53,90,Std Drums,67620,11,Drum Kit _ 1
362.84999999999997,0.06875000000002274,53,90,Std Drums,67680,11,Drum Kit _ 1
363.22499999999997,0.06875000000002274,38,100,Std Drums,67740,11,Drum Kit _ 1
363.22499999999997,0.06875000000002274,35,120,Std Drums,67740,11,Drum Kit _ 1
363.22499999999997,0.06875000000002274,53,105,Std Drums,67740,11,Drum Kit _ 1
363.59999999999997,0.06875000000002274,53,90,Std Drums,67800,11,Drum Kit _ 1
363.97499999999997,0.06875000000002274,53,90,Std Drums,67860,11,Drum Kit _ 1
364.34999999999997,0.06875000000002274,35,120,Std Drums,67920,11,Drum Kit _ 1
364.34999999999997,0.06875000000002274,53,105,Std Drums,67920,11,Drum Kit _ 1
364.72499999999997,0.06875000000002274,53,90,Std Drums,67980,11,Drum Kit _ 1
365.09999999999997,0.06875000000002274,53,90,Std Drums,68040,11,Drum Kit _ 1
365.47499999999997,0.06875000000002274,35,120,Std Drums,68100,11,Drum Kit _ 1
365.47499999999997,0.06875000000002274,38,100,Std Drums,68100,11,Drum Kit _ 1
365.47499999999997,0.06875000000002274,53,105,Std Drums,68100,11,Drum Kit _ 1
365.84999999999997,0.06875000000002274,53,90,Std Drums,68160,11,Drum Kit _ 1
366.22499999999997,0.06875000000002274,53,90,Std Drums,68220,11,Drum Kit _ 1
366.59999999999997,0.06875000000002274,35,120,Std Drums,68280,11,Drum Kit _ 1
366.59999999999997,0.06875000000002274,53,105,Std Drums,68280,11,Drum Kit _ 1
366.97499999999997,0.06875000000002274,53,90,Std Drums,68340,11,Drum Kit _ 1
367.34999999999997,0.06875000000002274,53,90,Std Drums,68400,11,Drum Kit _ 1
367.72499999999997,0.06875000000002274,38,100,Std Drums,68460,11,Drum Kit _ 1
367.72499999999997,0.06875000000002274,53,105,Std Drums,68460,11,Drum Kit _ 1
368.09999999999997,0.06875000000002274,35,120,Std Drums,68520,11,Drum Kit _ 1
368.09999999999997,0.06875000000002274,53,90,Std Drums,68520,11,Drum Kit _ 1
368.47499999999997,0.06875000000002274,35,120,Std Drums,68580,11,Drum Kit _ 1
368.47499999999997,0.06875000000002274,53,90,Std Drums,68580,11,Drum Kit _ 1
368.84999999999997,0.06875000000002274,35,120,Std Drums,68640,11,Drum Kit _ 1
368.84999999999997,0.06875000000002274,53,105,Std Drums,68640,11,Drum Kit _ 1
369.22499999999997,0.06875000000002274,53,90,Std Drums,68700,11,Drum Kit _ 1
369.59999999999997,0.06875000000002274,53,90,Std Drums,68760,11,Drum Kit _ 1
369.97499999999997,0.06875000000002274,35,120,Std Drums,68820,11,Drum Kit _ 1
369.97499999999997,0.06875000000002274,38,100,Std Drums,68820,11,Drum Kit _ 1
369.97499999999997,0.06875000000002274,53,105,Std Drums,68820,11,Drum Kit _ 1
370.34999999999997,0.06875000000002274,53,90,Std Drums,68880,11,Drum Kit _ 1
370.72499999999997,0.06875000000002274,53,90,Std Drums,68940,11,Drum Kit _ 1
370.91249999999997,0.06875000000002274,53,90,Std Drums,68970,11,Drum Kit _ 1
371.09999999999997,0.06875000000002274,35,120,Std Drums,69000,11,Drum Kit _ 1
371.09999999999997,0.06875000000002274,53,105,Std Drums,69000,11,Drum Kit _ 1
371.47499999999997,0.06875000000002274,53,90,Std Drums,69060,11,Drum Kit _ 1
371.84999999999997,0.06875000000002274,53,90,Std Drums,69120,11,Drum Kit _ 1
372.22499999999997,0.06875000000002274,35,120,Std Drums,69180,11,Drum Kit _ 1
372.22499999999997,0.06875000000002274,38,100,Std Drums,69180,11,Drum Kit _ 1
372.22499999999997,0.06875000000002274,53,105,Std Drums,69180,11,Drum Kit _ 1
372.59999999999997,0.06875000000002274,53,90,Std Drums,69240,11,Drum Kit _ 1
372.97499999999997,0.06875000000002274,53,90,Std Drums,69300,11,Drum Kit _ 1
373.34999999999997,0.06875000000002274,49,100,Std Drums,69360,11,Drum Kit _ 1
373.34999999999997,0.06875000000002274,35,120,Std Drums,69360,11,Drum Kit _ 1
373.72499999999997,0.06875000000002274,53,90,Std Drums,69420,11,Drum Kit _ 1
374.09999999999997,0.06875000000002274,53,90,Std Drums,69480,11,Drum Kit _ 1
374.47499999999997,0.06875000000002274,35,120,Std Drums,69540,11,Drum Kit _ 1
374.47499999999997,0.06875000000002274,38,100,Std Drums,69540,11,Drum Kit _ 1
374.47499999999997,0.06875000000002274,53,105,Std Drums,69540,11,Drum Kit _ 1
374.84999999999997,0.06875000000002274,53,90,Std Drums,69600,11,Drum Kit _ 1
375.22499999999997,0.06875000000002274,53,90,Std Drums,69660,11,Drum Kit _ 1
375.59999999999997,0.06875000000002274,35,120,Std Drums,69720,11,Drum Kit _ 1
375.59999999999997,0.06875000000002274,53,105,Std Drums,69720,11,Drum Kit _ 1
375.97499999999997,0.06875000000002274,53,90,Std Drums,69780,11,Drum Kit _ 1
376.34999999999997,0.06875000000002274,53,90,Std Drums,69840,11,Drum Kit _ 1
376.72499999999997,0.06875000000002274,35,120,Std Drums,69900,11,Drum Kit _ 1
376.72499999999997,0.06875000000002274,38,100,Std Drums,69900,11,Drum Kit _ 1
376.72499999999997,0.06875000000002274,53,105,Std Drums,69900,11,Drum Kit _ 1
377.09999999999997,0.06875000000002274,53,90,Std Drums,69960,11,Drum Kit _ 1
377.47499999999997,0.06875000000002274,53,90,Std Drums,70020,11,Drum Kit _ 1
377.84999999999997,0.06875000000002274,35,120,Std Drums,70080,11,Drum Kit _ 1
377.84999999999997,0.06875000000002274,53,105,Std Drums,70080,11,Drum Kit _ 1
378.22499999999997,0.06875000000002274,53,90,Std Drums,70140,11,Drum Kit _ 1
378.59999999999997,0.06875000000002274,53,90,Std Drums,70200,11,Drum Kit _ 1
378.97499999999997,0.06875000000002274,38,100,Std Drums,70260,11,Drum Kit _ 1
378.97499999999997,0.06875000000002274,53,105,Std Drums,70260,11,Drum Kit _ 1
379.34999999999997,0.06875000000002274,35,120,Std Drums,70320,11,Drum Kit _ 1
379.34999999999997,0.06875000000002274,53,90,Std Drums,70320,11,Drum Kit _ 1
379.72499999999997,0.06875000000002274,35,120,Std Drums,70380,11,Drum Kit _ 1
379.72499999999997,0.06875000000002274,53,90,Std Drums,70380,11,Drum Kit _ 1
380.09999999999997,0.06875000000002274,35,120,Std Drums,70440,11,Drum Kit _ 1
380.09999999999997,0.06875000000002274,53,105,Std Drums,70440,11,Drum Kit _ 1
380.47499999999997,0.06875000000002274,53,90,Std Drums,70500,11,Drum Kit _ 1
380.84999999999997,0.06875000000002274,53,90,Std Drums,70560,11,Drum Kit _ 1
381.22499999999997,0.06875000000002274,38,100,Std Drums,70620,11,Drum Kit _ 1
381.22499999999997,0.06875000000002274,35,120,Std Drums,70620,11,Drum Kit _ 1
381.22499999999997,0.06875000000002274,53,105,Std Drums,70620,11,Drum Kit _ 1
381.59999999999997,0.06875000000002274,53,90,Std Drums,70680,11,Drum Kit _ 1
381.97499999999997,0.06875000000002274,53,90,Std Drums,70740,11,Drum Kit _ 1
382.34999999999997,0.06875000000002274,35,120,Std Drums,70800,11,Drum Kit _ 1
382.34999999999997,0.06875000000002274,53,105,Std Drums,70800,11,Drum Kit _ 1
382.72499999999997,0.06875000000002274,53,90,Std Drums,70860,11,Drum Kit _ 1
383.09999999999997,0.06875000000002274,53,90,Std Drums,70920,11,Drum Kit _ 1
383.47499999999997,0.06875000000002274,38,100,Std Drums,70980,11,Drum Kit _ 1
383.47499999999997,0.06875000000002274,35,120,Std Drums,70980,11,Drum Kit _ 1
383.47499999999997,0.06875000000002274,53,105,Std Drums,70980,11,Drum Kit _ 1
383.84999999999997,0.06875000000002274,53,90,Std Drums,71040,11,Drum Kit _ 1
384.22499999999997,0.06875000000002274,53,90,Std Drums,71100,11,Drum Kit _ 1
384.59999999999997,0.06875000000002274,35,120,Std Drums,71160,11,Drum Kit _ 1
384.59999999999997,0.06875000000002274,53,105,Std Drums,71160,11,Drum Kit _ 1
384.97499999999997,0.06875000000002274,53,90,Std Drums,71220,11,Drum Kit _ 1
385.34999999999997,0.06875000000002274,53,90,Std Drums,71280,11,Drum Kit _ 1
385.72499999999997,0.06875000000002274,35,120,Std Drums,71340,11,Drum Kit _ 1
385.72499999999997,0.06875000000002274,38,100,Std Drums,71340,11,Drum Kit _ 1
385.72499999999997,0.06875000000002274,53,105,Std Drums,71340,11,Drum Kit _ 1
386.09999999999997,0.06875000000002274,53,90,Std Drums,71400,11,Drum Kit _ 1
386.47499999999997,0.06875000000002274,53,90,Std Drums,71460,11,Drum Kit _ 1
386.84999999999997,0.06875000000002274,35,120,Std Drums,71520,11,Drum Kit _ 1
386.84999999999997,0.06875000000002274,53,105,Std Drums,71520,11,Drum Kit _ 1
387.22499999999997,0.06875000000002274,53,90,Std Drums,71580,11,Drum Kit _ 1
387.59999999999997,0.06875000000002274,53,90,Std Drums,71640,11,Drum Kit _ 1
387.97499999999997,0.06875000000002274,38,100,Std Drums,71700,11,Drum Kit _ 1
387.97499999999997,0.06875000000002274,35,120,Std Drums,71700,11,Drum Kit _ 1
387.97499999999997,0.06875000000002274,53,105,Std Drums,71700,11,Drum Kit _ 1
388.34999999999997,0.06875000000002274,53,90,Std Drums,71760,11,Drum Kit _ 1
388.72499999999997,0.06875000000002274,53,90,Std Drums,71820,11,Drum Kit _ 1
389.09999999999997,0.06875000000002274,35,120,Std Drums,71880,11,Drum Kit _ 1
389.09999999999997,0.06875000000002274,53,105,Std Drums,71880,11,Drum Kit _ 1
389.47499999999997,0.06875000000002274,53,90,Std Drums,71940,11,Drum Kit _ 1
389.84999999999997,0.06875000000002274,53,90,Std Drums,72000,11,Drum Kit _ 1
390.22499999999997,0.06875000000002274,38,100,Std Drums,72060,11,Drum Kit _ 1
390.22499999999997,0.06875000000002274,53,105,Std Drums,72060,11,Drum Kit _ 1
390.59999999999997,0.06875000000002274,35,120,Std Drums,72120,11,Drum Kit _ 1
390.59999999999997,0.06875000000002274,53,90,Std Drums,72120,11,Drum Kit _ 1
390.97499999999997,0.06875000000002274,35,120,Std Drums,72180,11,Drum Kit _ 1
390.97499999999997,0.06875000000002274,53,90,Std Drums,72180,11,Drum Kit _ 1
391.34999999999997,0.06875000000002274,35,120,Std Drums,72240,11,Drum Kit _ 1
391.34999999999997,0.06875000000002274,53,105,Std Drums,72240,11,Drum Kit _ 1
391.72499999999997,0.06875000000002274,53,90,Std Drums,72300,11,Drum Kit _ 1
392.09999999999997,0.06875000000002274,53,90,Std Drums,72360,11,Drum Kit _ 1
392.47499999999997,0.06875000000002274,35,120,Std Drums,72420,11,Drum Kit _ 1
392.47499999999997,0.06875000000002274,38,100,Std Drums,72420,11,Drum Kit _ 1
392.47499999999997,0.06875000000002274,53,105,Std Drums,72420,11,Drum Kit _ 1
392.84999999999997,0.06875000000002274,53,90,Std Drums,72480,11,Drum Kit _ 1
393.22499999999997,0.06875000000002274,53,90,Std Drums,72540,11,Drum Kit _ 1
393.59999999999997,0.06875000000002274,35,120,Std Drums,72600,11,Drum Kit _ 1
393.59999999999997,0.06875000000002274,53,105,Std Drums,72600,11,Drum Kit _ 1
393.97499999999997,0.06875000000002274,53,90,Std Drums,72660,11,Drum Kit _ 1
394.34999999999997,0.06875000000002274,53,90,Std Drums,72720,11,Drum Kit _ 1
394.72499999999997,0.06875000000002274,38,100,Std Drums,72780,11,Drum Kit _ 1
394.72499999999997,0.06875000000002274,35,120,Std Drums,72780,11,Drum Kit _ 1
394.72499999999997,0.06875000000002274,53,105,Std Drums,72780,11,Drum Kit _ 1
395.09999999999997,0.06875000000002274,53,90,Std Drums,72840,11,Drum Kit _ 1
395.47499999999997,0.06875000000002274,53,90,Std Drums,72900,11,Drum Kit _ 1
395.84999999999997,0.06875000000002274,35,120,Std Drums,72960,11,Drum Kit _ 1
395.84999999999997,0.06875000000002274,53,105,Std Drums,72960,11,Drum Kit _ 1
396.22499999999997,0.06875000000002274,53,90,Std Drums,73020,11,Drum Kit _ 1
396.59999999999997,0.06875000000002274,53,90,Std Drums,73080,11,Drum Kit _ 1
396.97499999999997,0.06875000000002274,35,120,Std Drums,73140,11,Drum Kit _ 1
396.97499999999997,0.06875000000002274,38,100,Std Drums,73140,11,Drum Kit _ 1
396.97499999999997,0.06875000000002274,53,105,Std Drums,73140,11,Drum Kit _ 1
397.34999999999997,0.06875000000002274,53,90,Std Drums,73200,11,Drum Kit _ 1
397.72499999999997,0.06875000000002274,53,90,Std Drums,73260,11,Drum Kit _ 1
398.09999999999997,0.06875000000002274,35,120,Std Drums,73320,11,Drum Kit _ 1
398.09999999999997,0.06875000000002274,53,105,Std Drums,73320,11,Drum Kit _ 1
398.47499999999997,0.06875000000002274,53,90,Std Drums,73380,11,Drum Kit _ 1
398.84999999999997,0.06875000000002274,53,90,Std Drums,73440,11,Drum Kit _ 1
399.22499999999997,0.06875000000002274,35,120,Std Drums,73500,11,Drum Kit _ 1
399.22499999999997,0.06875000000002274,38,100,Std Drums,73500,11,Drum Kit _ 1
399.22499999999997,0.06875000000002274,53,105,Std Drums,73500,11,Drum Kit _ 1
399.59999999999997,0.06875000000002274,53,90,Std Drums,73560,11,Drum Kit _ 1
399.97499999999997,0.06875000000002274,53,90,Std Drums,73620,11,Drum Kit _ 1
400.34999999999997,0.06875000000002274,35,120,Std Drums,73680,11,Drum Kit _ 1
400.34999999999997,0.06875000000002274,53,105,Std Drums,73680,11,Drum Kit _ 1
400.72499999999997,0.06875000000002274,53,90,Std Drums,73740,11,Drum Kit _ 1
401.09999999999997,0.06875000000002274,53,90,Std Drums,73800,11,Drum Kit _ 1
401.47499999999997,0.06875000000002274,38,100,Std Drums,73860,11,Drum Kit _ 1
401.47499999999997,0.06875000000002274,53,105,Std Drums,73860,11,Drum Kit _ 1
401.84999999999997,0.06875000000002274,35,120,Std Drums,73920,11,Drum Kit _ 1
401.84999999999997,0.06875000000002274,53,90,Std Drums,73920,11,Drum Kit _ 1
402.22499999999997,0.06875000000002274,35,120,Std Drums,73980,11,Drum Kit _ 1
402.22499999999997,0.06875000000002274,53,90,Std Drums,73980,11,Drum Kit _ 1
402.59999999999997,0.06875000000002274,35,120,Std Drums,74040,11,Drum Kit _ 1
402.59999999999997,0.06875000000002274,53,105,Std Drums,74040,11,Drum Kit _ 1
402.97499999999997,0.06875000000002274,53,90,Std Drums,74100,11,Drum Kit _ 1
403.34999999999997,0.06875000000002274,53,90,Std Drums,74160,11,Drum Kit _ 1
403.72499999999997,0.06875000000002274,35,120,Std Drums,74220,11,Drum Kit _ 1
403.72499999999997,0.06875000000002274,38,100,Std Drums,74220,11,Drum Kit _ 1
403.72499999999997,0.06875000000002274,53,105,Std Drums,74220,11,Drum Kit _ 1
404.09999999999997,0.06875000000002274,53,90,Std Drums,74280,11,Drum Kit _ 1
404.47499999999997,0.06875000000002274,53,90,Std Drums,74340,11,Drum Kit _ 1
404.66249999999997,0.06875000000002274,53,90,Std Drums,74370,11,Drum Kit _ 1
404.84999999999997,0.06875000000002274,35,120,Std Drums,74400,11,Drum Kit _ 1
404.84999999999997,0.06875000000002274,53,105,Std Drums,74400,11,Drum Kit _ 1
405.22499999999997,0.06875000000002274,53,90,Std Drums,74460,11,Drum Kit _ 1
405.59999999999997,0.06875000000002274,53,90,Std Drums,74520,11,Drum Kit _ 1
405.97499999999997,0.06875000000002274,38,100,Std Drums,74580,11,Drum Kit _ 1
405.97499999999997,0.06875000000002274,35,120,Std Drums,74580,11,Drum Kit _ 1
405.97499999999997,0.06875000000002274,53,105,Std Drums,74580,11,Drum Kit _ 1
406.34999999999997,0.06875000000002274,53,90,Std Drums,74640,11,Drum Kit _ 1
406.72499999999997,0.06875000000002274,53,90,Std Drums,74700,11,Drum Kit _ 1
407.09999999999997,0.06875000000002274,35,120,Std Drums,74760,11,Drum Kit _ 1
407.09999999999997,0.06875000000002274,49,100,Std Drums,74760,11,Drum Kit _ 1
407.47499999999997,0.06875000000002274,53,90,Std Drums,74820,11,Drum Kit _ 1
407.84999999999997,0.06875000000002274,53,90,Std Drums,74880,11,Drum Kit _ 1
408.22499999999997,0.06875000000002274,35,120,Std Drums,74940,11,Drum Kit _ 1
408.22499999999997,0.06875000000002274,38,100,Std Drums,74940,11,Drum Kit _ 1
408.22499999999997,0.06875000000002274,53,105,Std Drums,74940,11,Drum Kit _ 1
408.59999999999997,0.06875000000002274,53,90,Std Drums,75000,11,Drum Kit _ 1
408.97499999999997,0.06875000000002274,53,90,Std Drums,75060,11,Drum Kit _ 1
409.34999999999997,0.06875000000002274,35,120,Std Drums,75120,11,Drum Kit _ 1
409.34999999999997,0.06875000000002274,53,105,Std Drums,75120,11,Drum Kit _ 1
409.72499999999997,0.06875000000002274,53,90,Std Drums,75180,11,Drum Kit _ 1
410.09999999999997,0.06875000000002274,53,90,Std Drums,75240,11,Drum Kit _ 1
410.47499999999997,0.06875000000002274,35,120,Std Drums,75300,11,Drum Kit _ 1
410.47499999999997,0.06875000000002274,38,100,Std Drums,75300,11,Drum Kit _ 1
410.47499999999997,0.06875000000002274,53,105,Std Drums,75300,11,Drum Kit _ 1
410.84999999999997,0.06875000000002274,53,90,Std Drums,75360,11,Drum Kit _ 1
411.22499999999997,0.06875000000002274,53,90,Std Drums,75420,11,Drum Kit _ 1
411.59999999999997,0.06875000000002274,35,120,Std Drums,75480,11,Drum Kit _ 1
411.59999999999997,0.06875000000002274,53,105,Std Drums,75480,11,Drum Kit _ 1
411.97499999999997,0.06875000000002274,53,90,Std Drums,75540,11,Drum Kit _ 1
412.34999999999997,0.06875000000002274,53,90,Std Drums,75600,11,Drum Kit _ 1
412.72499999999997,0.06875000000002274,38,100,Std Drums,75660,11,Drum Kit _ 1
412.72499999999997,0.06875000000002274,53,105,Std Drums,75660,11,Drum Kit _ 1
413.09999999999997,0.06875000000002274,35,120,Std Drums,75720,11,Drum Kit _ 1
413.09999999999997,0.06875000000002274,53,90,Std Drums,75720,11,Drum Kit _ 1
413.47499999999997,0.06875000000002274,35,120,Std Drums,75780,11,Drum Kit _ 1
413.47499999999997,0.06875000000002274,53,90,Std Drums,75780,11,Drum Kit _ 1
413.84999999999997,0.06875000000002274,35,120,Std Drums,75840,11,Drum Kit _ 1
413.84999999999997,0.06875000000002274,53,105,Std Drums,75840,11,Drum Kit _ 1
414.22499999999997,0.06875000000002274,53,90,Std Drums,75900,11,Drum Kit _ 1
414.59999999999997,0.06875000000002274,53,90,Std Drums,75960,11,Drum Kit _ 1
414.97499999999997,0.06875000000002274,38,100,Std Drums,76020,11,Drum Kit _ 1
414.97499999999997,0.06875000000002274,35,120,Std Drums,76020,11,Drum Kit _ 1
414.97499999999997,0.06875000000002274,53,105,Std Drums,76020,11,Drum Kit _ 1
415.34999999999997,0.06875000000002274,53,90,Std Drums,76080,11,Drum Kit _ 1
415.72499999999997,0.06875000000002274,53,90,Std Drums,76140,11,Drum Kit _ 1
416.09999999999997,0.06875000000002274,35,120,Std Drums,76200,11,Drum Kit _ 1
416.09999999999997,0.06875000000002274,53,105,Std Drums,76200,11,Drum Kit _ 1
416.47499999999997,0.06875000000002274,53,90,Std Drums,76260,11,Drum Kit _ 1
416.84999999999997,0.06875000000002274,53,90,Std Drums,76320,11,Drum Kit _ 1
417.22499999999997,0.06875000000002274,38,100,Std Drums,76380,11,Drum Kit _ 1
417.22499999999997,0.06875000000002274,35,120,Std Drums,76380,11,Drum Kit _ 1
417.22499999999997,0.06875000000002274,53,105,Std Drums,76380,11,Drum Kit _ 1
417.59999999999997,0.06875000000002274,53,90,Std Drums,76440,11,Drum Kit _ 1
417.97499999999997,0.06875000000002274,53,90,Std Drums,76500,11,Drum Kit _ 1
418.34999999999997,0.06875000000002274,35,120,Std Drums,76560,11,Drum Kit _ 1
418.34999999999997,0.06875000000002274,53,105,Std Drums,76560,11,Drum Kit _ 1
418.72499999999997,0.06875000000002274,53,90,Std Drums,76620,11,Drum Kit _ 1
419.09999999999997,0.06875000000002274,53,90,Std Drums,76680,11,Drum Kit _ 1
419.47499999999997,0.06875000000002274,38,100,Std Drums,76740,11,Drum Kit _ 1
419.47499999999997,0.06875000000002274,35,120,Std Drums,76740,11,Drum Kit _ 1
419.47499999999997,0.06875000000002274,53,105,Std Drums,76740,11,Drum Kit _ 1
419.84999999999997,0.06875000000002274,53,90,Std Drums,76800,11,Drum Kit _ 1
420.22499999999997,0.06875000000002274,53,90,Std Drums,76860,11,Drum Kit _ 1
420.59999999999997,0.06875000000002274,35,120,Std Drums,76920,11,Drum Kit _ 1
420.59999999999997,0.06875000000002274,53,105,Std Drums,76920,11,Drum Kit _ 1
420.97499999999997,0.06875000000002274,53,90,Std Drums,76980,11,Drum Kit _ 1
421.34999999999997,0.06875000000002274,53,90,Std Drums,77040,11,Drum Kit _ 1
421.72499999999997,0.06875000000002274,38,100,Std Drums,77100,11,Drum Kit _ 1
421.72499999999997,0.06875000000002274,35,120,Std Drums,77100,11,Drum Kit _ 1
421.72499999999997,0.06875000000002274,53,105,Std Drums,77100,11,Drum Kit _ 1
422.09999999999997,0.06875000000002274,53,90,Std Drums,77160,11,Drum Kit _ 1
422.47499999999997,0.06875000000002274,53,90,Std Drums,77220,11,Drum Kit _ 1
422.84999999999997,0.06875000000002274,35,120,Std Drums,77280,11,Drum Kit _ 1
422.84999999999997,0.06875000000002274,53,105,Std Drums,77280,11,Drum Kit _ 1
423.22499999999997,0.06875000000002274,53,90,Std Drums,77340,11,Drum Kit _ 1
423.59999999999997,0.06875000000002274,53,90,Std Drums,77400,11,Drum Kit _ 1
423.97499999999997,0.06875000000002274,38,100,Std Drums,77460,11,Drum Kit _ 1
423.97499999999997,0.06875000000002274,53,105,Std Drums,77460,11,Drum Kit _ 1
424.34999999999997,0.06875000000002274,35,120,Std Drums,77520,11,Drum Kit _ 1
424.34999999999997,0.06875000000002274,53,90,Std Drums,77520,11,Drum Kit _ 1
424.72499999999997,0.06875000000002274,35,120,Std Drums,77580,11,Drum Kit _ 1
424.72499999999997,0.06875000000002274,53,90,Std Drums,77580,11,Drum Kit _ 1
425.09999999999997,0.06875000000002274,35,120,Std Drums,77640,11,Drum Kit _ 1
425.09999999999997,0.06875000000002274,53,105,Std Drums,77640,11,Drum Kit _ 1
425.47499999999997,0.06875000000002274,53,90,Std Drums,77700,11,Drum Kit _ 1
425.84999999999997,0.06875000000002274,53,90,Std Drums,77760,11,Drum Kit _ 1
426.22499999999997,0.06875000000002274,38,100,Std Drums,77820,11,Drum Kit _ 1
426.22499999999997,0.06875000000002274,35,120,Std Drums,77820,11,Drum Kit _ 1
426.22499999999997,0.06875000000002274,53,105,Std Drums,77820,11,Drum Kit _ 1
426.59999999999997,0.06875000000002274,53,90,Std Drums,77880,11,Drum Kit _ 1
426.97499999999997,0.06875000000002274,53,90,Std Drums,77940,11,Drum Kit _ 1
427.34999999999997,0.06875000000002274,35,120,Std Drums,78000,11,Drum Kit _ 1
427.34999999999997,0.06875000000002274,53,105,Std Drums,78000,11,Drum Kit _ 1
427.72499999999997,0.06875000000002274,53,90,Std Drums,78060,11,Drum Kit _ 1
428.09999999999997,0.06875000000002274,53,90,Std Drums,78120,11,Drum Kit _ 1
428.47499999999997,0.06875000000002274,35,120,Std Drums,78180,11,Drum Kit _ 1
428.47499999999997,0.06875000000002274,38,100,Std Drums,78180,11,Drum Kit _ 1
428.47499999999997,0.06875000000002274,53,105,Std Drums,78180,11,Drum Kit _ 1
428.84999999999997,0.06875000000002274,53,90,Std Drums,78240,11,Drum Kit _ 1
429.22499999999997,0.06875000000002274,53,90,Std Drums,78300,11,Drum Kit _ 1
429.59999999999997,0.06875000000002274,35,120,Std Drums,78360,11,Drum Kit _ 1
429.59999999999997,0.06875000000002274,53,105,Std Drums,78360,11,Drum Kit _ 1
429.97499999999997,0.06875000000002274,53,90,Std Drums,78420,11,Drum Kit _ 1
430.34999999999997,0.06875000000002274,53,90,Std Drums,78480,11,Drum Kit _ 1
430.72499999999997,0.06875000000002274,38,100,Std Drums,78540,11,Drum Kit _ 1
430.72499999999997,0.06875000000002274,35,120,Std Drums,78540,11,Drum Kit _ 1
430.72499999999997,0.06875000000002274,53,105,Std Drums,78540,11,Drum Kit _ 1
431.09999999999997,0.06875000000002274,53,90,Std Drums,78600,11,Drum Kit _ 1
431.47499999999997,0.06875000000002274,53,90,Std Drums,78660,11,Drum Kit _ 1
431.84999999999997,0.06875000000002274,35,120,Std Drums,78720,11,Drum Kit _ 1
431.84999999999997,0.06875000000002274,53,105,Std Drums,78720,11,Drum Kit _ 1
432.22499999999997,0.06875000000002274,53,90,Std Drums,78780,11,Drum Kit _ 1
432.59999999999997,0.06875000000002274,53,90,Std Drums,78840,11,Drum Kit _ 1
432.97499999999997,0.06875000000002274,35,120,Std Drums,78900,11,Drum Kit _ 1
432.97499999999997,0.06875000000002274,38,100,Std Drums,78900,11,Drum Kit _ 1
432.97499999999997,0.06875000000002274,53,105,Std Drums,78900,11,Drum Kit _ 1
433.34999999999997,0.06875000000002274,53,90,Std Drums,78960,11,Drum Kit _ 1
433.72499999999997,0.06875000000002274,53,90,Std Drums,79020,11,Drum Kit _ 1
434.09999999999997,0.0687499999999659,35,120,Std Drums,79080,11,Drum Kit _ 1
434.09999999999997,0.0687499999999659,53,105,Std Drums,79080,11,Drum Kit _ 1
434.47499999999997,0.0687499999999659,53,90,Std Drums,79140,11,Drum Kit _ 1
434.84999999999997,0.0687499999999659,53,90,Std Drums,79200,11,Drum Kit _ 1
435.22499999999997,0.0687499999999659,38,100,Std Drums,79260,11,Drum Kit _ 1
435.22499999999997,0.0687499999999659,53,105,Std Drums,79260,11,Drum Kit _ 1
435.59999999999997,0.0687499999999659,35,120,Std Drums,79320,11,Drum Kit _ 1
435.59999999999997,0.0687499999999659,53,90,Std Drums,79320,11,Drum Kit _ 1
435.97499999999997,0.0687499999999659,35,120,Std Drums,79380,11,Drum Kit _ 1
435.97499999999997,0.0687499999999659,53,90,Std Drums,79380,11,Drum Kit _ 1
436.34999999999997,0.0687499999999659,35,120,Std Drums,79440,11,Drum Kit _ 1
436.34999999999997,0.0687499999999659,53,105,Std Drums,79440,11,Drum Kit _ 1
436.72499999999997,0.0687499999999659,53,90,Std Drums,79500,11,Drum Kit _ 1
437.09999999999997,0.0687499999999659,53,90,Std Drums,79560,11,Drum Kit _ 1
437.47499999999997,0.0687499999999659,38,100,Std Drums,79620,11,Drum Kit _ 1
437.47499999999997,0.0687499999999659,35,120,Std Drums,79620,11,Drum Kit _ 1
437.47499999999997,0.0687499999999659,53,105,Std Drums,79620,11,Drum Kit _ 1
437.84999999999997,0.0687499999999659,53,90,Std Drums,79680,11,Drum Kit _ 1
438.22499999999997,0.0687499999999659,53,90,Std Drums,79740,11,Drum Kit _ 1
438.41249999999997,0.0687499999999659,53,90,Std Drums,79770,11,Drum Kit _ 1
438.59999999999997,0.0687499999999659,35,120,Std Drums,79800,11,Drum Kit _ 1
438.59999999999997,0.0687499999999659,53,105,Std Drums,79800,11,Drum Kit _ 1
438.97499999999997,0.0687499999999659,53,90,Std Drums,79860,11,Drum Kit _ 1
439.34999999999997,0.0687499999999659,53,90,Std Drums,79920,11,Drum Kit _ 1
439.72499999999997,0.0687499999999659,35,120,Std Drums,79980,11,Drum Kit _ 1
439.72499999999997,0.0687499999999659,38,100,Std Drums,79980,11,Drum Kit _ 1
439.72499999999997,0.0687499999999659,53,105,Std Drums,79980,11,Drum Kit _ 1
440.09999999999997,0.0687499999999659,53,90,Std Drums,80040,11,Drum Kit _ 1
440.47499999999997,0.0687499999999659,53,90,Std Drums,80100,11,Drum Kit _ 1
440.84999999999997,0.0687499999999659,35,120,Std Drums,80160,11,Drum Kit _ 1
440.84999999999997,0.0687499999999659,49,100,Std Drums,80160,11,Drum Kit _ 1
441.22499999999997,0.0687499999999659,53,90,Std Drums,80220,11,Drum Kit _ 1
441.59999999999997,0.0687499999999659,53,90,Std Drums,80280,11,Drum Kit _ 1
441.97499999999997,0.0687499999999659,35,120,Std Drums,80340,11,Drum Kit _ 1
441.97499999999997,0.0687499999999659,38,100,Std Drums,80340,11,Drum Kit _ 1
441.97499999999997,0.0687499999999659,53,105,Std Drums,80340,11,Drum Kit _ 1
442.34999999999997,0.0687499999999659,53,90,Std Drums,80400,11,Drum Kit _ 1
442.72499999999997,0.0687499999999659,53,90,Std Drums,80460,11,Drum Kit _ 1
443.09999999999997,0.0687499999999659,35,120,Std Drums,80520,11,Drum Kit _ 1
443.09999999999997,0.0687499999999659,53,105,Std Drums,80520,11,Drum Kit _ 1
443.47499999999997,0.0687499999999659,53,90,Std Drums,80580,11,Drum Kit _ 1
443.84999999999997,0.0687499999999659,53,90,Std Drums,80640,11,Drum Kit _ 1
444.22499999999997,0.0687499999999659,35,120,Std Drums,80700,11,Drum Kit _ 1
444.22499999999997,0.0687499999999659,38,100,Std Drums,80700,11,Drum Kit _ 1
444.22499999999997,0.0687499999999659,53,105,Std Drums,80700,11,Drum Kit _ 1
444.59999999999997,0.0687499999999659,53,90,Std Drums,80760,11,Drum Kit _ 1
444.97499999999997,0.0687499999999659,53,90,Std Drums,80820,11,Drum Kit _ 1
445.34999999999997,0.0687499999999659,35,120,Std Drums,80880,11,Drum Kit _ 1
445.34999999999997,0.0687499999999659,53,105,Std Drums,80880,11,Drum Kit _ 1
445.72499999999997,0.0687499999999659,53,90,Std Drums,80940,11,Drum Kit _ 1
446.09999999999997,0.0687499999999659,53,90,Std Drums,81000,11,Drum Kit _ 1
446.47499999999997,0.0687499999999659,38,100,Std Drums,81060,11,Drum Kit _ 1
446.47499999999997,0.0687499999999659,53,105,Std Drums,81060,11,Drum Kit _ 1
446.84999999999997,0.0687499999999659,35,120,Std Drums,81120,11,Drum Kit _ 1
446.84999999999997,0.0687499999999659,53,90,Std Drums,81120,11,Drum Kit _ 1
447.22499999999997,0.0687499999999659,35,120,Std Drums,81180,11,Drum Kit _ 1
447.22499999999997,0.0687499999999659,53,90,Std Drums,81180,11,Drum Kit _ 1
447.59999999999997,0.0687499999999659,35,120,Std Drums,81240,11,Drum Kit _ 1
447.59999999999997,0.0687499999999659,53,105,Std Drums,81240,11,Drum Kit _ 1
447.97499999999997,0.0687499999999659,53,90,Std Drums,81300,11,Drum Kit _ 1
448.34999999999997,0.0687499999999659,53,90,Std Drums,81360,11,Drum Kit _ 1
448.72499999999997,0.0687499999999659,38,100,Std Drums,81420,11,Drum Kit _ 1
448.72499999999997,0.0687499999999659,35,120,Std Drums,81420,11,Drum Kit _ 1
448.72499999999997,0.0687499999999659,53,105,Std Drums,81420,11,Drum Kit _ 1
449.09999999999997,0.0687499999999659,53,90,Std Drums,81480,11,Drum Kit _ 1
449.47499999999997,0.0687499999999659,53,90,Std Drums,81540,11,Drum Kit _ 1
449.84999999999997,0.0687499999999659,35,120,Std Drums,81600,11,Drum Kit _ 1
449.84999999999997,0.0687499999999659,53,105,Std Drums,81600,11,Drum Kit _ 1
450.22499999999997,0.0687499999999659,53,90,Std Drums,81660,11,Drum Kit _ 1
450.59999999999997,0.0687499999999659,53,90,Std Drums,81720,11,Drum Kit _ 1
450.97499999999997,0.0687499999999659,38,100,Std Drums,81780,11,Drum Kit _ 1
450.97499999999997,0.0687499999999659,35,120,Std Drums,81780,11,Drum Kit _ 1
450.97499999999997,0.0687499999999659,53,105,Std Drums,81780,11,Drum Kit _ 1
451.34999999999997,0.0687499999999659,53,90,Std Drums,81840,11,Drum Kit _ 1
451.72499999999997,0.0687499999999659,53,90,Std Drums,81900,11,Drum Kit _ 1
452.09999999999997,0.0687499999999659,35,120,Std Drums,81960,11,Drum Kit _ 1
452.09999999999997,0.0687499999999659,53,105,Std Drums,81960,11,Drum Kit _ 1
452.47499999999997,0.0687499999999659,53,90,Std Drums,82020,11,Drum Kit _ 1
452.84999999999997,0.0687499999999659,53,90,Std Drums,82080,11,Drum Kit _ 1
453.22499999999997,0.0687499999999659,35,120,Std Drums,82140,11,Drum Kit _ 1
453.22499999999997,0.0687499999999659,38,100,Std Drums,82140,11,Drum Kit _ 1
453.22499999999997,0.0687499999999659,53,105,Std Drums,82140,11,Drum Kit _ 1
453.59999999999997,0.0687499999999659,53,90,Std Drums,82200,11,Drum Kit _ 1
453.97499999999997,0.0687499999999659,53,90,Std Drums,82260,11,Drum Kit _ 1
454.34999999999997,0.0687499999999659,35,120,Std Drums,82320,11,Drum Kit _ 1
454.34999999999997,0.0687499999999659,53,105,Std Drums,82320,11,Drum Kit _ 1
454.72499999999997,0.0687499999999659,53,90,Std Drums,82380,11,Drum Kit _ 1
455.09999999999997,0.0687499999999659,53,90,Std Drums,82440,11,Drum Kit _ 1
455.47499999999997,0.0687499999999659,38,100,Std Drums,82500,11,Drum Kit _ 1
455.47499999999997,0.0687499999999659,35,120,Std Drums,82500,11,Drum Kit _ 1
455.47499999999997,0.0687499999999659,53,105,Std Drums,82500,11,Drum Kit _ 1
455.84999999999997,0.0687499999999659,53,90,Std Drums,82560,11,Drum Kit _ 1
456.22499999999997,0.0687499999999659,53,90,Std Drums,82620,11,Drum Kit _ 1
456.59999999999997,0.0687499999999659,35,120,Std Drums,82680,11,Drum Kit _ 1
456.59999999999997,0.0687499999999659,53,105,Std Drums,82680,11,Drum Kit _ 1
456.97499999999997,0.0687499999999659,53,90,Std Drums,82740,11,Drum Kit _ 1
457.34999999999997,0.0687499999999659,53,90,Std Drums,82800,11,Drum Kit _ 1
457.72499999999997,0.0687499999999659,38,100,Std Drums,82860,11,Drum Kit _ 1
457.72499999999997,0.0687499999999659,53,105,Std Drums,82860,11,Drum Kit _ 1
458.09999999999997,0.0687499999999659,35,120,Std Drums,82920,11,Drum Kit _ 1
458.09999999999997,0.0687499999999659,53,90,Std Drums,82920,11,Drum Kit _ 1
458.47499999999997,0.0687499999999659,35,120,Std Drums,82980,11,Drum Kit _ 1
458.47499999999997,0.0687499999999659,53,90,Std Drums,82980,11,Drum Kit _ 1
458.84999999999997,0.0687499999999659,35,120,Std Drums,83040,11,Drum Kit _ 1
458.84999999999997,0.0687499999999659,53,105,Std Drums,83040,11,Drum Kit _ 1
459.22499999999997,0.0687499999999659,53,90,Std Drums,83100,11,Drum Kit _ 1
459.59999999999997,0.06875000000002274,53,90,Std Drums,83160,11,Drum Kit _ 1
459.97499999999997,0.06875000000002274,38,100,Std Drums,83220,11,Drum Kit _ 1
459.97499999999997,0.06875000000002274,35,120,Std Drums,83220,11,Drum Kit _ 1
459.97499999999997,0.06875000000002274,53,105,Std Drums,83220,11,Drum Kit _ 1
460.34999999999997,0.06875000000002274,53,90,Std Drums,83280,11,Drum Kit _ 1
460.72499999999997,0.06875000000002274,53,90,Std Drums,83340,11,Drum Kit _ 1
461.09999999999997,0.06875000000002274,35,120,Std Drums,83400,11,Drum Kit _ 1
461.09999999999997,0.06875000000002274,53,105,Std Drums,83400,11,Drum Kit _ 1
461.47499999999997,0.06875000000002274,53,90,Std Drums,83460,11,Drum Kit _ 1
461.84999999999997,0.06875000000002274,53,90,Std Drums,83520,11,Drum Kit _ 1
462.22499999999997,0.06875000000002274,38,100,Std Drums,83580,11,Drum Kit _ 1
462.22499999999997,0.06875000000002274,35,120,Std Drums,83580,11,Drum Kit _ 1
462.22499999999997,0.06875000000002274,53,105,Std Drums,83580,11,Drum Kit _ 1
462.59999999999997,0.06875000000002274,53,90,Std Drums,83640,11,Drum Kit _ 1
462.97499999999997,0.06875000000002274,53,90,Std Drums,83700,11,Drum Kit _ 1
463.34999999999997,0.06875000000002274,35,120,Std Drums,83760,11,Drum Kit _ 1
463.34999999999997,0.06875000000002274,53,105,Std Drums,83760,11,Drum Kit _ 1
463.72499999999997,0.06875000000002274,53,90,Std Drums,83820,11,Drum Kit _ 1
464.09999999999997,0.06875000000002274,53,90,Std Drums,83880,11,Drum Kit _ 1
464.47499999999997,0.06875000000002274,38,100,Std Drums,83940,11,Drum Kit _ 1
464.47499999999997,0.06875000000002274,35,120,Std Drums,83940,11,Drum Kit _ 1
464.47499999999997,0.06875000000002274,53,105,Std Drums,83940,11,Drum Kit _ 1
464.84999999999997,0.06875000000002274,53,90,Std Drums,84000,11,Drum Kit _ 1
465.22499999999997,0.06875000000002274,53,90,Std Drums,84060,11,Drum Kit _ 1
465.59999999999997,0.06875000000002274,35,120,Std Drums,84120,11,Drum Kit _ 1
465.59999999999997,0.06875000000002274,53,105,Std Drums,84120,11,Drum Kit _ 1
465.97499999999997,0.06875000000002274,53,90,Std Drums,84180,11,Drum Kit _ 1
466.34999999999997,0.06875000000002274,53,90,Std Drums,84240,11,Drum Kit _ 1
466.72499999999997,0.06875000000002274,38,100,Std Drums,84300,11,Drum Kit _ 1
466.72499999999997,0.06875000000002274,35,120,Std Drums,84300,11,Drum Kit _ 1
466.72499999999997,0.06875000000002274,53,105,Std Drums,84300,11,Drum Kit _ 1
467.09999999999997,0.06875000000002274,53,90,Std Drums,84360,11,Drum Kit _ 1
467.47499999999997,0.06875000000002274,53,90,Std Drums,84420,11,Drum Kit _ 1
467.84999999999997,0.06875000000002274,35,120,Std Drums,84480,11,Drum Kit _ 1
467.84999999999997,0.06875000000002274,53,105,Std Drums,84480,11,Drum Kit _ 1
468.22499999999997,0.06875000000002274,53,90,Std Drums,84540,11,Drum Kit _ 1
468.59999999999997,0.06875000000002274,53,90,Std Drums,84600,11,Drum Kit _ 1
468.97499999999997,0.06875000000002274,38,100,Std Drums,84660,11,Drum Kit _ 1
468.97499999999997,0.06875000000002274,53,105,Std Drums,84660,11,Drum Kit _ 1
469.34999999999997,0.06875000000002274,35,120,Std Drums,84720,11,Drum Kit _ 1
469.34999999999997,0.06875000000002274,53,90,Std Drums,84720,11,Drum Kit _ 1
469.72499999999997,0.06875000000002274,35,120,Std Drums,84780,11,Drum Kit _ 1
469.72499999999997,0.06875000000002274,53,90,Std Drums,84780,11,Drum Kit _ 1
470.09999999999997,0.06875000000002274,35,120,Std Drums,84840,11,Drum Kit _ 1
470.09999999999997,0.06875000000002274,53,105,Std Drums,84840,11,Drum Kit _ 1
470.47499999999997,0.06875000000002274,53,90,Std Drums,84900,11,Drum Kit _ 1
470.84999999999997,0.06875000000002274,53,90,Std Drums,84960,11,Drum Kit _ 1
471.22499999999997,0.06875000000002274,38,100,Std Drums,85020,11,Drum Kit _ 1
471.22499999999997,0.06875000000002274,35,120,Std Drums,85020,11,Drum Kit _ 1
471.22499999999997,0.06875000000002274,53,105,Std Drums,85020,11,Drum Kit _ 1
471.59999999999997,0.06875000000002274,53,90,Std Drums,85080,11,Drum Kit _ 1
471.97499999999997,0.06875000000002274,53,90,Std Drums,85140,11,Drum Kit _ 1
472.16249999999997,0.06875000000002274,53,90,Std Drums,85170,11,Drum Kit _ 1
472.34999999999997,0.06875000000002274,35,120,Std Drums,85200,11,Drum Kit _ 1
472.34999999999997,0.06875000000002274,53,105,Std Drums,85200,11,Drum Kit _ 1
0.0,1.1124999999999998,38,110,Fretless E Bass,480,178,Fretless Bass _ 1
1.125,1.1125000000000007,40,110,Fretless E Bass,660,178,Fretless Bass _ 1
2.25,1.1125000000000007,41,110,Fretless E Bass,840,178,Fretless Bass _ 1
3.375,0.34375,43,110,Fretless E Bass,1020,55,Fretless Bass _ 1
4.125,0.34375,45,110,Fretless E Bass,1140,55,Fretless Bass _ 1
4.5,1.1125000000000007,40,110,Fretless E Bass,1200,178,Fretless Bass _ 1
5.625,0.1750000000000007,53,110,Fretless E Bass,1380,28,Fretless Bass _ 1
5.8125,0.03750000000000053,48,110,Fretless E Bass,1410,6,Fretless Bass _ 1
5.85625,0.03750000000000053,45,110,Fretless E Bass,1417,6,Fretless Bass _ 1
5.90625,0.03750000000000053,41,110,Fretless E Bass,1425,6,Fretless Bass _ 1
5.95,0.03750000000000053,40,110,Fretless E Bass,1432,6,Fretless Bass _ 1
6.0,0.34375,36,110,Fretless E Bass,1440,55,Fretless Bass _ 1
6.375,0.34375,35,110,Fretless E Bass,1500,55,Fretless Bass _ 1
6.75,1.1125000000000007,34,110,Fretless E Bass,1560,178,Fretless Bass _ 1
8.25,0.34375,36,110,Fretless E Bass,1800,55,Fretless Bass _ 1
8.625,0.34375,38,110,Fretless E Bass,1860,55,Fretless Bass _ 1
9.0,1.1125000000000007,33,110,Fretless E Bass,1920,178,Fretless Bass _ 1
10.125,3.414999999999999,45,110,Fretless E Bass,2100,358,Fretless Bass _ 1
15.649999999999999,0.27500000000000213,33,110,Fretless E Bass,2880,55,Fretless Bass _ 1
15.95,0.27500000000000213,33,110,Fretless E Bass,2940,55,Fretless Bass _ 1
16.25,0.2749999999999986,33,110,Fretless E Bass,3000,55,Fretless Bass _ 1
21.65,0.27500000000000213,33,110,Fretless E Bass,4080,55,Fretless Bass _ 1
21.950000000000003,0.2749999999999986,33,110,Fretless E Bass,4140,55,Fretless Bass _ 1
22.25,0.2749999999999986,33,110,Fretless E Bass,4200,55,Fretless Bass _ 1
22.55,0.27500000000000213,33,110,Fretless E Bass,4260,55,Fretless Bass _ 1
26.450000000000003,0.2749999999999986,33,110,Fretless E Bass,5040,55,Fretless Bass _ 1
26.75,0.2749999999999986,33,110,Fretless E Bass,5100,55,Fretless Bass _ 1
27.05,0.27500000000000213,33,110,Fretless E Bass,5160,55,Fretless Bass _ 1
28.85,0.5899999999999999,33,110,Fretless E Bass,5520,118,Fretless Bass _ 1
30.049999999999997,0.5900000000000034,36,110,Fretless E Bass,5760,118,Fretless Bass _ 1
31.25,0.5900000000000034,38,110,Fretless E Bass,6000,118,Fretless Bass _ 1
32.45,0.5899999999999963,41,110,Fretless E Bass,6240,118,Fretless Bass _ 1
33.650000000000006,0.38999999999999346,43,110,Fretless E Bass,6480,78,Fretless Bass _ 1
34.25,0.5900000000000034,44,110,Fretless E Bass,6600,118,Fretless Bass _ 1
34.85,0.8900000000000006,45,110,Fretless E Bass,6720,178,Fretless Bass _ 1
35.75,0.2750000000000057,40,110,Fretless E Bass,6900,55,Fretless Bass _ 1
36.05,1.1900000000000048,33,110,Fretless E Bass,6960,238,Fretless Bass _ 1
37.25,0.2750000000000057,33,110,Fretless E Bass,7200,55,Fretless Bass _ 1
37.55,0.2750000000000057,33,110,Fretless E Bass,7260,55,Fretless Bass _ 1
37.85,0.2749999999999986,33,110,Fretless E Bass,7320,55,Fretless Bass _ 1
38.150000000000006,0.8899999999999935,37,110,Fretless E Bass,7380,178,Fretless Bass _ 1
39.05,0.5900000000000034,38,110,Fretless E Bass,7560,118,Fretless Bass _ 1
39.650000000000006,0.5899999999999963,41,110,Fretless E Bass,7680,118,Fretless Bass _ 1
40.85,0.5899999999999963,50,110,Fretless E Bass,7920,118,Fretless Bass _ 1
42.05,0.2750000000000057,38,110,Fretless E Bass,8160,55,Fretless Bass _ 1
42.35,0.2749999999999986,38,110,Fretless E Bass,8220,55,Fretless Bass _ 1
42.650000000000006,0.2749999999999915,38,110,Fretless E Bass,8280,55,Fretless Bass _ 1
43.55,0.2750000000000057,54,110,Fretless E Bass,8460,55,Fretless Bass _ 1
43.85,0.2749999999999986,53,110,Fretless E Bass,8520,55,Fretless Bass _ 1
44.150000000000006,0.2749999999999915,50,110,Fretless E Bass,8580,55,Fretless Bass _ 1
44.45,0.5899999999999963,38,110,Fretless E Bass,8640,118,Fretless Bass _ 1
45.65,0.2749999999999986,50,110,Fretless E Bass,8880,55,Fretless Bass _ 1
45.95,0.2749999999999986,50,110,Fretless E Bass,8940,55,Fretless Bass _ 1
46.25,0.2749999999999986,50,110,Fretless E Bass,9000,55,Fretless Bass _ 1
46.85,0.5899999999999963,38,110,Fretless E Bass,9120,118,Fretless Bass _ 1
47.45,0.2749999999999986,57,110,Fretless E Bass,9240,55,Fretless Bass _ 1
47.75,0.2749999999999986,55,110,Fretless E Bass,9300,55,Fretless Bass _ 1
48.050000000000004,0.2749999999999986,53,110,Fretless E Bass,9360,55,Fretless Bass _ 1
48.35,0.5899999999999963,50,110,Fretless E Bass,9420,118,Fretless Bass _ 1
48.95,0.06499999999999773,48,110,Fretless E Bass,9540,13,Fretless Bass _ 1
49.025,0.06500000000000483,45,110,Fretless E Bass,9555,13,Fretless Bass _ 1
49.1,0.06499999999999773,41,110,Fretless E Bass,9570,13,Fretless Bass _ 1
49.175000000000004,0.06499999999999773,40,110,Fretless E Bass,9585,13,Fretless Bass _ 1
49.25,0.5900000000000034,38,110,Fretless E Bass,9600,118,Fretless Bass _ 1
50.45,0.5899999999999963,50,110,Fretless E Bass,9840,118,Fretless Bass _ 1
51.65,0.5900000000000034,38,110,Fretless E Bass,10080,118,Fretless Bass _ 1
52.85,0.5899999999999963,53,110,Fretless E Bass,10320,118,Fretless Bass _ 1
53.45,0.5899999999999963,50,110,Fretless E Bass,10440,118,Fretless Bass _ 1
54.050000000000004,1.1899999999999977,38,110,Fretless E Bass,10560,238,Fretless Bass _ 1
55.25,1.1899999999999977,41,110,Fretless E Bass,10800,238,Fretless Bass _ 1
56.45,1.1899999999999977,36,110,Fretless E Bass,11040,238,Fretless Bass _ 1
57.65,1.1900000000000048,34,110,Fretless E Bass,11280,238,Fretless Bass _ 1
58.85,0.39000000000000057,38,110,Fretless E Bass,11520,78,Fretless Bass _ 1
59.25,0.39000000000000057,39,110,Fretless E Bass,11600,78,Fretless Bass _ 1
59.65,0.39000000000000057,40,110,Fretless E Bass,11680,78,Fretless Bass _ 1
60.050000000000004,0.2749999999999986,28,110,Fretless E Bass,11760,55,Fretless Bass _ 1
60.35,0.2749999999999986,40,110,Fretless E Bass,11820,55,Fretless Bass _ 1
60.65,0.2750000000000057,40,110,Fretless E Bass,11880,55,Fretless Bass _ 1
60.95,0.2749999999999986,40,110,Fretless E Bass,11940,55,Fretless Bass _ 1
61.25,0.2749999999999986,40,110,Fretless E Bass,12000,55,Fretless Bass _ 1
61.550000000000004,0.2749999999999986,40,110,Fretless E Bass,12060,55,Fretless Bass _ 1
61.85,0.2749999999999986,40,110,Fretless E Bass,12120,55,Fretless Bass _ 1
62.150000000000006,0.2750000000000057,40,110,Fretless E Bass,12180,55,Fretless Bass _ 1
62.45,0.2749999999999915,40,110,Fretless E Bass,12240,55,Fretless Bass _ 1
62.75,0.2750000000000057,43,110,Fretless E Bass,12300,55,Fretless Bass _ 1
63.05000000000001,0.2749999999999915,42,110,Fretless E Bass,12360,55,Fretless Bass _ 1
63.349999999999994,0.2750000000000057,41,110,Fretless E Bass,12420,55,Fretless Bass _ 1
63.650000000000006,0.2750000000000057,40,110,Fretless E Bass,12480,55,Fretless Bass _ 1
63.95,0.14000000000000057,47,110,Fretless E Bass,12540,28,Fretless Bass _ 1
64.1,0.2750000000000057,52,110,Fretless E Bass,12570,55,Fretless Bass _ 1
64.4,0.13999999999998636,50,110,Fretless E Bass,12630,28,Fretless Bass _ 1
64.55000000000001,0.2749999999999915,47,110,Fretless E Bass,12660,55,Fretless Bass _ 1
64.85,0.2750000000000057,40,110,Fretless E Bass,12720,55,Fretless Bass _ 1
65.15,0.2750000000000057,40,110,Fretless E Bass,12780,55,Fretless Bass _ 1
65.45,0.2749999999999915,40,110,Fretless E Bass,12840,55,Fretless Bass _ 1
65.75,0.2750000000000057,40,110,Fretless E Bass,12900,55,Fretless Bass _ 1
66.05000000000001,0.2749999999999915,40,110,Fretless E Bass,12960,55,Fretless Bass _ 1
66.35,0.2750000000000057,40,110,Fretless E Bass,13020,55,Fretless Bass _ 1
66.65,0.2750000000000057,40,110,Fretless E Bass,13080,55,Fretless Bass _ 1
66.95,0.2749999999999915,40,110,Fretless E Bass,13140,55,Fretless Bass _ 1
67.25,0.2750000000000057,40,110,Fretless E Bass,13200,55,Fretless Bass _ 1
67.55000000000001,0.2749999999999915,43,110,Fretless E Bass,13260,55,Fretless Bass _ 1
67.85,0.2750000000000057,42,110,Fretless E Bass,13320,55,Fretless Bass _ 1
68.15,0.2750000000000057,41,110,Fretless E Bass,13380,55,Fretless Bass _ 1
68.45,0.2749999999999915,40,110,Fretless E Bass,13440,55,Fretless Bass _ 1
68.75,0.14000000000000057,47,110,Fretless E Bass,13500,28,Fretless Bass _ 1
68.9,0.2750000000000057,52,110,Fretless E Bass,13530,55,Fretless Bass _ 1
69.2,0.14000000000000057,50,110,Fretless E Bass,13590,28,Fretless Bass _ 1
69.35,0.2750000000000057,47,110,Fretless E Bass,13620,55,Fretless Bass _ 1
69.65,0.2750000000000057,40,110,Fretless E Bass,13680,55,Fretless Bass _ 1
69.95,0.2749999999999915,40,110,Fretless E Bass,13740,55,Fretless Bass _ 1
70.25,0.2750000000000057,40,110,Fretless E Bass,13800,55,Fretless Bass _ 1
70.55000000000001,0.2749999999999915,40,110,Fretless E Bass,13860,55,Fretless Bass _ 1
70.85,0.2750000000000057,40,110,Fretless E Bass,13920,55,Fretless Bass _ 1
71.15,0.2750000000000057,40,110,Fretless E Bass,13980,55,Fretless Bass _ 1
71.45,0.2749999999999915,40,110,Fretless E Bass,14040,55,Fretless Bass _ 1
71.75,0.2750000000000057,40,110,Fretless E Bass,14100,55,Fretless Bass _ 1
72.05000000000001,0.03999999999999204,41,110,Fretless E Bass,14160,8,Fretless Bass _ 1
72.1,0.04000000000000625,43,110,Fretless E Bass,14170,8,Fretless Bass _ 1
72.15,0.03999999999999204,45,110,Fretless E Bass,14180,8,Fretless Bass _ 1
72.2,0.04000000000000625,47,110,Fretless E Bass,14190,8,Fretless Bass _ 1
72.25,0.03999999999999204,48,110,Fretless E Bass,14200,8,Fretless Bass _ 1
72.30000000000001,0.03999999999999204,50,110,Fretless E Bass,14210,8,Fretless Bass _ 1
72.35,1.1899999999999977,52,110,Fretless E Bass,14220,238,Fretless Bass _ 1
73.55000000000001,0.03999999999999204,50,110,Fretless E Bass,14460,8,Fretless Bass _ 1
73.6,0.04000000000000625,48,110,Fretless E Bass,14470,8,Fretless Bass _ 1
73.65,0.03999999999999204,47,110,Fretless E Bass,14480,8,Fretless Bass _ 1
73.7,0.04000000000000625,45,110,Fretless E Bass,14490,8,Fretless Bass _ 1
73.75,0.03999999999999204,43,110,Fretless E Bass,14500,8,Fretless Bass _ 1
73.80000000000001,0.03999999999999204,41,110,Fretless E Bass,14510,8,Fretless Bass _ 1
74.45,1.7900000000000063,45,110,Fretless E Bass,14640,358,Fretless Bass _ 1
76.25,0.14000000000000057,38,110,Fretless E Bass,15000,28,Fretless Bass _ 1
76.4,0.13999999999998636,40,110,Fretless E Bass,15030,28,Fretless Bass _ 1
76.55000000000001,0.2749999999999915,38,110,Fretless E Bass,15060,55,Fretless Bass _ 1
76.85,1.6400000000000006,33,110,Fretless E Bass,15120,328,Fretless Bass _ 1
78.5,0.04000000000000625,35,110,Fretless E Bass,15450,8,Fretless Bass _ 1
78.55,0.04000000000000625,36,110,Fretless E Bass,15460,8,Fretless Bass _ 1
78.6,0.04000000000000625,38,110,Fretless E Bass,15470,8,Fretless Bass _ 1
78.65,0.2749999999999915,40,110,Fretless E Bass,15480,55,Fretless Bass _ 1
79.25,1.7900000000000063,45,110,Fretless E Bass,15600,358,Fretless Bass _ 1
81.05,0.14000000000000057,38,110,Fretless E Bass,15960,28,Fretless Bass _ 1
81.2,0.14000000000000057,40,110,Fretless E Bass,15990,28,Fretless Bass _ 1
81.35,0.19000000000001194,38,110,Fretless E Bass,16020,38,Fretless Bass _ 1
81.55,0.04000000000000625,36,110,Fretless E Bass,16060,8,Fretless Bass _ 1
81.60000000000001,0.03999999999999204,35,110,Fretless E Bass,16070,8,Fretless Bass _ 1
81.65,0.5899999999999892,33,110,Fretless E Bass,16080,118,Fretless Bass _ 1
82.25,1.1899999999999977,48,110,Fretless E Bass,16200,238,Fretless Bass _ 1
83.45,0.5900000000000034,45,110,Fretless E Bass,16440,118,Fretless Bass _ 1
84.05,1.6400000000000006,33,110,Fretless E Bass,16560,328,Fretless Bass _ 1
85.7,0.03999999999999204,35,110,Fretless E Bass,16890,8,Fretless Bass _ 1
85.75,0.04000000000000625,36,110,Fretless E Bass,16900,8,Fretless Bass _ 1
85.8,0.04000000000000625,38,110,Fretless E Bass,16910,8,Fretless Bass _ 1
85.85000000000001,0.2749999999999915,40,110,Fretless E Bass,16920,55,Fretless Bass _ 1
86.45,0.2750000000000057,45,110,Fretless E Bass,17040,55,Fretless Bass _ 1
86.75,0.2750000000000057,45,110,Fretless E Bass,17100,55,Fretless Bass _ 1
87.05,0.2750000000000057,45,110,Fretless E Bass,17160,55,Fretless Bass _ 1
88.25,0.04000000000000625,33,110,Fretless E Bass,17400,8,Fretless Bass _ 1
88.3,0.04000000000000625,36,110,Fretless E Bass,17410,8,Fretless Bass _ 1
88.35000000000001,0.03999999999999204,38,110,Fretless E Bass,17420,8,Fretless Bass _ 1
88.4,0.2749999999999915,40,110,Fretless E Bass,17430,55,Fretless Bass _ 1
88.7,0.03999999999999204,38,110,Fretless E Bass,17490,8,Fretless Bass _ 1
88.75,0.04000000000000625,36,110,Fretless E Bass,17500,8,Fretless Bass _ 1
88.8,0.04000000000000625,33,110,Fretless E Bass,17510,8,Fretless Bass _ 1
88.85000000000001,0.5899999999999892,33,110,Fretless E Bass,17520,118,Fretless Bass _ 1
90.05,0.5900000000000034,36,110,Fretless E Bass,17760,118,Fretless Bass _ 1
91.25,0.5900000000000034,38,110,Fretless E Bass,18000,118,Fretless Bass _ 1
92.45,0.5900000000000034,41,110,Fretless E Bass,18240,118,Fretless Bass _ 1
93.65,0.39000000000000057,43,110,Fretless E Bass,18480,78,Fretless Bass _ 1
94.25,0.5900000000000034,44,110,Fretless E Bass,18600,118,Fretless Bass _ 1
94.85000000000001,0.8899999999999864,45,110,Fretless E Bass,18720,178,Fretless Bass _ 1
95.75,0.2750000000000057,40,110,Fretless E Bass,18900,55,Fretless Bass _ 1
96.05,1.1899999999999977,33,110,Fretless E Bass,18960,238,Fretless Bass _ 1
97.25,0.2750000000000057,33,110,Fretless E Bass,19200,55,Fretless Bass _ 1
97.55,0.2750000000000057,33,110,Fretless E Bass,19260,55,Fretless Bass _ 1
97.85000000000001,0.2749999999999915,33,110,Fretless E Bass,19320,55,Fretless Bass _ 1
98.15,0.8900000000000006,37,110,Fretless E Bass,19380,178,Fretless Bass _ 1
99.05,0.5900000000000034,38,110,Fretless E Bass,19560,118,Fretless Bass _ 1
99.65,0.5899999999999892,41,110,Fretless E Bass,19680,118,Fretless Bass _ 1
100.85000000000001,0.5899999999999892,50,110,Fretless E Bass,19920,118,Fretless Bass _ 1
102.05,0.2750000000000057,38,110,Fretless E Bass,20160,55,Fretless Bass _ 1
102.35000000000001,0.2749999999999915,38,110,Fretless E Bass,20220,55,Fretless Bass _ 1
102.65,0.2749999999999915,38,110,Fretless E Bass,20280,55,Fretless Bass _ 1
103.55,0.2750000000000057,54,110,Fretless E Bass,20460,55,Fretless Bass _ 1
103.85000000000001,0.2749999999999915,53,110,Fretless E Bass,20520,55,Fretless Bass _ 1
104.15,0.2749999999999915,50,110,Fretless E Bass,20580,55,Fretless Bass _ 1
104.45,0.5900000000000034,38,110,Fretless E Bass,20640,118,Fretless Bass _ 1
105.65,0.2749999999999915,50,110,Fretless E Bass,20880,55,Fretless Bass _ 1
105.95,0.2750000000000057,50,110,Fretless E Bass,20940,55,Fretless Bass _ 1
106.25,0.2750000000000057,50,110,Fretless E Bass,21000,55,Fretless Bass _ 1
106.85000000000001,0.5899999999999892,38,110,Fretless E Bass,21120,118,Fretless Bass _ 1
107.45,0.2750000000000057,57,110,Fretless E Bass,21240,55,Fretless Bass _ 1
107.75,0.2750000000000057,55,110,Fretless E Bass,21300,55,Fretless Bass _ 1
108.05,0.2750000000000057,53,110,Fretless E Bass,21360,55,Fretless Bass _ 1
108.35000000000001,0.5899999999999892,50,110,Fretless E Bass,21420,118,Fretless Bass _ 1
108.95,0.06499999999999773,48,110,Fretless E Bass,21540,13,Fretless Bass _ 1
109.025,0.06499999999999773,45,110,Fretless E Bass,21555,13,Fretless Bass _ 1
109.10000000000001,0.06499999999999773,41,110,Fretless E Bass,21570,13,Fretless Bass _ 1
109.175,0.06500000000001194,40,110,Fretless E Bass,21585,13,Fretless Bass _ 1
109.25,0.5900000000000034,38,110,Fretless E Bass,21600,118,Fretless Bass _ 1
110.45,0.5900000000000034,50,110,Fretless E Bass,21840,118,Fretless Bass _ 1
111.65,0.5900000000000034,38,110,Fretless E Bass,22080,118,Fretless Bass _ 1
112.85000000000001,0.5899999999999892,53,110,Fretless E Bass,22320,118,Fretless Bass _ 1
113.45,0.5900000000000034,50,110,Fretless E Bass,22440,118,Fretless Bass _ 1
114.05,1.190000000000012,38,110,Fretless E Bass,22560,238,Fretless Bass _ 1
115.25,1.1899999999999977,41,110,Fretless E Bass,22800,238,Fretless Bass _ 1
116.45,1.1899999999999977,36,110,Fretless E Bass,23040,238,Fretless Bass _ 1
117.65,1.1899999999999977,34,110,Fretless E Bass,23280,238,Fretless Bass _ 1
118.85000000000001,0.39000000000000057,38,110,Fretless E Bass,23520,78,Fretless Bass _ 1
119.25,0.39000000000000057,39,110,Fretless E Bass,23600,78,Fretless Bass _ 1
119.65,0.39000000000000057,40,110,Fretless E Bass,23680,78,Fretless Bass _ 1
120.05,0.2750000000000057,28,110,Fretless E Bass,23760,55,Fretless Bass _ 1
120.35000000000001,0.2749999999999915,40,110,Fretless E Bass,23820,55,Fretless Bass _ 1
120.65,0.2749999999999915,40,110,Fretless E Bass,23880,55,Fretless Bass _ 1
120.95,0.2750000000000057,40,110,Fretless E Bass,23940,55,Fretless Bass _ 1
121.25,0.2750000000000057,40,110,Fretless E Bass,24000,55,Fretless Bass _ 1
121.55,0.2750000000000057,40,110,Fretless E Bass,24060,55,Fretless Bass _ 1
121.85000000000001,0.2749999999999915,40,110,Fretless E Bass,24120,55,Fretless Bass _ 1
122.15,0.2749999999999915,40,110,Fretless E Bass,24180,55,Fretless Bass _ 1
122.45,0.2750000000000057,40,110,Fretless E Bass,24240,55,Fretless Bass _ 1
122.75,0.2750000000000057,43,110,Fretless E Bass,24300,55,Fretless Bass _ 1
123.05,0.2750000000000057,42,110,Fretless E Bass,24360,55,Fretless Bass _ 1
123.35000000000001,0.2749999999999915,41,110,Fretless E Bass,24420,55,Fretless Bass _ 1
123.65,0.2749999999999915,40,110,Fretless E Bass,24480,55,Fretless Bass _ 1
123.95,0.14000000000000057,47,110,Fretless E Bass,24540,28,Fretless Bass _ 1
124.10000000000001,0.2749999999999915,52,110,Fretless E Bass,24570,55,Fretless Bass _ 1
124.4,0.14000000000000057,50,110,Fretless E Bass,24630,28,Fretless Bass _ 1
124.55,0.2750000000000057,47,110,Fretless E Bass,24660,55,Fretless Bass _ 1
124.85000000000001,0.2749999999999915,40,110,Fretless E Bass,24720,55,Fretless Bass _ 1
125.15,0.2749999999999915,40,110,Fretless E Bass,24780,55,Fretless Bass _ 1
125.45,0.2750000000000057,40,110,Fretless E Bass,24840,55,Fretless Bass _ 1
125.75,0.2750000000000057,40,110,Fretless E Bass,24900,55,Fretless Bass _ 1
126.05000000000001,0.27499999999997726,40,110,Fretless E Bass,24960,55,Fretless Bass _ 1
126.35000000000002,0.27499999999997726,40,110,Fretless E Bass,25020,55,Fretless Bass _ 1
126.65,0.2750000000000057,40,110,Fretless E Bass,25080,55,Fretless Bass _ 1
126.94999999999999,0.2750000000000341,40,110,Fretless E Bass,25140,55,Fretless Bass _ 1
127.25,0.2750000000000057,40,110,Fretless E Bass,25200,55,Fretless Bass _ 1
127.55000000000001,0.27499999999997726,43,110,Fretless E Bass,25260,55,Fretless Bass _ 1
127.85000000000002,0.27499999999997726,42,110,Fretless E Bass,25320,55,Fretless Bass _ 1
128.15,0.2750000000000057,41,110,Fretless E Bass,25380,55,Fretless Bass _ 1
128.45,0.2750000000000341,40,110,Fretless E Bass,25440,55,Fretless Bass _ 1
128.75,0.13999999999998636,47,110,Fretless E Bass,25500,28,Fretless Bass _ 1
128.9,0.2750000000000057,52,110,Fretless E Bass,25530,55,Fretless Bass _ 1
129.2,0.14000000000001478,50,110,Fretless E Bass,25590,28,Fretless Bass _ 1
129.35000000000002,0.27499999999997726,47,110,Fretless E Bass,25620,55,Fretless Bass _ 1
129.65,0.2750000000000057,40,110,Fretless E Bass,25680,55,Fretless Bass _ 1
129.95,0.2750000000000341,40,110,Fretless E Bass,25740,55,Fretless Bass _ 1
130.25,0.2750000000000057,40,110,Fretless E Bass,25800,55,Fretless Bass _ 1
130.55,0.27499999999997726,40,110,Fretless E Bass,25860,55,Fretless Bass _ 1
130.85000000000002,0.27499999999997726,40,110,Fretless E Bass,25920,55,Fretless Bass _ 1
131.15,0.2750000000000057,40,110,Fretless E Bass,25980,55,Fretless Bass _ 1
131.45,0.2750000000000341,40,110,Fretless E Bass,26040,55,Fretless Bass _ 1
131.75,0.2750000000000057,40,110,Fretless E Bass,26100,55,Fretless Bass _ 1
132.05,0.03999999999999204,41,110,Fretless E Bass,26160,8,Fretless Bass _ 1
132.10000000000002,0.03999999999996362,43,110,Fretless E Bass,26170,8,Fretless Bass _ 1
132.15,0.03999999999999204,45,110,Fretless E Bass,26180,8,Fretless Bass _ 1
132.2,0.040000000000020464,47,110,Fretless E Bass,26190,8,Fretless Bass _ 1
132.25,0.040000000000020464,48,110,Fretless E Bass,26200,8,Fretless Bass _ 1
132.3,0.03999999999999204,50,110,Fretless E Bass,26210,8,Fretless Bass _ 1
132.35000000000002,1.1899999999999977,52,110,Fretless E Bass,26220,238,Fretless Bass _ 1
133.55,0.03999999999999204,50,110,Fretless E Bass,26460,8,Fretless Bass _ 1
133.60000000000002,0.03999999999996362,48,110,Fretless E Bass,26470,8,Fretless Bass _ 1
133.65,0.03999999999999204,47,110,Fretless E Bass,26480,8,Fretless Bass _ 1
133.7,0.040000000000020464,45,110,Fretless E Bass,26490,8,Fretless Bass _ 1
133.75,0.040000000000020464,43,110,Fretless E Bass,26500,8,Fretless Bass _ 1
133.8,0.03999999999999204,41,110,Fretless E Bass,26510,8,Fretless Bass _ 1
134.45,1.1125000000000114,38,110,Fretless E Bass,26640,178,Fretless Bass _ 1
135.575,1.1125000000000114,40,110,Fretless E Bass,26820,178,Fretless Bass _ 1
136.7,1.1125000000000114,41,110,Fretless E Bass,27000,178,Fretless Bass _ 1
137.825,0.7375000000000114,43,110,Fretless E Bass,27180,118,Fretless Bass _ 1
138.575,0.34375,45,110,Fretless E Bass,27300,55,Fretless Bass _ 1
138.95,0.7375000000000114,40,110,Fretless E Bass,27360,118,Fretless Bass _ 1
139.7,0.05000000000001137,53,110,Fretless E Bass,27480,8,Fretless Bass _ 1
139.825,0.05000000000001137,53,110,Fretless E Bass,27500,8,Fretless Bass _ 1
139.95,0.05000000000001137,53,110,Fretless E Bass,27520,8,Fretless Bass _ 1
140.0125,0.05000000000001137,48,110,Fretless E Bass,27530,8,Fretless Bass _ 1
140.075,0.08125000000001137,45,110,Fretless E Bass,27540,13,Fretless Bass _ 1
140.16875,0.08125000000001137,43,110,Fretless E Bass,27555,13,Fretless Bass _ 1
140.2625,0.08125000000001137,41,110,Fretless E Bass,27570,13,Fretless Bass _ 1
140.35625,0.08125000000001137,40,110,Fretless E Bass,27585,13,Fretless Bass _ 1
140.45,0.34375,36,110,Fretless E Bass,27600,55,Fretless Bass _ 1
140.825,0.34375,35,110,Fretless E Bass,27660,55,Fretless Bass _ 1
141.2,1.1125000000000114,34,110,Fretless E Bass,27720,178,Fretless Bass _ 1
142.7,0.34375,36,110,Fretless E Bass,27960,55,Fretless Bass _ 1
143.075,0.34375,38,110,Fretless E Bass,28020,55,Fretless Bass _ 1
143.45,1.1125000000000114,33,110,Fretless E Bass,28080,178,Fretless Bass _ 1
144.575,0.34375,45,110,Fretless E Bass,28260,55,Fretless Bass _ 1
144.95,0.34375,37,110,Fretless E Bass,28320,55,Fretless Bass _ 1
145.325,0.34375,40,110,Fretless E Bass,28380,55,Fretless Bass _ 1
145.7,1.1125000000000114,38,110,Fretless E Bass,28440,178,Fretless Bass _ 1
146.825,1.1125000000000114,40,110,Fretless E Bass,28620,178,Fretless Bass _ 1
147.95,1.1125000000000114,41,110,Fretless E Bass,28800,178,Fretless Bass _ 1
149.075,0.7375000000000114,43,110,Fretless E Bass,28980,118,Fretless Bass _ 1
149.825,0.34375,45,110,Fretless E Bass,29100,55,Fretless Bass _ 1
150.2,0.7375000000000114,40,110,Fretless E Bass,29160,118,Fretless Bass _ 1
150.95,0.05000000000001137,53,110,Fretless E Bass,29280,8,Fretless Bass _ 1
151.075,0.05000000000001137,53,110,Fretless E Bass,29300,8,Fretless Bass _ 1
151.2,0.05000000000001137,53,110,Fretless E Bass,29320,8,Fretless Bass _ 1
151.2625,0.05000000000001137,48,110,Fretless E Bass,29330,8,Fretless Bass _ 1
151.325,0.08125000000001137,45,110,Fretless E Bass,29340,13,Fretless Bass _ 1
151.41875,0.08125000000001137,43,110,Fretless E Bass,29355,13,Fretless Bass _ 1
151.5125,0.08125000000001137,41,110,Fretless E Bass,29370,13,Fretless Bass _ 1
151.60625,0.08125000000001137,40,110,Fretless E Bass,29385,13,Fretless Bass _ 1
151.7,0.34375,36,110,Fretless E Bass,29400,55,Fretless Bass _ 1
152.075,0.34375,35,110,Fretless E Bass,29460,55,Fretless Bass _ 1
152.45,1.1125000000000114,34,110,Fretless E Bass,29520,178,Fretless Bass _ 1
153.95,0.34375,36,110,Fretless E Bass,29760,55,Fretless Bass _ 1
154.325,0.34375,38,110,Fretless E Bass,29820,55,Fretless Bass _ 1
154.7,0.34375,33,110,Fretless E Bass,29880,55,Fretless Bass _ 1
155.075,0.34375,37,110,Fretless E Bass,29940,55,Fretless Bass _ 1
155.45,0.34375,40,110,Fretless E Bass,30000,55,Fretless Bass _ 1
155.825,3.414999999999992,45,110,Fretless E Bass,30060,358,Fretless Bass _ 1
160.14999999999998,0.8900000000000148,33,110,Fretless E Bass,30600,178,Fretless Bass _ 1
161.04999999999998,0.14000000000001478,38,110,Fretless E Bass,30780,28,Fretless Bass _ 1
161.2,0.13999999999998636,40,110,Fretless E Bass,30810,28,Fretless Bass _ 1
161.35,0.5900000000000034,43,110,Fretless E Bass,30840,118,Fretless Bass _ 1
161.95,0.2750000000000057,43,110,Fretless E Bass,30960,55,Fretless Bass _ 1
162.25,0.27499999999997726,45,110,Fretless E Bass,31020,55,Fretless Bass _ 1
162.54999999999998,0.8900000000000148,33,110,Fretless E Bass,31080,178,Fretless Bass _ 1
163.45,0.13999999999998636,38,110,Fretless E Bass,31260,28,Fretless Bass _ 1
163.6,0.13999999999998636,40,110,Fretless E Bass,31290,28,Fretless Bass _ 1
163.75,0.27499999999997726,43,110,Fretless E Bass,31320,55,Fretless Bass _ 1
164.04999999999998,0.2750000000000057,43,110,Fretless E Bass,31380,55,Fretless Bass _ 1
164.35,0.2750000000000057,43,110,Fretless E Bass,31440,55,Fretless Bass _ 1
164.64999999999998,0.2750000000000057,45,110,Fretless E Bass,31500,55,Fretless Bass _ 1
164.95,0.8899999999999864,33,110,Fretless E Bass,31560,178,Fretless Bass _ 1
165.85,0.8899999999999864,40,110,Fretless E Bass,31740,178,Fretless Bass _ 1
166.75,0.589999999999975,40,110,Fretless E Bass,31920,118,Fretless Bass _ 1
167.35,0.8899999999999864,33,110,Fretless E Bass,32040,178,Fretless Bass _ 1
168.25,0.13999999999998636,38,110,Fretless E Bass,32220,28,Fretless Bass _ 1
168.39999999999998,0.14000000000001478,40,110,Fretless E Bass,32250,28,Fretless Bass _ 1
168.54999999999998,0.2750000000000057,43,110,Fretless E Bass,32280,55,Fretless Bass _ 1
168.85,0.2750000000000057,43,110,Fretless E Bass,32340,55,Fretless Bass _ 1
169.14999999999998,0.2750000000000057,43,110,Fretless E Bass,32400,55,Fretless Bass _ 1
169.45,0.2750000000000057,45,110,Fretless E Bass,32460,55,Fretless Bass _ 1
169.75,0.8899999999999864,33,110,Fretless E Bass,32520,178,Fretless Bass _ 1
170.64999999999998,0.8900000000000148,40,110,Fretless E Bass,32700,178,Fretless Bass _ 1
171.54999999999998,0.5900000000000034,40,110,Fretless E Bass,32880,118,Fretless Bass _ 1
172.14999999999998,0.8900000000000148,33,110,Fretless E Bass,33000,178,Fretless Bass _ 1
173.04999999999998,0.14000000000001478,38,110,Fretless E Bass,33180,28,Fretless Bass _ 1
173.2,0.13999999999998636,40,110,Fretless E Bass,33210,28,Fretless Bass _ 1
173.35,0.2750000000000057,43,110,Fretless E Bass,33240,55,Fretless Bass _ 1
173.64999999999998,0.2750000000000057,43,110,Fretless E Bass,33300,55,Fretless Bass _ 1
173.95,0.2750000000000057,43,110,Fretless E Bass,33360,55,Fretless Bass _ 1
174.25,0.27499999999997726,45,110,Fretless E Bass,33420,55,Fretless Bass _ 1
174.54999999999998,0.8900000000000148,33,110,Fretless E Bass,33480,178,Fretless Bass _ 1
175.45,0.2750000000000057,33,110,Fretless E Bass,33660,55,Fretless Bass _ 1
175.75,0.8899999999999864,36,110,Fretless E Bass,33720,178,Fretless Bass _ 1
176.64999999999998,0.2750000000000057,36,110,Fretless E Bass,33900,55,Fretless Bass _ 1
176.95,0.8899999999999864,38,110,Fretless E Bass,33960,178,Fretless Bass _ 1
177.85,0.2750000000000057,38,110,Fretless E Bass,34140,55,Fretless Bass _ 1
178.14999999999998,0.8900000000000148,41,110,Fretless E Bass,34200,178,Fretless Bass _ 1
179.04999999999998,0.2750000000000057,41,110,Fretless E Bass,34380,55,Fretless Bass _ 1
179.35,0.4399999999999977,40,110,Fretless E Bass,34440,88,Fretless Bass _ 1
179.79999999999998,0.06499999999999773,38,110,Fretless E Bass,34530,13,Fretless Bass _ 1
179.875,0.06499999999999773,35,110,Fretless E Bass,34545,13,Fretless Bass _ 1
179.95,0.4399999999999977,36,110,Fretless E Bass,34560,88,Fretless Bass _ 1
180.39999999999998,0.06499999999999773,35,110,Fretless E Bass,34650,13,Fretless Bass _ 1
180.475,0.06499999999999773,31,110,Fretless E Bass,34665,13,Fretless Bass _ 1
180.54999999999998,0.5900000000000034,33,110,Fretless E Bass,34680,118,Fretless Bass _ 1
181.14999999999998,0.2750000000000057,45,110,Fretless E Bass,34800,55,Fretless Bass _ 1
181.45,0.2750000000000057,45,110,Fretless E Bass,34860,55,Fretless Bass _ 1
181.75,0.27499999999997726,45,110,Fretless E Bass,34920,55,Fretless Bass _ 1
182.04999999999998,0.2750000000000057,45,110,Fretless E Bass,34980,55,Fretless Bass _ 1
182.35,0.2750000000000057,45,110,Fretless E Bass,35040,55,Fretless Bass _ 1
182.64999999999998,0.2750000000000057,45,110,Fretless E Bass,35100,55,Fretless Bass _ 1
182.95,0.2750000000000057,45,110,Fretless E Bass,35160,55,Fretless Bass _ 1
183.25,0.27499999999997726,45,110,Fretless E Bass,35220,55,Fretless Bass _ 1
183.54999999999998,0.14000000000001478,45,110,Fretless E Bass,35280,28,Fretless Bass _ 1
183.7,0.06499999999999773,41,110,Fretless E Bass,35310,13,Fretless Bass _ 1
183.77499999999998,0.06499999999999773,38,110,Fretless E Bass,35325,13,Fretless Bass _ 1
183.85,0.06499999999999773,35,110,Fretless E Bass,35340,13,Fretless Bass _ 1
183.92499999999998,0.2150000000000034,33,110,Fretless E Bass,35355,43,Fretless Bass _ 1
184.14999999999998,0.2750000000000057,33,110,Fretless E Bass,35400,55,Fretless Bass _ 1
184.45,0.2750000000000057,33,110,Fretless E Bass,35460,55,Fretless Bass _ 1
184.75,0.27499999999997726,36,110,Fretless E Bass,35520,55,Fretless Bass _ 1
185.04999999999998,0.2750000000000057,36,110,Fretless E Bass,35580,55,Fretless Bass _ 1
185.35,0.8899999999999864,38,110,Fretless E Bass,35640,178,Fretless Bass _ 1
186.25,0.27499999999997726,45,110,Fretless E Bass,35820,55,Fretless Bass _ 1
186.54999999999998,0.2750000000000057,50,110,Fretless E Bass,35880,55,Fretless Bass _ 1
186.85,0.2750000000000057,50,110,Fretless E Bass,35940,55,Fretless Bass _ 1
187.14999999999998,0.2750000000000057,50,110,Fretless E Bass,36000,55,Fretless Bass _ 1
187.45,0.13999999999998636,43,110,Fretless E Bass,36060,28,Fretless Bass _ 1
187.6,0.13999999999998636,45,110,Fretless E Bass,36090,28,Fretless Bass _ 1
187.75,0.8899999999999864,38,110,Fretless E Bass,36120,178,Fretless Bass _ 1
188.64999999999998,0.2750000000000057,45,110,Fretless E Bass,36300,55,Fretless Bass _ 1
188.95,0.2750000000000057,50,110,Fretless E Bass,36360,55,Fretless Bass _ 1
189.25,0.27499999999997726,50,110,Fretless E Bass,36420,55,Fretless Bass _ 1
189.54999999999998,0.2750000000000057,48,110,Fretless E Bass,36480,55,Fretless Bass _ 1
189.85,0.2750000000000057,45,110,Fretless E Bass,36540,55,Fretless Bass _ 1
190.14999999999998,0.8900000000000148,38,110,Fretless E Bass,36600,178,Fretless Bass _ 1
191.04999999999998,0.14000000000001478,43,110,Fretless E Bass,36780,28,Fretless Bass _ 1
191.2,0.13999999999998636,45,110,Fretless E Bass,36810,28,Fretless Bass _ 1
191.35,0.2750000000000057,50,110,Fretless E Bass,36840,55,Fretless Bass _ 1
191.64999999999998,0.2750000000000057,50,110,Fretless E Bass,36900,55,Fretless Bass _ 1
191.95,0.2750000000000057,50,110,Fretless E Bass,36960,55,Fretless Bass _ 1
192.25,0.27499999999997726,45,110,Fretless E Bass,37020,55,Fretless Bass _ 1
192.54999999999998,0.8900000000000148,38,110,Fretless E Bass,37080,178,Fretless Bass _ 1
193.45,0.06499999999999773,53,110,Fretless E Bass,37260,13,Fretless Bass _ 1
193.52499999999998,0.2150000000000034,54,110,Fretless E Bass,37275,43,Fretless Bass _ 1
194.04999999999998,0.06499999999999773,53,110,Fretless E Bass,37380,13,Fretless Bass _ 1
194.125,0.214999999999975,54,110,Fretless E Bass,37395,43,Fretless Bass _ 1
194.35,0.5900000000000034,50,110,Fretless E Bass,37440,118,Fretless Bass _ 1
194.95,0.8899999999999864,38,110,Fretless E Bass,37560,178,Fretless Bass _ 1
195.85,0.2750000000000057,38,110,Fretless E Bass,37740,55,Fretless Bass _ 1
196.14999999999998,0.2750000000000057,50,110,Fretless E Bass,37800,55,Fretless Bass _ 1
196.45,0.2750000000000057,50,110,Fretless E Bass,37860,55,Fretless Bass _ 1
196.75,0.27499999999997726,50,110,Fretless E Bass,37920,55,Fretless Bass _ 1
197.04999999999998,0.14000000000001478,43,110,Fretless E Bass,37980,28,Fretless Bass _ 1
197.2,0.13999999999998636,45,110,Fretless E Bass,38010,28,Fretless Bass _ 1
197.35,0.2750000000000057,38,110,Fretless E Bass,38040,55,Fretless Bass _ 1
197.64999999999998,0.2750000000000057,38,110,Fretless E Bass,38100,55,Fretless Bass _ 1
198.54999999999998,0.14000000000001478,44,110,Fretless E Bass,38280,28,Fretless Bass _ 1
198.7,0.13999999999998636,45,110,Fretless E Bass,38310,28,Fretless Bass _ 1
198.85,0.2750000000000057,50,110,Fretless E Bass,38340,55,Fretless Bass _ 1
199.14999999999998,0.5900000000000034,50,110,Fretless E Bass,38400,118,Fretless Bass _ 1
199.75,0.8899999999999864,38,110,Fretless E Bass,38520,178,Fretless Bass _ 1
200.64999999999998,0.2750000000000057,38,110,Fretless E Bass,38700,55,Fretless Bass _ 1
200.95,0.8899999999999864,41,110,Fretless E Bass,38760,178,Fretless Bass _ 1
201.85,0.2750000000000057,41,110,Fretless E Bass,38940,55,Fretless Bass _ 1
202.14999999999998,0.8900000000000148,36,110,Fretless E Bass,39000,178,Fretless Bass _ 1
203.04999999999998,0.2750000000000057,36,110,Fretless E Bass,39180,55,Fretless Bass _ 1
203.35,0.8899999999999864,34,110,Fretless E Bass,39240,178,Fretless Bass _ 1
204.25,0.08999999999997499,35,110,Fretless E Bass,39420,18,Fretless Bass _ 1
204.35,0.09000000000000341,36,110,Fretless E Bass,39440,18,Fretless Bass _ 1
204.45,0.09000000000000341,37,110,Fretless E Bass,39460,18,Fretless Bass _ 1
204.54999999999998,0.3900000000000148,38,110,Fretless E Bass,39480,78,Fretless Bass _ 1
204.95,0.38999999999998636,39,110,Fretless E Bass,39560,78,Fretless Bass _ 1
205.35,0.38999999999998636,40,110,Fretless E Bass,39640,78,Fretless Bass _ 1
205.75,0.27499999999997726,28,110,Fretless E Bass,39720,55,Fretless Bass _ 1
206.04999999999998,0.2750000000000057,28,110,Fretless E Bass,39780,55,Fretless Bass _ 1
206.35,0.2750000000000057,28,110,Fretless E Bass,39840,55,Fretless Bass _ 1
206.64999999999998,0.2750000000000057,40,110,Fretless E Bass,39900,55,Fretless Bass _ 1
206.95,0.2750000000000057,40,110,Fretless E Bass,39960,55,Fretless Bass _ 1
207.25,0.27499999999997726,40,110,Fretless E Bass,40020,55,Fretless Bass _ 1
207.54999999999998,0.2750000000000057,40,110,Fretless E Bass,40080,55,Fretless Bass _ 1
207.85,0.2750000000000057,40,110,Fretless E Bass,40140,55,Fretless Bass _ 1
208.14999999999998,0.2750000000000057,40,110,Fretless E Bass,40200,55,Fretless Bass _ 1
208.45,0.2750000000000057,43,110,Fretless E Bass,40260,55,Fretless Bass _ 1
208.75,0.27499999999997726,42,110,Fretless E Bass,40320,55,Fretless Bass _ 1
209.04999999999998,0.2750000000000057,41,110,Fretless E Bass,40380,55,Fretless Bass _ 1
209.35,0.2750000000000057,40,110,Fretless E Bass,40440,55,Fretless Bass _ 1
209.64999999999998,0.14000000000001478,47,110,Fretless E Bass,40500,28,Fretless Bass _ 1
209.79999999999998,0.2750000000000057,52,110,Fretless E Bass,40530,55,Fretless Bass _ 1
210.1,0.13999999999998636,50,110,Fretless E Bass,40590,28,Fretless Bass _ 1
210.25,0.27499999999997726,47,110,Fretless E Bass,40620,55,Fretless Bass _ 1
210.54999999999998,0.2750000000000057,40,110,Fretless E Bass,40680,55,Fretless Bass _ 1
210.85,0.2750000000000057,40,110,Fretless E Bass,40740,55,Fretless Bass _ 1
211.14999999999998,0.2750000000000057,40,110,Fretless E Bass,40800,55,Fretless Bass _ 1
211.45,0.2750000000000057,40,110,Fretless E Bass,40860,55,Fretless Bass _ 1
211.75,0.27499999999997726,40,110,Fretless E Bass,40920,55,Fretless Bass _ 1
212.04999999999998,0.2750000000000057,40,110,Fretless E Bass,40980,55,Fretless Bass _ 1
212.35,0.2750000000000057,40,110,Fretless E Bass,41040,55,Fretless Bass _ 1
212.64999999999998,0.2750000000000057,40,110,Fretless E Bass,41100,55,Fretless Bass _ 1
212.95,0.2750000000000057,40,110,Fretless E Bass,41160,55,Fretless Bass _ 1
213.25,0.27499999999997726,43,110,Fretless E Bass,41220,55,Fretless Bass _ 1
213.54999999999998,0.2750000000000057,42,110,Fretless E Bass,41280,55,Fretless Bass _ 1
213.85,0.2750000000000057,41,110,Fretless E Bass,41340,55,Fretless Bass _ 1
214.14999999999998,0.2750000000000057,40,110,Fretless E Bass,41400,55,Fretless Bass _ 1
214.45,0.13999999999998636,47,110,Fretless E Bass,41460,28,Fretless Bass _ 1
214.6,0.2750000000000057,52,110,Fretless E Bass,41490,55,Fretless Bass _ 1
214.89999999999998,0.14000000000001478,50,110,Fretless E Bass,41550,28,Fretless Bass _ 1
215.04999999999998,0.2750000000000057,47,110,Fretless E Bass,41580,55,Fretless Bass _ 1
215.35,0.5900000000000034,40,110,Fretless E Bass,41640,118,Fretless Bass _ 1
215.95,0.2750000000000057,28,110,Fretless E Bass,41760,55,Fretless Bass _ 1
215.95,0.2750000000000057,40,110,Fretless E Bass,41760,55,Fretless Bass _ 1
216.25,0.27499999999997726,28,110,Fretless E Bass,41820,55,Fretless Bass _ 1
216.25,0.27499999999997726,40,110,Fretless E Bass,41820,55,Fretless Bass _ 1
216.54999999999998,0.2750000000000057,28,110,Fretless E Bass,41880,55,Fretless Bass _ 1
216.54999999999998,0.2750000000000057,40,110,Fretless E Bass,41880,55,Fretless Bass _ 1
216.85,0.2750000000000057,28,110,Fretless E Bass,41940,55,Fretless Bass _ 1
216.85,0.2750000000000057,40,110,Fretless E Bass,41940,55,Fretless Bass _ 1
217.14999999999998,0.2750000000000057,40,110,Fretless E Bass,42000,55,Fretless Bass _ 1
217.14999999999998,0.2750000000000057,28,110,Fretless E Bass,42000,55,Fretless Bass _ 1
217.45,0.2750000000000057,40,110,Fretless E Bass,42060,55,Fretless Bass _ 1
217.45,0.2750000000000057,28,110,Fretless E Bass,42060,55,Fretless Bass _ 1
217.75,0.589999999999975,40,110,Fretless E Bass,42120,118,Fretless Bass _ 1
217.75,0.589999999999975,28,110,Fretless E Bass,42120,118,Fretless Bass _ 1
220.14999999999998,1.1125000000000114,38,110,Fretless E Bass,42600,178,Fretless Bass _ 1
221.27499999999998,1.1125000000000114,40,110,Fretless E Bass,42780,178,Fretless Bass _ 1
222.39999999999998,1.1125000000000114,41,110,Fretless E Bass,42960,178,Fretless Bass _ 1
223.52499999999998,0.7375000000000114,43,110,Fretless E Bass,43140,118,Fretless Bass _ 1
224.27499999999998,0.34375,45,110,Fretless E Bass,43260,55,Fretless Bass _ 1
224.64999999999998,0.7375000000000114,40,110,Fretless E Bass,43320,118,Fretless Bass _ 1
225.39999999999998,0.05000000000001137,53,110,Fretless E Bass,43440,8,Fretless Bass _ 1
225.52499999999998,0.05000000000001137,53,110,Fretless E Bass,43460,8,Fretless Bass _ 1
225.64999999999998,0.05000000000001137,53,110,Fretless E Bass,43480,8,Fretless Bass _ 1
225.71249999999998,0.05000000000001137,48,110,Fretless E Bass,43490,8,Fretless Bass _ 1
225.77499999999998,0.08125000000001137,45,110,Fretless E Bass,43500,13,Fretless Bass _ 1
225.86874999999998,0.08125000000001137,43,110,Fretless E Bass,43515,13,Fretless Bass _ 1
225.96249999999998,0.08125000000001137,41,110,Fretless E Bass,43530,13,Fretless Bass _ 1
226.05624999999998,0.08125000000001137,40,110,Fretless E Bass,43545,13,Fretless Bass _ 1
226.14999999999998,0.34375,36,110,Fretless E Bass,43560,55,Fretless Bass _ 1
226.52499999999998,0.34375,35,110,Fretless E Bass,43620,55,Fretless Bass _ 1
226.89999999999998,1.1125000000000114,34,110,Fretless E Bass,43680,178,Fretless Bass _ 1
228.39999999999998,0.34375,36,110,Fretless E Bass,43920,55,Fretless Bass _ 1
228.77499999999998,0.34375,38,110,Fretless E Bass,43980,55,Fretless Bass _ 1
229.14999999999998,1.1125000000000114,33,110,Fretless E Bass,44040,178,Fretless Bass _ 1
230.27499999999998,0.34375,45,110,Fretless E Bass,44220,55,Fretless Bass _ 1
230.64999999999998,0.34375,37,110,Fretless E Bass,44280,55,Fretless Bass _ 1
231.02499999999998,0.34375,40,110,Fretless E Bass,44340,55,Fretless Bass _ 1
231.39999999999998,1.1125000000000114,38,110,Fretless E Bass,44400,178,Fretless Bass _ 1
232.52499999999998,1.1125000000000114,40,110,Fretless E Bass,44580,178,Fretless Bass _ 1
233.64999999999998,1.1125000000000114,41,110,Fretless E Bass,44760,178,Fretless Bass _ 1
234.77499999999998,0.7375000000000114,43,110,Fretless E Bass,44940,118,Fretless Bass _ 1
235.52499999999998,0.34375,45,110,Fretless E Bass,45060,55,Fretless Bass _ 1
235.89999999999998,0.7375000000000114,40,110,Fretless E Bass,45120,118,Fretless Bass _ 1
236.64999999999998,0.05000000000001137,53,110,Fretless E Bass,45240,8,Fretless Bass _ 1
236.77499999999998,0.05000000000001137,53,110,Fretless E Bass,45260,8,Fretless Bass _ 1
236.89999999999998,0.05000000000001137,53,110,Fretless E Bass,45280,8,Fretless Bass _ 1
236.96249999999998,0.05000000000001137,48,110,Fretless E Bass,45290,8,Fretless Bass _ 1
237.02499999999998,0.08125000000001137,45,110,Fretless E Bass,45300,13,Fretless Bass _ 1
237.11874999999998,0.08125000000001137,43,110,Fretless E Bass,45315,13,Fretless Bass _ 1
237.21249999999998,0.08125000000001137,41,110,Fretless E Bass,45330,13,Fretless Bass _ 1
237.30624999999998,0.08125000000001137,40,110,Fretless E Bass,45345,13,Fretless Bass _ 1
237.39999999999998,0.34375,36,110,Fretless E Bass,45360,55,Fretless Bass _ 1
237.77499999999998,0.34375,35,110,Fretless E Bass,45420,55,Fretless Bass _ 1
238.14999999999998,1.1125000000000114,34,110,Fretless E Bass,45480,178,Fretless Bass _ 1
239.64999999999998,0.34375,36,110,Fretless E Bass,45720,55,Fretless Bass _ 1
240.02499999999998,0.34375,38,110,Fretless E Bass,45780,55,Fretless Bass _ 1
240.39999999999998,0.34375,33,110,Fretless E Bass,45840,55,Fretless Bass _ 1
240.77499999999998,0.34375,37,110,Fretless E Bass,45900,55,Fretless Bass _ 1
241.14999999999998,0.34375,40,110,Fretless E Bass,45960,55,Fretless Bass _ 1
241.52499999999998,3.414999999999992,45,110,Fretless E Bass,46020,358,Fretless Bass _ 1
245.84999999999997,0.8900000000000148,33,110,Fretless E Bass,46560,178,Fretless Bass _ 1
246.74999999999997,0.14000000000001478,38,110,Fretless E Bass,46740,28,Fretless Bass _ 1
246.89999999999998,0.13999999999998636,40,110,Fretless E Bass,46770,28,Fretless Bass _ 1
247.04999999999998,0.5900000000000034,43,110,Fretless E Bass,46800,118,Fretless Bass _ 1
247.64999999999998,0.2750000000000057,43,110,Fretless E Bass,46920,55,Fretless Bass _ 1
247.95,0.27499999999997726,45,110,Fretless E Bass,46980,55,Fretless Bass _ 1
248.24999999999997,0.8900000000000148,33,110,Fretless E Bass,47040,178,Fretless Bass _ 1
249.14999999999998,0.13999999999998636,38,110,Fretless E Bass,47220,28,Fretless Bass _ 1
249.29999999999998,0.13999999999998636,40,110,Fretless E Bass,47250,28,Fretless Bass _ 1
249.45,0.27499999999997726,43,110,Fretless E Bass,47280,55,Fretless Bass _ 1
249.74999999999997,0.2750000000000057,43,110,Fretless E Bass,47340,55,Fretless Bass _ 1
250.04999999999998,0.2750000000000057,43,110,Fretless E Bass,47400,55,Fretless Bass _ 1
250.34999999999997,0.2750000000000057,45,110,Fretless E Bass,47460,55,Fretless Bass _ 1
250.64999999999998,0.8899999999999864,33,110,Fretless E Bass,47520,178,Fretless Bass _ 1
251.54999999999998,0.8899999999999864,40,110,Fretless E Bass,47700,178,Fretless Bass _ 1
252.45,0.589999999999975,40,110,Fretless E Bass,47880,118,Fretless Bass _ 1
253.04999999999998,0.8899999999999864,33,110,Fretless E Bass,48000,178,Fretless Bass _ 1
253.95,0.13999999999998636,38,110,Fretless E Bass,48180,28,Fretless Bass _ 1
254.09999999999997,0.13999999999998636,40,110,Fretless E Bass,48210,28,Fretless Bass _ 1
254.25,0.27499999999997726,43,110,Fretless E Bass,48240,55,Fretless Bass _ 1
254.54999999999995,0.2750000000000341,43,110,Fretless E Bass,48300,55,Fretless Bass _ 1
254.84999999999997,0.2750000000000341,43,110,Fretless E Bass,48360,55,Fretless Bass _ 1
255.14999999999998,0.27499999999997726,45,110,Fretless E Bass,48420,55,Fretless Bass _ 1
255.45,0.8899999999999864,33,110,Fretless E Bass,48480,178,Fretless Bass _ 1
256.34999999999997,0.8899999999999864,40,110,Fretless E Bass,48660,178,Fretless Bass _ 1
257.25,0.589999999999975,40,110,Fretless E Bass,48840,118,Fretless Bass _ 1
257.84999999999997,0.8899999999999864,33,110,Fretless E Bass,48960,178,Fretless Bass _ 1
258.75,0.13999999999998636,38,110,Fretless E Bass,49140,28,Fretless Bass _ 1
258.9,0.13999999999998636,40,110,Fretless E Bass,49170,28,Fretless Bass _ 1
259.04999999999995,0.2750000000000341,43,110,Fretless E Bass,49200,55,Fretless Bass _ 1
259.34999999999997,0.2750000000000341,43,110,Fretless E Bass,49260,55,Fretless Bass _ 1
259.65,0.27499999999997726,43,110,Fretless E Bass,49320,55,Fretless Bass _ 1
259.95,0.27499999999997726,45,110,Fretless E Bass,49380,55,Fretless Bass _ 1
260.25,0.8899999999999864,33,110,Fretless E Bass,49440,178,Fretless Bass _ 1
261.15,0.27499999999997726,33,110,Fretless E Bass,49620,55,Fretless Bass _ 1
261.45,0.8899999999999864,36,110,Fretless E Bass,49680,178,Fretless Bass _ 1
262.34999999999997,0.2750000000000341,36,110,Fretless E Bass,49860,55,Fretless Bass _ 1
262.65,0.8899999999999864,38,110,Fretless E Bass,49920,178,Fretless Bass _ 1
263.54999999999995,0.2750000000000341,38,110,Fretless E Bass,50100,55,Fretless Bass _ 1
263.84999999999997,0.8899999999999864,41,110,Fretless E Bass,50160,178,Fretless Bass _ 1
264.75,0.27499999999997726,41,110,Fretless E Bass,50340,55,Fretless Bass _ 1
265.04999999999995,0.4399999999999977,40,110,Fretless E Bass,50400,88,Fretless Bass _ 1
265.5,0.06499999999999773,38,110,Fretless E Bass,50490,13,Fretless Bass _ 1
265.575,0.06499999999999773,35,110,Fretless E Bass,50505,13,Fretless Bass _ 1
265.65,0.4399999999999977,36,110,Fretless E Bass,50520,88,Fretless Bass _ 1
266.09999999999997,0.06499999999999773,35,110,Fretless E Bass,50610,13,Fretless Bass _ 1
266.17499999999995,0.06499999999999773,31,110,Fretless E Bass,50625,13,Fretless Bass _ 1
266.25,0.589999999999975,33,110,Fretless E Bass,50640,118,Fretless Bass _ 1
266.84999999999997,0.2750000000000341,45,110,Fretless E Bass,50760,55,Fretless Bass _ 1
267.15,0.27499999999997726,45,110,Fretless E Bass,50820,55,Fretless Bass _ 1
267.45,0.27499999999997726,45,110,Fretless E Bass,50880,55,Fretless Bass _ 1
267.75,0.27499999999997726,45,110,Fretless E Bass,50940,55,Fretless Bass _ 1
268.04999999999995,0.2750000000000341,45,110,Fretless E Bass,51000,55,Fretless Bass _ 1
268.34999999999997,0.2750000000000341,45,110,Fretless E Bass,51060,55,Fretless Bass _ 1
268.65,0.27499999999997726,45,110,Fretless E Bass,51120,55,Fretless Bass _ 1
268.95,0.27499999999997726,45,110,Fretless E Bass,51180,55,Fretless Bass _ 1
269.25,0.13999999999998636,45,110,Fretless E Bass,51240,28,Fretless Bass _ 1
269.4,0.06499999999999773,41,110,Fretless E Bass,51270,13,Fretless Bass _ 1
269.47499999999997,0.06499999999999773,38,110,Fretless E Bass,51285,13,Fretless Bass _ 1
269.54999999999995,0.06499999999999773,35,110,Fretless E Bass,51300,13,Fretless Bass _ 1
269.625,0.214999999999975,33,110,Fretless E Bass,51315,43,Fretless Bass _ 1
269.84999999999997,0.2750000000000341,33,110,Fretless E Bass,51360,55,Fretless Bass _ 1
270.15,0.27499999999997726,33,110,Fretless E Bass,51420,55,Fretless Bass _ 1
270.45,0.27499999999997726,36,110,Fretless E Bass,51480,55,Fretless Bass _ 1
270.75,0.27499999999997726,36,110,Fretless E Bass,51540,55,Fretless Bass _ 1
271.04999999999995,0.8900000000000432,38,110,Fretless E Bass,51600,178,Fretless Bass _ 1
271.95,0.27499999999997726,45,110,Fretless E Bass,51780,55,Fretless Bass _ 1
272.25,0.27499999999997726,50,110,Fretless E Bass,51840,55,Fretless Bass _ 1
272.54999999999995,0.2750000000000341,50,110,Fretless E Bass,51900,55,Fretless Bass _ 1
272.84999999999997,0.2750000000000341,50,110,Fretless E Bass,51960,55,Fretless Bass _ 1
273.15,0.13999999999998636,43,110,Fretless E Bass,52020,28,Fretless Bass _ 1
273.29999999999995,0.1400000000000432,45,110,Fretless E Bass,52050,28,Fretless Bass _ 1
273.45,0.8899999999999864,38,110,Fretless E Bass,52080,178,Fretless Bass _ 1
274.34999999999997,0.2750000000000341,45,110,Fretless E Bass,52260,55,Fretless Bass _ 1
274.65,0.27499999999997726,50,110,Fretless E Bass,52320,55,Fretless Bass _ 1
274.95,0.27499999999997726,50,110,Fretless E Bass,52380,55,Fretless Bass _ 1
275.25,0.27499999999997726,48,110,Fretless E Bass,52440,55,Fretless Bass _ 1
275.54999999999995,0.2750000000000341,45,110,Fretless E Bass,52500,55,Fretless Bass _ 1
275.84999999999997,0.8900000000000432,38,110,Fretless E Bass,52560,178,Fretless Bass _ 1
276.75,0.13999999999998636,43,110,Fretless E Bass,52740,28,Fretless Bass _ 1
276.9,0.13999999999998636,45,110,Fretless E Bass,52770,28,Fretless Bass _ 1
277.04999999999995,0.2750000000000341,50,110,Fretless E Bass,52800,55,Fretless Bass _ 1
277.34999999999997,0.2750000000000341,50,110,Fretless E Bass,52860,55,Fretless Bass _ 1
277.65,0.27499999999997726,50,110,Fretless E Bass,52920,55,Fretless Bass _ 1
277.95,0.27499999999997726,45,110,Fretless E Bass,52980,55,Fretless Bass _ 1
278.25,0.8899999999999864,38,110,Fretless E Bass,53040,178,Fretless Bass _ 1
279.15,0.06499999999999773,53,110,Fretless E Bass,53220,13,Fretless Bass _ 1
279.22499999999997,0.21500000000003183,54,110,Fretless E Bass,53235,43,Fretless Bass _ 1
279.75,0.06499999999999773,53,110,Fretless E Bass,53340,13,Fretless Bass _ 1
279.825,0.214999999999975,54,110,Fretless E Bass,53355,43,Fretless Bass _ 1
280.04999999999995,0.5900000000000318,50,110,Fretless E Bass,53400,118,Fretless Bass _ 1
280.65,0.8899999999999864,38,110,Fretless E Bass,53520,178,Fretless Bass _ 1
281.54999999999995,0.2750000000000341,38,110,Fretless E Bass,53700,55,Fretless Bass _ 1
281.84999999999997,0.2750000000000341,50,110,Fretless E Bass,53760,55,Fretless Bass _ 1
282.15,0.27499999999997726,50,110,Fretless E Bass,53820,55,Fretless Bass _ 1
282.45,0.27499999999997726,50,110,Fretless E Bass,53880,55,Fretless Bass _ 1
282.75,0.13999999999998636,43,110,Fretless E Bass,53940,28,Fretless Bass _ 1
282.9,0.13999999999998636,45,110,Fretless E Bass,53970,28,Fretless Bass _ 1
283.04999999999995,0.2750000000000341,38,110,Fretless E Bass,54000,55,Fretless Bass _ 1
283.34999999999997,0.2750000000000341,38,110,Fretless E Bass,54060,55,Fretless Bass _ 1
284.25,0.13999999999998636,44,110,Fretless E Bass,54240,28,Fretless Bass _ 1
284.4,0.13999999999998636,45,110,Fretless E Bass,54270,28,Fretless Bass _ 1
284.54999999999995,0.2750000000000341,50,110,Fretless E Bass,54300,55,Fretless Bass _ 1
284.84999999999997,0.5900000000000318,50,110,Fretless E Bass,54360,118,Fretless Bass _ 1
285.45,0.8899999999999864,38,110,Fretless E Bass,54480,178,Fretless Bass _ 1
286.34999999999997,0.2750000000000341,38,110,Fretless E Bass,54660,55,Fretless Bass _ 1
286.65,0.8899999999999864,41,110,Fretless E Bass,54720,178,Fretless Bass _ 1
287.54999999999995,0.2750000000000341,41,110,Fretless E Bass,54900,55,Fretless Bass _ 1
287.84999999999997,0.8900000000000432,36,110,Fretless E Bass,54960,178,Fretless Bass _ 1
288.75,0.27499999999997726,36,110,Fretless E Bass,55140,55,Fretless Bass _ 1
289.04999999999995,0.8900000000000432,34,110,Fretless E Bass,55200,178,Fretless Bass _ 1
289.95,0.08999999999997499,35,110,Fretless E Bass,55380,18,Fretless Bass _ 1
290.04999999999995,0.09000000000003183,36,110,Fretless E Bass,55400,18,Fretless Bass _ 1
290.15,0.09000000000003183,37,110,Fretless E Bass,55420,18,Fretless Bass _ 1
290.25,0.38999999999998636,38,110,Fretless E Bass,55440,78,Fretless Bass _ 1
290.65,0.38999999999998636,39,110,Fretless E Bass,55520,78,Fretless Bass _ 1
291.04999999999995,0.3900000000000432,40,110,Fretless E Bass,55600,78,Fretless Bass _ 1
291.45,0.27499999999997726,28,110,Fretless E Bass,55680,55,Fretless Bass _ 1
291.75,0.27499999999997726,28,110,Fretless E Bass,55740,55,Fretless Bass _ 1
292.04999999999995,0.2750000000000341,28,110,Fretless E Bass,55800,55,Fretless Bass _ 1
292.34999999999997,0.2750000000000341,40,110,Fretless E Bass,55860,55,Fretless Bass _ 1
292.65,0.27499999999997726,40,110,Fretless E Bass,55920,55,Fretless Bass _ 1
292.95,0.27499999999997726,40,110,Fretless E Bass,55980,55,Fretless Bass _ 1
293.25,0.27499999999997726,40,110,Fretless E Bass,56040,55,Fretless Bass _ 1
293.54999999999995,0.2750000000000341,40,110,Fretless E Bass,56100,55,Fretless Bass _ 1
293.84999999999997,0.2750000000000341,40,110,Fretless E Bass,56160,55,Fretless Bass _ 1
294.15,0.27499999999997726,43,110,Fretless E Bass,56220,55,Fretless Bass _ 1
294.45,0.27499999999997726,42,110,Fretless E Bass,56280,55,Fretless Bass _ 1
294.75,0.27499999999997726,41,110,Fretless E Bass,56340,55,Fretless Bass _ 1
295.04999999999995,0.2750000000000341,40,110,Fretless E Bass,56400,55,Fretless Bass _ 1
295.34999999999997,0.1400000000000432,47,110,Fretless E Bass,56460,28,Fretless Bass _ 1
295.5,0.27499999999997726,52,110,Fretless E Bass,56490,55,Fretless Bass _ 1
295.79999999999995,0.1400000000000432,50,110,Fretless E Bass,56550,28,Fretless Bass _ 1
295.95,0.27499999999997726,47,110,Fretless E Bass,56580,55,Fretless Bass _ 1
296.25,0.27499999999997726,40,110,Fretless E Bass,56640,55,Fretless Bass _ 1
296.54999999999995,0.2750000000000341,40,110,Fretless E Bass,56700,55,Fretless Bass _ 1
296.84999999999997,0.2750000000000341,40,110,Fretless E Bass,56760,55,Fretless Bass _ 1
297.15,0.27499999999997726,40,110,Fretless E Bass,56820,55,Fretless Bass _ 1
297.45,0.27499999999997726,40,110,Fretless E Bass,56880,55,Fretless Bass _ 1
297.75,0.27499999999997726,40,110,Fretless E Bass,56940,55,Fretless Bass _ 1
298.04999999999995,0.2750000000000341,40,110,Fretless E Bass,57000,55,Fretless Bass _ 1
298.34999999999997,0.2750000000000341,40,110,Fretless E Bass,57060,55,Fretless Bass _ 1
298.65,0.27499999999997726,40,110,Fretless E Bass,57120,55,Fretless Bass _ 1
298.95,0.27499999999997726,43,110,Fretless E Bass,57180,55,Fretless Bass _ 1
299.25,0.27499999999997726,42,110,Fretless E Bass,57240,55,Fretless Bass _ 1
299.54999999999995,0.2750000000000341,41,110,Fretless E Bass,57300,55,Fretless Bass _ 1
299.84999999999997,0.2750000000000341,40,110,Fretless E Bass,57360,55,Fretless Bass _ 1
300.15,0.13999999999998636,47,110,Fretless E Bass,57420,28,Fretless Bass _ 1
300.29999999999995,0.2750000000000341,52,110,Fretless E Bass,57450,55,Fretless Bass _ 1
300.59999999999997,0.1400000000000432,50,110,Fretless E Bass,57510,28,Fretless Bass _ 1
300.75,0.27499999999997726,47,110,Fretless E Bass,57540,55,Fretless Bass _ 1
301.04999999999995,0.5900000000000318,40,110,Fretless E Bass,57600,118,Fretless Bass _ 1
301.65,0.27499999999997726,40,110,Fretless E Bass,57720,55,Fretless Bass _ 1
301.65,0.27499999999997726,28,110,Fretless E Bass,57720,55,Fretless Bass _ 1
301.95,0.27499999999997726,40,110,Fretless E Bass,57780,55,Fretless Bass _ 1
301.95,0.27499999999997726,28,110,Fretless E Bass,57780,55,Fretless Bass _ 1
302.25,0.27499999999997726,28,110,Fretless E Bass,57840,55,Fretless Bass _ 1
302.25,0.27499999999997726,40,110,Fretless E Bass,57840,55,Fretless Bass _ 1
302.54999999999995,0.2750000000000341,40,110,Fretless E Bass,57900,55,Fretless Bass _ 1
302.54999999999995,0.2750000000000341,28,110,Fretless E Bass,57900,55,Fretless Bass _ 1
302.84999999999997,0.2750000000000341,28,110,Fretless E Bass,57960,55,Fretless Bass _ 1
302.84999999999997,0.2750000000000341,40,110,Fretless E Bass,57960,55,Fretless Bass _ 1
303.15,0.27499999999997726,28,110,Fretless E Bass,58020,55,Fretless Bass _ 1
303.15,0.27499999999997726,40,110,Fretless E Bass,58020,55,Fretless Bass _ 1
303.45,0.4399999999999977,52,110,Fretless E Bass,58080,88,Fretless Bass _ 1
303.9,0.06499999999999773,48,100,Fretless E Bass,58170,13,Fretless Bass _ 1
303.97499999999997,0.06499999999999773,45,100,Fretless E Bass,58185,13,Fretless Bass _ 1
304.04999999999995,0.34000000000003183,40,110,Fretless E Bass,58200,68,Fretless Bass _ 1
304.42499999999995,0.06500000000005457,45,100,Fretless E Bass,58275,13,Fretless Bass _ 1
304.5,0.06499999999999773,48,100,Fretless E Bass,58290,13,Fretless Bass _ 1
304.575,0.06499999999999773,52,100,Fretless E Bass,58305,13,Fretless Bass _ 1
305.84999999999997,1.1125000000000114,38,110,Fretless E Bass,58560,178,Fretless Bass _ 1
306.97499999999997,1.1125000000000114,40,110,Fretless E Bass,58740,178,Fretless Bass _ 1
308.09999999999997,1.1125000000000114,41,110,Fretless E Bass,58920,178,Fretless Bass _ 1
309.22499999999997,0.7375000000000114,43,110,Fretless E Bass,59100,118,Fretless Bass _ 1
309.97499999999997,0.34375,45,110,Fretless E Bass,59220,55,Fretless Bass _ 1
310.34999999999997,1.1125000000000114,40,110,Fretless E Bass,59280,178,Fretless Bass _ 1
311.47499999999997,0.17500000000001137,53,110,Fretless E Bass,59460,28,Fretless Bass _ 1
311.66249999999997,0.03750000000002274,48,110,Fretless E Bass,59490,6,Fretless Bass _ 1
311.70624999999995,0.03750000000002274,45,110,Fretless E Bass,59497,6,Fretless Bass _ 1
311.75624999999997,0.03750000000002274,41,110,Fretless E Bass,59505,6,Fretless Bass _ 1
311.79999999999995,0.03750000000002274,40,110,Fretless E Bass,59512,6,Fretless Bass _ 1
311.84999999999997,0.34375,36,110,Fretless E Bass,59520,55,Fretless Bass _ 1
312.22499999999997,0.34375,35,110,Fretless E Bass,59580,55,Fretless Bass _ 1
312.59999999999997,1.1125000000000114,34,110,Fretless E Bass,59640,178,Fretless Bass _ 1
314.09999999999997,0.34375,36,110,Fretless E Bass,59880,55,Fretless Bass _ 1
314.47499999999997,0.34375,38,110,Fretless E Bass,59940,55,Fretless Bass _ 1
314.84999999999997,1.1125000000000114,33,110,Fretless E Bass,60000,178,Fretless Bass _ 1
316.34999999999997,0.34375,41,110,Fretless E Bass,60240,55,Fretless Bass _ 1
316.72499999999997,0.34375,40,110,Fretless E Bass,60300,55,Fretless Bass _ 1
317.09999999999997,1.1125000000000114,38,110,Fretless E Bass,60360,178,Fretless Bass _ 1
318.22499999999997,1.1125000000000114,40,110,Fretless E Bass,60540,178,Fretless Bass _ 1
319.34999999999997,1.1125000000000114,41,110,Fretless E Bass,60720,178,Fretless Bass _ 1
320.47499999999997,0.7375000000000114,43,110,Fretless E Bass,60900,118,Fretless Bass _ 1
321.22499999999997,0.34375,45,110,Fretless E Bass,61020,55,Fretless Bass _ 1
321.59999999999997,0.7375000000000114,40,110,Fretless E Bass,61080,118,Fretless Bass _ 1
322.34999999999997,0.05000000000001137,53,110,Fretless E Bass,61200,8,Fretless Bass _ 1
322.47499999999997,0.05000000000001137,53,110,Fretless E Bass,61220,8,Fretless Bass _ 1
322.59999999999997,0.05000000000001137,53,110,Fretless E Bass,61240,8,Fretless Bass _ 1
322.66249999999997,0.05000000000001137,48,110,Fretless E Bass,61250,8,Fretless Bass _ 1
322.72499999999997,0.08125000000001137,45,110,Fretless E Bass,61260,13,Fretless Bass _ 1
322.81874999999997,0.08125000000001137,43,110,Fretless E Bass,61275,13,Fretless Bass _ 1
322.91249999999997,0.08125000000001137,41,110,Fretless E Bass,61290,13,Fretless Bass _ 1
323.00624999999997,0.08125000000001137,40,110,Fretless E Bass,61305,13,Fretless Bass _ 1
323.09999999999997,0.34375,36,110,Fretless E Bass,61320,55,Fretless Bass _ 1
323.47499999999997,0.34375,35,110,Fretless E Bass,61380,55,Fretless Bass _ 1
323.84999999999997,1.1125000000000114,34,110,Fretless E Bass,61440,178,Fretless Bass _ 1
325.34999999999997,0.34375,36,110,Fretless E Bass,61680,55,Fretless Bass _ 1
325.72499999999997,0.34375,38,110,Fretless E Bass,61740,55,Fretless Bass _ 1
326.09999999999997,1.1125000000000114,33,110,Fretless E Bass,61800,178,Fretless Bass _ 1
327.22499999999997,0.34375,45,110,Fretless E Bass,61980,55,Fretless Bass _ 1
327.59999999999997,0.34375,37,110,Fretless E Bass,62040,55,Fretless Bass _ 1
327.97499999999997,0.34375,40,110,Fretless E Bass,62100,55,Fretless Bass _ 1
328.34999999999997,1.1125000000000114,38,110,Fretless E Bass,62160,178,Fretless Bass _ 1
329.47499999999997,1.1125000000000114,40,110,Fretless E Bass,62340,178,Fretless Bass _ 1
330.59999999999997,1.1125000000000114,41,110,Fretless E Bass,62520,178,Fretless Bass _ 1
331.72499999999997,0.7375000000000114,43,110,Fretless E Bass,62700,118,Fretless Bass _ 1
332.47499999999997,0.34375,45,110,Fretless E Bass,62820,55,Fretless Bass _ 1
332.84999999999997,0.7375000000000114,40,110,Fretless E Bass,62880,118,Fretless Bass _ 1
333.59999999999997,0.05000000000001137,53,110,Fretless E Bass,63000,8,Fretless Bass _ 1
333.72499999999997,0.05000000000001137,53,110,Fretless E Bass,63020,8,Fretless Bass _ 1
333.84999999999997,0.05000000000001137,53,110,Fretless E Bass,63040,8,Fretless Bass _ 1
333.91249999999997,0.05000000000001137,48,110,Fretless E Bass,63050,8,Fretless Bass _ 1
333.97499999999997,0.08125000000001137,45,110,Fretless E Bass,63060,13,Fretless Bass _ 1
334.06874999999997,0.08125000000001137,43,110,Fretless E Bass,63075,13,Fretless Bass _ 1
334.16249999999997,0.08125000000001137,41,110,Fretless E Bass,63090,13,Fretless Bass _ 1
334.25624999999997,0.08125000000001137,40,110,Fretless E Bass,63105,13,Fretless Bass _ 1
334.34999999999997,0.34375,36,110,Fretless E Bass,63120,55,Fretless Bass _ 1
334.72499999999997,0.34375,35,110,Fretless E Bass,63180,55,Fretless Bass _ 1
335.09999999999997,1.1125000000000114,34,110,Fretless E Bass,63240,178,Fretless Bass _ 1
336.59999999999997,0.34375,36,110,Fretless E Bass,63480,55,Fretless Bass _ 1
336.97499999999997,0.34375,38,110,Fretless E Bass,63540,55,Fretless Bass _ 1
337.34999999999997,1.1125000000000114,33,110,Fretless E Bass,63600,178,Fretless Bass _ 1
338.84999999999997,0.34375,41,110,Fretless E Bass,63840,55,Fretless Bass _ 1
339.22499999999997,0.34375,40,110,Fretless E Bass,63900,55,Fretless Bass _ 1
339.59999999999997,1.1125000000000114,38,110,Fretless E Bass,63960,178,Fretless Bass _ 1
340.72499999999997,1.1125000000000114,40,110,Fretless E Bass,64140,178,Fretless Bass _ 1
341.84999999999997,1.1125000000000114,41,110,Fretless E Bass,64320,178,Fretless Bass _ 1
342.97499999999997,0.7375000000000114,43,110,Fretless E Bass,64500,118,Fretless Bass _ 1
343.72499999999997,0.34375,45,110,Fretless E Bass,64620,55,Fretless Bass _ 1
344.09999999999997,1.1125000000000114,40,110,Fretless E Bass,64680,178,Fretless Bass _ 1
345.22499999999997,0.17500000000001137,53,110,Fretless E Bass,64860,28,Fretless Bass _ 1
345.41249999999997,0.03750000000002274,48,110,Fretless E Bass,64890,6,Fretless Bass _ 1
345.45624999999995,0.03750000000002274,45,110,Fretless E Bass,64897,6,Fretless Bass _ 1
345.50624999999997,0.03750000000002274,41,110,Fretless E Bass,64905,6,Fretless Bass _ 1
345.54999999999995,0.03750000000002274,40,110,Fretless E Bass,64912,6,Fretless Bass _ 1
345.59999999999997,0.34375,36,110,Fretless E Bass,64920,55,Fretless Bass _ 1
345.97499999999997,0.34375,35,110,Fretless E Bass,64980,55,Fretless Bass _ 1
346.34999999999997,1.1125000000000114,34,110,Fretless E Bass,65040,178,Fretless Bass _ 1
347.84999999999997,0.34375,36,110,Fretless E Bass,65280,55,Fretless Bass _ 1
348.22499999999997,0.34375,38,110,Fretless E Bass,65340,55,Fretless Bass _ 1
348.59999999999997,1.1125000000000114,33,110,Fretless E Bass,65400,178,Fretless Bass _ 1
350.09999999999997,0.34375,41,110,Fretless E Bass,65640,55,Fretless Bass _ 1
350.47499999999997,0.34375,40,110,Fretless E Bass,65700,55,Fretless Bass _ 1
350.84999999999997,1.1125000000000114,38,110,Fretless E Bass,65760,178,Fretless Bass _ 1
351.97499999999997,1.1125000000000114,40,110,Fretless E Bass,65940,178,Fretless Bass _ 1
353.09999999999997,1.1125000000000114,41,110,Fretless E Bass,66120,178,Fretless Bass _ 1
354.22499999999997,0.7375000000000114,43,110,Fretless E Bass,66300,118,Fretless Bass _ 1
354.97499999999997,0.34375,45,110,Fretless E Bass,66420,55,Fretless Bass _ 1
355.34999999999997,0.7375000000000114,40,110,Fretless E Bass,66480,118,Fretless Bass _ 1
356.09999999999997,0.05000000000001137,53,110,Fretless E Bass,66600,8,Fretless Bass _ 1
356.22499999999997,0.05000000000001137,53,110,Fretless E Bass,66620,8,Fretless Bass _ 1
356.34999999999997,0.05000000000001137,53,110,Fretless E Bass,66640,8,Fretless Bass _ 1
356.41249999999997,0.05000000000001137,48,110,Fretless E Bass,66650,8,Fretless Bass _ 1
356.47499999999997,0.08125000000001137,45,110,Fretless E Bass,66660,13,Fretless Bass _ 1
356.56874999999997,0.08125000000001137,43,110,Fretless E Bass,66675,13,Fretless Bass _ 1
356.66249999999997,0.08125000000001137,41,110,Fretless E Bass,66690,13,Fretless Bass _ 1
356.75624999999997,0.08125000000001137,40,110,Fretless E Bass,66705,13,Fretless Bass _ 1
356.84999999999997,0.34375,36,110,Fretless E Bass,66720,55,Fretless Bass _ 1
357.22499999999997,0.34375,35,110,Fretless E Bass,66780,55,Fretless Bass _ 1
357.59999999999997,1.1125000000000114,34,110,Fretless E Bass,66840,178,Fretless Bass _ 1
359.09999999999997,0.34375,36,110,Fretless E Bass,67080,55,Fretless Bass _ 1
359.47499999999997,0.34375,38,110,Fretless E Bass,67140,55,Fretless Bass _ 1
359.84999999999997,1.1125000000000114,33,110,Fretless E Bass,67200,178,Fretless Bass _ 1
360.97499999999997,0.34375,45,110,Fretless E Bass,67380,55,Fretless Bass _ 1
361.34999999999997,0.34375,37,110,Fretless E Bass,67440,55,Fretless Bass _ 1
361.72499999999997,0.34375,40,110,Fretless E Bass,67500,55,Fretless Bass _ 1
362.09999999999997,1.1125000000000114,38,110,Fretless E Bass,67560,178,Fretless Bass _ 1
363.22499999999997,1.1125000000000114,40,110,Fretless E Bass,67740,178,Fretless Bass _ 1
364.34999999999997,1.1125000000000114,41,110,Fretless E Bass,67920,178,Fretless Bass _ 1
365.47499999999997,0.7375000000000114,43,110,Fretless E Bass,68100,118,Fretless Bass _ 1
366.22499999999997,0.34375,45,110,Fretless E Bass,68220,55,Fretless Bass _ 1
366.59999999999997,0.7375000000000114,40,110,Fretless E Bass,68280,118,Fretless Bass _ 1
367.34999999999997,0.05000000000001137,53,110,Fretless E Bass,68400,8,Fretless Bass _ 1
367.47499999999997,0.05000000000001137,53,110,Fretless E Bass,68420,8,Fretless Bass _ 1
367.59999999999997,0.05000000000001137,53,110,Fretless E Bass,68440,8,Fretless Bass _ 1
367.66249999999997,0.05000000000001137,48,110,Fretless E Bass,68450,8,Fretless Bass _ 1
367.72499999999997,0.08125000000001137,45,110,Fretless E Bass,68460,13,Fretless Bass _ 1
367.81874999999997,0.08125000000001137,43,110,Fretless E Bass,68475,13,Fretless Bass _ 1
367.91249999999997,0.08125000000001137,41,110,Fretless E Bass,68490,13,Fretless Bass _ 1
368.00624999999997,0.08125000000001137,40,110,Fretless E Bass,68505,13,Fretless Bass _ 1
368.09999999999997,0.34375,36,110,Fretless E Bass,68520,55,Fretless Bass _ 1
368.47499999999997,0.34375,35,110,Fretless E Bass,68580,55,Fretless Bass _ 1
368.84999999999997,1.1125000000000114,34,110,Fretless E Bass,68640,178,Fretless Bass _ 1
370.34999999999997,0.34375,36,110,Fretless E Bass,68880,55,Fretless Bass _ 1
370.72499999999997,0.34375,38,110,Fretless E Bass,68940,55,Fretless Bass _ 1
371.09999999999997,1.1125000000000114,33,110,Fretless E Bass,69000,178,Fretless Bass _ 1
372.59999999999997,0.34375,41,110,Fretless E Bass,69240,55,Fretless Bass _ 1
372.97499999999997,0.34375,40,110,Fretless E Bass,69300,55,Fretless Bass _ 1
373.34999999999997,1.1125000000000114,38,110,Fretless E Bass,69360,178,Fretless Bass _ 1
374.47499999999997,1.1125000000000114,40,110,Fretless E Bass,69540,178,Fretless Bass _ 1
375.59999999999997,1.1125000000000114,41,110,Fretless E Bass,69720,178,Fretless Bass _ 1
376.72499999999997,0.7375000000000114,43,110,Fretless E Bass,69900,118,Fretless Bass _ 1
377.47499999999997,0.34375,45,110,Fretless E Bass,70020,55,Fretless Bass _ 1
377.84999999999997,1.1125000000000114,40,110,Fretless E Bass,70080,178,Fretless Bass _ 1
378.97499999999997,0.17500000000001137,53,110,Fretless E Bass,70260,28,Fretless Bass _ 1
379.16249999999997,0.03750000000002274,48,110,Fretless E Bass,70290,6,Fretless Bass _ 1
379.20624999999995,0.03750000000002274,45,110,Fretless E Bass,70297,6,Fretless Bass _ 1
379.25624999999997,0.03750000000002274,41,110,Fretless E Bass,70305,6,Fretless Bass _ 1
379.29999999999995,0.03750000000002274,40,110,Fretless E Bass,70312,6,Fretless Bass _ 1
379.34999999999997,0.34375,36,110,Fretless E Bass,70320,55,Fretless Bass _ 1
379.72499999999997,0.34375,35,110,Fretless E Bass,70380,55,Fretless Bass _ 1
380.09999999999997,1.1125000000000114,34,110,Fretless E Bass,70440,178,Fretless Bass _ 1
381.59999999999997,0.34375,36,110,Fretless E Bass,70680,55,Fretless Bass _ 1
381.97499999999997,0.34375,38,110,Fretless E Bass,70740,55,Fretless Bass _ 1
382.34999999999997,1.1125000000000114,33,110,Fretless E Bass,70800,178,Fretless Bass _ 1
383.84999999999997,0.34375,41,110,Fretless E Bass,71040,55,Fretless Bass _ 1
384.22499999999997,0.34375,40,110,Fretless E Bass,71100,55,Fretless Bass _ 1
384.59999999999997,1.1125000000000114,38,110,Fretless E Bass,71160,178,Fretless Bass _ 1
385.72499999999997,1.1125000000000114,40,110,Fretless E Bass,71340,178,Fretless Bass _ 1
386.84999999999997,1.1125000000000114,41,110,Fretless E Bass,71520,178,Fretless Bass _ 1
387.97499999999997,0.7375000000000114,43,110,Fretless E Bass,71700,118,Fretless Bass _ 1
388.72499999999997,0.34375,45,110,Fretless E Bass,71820,55,Fretless Bass _ 1
389.09999999999997,0.7375000000000114,40,110,Fretless E Bass,71880,118,Fretless Bass _ 1
389.84999999999997,0.05000000000001137,53,110,Fretless E Bass,72000,8,Fretless Bass _ 1
389.97499999999997,0.05000000000001137,53,110,Fretless E Bass,72020,8,Fretless Bass _ 1
390.09999999999997,0.05000000000001137,53,110,Fretless E Bass,72040,8,Fretless Bass _ 1
390.16249999999997,0.05000000000001137,48,110,Fretless E Bass,72050,8,Fretless Bass _ 1
390.22499999999997,0.08125000000001137,45,110,Fretless E Bass,72060,13,Fretless Bass _ 1
390.31874999999997,0.08125000000001137,43,110,Fretless E Bass,72075,13,Fretless Bass _ 1
390.41249999999997,0.08125000000001137,41,110,Fretless E Bass,72090,13,Fretless Bass _ 1
390.50624999999997,0.08125000000001137,40,110,Fretless E Bass,72105,13,Fretless Bass _ 1
390.59999999999997,0.34375,36,110,Fretless E Bass,72120,55,Fretless Bass _ 1
390.97499999999997,0.34375,35,110,Fretless E Bass,72180,55,Fretless Bass _ 1
391.34999999999997,1.1125000000000114,34,110,Fretless E Bass,72240,178,Fretless Bass _ 1
392.84999999999997,0.34375,36,110,Fretless E Bass,72480,55,Fretless Bass _ 1
393.22499999999997,0.34375,38,110,Fretless E Bass,72540,55,Fretless Bass _ 1
393.59999999999997,1.1125000000000114,33,110,Fretless E Bass,72600,178,Fretless Bass _ 1
394.72499999999997,0.34375,45,110,Fretless E Bass,72780,55,Fretless Bass _ 1
395.09999999999997,0.34375,37,110,Fretless E Bass,72840,55,Fretless Bass _ 1
395.47499999999997,0.34375,40,110,Fretless E Bass,72900,55,Fretless Bass _ 1
395.84999999999997,1.1125000000000114,38,110,Fretless E Bass,72960,178,Fretless Bass _ 1
396.97499999999997,1.1125000000000114,40,110,Fretless E Bass,73140,178,Fretless Bass _ 1
398.09999999999997,1.1125000000000114,41,110,Fretless E Bass,73320,178,Fretless Bass _ 1
399.22499999999997,0.7375000000000114,43,110,Fretless E Bass,73500,118,Fretless Bass _ 1
399.97499999999997,0.34375,45,110,Fretless E Bass,73620,55,Fretless Bass _ 1
400.34999999999997,0.7375000000000114,40,110,Fretless E Bass,73680,118,Fretless Bass _ 1
401.09999999999997,0.05000000000001137,53,110,Fretless E Bass,73800,8,Fretless Bass _ 1
401.22499999999997,0.05000000000001137,53,110,Fretless E Bass,73820,8,Fretless Bass _ 1
401.34999999999997,0.05000000000001137,53,110,Fretless E Bass,73840,8,Fretless Bass _ 1
401.41249999999997,0.05000000000001137,48,110,Fretless E Bass,73850,8,Fretless Bass _ 1
401.47499999999997,0.08125000000001137,45,110,Fretless E Bass,73860,13,Fretless Bass _ 1
401.56874999999997,0.08125000000001137,43,110,Fretless E Bass,73875,13,Fretless Bass _ 1
401.66249999999997,0.08125000000001137,41,110,Fretless E Bass,73890,13,Fretless Bass _ 1
401.75624999999997,0.08125000000001137,40,110,Fretless E Bass,73905,13,Fretless Bass _ 1
401.84999999999997,0.34375,36,110,Fretless E Bass,73920,55,Fretless Bass _ 1
402.22499999999997,0.34375,35,110,Fretless E Bass,73980,55,Fretless Bass _ 1
402.59999999999997,1.1125000000000114,34,110,Fretless E Bass,74040,178,Fretless Bass _ 1
404.09999999999997,0.34375,36,110,Fretless E Bass,74280,55,Fretless Bass _ 1
404.47499999999997,0.34375,38,110,Fretless E Bass,74340,55,Fretless Bass _ 1
404.84999999999997,1.1125000000000114,33,110,Fretless E Bass,74400,178,Fretless Bass _ 1
406.34999999999997,0.34375,41,110,Fretless E Bass,74640,55,Fretless Bass _ 1
406.72499999999997,0.34375,40,110,Fretless E Bass,74700,55,Fretless Bass _ 1
407.09999999999997,1.1125000000000114,38,110,Fretless E Bass,74760,178,Fretless Bass _ 1
408.22499999999997,1.1125000000000114,40,110,Fretless E Bass,74940,178,Fretless Bass _ 1
409.34999999999997,1.1125000000000114,41,110,Fretless E Bass,75120,178,Fretless Bass _ 1
410.47499999999997,0.7375000000000114,43,110,Fretless E Bass,75300,118,Fretless Bass _ 1
411.22499999999997,0.34375,45,110,Fretless E Bass,75420,55,Fretless Bass _ 1
411.59999999999997,1.1125000000000114,40,110,Fretless E Bass,75480,178,Fretless Bass _ 1
412.72499999999997,0.17500000000001137,53,110,Fretless E Bass,75660,28,Fretless Bass _ 1
412.91249999999997,0.03750000000002274,48,110,Fretless E Bass,75690,6,Fretless Bass _ 1
412.95624999999995,0.03750000000002274,45,110,Fretless E Bass,75697,6,Fretless Bass _ 1
413.00624999999997,0.03750000000002274,41,110,Fretless E Bass,75705,6,Fretless Bass _ 1
413.04999999999995,0.03750000000002274,40,110,Fretless E Bass,75712,6,Fretless Bass _ 1
413.09999999999997,0.34375,36,110,Fretless E Bass,75720,55,Fretless Bass _ 1
413.47499999999997,0.34375,35,110,Fretless E Bass,75780,55,Fretless Bass _ 1
413.84999999999997,1.1125000000000114,34,110,Fretless E Bass,75840,178,Fretless Bass _ 1
415.34999999999997,0.34375,36,110,Fretless E Bass,76080,55,Fretless Bass _ 1
415.72499999999997,0.34375,38,110,Fretless E Bass,76140,55,Fretless Bass _ 1
416.09999999999997,1.1125000000000114,33,110,Fretless E Bass,76200,178,Fretless Bass _ 1
417.59999999999997,0.34375,41,110,Fretless E Bass,76440,55,Fretless Bass _ 1
417.97499999999997,0.34375,40,110,Fretless E Bass,76500,55,Fretless Bass _ 1
418.34999999999997,1.1125000000000114,38,110,Fretless E Bass,76560,178,Fretless Bass _ 1
419.47499999999997,1.1125000000000114,40,110,Fretless E Bass,76740,178,Fretless Bass _ 1
420.59999999999997,1.1125000000000114,41,110,Fretless E Bass,76920,178,Fretless Bass _ 1
421.72499999999997,0.7375000000000114,43,110,Fretless E Bass,77100,118,Fretless Bass _ 1
422.47499999999997,0.34375,45,110,Fretless E Bass,77220,55,Fretless Bass _ 1
422.84999999999997,0.7375000000000114,40,110,Fretless E Bass,77280,118,Fretless Bass _ 1
423.59999999999997,0.05000000000001137,53,110,Fretless E Bass,77400,8,Fretless Bass _ 1
423.72499999999997,0.05000000000001137,53,110,Fretless E Bass,77420,8,Fretless Bass _ 1
423.84999999999997,0.05000000000001137,53,110,Fretless E Bass,77440,8,Fretless Bass _ 1
423.91249999999997,0.05000000000001137,48,110,Fretless E Bass,77450,8,Fretless Bass _ 1
423.97499999999997,0.08125000000001137,45,110,Fretless E Bass,77460,13,Fretless Bass _ 1
424.06874999999997,0.08125000000001137,43,110,Fretless E Bass,77475,13,Fretless Bass _ 1
424.16249999999997,0.08125000000001137,41,110,Fretless E Bass,77490,13,Fretless Bass _ 1
424.25624999999997,0.08125000000001137,40,110,Fretless E Bass,77505,13,Fretless Bass _ 1
424.34999999999997,0.34375,36,110,Fretless E Bass,77520,55,Fretless Bass _ 1
424.72499999999997,0.34375,35,110,Fretless E Bass,77580,55,Fretless Bass _ 1
425.09999999999997,1.1125000000000114,34,110,Fretless E Bass,77640,178,Fretless Bass _ 1
426.59999999999997,0.34375,36,110,Fretless E Bass,77880,55,Fretless Bass _ 1
426.97499999999997,0.34375,38,110,Fretless E Bass,77940,55,Fretless Bass _ 1
427.34999999999997,1.1125000000000114,33,110,Fretless E Bass,78000,178,Fretless Bass _ 1
428.47499999999997,0.34375,45,110,Fretless E Bass,78180,55,Fretless Bass _ 1
428.84999999999997,0.34375,37,110,Fretless E Bass,78240,55,Fretless Bass _ 1
429.22499999999997,0.34375,40,110,Fretless E Bass,78300,55,Fretless Bass _ 1
429.59999999999997,1.1125000000000114,38,110,Fretless E Bass,78360,178,Fretless Bass _ 1
430.72499999999997,1.1125000000000114,40,110,Fretless E Bass,78540,178,Fretless Bass _ 1
431.84999999999997,1.1125000000000114,41,110,Fretless E Bass,78720,178,Fretless Bass _ 1
432.97499999999997,0.7375000000000114,43,110,Fretless E Bass,78900,118,Fretless Bass _ 1
433.72499999999997,0.34375,45,110,Fretless E Bass,79020,55,Fretless Bass _ 1
434.09999999999997,0.7375000000000114,40,110,Fretless E Bass,79080,118,Fretless Bass _ 1
434.84999999999997,0.05000000000001137,53,110,Fretless E Bass,79200,8,Fretless Bass _ 1
434.97499999999997,0.05000000000001137,53,110,Fretless E Bass,79220,8,Fretless Bass _ 1
435.09999999999997,0.05000000000001137,53,110,Fretless E Bass,79240,8,Fretless Bass _ 1
435.16249999999997,0.05000000000001137,48,110,Fretless E Bass,79250,8,Fretless Bass _ 1
435.22499999999997,0.08125000000001137,45,110,Fretless E Bass,79260,13,Fretless Bass _ 1
435.31874999999997,0.08125000000001137,43,110,Fretless E Bass,79275,13,Fretless Bass _ 1
435.41249999999997,0.08125000000001137,41,110,Fretless E Bass,79290,13,Fretless Bass _ 1
435.50624999999997,0.08125000000001137,40,110,Fretless E Bass,79305,13,Fretless Bass _ 1
435.59999999999997,0.34375,36,110,Fretless E Bass,79320,55,Fretless Bass _ 1
435.97499999999997,0.34375,35,110,Fretless E Bass,79380,55,Fretless Bass _ 1
436.34999999999997,1.1125000000000114,34,110,Fretless E Bass,79440,178,Fretless Bass _ 1
437.84999999999997,0.34375,36,110,Fretless E Bass,79680,55,Fretless Bass _ 1
438.22499999999997,0.34375,38,110,Fretless E Bass,79740,55,Fretless Bass _ 1
438.59999999999997,1.1125000000000114,33,110,Fretless E Bass,79800,178,Fretless Bass _ 1
440.09999999999997,0.34375,41,110,Fretless E Bass,80040,55,Fretless Bass _ 1
440.47499999999997,0.34375,40,110,Fretless E Bass,80100,55,Fretless Bass _ 1
440.84999999999997,1.1125000000000114,38,110,Fretless E Bass,80160,178,Fretless Bass _ 1
441.97499999999997,1.1125000000000114,40,110,Fretless E Bass,80340,178,Fretless Bass _ 1
443.09999999999997,1.1125000000000114,41,110,Fretless E Bass,80520,178,Fretless Bass _ 1
444.22499999999997,0.7375000000000114,43,110,Fretless E Bass,80700,118,Fretless Bass _ 1
444.97499999999997,0.34375,45,110,Fretless E Bass,80820,55,Fretless Bass _ 1
445.34999999999997,1.1125000000000114,40,110,Fretless E Bass,80880,178,Fretless Bass _ 1
446.47499999999997,0.17500000000001137,53,110,Fretless E Bass,81060,28,Fretless Bass _ 1
446.66249999999997,0.037499999999965894,48,110,Fretless E Bass,81090,6,Fretless Bass _ 1
446.70624999999995,0.03750000000002274,45,110,Fretless E Bass,81097,6,Fretless Bass _ 1
446.75624999999997,0.037499999999965894,41,110,Fretless E Bass,81105,6,Fretless Bass _ 1
446.79999999999995,0.03750000000002274,40,110,Fretless E Bass,81112,6,Fretless Bass _ 1
446.84999999999997,0.34375,36,110,Fretless E Bass,81120,55,Fretless Bass _ 1
447.22499999999997,0.34375,35,110,Fretless E Bass,81180,55,Fretless Bass _ 1
447.59999999999997,1.1125000000000114,34,110,Fretless E Bass,81240,178,Fretless Bass _ 1
449.09999999999997,0.34375,36,110,Fretless E Bass,81480,55,Fretless Bass _ 1
449.47499999999997,0.34375,38,110,Fretless E Bass,81540,55,Fretless Bass _ 1
449.84999999999997,1.1125000000000114,33,110,Fretless E Bass,81600,178,Fretless Bass _ 1
451.34999999999997,0.34375,41,110,Fretless E Bass,81840,55,Fretless Bass _ 1
451.72499999999997,0.34375,40,110,Fretless E Bass,81900,55,Fretless Bass _ 1
452.09999999999997,1.1125000000000114,38,110,Fretless E Bass,81960,178,Fretless Bass _ 1
453.22499999999997,1.1125000000000114,40,110,Fretless E Bass,82140,178,Fretless Bass _ 1
454.34999999999997,1.1125000000000114,41,110,Fretless E Bass,82320,178,Fretless Bass _ 1
455.47499999999997,0.7375000000000114,43,110,Fretless E Bass,82500,118,Fretless Bass _ 1
456.22499999999997,0.34375,45,110,Fretless E Bass,82620,55,Fretless Bass _ 1
456.59999999999997,0.7375000000000114,40,110,Fretless E Bass,82680,118,Fretless Bass _ 1
457.34999999999997,0.05000000000001137,53,110,Fretless E Bass,82800,8,Fretless Bass _ 1
457.47499999999997,0.05000000000001137,53,110,Fretless E Bass,82820,8,Fretless Bass _ 1
457.59999999999997,0.05000000000001137,53,110,Fretless E Bass,82840,8,Fretless Bass _ 1
457.66249999999997,0.05000000000001137,48,110,Fretless E Bass,82850,8,Fretless Bass _ 1
457.72499999999997,0.08125000000001137,45,110,Fretless E Bass,82860,13,Fretless Bass _ 1
457.81874999999997,0.08125000000001137,43,110,Fretless E Bass,82875,13,Fretless Bass _ 1
457.91249999999997,0.08125000000001137,41,110,Fretless E Bass,82890,13,Fretless Bass _ 1
458.00624999999997,0.08125000000001137,40,110,Fretless E Bass,82905,13,Fretless Bass _ 1
458.09999999999997,0.34375,36,110,Fretless E Bass,82920,55,Fretless Bass _ 1
458.47499999999997,0.34375,35,110,Fretless E Bass,82980,55,Fretless Bass _ 1
458.84999999999997,1.1125000000000114,34,110,Fretless E Bass,83040,178,Fretless Bass _ 1
460.34999999999997,0.34375,36,110,Fretless E Bass,83280,55,Fretless Bass _ 1
460.72499999999997,0.34375,38,110,Fretless E Bass,83340,55,Fretless Bass _ 1
461.09999999999997,1.1125000000000114,33,110,Fretless E Bass,83400,178,Fretless Bass _ 1
462.22499999999997,0.34375,45,110,Fretless E Bass,83580,55,Fretless Bass _ 1
462.59999999999997,0.34375,37,110,Fretless E Bass,83640,55,Fretless Bass _ 1
462.97499999999997,0.34375,40,110,Fretless E Bass,83700,55,Fretless Bass _ 1
463.34999999999997,1.1125000000000114,38,110,Fretless E Bass,83760,178,Fretless Bass _ 1
464.47499999999997,1.1125000000000114,40,110,Fretless E Bass,83940,178,Fretless Bass _ 1
465.59999999999997,1.1125000000000114,41,110,Fretless E Bass,84120,178,Fretless Bass _ 1
466.72499999999997,0.7375000000000114,43,110,Fretless E Bass,84300,118,Fretless Bass _ 1
467.47499999999997,0.34375,45,110,Fretless E Bass,84420,55,Fretless Bass _ 1
467.84999999999997,0.7375000000000114,40,110,Fretless E Bass,84480,118,Fretless Bass _ 1
468.59999999999997,0.05000000000001137,53,110,Fretless E Bass,84600,8,Fretless Bass _ 1
468.72499999999997,0.05000000000001137,53,110,Fretless E Bass,84620,8,Fretless Bass _ 1
468.84999999999997,0.05000000000001137,53,110,Fretless E Bass,84640,8,Fretless Bass _ 1
468.91249999999997,0.05000000000001137,48,110,Fretless E Bass,84650,8,Fretless Bass _ 1
468.97499999999997,0.08125000000001137,45,110,Fretless E Bass,84660,13,Fretless Bass _ 1
469.06874999999997,0.08125000000001137,43,110,Fretless E Bass,84675,13,Fretless Bass _ 1
469.16249999999997,0.08125000000001137,41,110,Fretless E Bass,84690,13,Fretless Bass _ 1
469.25624999999997,0.08125000000001137,40,110,Fretless E Bass,84705,13,Fretless Bass _ 1
469.34999999999997,0.34375,36,110,Fretless E Bass,84720,55,Fretless Bass _ 1
469.72499999999997,0.34375,35,110,Fretless E Bass,84780,55,Fretless Bass _ 1
470.09999999999997,1.1125000000000114,34,110,Fretless E Bass,84840,178,Fretless Bass _ 1
471.59999999999997,0.34375,36,110,Fretless E Bass,85080,55,Fretless Bass _ 1
471.97499999999997,0.34375,38,110,Fretless E Bass,85140,55,Fretless Bass _ 1
472.34999999999997,0.34375,33,110,Fretless E Bass,85200,55,Fretless Bass _ 1
13.85,0.14000000000000057,57,115,Lead Alto Sax,2520,28,Alto Sax _ 1
14.0,0.4400000000000013,60,115,Lead Alto Sax,2550,88,Alto Sax _ 1
14.45,0.03999999999999915,62,115,Lead Alto Sax,2640,8,Alto Sax _ 1
14.5,1.1400000000000006,64,115,Lead Alto Sax,2650,228,Alto Sax _ 1
17.75,0.28999999999999915,57,115,Lead Alto Sax,3300,58,Alto Sax _ 1
18.05,0.28999999999999915,60,115,Lead Alto Sax,3360,58,Alto Sax _ 1
18.35,0.28999999999999915,62,115,Lead Alto Sax,3420,58,Alto Sax _ 1
18.65,0.0400000000000027,62,115,Lead Alto Sax,3480,8,Alto Sax _ 1
18.7,0.5400000000000027,63,115,Lead Alto Sax,3490,108,Alto Sax _ 1
19.25,0.28999999999999915,62,115,Lead Alto Sax,3600,58,Alto Sax _ 1
19.55,0.28999999999999915,60,115,Lead Alto Sax,3660,58,Alto Sax _ 1
19.85,0.5899999999999999,57,115,Lead Alto Sax,3720,118,Alto Sax _ 1
20.45,0.5899999999999999,60,115,Lead Alto Sax,3840,118,Alto Sax _ 1
21.05,0.14000000000000057,62,115,Lead Alto Sax,3960,28,Alto Sax _ 1
21.2,0.14000000000000057,60,115,Lead Alto Sax,3990,28,Alto Sax _ 1
21.35,0.14000000000000057,57,115,Lead Alto Sax,4020,28,Alto Sax _ 1
23.15,0.28999999999999915,57,115,Lead Alto Sax,4380,58,Alto Sax _ 1
23.450000000000003,0.5899999999999963,60,115,Lead Alto Sax,4440,118,Alto Sax _ 1
24.05,2.389999999999997,62,115,Lead Alto Sax,4560,478,Alto Sax _ 1
27.35,0.28999999999999915,57,115,Lead Alto Sax,5220,58,Alto Sax _ 1
27.65,0.28999999999999915,60,115,Lead Alto Sax,5280,58,Alto Sax _ 1
27.950000000000003,0.28999999999999915,62,115,Lead Alto Sax,5340,58,Alto Sax _ 1
28.25,0.03999999999999915,62,115,Lead Alto Sax,5400,8,Alto Sax _ 1
28.3,0.5399999999999991,64,115,Lead Alto Sax,5410,108,Alto Sax _ 1
28.85,0.28999999999999915,62,115,Lead Alto Sax,5520,58,Alto Sax _ 1
29.15,0.2900000000000027,60,115,Lead Alto Sax,5580,58,Alto Sax _ 1
29.45,0.5899999999999999,57,115,Lead Alto Sax,5640,118,Alto Sax _ 1
30.049999999999997,0.5900000000000034,60,115,Lead Alto Sax,5760,118,Alto Sax _ 1
30.650000000000006,0.5899999999999963,57,115,Lead Alto Sax,5880,118,Alto Sax _ 1
31.25,0.28999999999999915,55,115,Lead Alto Sax,6000,58,Alto Sax _ 1
31.549999999999997,0.29000000000000625,52,115,Lead Alto Sax,6060,58,Alto Sax _ 1
31.85,0.5899999999999963,55,115,Lead Alto Sax,6120,118,Alto Sax _ 1
32.45,0.5899999999999963,57,115,Lead Alto Sax,6240,118,Alto Sax _ 1
33.05,0.5900000000000034,55,115,Lead Alto Sax,6360,118,Alto Sax _ 1
33.650000000000006,0.28999999999999204,51,115,Lead Alto Sax,6480,58,Alto Sax _ 1
33.95,0.28999999999999915,50,115,Lead Alto Sax,6540,58,Alto Sax _ 1
34.25,0.5900000000000034,48,115,Lead Alto Sax,6600,118,Alto Sax _ 1
34.85,1.1899999999999977,45,115,Lead Alto Sax,6720,238,Alto Sax _ 1
38.75,0.28999999999999915,62,115,Lead Alto Sax,7500,58,Alto Sax _ 1
39.05,0.5900000000000034,65,115,Lead Alto Sax,7560,118,Alto Sax _ 1
39.650000000000006,0.03999999999999204,67,115,Lead Alto Sax,7680,8,Alto Sax _ 1
39.7,1.1400000000000006,69,115,Lead Alto Sax,7690,228,Alto Sax _ 1
42.95,0.28999999999999915,62,115,Lead Alto Sax,8340,58,Alto Sax _ 1
43.25,0.28999999999999915,65,115,Lead Alto Sax,8400,58,Alto Sax _ 1
43.55,0.29000000000000625,67,115,Lead Alto Sax,8460,58,Alto Sax _ 1
43.85,0.03999999999999915,67,115,Lead Alto Sax,8520,8,Alto Sax _ 1
43.900000000000006,0.539999999999992,68,115,Lead Alto Sax,8530,108,Alto Sax _ 1
44.45,0.28999999999999915,67,115,Lead Alto Sax,8640,58,Alto Sax _ 1
44.75,0.28999999999999915,65,115,Lead Alto Sax,8700,58,Alto Sax _ 1
45.05,0.5900000000000034,62,115,Lead Alto Sax,8760,118,Alto Sax _ 1
45.65,0.5900000000000034,65,115,Lead Alto Sax,8880,118,Alto Sax _ 1
46.25,0.5900000000000034,69,115,Lead Alto Sax,9000,118,Alto Sax _ 1
48.35,0.28999999999999915,62,115,Lead Alto Sax,9420,58,Alto Sax _ 1
48.65,0.5900000000000034,65,115,Lead Alto Sax,9480,118,Alto Sax _ 1
49.25,2.3900000000000006,67,115,Lead Alto Sax,9600,478,Alto Sax _ 1
49.25,2.3900000000000006,71,115,Lead Alto Sax,9600,478,Alto Sax _ 1
52.550000000000004,0.28999999999999915,62,115,Lead Alto Sax,10260,58,Alto Sax _ 1
52.85,0.28999999999999915,65,115,Lead Alto Sax,10320,58,Alto Sax _ 1
53.15,0.28999999999999915,67,115,Lead Alto Sax,10380,58,Alto Sax _ 1
53.45,0.03999999999999915,67,115,Lead Alto Sax,10440,8,Alto Sax _ 1
53.5,0.5399999999999991,68,115,Lead Alto Sax,10450,108,Alto Sax _ 1
54.050000000000004,0.28999999999999915,67,115,Lead Alto Sax,10560,58,Alto Sax _ 1
54.35,0.28999999999999915,65,115,Lead Alto Sax,10620,58,Alto Sax _ 1
54.65,0.5900000000000034,62,115,Lead Alto Sax,10680,118,Alto Sax _ 1
55.25,0.5900000000000034,65,115,Lead Alto Sax,10800,118,Alto Sax _ 1
55.85,0.5899999999999963,62,115,Lead Alto Sax,10920,118,Alto Sax _ 1
56.45,0.28999999999999915,60,115,Lead Alto Sax,11040,58,Alto Sax _ 1
56.75,0.28999999999999915,57,115,Lead Alto Sax,11100,58,Alto Sax _ 1
57.050000000000004,0.5899999999999963,60,115,Lead Alto Sax,11160,118,Alto Sax _ 1
57.65,0.5900000000000034,62,115,Lead Alto Sax,11280,118,Alto Sax _ 1
58.25,0.5900000000000034,60,115,Lead Alto Sax,11400,118,Alto Sax _ 1
58.85,0.39000000000000057,55,115,Lead Alto Sax,11520,78,Alto Sax _ 1
59.25,0.39000000000000057,56,115,Lead Alto Sax,11600,78,Alto Sax _ 1
59.65,0.39000000000000057,57,115,Lead Alto Sax,11680,78,Alto Sax _ 1
60.050000000000004,1.1899999999999977,64,115,Lead Alto Sax,11760,238,Alto Sax _ 1
73.55000000000001,0.28999999999999204,57,115,Lead Alto Sax,14460,58,Alto Sax _ 1
73.85,0.5900000000000034,60,115,Lead Alto Sax,14520,118,Alto Sax _ 1
74.45,0.04000000000000625,62,115,Lead Alto Sax,14640,8,Alto Sax _ 1
74.5,1.1400000000000006,64,115,Lead Alto Sax,14650,228,Alto Sax _ 1
77.75,0.29000000000000625,57,115,Lead Alto Sax,15300,58,Alto Sax _ 1
78.05,0.29000000000000625,60,115,Lead Alto Sax,15360,58,Alto Sax _ 1
78.35,0.29000000000000625,62,115,Lead Alto Sax,15420,58,Alto Sax _ 1
78.65,0.03999999999999204,62,115,Lead Alto Sax,15480,8,Alto Sax _ 1
78.7,0.539999999999992,63,115,Lead Alto Sax,15490,108,Alto Sax _ 1
79.25,0.29000000000000625,62,115,Lead Alto Sax,15600,58,Alto Sax _ 1
79.55,0.29000000000000625,60,115,Lead Alto Sax,15660,58,Alto Sax _ 1
79.85,0.5900000000000034,57,115,Lead Alto Sax,15720,118,Alto Sax _ 1
80.45,0.5900000000000034,60,115,Lead Alto Sax,15840,118,Alto Sax _ 1
81.05,0.14000000000000057,62,115,Lead Alto Sax,15960,28,Alto Sax _ 1
81.2,0.14000000000000057,60,115,Lead Alto Sax,15990,28,Alto Sax _ 1
81.35,0.14000000000000057,57,115,Lead Alto Sax,16020,28,Alto Sax _ 1
83.15,0.28999999999999204,57,115,Lead Alto Sax,16380,58,Alto Sax _ 1
83.45,0.5900000000000034,60,115,Lead Alto Sax,16440,118,Alto Sax _ 1
84.05,2.3900000000000006,62,115,Lead Alto Sax,16560,478,Alto Sax _ 1
87.35000000000001,0.28999999999999204,57,115,Lead Alto Sax,17220,58,Alto Sax _ 1
87.65,0.28999999999999204,60,115,Lead Alto Sax,17280,58,Alto Sax _ 1
87.95,0.28999999999999204,62,115,Lead Alto Sax,17340,58,Alto Sax _ 1
88.25,0.04000000000000625,62,115,Lead Alto Sax,17400,8,Alto Sax _ 1
88.3,0.5400000000000063,64,115,Lead Alto Sax,17410,108,Alto Sax _ 1
88.85000000000001,0.28999999999999204,62,115,Lead Alto Sax,17520,58,Alto Sax _ 1
89.15,0.28999999999999204,60,115,Lead Alto Sax,17580,58,Alto Sax _ 1
89.45,0.5900000000000034,57,115,Lead Alto Sax,17640,118,Alto Sax _ 1
90.05,0.5900000000000034,60,115,Lead Alto Sax,17760,118,Alto Sax _ 1
90.65,0.5899999999999892,57,115,Lead Alto Sax,17880,118,Alto Sax _ 1
91.25,0.29000000000000625,55,115,Lead Alto Sax,18000,58,Alto Sax _ 1
91.55,0.29000000000000625,52,115,Lead Alto Sax,18060,58,Alto Sax _ 1
91.85000000000001,0.5899999999999892,55,115,Lead Alto Sax,18120,118,Alto Sax _ 1
92.45,0.5900000000000034,57,115,Lead Alto Sax,18240,118,Alto Sax _ 1
93.05,0.5900000000000034,55,115,Lead Alto Sax,18360,118,Alto Sax _ 1
93.65,0.28999999999999204,51,115,Lead Alto Sax,18480,58,Alto Sax _ 1
93.95,0.28999999999999204,50,115,Lead Alto Sax,18540,58,Alto Sax _ 1
94.25,0.5900000000000034,48,115,Lead Alto Sax,18600,118,Alto Sax _ 1
94.85000000000001,1.1899999999999977,45,115,Lead Alto Sax,18720,238,Alto Sax _ 1
98.75,0.29000000000000625,62,115,Lead Alto Sax,19500,58,Alto Sax _ 1
99.05,0.5900000000000034,65,115,Lead Alto Sax,19560,118,Alto Sax _ 1
99.65,0.03999999999999204,67,115,Lead Alto Sax,19680,8,Alto Sax _ 1
99.7,1.1400000000000006,69,115,Lead Alto Sax,19690,228,Alto Sax _ 1
102.95,0.28999999999999204,62,115,Lead Alto Sax,20340,58,Alto Sax _ 1
103.25,0.29000000000000625,65,115,Lead Alto Sax,20400,58,Alto Sax _ 1
103.55,0.29000000000000625,67,115,Lead Alto Sax,20460,58,Alto Sax _ 1
103.85000000000001,0.03999999999999204,67,115,Lead Alto Sax,20520,8,Alto Sax _ 1
103.9,0.539999999999992,68,115,Lead Alto Sax,20530,108,Alto Sax _ 1
104.45,0.28999999999999204,67,115,Lead Alto Sax,20640,58,Alto Sax _ 1
104.75,0.29000000000000625,65,115,Lead Alto Sax,20700,58,Alto Sax _ 1
105.05,0.5900000000000034,62,115,Lead Alto Sax,20760,118,Alto Sax _ 1
105.65,0.5899999999999892,65,115,Lead Alto Sax,20880,118,Alto Sax _ 1
106.25,0.5900000000000034,69,115,Lead Alto Sax,21000,118,Alto Sax _ 1
108.35000000000001,0.28999999999999204,62,115,Lead Alto Sax,21420,58,Alto Sax _ 1
108.65,0.5900000000000034,65,115,Lead Alto Sax,21480,118,Alto Sax _ 1
109.25,2.3900000000000006,67,115,Lead Alto Sax,21600,478,Alto Sax _ 1
109.25,2.3900000000000006,71,115,Lead Alto Sax,21600,478,Alto Sax _ 1
112.55,0.29000000000000625,62,115,Lead Alto Sax,22260,58,Alto Sax _ 1
112.85000000000001,0.28999999999999204,65,115,Lead Alto Sax,22320,58,Alto Sax _ 1
113.15,0.28999999999999204,67,115,Lead Alto Sax,22380,58,Alto Sax _ 1
113.45,0.04000000000000625,67,115,Lead Alto Sax,22440,8,Alto Sax _ 1
113.5,0.5400000000000063,68,115,Lead Alto Sax,22450,108,Alto Sax _ 1
114.05,0.29000000000000625,67,115,Lead Alto Sax,22560,58,Alto Sax _ 1
114.35000000000001,0.28999999999999204,65,115,Lead Alto Sax,22620,58,Alto Sax _ 1
114.65,0.5900000000000034,62,115,Lead Alto Sax,22680,118,Alto Sax _ 1
115.25,0.5900000000000034,65,115,Lead Alto Sax,22800,118,Alto Sax _ 1
115.85000000000001,0.5899999999999892,62,115,Lead Alto Sax,22920,118,Alto Sax _ 1
116.45,0.29000000000000625,60,115,Lead Alto Sax,23040,58,Alto Sax _ 1
116.75,0.29000000000000625,57,115,Lead Alto Sax,23100,58,Alto Sax _ 1
117.05,0.5900000000000034,60,115,Lead Alto Sax,23160,118,Alto Sax _ 1
117.65,0.5900000000000034,62,115,Lead Alto Sax,23280,118,Alto Sax _ 1
118.25,0.5900000000000034,60,115,Lead Alto Sax,23400,118,Alto Sax _ 1
118.85000000000001,0.39000000000000057,55,115,Lead Alto Sax,23520,78,Alto Sax _ 1
119.25,0.39000000000000057,56,115,Lead Alto Sax,23600,78,Alto Sax _ 1
119.65,0.39000000000000057,57,115,Lead Alto Sax,23680,78,Alto Sax _ 1
120.05,1.190000000000012,64,115,Lead Alto Sax,23760,238,Alto Sax _ 1
133.25,0.5900000000000034,59,115,Lead Alto Sax,26400,118,Alto Sax _ 1
133.25,0.5900000000000034,54,115,Lead Alto Sax,26400,118,Alto Sax _ 1
133.85000000000002,0.589999999999975,62,115,Lead Alto Sax,26520,118,Alto Sax _ 1
133.85000000000002,0.589999999999975,57,115,Lead Alto Sax,26520,118,Alto Sax _ 1
141.2,0.36250000000001137,65,105,Lead Alto Sax,27720,58,Alto Sax _ 1
141.2,0.36250000000001137,68,105,Lead Alto Sax,27720,58,Alto Sax _ 1
141.575,1.8625000000000114,65,105,Lead Alto Sax,27780,298,Alto Sax _ 1
141.575,1.8625000000000114,68,105,Lead Alto Sax,27780,298,Alto Sax _ 1
143.45,0.36250000000001137,64,105,Lead Alto Sax,28080,58,Alto Sax _ 1
143.45,0.36250000000001137,67,105,Lead Alto Sax,28080,58,Alto Sax _ 1
143.45,0.36250000000001137,69,105,Lead Alto Sax,28080,58,Alto Sax _ 1
145.7,0.36250000000001137,69,105,Lead Alto Sax,28440,58,Alto Sax _ 1
146.075,0.7375000000000114,69,105,Lead Alto Sax,28500,118,Alto Sax _ 1
146.825,0.36250000000001137,69,105,Lead Alto Sax,28620,58,Alto Sax _ 1
146.825,0.36250000000001137,65,105,Lead Alto Sax,28620,58,Alto Sax _ 1
147.2,0.7375000000000114,65,105,Lead Alto Sax,28680,118,Alto Sax _ 1
147.2,0.7375000000000114,69,105,Lead Alto Sax,28680,118,Alto Sax _ 1
147.95,0.36250000000001137,72,105,Lead Alto Sax,28800,58,Alto Sax _ 1
147.95,0.36250000000001137,65,105,Lead Alto Sax,28800,58,Alto Sax _ 1
147.95,0.36250000000001137,69,105,Lead Alto Sax,28800,58,Alto Sax _ 1
148.325,1.8625000000000114,69,105,Lead Alto Sax,28860,298,Alto Sax _ 1
148.325,1.8625000000000114,65,105,Lead Alto Sax,28860,298,Alto Sax _ 1
148.325,1.8625000000000114,72,105,Lead Alto Sax,28860,298,Alto Sax _ 1
150.2,1.1125000000000114,71,105,Lead Alto Sax,29160,178,Alto Sax _ 1
150.2,1.1125000000000114,68,105,Lead Alto Sax,29160,178,Alto Sax _ 1
150.2,1.1125000000000114,64,105,Lead Alto Sax,29160,178,Alto Sax _ 1
218.95,0.5900000000000034,54,115,Lead Alto Sax,42360,118,Alto Sax _ 1
218.95,0.5900000000000034,59,115,Lead Alto Sax,42360,118,Alto Sax _ 1
219.54999999999998,0.5900000000000034,57,115,Lead Alto Sax,42480,118,Alto Sax _ 1
219.54999999999998,0.5900000000000034,62,115,Lead Alto Sax,42480,118,Alto Sax _ 1
224.64999999999998,0.36250000000001137,68,105,Lead Alto Sax,43320,58,Alto Sax _ 1
224.64999999999998,0.36250000000001137,65,105,Lead Alto Sax,43320,58,Alto Sax _ 1
225.02499999999998,1.8625000000000114,68,105,Lead Alto Sax,43380,298,Alto Sax _ 1
225.02499999999998,1.8625000000000114,65,105,Lead Alto Sax,43380,298,Alto Sax _ 1
226.89999999999998,0.36250000000001137,65,105,Lead Alto Sax,43680,58,Alto Sax _ 1
226.89999999999998,0.36250000000001137,68,105,Lead Alto Sax,43680,58,Alto Sax _ 1
227.27499999999998,1.8625000000000114,68,105,Lead Alto Sax,43740,298,Alto Sax _ 1
227.27499999999998,1.8625000000000114,65,105,Lead Alto Sax,43740,298,Alto Sax _ 1
229.14999999999998,0.36250000000001137,67,105,Lead Alto Sax,44040,58,Alto Sax _ 1
229.14999999999998,0.36250000000001137,69,105,Lead Alto Sax,44040,58,Alto Sax _ 1
229.14999999999998,0.36250000000001137,64,105,Lead Alto Sax,44040,58,Alto Sax _ 1
231.39999999999998,0.36250000000001137,69,105,Lead Alto Sax,44400,58,Alto Sax _ 1
231.77499999999998,0.7375000000000114,69,105,Lead Alto Sax,44460,118,Alto Sax _ 1
232.52499999999998,0.36250000000001137,65,105,Lead Alto Sax,44580,58,Alto Sax _ 1
232.52499999999998,0.36250000000001137,69,105,Lead Alto Sax,44580,58,Alto Sax _ 1
232.89999999999998,0.7375000000000114,69,105,Lead Alto Sax,44640,118,Alto Sax _ 1
232.89999999999998,0.7375000000000114,65,105,Lead Alto Sax,44640,118,Alto Sax _ 1
233.64999999999998,0.36250000000001137,72,105,Lead Alto Sax,44760,58,Alto Sax _ 1
233.64999999999998,0.36250000000001137,69,105,Lead Alto Sax,44760,58,Alto Sax _ 1
233.64999999999998,0.36250000000001137,65,105,Lead Alto Sax,44760,58,Alto Sax _ 1
234.02499999999998,1.8625000000000114,65,105,Lead Alto Sax,44820,298,Alto Sax _ 1
234.02499999999998,1.8625000000000114,69,105,Lead Alto Sax,44820,298,Alto Sax _ 1
234.02499999999998,1.8625000000000114,72,105,Lead Alto Sax,44820,298,Alto Sax _ 1
235.89999999999998,1.1125000000000114,71,105,Lead Alto Sax,45120,178,Alto Sax _ 1
235.89999999999998,1.1125000000000114,64,105,Lead Alto Sax,45120,178,Alto Sax _ 1
235.89999999999998,1.1125000000000114,68,105,Lead Alto Sax,45120,178,Alto Sax _ 1
244.95,0.28999999999999204,57,115,Lead Alto Sax,46380,58,Alto Sax _ 1
245.24999999999997,0.5900000000000034,60,115,Lead Alto Sax,46440,118,Alto Sax _ 1
245.84999999999997,0.14000000000001478,62,115,Lead Alto Sax,46560,28,Alto Sax _ 1
245.99999999999997,0.14000000000001478,64,115,Lead Alto Sax,46590,28,Alto Sax _ 1
246.14999999999998,0.13999999999998636,62,115,Lead Alto Sax,46620,28,Alto Sax _ 1
246.29999999999998,0.13999999999998636,60,115,Lead Alto Sax,46650,28,Alto Sax _ 1
246.45,0.589999999999975,57,115,Lead Alto Sax,46680,118,Alto Sax _ 1
249.14999999999998,0.28999999999999204,57,115,Lead Alto Sax,47220,58,Alto Sax _ 1
249.45,0.28999999999999204,60,115,Lead Alto Sax,47280,58,Alto Sax _ 1
249.74999999999997,0.28999999999999204,62,115,Lead Alto Sax,47340,58,Alto Sax _ 1
250.04999999999998,0.03999999999999204,62,115,Lead Alto Sax,47400,8,Alto Sax _ 1
250.09999999999997,0.5400000000000205,63,115,Lead Alto Sax,47410,108,Alto Sax _ 1
250.64999999999998,0.28999999999999204,62,115,Lead Alto Sax,47520,58,Alto Sax _ 1
250.95,0.28999999999999204,60,115,Lead Alto Sax,47580,58,Alto Sax _ 1
251.24999999999997,0.5900000000000034,57,115,Lead Alto Sax,47640,118,Alto Sax _ 1
251.84999999999997,0.5900000000000034,60,115,Lead Alto Sax,47760,118,Alto Sax _ 1
252.45,0.13999999999998636,62,115,Lead Alto Sax,47880,28,Alto Sax _ 1
252.59999999999997,0.14000000000001478,60,115,Lead Alto Sax,47910,28,Alto Sax _ 1
252.74999999999997,0.28999999999999204,57,115,Lead Alto Sax,47940,58,Alto Sax _ 1
254.54999999999995,0.29000000000002046,57,115,Lead Alto Sax,48300,58,Alto Sax _ 1
254.84999999999997,0.5900000000000318,60,115,Lead Alto Sax,48360,118,Alto Sax _ 1
255.45,0.13999999999998636,62,115,Lead Alto Sax,48480,28,Alto Sax _ 1
255.59999999999997,0.13999999999998636,63,115,Lead Alto Sax,48510,28,Alto Sax _ 1
255.75,0.13999999999998636,62,115,Lead Alto Sax,48540,28,Alto Sax _ 1
255.89999999999998,0.13999999999998636,63,115,Lead Alto Sax,48570,28,Alto Sax _ 1
256.04999999999995,0.29000000000002046,60,115,Lead Alto Sax,48600,58,Alto Sax _ 1
256.34999999999997,0.29000000000002046,57,115,Lead Alto Sax,48660,58,Alto Sax _ 1
258.75,0.2899999999999636,57,115,Lead Alto Sax,49140,58,Alto Sax _ 1
259.04999999999995,0.29000000000002046,60,115,Lead Alto Sax,49200,58,Alto Sax _ 1
259.34999999999997,0.29000000000002046,62,115,Lead Alto Sax,49260,58,Alto Sax _ 1
259.65,0.040000000000020464,62,115,Lead Alto Sax,49320,8,Alto Sax _ 1
259.7,0.5399999999999636,63,115,Lead Alto Sax,49330,108,Alto Sax _ 1
260.25,0.2899999999999636,62,115,Lead Alto Sax,49440,58,Alto Sax _ 1
260.54999999999995,0.29000000000002046,60,115,Lead Alto Sax,49500,58,Alto Sax _ 1
260.84999999999997,0.5900000000000318,57,115,Lead Alto Sax,49560,118,Alto Sax _ 1
261.45,0.589999999999975,60,115,Lead Alto Sax,49680,118,Alto Sax _ 1
262.04999999999995,0.5900000000000318,57,115,Lead Alto Sax,49800,118,Alto Sax _ 1
262.65,0.29000000000002046,55,115,Lead Alto Sax,49920,58,Alto Sax _ 1
262.95,0.2899999999999636,52,115,Lead Alto Sax,49980,58,Alto Sax _ 1
263.25,0.589999999999975,55,115,Lead Alto Sax,50040,118,Alto Sax _ 1
263.84999999999997,0.5900000000000318,57,115,Lead Alto Sax,50160,118,Alto Sax _ 1
264.45,0.589999999999975,55,115,Lead Alto Sax,50280,118,Alto Sax _ 1
265.04999999999995,0.29000000000002046,52,115,Lead Alto Sax,50400,58,Alto Sax _ 1
265.34999999999997,0.29000000000002046,50,115,Lead Alto Sax,50460,58,Alto Sax _ 1
265.65,0.589999999999975,48,115,Lead Alto Sax,50520,118,Alto Sax _ 1
266.25,1.1899999999999977,45,115,Lead Alto Sax,50640,238,Alto Sax _ 1
270.15,0.29000000000002046,62,115,Lead Alto Sax,51420,58,Alto Sax _ 1
270.45,0.589999999999975,65,115,Lead Alto Sax,51480,118,Alto Sax _ 1
271.04999999999995,0.040000000000020464,67,115,Lead Alto Sax,51600,8,Alto Sax _ 1
271.09999999999997,1.1399999999999864,69,115,Lead Alto Sax,51610,228,Alto Sax _ 1
273.75,0.2899999999999636,62,115,Lead Alto Sax,52140,58,Alto Sax _ 1
274.04999999999995,0.29000000000002046,62,115,Lead Alto Sax,52200,58,Alto Sax _ 1
274.34999999999997,0.29000000000002046,62,115,Lead Alto Sax,52260,58,Alto Sax _ 1
274.65,0.29000000000002046,65,115,Lead Alto Sax,52320,58,Alto Sax _ 1
274.95,0.2899999999999636,67,115,Lead Alto Sax,52380,58,Alto Sax _ 1
275.25,0.03999999999996362,67,115,Lead Alto Sax,52440,8,Alto Sax _ 1
275.29999999999995,0.5400000000000205,69,115,Lead Alto Sax,52450,108,Alto Sax _ 1
275.84999999999997,0.29000000000002046,67,115,Lead Alto Sax,52560,58,Alto Sax _ 1
276.15,0.29000000000002046,65,115,Lead Alto Sax,52620,58,Alto Sax _ 1
276.45,0.589999999999975,62,115,Lead Alto Sax,52680,118,Alto Sax _ 1
277.04999999999995,0.5900000000000318,65,115,Lead Alto Sax,52800,118,Alto Sax _ 1
277.65,0.5900000000000318,69,115,Lead Alto Sax,52920,118,Alto Sax _ 1
279.75,0.2899999999999636,62,115,Lead Alto Sax,53340,58,Alto Sax _ 1
280.04999999999995,0.5900000000000318,65,115,Lead Alto Sax,53400,118,Alto Sax _ 1
280.65,1.6399999999999864,71,115,Lead Alto Sax,53520,328,Alto Sax _ 1
282.29999999999995,0.040000000000020464,69,115,Lead Alto Sax,53850,8,Alto Sax _ 1
282.34999999999997,0.040000000000020464,67,115,Lead Alto Sax,53860,8,Alto Sax _ 1
282.4,0.040000000000020464,65,115,Lead Alto Sax,53870,8,Alto Sax _ 1
282.45,0.040000000000020464,62,115,Lead Alto Sax,53880,8,Alto Sax _ 1
282.5,0.03999999999996362,59,115,Lead Alto Sax,53890,8,Alto Sax _ 1
283.34999999999997,0.29000000000002046,62,115,Lead Alto Sax,54060,58,Alto Sax _ 1
283.65,0.29000000000002046,62,115,Lead Alto Sax,54120,58,Alto Sax _ 1
283.95,0.29000000000002046,62,115,Lead Alto Sax,54180,58,Alto Sax _ 1
284.25,0.2899999999999636,65,115,Lead Alto Sax,54240,58,Alto Sax _ 1
284.54999999999995,0.29000000000002046,67,115,Lead Alto Sax,54300,58,Alto Sax _ 1
284.84999999999997,0.040000000000020464,67,115,Lead Alto Sax,54360,8,Alto Sax _ 1
284.9,0.5400000000000205,69,115,Lead Alto Sax,54370,108,Alto Sax _ 1
285.45,0.29000000000002046,67,115,Lead Alto Sax,54480,58,Alto Sax _ 1
285.75,0.2899999999999636,65,115,Lead Alto Sax,54540,58,Alto Sax _ 1
286.04999999999995,0.5900000000000318,62,115,Lead Alto Sax,54600,118,Alto Sax _ 1
286.65,0.5900000000000318,65,115,Lead Alto Sax,54720,118,Alto Sax _ 1
287.25,0.589999999999975,62,115,Lead Alto Sax,54840,118,Alto Sax _ 1
287.84999999999997,0.29000000000002046,60,115,Lead Alto Sax,54960,58,Alto Sax _ 1
288.15,0.29000000000002046,57,115,Lead Alto Sax,55020,58,Alto Sax _ 1
288.45,0.589999999999975,60,115,Lead Alto Sax,55080,118,Alto Sax _ 1
289.04999999999995,0.5900000000000318,62,115,Lead Alto Sax,55200,118,Alto Sax _ 1
289.65,0.5900000000000318,60,115,Lead Alto Sax,55320,118,Alto Sax _ 1
290.25,0.38999999999998636,55,115,Lead Alto Sax,55440,78,Alto Sax _ 1
290.65,0.38999999999998636,56,115,Lead Alto Sax,55520,78,Alto Sax _ 1
291.04999999999995,0.3900000000000432,57,115,Lead Alto Sax,55600,78,Alto Sax _ 1
291.45,1.1899999999999977,60,115,Lead Alto Sax,55680,238,Alto Sax _ 1
294.75,1.490000000000009,69,105,Lead Alto Sax,56340,298,Alto Sax _ 1
296.25,2.3899999999999864,70,105,Lead Alto Sax,56640,478,Alto Sax _ 1
298.65,0.5900000000000318,71,105,Lead Alto Sax,57120,118,Alto Sax _ 1
304.65,0.5900000000000318,59,115,Lead Alto Sax,58320,118,Alto Sax _ 1
304.65,0.5900000000000318,54,115,Lead Alto Sax,58320,118,Alto Sax _ 1
305.25,0.589999999999975,62,115,Lead Alto Sax,58440,118,Alto Sax _ 1
305.25,0.589999999999975,57,115,Lead Alto Sax,58440,118,Alto Sax _ 1
0.0,1.1124999999999998,50,100,Rythm Gtr - Muted,480,178,Electric Guitar (muted) _ 1
0.75,0.7374999999999998,62,100,Rythm Gtr - Muted,600,118,Electric Guitar (muted) _ 1
0.375,1.4874999999999998,57,100,Rythm Gtr - Muted,540,238,Electric Guitar (muted) _ 1
1.875,0.3625000000000007,57,100,Rythm Gtr - Muted,780,58,Electric Guitar (muted) _ 1
1.5,0.7375000000000007,62,100,Rythm Gtr - Muted,720,118,Electric Guitar (muted) _ 1
1.125,1.1125000000000007,65,100,Rythm Gtr - Muted,660,178,Electric Guitar (muted) _ 1
2.25,1.1125000000000007,53,100,Rythm Gtr - Muted,840,178,Electric Guitar (muted) _ 1
3.0,0.7375000000000007,62,100,Rythm Gtr - Muted,960,118,Electric Guitar (muted) _ 1
2.625,1.4874999999999998,57,100,Rythm Gtr - Muted,900,238,Electric Guitar (muted) _ 1
4.125,0.3624999999999998,57,100,Rythm Gtr - Muted,1140,58,Electric Guitar (muted) _ 1
3.75,0.7374999999999998,62,100,Rythm Gtr - Muted,1080,118,Electric Guitar (muted) _ 1
3.375,1.1124999999999998,65,100,Rythm Gtr - Muted,1020,178,Electric Guitar (muted) _ 1
4.5,1.1125000000000007,52,100,Rythm Gtr - Muted,1200,178,Electric Guitar (muted) _ 1
5.625,0.3625000000000007,65,100,Rythm Gtr - Muted,1380,58,Electric Guitar (muted) _ 1
5.25,0.7375000000000007,62,100,Rythm Gtr - Muted,1320,118,Electric Guitar (muted) _ 1
4.875,1.1125000000000007,53,100,Rythm Gtr - Muted,1260,178,Electric Guitar (muted) _ 1
6.0,0.3625000000000007,48,100,Rythm Gtr - Muted,1440,58,Electric Guitar (muted) _ 1
6.375,0.3625000000000007,47,100,Rythm Gtr - Muted,1500,58,Electric Guitar (muted) _ 1
6.75,1.1125000000000007,46,100,Rythm Gtr - Muted,1560,178,Electric Guitar (muted) _ 1
7.125,1.1125000000000007,53,100,Rythm Gtr - Muted,1620,178,Electric Guitar (muted) _ 1
7.5,1.1125000000000007,57,100,Rythm Gtr - Muted,1680,178,Electric Guitar (muted) _ 1
8.625,0.3625000000000007,57,100,Rythm Gtr - Muted,1860,58,Electric Guitar (muted) _ 1
8.25,0.7375000000000007,62,100,Rythm Gtr - Muted,1800,118,Electric Guitar (muted) _ 1
7.875,1.1125000000000007,65,100,Rythm Gtr - Muted,1740,178,Electric Guitar (muted) _ 1
9.0,1.1125000000000007,45,100,Rythm Gtr - Muted,1920,178,Electric Guitar (muted) _ 1
10.125,3.414999999999999,65,100,Rythm Gtr - Muted,2100,358,Electric Guitar (muted) _ 1
9.75,3.789999999999999,61,100,Rythm Gtr - Muted,2040,418,Electric Guitar (muted) _ 1
9.375,4.164999999999999,57,100,Rythm Gtr - Muted,1980,478,Electric Guitar (muted) _ 1
28.85,1.1899999999999977,57,100,Rythm Gtr - Muted,5520,238,Electric Guitar (muted) _ 1
28.85,1.1899999999999977,64,100,Rythm Gtr - Muted,5520,238,Electric Guitar (muted) _ 1
28.85,1.1899999999999977,60,100,Rythm Gtr - Muted,5520,238,Electric Guitar (muted) _ 1
30.049999999999997,1.1900000000000048,55,100,Rythm Gtr - Muted,5760,238,Electric Guitar (muted) _ 1
30.049999999999997,1.1900000000000048,60,100,Rythm Gtr - Muted,5760,238,Electric Guitar (muted) _ 1
30.049999999999997,1.1900000000000048,64,100,Rythm Gtr - Muted,5760,238,Electric Guitar (muted) _ 1
31.25,0.5900000000000034,60,100,Rythm Gtr - Muted,6000,118,Electric Guitar (muted) _ 1
31.25,0.5900000000000034,55,100,Rythm Gtr - Muted,6000,118,Electric Guitar (muted) _ 1
31.85,0.5899999999999963,55,100,Rythm Gtr - Muted,6120,118,Electric Guitar (muted) _ 1
31.85,0.5899999999999963,60,100,Rythm Gtr - Muted,6120,118,Electric Guitar (muted) _ 1
31.549999999999997,0.8900000000000006,52,100,Rythm Gtr - Muted,6060,178,Electric Guitar (muted) _ 1
32.45,0.03999999999999915,55,100,Rythm Gtr - Muted,6240,8,Electric Guitar (muted) _ 1
32.45,0.06499999999999773,64,100,Rythm Gtr - Muted,6240,13,Electric Guitar (muted) _ 1
32.525000000000006,1.1149999999999949,65,100,Rythm Gtr - Muted,6255,223,Electric Guitar (muted) _ 1
32.5,1.1400000000000006,57,100,Rythm Gtr - Muted,6250,228,Electric Guitar (muted) _ 1
32.45,1.1899999999999977,60,100,Rythm Gtr - Muted,6240,238,Electric Guitar (muted) _ 1
35.45,0.28999999999999915,55,100,Rythm Gtr - Muted,6840,58,Electric Guitar (muted) _ 1
35.45,0.28999999999999915,60,100,Rythm Gtr - Muted,6840,58,Electric Guitar (muted) _ 1
35.75,0.28999999999999915,55,100,Rythm Gtr - Muted,6900,58,Electric Guitar (muted) _ 1
35.75,0.28999999999999915,60,100,Rythm Gtr - Muted,6900,58,Electric Guitar (muted) _ 1
36.35,0.14000000000000057,52,100,Rythm Gtr - Muted,7020,28,Electric Guitar (muted) _ 1
36.5,0.14000000000000057,50,100,Rythm Gtr - Muted,7050,28,Electric Guitar (muted) _ 1
36.05,0.8900000000000006,55,100,Rythm Gtr - Muted,6960,178,Electric Guitar (muted) _ 1
36.95,0.28999999999999915,55,100,Rythm Gtr - Muted,7140,58,Electric Guitar (muted) _ 1
36.650000000000006,0.5899999999999963,52,100,Rythm Gtr - Muted,7080,118,Electric Guitar (muted) _ 1
36.05,1.1900000000000048,60,100,Rythm Gtr - Muted,6960,238,Electric Guitar (muted) _ 1
37.25,0.28999999999999915,45,100,Rythm Gtr - Muted,7200,58,Electric Guitar (muted) _ 1
37.25,0.28999999999999915,52,100,Rythm Gtr - Muted,7200,58,Electric Guitar (muted) _ 1
37.55,0.29000000000000625,52,100,Rythm Gtr - Muted,7260,58,Electric Guitar (muted) _ 1
37.55,0.29000000000000625,45,100,Rythm Gtr - Muted,7260,58,Electric Guitar (muted) _ 1
37.85,0.28999999999999915,60,100,Rythm Gtr - Muted,7320,58,Electric Guitar (muted) _ 1
37.85,0.28999999999999915,55,100,Rythm Gtr - Muted,7320,58,Electric Guitar (muted) _ 1
37.85,0.28999999999999915,52,100,Rythm Gtr - Muted,7320,58,Electric Guitar (muted) _ 1
40.85,0.28999999999999915,57,100,Rythm Gtr - Muted,7920,58,Electric Guitar (muted) _ 1
40.85,0.28999999999999915,50,100,Rythm Gtr - Muted,7920,58,Electric Guitar (muted) _ 1
41.150000000000006,0.28999999999999204,57,100,Rythm Gtr - Muted,7980,58,Electric Guitar (muted) _ 1
41.150000000000006,0.28999999999999204,50,100,Rythm Gtr - Muted,7980,58,Electric Guitar (muted) _ 1
41.45,0.5899999999999963,57,100,Rythm Gtr - Muted,8040,118,Electric Guitar (muted) _ 1
41.45,0.5899999999999963,60,125,Rythm Gtr - Muted,8040,118,Electric Guitar (muted) _ 1
41.45,0.5899999999999963,50,100,Rythm Gtr - Muted,8040,118,Electric Guitar (muted) _ 1
41.45,0.5899999999999963,65,100,Rythm Gtr - Muted,8040,118,Electric Guitar (muted) _ 1
47.45,0.28999999999999915,60,100,Rythm Gtr - Muted,9240,58,Electric Guitar (muted) _ 1
47.45,0.28999999999999915,57,100,Rythm Gtr - Muted,9240,58,Electric Guitar (muted) _ 1
47.75,0.28999999999999915,57,100,Rythm Gtr - Muted,9300,58,Electric Guitar (muted) _ 1
47.75,0.28999999999999915,60,100,Rythm Gtr - Muted,9300,58,Electric Guitar (muted) _ 1
48.050000000000004,0.28999999999999915,65,100,Rythm Gtr - Muted,9360,58,Electric Guitar (muted) _ 1
48.050000000000004,0.28999999999999915,60,100,Rythm Gtr - Muted,9360,58,Electric Guitar (muted) _ 1
48.35,0.28999999999999915,65,100,Rythm Gtr - Muted,9420,58,Electric Guitar (muted) _ 1
48.35,0.28999999999999915,60,100,Rythm Gtr - Muted,9420,58,Electric Guitar (muted) _ 1
51.65,0.28999999999999915,57,100,Rythm Gtr - Muted,10080,58,Electric Guitar (muted) _ 1
51.65,0.28999999999999915,50,100,Rythm Gtr - Muted,10080,58,Electric Guitar (muted) _ 1
51.95,0.28999999999999915,50,100,Rythm Gtr - Muted,10140,58,Electric Guitar (muted) _ 1
51.95,0.28999999999999915,65,100,Rythm Gtr - Muted,10140,58,Electric Guitar (muted) _ 1
51.95,0.28999999999999915,60,100,Rythm Gtr - Muted,10140,58,Electric Guitar (muted) _ 1
51.95,0.28999999999999915,57,100,Rythm Gtr - Muted,10140,58,Electric Guitar (muted) _ 1
52.25,0.28999999999999915,65,100,Rythm Gtr - Muted,10200,58,Electric Guitar (muted) _ 1
52.25,0.28999999999999915,60,100,Rythm Gtr - Muted,10200,58,Electric Guitar (muted) _ 1
52.25,0.28999999999999915,57,100,Rythm Gtr - Muted,10200,58,Electric Guitar (muted) _ 1
52.25,0.28999999999999915,69,100,Rythm Gtr - Muted,10200,58,Electric Guitar (muted) _ 1
52.25,0.28999999999999915,50,100,Rythm Gtr - Muted,10200,58,Electric Guitar (muted) _ 1
54.050000000000004,1.1899999999999977,60,100,Rythm Gtr - Muted,10560,238,Electric Guitar (muted) _ 1
54.050000000000004,1.1899999999999977,57,100,Rythm Gtr - Muted,10560,238,Electric Guitar (muted) _ 1
55.25,1.1899999999999977,59,100,Rythm Gtr - Muted,10800,238,Electric Guitar (muted) _ 1
55.25,1.1899999999999977,62,100,Rythm Gtr - Muted,10800,238,Electric Guitar (muted) _ 1
56.45,1.1899999999999977,60,100,Rythm Gtr - Muted,11040,238,Electric Guitar (muted) _ 1
56.45,1.1899999999999977,55,100,Rythm Gtr - Muted,11040,238,Electric Guitar (muted) _ 1
57.65,1.1900000000000048,53,100,Rythm Gtr - Muted,11280,238,Electric Guitar (muted) _ 1
57.65,1.1900000000000048,58,100,Rythm Gtr - Muted,11280,238,Electric Guitar (muted) _ 1
58.85,0.39000000000000057,50,100,Rythm Gtr - Muted,11520,78,Electric Guitar (muted) _ 1
58.85,0.39000000000000057,57,100,Rythm Gtr - Muted,11520,78,Electric Guitar (muted) _ 1
59.25,0.39000000000000057,51,100,Rythm Gtr - Muted,11600,78,Electric Guitar (muted) _ 1
59.25,0.39000000000000057,58,100,Rythm Gtr - Muted,11600,78,Electric Guitar (muted) _ 1
59.65,0.39000000000000057,59,100,Rythm Gtr - Muted,11680,78,Electric Guitar (muted) _ 1
59.65,0.39000000000000057,52,100,Rythm Gtr - Muted,11680,78,Electric Guitar (muted) _ 1
60.65,0.28999999999999915,62,100,Rythm Gtr - Muted,11880,58,Electric Guitar (muted) _ 1
60.65,0.28999999999999915,65,100,Rythm Gtr - Muted,11880,58,Electric Guitar (muted) _ 1
60.65,0.28999999999999915,56,100,Rythm Gtr - Muted,11880,58,Electric Guitar (muted) _ 1
60.95,0.28999999999999915,56,100,Rythm Gtr - Muted,11940,58,Electric Guitar (muted) _ 1
60.95,0.28999999999999915,62,100,Rythm Gtr - Muted,11940,58,Electric Guitar (muted) _ 1
60.95,0.28999999999999915,65,100,Rythm Gtr - Muted,11940,58,Electric Guitar (muted) _ 1
61.25,0.28999999999999915,56,100,Rythm Gtr - Muted,12000,58,Electric Guitar (muted) _ 1
61.25,0.28999999999999915,65,100,Rythm Gtr - Muted,12000,58,Electric Guitar (muted) _ 1
61.25,0.28999999999999915,62,100,Rythm Gtr - Muted,12000,58,Electric Guitar (muted) _ 1
61.550000000000004,0.5899999999999963,62,100,Rythm Gtr - Muted,12060,118,Electric Guitar (muted) _ 1
61.550000000000004,0.5899999999999963,56,100,Rythm Gtr - Muted,12060,118,Electric Guitar (muted) _ 1
61.550000000000004,0.5899999999999963,65,100,Rythm Gtr - Muted,12060,118,Electric Guitar (muted) _ 1
62.150000000000006,0.28999999999999204,56,100,Rythm Gtr - Muted,12180,58,Electric Guitar (muted) _ 1
62.150000000000006,0.28999999999999204,62,100,Rythm Gtr - Muted,12180,58,Electric Guitar (muted) _ 1
62.150000000000006,0.28999999999999204,65,100,Rythm Gtr - Muted,12180,58,Electric Guitar (muted) _ 1
62.45,0.29000000000000625,56,100,Rythm Gtr - Muted,12240,58,Electric Guitar (muted) _ 1
62.45,0.29000000000000625,65,100,Rythm Gtr - Muted,12240,58,Electric Guitar (muted) _ 1
62.45,0.29000000000000625,62,100,Rythm Gtr - Muted,12240,58,Electric Guitar (muted) _ 1
62.75,0.28999999999999204,62,100,Rythm Gtr - Muted,12300,58,Electric Guitar (muted) _ 1
62.75,0.28999999999999204,56,100,Rythm Gtr - Muted,12300,58,Electric Guitar (muted) _ 1
62.75,0.28999999999999204,65,100,Rythm Gtr - Muted,12300,58,Electric Guitar (muted) _ 1
65.45,0.29000000000000625,62,100,Rythm Gtr - Muted,12840,58,Electric Guitar (muted) _ 1
65.45,0.29000000000000625,65,100,Rythm Gtr - Muted,12840,58,Electric Guitar (muted) _ 1
65.45,0.29000000000000625,56,100,Rythm Gtr - Muted,12840,58,Electric Guitar (muted) _ 1
65.75,0.28999999999999204,62,100,Rythm Gtr - Muted,12900,58,Electric Guitar (muted) _ 1
65.75,0.28999999999999204,65,100,Rythm Gtr - Muted,12900,58,Electric Guitar (muted) _ 1
65.75,0.28999999999999204,56,100,Rythm Gtr - Muted,12900,58,Electric Guitar (muted) _ 1
66.05000000000001,0.28999999999999204,65,100,Rythm Gtr - Muted,12960,58,Electric Guitar (muted) _ 1
66.05000000000001,0.28999999999999204,62,100,Rythm Gtr - Muted,12960,58,Electric Guitar (muted) _ 1
66.05000000000001,0.28999999999999204,56,100,Rythm Gtr - Muted,12960,58,Electric Guitar (muted) _ 1
66.35,0.5900000000000034,62,100,Rythm Gtr - Muted,13020,118,Electric Guitar (muted) _ 1
66.35,0.5900000000000034,65,100,Rythm Gtr - Muted,13020,118,Electric Guitar (muted) _ 1
66.35,0.5900000000000034,56,100,Rythm Gtr - Muted,13020,118,Electric Guitar (muted) _ 1
66.95,0.29000000000000625,62,100,Rythm Gtr - Muted,13140,58,Electric Guitar (muted) _ 1
66.95,0.29000000000000625,56,100,Rythm Gtr - Muted,13140,58,Electric Guitar (muted) _ 1
66.95,0.29000000000000625,65,100,Rythm Gtr - Muted,13140,58,Electric Guitar (muted) _ 1
67.25,0.28999999999999204,56,100,Rythm Gtr - Muted,13200,58,Electric Guitar (muted) _ 1
67.25,0.28999999999999204,62,100,Rythm Gtr - Muted,13200,58,Electric Guitar (muted) _ 1
67.25,0.28999999999999204,65,100,Rythm Gtr - Muted,13200,58,Electric Guitar (muted) _ 1
67.55000000000001,0.28999999999999204,56,100,Rythm Gtr - Muted,13260,58,Electric Guitar (muted) _ 1
67.55000000000001,0.28999999999999204,62,100,Rythm Gtr - Muted,13260,58,Electric Guitar (muted) _ 1
67.55000000000001,0.28999999999999204,65,100,Rythm Gtr - Muted,13260,58,Electric Guitar (muted) _ 1
70.25,0.28999999999999204,56,100,Rythm Gtr - Muted,13800,58,Electric Guitar (muted) _ 1
70.25,0.28999999999999204,65,100,Rythm Gtr - Muted,13800,58,Electric Guitar (muted) _ 1
70.25,0.28999999999999204,62,100,Rythm Gtr - Muted,13800,58,Electric Guitar (muted) _ 1
70.55000000000001,0.28999999999999204,65,100,Rythm Gtr - Muted,13860,58,Electric Guitar (muted) _ 1
70.55000000000001,0.28999999999999204,56,100,Rythm Gtr - Muted,13860,58,Electric Guitar (muted) _ 1
70.55000000000001,0.28999999999999204,62,100,Rythm Gtr - Muted,13860,58,Electric Guitar (muted) _ 1
70.85,0.29000000000000625,65,100,Rythm Gtr - Muted,13920,58,Electric Guitar (muted) _ 1
70.85,0.29000000000000625,56,100,Rythm Gtr - Muted,13920,58,Electric Guitar (muted) _ 1
70.85,0.29000000000000625,62,100,Rythm Gtr - Muted,13920,58,Electric Guitar (muted) _ 1
71.15,0.5900000000000034,56,100,Rythm Gtr - Muted,13980,118,Electric Guitar (muted) _ 1
71.15,0.5900000000000034,65,100,Rythm Gtr - Muted,13980,118,Electric Guitar (muted) _ 1
71.15,0.5900000000000034,62,100,Rythm Gtr - Muted,13980,118,Electric Guitar (muted) _ 1
71.75,0.28999999999999204,56,100,Rythm Gtr - Muted,14100,58,Electric Guitar (muted) _ 1
71.75,0.28999999999999204,65,100,Rythm Gtr - Muted,14100,58,Electric Guitar (muted) _ 1
71.75,0.28999999999999204,62,100,Rythm Gtr - Muted,14100,58,Electric Guitar (muted) _ 1
72.05000000000001,0.28999999999999204,56,100,Rythm Gtr - Muted,14160,58,Electric Guitar (muted) _ 1
72.05000000000001,0.28999999999999204,65,100,Rythm Gtr - Muted,14160,58,Electric Guitar (muted) _ 1
72.05000000000001,0.28999999999999204,62,100,Rythm Gtr - Muted,14160,58,Electric Guitar (muted) _ 1
76.25,0.28999999999999204,45,100,Rythm Gtr - Muted,15000,58,Electric Guitar (muted) _ 1
76.25,0.28999999999999204,52,100,Rythm Gtr - Muted,15000,58,Electric Guitar (muted) _ 1
76.55000000000001,0.28999999999999204,45,100,Rythm Gtr - Muted,15060,58,Electric Guitar (muted) _ 1
76.55000000000001,0.28999999999999204,52,100,Rythm Gtr - Muted,15060,58,Electric Guitar (muted) _ 1
76.85,1.190000000000012,60,100,Rythm Gtr - Muted,15120,238,Electric Guitar (muted) _ 1
76.85,1.190000000000012,45,100,Rythm Gtr - Muted,15120,238,Electric Guitar (muted) _ 1
76.85,1.190000000000012,52,100,Rythm Gtr - Muted,15120,238,Electric Guitar (muted) _ 1
76.85,1.190000000000012,64,100,Rythm Gtr - Muted,15120,238,Electric Guitar (muted) _ 1
76.85,1.190000000000012,57,100,Rythm Gtr - Muted,15120,238,Electric Guitar (muted) _ 1
81.65,0.28999999999999204,60,100,Rythm Gtr - Muted,16080,58,Electric Guitar (muted) _ 1
81.65,0.28999999999999204,55,100,Rythm Gtr - Muted,16080,58,Electric Guitar (muted) _ 1
81.95,0.28999999999999204,55,100,Rythm Gtr - Muted,16140,58,Electric Guitar (muted) _ 1
81.95,0.28999999999999204,60,100,Rythm Gtr - Muted,16140,58,Electric Guitar (muted) _ 1
82.25,0.29000000000000625,55,100,Rythm Gtr - Muted,16200,58,Electric Guitar (muted) _ 1
82.55,0.14000000000000057,55,100,Rythm Gtr - Muted,16260,28,Electric Guitar (muted) _ 1
82.7,0.14000000000000057,57,100,Rythm Gtr - Muted,16290,28,Electric Guitar (muted) _ 1
82.25,0.5900000000000034,60,100,Rythm Gtr - Muted,16200,118,Electric Guitar (muted) _ 1
86.15,0.28999999999999204,50,100,Rythm Gtr - Muted,16980,58,Electric Guitar (muted) _ 1
86.45,0.28999999999999204,52,100,Rythm Gtr - Muted,17040,58,Electric Guitar (muted) _ 1
86.75,0.29000000000000625,55,100,Rythm Gtr - Muted,17100,58,Electric Guitar (muted) _ 1
86.75,0.29000000000000625,52,100,Rythm Gtr - Muted,17100,58,Electric Guitar (muted) _ 1
87.05,0.29000000000000625,52,100,Rythm Gtr - Muted,17160,58,Electric Guitar (muted) _ 1
87.05,0.29000000000000625,55,100,Rythm Gtr - Muted,17160,58,Electric Guitar (muted) _ 1
86.75,0.5900000000000034,60,100,Rythm Gtr - Muted,17100,118,Electric Guitar (muted) _ 1
88.85000000000001,1.1899999999999977,57,100,Rythm Gtr - Muted,17520,238,Electric Guitar (muted) _ 1
88.85000000000001,1.1899999999999977,60,100,Rythm Gtr - Muted,17520,238,Electric Guitar (muted) _ 1
88.85000000000001,1.1899999999999977,64,100,Rythm Gtr - Muted,17520,238,Electric Guitar (muted) _ 1
90.05,1.1899999999999977,60,100,Rythm Gtr - Muted,17760,238,Electric Guitar (muted) _ 1
90.05,1.1899999999999977,55,100,Rythm Gtr - Muted,17760,238,Electric Guitar (muted) _ 1
90.05,1.1899999999999977,64,100,Rythm Gtr - Muted,17760,238,Electric Guitar (muted) _ 1
91.25,0.5900000000000034,55,100,Rythm Gtr - Muted,18000,118,Electric Guitar (muted) _ 1
91.25,0.5900000000000034,60,100,Rythm Gtr - Muted,18000,118,Electric Guitar (muted) _ 1
91.85000000000001,0.5899999999999892,55,100,Rythm Gtr - Muted,18120,118,Electric Guitar (muted) _ 1
91.85000000000001,0.5899999999999892,60,100,Rythm Gtr - Muted,18120,118,Electric Guitar (muted) _ 1
91.55,0.8900000000000006,52,100,Rythm Gtr - Muted,18060,178,Electric Guitar (muted) _ 1
92.45,0.03999999999999204,55,100,Rythm Gtr - Muted,18240,8,Electric Guitar (muted) _ 1
92.45,0.06499999999999773,64,100,Rythm Gtr - Muted,18240,13,Electric Guitar (muted) _ 1
92.525,1.1149999999999949,65,100,Rythm Gtr - Muted,18255,223,Electric Guitar (muted) _ 1
92.5,1.1400000000000006,57,100,Rythm Gtr - Muted,18250,228,Electric Guitar (muted) _ 1
92.45,1.1899999999999977,60,100,Rythm Gtr - Muted,18240,238,Electric Guitar (muted) _ 1
95.45,0.28999999999999204,55,100,Rythm Gtr - Muted,18840,58,Electric Guitar (muted) _ 1
95.45,0.28999999999999204,60,100,Rythm Gtr - Muted,18840,58,Electric Guitar (muted) _ 1
95.75,0.29000000000000625,55,100,Rythm Gtr - Muted,18900,58,Electric Guitar (muted) _ 1
95.75,0.29000000000000625,60,100,Rythm Gtr - Muted,18900,58,Electric Guitar (muted) _ 1
96.35000000000001,0.13999999999998636,52,100,Rythm Gtr - Muted,19020,28,Electric Guitar (muted) _ 1
96.5,0.14000000000000057,50,100,Rythm Gtr - Muted,19050,28,Electric Guitar (muted) _ 1
96.05,0.8900000000000006,55,100,Rythm Gtr - Muted,18960,178,Electric Guitar (muted) _ 1
96.95,0.28999999999999204,55,100,Rythm Gtr - Muted,19140,58,Electric Guitar (muted) _ 1
96.65,0.5899999999999892,52,100,Rythm Gtr - Muted,19080,118,Electric Guitar (muted) _ 1
96.05,1.1899999999999977,60,100,Rythm Gtr - Muted,18960,238,Electric Guitar (muted) _ 1
97.25,0.29000000000000625,45,100,Rythm Gtr - Muted,19200,58,Electric Guitar (muted) _ 1
97.25,0.29000000000000625,52,100,Rythm Gtr - Muted,19200,58,Electric Guitar (muted) _ 1
97.55,0.29000000000000625,45,100,Rythm Gtr - Muted,19260,58,Electric Guitar (muted) _ 1
97.55,0.29000000000000625,52,100,Rythm Gtr - Muted,19260,58,Electric Guitar (muted) _ 1
97.85000000000001,0.28999999999999204,60,100,Rythm Gtr - Muted,19320,58,Electric Guitar (muted) _ 1
97.85000000000001,0.28999999999999204,52,100,Rythm Gtr - Muted,19320,58,Electric Guitar (muted) _ 1
97.85000000000001,0.28999999999999204,55,100,Rythm Gtr - Muted,19320,58,Electric Guitar (muted) _ 1
100.85000000000001,0.28999999999999204,57,100,Rythm Gtr - Muted,19920,58,Electric Guitar (muted) _ 1
100.85000000000001,0.28999999999999204,50,100,Rythm Gtr - Muted,19920,58,Electric Guitar (muted) _ 1
101.15,0.28999999999999204,50,100,Rythm Gtr - Muted,19980,58,Electric Guitar (muted) _ 1
101.15,0.28999999999999204,57,100,Rythm Gtr - Muted,19980,58,Electric Guitar (muted) _ 1
101.45,0.5900000000000034,57,100,Rythm Gtr - Muted,20040,118,Electric Guitar (muted) _ 1
101.45,0.5900000000000034,50,100,Rythm Gtr - Muted,20040,118,Electric Guitar (muted) _ 1
101.45,0.5900000000000034,65,100,Rythm Gtr - Muted,20040,118,Electric Guitar (muted) _ 1
101.45,0.5900000000000034,60,100,Rythm Gtr - Muted,20040,118,Electric Guitar (muted) _ 1
107.45,0.28999999999999204,57,100,Rythm Gtr - Muted,21240,58,Electric Guitar (muted) _ 1
107.45,0.28999999999999204,60,100,Rythm Gtr - Muted,21240,58,Electric Guitar (muted) _ 1
107.75,0.29000000000000625,60,100,Rythm Gtr - Muted,21300,58,Electric Guitar (muted) _ 1
107.75,0.29000000000000625,57,100,Rythm Gtr - Muted,21300,58,Electric Guitar (muted) _ 1
108.05,0.29000000000000625,60,100,Rythm Gtr - Muted,21360,58,Electric Guitar (muted) _ 1
108.05,0.29000000000000625,65,100,Rythm Gtr - Muted,21360,58,Electric Guitar (muted) _ 1
108.35000000000001,0.28999999999999204,60,100,Rythm Gtr - Muted,21420,58,Electric Guitar (muted) _ 1
108.35000000000001,0.28999999999999204,65,100,Rythm Gtr - Muted,21420,58,Electric Guitar (muted) _ 1
111.65,0.28999999999999204,50,100,Rythm Gtr - Muted,22080,58,Electric Guitar (muted) _ 1
111.65,0.28999999999999204,57,100,Rythm Gtr - Muted,22080,58,Electric Guitar (muted) _ 1
111.95,0.29000000000000625,60,100,Rythm Gtr - Muted,22140,58,Electric Guitar (muted) _ 1
111.95,0.29000000000000625,65,100,Rythm Gtr - Muted,22140,58,Electric Guitar (muted) _ 1
111.95,0.29000000000000625,50,100,Rythm Gtr - Muted,22140,58,Electric Guitar (muted) _ 1
111.95,0.29000000000000625,57,100,Rythm Gtr - Muted,22140,58,Electric Guitar (muted) _ 1
112.25,0.29000000000000625,57,100,Rythm Gtr - Muted,22200,58,Electric Guitar (muted) _ 1
112.25,0.29000000000000625,60,100,Rythm Gtr - Muted,22200,58,Electric Guitar (muted) _ 1
112.25,0.29000000000000625,69,100,Rythm Gtr - Muted,22200,58,Electric Guitar (muted) _ 1
112.25,0.29000000000000625,50,100,Rythm Gtr - Muted,22200,58,Electric Guitar (muted) _ 1
112.25,0.29000000000000625,65,100,Rythm Gtr - Muted,22200,58,Electric Guitar (muted) _ 1
114.05,1.190000000000012,60,100,Rythm Gtr - Muted,22560,238,Electric Guitar (muted) _ 1
114.05,1.190000000000012,57,100,Rythm Gtr - Muted,22560,238,Electric Guitar (muted) _ 1
115.25,1.1899999999999977,59,100,Rythm Gtr - Muted,22800,238,Electric Guitar (muted) _ 1
115.25,1.1899999999999977,62,100,Rythm Gtr - Muted,22800,238,Electric Guitar (muted) _ 1
116.45,1.1899999999999977,60,100,Rythm Gtr - Muted,23040,238,Electric Guitar (muted) _ 1
116.45,1.1899999999999977,55,100,Rythm Gtr - Muted,23040,238,Electric Guitar (muted) _ 1
117.65,1.1899999999999977,53,100,Rythm Gtr - Muted,23280,238,Electric Guitar (muted) _ 1
117.65,1.1899999999999977,58,100,Rythm Gtr - Muted,23280,238,Electric Guitar (muted) _ 1
118.85000000000001,0.39000000000000057,50,100,Rythm Gtr - Muted,23520,78,Electric Guitar (muted) _ 1
118.85000000000001,0.39000000000000057,57,100,Rythm Gtr - Muted,23520,78,Electric Guitar (muted) _ 1
119.25,0.39000000000000057,51,100,Rythm Gtr - Muted,23600,78,Electric Guitar (muted) _ 1
119.25,0.39000000000000057,58,100,Rythm Gtr - Muted,23600,78,Electric Guitar (muted) _ 1
119.65,0.39000000000000057,59,100,Rythm Gtr - Muted,23680,78,Electric Guitar (muted) _ 1
119.65,0.39000000000000057,52,100,Rythm Gtr - Muted,23680,78,Electric Guitar (muted) _ 1
120.65,0.28999999999999204,65,100,Rythm Gtr - Muted,23880,58,Electric Guitar (muted) _ 1
120.65,0.28999999999999204,56,100,Rythm Gtr - Muted,23880,58,Electric Guitar (muted) _ 1
120.65,0.28999999999999204,62,100,Rythm Gtr - Muted,23880,58,Electric Guitar (muted) _ 1
120.95,0.29000000000000625,56,100,Rythm Gtr - Muted,23940,58,Electric Guitar (muted) _ 1
120.95,0.29000000000000625,62,100,Rythm Gtr - Muted,23940,58,Electric Guitar (muted) _ 1
120.95,0.29000000000000625,65,100,Rythm Gtr - Muted,23940,58,Electric Guitar (muted) _ 1
121.25,0.29000000000000625,65,100,Rythm Gtr - Muted,24000,58,Electric Guitar (muted) _ 1
121.25,0.29000000000000625,62,100,Rythm Gtr - Muted,24000,58,Electric Guitar (muted) _ 1
121.25,0.29000000000000625,56,100,Rythm Gtr - Muted,24000,58,Electric Guitar (muted) _ 1
121.55,0.5900000000000034,62,100,Rythm Gtr - Muted,24060,118,Electric Guitar (muted) _ 1
121.55,0.5900000000000034,65,100,Rythm Gtr - Muted,24060,118,Electric Guitar (muted) _ 1
121.55,0.5900000000000034,56,100,Rythm Gtr - Muted,24060,118,Electric Guitar (muted) _ 1
122.15,0.28999999999999204,62,100,Rythm Gtr - Muted,24180,58,Electric Guitar (muted) _ 1
122.15,0.28999999999999204,56,100,Rythm Gtr - Muted,24180,58,Electric Guitar (muted) _ 1
122.15,0.28999999999999204,65,100,Rythm Gtr - Muted,24180,58,Electric Guitar (muted) _ 1
122.45,0.29000000000000625,56,100,Rythm Gtr - Muted,24240,58,Electric Guitar (muted) _ 1
122.45,0.29000000000000625,65,100,Rythm Gtr - Muted,24240,58,Electric Guitar (muted) _ 1
122.45,0.29000000000000625,62,100,Rythm Gtr - Muted,24240,58,Electric Guitar (muted) _ 1
122.75,0.29000000000000625,65,100,Rythm Gtr - Muted,24300,58,Electric Guitar (muted) _ 1
122.75,0.29000000000000625,56,100,Rythm Gtr - Muted,24300,58,Electric Guitar (muted) _ 1
122.75,0.29000000000000625,62,100,Rythm Gtr - Muted,24300,58,Electric Guitar (muted) _ 1
125.45,0.29000000000000625,62,100,Rythm Gtr - Muted,24840,58,Electric Guitar (muted) _ 1
125.45,0.29000000000000625,65,100,Rythm Gtr - Muted,24840,58,Electric Guitar (muted) _ 1
125.45,0.29000000000000625,56,100,Rythm Gtr - Muted,24840,58,Electric Guitar (muted) _ 1
125.75,0.29000000000002046,65,100,Rythm Gtr - Muted,24900,58,Electric Guitar (muted) _ 1
125.75,0.29000000000002046,56,100,Rythm Gtr - Muted,24900,58,Electric Guitar (muted) _ 1
125.75,0.29000000000002046,62,100,Rythm Gtr - Muted,24900,58,Electric Guitar (muted) _ 1
126.05000000000001,0.28999999999999204,65,100,Rythm Gtr - Muted,24960,58,Electric Guitar (muted) _ 1
126.05000000000001,0.28999999999999204,62,100,Rythm Gtr - Muted,24960,58,Electric Guitar (muted) _ 1
126.05000000000001,0.28999999999999204,56,100,Rythm Gtr - Muted,24960,58,Electric Guitar (muted) _ 1
126.35000000000002,0.589999999999975,56,100,Rythm Gtr - Muted,25020,118,Electric Guitar (muted) _ 1
126.35000000000002,0.589999999999975,62,100,Rythm Gtr - Muted,25020,118,Electric Guitar (muted) _ 1
126.35000000000002,0.589999999999975,65,100,Rythm Gtr - Muted,25020,118,Electric Guitar (muted) _ 1
126.94999999999999,0.29000000000002046,56,100,Rythm Gtr - Muted,25140,58,Electric Guitar (muted) _ 1
126.94999999999999,0.29000000000002046,62,100,Rythm Gtr - Muted,25140,58,Electric Guitar (muted) _ 1
126.94999999999999,0.29000000000002046,65,100,Rythm Gtr - Muted,25140,58,Electric Guitar (muted) _ 1
127.25,0.29000000000002046,56,100,Rythm Gtr - Muted,25200,58,Electric Guitar (muted) _ 1
127.25,0.29000000000002046,62,100,Rythm Gtr - Muted,25200,58,Electric Guitar (muted) _ 1
127.25,0.29000000000002046,65,100,Rythm Gtr - Muted,25200,58,Electric Guitar (muted) _ 1
127.55000000000001,0.28999999999999204,65,100,Rythm Gtr - Muted,25260,58,Electric Guitar (muted) _ 1
127.55000000000001,0.28999999999999204,56,100,Rythm Gtr - Muted,25260,58,Electric Guitar (muted) _ 1
127.55000000000001,0.28999999999999204,62,100,Rythm Gtr - Muted,25260,58,Electric Guitar (muted) _ 1
130.25,0.29000000000002046,56,100,Rythm Gtr - Muted,25800,58,Electric Guitar (muted) _ 1
130.25,0.29000000000002046,65,100,Rythm Gtr - Muted,25800,58,Electric Guitar (muted) _ 1
130.25,0.29000000000002046,62,100,Rythm Gtr - Muted,25800,58,Electric Guitar (muted) _ 1
130.55,0.28999999999999204,62,100,Rythm Gtr - Muted,25860,58,Electric Guitar (muted) _ 1
130.55,0.28999999999999204,56,100,Rythm Gtr - Muted,25860,58,Electric Guitar (muted) _ 1
130.55,0.28999999999999204,65,100,Rythm Gtr - Muted,25860,58,Electric Guitar (muted) _ 1
130.85000000000002,0.2899999999999636,56,100,Rythm Gtr - Muted,25920,58,Electric Guitar (muted) _ 1
130.85000000000002,0.2899999999999636,65,100,Rythm Gtr - Muted,25920,58,Electric Guitar (muted) _ 1
130.85000000000002,0.2899999999999636,62,100,Rythm Gtr - Muted,25920,58,Electric Guitar (muted) _ 1
131.15,0.5900000000000034,62,100,Rythm Gtr - Muted,25980,118,Electric Guitar (muted) _ 1
131.15,0.5900000000000034,56,100,Rythm Gtr - Muted,25980,118,Electric Guitar (muted) _ 1
131.15,0.5900000000000034,65,100,Rythm Gtr - Muted,25980,118,Electric Guitar (muted) _ 1
131.75,0.29000000000002046,65,100,Rythm Gtr - Muted,26100,58,Electric Guitar (muted) _ 1
131.75,0.29000000000002046,56,100,Rythm Gtr - Muted,26100,58,Electric Guitar (muted) _ 1
131.75,0.29000000000002046,62,100,Rythm Gtr - Muted,26100,58,Electric Guitar (muted) _ 1
132.05,0.28999999999999204,56,100,Rythm Gtr - Muted,26160,58,Electric Guitar (muted) _ 1
132.05,0.28999999999999204,62,100,Rythm Gtr - Muted,26160,58,Electric Guitar (muted) _ 1
132.05,0.28999999999999204,65,100,Rythm Gtr - Muted,26160,58,Electric Guitar (muted) _ 1
134.45,1.1125000000000114,50,100,Rythm Gtr - Muted,26640,178,Electric Guitar (muted) _ 1
135.2,0.7375000000000114,62,100,Rythm Gtr - Muted,26760,118,Electric Guitar (muted) _ 1
134.825,1.4875000000000114,57,100,Rythm Gtr - Muted,26700,238,Electric Guitar (muted) _ 1
136.325,0.36250000000001137,57,100,Rythm Gtr - Muted,26940,58,Electric Guitar (muted) _ 1
135.95,0.7375000000000114,62,100,Rythm Gtr - Muted,26880,118,Electric Guitar (muted) _ 1
135.575,1.1125000000000114,65,100,Rythm Gtr - Muted,26820,178,Electric Guitar (muted) _ 1
136.7,1.1125000000000114,53,100,Rythm Gtr - Muted,27000,178,Electric Guitar (muted) _ 1
137.45,0.7375000000000114,62,100,Rythm Gtr - Muted,27120,118,Electric Guitar (muted) _ 1
137.075,1.4875000000000114,57,100,Rythm Gtr - Muted,27060,238,Electric Guitar (muted) _ 1
138.575,0.36250000000001137,57,100,Rythm Gtr - Muted,27300,58,Electric Guitar (muted) _ 1
138.2,0.7375000000000114,62,100,Rythm Gtr - Muted,27240,118,Electric Guitar (muted) _ 1
137.825,1.1125000000000114,65,100,Rythm Gtr - Muted,27180,178,Electric Guitar (muted) _ 1
138.95,1.1125000000000114,52,100,Rythm Gtr - Muted,27360,178,Electric Guitar (muted) _ 1
140.075,0.36250000000001137,65,100,Rythm Gtr - Muted,27540,58,Electric Guitar (muted) _ 1
139.7,0.7375000000000114,62,100,Rythm Gtr - Muted,27480,118,Electric Guitar (muted) _ 1
139.325,1.1125000000000114,56,100,Rythm Gtr - Muted,27420,178,Electric Guitar (muted) _ 1
140.45,0.36250000000001137,48,100,Rythm Gtr - Muted,27600,58,Electric Guitar (muted) _ 1
140.825,0.36250000000001137,47,100,Rythm Gtr - Muted,27660,58,Electric Guitar (muted) _ 1
141.2,1.1125000000000114,46,100,Rythm Gtr - Muted,27720,178,Electric Guitar (muted) _ 1
141.95,0.7375000000000114,62,100,Rythm Gtr - Muted,27840,118,Electric Guitar (muted) _ 1
141.575,1.4875000000000114,53,100,Rythm Gtr - Muted,27780,238,Electric Guitar (muted) _ 1
143.075,0.36250000000001137,56,100,Rythm Gtr - Muted,28020,58,Electric Guitar (muted) _ 1
142.7,0.7375000000000114,62,100,Rythm Gtr - Muted,27960,118,Electric Guitar (muted) _ 1
142.325,1.1125000000000114,65,100,Rythm Gtr - Muted,27900,178,Electric Guitar (muted) _ 1
143.45,1.1125000000000114,45,100,Rythm Gtr - Muted,28080,178,Electric Guitar (muted) _ 1
144.2,0.7375000000000114,61,100,Rythm Gtr - Muted,28200,118,Electric Guitar (muted) _ 1
143.825,1.4875000000000114,57,100,Rythm Gtr - Muted,28140,238,Electric Guitar (muted) _ 1
145.325,0.36250000000001137,57,100,Rythm Gtr - Muted,28380,58,Electric Guitar (muted) _ 1
144.95,0.7375000000000114,61,100,Rythm Gtr - Muted,28320,118,Electric Guitar (muted) _ 1
144.575,1.1125000000000114,65,100,Rythm Gtr - Muted,28260,178,Electric Guitar (muted) _ 1
145.7,1.1125000000000114,50,100,Rythm Gtr - Muted,28440,178,Electric Guitar (muted) _ 1
146.45,0.7375000000000114,62,100,Rythm Gtr - Muted,28560,118,Electric Guitar (muted) _ 1
146.075,1.4875000000000114,57,100,Rythm Gtr - Muted,28500,238,Electric Guitar (muted) _ 1
147.575,0.36250000000001137,57,100,Rythm Gtr - Muted,28740,58,Electric Guitar (muted) _ 1
147.2,0.7375000000000114,62,100,Rythm Gtr - Muted,28680,118,Electric Guitar (muted) _ 1
146.825,1.1125000000000114,65,100,Rythm Gtr - Muted,28620,178,Electric Guitar (muted) _ 1
147.95,1.1125000000000114,53,100,Rythm Gtr - Muted,28800,178,Electric Guitar (muted) _ 1
148.7,0.7375000000000114,62,100,Rythm Gtr - Muted,28920,118,Electric Guitar (muted) _ 1
148.325,1.4875000000000114,57,100,Rythm Gtr - Muted,28860,238,Electric Guitar (muted) _ 1
149.825,0.36250000000001137,57,100,Rythm Gtr - Muted,29100,58,Electric Guitar (muted) _ 1
149.45,0.7375000000000114,62,100,Rythm Gtr - Muted,29040,118,Electric Guitar (muted) _ 1
149.075,1.1125000000000114,65,100,Rythm Gtr - Muted,28980,178,Electric Guitar (muted) _ 1
150.2,1.1125000000000114,52,100,Rythm Gtr - Muted,29160,178,Electric Guitar (muted) _ 1
151.325,0.36250000000001137,65,100,Rythm Gtr - Muted,29340,58,Electric Guitar (muted) _ 1
150.95,0.7375000000000114,62,100,Rythm Gtr - Muted,29280,118,Electric Guitar (muted) _ 1
150.575,1.1125000000000114,56,100,Rythm Gtr - Muted,29220,178,Electric Guitar (muted) _ 1
151.7,0.36250000000001137,48,100,Rythm Gtr - Muted,29400,58,Electric Guitar (muted) _ 1
152.075,0.36250000000001137,47,100,Rythm Gtr - Muted,29460,58,Electric Guitar (muted) _ 1
152.45,1.1125000000000114,46,100,Rythm Gtr - Muted,29520,178,Electric Guitar (muted) _ 1
153.2,0.7375000000000114,62,100,Rythm Gtr - Muted,29640,118,Electric Guitar (muted) _ 1
152.825,1.4875000000000114,53,100,Rythm Gtr - Muted,29580,238,Electric Guitar (muted) _ 1
154.325,0.36250000000001137,56,100,Rythm Gtr - Muted,29820,58,Electric Guitar (muted) _ 1
153.95,0.7375000000000114,62,100,Rythm Gtr - Muted,29760,118,Electric Guitar (muted) _ 1
153.575,1.1125000000000114,65,100,Rythm Gtr - Muted,29700,178,Electric Guitar (muted) _ 1
154.7,1.1125000000000114,45,100,Rythm Gtr - Muted,29880,178,Electric Guitar (muted) _ 1
155.825,3.414999999999992,65,100,Rythm Gtr - Muted,30060,358,Electric Guitar (muted) _ 1
155.45,3.789999999999992,61,100,Rythm Gtr - Muted,30000,418,Electric Guitar (muted) _ 1
155.075,4.164999999999992,57,100,Rythm Gtr - Muted,29940,478,Electric Guitar (muted) _ 1
161.64999999999998,0.18999999999999773,64,100,Rythm Gtr - Muted,30900,38,Electric Guitar (muted) _ 1
161.64999999999998,0.18999999999999773,60,100,Rythm Gtr - Muted,30900,38,Electric Guitar (muted) _ 1
161.95,0.18999999999999773,64,100,Rythm Gtr - Muted,30960,38,Electric Guitar (muted) _ 1
161.95,0.18999999999999773,60,100,Rythm Gtr - Muted,30960,38,Electric Guitar (muted) _ 1
162.25,0.18999999999999773,64,100,Rythm Gtr - Muted,31020,38,Electric Guitar (muted) _ 1
162.25,0.18999999999999773,60,100,Rythm Gtr - Muted,31020,38,Electric Guitar (muted) _ 1
162.54999999999998,0.3900000000000148,60,100,Rythm Gtr - Muted,31080,78,Electric Guitar (muted) _ 1
162.54999999999998,0.3900000000000148,64,100,Rythm Gtr - Muted,31080,78,Electric Guitar (muted) _ 1
163.14999999999998,0.18999999999999773,52,100,Rythm Gtr - Muted,31200,38,Electric Guitar (muted) _ 1
163.14999999999998,0.18999999999999773,57,100,Rythm Gtr - Muted,31200,38,Electric Guitar (muted) _ 1
167.2,0.13999999999998636,64,100,Rythm Gtr - Muted,32010,28,Electric Guitar (muted) _ 1
167.2,0.13999999999998636,60,100,Rythm Gtr - Muted,32010,28,Electric Guitar (muted) _ 1
167.2,0.13999999999998636,55,100,Rythm Gtr - Muted,32010,28,Electric Guitar (muted) _ 1
167.5,0.4399999999999977,60,100,Rythm Gtr - Muted,32070,88,Electric Guitar (muted) _ 1
167.95,0.28999999999999204,60,100,Rythm Gtr - Muted,32160,58,Electric Guitar (muted) _ 1
167.95,0.28999999999999204,64,100,Rythm Gtr - Muted,32160,58,Electric Guitar (muted) _ 1
167.95,0.28999999999999204,55,100,Rythm Gtr - Muted,32160,58,Electric Guitar (muted) _ 1
174.54999999999998,1.1899999999999977,52,100,Rythm Gtr - Muted,33480,238,Electric Guitar (muted) _ 1
174.54999999999998,1.1899999999999977,57,100,Rythm Gtr - Muted,33480,238,Electric Guitar (muted) _ 1
175.75,1.1899999999999977,60,100,Rythm Gtr - Muted,33720,238,Electric Guitar (muted) _ 1
175.75,1.1899999999999977,55,100,Rythm Gtr - Muted,33720,238,Electric Guitar (muted) _ 1
176.95,1.1899999999999977,57,100,Rythm Gtr - Muted,33960,238,Electric Guitar (muted) _ 1
176.95,1.1899999999999977,54,100,Rythm Gtr - Muted,33960,238,Electric Guitar (muted) _ 1
176.95,1.1899999999999977,60,100,Rythm Gtr - Muted,33960,238,Electric Guitar (muted) _ 1
178.14999999999998,1.1899999999999977,65,100,Rythm Gtr - Muted,34200,238,Electric Guitar (muted) _ 1
178.14999999999998,1.1899999999999977,60,100,Rythm Gtr - Muted,34200,238,Electric Guitar (muted) _ 1
178.14999999999998,1.1899999999999977,53,100,Rythm Gtr - Muted,34200,238,Electric Guitar (muted) _ 1
181.14999999999998,0.29000000000002046,55,100,Rythm Gtr - Muted,34800,58,Electric Guitar (muted) _ 1
181.14999999999998,0.29000000000002046,60,100,Rythm Gtr - Muted,34800,58,Electric Guitar (muted) _ 1
181.45,0.13999999999998636,57,100,Rythm Gtr - Muted,34860,28,Electric Guitar (muted) _ 1
181.45,0.13999999999998636,62,100,Rythm Gtr - Muted,34860,28,Electric Guitar (muted) _ 1
181.6,0.13999999999998636,63,100,Rythm Gtr - Muted,34890,28,Electric Guitar (muted) _ 1
181.6,0.13999999999998636,58,100,Rythm Gtr - Muted,34890,28,Electric Guitar (muted) _ 1
186.85,0.28999999999999204,57,100,Rythm Gtr - Muted,35940,58,Electric Guitar (muted) _ 1
186.25,0.8899999999999864,60,100,Rythm Gtr - Muted,35820,178,Electric Guitar (muted) _ 1
186.25,0.8899999999999864,65,100,Rythm Gtr - Muted,35820,178,Electric Guitar (muted) _ 1
187.14999999999998,0.29000000000002046,69,100,Rythm Gtr - Muted,36000,58,Electric Guitar (muted) _ 1
187.45,0.28999999999999204,57,100,Rythm Gtr - Muted,36060,58,Electric Guitar (muted) _ 1
187.14999999999998,0.5900000000000034,60,100,Rythm Gtr - Muted,36000,118,Electric Guitar (muted) _ 1
187.14999999999998,0.5900000000000034,65,100,Rythm Gtr - Muted,36000,118,Electric Guitar (muted) _ 1
187.75,0.589999999999975,60,100,Rythm Gtr - Muted,36120,118,Electric Guitar (muted) _ 1
188.35,0.28999999999999204,60,100,Rythm Gtr - Muted,36240,58,Electric Guitar (muted) _ 1
188.35,0.28999999999999204,57,100,Rythm Gtr - Muted,36240,58,Electric Guitar (muted) _ 1
192.85,0.28999999999999204,57,100,Rythm Gtr - Muted,37140,58,Electric Guitar (muted) _ 1
192.85,0.28999999999999204,50,100,Rythm Gtr - Muted,37140,58,Electric Guitar (muted) _ 1
192.85,0.28999999999999204,61,100,Rythm Gtr - Muted,37140,58,Electric Guitar (muted) _ 1
192.85,0.28999999999999204,65,100,Rythm Gtr - Muted,37140,58,Electric Guitar (muted) _ 1
193.14999999999998,0.29000000000002046,57,100,Rythm Gtr - Muted,37200,58,Electric Guitar (muted) _ 1
193.14999999999998,0.29000000000002046,61,100,Rythm Gtr - Muted,37200,58,Electric Guitar (muted) _ 1
193.14999999999998,0.29000000000002046,50,100,Rythm Gtr - Muted,37200,58,Electric Guitar (muted) _ 1
193.14999999999998,0.29000000000002046,65,100,Rythm Gtr - Muted,37200,58,Electric Guitar (muted) _ 1
193.45,0.28999999999999204,57,100,Rythm Gtr - Muted,37260,58,Electric Guitar (muted) _ 1
193.75,0.589999999999975,57,100,Rythm Gtr - Muted,37320,118,Electric Guitar (muted) _ 1
194.35,0.28999999999999204,57,100,Rythm Gtr - Muted,37440,58,Electric Guitar (muted) _ 1
193.75,0.8899999999999864,60,100,Rythm Gtr - Muted,37320,178,Electric Guitar (muted) _ 1
193.45,1.1899999999999977,50,100,Rythm Gtr - Muted,37260,238,Electric Guitar (muted) _ 1
196.14999999999998,0.14000000000001478,55,100,Rythm Gtr - Muted,37800,28,Electric Guitar (muted) _ 1
196.29999999999998,0.28999999999999204,57,100,Rythm Gtr - Muted,37830,58,Electric Guitar (muted) _ 1
196.75,0.13999999999998636,57,100,Rythm Gtr - Muted,37920,28,Electric Guitar (muted) _ 1
196.89999999999998,0.14000000000001478,55,100,Rythm Gtr - Muted,37950,28,Electric Guitar (muted) _ 1
197.04999999999998,0.28999999999999204,57,100,Rythm Gtr - Muted,37980,58,Electric Guitar (muted) _ 1
196.6,0.7399999999999807,60,100,Rythm Gtr - Muted,37890,148,Electric Guitar (muted) _ 1
196.6,0.7399999999999807,65,100,Rythm Gtr - Muted,37890,148,Electric Guitar (muted) _ 1
197.35,0.28999999999999204,50,100,Rythm Gtr - Muted,38040,58,Electric Guitar (muted) _ 1
197.64999999999998,0.29000000000002046,50,100,Rythm Gtr - Muted,38100,58,Electric Guitar (muted) _ 1
197.35,0.5900000000000034,57,100,Rythm Gtr - Muted,38040,118,Electric Guitar (muted) _ 1
197.95,0.28999999999999204,65,100,Rythm Gtr - Muted,38160,58,Electric Guitar (muted) _ 1
197.95,0.28999999999999204,69,100,Rythm Gtr - Muted,38160,58,Electric Guitar (muted) _ 1
197.95,0.28999999999999204,62,100,Rythm Gtr - Muted,38160,58,Electric Guitar (muted) _ 1
199.75,1.1899999999999977,60,100,Rythm Gtr - Muted,38520,238,Electric Guitar (muted) _ 1
199.75,1.1899999999999977,57,100,Rythm Gtr - Muted,38520,238,Electric Guitar (muted) _ 1
200.95,1.1899999999999977,65,100,Rythm Gtr - Muted,38760,238,Electric Guitar (muted) _ 1
200.95,1.1899999999999977,60,100,Rythm Gtr - Muted,38760,238,Electric Guitar (muted) _ 1
202.14999999999998,0.29000000000002046,60,100,Rythm Gtr - Muted,39000,58,Electric Guitar (muted) _ 1
202.14999999999998,0.29000000000002046,65,100,Rythm Gtr - Muted,39000,58,Electric Guitar (muted) _ 1
202.45,0.28999999999999204,60,100,Rythm Gtr - Muted,39060,58,Electric Guitar (muted) _ 1
202.45,0.28999999999999204,65,100,Rythm Gtr - Muted,39060,58,Electric Guitar (muted) _ 1
202.75,0.589999999999975,60,100,Rythm Gtr - Muted,39120,118,Electric Guitar (muted) _ 1
202.75,0.589999999999975,65,100,Rythm Gtr - Muted,39120,118,Electric Guitar (muted) _ 1
203.35,0.03999999999999204,60,100,Rythm Gtr - Muted,39240,8,Electric Guitar (muted) _ 1
203.35,0.03999999999999204,65,100,Rythm Gtr - Muted,39240,8,Electric Guitar (muted) _ 1
203.39999999999998,0.5400000000000205,67,100,Rythm Gtr - Muted,39250,108,Electric Guitar (muted) _ 1
203.39999999999998,0.5400000000000205,62,100,Rythm Gtr - Muted,39250,108,Electric Guitar (muted) _ 1
203.95,0.28999999999999204,65,100,Rythm Gtr - Muted,39360,58,Electric Guitar (muted) _ 1
203.95,0.5900000000000034,60,100,Rythm Gtr - Muted,39360,118,Electric Guitar (muted) _ 1
204.54999999999998,0.3900000000000148,50,100,Rythm Gtr - Muted,39480,78,Electric Guitar (muted) _ 1
204.54999999999998,0.3900000000000148,55,100,Rythm Gtr - Muted,39480,78,Electric Guitar (muted) _ 1
204.95,0.38999999999998636,56,100,Rythm Gtr - Muted,39560,78,Electric Guitar (muted) _ 1
204.95,0.38999999999998636,51,100,Rythm Gtr - Muted,39560,78,Electric Guitar (muted) _ 1
205.35,0.38999999999998636,57,100,Rythm Gtr - Muted,39640,78,Electric Guitar (muted) _ 1
205.35,0.38999999999998636,52,100,Rythm Gtr - Muted,39640,78,Electric Guitar (muted) _ 1
206.35,0.28999999999999204,65,100,Rythm Gtr - Muted,39840,58,Electric Guitar (muted) _ 1
206.35,0.28999999999999204,56,100,Rythm Gtr - Muted,39840,58,Electric Guitar (muted) _ 1
206.35,0.28999999999999204,62,100,Rythm Gtr - Muted,39840,58,Electric Guitar (muted) _ 1
206.64999999999998,0.29000000000002046,56,100,Rythm Gtr - Muted,39900,58,Electric Guitar (muted) _ 1
206.64999999999998,0.29000000000002046,65,100,Rythm Gtr - Muted,39900,58,Electric Guitar (muted) _ 1
206.64999999999998,0.29000000000002046,62,100,Rythm Gtr - Muted,39900,58,Electric Guitar (muted) _ 1
206.95,0.28999999999999204,62,100,Rythm Gtr - Muted,39960,58,Electric Guitar (muted) _ 1
206.95,0.28999999999999204,65,100,Rythm Gtr - Muted,39960,58,Electric Guitar (muted) _ 1
206.95,0.28999999999999204,56,100,Rythm Gtr - Muted,39960,58,Electric Guitar (muted) _ 1
207.25,0.589999999999975,65,100,Rythm Gtr - Muted,40020,118,Electric Guitar (muted) _ 1
207.25,0.589999999999975,56,100,Rythm Gtr - Muted,40020,118,Electric Guitar (muted) _ 1
207.25,0.589999999999975,62,100,Rythm Gtr - Muted,40020,118,Electric Guitar (muted) _ 1
207.85,0.28999999999999204,65,100,Rythm Gtr - Muted,40140,58,Electric Guitar (muted) _ 1
207.85,0.28999999999999204,56,100,Rythm Gtr - Muted,40140,58,Electric Guitar (muted) _ 1
207.85,0.28999999999999204,62,100,Rythm Gtr - Muted,40140,58,Electric Guitar (muted) _ 1
208.14999999999998,0.29000000000002046,62,100,Rythm Gtr - Muted,40200,58,Electric Guitar (muted) _ 1
208.14999999999998,0.29000000000002046,65,100,Rythm Gtr - Muted,40200,58,Electric Guitar (muted) _ 1
208.14999999999998,0.29000000000002046,56,100,Rythm Gtr - Muted,40200,58,Electric Guitar (muted) _ 1
208.45,0.28999999999999204,62,100,Rythm Gtr - Muted,40260,58,Electric Guitar (muted) _ 1
208.45,0.28999999999999204,65,100,Rythm Gtr - Muted,40260,58,Electric Guitar (muted) _ 1
208.45,0.28999999999999204,56,100,Rythm Gtr - Muted,40260,58,Electric Guitar (muted) _ 1
211.14999999999998,0.29000000000002046,62,100,Rythm Gtr - Muted,40800,58,Electric Guitar (muted) _ 1
211.14999999999998,0.29000000000002046,56,100,Rythm Gtr - Muted,40800,58,Electric Guitar (muted) _ 1
211.14999999999998,0.29000000000002046,65,100,Rythm Gtr - Muted,40800,58,Electric Guitar (muted) _ 1
211.45,0.28999999999999204,62,100,Rythm Gtr - Muted,40860,58,Electric Guitar (muted) _ 1
211.45,0.28999999999999204,56,100,Rythm Gtr - Muted,40860,58,Electric Guitar (muted) _ 1
211.45,0.28999999999999204,65,100,Rythm Gtr - Muted,40860,58,Electric Guitar (muted) _ 1
211.75,0.28999999999999204,56,100,Rythm Gtr - Muted,40920,58,Electric Guitar (muted) _ 1
211.75,0.28999999999999204,62,100,Rythm Gtr - Muted,40920,58,Electric Guitar (muted) _ 1
211.75,0.28999999999999204,65,100,Rythm Gtr - Muted,40920,58,Electric Guitar (muted) _ 1
212.04999999999998,0.5900000000000034,56,100,Rythm Gtr - Muted,40980,118,Electric Guitar (muted) _ 1
212.04999999999998,0.5900000000000034,65,100,Rythm Gtr - Muted,40980,118,Electric Guitar (muted) _ 1
212.04999999999998,0.5900000000000034,62,100,Rythm Gtr - Muted,40980,118,Electric Guitar (muted) _ 1
212.64999999999998,0.29000000000002046,62,100,Rythm Gtr - Muted,41100,58,Electric Guitar (muted) _ 1
212.64999999999998,0.29000000000002046,65,100,Rythm Gtr - Muted,41100,58,Electric Guitar (muted) _ 1
212.64999999999998,0.29000000000002046,56,100,Rythm Gtr - Muted,41100,58,Electric Guitar (muted) _ 1
212.95,0.28999999999999204,56,100,Rythm Gtr - Muted,41160,58,Electric Guitar (muted) _ 1
212.95,0.28999999999999204,62,100,Rythm Gtr - Muted,41160,58,Electric Guitar (muted) _ 1
212.95,0.28999999999999204,65,100,Rythm Gtr - Muted,41160,58,Electric Guitar (muted) _ 1
213.25,0.28999999999999204,56,100,Rythm Gtr - Muted,41220,58,Electric Guitar (muted) _ 1
213.25,0.28999999999999204,62,100,Rythm Gtr - Muted,41220,58,Electric Guitar (muted) _ 1
213.25,0.28999999999999204,65,100,Rythm Gtr - Muted,41220,58,Electric Guitar (muted) _ 1
215.95,0.28999999999999204,65,100,Rythm Gtr - Muted,41760,58,Electric Guitar (muted) _ 1
215.95,0.28999999999999204,56,100,Rythm Gtr - Muted,41760,58,Electric Guitar (muted) _ 1
215.95,0.28999999999999204,62,100,Rythm Gtr - Muted,41760,58,Electric Guitar (muted) _ 1
216.25,0.28999999999999204,62,100,Rythm Gtr - Muted,41820,58,Electric Guitar (muted) _ 1
216.25,0.28999999999999204,56,100,Rythm Gtr - Muted,41820,58,Electric Guitar (muted) _ 1
216.25,0.28999999999999204,65,100,Rythm Gtr - Muted,41820,58,Electric Guitar (muted) _ 1
216.54999999999998,0.28999999999999204,56,100,Rythm Gtr - Muted,41880,58,Electric Guitar (muted) _ 1
216.54999999999998,0.28999999999999204,62,100,Rythm Gtr - Muted,41880,58,Electric Guitar (muted) _ 1
216.54999999999998,0.28999999999999204,65,100,Rythm Gtr - Muted,41880,58,Electric Guitar (muted) _ 1
216.85,0.5900000000000034,56,100,Rythm Gtr - Muted,41940,118,Electric Guitar (muted) _ 1
216.85,0.5900000000000034,65,100,Rythm Gtr - Muted,41940,118,Electric Guitar (muted) _ 1
216.85,0.5900000000000034,62,100,Rythm Gtr - Muted,41940,118,Electric Guitar (muted) _ 1
217.45,0.28999999999999204,62,100,Rythm Gtr - Muted,42060,58,Electric Guitar (muted) _ 1
217.45,0.28999999999999204,56,100,Rythm Gtr - Muted,42060,58,Electric Guitar (muted) _ 1
217.45,0.28999999999999204,65,100,Rythm Gtr - Muted,42060,58,Electric Guitar (muted) _ 1
217.75,0.28999999999999204,56,100,Rythm Gtr - Muted,42120,58,Electric Guitar (muted) _ 1
217.75,0.28999999999999204,65,100,Rythm Gtr - Muted,42120,58,Electric Guitar (muted) _ 1
217.75,0.28999999999999204,62,100,Rythm Gtr - Muted,42120,58,Electric Guitar (muted) _ 1
220.14999999999998,1.1125000000000114,50,100,Rythm Gtr - Muted,42600,178,Electric Guitar (muted) _ 1
220.89999999999998,0.7375000000000114,62,100,Rythm Gtr - Muted,42720,118,Electric Guitar (muted) _ 1
220.52499999999998,1.4875000000000114,57,100,Rythm Gtr - Muted,42660,238,Electric Guitar (muted) _ 1
222.02499999999998,0.36250000000001137,57,100,Rythm Gtr - Muted,42900,58,Electric Guitar (muted) _ 1
221.64999999999998,0.7375000000000114,62,100,Rythm Gtr - Muted,42840,118,Electric Guitar (muted) _ 1
221.27499999999998,1.1125000000000114,65,100,Rythm Gtr - Muted,42780,178,Electric Guitar (muted) _ 1
222.39999999999998,1.1125000000000114,53,100,Rythm Gtr - Muted,42960,178,Electric Guitar (muted) _ 1
223.14999999999998,0.7375000000000114,62,100,Rythm Gtr - Muted,43080,118,Electric Guitar (muted) _ 1
222.77499999999998,1.4875000000000114,57,100,Rythm Gtr - Muted,43020,238,Electric Guitar (muted) _ 1
224.27499999999998,0.36250000000001137,57,100,Rythm Gtr - Muted,43260,58,Electric Guitar (muted) _ 1
223.89999999999998,0.7375000000000114,62,100,Rythm Gtr - Muted,43200,118,Electric Guitar (muted) _ 1
223.52499999999998,1.1125000000000114,65,100,Rythm Gtr - Muted,43140,178,Electric Guitar (muted) _ 1
224.64999999999998,1.1125000000000114,52,100,Rythm Gtr - Muted,43320,178,Electric Guitar (muted) _ 1
225.77499999999998,0.36250000000001137,65,100,Rythm Gtr - Muted,43500,58,Electric Guitar (muted) _ 1
225.39999999999998,0.7375000000000114,62,100,Rythm Gtr - Muted,43440,118,Electric Guitar (muted) _ 1
225.02499999999998,1.1125000000000114,56,100,Rythm Gtr - Muted,43380,178,Electric Guitar (muted) _ 1
226.14999999999998,0.36250000000001137,48,100,Rythm Gtr - Muted,43560,58,Electric Guitar (muted) _ 1
226.52499999999998,0.36250000000001137,47,100,Rythm Gtr - Muted,43620,58,Electric Guitar (muted) _ 1
226.89999999999998,1.1125000000000114,46,100,Rythm Gtr - Muted,43680,178,Electric Guitar (muted) _ 1
227.64999999999998,0.7375000000000114,62,100,Rythm Gtr - Muted,43800,118,Electric Guitar (muted) _ 1
227.27499999999998,1.4875000000000114,53,100,Rythm Gtr - Muted,43740,238,Electric Guitar (muted) _ 1
228.77499999999998,0.36250000000001137,56,100,Rythm Gtr - Muted,43980,58,Electric Guitar (muted) _ 1
228.39999999999998,0.7375000000000114,62,100,Rythm Gtr - Muted,43920,118,Electric Guitar (muted) _ 1
228.02499999999998,1.1125000000000114,65,100,Rythm Gtr - Muted,43860,178,Electric Guitar (muted) _ 1
229.14999999999998,1.1125000000000114,45,100,Rythm Gtr - Muted,44040,178,Electric Guitar (muted) _ 1
229.89999999999998,0.7375000000000114,61,100,Rythm Gtr - Muted,44160,118,Electric Guitar (muted) _ 1
229.52499999999998,1.4875000000000114,57,100,Rythm Gtr - Muted,44100,238,Electric Guitar (muted) _ 1
231.02499999999998,0.36250000000001137,57,100,Rythm Gtr - Muted,44340,58,Electric Guitar (muted) _ 1
230.64999999999998,0.7375000000000114,61,100,Rythm Gtr - Muted,44280,118,Electric Guitar (muted) _ 1
230.27499999999998,1.1125000000000114,65,100,Rythm Gtr - Muted,44220,178,Electric Guitar (muted) _ 1
231.39999999999998,1.1125000000000114,50,100,Rythm Gtr - Muted,44400,178,Electric Guitar (muted) _ 1
232.14999999999998,0.7375000000000114,62,100,Rythm Gtr - Muted,44520,118,Electric Guitar (muted) _ 1
231.77499999999998,1.4875000000000114,57,100,Rythm Gtr - Muted,44460,238,Electric Guitar (muted) _ 1
233.27499999999998,0.36250000000001137,57,100,Rythm Gtr - Muted,44700,58,Electric Guitar (muted) _ 1
232.89999999999998,0.7375000000000114,62,100,Rythm Gtr - Muted,44640,118,Electric Guitar (muted) _ 1
232.52499999999998,1.1125000000000114,65,100,Rythm Gtr - Muted,44580,178,Electric Guitar (muted) _ 1
233.64999999999998,1.1125000000000114,53,100,Rythm Gtr - Muted,44760,178,Electric Guitar (muted) _ 1
234.39999999999998,0.7375000000000114,62,100,Rythm Gtr - Muted,44880,118,Electric Guitar (muted) _ 1
234.02499999999998,1.4875000000000114,57,100,Rythm Gtr - Muted,44820,238,Electric Guitar (muted) _ 1
235.52499999999998,0.36250000000001137,57,100,Rythm Gtr - Muted,45060,58,Electric Guitar (muted) _ 1
235.14999999999998,0.7375000000000114,62,100,Rythm Gtr - Muted,45000,118,Electric Guitar (muted) _ 1
234.77499999999998,1.1125000000000114,65,100,Rythm Gtr - Muted,44940,178,Electric Guitar (muted) _ 1
235.89999999999998,1.1125000000000114,52,100,Rythm Gtr - Muted,45120,178,Electric Guitar (muted) _ 1
237.02499999999998,0.36250000000001137,65,100,Rythm Gtr - Muted,45300,58,Electric Guitar (muted) _ 1
236.64999999999998,0.7375000000000114,62,100,Rythm Gtr - Muted,45240,118,Electric Guitar (muted) _ 1
236.27499999999998,1.1125000000000114,56,100,Rythm Gtr - Muted,45180,178,Electric Guitar (muted) _ 1
237.39999999999998,0.36250000000001137,48,100,Rythm Gtr - Muted,45360,58,Electric Guitar (muted) _ 1
237.77499999999998,0.36250000000001137,47,100,Rythm Gtr - Muted,45420,58,Electric Guitar (muted) _ 1
238.14999999999998,1.1125000000000114,46,100,Rythm Gtr - Muted,45480,178,Electric Guitar (muted) _ 1
238.89999999999998,0.7375000000000114,62,100,Rythm Gtr - Muted,45600,118,Electric Guitar (muted) _ 1
238.52499999999998,1.4875000000000114,53,100,Rythm Gtr - Muted,45540,238,Electric Guitar (muted) _ 1
240.02499999999998,0.36250000000001137,56,100,Rythm Gtr - Muted,45780,58,Electric Guitar (muted) _ 1
239.64999999999998,0.7375000000000114,62,100,Rythm Gtr - Muted,45720,118,Electric Guitar (muted) _ 1
239.27499999999998,1.1125000000000114,65,100,Rythm Gtr - Muted,45660,178,Electric Guitar (muted) _ 1
240.39999999999998,1.1125000000000114,45,100,Rythm Gtr - Muted,45840,178,Electric Guitar (muted) _ 1
241.52499999999998,3.414999999999992,65,100,Rythm Gtr - Muted,46020,358,Electric Guitar (muted) _ 1
241.14999999999998,3.789999999999992,61,100,Rythm Gtr - Muted,45960,418,Electric Guitar (muted) _ 1
240.77499999999998,4.164999999999992,57,100,Rythm Gtr - Muted,45900,478,Electric Guitar (muted) _ 1
247.34999999999997,0.18999999999999773,60,100,Rythm Gtr - Muted,46860,38,Electric Guitar (muted) _ 1
247.34999999999997,0.18999999999999773,64,100,Rythm Gtr - Muted,46860,38,Electric Guitar (muted) _ 1
247.64999999999998,0.18999999999999773,60,100,Rythm Gtr - Muted,46920,38,Electric Guitar (muted) _ 1
247.64999999999998,0.18999999999999773,64,100,Rythm Gtr - Muted,46920,38,Electric Guitar (muted) _ 1
247.95,0.18999999999999773,60,100,Rythm Gtr - Muted,46980,38,Electric Guitar (muted) _ 1
247.95,0.18999999999999773,64,100,Rythm Gtr - Muted,46980,38,Electric Guitar (muted) _ 1
248.24999999999997,0.3900000000000148,64,100,Rythm Gtr - Muted,47040,78,Electric Guitar (muted) _ 1
248.24999999999997,0.3900000000000148,60,100,Rythm Gtr - Muted,47040,78,Electric Guitar (muted) _ 1
248.84999999999997,0.18999999999999773,52,100,Rythm Gtr - Muted,47160,38,Electric Guitar (muted) _ 1
248.84999999999997,0.18999999999999773,57,100,Rythm Gtr - Muted,47160,38,Electric Guitar (muted) _ 1
252.89999999999998,0.13999999999998636,55,100,Rythm Gtr - Muted,47970,28,Electric Guitar (muted) _ 1
252.89999999999998,0.13999999999998636,60,100,Rythm Gtr - Muted,47970,28,Electric Guitar (muted) _ 1
252.89999999999998,0.13999999999998636,64,100,Rythm Gtr - Muted,47970,28,Electric Guitar (muted) _ 1
253.2,0.4399999999999977,60,100,Rythm Gtr - Muted,48030,88,Electric Guitar (muted) _ 1
253.64999999999998,0.28999999999999204,60,100,Rythm Gtr - Muted,48120,58,Electric Guitar (muted) _ 1
253.64999999999998,0.28999999999999204,55,100,Rythm Gtr - Muted,48120,58,Electric Guitar (muted) _ 1
253.64999999999998,0.28999999999999204,64,100,Rythm Gtr - Muted,48120,58,Electric Guitar (muted) _ 1
260.25,1.1899999999999977,57,100,Rythm Gtr - Muted,49440,238,Electric Guitar (muted) _ 1
260.25,1.1899999999999977,52,100,Rythm Gtr - Muted,49440,238,Electric Guitar (muted) _ 1
261.45,1.1899999999999977,60,100,Rythm Gtr - Muted,49680,238,Electric Guitar (muted) _ 1
261.45,1.1899999999999977,55,100,Rythm Gtr - Muted,49680,238,Electric Guitar (muted) _ 1
262.65,1.1899999999999977,57,100,Rythm Gtr - Muted,49920,238,Electric Guitar (muted) _ 1
262.65,1.1899999999999977,54,100,Rythm Gtr - Muted,49920,238,Electric Guitar (muted) _ 1
262.65,1.1899999999999977,60,100,Rythm Gtr - Muted,49920,238,Electric Guitar (muted) _ 1
263.84999999999997,1.1899999999999977,65,100,Rythm Gtr - Muted,50160,238,Electric Guitar (muted) _ 1
263.84999999999997,1.1899999999999977,53,100,Rythm Gtr - Muted,50160,238,Electric Guitar (muted) _ 1
263.84999999999997,1.1899999999999977,60,100,Rythm Gtr - Muted,50160,238,Electric Guitar (muted) _ 1
266.84999999999997,0.29000000000002046,60,100,Rythm Gtr - Muted,50760,58,Electric Guitar (muted) _ 1
266.84999999999997,0.29000000000002046,55,100,Rythm Gtr - Muted,50760,58,Electric Guitar (muted) _ 1
267.15,0.13999999999998636,62,100,Rythm Gtr - Muted,50820,28,Electric Guitar (muted) _ 1
267.15,0.13999999999998636,57,100,Rythm Gtr - Muted,50820,28,Electric Guitar (muted) _ 1
267.29999999999995,0.1400000000000432,63,100,Rythm Gtr - Muted,50850,28,Electric Guitar (muted) _ 1
267.29999999999995,0.1400000000000432,58,100,Rythm Gtr - Muted,50850,28,Electric Guitar (muted) _ 1
272.54999999999995,0.29000000000002046,57,100,Rythm Gtr - Muted,51900,58,Electric Guitar (muted) _ 1
271.95,0.8899999999999864,65,100,Rythm Gtr - Muted,51780,178,Electric Guitar (muted) _ 1
271.95,0.8899999999999864,60,100,Rythm Gtr - Muted,51780,178,Electric Guitar (muted) _ 1
272.84999999999997,0.29000000000002046,69,100,Rythm Gtr - Muted,51960,58,Electric Guitar (muted) _ 1
273.15,0.29000000000002046,57,100,Rythm Gtr - Muted,52020,58,Electric Guitar (muted) _ 1
272.84999999999997,0.5900000000000318,65,100,Rythm Gtr - Muted,51960,118,Electric Guitar (muted) _ 1
272.84999999999997,0.5900000000000318,60,100,Rythm Gtr - Muted,51960,118,Electric Guitar (muted) _ 1
273.45,0.589999999999975,60,100,Rythm Gtr - Muted,52080,118,Electric Guitar (muted) _ 1
274.04999999999995,0.29000000000002046,60,100,Rythm Gtr - Muted,52200,58,Electric Guitar (muted) _ 1
274.04999999999995,0.29000000000002046,57,100,Rythm Gtr - Muted,52200,58,Electric Guitar (muted) _ 1
278.54999999999995,0.29000000000002046,61,100,Rythm Gtr - Muted,53100,58,Electric Guitar (muted) _ 1
278.54999999999995,0.29000000000002046,57,100,Rythm Gtr - Muted,53100,58,Electric Guitar (muted) _ 1
278.54999999999995,0.29000000000002046,50,100,Rythm Gtr - Muted,53100,58,Electric Guitar (muted) _ 1
278.54999999999995,0.29000000000002046,65,100,Rythm Gtr - Muted,53100,58,Electric Guitar (muted) _ 1
278.84999999999997,0.29000000000002046,57,100,Rythm Gtr - Muted,53160,58,Electric Guitar (muted) _ 1
278.84999999999997,0.29000000000002046,65,100,Rythm Gtr - Muted,53160,58,Electric Guitar (muted) _ 1
278.84999999999997,0.29000000000002046,61,100,Rythm Gtr - Muted,53160,58,Electric Guitar (muted) _ 1
278.84999999999997,0.29000000000002046,50,100,Rythm Gtr - Muted,53160,58,Electric Guitar (muted) _ 1
279.15,0.29000000000002046,57,100,Rythm Gtr - Muted,53220,58,Electric Guitar (muted) _ 1
279.45,0.589999999999975,57,100,Rythm Gtr - Muted,53280,118,Electric Guitar (muted) _ 1
280.04999999999995,0.29000000000002046,57,100,Rythm Gtr - Muted,53400,58,Electric Guitar (muted) _ 1
279.45,0.8899999999999864,60,100,Rythm Gtr - Muted,53280,178,Electric Guitar (muted) _ 1
279.15,1.1899999999999977,50,100,Rythm Gtr - Muted,53220,238,Electric Guitar (muted) _ 1
281.84999999999997,0.1400000000000432,55,100,Rythm Gtr - Muted,53760,28,Electric Guitar (muted) _ 1
282.0,0.2899999999999636,57,100,Rythm Gtr - Muted,53790,58,Electric Guitar (muted) _ 1
282.45,0.13999999999998636,57,100,Rythm Gtr - Muted,53880,28,Electric Guitar (muted) _ 1
282.59999999999997,0.1400000000000432,55,100,Rythm Gtr - Muted,53910,28,Electric Guitar (muted) _ 1
282.75,0.2899999999999636,57,100,Rythm Gtr - Muted,53940,58,Electric Guitar (muted) _ 1
282.29999999999995,0.7400000000000091,60,100,Rythm Gtr - Muted,53850,148,Electric Guitar (muted) _ 1
282.29999999999995,0.7400000000000091,65,100,Rythm Gtr - Muted,53850,148,Electric Guitar (muted) _ 1
283.04999999999995,0.29000000000002046,50,100,Rythm Gtr - Muted,54000,58,Electric Guitar (muted) _ 1
283.34999999999997,0.29000000000002046,50,100,Rythm Gtr - Muted,54060,58,Electric Guitar (muted) _ 1
283.04999999999995,0.5900000000000318,57,100,Rythm Gtr - Muted,54000,118,Electric Guitar (muted) _ 1
283.65,0.29000000000002046,69,100,Rythm Gtr - Muted,54120,58,Electric Guitar (muted) _ 1
283.65,0.29000000000002046,62,100,Rythm Gtr - Muted,54120,58,Electric Guitar (muted) _ 1
283.65,0.29000000000002046,65,100,Rythm Gtr - Muted,54120,58,Electric Guitar (muted) _ 1
285.45,1.1899999999999977,57,100,Rythm Gtr - Muted,54480,238,Electric Guitar (muted) _ 1
285.45,1.1899999999999977,60,100,Rythm Gtr - Muted,54480,238,Electric Guitar (muted) _ 1
286.65,1.1899999999999977,60,100,Rythm Gtr - Muted,54720,238,Electric Guitar (muted) _ 1
286.65,1.1899999999999977,65,100,Rythm Gtr - Muted,54720,238,Electric Guitar (muted) _ 1
287.84999999999997,0.29000000000002046,60,100,Rythm Gtr - Muted,54960,58,Electric Guitar (muted) _ 1
287.84999999999997,0.29000000000002046,65,100,Rythm Gtr - Muted,54960,58,Electric Guitar (muted) _ 1
288.15,0.29000000000002046,60,100,Rythm Gtr - Muted,55020,58,Electric Guitar (muted) _ 1
288.15,0.29000000000002046,65,100,Rythm Gtr - Muted,55020,58,Electric Guitar (muted) _ 1
288.45,0.589999999999975,60,100,Rythm Gtr - Muted,55080,118,Electric Guitar (muted) _ 1
288.45,0.589999999999975,65,100,Rythm Gtr - Muted,55080,118,Electric Guitar (muted) _ 1
289.04999999999995,0.040000000000020464,65,100,Rythm Gtr - Muted,55200,8,Electric Guitar (muted) _ 1
289.04999999999995,0.040000000000020464,60,100,Rythm Gtr - Muted,55200,8,Electric Guitar (muted) _ 1
289.09999999999997,0.5400000000000205,67,100,Rythm Gtr - Muted,55210,108,Electric Guitar (muted) _ 1
289.09999999999997,0.5400000000000205,62,100,Rythm Gtr - Muted,55210,108,Electric Guitar (muted) _ 1
289.65,0.29000000000002046,65,100,Rythm Gtr - Muted,55320,58,Electric Guitar (muted) _ 1
289.65,0.5900000000000318,60,100,Rythm Gtr - Muted,55320,118,Electric Guitar (muted) _ 1
290.25,0.38999999999998636,55,100,Rythm Gtr - Muted,55440,78,Electric Guitar (muted) _ 1
290.25,0.38999999999998636,50,100,Rythm Gtr - Muted,55440,78,Electric Guitar (muted) _ 1
290.65,0.38999999999998636,51,100,Rythm Gtr - Muted,55520,78,Electric Guitar (muted) _ 1
290.65,0.38999999999998636,56,100,Rythm Gtr - Muted,55520,78,Electric Guitar (muted) _ 1
291.04999999999995,0.3900000000000432,57,100,Rythm Gtr - Muted,55600,78,Electric Guitar (muted) _ 1
291.04999999999995,0.3900000000000432,52,100,Rythm Gtr - Muted,55600,78,Electric Guitar (muted) _ 1
292.04999999999995,0.29000000000002046,65,100,Rythm Gtr - Muted,55800,58,Electric Guitar (muted) _ 1
292.04999999999995,0.29000000000002046,56,100,Rythm Gtr - Muted,55800,58,Electric Guitar (muted) _ 1
292.04999999999995,0.29000000000002046,62,100,Rythm Gtr - Muted,55800,58,Electric Guitar (muted) _ 1
292.34999999999997,0.29000000000002046,65,100,Rythm Gtr - Muted,55860,58,Electric Guitar (muted) _ 1
292.34999999999997,0.29000000000002046,56,100,Rythm Gtr - Muted,55860,58,Electric Guitar (muted) _ 1
292.34999999999997,0.29000000000002046,62,100,Rythm Gtr - Muted,55860,58,Electric Guitar (muted) _ 1
292.65,0.29000000000002046,56,100,Rythm Gtr - Muted,55920,58,Electric Guitar (muted) _ 1
292.65,0.29000000000002046,65,100,Rythm Gtr - Muted,55920,58,Electric Guitar (muted) _ 1
292.65,0.29000000000002046,62,100,Rythm Gtr - Muted,55920,58,Electric Guitar (muted) _ 1
292.95,0.589999999999975,62,100,Rythm Gtr - Muted,55980,118,Electric Guitar (muted) _ 1
292.95,0.589999999999975,65,100,Rythm Gtr - Muted,55980,118,Electric Guitar (muted) _ 1
292.95,0.589999999999975,56,100,Rythm Gtr - Muted,55980,118,Electric Guitar (muted) _ 1
293.54999999999995,0.29000000000002046,56,100,Rythm Gtr - Muted,56100,58,Electric Guitar (muted) _ 1
293.54999999999995,0.29000000000002046,65,100,Rythm Gtr - Muted,56100,58,Electric Guitar (muted) _ 1
293.54999999999995,0.29000000000002046,62,100,Rythm Gtr - Muted,56100,58,Electric Guitar (muted) _ 1
293.84999999999997,0.29000000000002046,65,100,Rythm Gtr - Muted,56160,58,Electric Guitar (muted) _ 1
293.84999999999997,0.29000000000002046,62,100,Rythm Gtr - Muted,56160,58,Electric Guitar (muted) _ 1
293.84999999999997,0.29000000000002046,56,100,Rythm Gtr - Muted,56160,58,Electric Guitar (muted) _ 1
294.15,0.29000000000002046,56,100,Rythm Gtr - Muted,56220,58,Electric Guitar (muted) _ 1
294.15,0.29000000000002046,65,100,Rythm Gtr - Muted,56220,58,Electric Guitar (muted) _ 1
294.15,0.29000000000002046,62,100,Rythm Gtr - Muted,56220,58,Electric Guitar (muted) _ 1
296.84999999999997,0.29000000000002046,65,100,Rythm Gtr - Muted,56760,58,Electric Guitar (muted) _ 1
296.84999999999997,0.29000000000002046,62,100,Rythm Gtr - Muted,56760,58,Electric Guitar (muted) _ 1
296.84999999999997,0.29000000000002046,56,100,Rythm Gtr - Muted,56760,58,Electric Guitar (muted) _ 1
297.15,0.29000000000002046,56,100,Rythm Gtr - Muted,56820,58,Electric Guitar (muted) _ 1
297.15,0.29000000000002046,65,100,Rythm Gtr - Muted,56820,58,Electric Guitar (muted) _ 1
297.15,0.29000000000002046,62,100,Rythm Gtr - Muted,56820,58,Electric Guitar (muted) _ 1
297.45,0.29000000000002046,62,100,Rythm Gtr - Muted,56880,58,Electric Guitar (muted) _ 1
297.45,0.29000000000002046,65,100,Rythm Gtr - Muted,56880,58,Electric Guitar (muted) _ 1
297.45,0.29000000000002046,56,100,Rythm Gtr - Muted,56880,58,Electric Guitar (muted) _ 1
297.75,0.589999999999975,65,100,Rythm Gtr - Muted,56940,118,Electric Guitar (muted) _ 1
297.75,0.589999999999975,56,100,Rythm Gtr - Muted,56940,118,Electric Guitar (muted) _ 1
297.75,0.589999999999975,62,100,Rythm Gtr - Muted,56940,118,Electric Guitar (muted) _ 1
298.34999999999997,0.29000000000002046,56,100,Rythm Gtr - Muted,57060,58,Electric Guitar (muted) _ 1
298.34999999999997,0.29000000000002046,65,100,Rythm Gtr - Muted,57060,58,Electric Guitar (muted) _ 1
298.34999999999997,0.29000000000002046,62,100,Rythm Gtr - Muted,57060,58,Electric Guitar (muted) _ 1
298.65,0.29000000000002046,65,100,Rythm Gtr - Muted,57120,58,Electric Guitar (muted) _ 1
298.65,0.29000000000002046,56,100,Rythm Gtr - Muted,57120,58,Electric Guitar (muted) _ 1
298.65,0.29000000000002046,62,100,Rythm Gtr - Muted,57120,58,Electric Guitar (muted) _ 1
298.95,0.29000000000002046,56,100,Rythm Gtr - Muted,57180,58,Electric Guitar (muted) _ 1
298.95,0.29000000000002046,65,100,Rythm Gtr - Muted,57180,58,Electric Guitar (muted) _ 1
298.95,0.29000000000002046,62,100,Rythm Gtr - Muted,57180,58,Electric Guitar (muted) _ 1
301.65,0.29000000000002046,62,100,Rythm Gtr - Muted,57720,58,Electric Guitar (muted) _ 1
301.65,0.29000000000002046,56,100,Rythm Gtr - Muted,57720,58,Electric Guitar (muted) _ 1
301.65,0.29000000000002046,65,100,Rythm Gtr - Muted,57720,58,Electric Guitar (muted) _ 1
301.95,0.29000000000002046,62,100,Rythm Gtr - Muted,57780,58,Electric Guitar (muted) _ 1
301.95,0.29000000000002046,56,100,Rythm Gtr - Muted,57780,58,Electric Guitar (muted) _ 1
301.95,0.29000000000002046,65,100,Rythm Gtr - Muted,57780,58,Electric Guitar (muted) _ 1
302.25,0.2899999999999636,65,100,Rythm Gtr - Muted,57840,58,Electric Guitar (muted) _ 1
302.25,0.2899999999999636,56,100,Rythm Gtr - Muted,57840,58,Electric Guitar (muted) _ 1
302.25,0.2899999999999636,62,100,Rythm Gtr - Muted,57840,58,Electric Guitar (muted) _ 1
302.54999999999995,0.5900000000000318,62,100,Rythm Gtr - Muted,57900,118,Electric Guitar (muted) _ 1
302.54999999999995,0.5900000000000318,56,100,Rythm Gtr - Muted,57900,118,Electric Guitar (muted) _ 1
302.54999999999995,0.5900000000000318,65,100,Rythm Gtr - Muted,57900,118,Electric Guitar (muted) _ 1
303.15,0.29000000000002046,56,100,Rythm Gtr - Muted,58020,58,Electric Guitar (muted) _ 1
303.15,0.29000000000002046,62,100,Rythm Gtr - Muted,58020,58,Electric Guitar (muted) _ 1
303.15,0.29000000000002046,65,100,Rythm Gtr - Muted,58020,58,Electric Guitar (muted) _ 1
303.45,0.29000000000002046,56,100,Rythm Gtr - Muted,58080,58,Electric Guitar (muted) _ 1
303.45,0.29000000000002046,65,100,Rythm Gtr - Muted,58080,58,Electric Guitar (muted) _ 1
303.45,0.29000000000002046,62,100,Rythm Gtr - Muted,58080,58,Electric Guitar (muted) _ 1
305.84999999999997,1.1125000000000114,50,100,Rythm Gtr - Muted,58560,178,Electric Guitar (muted) _ 1
306.59999999999997,0.7375000000000114,62,100,Rythm Gtr - Muted,58680,118,Electric Guitar (muted) _ 1
306.22499999999997,1.4875000000000114,57,100,Rythm Gtr - Muted,58620,238,Electric Guitar (muted) _ 1
307.72499999999997,0.36250000000001137,57,100,Rythm Gtr - Muted,58860,58,Electric Guitar (muted) _ 1
307.34999999999997,0.7375000000000114,62,100,Rythm Gtr - Muted,58800,118,Electric Guitar (muted) _ 1
306.97499999999997,1.1125000000000114,65,100,Rythm Gtr - Muted,58740,178,Electric Guitar (muted) _ 1
308.09999999999997,1.1125000000000114,53,100,Rythm Gtr - Muted,58920,178,Electric Guitar (muted) _ 1
308.84999999999997,0.7375000000000114,62,100,Rythm Gtr - Muted,59040,118,Electric Guitar (muted) _ 1
308.47499999999997,1.4875000000000114,57,100,Rythm Gtr - Muted,58980,238,Electric Guitar (muted) _ 1
309.97499999999997,0.36250000000001137,57,100,Rythm Gtr - Muted,59220,58,Electric Guitar (muted) _ 1
309.59999999999997,0.7375000000000114,62,100,Rythm Gtr - Muted,59160,118,Electric Guitar (muted) _ 1
309.22499999999997,1.1125000000000114,65,100,Rythm Gtr - Muted,59100,178,Electric Guitar (muted) _ 1
310.34999999999997,1.1125000000000114,52,100,Rythm Gtr - Muted,59280,178,Electric Guitar (muted) _ 1
311.09999999999997,0.7375000000000114,62,100,Rythm Gtr - Muted,59400,118,Electric Guitar (muted) _ 1
311.84999999999997,0.36250000000001137,48,100,Rythm Gtr - Muted,59520,58,Electric Guitar (muted) _ 1
312.22499999999997,0.36250000000001137,47,100,Rythm Gtr - Muted,59580,58,Electric Guitar (muted) _ 1
311.47499999999997,1.1125000000000114,65,100,Rythm Gtr - Muted,59460,178,Electric Guitar (muted) _ 1
310.72499999999997,1.8625000000000114,56,100,Rythm Gtr - Muted,59340,298,Electric Guitar (muted) _ 1
312.59999999999997,1.1125000000000114,46,100,Rythm Gtr - Muted,59640,178,Electric Guitar (muted) _ 1
312.97499999999997,1.1125000000000114,53,100,Rythm Gtr - Muted,59700,178,Electric Guitar (muted) _ 1
313.34999999999997,1.1125000000000114,56,100,Rythm Gtr - Muted,59760,178,Electric Guitar (muted) _ 1
314.47499999999997,0.36250000000001137,56,100,Rythm Gtr - Muted,59940,58,Electric Guitar (muted) _ 1
314.09999999999997,0.7375000000000114,62,100,Rythm Gtr - Muted,59880,118,Electric Guitar (muted) _ 1
313.72499999999997,1.1125000000000114,65,100,Rythm Gtr - Muted,59820,178,Electric Guitar (muted) _ 1
314.84999999999997,1.1125000000000114,45,100,Rythm Gtr - Muted,60000,178,Electric Guitar (muted) _ 1
315.59999999999997,0.7375000000000114,61,100,Rythm Gtr - Muted,60120,118,Electric Guitar (muted) _ 1
315.22499999999997,1.4875000000000114,57,100,Rythm Gtr - Muted,60060,238,Electric Guitar (muted) _ 1
316.72499999999997,0.36250000000001137,57,100,Rythm Gtr - Muted,60300,58,Electric Guitar (muted) _ 1
316.34999999999997,0.7375000000000114,61,100,Rythm Gtr - Muted,60240,118,Electric Guitar (muted) _ 1
315.97499999999997,1.1125000000000114,65,100,Rythm Gtr - Muted,60180,178,Electric Guitar (muted) _ 1
317.09999999999997,1.1125000000000114,50,100,Rythm Gtr - Muted,60360,178,Electric Guitar (muted) _ 1
317.84999999999997,0.7375000000000114,62,100,Rythm Gtr - Muted,60480,118,Electric Guitar (muted) _ 1
317.47499999999997,1.4875000000000114,57,100,Rythm Gtr - Muted,60420,238,Electric Guitar (muted) _ 1
318.97499999999997,0.36250000000001137,57,100,Rythm Gtr - Muted,60660,58,Electric Guitar (muted) _ 1
318.59999999999997,0.7375000000000114,62,100,Rythm Gtr - Muted,60600,118,Electric Guitar (muted) _ 1
318.22499999999997,1.1125000000000114,65,100,Rythm Gtr - Muted,60540,178,Electric Guitar (muted) _ 1
319.34999999999997,1.1125000000000114,53,100,Rythm Gtr - Muted,60720,178,Electric Guitar (muted) _ 1
320.09999999999997,0.7375000000000114,62,100,Rythm Gtr - Muted,60840,118,Electric Guitar (muted) _ 1
319.72499999999997,1.4875000000000114,57,100,Rythm Gtr - Muted,60780,238,Electric Guitar (muted) _ 1
321.22499999999997,0.36250000000001137,57,100,Rythm Gtr - Muted,61020,58,Electric Guitar (muted) _ 1
320.84999999999997,0.7375000000000114,62,100,Rythm Gtr - Muted,60960,118,Electric Guitar (muted) _ 1
320.47499999999997,1.1125000000000114,65,100,Rythm Gtr - Muted,60900,178,Electric Guitar (muted) _ 1
321.59999999999997,1.1125000000000114,52,100,Rythm Gtr - Muted,61080,178,Electric Guitar (muted) _ 1
322.34999999999997,0.7375000000000114,62,100,Rythm Gtr - Muted,61200,118,Electric Guitar (muted) _ 1
323.09999999999997,0.36250000000001137,48,100,Rythm Gtr - Muted,61320,58,Electric Guitar (muted) _ 1
323.47499999999997,0.36250000000001137,47,100,Rythm Gtr - Muted,61380,58,Electric Guitar (muted) _ 1
322.72499999999997,1.1125000000000114,65,100,Rythm Gtr - Muted,61260,178,Electric Guitar (muted) _ 1
321.97499999999997,1.8625000000000114,56,100,Rythm Gtr - Muted,61140,298,Electric Guitar (muted) _ 1
323.84999999999997,1.1125000000000114,46,100,Rythm Gtr - Muted,61440,178,Electric Guitar (muted) _ 1
324.22499999999997,1.1125000000000114,53,100,Rythm Gtr - Muted,61500,178,Electric Guitar (muted) _ 1
324.59999999999997,1.1125000000000114,56,100,Rythm Gtr - Muted,61560,178,Electric Guitar (muted) _ 1
325.72499999999997,0.36250000000001137,56,100,Rythm Gtr - Muted,61740,58,Electric Guitar (muted) _ 1
325.34999999999997,0.7375000000000114,62,100,Rythm Gtr - Muted,61680,118,Electric Guitar (muted) _ 1
324.97499999999997,1.1125000000000114,65,100,Rythm Gtr - Muted,61620,178,Electric Guitar (muted) _ 1
326.09999999999997,1.1125000000000114,45,100,Rythm Gtr - Muted,61800,178,Electric Guitar (muted) _ 1
326.84999999999997,0.7375000000000114,61,100,Rythm Gtr - Muted,61920,118,Electric Guitar (muted) _ 1
326.47499999999997,1.4875000000000114,57,100,Rythm Gtr - Muted,61860,238,Electric Guitar (muted) _ 1
327.97499999999997,0.36250000000001137,57,100,Rythm Gtr - Muted,62100,58,Electric Guitar (muted) _ 1
327.59999999999997,0.7375000000000114,61,100,Rythm Gtr - Muted,62040,118,Electric Guitar (muted) _ 1
327.22499999999997,1.1125000000000114,65,100,Rythm Gtr - Muted,61980,178,Electric Guitar (muted) _ 1
328.34999999999997,1.1125000000000114,50,100,Rythm Gtr - Muted,62160,178,Electric Guitar (muted) _ 1
329.09999999999997,0.7375000000000114,62,100,Rythm Gtr - Muted,62280,118,Electric Guitar (muted) _ 1
328.72499999999997,1.4875000000000114,57,100,Rythm Gtr - Muted,62220,238,Electric Guitar (muted) _ 1
330.22499999999997,0.36250000000001137,57,100,Rythm Gtr - Muted,62460,58,Electric Guitar (muted) _ 1
329.84999999999997,0.7375000000000114,62,100,Rythm Gtr - Muted,62400,118,Electric Guitar (muted) _ 1
329.47499999999997,1.1125000000000114,65,100,Rythm Gtr - Muted,62340,178,Electric Guitar (muted) _ 1
330.59999999999997,1.1125000000000114,53,100,Rythm Gtr - Muted,62520,178,Electric Guitar (muted) _ 1
331.34999999999997,0.7375000000000114,62,100,Rythm Gtr - Muted,62640,118,Electric Guitar (muted) _ 1
330.97499999999997,1.4875000000000114,57,100,Rythm Gtr - Muted,62580,238,Electric Guitar (muted) _ 1
332.47499999999997,0.36250000000001137,57,100,Rythm Gtr - Muted,62820,58,Electric Guitar (muted) _ 1
332.09999999999997,0.7375000000000114,62,100,Rythm Gtr - Muted,62760,118,Electric Guitar (muted) _ 1
331.72499999999997,1.1125000000000114,65,100,Rythm Gtr - Muted,62700,178,Electric Guitar (muted) _ 1
332.84999999999997,1.1125000000000114,52,100,Rythm Gtr - Muted,62880,178,Electric Guitar (muted) _ 1
333.59999999999997,0.7375000000000114,62,100,Rythm Gtr - Muted,63000,118,Electric Guitar (muted) _ 1
334.34999999999997,0.36250000000001137,48,100,Rythm Gtr - Muted,63120,58,Electric Guitar (muted) _ 1
334.72499999999997,0.36250000000001137,47,100,Rythm Gtr - Muted,63180,58,Electric Guitar (muted) _ 1
333.97499999999997,1.1125000000000114,65,100,Rythm Gtr - Muted,63060,178,Electric Guitar (muted) _ 1
333.22499999999997,1.8625000000000114,56,100,Rythm Gtr - Muted,62940,298,Electric Guitar (muted) _ 1
335.09999999999997,1.1125000000000114,46,100,Rythm Gtr - Muted,63240,178,Electric Guitar (muted) _ 1
335.47499999999997,1.1125000000000114,53,100,Rythm Gtr - Muted,63300,178,Electric Guitar (muted) _ 1
335.84999999999997,1.1125000000000114,56,100,Rythm Gtr - Muted,63360,178,Electric Guitar (muted) _ 1
336.97499999999997,0.36250000000001137,56,100,Rythm Gtr - Muted,63540,58,Electric Guitar (muted) _ 1
336.59999999999997,0.7375000000000114,62,100,Rythm Gtr - Muted,63480,118,Electric Guitar (muted) _ 1
336.22499999999997,1.1125000000000114,65,100,Rythm Gtr - Muted,63420,178,Electric Guitar (muted) _ 1
337.34999999999997,1.1125000000000114,45,100,Rythm Gtr - Muted,63600,178,Electric Guitar (muted) _ 1
338.09999999999997,0.7375000000000114,61,100,Rythm Gtr - Muted,63720,118,Electric Guitar (muted) _ 1
337.72499999999997,1.4875000000000114,57,100,Rythm Gtr - Muted,63660,238,Electric Guitar (muted) _ 1
339.22499999999997,0.36250000000001137,57,100,Rythm Gtr - Muted,63900,58,Electric Guitar (muted) _ 1
338.84999999999997,0.7375000000000114,61,100,Rythm Gtr - Muted,63840,118,Electric Guitar (muted) _ 1
338.47499999999997,1.1125000000000114,65,100,Rythm Gtr - Muted,63780,178,Electric Guitar (muted) _ 1
339.59999999999997,1.1125000000000114,50,100,Rythm Gtr - Muted,63960,178,Electric Guitar (muted) _ 1
340.34999999999997,0.7375000000000114,62,100,Rythm Gtr - Muted,64080,118,Electric Guitar (muted) _ 1
339.97499999999997,1.4875000000000114,57,100,Rythm Gtr - Muted,64020,238,Electric Guitar (muted) _ 1
341.47499999999997,0.36250000000001137,57,100,Rythm Gtr - Muted,64260,58,Electric Guitar (muted) _ 1
341.09999999999997,0.7375000000000114,62,100,Rythm Gtr - Muted,64200,118,Electric Guitar (muted) _ 1
340.72499999999997,1.1125000000000114,65,100,Rythm Gtr - Muted,64140,178,Electric Guitar (muted) _ 1
341.84999999999997,1.1125000000000114,53,100,Rythm Gtr - Muted,64320,178,Electric Guitar (muted) _ 1
342.59999999999997,0.7375000000000114,62,100,Rythm Gtr - Muted,64440,118,Electric Guitar (muted) _ 1
342.22499999999997,1.4875000000000114,57,100,Rythm Gtr - Muted,64380,238,Electric Guitar (muted) _ 1
343.72499999999997,0.36250000000001137,57,100,Rythm Gtr - Muted,64620,58,Electric Guitar (muted) _ 1
343.34999999999997,0.7375000000000114,62,100,Rythm Gtr - Muted,64560,118,Electric Guitar (muted) _ 1
342.97499999999997,1.1125000000000114,65,100,Rythm Gtr - Muted,64500,178,Electric Guitar (muted) _ 1
344.09999999999997,1.1125000000000114,52,100,Rythm Gtr - Muted,64680,178,Electric Guitar (muted) _ 1
344.84999999999997,0.7375000000000114,62,100,Rythm Gtr - Muted,64800,118,Electric Guitar (muted) _ 1
345.59999999999997,0.36250000000001137,48,100,Rythm Gtr - Muted,64920,58,Electric Guitar (muted) _ 1
345.97499999999997,0.36250000000001137,47,100,Rythm Gtr - Muted,64980,58,Electric Guitar (muted) _ 1
345.22499999999997,1.1125000000000114,65,100,Rythm Gtr - Muted,64860,178,Electric Guitar (muted) _ 1
344.47499999999997,1.8625000000000114,56,100,Rythm Gtr - Muted,64740,298,Electric Guitar (muted) _ 1
346.34999999999997,1.1125000000000114,46,100,Rythm Gtr - Muted,65040,178,Electric Guitar (muted) _ 1
346.72499999999997,1.1125000000000114,53,100,Rythm Gtr - Muted,65100,178,Electric Guitar (muted) _ 1
347.09999999999997,1.1125000000000114,56,100,Rythm Gtr - Muted,65160,178,Electric Guitar (muted) _ 1
348.22499999999997,0.36250000000001137,56,100,Rythm Gtr - Muted,65340,58,Electric Guitar (muted) _ 1
347.84999999999997,0.7375000000000114,62,100,Rythm Gtr - Muted,65280,118,Electric Guitar (muted) _ 1
347.47499999999997,1.1125000000000114,65,100,Rythm Gtr - Muted,65220,178,Electric Guitar (muted) _ 1
348.59999999999997,1.1125000000000114,45,100,Rythm Gtr - Muted,65400,178,Electric Guitar (muted) _ 1
349.34999999999997,0.7375000000000114,61,100,Rythm Gtr - Muted,65520,118,Electric Guitar (muted) _ 1
348.97499999999997,1.4875000000000114,57,100,Rythm Gtr - Muted,65460,238,Electric Guitar (muted) _ 1
350.47499999999997,0.36250000000001137,57,100,Rythm Gtr - Muted,65700,58,Electric Guitar (muted) _ 1
350.09999999999997,0.7375000000000114,61,100,Rythm Gtr - Muted,65640,118,Electric Guitar (muted) _ 1
349.72499999999997,1.1125000000000114,65,100,Rythm Gtr - Muted,65580,178,Electric Guitar (muted) _ 1
350.84999999999997,1.1125000000000114,50,100,Rythm Gtr - Muted,65760,178,Electric Guitar (muted) _ 1
351.59999999999997,0.7375000000000114,62,100,Rythm Gtr - Muted,65880,118,Electric Guitar (muted) _ 1
351.22499999999997,1.4875000000000114,57,100,Rythm Gtr - Muted,65820,238,Electric Guitar (muted) _ 1
352.72499999999997,0.36250000000001137,57,100,Rythm Gtr - Muted,66060,58,Electric Guitar (muted) _ 1
352.34999999999997,0.7375000000000114,62,100,Rythm Gtr - Muted,66000,118,Electric Guitar (muted) _ 1
351.97499999999997,1.1125000000000114,65,100,Rythm Gtr - Muted,65940,178,Electric Guitar (muted) _ 1
353.09999999999997,1.1125000000000114,53,100,Rythm Gtr - Muted,66120,178,Electric Guitar (muted) _ 1
353.84999999999997,0.7375000000000114,62,100,Rythm Gtr - Muted,66240,118,Electric Guitar (muted) _ 1
353.47499999999997,1.4875000000000114,57,100,Rythm Gtr - Muted,66180,238,Electric Guitar (muted) _ 1
354.97499999999997,0.36250000000001137,57,100,Rythm Gtr - Muted,66420,58,Electric Guitar (muted) _ 1
354.59999999999997,0.7375000000000114,62,100,Rythm Gtr - Muted,66360,118,Electric Guitar (muted) _ 1
354.22499999999997,1.1125000000000114,65,100,Rythm Gtr - Muted,66300,178,Electric Guitar (muted) _ 1
355.34999999999997,1.1125000000000114,52,100,Rythm Gtr - Muted,66480,178,Electric Guitar (muted) _ 1
356.09999999999997,0.7375000000000114,62,100,Rythm Gtr - Muted,66600,118,Electric Guitar (muted) _ 1
356.84999999999997,0.36250000000001137,48,100,Rythm Gtr - Muted,66720,58,Electric Guitar (muted) _ 1
357.22499999999997,0.36250000000001137,47,100,Rythm Gtr - Muted,66780,58,Electric Guitar (muted) _ 1
356.47499999999997,1.1125000000000114,65,100,Rythm Gtr - Muted,66660,178,Electric Guitar (muted) _ 1
355.72499999999997,1.8625000000000114,56,100,Rythm Gtr - Muted,66540,298,Electric Guitar (muted) _ 1
357.59999999999997,1.1125000000000114,46,100,Rythm Gtr - Muted,66840,178,Electric Guitar (muted) _ 1
357.97499999999997,1.1125000000000114,53,100,Rythm Gtr - Muted,66900,178,Electric Guitar (muted) _ 1
358.34999999999997,1.1125000000000114,56,100,Rythm Gtr - Muted,66960,178,Electric Guitar (muted) _ 1
359.47499999999997,0.36250000000001137,56,100,Rythm Gtr - Muted,67140,58,Electric Guitar (muted) _ 1
359.09999999999997,0.7375000000000114,62,100,Rythm Gtr - Muted,67080,118,Electric Guitar (muted) _ 1
358.72499999999997,1.1125000000000114,65,100,Rythm Gtr - Muted,67020,178,Electric Guitar (muted) _ 1
359.84999999999997,1.1125000000000114,45,100,Rythm Gtr - Muted,67200,178,Electric Guitar (muted) _ 1
360.59999999999997,0.7375000000000114,61,100,Rythm Gtr - Muted,67320,118,Electric Guitar (muted) _ 1
360.22499999999997,1.4875000000000114,57,100,Rythm Gtr - Muted,67260,238,Electric Guitar (muted) _ 1
361.72499999999997,0.36250000000001137,57,100,Rythm Gtr - Muted,67500,58,Electric Guitar (muted) _ 1
361.34999999999997,0.7375000000000114,61,100,Rythm Gtr - Muted,67440,118,Electric Guitar (muted) _ 1
360.97499999999997,1.1125000000000114,65,100,Rythm Gtr - Muted,67380,178,Electric Guitar (muted) _ 1
362.09999999999997,1.1125000000000114,50,100,Rythm Gtr - Muted,67560,178,Electric Guitar (muted) _ 1
362.84999999999997,0.7375000000000114,62,100,Rythm Gtr - Muted,67680,118,Electric Guitar (muted) _ 1
362.47499999999997,1.4875000000000114,57,100,Rythm Gtr - Muted,67620,238,Electric Guitar (muted) _ 1
363.97499999999997,0.36250000000001137,57,100,Rythm Gtr - Muted,67860,58,Electric Guitar (muted) _ 1
363.59999999999997,0.7375000000000114,62,100,Rythm Gtr - Muted,67800,118,Electric Guitar (muted) _ 1
363.22499999999997,1.1125000000000114,65,100,Rythm Gtr - Muted,67740,178,Electric Guitar (muted) _ 1
364.34999999999997,1.1125000000000114,53,100,Rythm Gtr - Muted,67920,178,Electric Guitar (muted) _ 1
365.09999999999997,0.7375000000000114,62,100,Rythm Gtr - Muted,68040,118,Electric Guitar (muted) _ 1
364.72499999999997,1.4875000000000114,57,100,Rythm Gtr - Muted,67980,238,Electric Guitar (muted) _ 1
366.22499999999997,0.36250000000001137,57,100,Rythm Gtr - Muted,68220,58,Electric Guitar (muted) _ 1
365.84999999999997,0.7375000000000114,62,100,Rythm Gtr - Muted,68160,118,Electric Guitar (muted) _ 1
365.47499999999997,1.1125000000000114,65,100,Rythm Gtr - Muted,68100,178,Electric Guitar (muted) _ 1
366.59999999999997,1.1125000000000114,52,100,Rythm Gtr - Muted,68280,178,Electric Guitar (muted) _ 1
367.34999999999997,0.7375000000000114,62,100,Rythm Gtr - Muted,68400,118,Electric Guitar (muted) _ 1
368.09999999999997,0.36250000000001137,48,100,Rythm Gtr - Muted,68520,58,Electric Guitar (muted) _ 1
368.47499999999997,0.36250000000001137,47,100,Rythm Gtr - Muted,68580,58,Electric Guitar (muted) _ 1
367.72499999999997,1.1125000000000114,65,100,Rythm Gtr - Muted,68460,178,Electric Guitar (muted) _ 1
366.97499999999997,1.8625000000000114,56,100,Rythm Gtr - Muted,68340,298,Electric Guitar (muted) _ 1
368.84999999999997,1.1125000000000114,46,100,Rythm Gtr - Muted,68640,178,Electric Guitar (muted) _ 1
369.22499999999997,1.1125000000000114,53,100,Rythm Gtr - Muted,68700,178,Electric Guitar (muted) _ 1
369.59999999999997,1.1125000000000114,56,100,Rythm Gtr - Muted,68760,178,Electric Guitar (muted) _ 1
370.72499999999997,0.36250000000001137,56,100,Rythm Gtr - Muted,68940,58,Electric Guitar (muted) _ 1
370.34999999999997,0.7375000000000114,62,100,Rythm Gtr - Muted,68880,118,Electric Guitar (muted) _ 1
369.97499999999997,1.1125000000000114,65,100,Rythm Gtr - Muted,68820,178,Electric Guitar (muted) _ 1
371.09999999999997,1.1125000000000114,45,100,Rythm Gtr - Muted,69000,178,Electric Guitar (muted) _ 1
371.84999999999997,0.7375000000000114,61,100,Rythm Gtr - Muted,69120,118,Electric Guitar (muted) _ 1
371.47499999999997,1.4875000000000114,57,100,Rythm Gtr - Muted,69060,238,Electric Guitar (muted) _ 1
372.97499999999997,0.36250000000001137,57,100,Rythm Gtr - Muted,69300,58,Electric Guitar (muted) _ 1
372.59999999999997,0.7375000000000114,61,100,Rythm Gtr - Muted,69240,118,Electric Guitar (muted) _ 1
372.22499999999997,1.1125000000000114,65,100,Rythm Gtr - Muted,69180,178,Electric Guitar (muted) _ 1
373.34999999999997,1.1125000000000114,50,100,Rythm Gtr - Muted,69360,178,Electric Guitar (muted) _ 1
374.09999999999997,0.7375000000000114,62,100,Rythm Gtr - Muted,69480,118,Electric Guitar (muted) _ 1
373.72499999999997,1.4875000000000114,57,100,Rythm Gtr - Muted,69420,238,Electric Guitar (muted) _ 1
375.22499999999997,0.36250000000001137,57,100,Rythm Gtr - Muted,69660,58,Electric Guitar (muted) _ 1
374.84999999999997,0.7375000000000114,62,100,Rythm Gtr - Muted,69600,118,Electric Guitar (muted) _ 1
374.47499999999997,1.1125000000000114,65,100,Rythm Gtr - Muted,69540,178,Electric Guitar (muted) _ 1
375.59999999999997,1.1125000000000114,53,100,Rythm Gtr - Muted,69720,178,Electric Guitar (muted) _ 1
376.34999999999997,0.7375000000000114,62,100,Rythm Gtr - Muted,69840,118,Electric Guitar (muted) _ 1
375.97499999999997,1.4875000000000114,57,100,Rythm Gtr - Muted,69780,238,Electric Guitar (muted) _ 1
377.47499999999997,0.36250000000001137,57,100,Rythm Gtr - Muted,70020,58,Electric Guitar (muted) _ 1
377.09999999999997,0.7375000000000114,62,100,Rythm Gtr - Muted,69960,118,Electric Guitar (muted) _ 1
376.72499999999997,1.1125000000000114,65,100,Rythm Gtr - Muted,69900,178,Electric Guitar (muted) _ 1
377.84999999999997,1.1125000000000114,52,100,Rythm Gtr - Muted,70080,178,Electric Guitar (muted) _ 1
378.59999999999997,0.7375000000000114,62,100,Rythm Gtr - Muted,70200,118,Electric Guitar (muted) _ 1
379.34999999999997,0.36250000000001137,48,100,Rythm Gtr - Muted,70320,58,Electric Guitar (muted) _ 1
379.72499999999997,0.36250000000001137,47,100,Rythm Gtr - Muted,70380,58,Electric Guitar (muted) _ 1
378.97499999999997,1.1125000000000114,65,100,Rythm Gtr - Muted,70260,178,Electric Guitar (muted) _ 1
378.22499999999997,1.8625000000000114,56,100,Rythm Gtr - Muted,70140,298,Electric Guitar (muted) _ 1
380.09999999999997,1.1125000000000114,46,100,Rythm Gtr - Muted,70440,178,Electric Guitar (muted) _ 1
380.47499999999997,1.1125000000000114,53,100,Rythm Gtr - Muted,70500,178,Electric Guitar (muted) _ 1
380.84999999999997,1.1125000000000114,56,100,Rythm Gtr - Muted,70560,178,Electric Guitar (muted) _ 1
381.97499999999997,0.36250000000001137,56,100,Rythm Gtr - Muted,70740,58,Electric Guitar (muted) _ 1
381.59999999999997,0.7375000000000114,62,100,Rythm Gtr - Muted,70680,118,Electric Guitar (muted) _ 1
381.22499999999997,1.1125000000000114,65,100,Rythm Gtr - Muted,70620,178,Electric Guitar (muted) _ 1
382.34999999999997,1.1125000000000114,45,100,Rythm Gtr - Muted,70800,178,Electric Guitar (muted) _ 1
383.09999999999997,0.7375000000000114,61,100,Rythm Gtr - Muted,70920,118,Electric Guitar (muted) _ 1
382.72499999999997,1.4875000000000114,57,100,Rythm Gtr - Muted,70860,238,Electric Guitar (muted) _ 1
384.22499999999997,0.36250000000001137,57,100,Rythm Gtr - Muted,71100,58,Electric Guitar (muted) _ 1
383.84999999999997,0.7375000000000114,61,100,Rythm Gtr - Muted,71040,118,Electric Guitar (muted) _ 1
383.47499999999997,1.1125000000000114,65,100,Rythm Gtr - Muted,70980,178,Electric Guitar (muted) _ 1
384.59999999999997,1.1125000000000114,50,100,Rythm Gtr - Muted,71160,178,Electric Guitar (muted) _ 1
385.34999999999997,0.7375000000000114,62,100,Rythm Gtr - Muted,71280,118,Electric Guitar (muted) _ 1
384.97499999999997,1.4875000000000114,57,100,Rythm Gtr - Muted,71220,238,Electric Guitar (muted) _ 1
386.47499999999997,0.36250000000001137,57,100,Rythm Gtr - Muted,71460,58,Electric Guitar (muted) _ 1
386.09999999999997,0.7375000000000114,62,100,Rythm Gtr - Muted,71400,118,Electric Guitar (muted) _ 1
385.72499999999997,1.1125000000000114,65,100,Rythm Gtr - Muted,71340,178,Electric Guitar (muted) _ 1
386.84999999999997,1.1125000000000114,53,100,Rythm Gtr - Muted,71520,178,Electric Guitar (muted) _ 1
387.59999999999997,0.7375000000000114,62,100,Rythm Gtr - Muted,71640,118,Electric Guitar (muted) _ 1
387.22499999999997,1.4875000000000114,57,100,Rythm Gtr - Muted,71580,238,Electric Guitar (muted) _ 1
388.72499999999997,0.36250000000001137,57,100,Rythm Gtr - Muted,71820,58,Electric Guitar (muted) _ 1
388.34999999999997,0.7375000000000114,62,100,Rythm Gtr - Muted,71760,118,Electric Guitar (muted) _ 1
387.97499999999997,1.1125000000000114,65,100,Rythm Gtr - Muted,71700,178,Electric Guitar (muted) _ 1
389.09999999999997,1.1125000000000114,52,100,Rythm Gtr - Muted,71880,178,Electric Guitar (muted) _ 1
389.84999999999997,0.7375000000000114,62,100,Rythm Gtr - Muted,72000,118,Electric Guitar (muted) _ 1
390.59999999999997,0.36250000000001137,48,100,Rythm Gtr - Muted,72120,58,Electric Guitar (muted) _ 1
390.97499999999997,0.36250000000001137,47,100,Rythm Gtr - Muted,72180,58,Electric Guitar (muted) _ 1
390.22499999999997,1.1125000000000114,65,100,Rythm Gtr - Muted,72060,178,Electric Guitar (muted) _ 1
389.47499999999997,1.8625000000000114,56,100,Rythm Gtr - Muted,71940,298,Electric Guitar (muted) _ 1
391.34999999999997,1.1125000000000114,46,100,Rythm Gtr - Muted,72240,178,Electric Guitar (muted) _ 1
391.72499999999997,1.1125000000000114,53,100,Rythm Gtr - Muted,72300,178,Electric Guitar (muted) _ 1
392.09999999999997,1.1125000000000114,56,100,Rythm Gtr - Muted,72360,178,Electric Guitar (muted) _ 1
393.22499999999997,0.36250000000001137,56,100,Rythm Gtr - Muted,72540,58,Electric Guitar (muted) _ 1
392.84999999999997,0.7375000000000114,62,100,Rythm Gtr - Muted,72480,118,Electric Guitar (muted) _ 1
392.47499999999997,1.1125000000000114,65,100,Rythm Gtr - Muted,72420,178,Electric Guitar (muted) _ 1
393.59999999999997,1.1125000000000114,45,100,Rythm Gtr - Muted,72600,178,Electric Guitar (muted) _ 1
394.34999999999997,0.7375000000000114,61,100,Rythm Gtr - Muted,72720,118,Electric Guitar (muted) _ 1
393.97499999999997,1.4875000000000114,57,100,Rythm Gtr - Muted,72660,238,Electric Guitar (muted) _ 1
395.47499999999997,0.36250000000001137,57,100,Rythm Gtr - Muted,72900,58,Electric Guitar (muted) _ 1
395.09999999999997,0.7375000000000114,61,100,Rythm Gtr - Muted,72840,118,Electric Guitar (muted) _ 1
394.72499999999997,1.1125000000000114,65,100,Rythm Gtr - Muted,72780,178,Electric Guitar (muted) _ 1
395.84999999999997,1.1125000000000114,50,100,Rythm Gtr - Muted,72960,178,Electric Guitar (muted) _ 1
396.59999999999997,0.7375000000000114,62,100,Rythm Gtr - Muted,73080,118,Electric Guitar (muted) _ 1
396.22499999999997,1.4875000000000114,57,100,Rythm Gtr - Muted,73020,238,Electric Guitar (muted) _ 1
397.72499999999997,0.36250000000001137,57,100,Rythm Gtr - Muted,73260,58,Electric Guitar (muted) _ 1
397.34999999999997,0.7375000000000114,62,100,Rythm Gtr - Muted,73200,118,Electric Guitar (muted) _ 1
396.97499999999997,1.1125000000000114,65,100,Rythm Gtr - Muted,73140,178,Electric Guitar (muted) _ 1
398.09999999999997,1.1125000000000114,53,100,Rythm Gtr - Muted,73320,178,Electric Guitar (muted) _ 1
398.84999999999997,0.7375000000000114,62,100,Rythm Gtr - Muted,73440,118,Electric Guitar (muted) _ 1
398.47499999999997,1.4875000000000114,57,100,Rythm Gtr - Muted,73380,238,Electric Guitar (muted) _ 1
399.97499999999997,0.36250000000001137,57,100,Rythm Gtr - Muted,73620,58,Electric Guitar (muted) _ 1
399.59999999999997,0.7375000000000114,62,100,Rythm Gtr - Muted,73560,118,Electric Guitar (muted) _ 1
399.22499999999997,1.1125000000000114,65,100,Rythm Gtr - Muted,73500,178,Electric Guitar (muted) _ 1
400.34999999999997,1.1125000000000114,52,100,Rythm Gtr - Muted,73680,178,Electric Guitar (muted) _ 1
401.09999999999997,0.7375000000000114,62,100,Rythm Gtr - Muted,73800,118,Electric Guitar (muted) _ 1
401.84999999999997,0.36250000000001137,48,100,Rythm Gtr - Muted,73920,58,Electric Guitar (muted) _ 1
402.22499999999997,0.36250000000001137,47,100,Rythm Gtr - Muted,73980,58,Electric Guitar (muted) _ 1
401.47499999999997,1.1125000000000114,65,100,Rythm Gtr - Muted,73860,178,Electric Guitar (muted) _ 1
400.72499999999997,1.8625000000000114,56,100,Rythm Gtr - Muted,73740,298,Electric Guitar (muted) _ 1
402.59999999999997,1.1125000000000114,46,100,Rythm Gtr - Muted,74040,178,Electric Guitar (muted) _ 1
402.97499999999997,1.1125000000000114,53,100,Rythm Gtr - Muted,74100,178,Electric Guitar (muted) _ 1
403.34999999999997,1.1125000000000114,56,100,Rythm Gtr - Muted,74160,178,Electric Guitar (muted) _ 1
404.47499999999997,0.36250000000001137,56,100,Rythm Gtr - Muted,74340,58,Electric Guitar (muted) _ 1
404.09999999999997,0.7375000000000114,62,100,Rythm Gtr - Muted,74280,118,Electric Guitar (muted) _ 1
403.72499999999997,1.1125000000000114,65,100,Rythm Gtr - Muted,74220,178,Electric Guitar (muted) _ 1
404.84999999999997,1.1125000000000114,45,100,Rythm Gtr - Muted,74400,178,Electric Guitar (muted) _ 1
405.59999999999997,0.7375000000000114,61,100,Rythm Gtr - Muted,74520,118,Electric Guitar (muted) _ 1
405.22499999999997,1.4875000000000114,57,100,Rythm Gtr - Muted,74460,238,Electric Guitar (muted) _ 1
406.72499999999997,0.36250000000001137,57,100,Rythm Gtr - Muted,74700,58,Electric Guitar (muted) _ 1
406.34999999999997,0.7375000000000114,61,100,Rythm Gtr - Muted,74640,118,Electric Guitar (muted) _ 1
405.97499999999997,1.1125000000000114,65,100,Rythm Gtr - Muted,74580,178,Electric Guitar (muted) _ 1
407.09999999999997,1.1125000000000114,50,100,Rythm Gtr - Muted,74760,178,Electric Guitar (muted) _ 1
407.84999999999997,0.7375000000000114,62,100,Rythm Gtr - Muted,74880,118,Electric Guitar (muted) _ 1
407.47499999999997,1.4875000000000114,57,100,Rythm Gtr - Muted,74820,238,Electric Guitar (muted) _ 1
408.97499999999997,0.36250000000001137,57,100,Rythm Gtr - Muted,75060,58,Electric Guitar (muted) _ 1
408.59999999999997,0.7375000000000114,62,100,Rythm Gtr - Muted,75000,118,Electric Guitar (muted) _ 1
408.22499999999997,1.1125000000000114,65,100,Rythm Gtr - Muted,74940,178,Electric Guitar (muted) _ 1
409.34999999999997,1.1125000000000114,53,100,Rythm Gtr - Muted,75120,178,Electric Guitar (muted) _ 1
410.09999999999997,0.7375000000000114,62,100,Rythm Gtr - Muted,75240,118,Electric Guitar (muted) _ 1
409.72499999999997,1.4875000000000114,57,100,Rythm Gtr - Muted,75180,238,Electric Guitar (muted) _ 1
411.22499999999997,0.36250000000001137,57,100,Rythm Gtr - Muted,75420,58,Electric Guitar (muted) _ 1
410.84999999999997,0.7375000000000114,62,100,Rythm Gtr - Muted,75360,118,Electric Guitar (muted) _ 1
410.47499999999997,1.1125000000000114,65,100,Rythm Gtr - Muted,75300,178,Electric Guitar (muted) _ 1
411.59999999999997,1.1125000000000114,52,100,Rythm Gtr - Muted,75480,178,Electric Guitar (muted) _ 1
412.34999999999997,0.7375000000000114,62,100,Rythm Gtr - Muted,75600,118,Electric Guitar (muted) _ 1
413.09999999999997,0.36250000000001137,48,100,Rythm Gtr - Muted,75720,58,Electric Guitar (muted) _ 1
413.47499999999997,0.36250000000001137,47,100,Rythm Gtr - Muted,75780,58,Electric Guitar (muted) _ 1
412.72499999999997,1.1125000000000114,65,100,Rythm Gtr - Muted,75660,178,Electric Guitar (muted) _ 1
411.97499999999997,1.8625000000000114,56,100,Rythm Gtr - Muted,75540,298,Electric Guitar (muted) _ 1
413.84999999999997,1.1125000000000114,46,100,Rythm Gtr - Muted,75840,178,Electric Guitar (muted) _ 1
414.22499999999997,1.1125000000000114,53,100,Rythm Gtr - Muted,75900,178,Electric Guitar (muted) _ 1
414.59999999999997,1.1125000000000114,56,100,Rythm Gtr - Muted,75960,178,Electric Guitar (muted) _ 1
415.72499999999997,0.36250000000001137,56,100,Rythm Gtr - Muted,76140,58,Electric Guitar (muted) _ 1
415.34999999999997,0.7375000000000114,62,100,Rythm Gtr - Muted,76080,118,Electric Guitar (muted) _ 1
414.97499999999997,1.1125000000000114,65,100,Rythm Gtr - Muted,76020,178,Electric Guitar (muted) _ 1
416.09999999999997,1.1125000000000114,45,100,Rythm Gtr - Muted,76200,178,Electric Guitar (muted) _ 1
416.84999999999997,0.7375000000000114,61,100,Rythm Gtr - Muted,76320,118,Electric Guitar (muted) _ 1
416.47499999999997,1.4875000000000114,57,100,Rythm Gtr - Muted,76260,238,Electric Guitar (muted) _ 1
417.97499999999997,0.36250000000001137,57,100,Rythm Gtr - Muted,76500,58,Electric Guitar (muted) _ 1
417.59999999999997,0.7375000000000114,61,100,Rythm Gtr - Muted,76440,118,Electric Guitar (muted) _ 1
417.22499999999997,1.1125000000000114,65,100,Rythm Gtr - Muted,76380,178,Electric Guitar (muted) _ 1
418.34999999999997,1.1125000000000114,50,100,Rythm Gtr - Muted,76560,178,Electric Guitar (muted) _ 1
419.09999999999997,0.7375000000000114,62,100,Rythm Gtr - Muted,76680,118,Electric Guitar (muted) _ 1
418.72499999999997,1.4875000000000114,57,100,Rythm Gtr - Muted,76620,238,Electric Guitar (muted) _ 1
420.22499999999997,0.36250000000001137,57,100,Rythm Gtr - Muted,76860,58,Electric Guitar (muted) _ 1
419.84999999999997,0.7375000000000114,62,100,Rythm Gtr - Muted,76800,118,Electric Guitar (muted) _ 1
419.47499999999997,1.1125000000000114,65,100,Rythm Gtr - Muted,76740,178,Electric Guitar (muted) _ 1
420.59999999999997,1.1125000000000114,53,100,Rythm Gtr - Muted,76920,178,Electric Guitar (muted) _ 1
421.34999999999997,0.7375000000000114,62,100,Rythm Gtr - Muted,77040,118,Electric Guitar (muted) _ 1
420.97499999999997,1.4875000000000114,57,100,Rythm Gtr - Muted,76980,238,Electric Guitar (muted) _ 1
422.47499999999997,0.36250000000001137,57,100,Rythm Gtr - Muted,77220,58,Electric Guitar (muted) _ 1
422.09999999999997,0.7375000000000114,62,100,Rythm Gtr - Muted,77160,118,Electric Guitar (muted) _ 1
421.72499999999997,1.1125000000000114,65,100,Rythm Gtr - Muted,77100,178,Electric Guitar (muted) _ 1
422.84999999999997,1.1125000000000114,52,100,Rythm Gtr - Muted,77280,178,Electric Guitar (muted) _ 1
423.59999999999997,0.7375000000000114,62,100,Rythm Gtr - Muted,77400,118,Electric Guitar (muted) _ 1
424.34999999999997,0.36250000000001137,48,100,Rythm Gtr - Muted,77520,58,Electric Guitar (muted) _ 1
424.72499999999997,0.36250000000001137,47,100,Rythm Gtr - Muted,77580,58,Electric Guitar (muted) _ 1
423.97499999999997,1.1125000000000114,65,100,Rythm Gtr - Muted,77460,178,Electric Guitar (muted) _ 1
423.22499999999997,1.8625000000000114,56,100,Rythm Gtr - Muted,77340,298,Electric Guitar (muted) _ 1
425.09999999999997,1.1125000000000114,46,100,Rythm Gtr - Muted,77640,178,Electric Guitar (muted) _ 1
425.47499999999997,1.1125000000000114,53,100,Rythm Gtr - Muted,77700,178,Electric Guitar (muted) _ 1
425.84999999999997,1.1125000000000114,56,100,Rythm Gtr - Muted,77760,178,Electric Guitar (muted) _ 1
426.97499999999997,0.36250000000001137,56,100,Rythm Gtr - Muted,77940,58,Electric Guitar (muted) _ 1
426.59999999999997,0.7375000000000114,62,100,Rythm Gtr - Muted,77880,118,Electric Guitar (muted) _ 1
426.22499999999997,1.1125000000000114,65,100,Rythm Gtr - Muted,77820,178,Electric Guitar (muted) _ 1
427.34999999999997,1.1125000000000114,45,100,Rythm Gtr - Muted,78000,178,Electric Guitar (muted) _ 1
428.09999999999997,0.7375000000000114,61,100,Rythm Gtr - Muted,78120,118,Electric Guitar (muted) _ 1
427.72499999999997,1.4875000000000114,57,100,Rythm Gtr - Muted,78060,238,Electric Guitar (muted) _ 1
429.22499999999997,0.36250000000001137,57,100,Rythm Gtr - Muted,78300,58,Electric Guitar (muted) _ 1
428.84999999999997,0.7375000000000114,61,100,Rythm Gtr - Muted,78240,118,Electric Guitar (muted) _ 1
428.47499999999997,1.1125000000000114,65,100,Rythm Gtr - Muted,78180,178,Electric Guitar (muted) _ 1
429.59999999999997,1.1125000000000114,50,100,Rythm Gtr - Muted,78360,178,Electric Guitar (muted) _ 1
430.34999999999997,0.7375000000000114,62,100,Rythm Gtr - Muted,78480,118,Electric Guitar (muted) _ 1
429.97499999999997,1.4875000000000114,57,100,Rythm Gtr - Muted,78420,238,Electric Guitar (muted) _ 1
431.47499999999997,0.36250000000001137,57,100,Rythm Gtr - Muted,78660,58,Electric Guitar (muted) _ 1
431.09999999999997,0.7375000000000114,62,100,Rythm Gtr - Muted,78600,118,Electric Guitar (muted) _ 1
430.72499999999997,1.1125000000000114,65,100,Rythm Gtr - Muted,78540,178,Electric Guitar (muted) _ 1
431.84999999999997,1.1125000000000114,53,100,Rythm Gtr - Muted,78720,178,Electric Guitar (muted) _ 1
432.59999999999997,0.7375000000000114,62,100,Rythm Gtr - Muted,78840,118,Electric Guitar (muted) _ 1
432.22499999999997,1.4875000000000114,57,100,Rythm Gtr - Muted,78780,238,Electric Guitar (muted) _ 1
433.72499999999997,0.36250000000001137,57,100,Rythm Gtr - Muted,79020,58,Electric Guitar (muted) _ 1
433.34999999999997,0.7375000000000114,62,100,Rythm Gtr - Muted,78960,118,Electric Guitar (muted) _ 1
432.97499999999997,1.1125000000000114,65,100,Rythm Gtr - Muted,78900,178,Electric Guitar (muted) _ 1
434.09999999999997,1.1125000000000114,52,100,Rythm Gtr - Muted,79080,178,Electric Guitar (muted) _ 1
434.84999999999997,0.7375000000000114,62,100,Rythm Gtr - Muted,79200,118,Electric Guitar (muted) _ 1
435.59999999999997,0.36250000000001137,48,100,Rythm Gtr - Muted,79320,58,Electric Guitar (muted) _ 1
435.97499999999997,0.36250000000001137,47,100,Rythm Gtr - Muted,79380,58,Electric Guitar (muted) _ 1
435.22499999999997,1.1125000000000114,65,100,Rythm Gtr - Muted,79260,178,Electric Guitar (muted) _ 1
434.47499999999997,1.8625000000000114,56,100,Rythm Gtr - Muted,79140,298,Electric Guitar (muted) _ 1
436.34999999999997,1.1125000000000114,46,100,Rythm Gtr - Muted,79440,178,Electric Guitar (muted) _ 1
436.72499999999997,1.1125000000000114,53,100,Rythm Gtr - Muted,79500,178,Electric Guitar (muted) _ 1
437.09999999999997,1.1125000000000114,56,100,Rythm Gtr - Muted,79560,178,Electric Guitar (muted) _ 1
438.22499999999997,0.36250000000001137,56,100,Rythm Gtr - Muted,79740,58,Electric Guitar (muted) _ 1
437.84999999999997,0.7375000000000114,62,100,Rythm Gtr - Muted,79680,118,Electric Guitar (muted) _ 1
437.47499999999997,1.1125000000000114,65,100,Rythm Gtr - Muted,79620,178,Electric Guitar (muted) _ 1
438.59999999999997,1.1125000000000114,45,100,Rythm Gtr - Muted,79800,178,Electric Guitar (muted) _ 1
439.34999999999997,0.7375000000000114,61,100,Rythm Gtr - Muted,79920,118,Electric Guitar (muted) _ 1
438.97499999999997,1.4875000000000114,57,100,Rythm Gtr - Muted,79860,238,Electric Guitar (muted) _ 1
440.47499999999997,0.36250000000001137,57,100,Rythm Gtr - Muted,80100,58,Electric Guitar (muted) _ 1
440.09999999999997,0.7375000000000114,61,100,Rythm Gtr - Muted,80040,118,Electric Guitar (muted) _ 1
439.72499999999997,1.1125000000000114,65,100,Rythm Gtr - Muted,79980,178,Electric Guitar (muted) _ 1
440.84999999999997,1.1125000000000114,50,100,Rythm Gtr - Muted,80160,178,Electric Guitar (muted) _ 1
441.59999999999997,0.7375000000000114,62,100,Rythm Gtr - Muted,80280,118,Electric Guitar (muted) _ 1
441.22499999999997,1.4875000000000114,57,100,Rythm Gtr - Muted,80220,238,Electric Guitar (muted) _ 1
442.72499999999997,0.36250000000001137,57,100,Rythm Gtr - Muted,80460,58,Electric Guitar (muted) _ 1
442.34999999999997,0.7375000000000114,62,100,Rythm Gtr - Muted,80400,118,Electric Guitar (muted) _ 1
441.97499999999997,1.1125000000000114,65,100,Rythm Gtr - Muted,80340,178,Electric Guitar (muted) _ 1
443.09999999999997,1.1125000000000114,53,100,Rythm Gtr - Muted,80520,178,Electric Guitar (muted) _ 1
443.84999999999997,0.7375000000000114,62,100,Rythm Gtr - Muted,80640,118,Electric Guitar (muted) _ 1
443.47499999999997,1.4875000000000114,57,100,Rythm Gtr - Muted,80580,238,Electric Guitar (muted) _ 1
444.97499999999997,0.36250000000001137,57,100,Rythm Gtr - Muted,80820,58,Electric Guitar (muted) _ 1
444.59999999999997,0.7375000000000114,62,100,Rythm Gtr - Muted,80760,118,Electric Guitar (muted) _ 1
444.22499999999997,1.1125000000000114,65,100,Rythm Gtr - Muted,80700,178,Electric Guitar (muted) _ 1
445.34999999999997,1.1125000000000114,52,100,Rythm Gtr - Muted,80880,178,Electric Guitar (muted) _ 1
446.09999999999997,0.7375000000000114,62,100,Rythm Gtr - Muted,81000,118,Electric Guitar (muted) _ 1
446.84999999999997,0.36250000000001137,48,100,Rythm Gtr - Muted,81120,58,Electric Guitar (muted) _ 1
447.22499999999997,0.36250000000001137,47,100,Rythm Gtr - Muted,81180,58,Electric Guitar (muted) _ 1
446.47499999999997,1.1125000000000114,65,100,Rythm Gtr - Muted,81060,178,Electric Guitar (muted) _ 1
445.72499999999997,1.8625000000000114,56,100,Rythm Gtr - Muted,80940,298,Electric Guitar (muted) _ 1
447.59999999999997,1.1125000000000114,46,100,Rythm Gtr - Muted,81240,178,Electric Guitar (muted) _ 1
447.97499999999997,1.1125000000000114,53,100,Rythm Gtr - Muted,81300,178,Electric Guitar (muted) _ 1
448.34999999999997,1.1125000000000114,56,100,Rythm Gtr - Muted,81360,178,Electric Guitar (muted) _ 1
449.47499999999997,0.36250000000001137,56,100,Rythm Gtr - Muted,81540,58,Electric Guitar (muted) _ 1
449.09999999999997,0.7375000000000114,62,100,Rythm Gtr - Muted,81480,118,Electric Guitar (muted) _ 1
448.72499999999997,1.1125000000000114,65,100,Rythm Gtr - Muted,81420,178,Electric Guitar (muted) _ 1
449.84999999999997,1.1125000000000114,45,100,Rythm Gtr - Muted,81600,178,Electric Guitar (muted) _ 1
450.59999999999997,0.7375000000000114,61,100,Rythm Gtr - Muted,81720,118,Electric Guitar (muted) _ 1
450.22499999999997,1.4875000000000114,57,100,Rythm Gtr - Muted,81660,238,Electric Guitar (muted) _ 1
451.72499999999997,0.36250000000001137,57,100,Rythm Gtr - Muted,81900,58,Electric Guitar (muted) _ 1
451.34999999999997,0.7375000000000114,61,100,Rythm Gtr - Muted,81840,118,Electric Guitar (muted) _ 1
450.97499999999997,1.1125000000000114,65,100,Rythm Gtr - Muted,81780,178,Electric Guitar (muted) _ 1
452.09999999999997,1.1125000000000114,50,100,Rythm Gtr - Muted,81960,178,Electric Guitar (muted) _ 1
452.84999999999997,0.7375000000000114,62,100,Rythm Gtr - Muted,82080,118,Electric Guitar (muted) _ 1
452.47499999999997,1.4875000000000114,57,100,Rythm Gtr - Muted,82020,238,Electric Guitar (muted) _ 1
453.97499999999997,0.36250000000001137,57,100,Rythm Gtr - Muted,82260,58,Electric Guitar (muted) _ 1
453.59999999999997,0.7375000000000114,62,100,Rythm Gtr - Muted,82200,118,Electric Guitar (muted) _ 1
453.22499999999997,1.1125000000000114,65,100,Rythm Gtr - Muted,82140,178,Electric Guitar (muted) _ 1
454.34999999999997,1.1125000000000114,53,100,Rythm Gtr - Muted,82320,178,Electric Guitar (muted) _ 1
455.09999999999997,0.7375000000000114,62,100,Rythm Gtr - Muted,82440,118,Electric Guitar (muted) _ 1
454.72499999999997,1.4875000000000114,57,100,Rythm Gtr - Muted,82380,238,Electric Guitar (muted) _ 1
456.22499999999997,0.36250000000001137,57,100,Rythm Gtr - Muted,82620,58,Electric Guitar (muted) _ 1
455.84999999999997,0.7375000000000114,62,100,Rythm Gtr - Muted,82560,118,Electric Guitar (muted) _ 1
455.47499999999997,1.1125000000000114,65,100,Rythm Gtr - Muted,82500,178,Electric Guitar (muted) _ 1
456.59999999999997,1.1125000000000114,52,100,Rythm Gtr - Muted,82680,178,Electric Guitar (muted) _ 1
457.34999999999997,0.7375000000000114,62,100,Rythm Gtr - Muted,82800,118,Electric Guitar (muted) _ 1
458.09999999999997,0.36250000000001137,48,100,Rythm Gtr - Muted,82920,58,Electric Guitar (muted) _ 1
458.47499999999997,0.36250000000001137,47,100,Rythm Gtr - Muted,82980,58,Electric Guitar (muted) _ 1
457.72499999999997,1.1125000000000114,65,100,Rythm Gtr - Muted,82860,178,Electric Guitar (muted) _ 1
456.97499999999997,1.8625000000000114,56,100,Rythm Gtr - Muted,82740,298,Electric Guitar (muted) _ 1
458.84999999999997,1.1125000000000114,46,100,Rythm Gtr - Muted,83040,178,Electric Guitar (muted) _ 1
459.22499999999997,1.1125000000000114,53,100,Rythm Gtr - Muted,83100,178,Electric Guitar (muted) _ 1
459.59999999999997,1.1125000000000114,56,100,Rythm Gtr - Muted,83160,178,Electric Guitar (muted) _ 1
460.72499999999997,0.36250000000001137,56,100,Rythm Gtr - Muted,83340,58,Electric Guitar (muted) _ 1
460.34999999999997,0.7375000000000114,62,100,Rythm Gtr - Muted,83280,118,Electric Guitar (muted) _ 1
459.97499999999997,1.1125000000000114,65,100,Rythm Gtr - Muted,83220,178,Electric Guitar (muted) _ 1
461.09999999999997,1.1125000000000114,45,100,Rythm Gtr - Muted,83400,178,Electric Guitar (muted) _ 1
461.84999999999997,0.7375000000000114,61,100,Rythm Gtr - Muted,83520,118,Electric Guitar (muted) _ 1
461.47499999999997,1.4875000000000114,57,100,Rythm Gtr - Muted,83460,238,Electric Guitar (muted) _ 1
462.97499999999997,0.36250000000001137,57,100,Rythm Gtr - Muted,83700,58,Electric Guitar (muted) _ 1
462.59999999999997,0.7375000000000114,61,100,Rythm Gtr - Muted,83640,118,Electric Guitar (muted) _ 1
462.22499999999997,1.1125000000000114,65,100,Rythm Gtr - Muted,83580,178,Electric Guitar (muted) _ 1
463.34999999999997,1.1125000000000114,50,100,Rythm Gtr - Muted,83760,178,Electric Guitar (muted) _ 1
464.09999999999997,0.7375000000000114,62,100,Rythm Gtr - Muted,83880,118,Electric Guitar (muted) _ 1
463.72499999999997,1.4875000000000114,57,100,Rythm Gtr - Muted,83820,238,Electric Guitar (muted) _ 1
465.22499999999997,0.36250000000001137,57,100,Rythm Gtr - Muted,84060,58,Electric Guitar (muted) _ 1
464.84999999999997,0.7375000000000114,62,100,Rythm Gtr - Muted,84000,118,Electric Guitar (muted) _ 1
464.47499999999997,1.1125000000000114,65,100,Rythm Gtr - Muted,83940,178,Electric Guitar (muted) _ 1
465.59999999999997,1.1125000000000114,53,100,Rythm Gtr - Muted,84120,178,Electric Guitar (muted) _ 1
466.34999999999997,0.7375000000000114,62,100,Rythm Gtr - Muted,84240,118,Electric Guitar (muted) _ 1
465.97499999999997,1.4875000000000114,57,100,Rythm Gtr - Muted,84180,238,Electric Guitar (muted) _ 1
467.47499999999997,0.36250000000001137,57,100,Rythm Gtr - Muted,84420,58,Electric Guitar (muted) _ 1
467.09999999999997,0.7375000000000114,62,100,Rythm Gtr - Muted,84360,118,Electric Guitar (muted) _ 1
466.72499999999997,1.1125000000000114,65,100,Rythm Gtr - Muted,84300,178,Electric Guitar (muted) _ 1
467.84999999999997,1.1125000000000114,52,100,Rythm Gtr - Muted,84480,178,Electric Guitar (muted) _ 1
468.59999999999997,0.7375000000000114,62,100,Rythm Gtr - Muted,84600,118,Electric Guitar (muted) _ 1
469.34999999999997,0.36250000000001137,48,100,Rythm Gtr - Muted,84720,58,Electric Guitar (muted) _ 1
469.72499999999997,0.36250000000001137,47,100,Rythm Gtr - Muted,84780,58,Electric Guitar (muted) _ 1
468.97499999999997,1.1125000000000114,65,100,Rythm Gtr - Muted,84660,178,Electric Guitar (muted) _ 1
468.22499999999997,1.8625000000000114,56,100,Rythm Gtr - Muted,84540,298,Electric Guitar (muted) _ 1
470.09999999999997,1.1125000000000114,46,100,Rythm Gtr - Muted,84840,178,Electric Guitar (muted) _ 1
470.47499999999997,1.1125000000000114,53,100,Rythm Gtr - Muted,84900,178,Electric Guitar (muted) _ 1
470.84999999999997,1.1125000000000114,56,100,Rythm Gtr - Muted,84960,178,Electric Guitar (muted) _ 1
471.97499999999997,0.36250000000001137,56,100,Rythm Gtr - Muted,85140,58,Electric Guitar (muted) _ 1
471.59999999999997,0.7375000000000114,62,100,Rythm Gtr - Muted,85080,118,Electric Guitar (muted) _ 1
471.22499999999997,1.1125000000000114,65,100,Rythm Gtr - Muted,85020,178,Electric Guitar (muted) _ 1
472.34999999999997,0.36250000000001137,45,100,Rythm Gtr - Muted,85200,58,Electric Guitar (muted) _ 1
2.0625,0.1750000000000007,62,100,Lead Gtr - Overdrive,810,28,Overdriven Guitar _ 1
2.25,0.9250000000000007,65,100,Lead Gtr - Overdrive,840,148,Overdriven Guitar _ 1
3.1875,0.037499999999999645,62,100,Lead Gtr - Overdrive,990,6,Overdriven Guitar _ 1
3.23125,0.03750000000000053,64,100,Lead Gtr - Overdrive,997,6,Overdriven Guitar _ 1
3.28125,0.037499999999999645,65,100,Lead Gtr - Overdrive,1005,6,Overdriven Guitar _ 1
3.325,0.03750000000000053,67,100,Lead Gtr - Overdrive,1012,6,Overdriven Guitar _ 1
3.75,0.08125000000000071,72,100,Lead Gtr - Overdrive,1080,13,Overdriven Guitar _ 1
3.84375,0.2687499999999998,74,100,Lead Gtr - Overdrive,1095,43,Overdriven Guitar _ 1
4.125,0.3624999999999998,72,100,Lead Gtr - Overdrive,1140,58,Overdriven Guitar _ 1
3.375,1.1124999999999998,69,100,Lead Gtr - Overdrive,1020,178,Overdriven Guitar _ 1
4.5,1.1125000000000007,71,100,Lead Gtr - Overdrive,1200,178,Overdriven Guitar _ 1
6.375,0.3625000000000007,71,100,Lead Gtr - Overdrive,1500,58,Overdriven Guitar _ 1
6.0,0.7375000000000007,74,100,Lead Gtr - Overdrive,1440,118,Overdriven Guitar _ 1
6.75,0.05000000000000071,81,100,Lead Gtr - Overdrive,1560,8,Overdriven Guitar _ 1
6.8125,0.3000000000000007,82,100,Lead Gtr - Overdrive,1570,48,Overdriven Guitar _ 1
7.875,0.3625000000000007,82,100,Lead Gtr - Overdrive,1740,58,Overdriven Guitar _ 1
8.25,0.3625000000000007,81,100,Lead Gtr - Overdrive,1800,58,Overdriven Guitar _ 1
8.625,0.3625000000000007,77,100,Lead Gtr - Overdrive,1860,58,Overdriven Guitar _ 1
9.375,0.3625000000000007,77,100,Lead Gtr - Overdrive,1980,58,Overdriven Guitar _ 1
9.0,0.7375000000000007,69,100,Lead Gtr - Overdrive,1920,118,Overdriven Guitar _ 1
9.75,0.3625000000000007,77,100,Lead Gtr - Overdrive,2040,58,Overdriven Guitar _ 1
10.125,0.08125000000000071,79,100,Lead Gtr - Overdrive,2100,13,Overdriven Guitar _ 1
10.21875,3.321249999999999,81,100,Lead Gtr - Overdrive,2115,343,Overdriven Guitar _ 1
13.85,0.14000000000000057,57,100,Lead Gtr - Overdrive,2520,28,Overdriven Guitar _ 1
14.0,0.4400000000000013,60,100,Lead Gtr - Overdrive,2550,88,Overdriven Guitar _ 1
14.45,0.03999999999999915,62,100,Lead Gtr - Overdrive,2640,8,Overdriven Guitar _ 1
14.5,1.1400000000000006,64,100,Lead Gtr - Overdrive,2650,228,Overdriven Guitar _ 1
15.649999999999999,0.14000000000000057,62,100,Lead Gtr - Overdrive,2880,28,Overdriven Guitar _ 1
15.8,0.14000000000000057,60,100,Lead Gtr - Overdrive,2910,28,Overdriven Guitar _ 1
15.95,0.14000000000000057,57,100,Lead Gtr - Overdrive,2940,28,Overdriven Guitar _ 1
17.75,0.28999999999999915,57,100,Lead Gtr - Overdrive,3300,58,Overdriven Guitar _ 1
18.05,0.28999999999999915,60,100,Lead Gtr - Overdrive,3360,58,Overdriven Guitar _ 1
18.35,0.28999999999999915,62,100,Lead Gtr - Overdrive,3420,58,Overdriven Guitar _ 1
18.65,0.0400000000000027,62,100,Lead Gtr - Overdrive,3480,8,Overdriven Guitar _ 1
18.7,0.5400000000000027,63,100,Lead Gtr - Overdrive,3490,108,Overdriven Guitar _ 1
19.25,0.14000000000000057,63,100,Lead Gtr - Overdrive,3600,28,Overdriven Guitar _ 1
19.4,0.14000000000000057,62,100,Lead Gtr - Overdrive,3630,28,Overdriven Guitar _ 1
19.55,0.28999999999999915,60,100,Lead Gtr - Overdrive,3660,58,Overdriven Guitar _ 1
19.85,0.5899999999999999,57,100,Lead Gtr - Overdrive,3720,118,Overdriven Guitar _ 1
20.45,0.5899999999999999,60,100,Lead Gtr - Overdrive,3840,118,Overdriven Guitar _ 1
21.05,0.28999999999999915,62,100,Lead Gtr - Overdrive,3960,58,Overdriven Guitar _ 1
21.35,0.28999999999999915,60,100,Lead Gtr - Overdrive,4020,58,Overdriven Guitar _ 1
23.15,0.28999999999999915,57,100,Lead Gtr - Overdrive,4380,58,Overdriven Guitar _ 1
23.450000000000003,0.5899999999999963,60,100,Lead Gtr - Overdrive,4440,118,Overdriven Guitar _ 1
24.05,1.9400000000000013,62,100,Lead Gtr - Overdrive,4560,388,Overdriven Guitar _ 1
26.0,0.14000000000000057,60,100,Lead Gtr - Overdrive,4950,28,Overdriven Guitar _ 1
26.15,0.14000000000000057,57,100,Lead Gtr - Overdrive,4980,28,Overdriven Guitar _ 1
27.35,0.28999999999999915,57,100,Lead Gtr - Overdrive,5220,58,Overdriven Guitar _ 1
27.65,0.28999999999999915,60,100,Lead Gtr - Overdrive,5280,58,Overdriven Guitar _ 1
27.950000000000003,0.28999999999999915,62,100,Lead Gtr - Overdrive,5340,58,Overdriven Guitar _ 1
28.25,0.03999999999999915,62,100,Lead Gtr - Overdrive,5400,8,Overdriven Guitar _ 1
28.3,0.5399999999999991,64,100,Lead Gtr - Overdrive,5410,108,Overdriven Guitar _ 1
28.85,0.14000000000000057,63,100,Lead Gtr - Overdrive,5520,28,Overdriven Guitar _ 1
29.0,0.14000000000000057,62,100,Lead Gtr - Overdrive,5550,28,Overdriven Guitar _ 1
29.15,0.2900000000000027,60,100,Lead Gtr - Overdrive,5580,58,Overdriven Guitar _ 1
29.45,0.5899999999999999,57,100,Lead Gtr - Overdrive,5640,118,Overdriven Guitar _ 1
30.049999999999997,0.5900000000000034,60,100,Lead Gtr - Overdrive,5760,118,Overdriven Guitar _ 1
30.650000000000006,0.5899999999999963,57,100,Lead Gtr - Overdrive,5880,118,Overdriven Guitar _ 1
31.25,0.28999999999999915,55,100,Lead Gtr - Overdrive,6000,58,Overdriven Guitar _ 1
31.549999999999997,0.29000000000000625,52,100,Lead Gtr - Overdrive,6060,58,Overdriven Guitar _ 1
31.85,0.5899999999999963,55,100,Lead Gtr - Overdrive,6120,118,Overdriven Guitar _ 1
32.45,0.03999999999999915,55,100,Lead Gtr - Overdrive,6240,8,Overdriven Guitar _ 1
32.5,0.5399999999999991,57,100,Lead Gtr - Overdrive,6250,108,Overdriven Guitar _ 1
33.05,0.5900000000000034,55,100,Lead Gtr - Overdrive,6360,118,Overdriven Guitar _ 1
33.650000000000006,0.28999999999999204,51,100,Lead Gtr - Overdrive,6480,58,Overdriven Guitar _ 1
33.95,0.28999999999999915,50,100,Lead Gtr - Overdrive,6540,58,Overdriven Guitar _ 1
34.25,0.5900000000000034,48,100,Lead Gtr - Overdrive,6600,118,Overdriven Guitar _ 1
34.85,0.5899999999999963,45,100,Lead Gtr - Overdrive,6720,118,Overdriven Guitar _ 1
38.75,0.28999999999999915,62,100,Lead Gtr - Overdrive,7500,58,Overdriven Guitar _ 1
39.05,0.5900000000000034,65,100,Lead Gtr - Overdrive,7560,118,Overdriven Guitar _ 1
39.650000000000006,0.03999999999999204,67,100,Lead Gtr - Overdrive,7680,8,Overdriven Guitar _ 1
39.7,0.39000000000000057,69,100,Lead Gtr - Overdrive,7690,78,Overdriven Guitar _ 1
40.1,0.14000000000000057,65,100,Lead Gtr - Overdrive,7770,28,Overdriven Guitar _ 1
42.95,0.28999999999999915,62,100,Lead Gtr - Overdrive,8340,58,Overdriven Guitar _ 1
43.25,0.28999999999999915,65,100,Lead Gtr - Overdrive,8400,58,Overdriven Guitar _ 1
43.55,0.29000000000000625,67,100,Lead Gtr - Overdrive,8460,58,Overdriven Guitar _ 1
43.85,0.03999999999999915,67,100,Lead Gtr - Overdrive,8520,8,Overdriven Guitar _ 1
43.900000000000006,0.539999999999992,68,100,Lead Gtr - Overdrive,8530,108,Overdriven Guitar _ 1
44.45,0.14000000000000057,68,100,Lead Gtr - Overdrive,8640,28,Overdriven Guitar _ 1
44.6,0.14000000000000057,67,100,Lead Gtr - Overdrive,8670,28,Overdriven Guitar _ 1
44.75,0.28999999999999915,65,100,Lead Gtr - Overdrive,8700,58,Overdriven Guitar _ 1
45.05,0.5900000000000034,62,100,Lead Gtr - Overdrive,8760,118,Overdriven Guitar _ 1
45.65,0.5900000000000034,65,100,Lead Gtr - Overdrive,8880,118,Overdriven Guitar _ 1
46.25,0.14000000000000057,68,100,Lead Gtr - Overdrive,9000,28,Overdriven Guitar _ 1
46.4,0.14000000000000057,67,100,Lead Gtr - Overdrive,9030,28,Overdriven Guitar _ 1
46.55,0.14000000000000057,65,100,Lead Gtr - Overdrive,9060,28,Overdriven Guitar _ 1
46.7,0.14000000000000057,62,100,Lead Gtr - Overdrive,9090,28,Overdriven Guitar _ 1
48.35,0.28999999999999915,62,100,Lead Gtr - Overdrive,9420,58,Overdriven Guitar _ 1
48.65,0.5900000000000034,65,100,Lead Gtr - Overdrive,9480,118,Overdriven Guitar _ 1
49.25,2.3900000000000006,71,100,Lead Gtr - Overdrive,9600,478,Overdriven Guitar _ 1
49.25,2.3900000000000006,67,100,Lead Gtr - Overdrive,9600,478,Overdriven Guitar _ 1
52.550000000000004,0.28999999999999915,62,100,Lead Gtr - Overdrive,10260,58,Overdriven Guitar _ 1
52.85,0.28999999999999915,65,100,Lead Gtr - Overdrive,10320,58,Overdriven Guitar _ 1
53.15,0.28999999999999915,67,100,Lead Gtr - Overdrive,10380,58,Overdriven Guitar _ 1
53.45,0.03999999999999915,67,100,Lead Gtr - Overdrive,10440,8,Overdriven Guitar _ 1
53.5,0.5399999999999991,68,100,Lead Gtr - Overdrive,10450,108,Overdriven Guitar _ 1
54.050000000000004,0.13999999999999346,69,100,Lead Gtr - Overdrive,10560,28,Overdriven Guitar _ 1
54.2,0.14000000000000057,67,100,Lead Gtr - Overdrive,10590,28,Overdriven Guitar _ 1
54.35,0.28999999999999915,65,100,Lead Gtr - Overdrive,10620,58,Overdriven Guitar _ 1
54.65,0.5900000000000034,62,100,Lead Gtr - Overdrive,10680,118,Overdriven Guitar _ 1
55.25,0.5900000000000034,65,100,Lead Gtr - Overdrive,10800,118,Overdriven Guitar _ 1
55.85,0.5899999999999963,62,100,Lead Gtr - Overdrive,10920,118,Overdriven Guitar _ 1
56.45,0.28999999999999915,60,100,Lead Gtr - Overdrive,11040,58,Overdriven Guitar _ 1
56.45,0.28999999999999915,65,100,Lead Gtr - Overdrive,11040,58,Overdriven Guitar _ 1
56.75,0.28999999999999915,57,100,Lead Gtr - Overdrive,11100,58,Overdriven Guitar _ 1
57.050000000000004,0.5899999999999963,60,100,Lead Gtr - Overdrive,11160,118,Overdriven Guitar _ 1
57.65,0.06500000000000483,60,100,Lead Gtr - Overdrive,11280,13,Overdriven Guitar _ 1
57.725,0.5150000000000006,62,100,Lead Gtr - Overdrive,11295,103,Overdriven Guitar _ 1
57.65,0.5900000000000034,65,100,Lead Gtr - Overdrive,11280,118,Overdriven Guitar _ 1
58.25,0.5900000000000034,60,100,Lead Gtr - Overdrive,11400,118,Overdriven Guitar _ 1
58.85,0.39000000000000057,55,100,Lead Gtr - Overdrive,11520,78,Overdriven Guitar _ 1
59.25,0.39000000000000057,56,100,Lead Gtr - Overdrive,11600,78,Overdriven Guitar _ 1
59.65,0.39000000000000057,57,100,Lead Gtr - Overdrive,11680,78,Overdriven Guitar _ 1
73.55000000000001,0.28999999999999204,57,100,Lead Gtr - Overdrive,14460,58,Overdriven Guitar _ 1
73.85,0.5900000000000034,60,100,Lead Gtr - Overdrive,14520,118,Overdriven Guitar _ 1
74.45,0.04000000000000625,62,100,Lead Gtr - Overdrive,14640,8,Overdriven Guitar _ 1
74.5,1.1400000000000006,64,100,Lead Gtr - Overdrive,14650,228,Overdriven Guitar _ 1
75.65,0.13999999999998636,62,100,Lead Gtr - Overdrive,14880,28,Overdriven Guitar _ 1
75.80000000000001,0.13999999999998636,60,100,Lead Gtr - Overdrive,14910,28,Overdriven Guitar _ 1
75.95,0.14000000000000057,57,100,Lead Gtr - Overdrive,14940,28,Overdriven Guitar _ 1
77.75,0.29000000000000625,57,100,Lead Gtr - Overdrive,15300,58,Overdriven Guitar _ 1
78.05,0.29000000000000625,60,100,Lead Gtr - Overdrive,15360,58,Overdriven Guitar _ 1
78.35,0.29000000000000625,62,100,Lead Gtr - Overdrive,15420,58,Overdriven Guitar _ 1
78.65,0.03999999999999204,62,100,Lead Gtr - Overdrive,15480,8,Overdriven Guitar _ 1
78.7,0.539999999999992,63,100,Lead Gtr - Overdrive,15490,108,Overdriven Guitar _ 1
79.25,0.14000000000000057,63,100,Lead Gtr - Overdrive,15600,28,Overdriven Guitar _ 1
79.4,0.14000000000000057,62,100,Lead Gtr - Overdrive,15630,28,Overdriven Guitar _ 1
79.55,0.29000000000000625,60,100,Lead Gtr - Overdrive,15660,58,Overdriven Guitar _ 1
79.85,0.5900000000000034,57,100,Lead Gtr - Overdrive,15720,118,Overdriven Guitar _ 1
80.45,0.5900000000000034,60,100,Lead Gtr - Overdrive,15840,118,Overdriven Guitar _ 1
81.05,0.29000000000000625,62,100,Lead Gtr - Overdrive,15960,58,Overdriven Guitar _ 1
81.35,0.29000000000000625,60,100,Lead Gtr - Overdrive,16020,58,Overdriven Guitar _ 1
83.15,0.28999999999999204,57,100,Lead Gtr - Overdrive,16380,58,Overdriven Guitar _ 1
83.45,0.5900000000000034,60,100,Lead Gtr - Overdrive,16440,118,Overdriven Guitar _ 1
84.05,1.9399999999999977,62,100,Lead Gtr - Overdrive,16560,388,Overdriven Guitar _ 1
86.0,0.14000000000000057,60,100,Lead Gtr - Overdrive,16950,28,Overdriven Guitar _ 1
86.15,0.14000000000000057,57,100,Lead Gtr - Overdrive,16980,28,Overdriven Guitar _ 1
87.35000000000001,0.28999999999999204,57,100,Lead Gtr - Overdrive,17220,58,Overdriven Guitar _ 1
87.65,0.28999999999999204,60,100,Lead Gtr - Overdrive,17280,58,Overdriven Guitar _ 1
87.95,0.28999999999999204,62,100,Lead Gtr - Overdrive,17340,58,Overdriven Guitar _ 1
88.25,0.04000000000000625,62,100,Lead Gtr - Overdrive,17400,8,Overdriven Guitar _ 1
88.3,0.5400000000000063,64,100,Lead Gtr - Overdrive,17410,108,Overdriven Guitar _ 1
88.85000000000001,0.13999999999998636,63,100,Lead Gtr - Overdrive,17520,28,Overdriven Guitar _ 1
89.0,0.14000000000000057,62,100,Lead Gtr - Overdrive,17550,28,Overdriven Guitar _ 1
89.15,0.28999999999999204,60,100,Lead Gtr - Overdrive,17580,58,Overdriven Guitar _ 1
89.45,0.5900000000000034,57,100,Lead Gtr - Overdrive,17640,118,Overdriven Guitar _ 1
90.05,0.5900000000000034,60,100,Lead Gtr - Overdrive,17760,118,Overdriven Guitar _ 1
90.65,0.5899999999999892,57,100,Lead Gtr - Overdrive,17880,118,Overdriven Guitar _ 1
91.25,0.29000000000000625,55,100,Lead Gtr - Overdrive,18000,58,Overdriven Guitar _ 1
91.55,0.29000000000000625,52,100,Lead Gtr - Overdrive,18060,58,Overdriven Guitar _ 1
91.85000000000001,0.5899999999999892,55,100,Lead Gtr - Overdrive,18120,118,Overdriven Guitar _ 1
92.45,0.03999999999999204,55,100,Lead Gtr - Overdrive,18240,8,Overdriven Guitar _ 1
92.5,0.5400000000000063,57,100,Lead Gtr - Overdrive,18250,108,Overdriven Guitar _ 1
93.05,0.5900000000000034,55,100,Lead Gtr - Overdrive,18360,118,Overdriven Guitar _ 1
93.65,0.28999999999999204,51,100,Lead Gtr - Overdrive,18480,58,Overdriven Guitar _ 1
93.95,0.28999999999999204,50,100,Lead Gtr - Overdrive,18540,58,Overdriven Guitar _ 1
94.25,0.5900000000000034,48,100,Lead Gtr - Overdrive,18600,118,Overdriven Guitar _ 1
94.85000000000001,0.5899999999999892,45,100,Lead Gtr - Overdrive,18720,118,Overdriven Guitar _ 1
98.75,0.29000000000000625,62,100,Lead Gtr - Overdrive,19500,58,Overdriven Guitar _ 1
99.05,0.5900000000000034,65,100,Lead Gtr - Overdrive,19560,118,Overdriven Guitar _ 1
99.65,0.03999999999999204,67,100,Lead Gtr - Overdrive,19680,8,Overdriven Guitar _ 1
99.7,0.39000000000000057,69,100,Lead Gtr - Overdrive,19690,78,Overdriven Guitar _ 1
100.10000000000001,0.13999999999998636,65,100,Lead Gtr - Overdrive,19770,28,Overdriven Guitar _ 1
102.95,0.28999999999999204,62,100,Lead Gtr - Overdrive,20340,58,Overdriven Guitar _ 1
103.25,0.29000000000000625,65,100,Lead Gtr - Overdrive,20400,58,Overdriven Guitar _ 1
103.55,0.29000000000000625,67,100,Lead Gtr - Overdrive,20460,58,Overdriven Guitar _ 1
103.85000000000001,0.03999999999999204,67,100,Lead Gtr - Overdrive,20520,8,Overdriven Guitar _ 1
103.9,0.539999999999992,68,100,Lead Gtr - Overdrive,20530,108,Overdriven Guitar _ 1
104.45,0.14000000000000057,68,100,Lead Gtr - Overdrive,20640,28,Overdriven Guitar _ 1
104.60000000000001,0.13999999999998636,67,100,Lead Gtr - Overdrive,20670,28,Overdriven Guitar _ 1
104.75,0.29000000000000625,65,100,Lead Gtr - Overdrive,20700,58,Overdriven Guitar _ 1
105.05,0.5900000000000034,62,100,Lead Gtr - Overdrive,20760,118,Overdriven Guitar _ 1
105.65,0.5899999999999892,65,100,Lead Gtr - Overdrive,20880,118,Overdriven Guitar _ 1
106.25,0.14000000000000057,68,100,Lead Gtr - Overdrive,21000,28,Overdriven Guitar _ 1
106.4,0.14000000000000057,67,100,Lead Gtr - Overdrive,21030,28,Overdriven Guitar _ 1
106.55,0.14000000000000057,65,100,Lead Gtr - Overdrive,21060,28,Overdriven Guitar _ 1
106.7,0.14000000000000057,62,100,Lead Gtr - Overdrive,21090,28,Overdriven Guitar _ 1
108.35000000000001,0.28999999999999204,62,100,Lead Gtr - Overdrive,21420,58,Overdriven Guitar _ 1
108.65,0.5900000000000034,65,100,Lead Gtr - Overdrive,21480,118,Overdriven Guitar _ 1
109.25,2.3900000000000006,67,100,Lead Gtr - Overdrive,21600,478,Overdriven Guitar _ 1
109.25,2.3900000000000006,71,100,Lead Gtr - Overdrive,21600,478,Overdriven Guitar _ 1
112.55,0.29000000000000625,62,100,Lead Gtr - Overdrive,22260,58,Overdriven Guitar _ 1
112.85000000000001,0.28999999999999204,65,100,Lead Gtr - Overdrive,22320,58,Overdriven Guitar _ 1
113.15,0.28999999999999204,67,100,Lead Gtr - Overdrive,22380,58,Overdriven Guitar _ 1
113.45,0.04000000000000625,67,100,Lead Gtr - Overdrive,22440,8,Overdriven Guitar _ 1
113.5,0.5400000000000063,68,100,Lead Gtr - Overdrive,22450,108,Overdriven Guitar _ 1
114.05,0.14000000000000057,69,100,Lead Gtr - Overdrive,22560,28,Overdriven Guitar _ 1
114.2,0.14000000000000057,67,100,Lead Gtr - Overdrive,22590,28,Overdriven Guitar _ 1
114.35000000000001,0.28999999999999204,65,100,Lead Gtr - Overdrive,22620,58,Overdriven Guitar _ 1
114.65,0.5900000000000034,62,100,Lead Gtr - Overdrive,22680,118,Overdriven Guitar _ 1
115.25,0.5900000000000034,65,100,Lead Gtr - Overdrive,22800,118,Overdriven Guitar _ 1
115.85000000000001,0.5899999999999892,62,100,Lead Gtr - Overdrive,22920,118,Overdriven Guitar _ 1
116.45,0.29000000000000625,65,100,Lead Gtr - Overdrive,23040,58,Overdriven Guitar _ 1
116.45,0.29000000000000625,60,100,Lead Gtr - Overdrive,23040,58,Overdriven Guitar _ 1
116.75,0.29000000000000625,57,100,Lead Gtr - Overdrive,23100,58,Overdriven Guitar _ 1
117.05,0.5900000000000034,60,100,Lead Gtr - Overdrive,23160,118,Overdriven Guitar _ 1
117.65,0.06499999999999773,60,100,Lead Gtr - Overdrive,23280,13,Overdriven Guitar _ 1
117.72500000000001,0.5150000000000006,62,100,Lead Gtr - Overdrive,23295,103,Overdriven Guitar _ 1
117.65,0.5900000000000034,65,100,Lead Gtr - Overdrive,23280,118,Overdriven Guitar _ 1
118.25,0.5900000000000034,60,100,Lead Gtr - Overdrive,23400,118,Overdriven Guitar _ 1
118.85000000000001,0.39000000000000057,55,100,Lead Gtr - Overdrive,23520,78,Overdriven Guitar _ 1
119.25,0.39000000000000057,56,100,Lead Gtr - Overdrive,23600,78,Overdriven Guitar _ 1
119.65,0.39000000000000057,57,100,Lead Gtr - Overdrive,23680,78,Overdriven Guitar _ 1
159.25,0.28999999999999204,57,100,Lead Gtr - Overdrive,30420,58,Overdriven Guitar _ 1
159.54999999999998,0.5900000000000034,60,100,Lead Gtr - Overdrive,30480,118,Overdriven Guitar _ 1
160.14999999999998,0.040000000000020464,62,100,Lead Gtr - Overdrive,30600,8,Overdriven Guitar _ 1
160.2,0.8400000000000034,63,100,Lead Gtr - Overdrive,30610,168,Overdriven Guitar _ 1
161.04999999999998,0.03999999999999204,62,100,Lead Gtr - Overdrive,30780,8,Overdriven Guitar _ 1
161.1,0.23999999999998067,64,100,Lead Gtr - Overdrive,30790,48,Overdriven Guitar _ 1
161.35,0.5900000000000034,62,100,Lead Gtr - Overdrive,30840,118,Overdriven Guitar _ 1
161.95,0.13999999999998636,62,100,Lead Gtr - Overdrive,30960,28,Overdriven Guitar _ 1
162.1,0.13999999999998636,63,100,Lead Gtr - Overdrive,30990,28,Overdriven Guitar _ 1
162.25,0.28999999999999204,62,100,Lead Gtr - Overdrive,31020,58,Overdriven Guitar _ 1
162.54999999999998,0.28999999999999204,60,100,Lead Gtr - Overdrive,31080,58,Overdriven Guitar _ 1
162.85,0.28999999999999204,57,100,Lead Gtr - Overdrive,31140,58,Overdriven Guitar _ 1
163.45,0.28999999999999204,57,100,Lead Gtr - Overdrive,31260,58,Overdriven Guitar _ 1
163.75,0.28999999999999204,60,100,Lead Gtr - Overdrive,31320,58,Overdriven Guitar _ 1
164.04999999999998,0.28999999999999204,62,100,Lead Gtr - Overdrive,31380,58,Overdriven Guitar _ 1
164.35,0.03999999999999204,62,100,Lead Gtr - Overdrive,31440,8,Overdriven Guitar _ 1
164.39999999999998,0.5400000000000205,63,100,Lead Gtr - Overdrive,31450,108,Overdriven Guitar _ 1
164.95,0.13999999999998636,64,100,Lead Gtr - Overdrive,31560,28,Overdriven Guitar _ 1
165.1,0.28999999999999204,62,100,Lead Gtr - Overdrive,31590,58,Overdriven Guitar _ 1
165.39999999999998,0.14000000000001478,60,100,Lead Gtr - Overdrive,31650,28,Overdriven Guitar _ 1
165.54999999999998,0.5900000000000034,57,100,Lead Gtr - Overdrive,31680,118,Overdriven Guitar _ 1
166.14999999999998,0.5900000000000034,60,100,Lead Gtr - Overdrive,31800,118,Overdriven Guitar _ 1
166.75,0.08999999999997499,62,100,Lead Gtr - Overdrive,31920,18,Overdriven Guitar _ 1
166.85,0.09000000000000341,63,100,Lead Gtr - Overdrive,31940,18,Overdriven Guitar _ 1
166.95,0.09000000000000341,62,100,Lead Gtr - Overdrive,31960,18,Overdriven Guitar _ 1
167.04999999999998,0.14000000000001478,60,100,Lead Gtr - Overdrive,31980,28,Overdriven Guitar _ 1
167.2,0.13999999999998636,57,100,Lead Gtr - Overdrive,32010,28,Overdriven Guitar _ 1
168.85,0.28999999999999204,57,100,Lead Gtr - Overdrive,32340,58,Overdriven Guitar _ 1
169.14999999999998,0.5900000000000034,60,100,Lead Gtr - Overdrive,32400,118,Overdriven Guitar _ 1
169.75,1.9399999999999977,62,100,Lead Gtr - Overdrive,32520,388,Overdriven Guitar _ 1
171.7,0.13999999999998636,60,100,Lead Gtr - Overdrive,32910,28,Overdriven Guitar _ 1
171.85,0.28999999999999204,57,100,Lead Gtr - Overdrive,32940,58,Overdriven Guitar _ 1
172.14999999999998,0.29000000000002046,60,100,Lead Gtr - Overdrive,33000,58,Overdriven Guitar _ 1
172.45,0.28999999999999204,62,100,Lead Gtr - Overdrive,33060,58,Overdriven Guitar _ 1
172.45,0.28999999999999204,66,100,Lead Gtr - Overdrive,33060,58,Overdriven Guitar _ 1
173.04999999999998,0.28999999999999204,57,100,Lead Gtr - Overdrive,33180,58,Overdriven Guitar _ 1
173.35,0.28999999999999204,60,100,Lead Gtr - Overdrive,33240,58,Overdriven Guitar _ 1
173.64999999999998,0.29000000000002046,62,100,Lead Gtr - Overdrive,33300,58,Overdriven Guitar _ 1
173.95,0.03999999999999204,62,100,Lead Gtr - Overdrive,33360,8,Overdriven Guitar _ 1
174.0,0.539999999999992,63,100,Lead Gtr - Overdrive,33370,108,Overdriven Guitar _ 1
174.54999999999998,0.14000000000001478,63,100,Lead Gtr - Overdrive,33480,28,Overdriven Guitar _ 1
174.7,0.13999999999998636,62,100,Lead Gtr - Overdrive,33510,28,Overdriven Guitar _ 1
174.85,0.28999999999999204,60,100,Lead Gtr - Overdrive,33540,58,Overdriven Guitar _ 1
175.14999999999998,0.5900000000000034,57,100,Lead Gtr - Overdrive,33600,118,Overdriven Guitar _ 1
175.75,0.589999999999975,60,100,Lead Gtr - Overdrive,33720,118,Overdriven Guitar _ 1
176.35,0.5900000000000034,57,100,Lead Gtr - Overdrive,33840,118,Overdriven Guitar _ 1
176.95,0.28999999999999204,55,100,Lead Gtr - Overdrive,33960,58,Overdriven Guitar _ 1
177.25,0.28999999999999204,52,100,Lead Gtr - Overdrive,34020,58,Overdriven Guitar _ 1
177.54999999999998,0.5900000000000034,55,100,Lead Gtr - Overdrive,34080,118,Overdriven Guitar _ 1
178.14999999999998,0.06499999999999773,55,100,Lead Gtr - Overdrive,34200,13,Overdriven Guitar _ 1
178.225,0.5149999999999864,57,100,Lead Gtr - Overdrive,34215,103,Overdriven Guitar _ 1
178.75,0.589999999999975,55,100,Lead Gtr - Overdrive,34320,118,Overdriven Guitar _ 1
179.35,0.28999999999999204,52,100,Lead Gtr - Overdrive,34440,58,Overdriven Guitar _ 1
179.64999999999998,0.29000000000002046,50,100,Lead Gtr - Overdrive,34500,58,Overdriven Guitar _ 1
179.95,0.5900000000000034,48,100,Lead Gtr - Overdrive,34560,118,Overdriven Guitar _ 1
180.54999999999998,1.039999999999992,45,100,Lead Gtr - Overdrive,34680,208,Overdriven Guitar _ 1
181.6,0.030000000000001137,40,100,Lead Gtr - Overdrive,34890,6,Overdriven Guitar _ 1
181.635,0.030000000000001137,43,100,Lead Gtr - Overdrive,34897,6,Overdriven Guitar _ 1
181.67499999999998,0.06499999999999773,45,100,Lead Gtr - Overdrive,34905,13,Overdriven Guitar _ 1
181.75,0.06499999999999773,48,100,Lead Gtr - Overdrive,34920,13,Overdriven Guitar _ 1
181.825,0.06499999999999773,52,100,Lead Gtr - Overdrive,34935,13,Overdriven Guitar _ 1
181.89999999999998,0.29000000000002046,55,100,Lead Gtr - Overdrive,34950,58,Overdriven Guitar _ 1
182.2,0.13999999999998636,57,100,Lead Gtr - Overdrive,35010,28,Overdriven Guitar _ 1
182.35,0.28999999999999204,60,100,Lead Gtr - Overdrive,35040,58,Overdriven Guitar _ 1
182.64999999999998,0.06499999999999773,60,100,Lead Gtr - Overdrive,35100,13,Overdriven Guitar _ 1
182.725,0.2150000000000034,61,100,Lead Gtr - Overdrive,35115,43,Overdriven Guitar _ 1
182.64999999999998,0.29000000000002046,64,100,Lead Gtr - Overdrive,35100,58,Overdriven Guitar _ 1
184.45,0.28999999999999204,65,100,Lead Gtr - Overdrive,35460,58,Overdriven Guitar _ 1
184.45,0.28999999999999204,62,100,Lead Gtr - Overdrive,35460,58,Overdriven Guitar _ 1
184.75,0.589999999999975,69,100,Lead Gtr - Overdrive,35520,118,Overdriven Guitar _ 1
184.75,0.589999999999975,65,100,Lead Gtr - Overdrive,35520,118,Overdriven Guitar _ 1
185.35,1.1899999999999977,71,100,Lead Gtr - Overdrive,35640,238,Overdriven Guitar _ 1
185.35,1.1899999999999977,67,100,Lead Gtr - Overdrive,35640,238,Overdriven Guitar _ 1
186.54999999999998,0.09000000000000341,68,100,Lead Gtr - Overdrive,35880,18,Overdriven Guitar _ 1
186.54999999999998,0.09000000000000341,72,100,Lead Gtr - Overdrive,35880,18,Overdriven Guitar _ 1
186.64999999999998,0.09000000000000341,71,100,Lead Gtr - Overdrive,35900,18,Overdriven Guitar _ 1
186.64999999999998,0.09000000000000341,67,100,Lead Gtr - Overdrive,35900,18,Overdriven Guitar _ 1
186.75,0.08999999999997499,65,100,Lead Gtr - Overdrive,35920,18,Overdriven Guitar _ 1
186.85,0.28999999999999204,67,100,Lead Gtr - Overdrive,35940,58,Overdriven Guitar _ 1
186.75,0.38999999999998636,68,100,Lead Gtr - Overdrive,35920,78,Overdriven Guitar _ 1
187.14999999999998,0.29000000000002046,65,100,Lead Gtr - Overdrive,36000,58,Overdriven Guitar _ 1
187.14999999999998,0.29000000000002046,68,100,Lead Gtr - Overdrive,36000,58,Overdriven Guitar _ 1
187.45,0.09000000000000341,71,100,Lead Gtr - Overdrive,36060,18,Overdriven Guitar _ 1
187.45,0.09000000000000341,67,100,Lead Gtr - Overdrive,36060,18,Overdriven Guitar _ 1
187.54999999999998,0.09000000000000341,72,100,Lead Gtr - Overdrive,36080,18,Overdriven Guitar _ 1
187.54999999999998,0.09000000000000341,68,100,Lead Gtr - Overdrive,36080,18,Overdriven Guitar _ 1
187.64999999999998,0.09000000000000341,67,100,Lead Gtr - Overdrive,36100,18,Overdriven Guitar _ 1
187.75,0.06499999999999773,65,100,Lead Gtr - Overdrive,36120,13,Overdriven Guitar _ 1
187.64999999999998,0.9900000000000091,71,100,Lead Gtr - Overdrive,36100,198,Overdriven Guitar _ 1
187.825,1.115000000000009,67,100,Lead Gtr - Overdrive,36135,223,Overdriven Guitar _ 1
188.95,0.28999999999999204,65,100,Lead Gtr - Overdrive,36360,58,Overdriven Guitar _ 1
188.95,0.28999999999999204,69,100,Lead Gtr - Overdrive,36360,58,Overdriven Guitar _ 1
189.25,0.28999999999999204,71,100,Lead Gtr - Overdrive,36420,58,Overdriven Guitar _ 1
189.25,0.28999999999999204,67,100,Lead Gtr - Overdrive,36420,58,Overdriven Guitar _ 1
189.54999999999998,0.03999999999999204,71,100,Lead Gtr - Overdrive,36480,8,Overdriven Guitar _ 1
189.54999999999998,0.03999999999999204,67,100,Lead Gtr - Overdrive,36480,8,Overdriven Guitar _ 1
189.6,0.539999999999992,68,100,Lead Gtr - Overdrive,36490,108,Overdriven Guitar _ 1
189.6,0.539999999999992,72,100,Lead Gtr - Overdrive,36490,108,Overdriven Guitar _ 1
190.14999999999998,0.14000000000001478,68,100,Lead Gtr - Overdrive,36600,28,Overdriven Guitar _ 1
190.29999999999998,0.14000000000001478,67,100,Lead Gtr - Overdrive,36630,28,Overdriven Guitar _ 1
190.14999999999998,0.29000000000002046,72,100,Lead Gtr - Overdrive,36600,58,Overdriven Guitar _ 1
190.45,0.28999999999999204,65,100,Lead Gtr - Overdrive,36660,58,Overdriven Guitar _ 1
190.75,0.589999999999975,62,100,Lead Gtr - Overdrive,36720,118,Overdriven Guitar _ 1
191.35,0.5900000000000034,65,100,Lead Gtr - Overdrive,36840,118,Overdriven Guitar _ 1
191.35,0.5900000000000034,68,100,Lead Gtr - Overdrive,36840,118,Overdriven Guitar _ 1
191.95,0.06499999999999773,71,100,Lead Gtr - Overdrive,36960,13,Overdriven Guitar _ 1
191.95,0.06499999999999773,67,100,Lead Gtr - Overdrive,36960,13,Overdriven Guitar _ 1
192.02499999999998,0.2150000000000034,68,100,Lead Gtr - Overdrive,36975,43,Overdriven Guitar _ 1
192.25,0.13999999999998636,65,100,Lead Gtr - Overdrive,37020,28,Overdriven Guitar _ 1
192.02499999999998,0.3650000000000091,72,100,Lead Gtr - Overdrive,36975,73,Overdriven Guitar _ 1
192.39999999999998,0.14000000000001478,67,100,Lead Gtr - Overdrive,37050,28,Overdriven Guitar _ 1
194.04999999999998,0.28999999999999204,62,100,Lead Gtr - Overdrive,37380,58,Overdriven Guitar _ 1
194.04999999999998,0.28999999999999204,65,100,Lead Gtr - Overdrive,37380,58,Overdriven Guitar _ 1
194.35,0.5900000000000034,65,100,Lead Gtr - Overdrive,37440,118,Overdriven Guitar _ 1
194.35,0.5900000000000034,69,100,Lead Gtr - Overdrive,37440,118,Overdriven Guitar _ 1
194.95,1.1899999999999977,71,100,Lead Gtr - Overdrive,37560,238,Overdriven Guitar _ 1
194.95,1.1899999999999977,67,100,Lead Gtr - Overdrive,37560,238,Overdriven Guitar _ 1
196.14999999999998,0.06499999999999773,69,100,Lead Gtr - Overdrive,37800,13,Overdriven Guitar _ 1
196.225,0.8649999999999807,71,100,Lead Gtr - Overdrive,37815,173,Overdriven Guitar _ 1
197.1,0.03999999999999204,69,100,Lead Gtr - Overdrive,37990,8,Overdriven Guitar _ 1
197.14999999999998,0.040000000000020464,67,100,Lead Gtr - Overdrive,38000,8,Overdriven Guitar _ 1
197.2,0.03999999999999204,65,100,Lead Gtr - Overdrive,38010,8,Overdriven Guitar _ 1
197.25,0.03999999999999204,62,100,Lead Gtr - Overdrive,38020,8,Overdriven Guitar _ 1
197.29999999999998,0.03999999999999204,59,100,Lead Gtr - Overdrive,38030,8,Overdriven Guitar _ 1
198.25,0.28999999999999204,62,100,Lead Gtr - Overdrive,38220,58,Overdriven Guitar _ 1
198.25,0.28999999999999204,65,100,Lead Gtr - Overdrive,38220,58,Overdriven Guitar _ 1
198.54999999999998,0.28999999999999204,69,100,Lead Gtr - Overdrive,38280,58,Overdriven Guitar _ 1
198.54999999999998,0.28999999999999204,65,100,Lead Gtr - Overdrive,38280,58,Overdriven Guitar _ 1
198.85,0.28999999999999204,71,100,Lead Gtr - Overdrive,38340,58,Overdriven Guitar _ 1
198.85,0.28999999999999204,67,100,Lead Gtr - Overdrive,38340,58,Overdriven Guitar _ 1
199.14999999999998,0.040000000000020464,67,100,Lead Gtr - Overdrive,38400,8,Overdriven Guitar _ 1
199.14999999999998,0.040000000000020464,71,100,Lead Gtr - Overdrive,38400,8,Overdriven Guitar _ 1
199.2,0.539999999999992,68,100,Lead Gtr - Overdrive,38410,108,Overdriven Guitar _ 1
199.2,0.539999999999992,72,100,Lead Gtr - Overdrive,38410,108,Overdriven Guitar _ 1
199.75,0.13999999999998636,72,100,Lead Gtr - Overdrive,38520,28,Overdriven Guitar _ 1
199.75,0.13999999999998636,69,100,Lead Gtr - Overdrive,38520,28,Overdriven Guitar _ 1
199.89999999999998,0.14000000000001478,67,100,Lead Gtr - Overdrive,38550,28,Overdriven Guitar _ 1
199.89999999999998,0.14000000000001478,71,100,Lead Gtr - Overdrive,38550,28,Overdriven Guitar _ 1
200.04999999999998,0.28999999999999204,65,100,Lead Gtr - Overdrive,38580,58,Overdriven Guitar _ 1
200.04999999999998,0.5900000000000034,69,100,Lead Gtr - Overdrive,38580,118,Overdriven Guitar _ 1
200.35,0.5900000000000034,62,100,Lead Gtr - Overdrive,38640,118,Overdriven Guitar _ 1
200.95,0.5900000000000034,69,100,Lead Gtr - Overdrive,38760,118,Overdriven Guitar _ 1
200.95,0.5900000000000034,65,100,Lead Gtr - Overdrive,38760,118,Overdriven Guitar _ 1
201.54999999999998,0.5900000000000034,62,100,Lead Gtr - Overdrive,38880,118,Overdriven Guitar _ 1
201.54999999999998,0.5900000000000034,67,100,Lead Gtr - Overdrive,38880,118,Overdriven Guitar _ 1
202.45,0.28999999999999204,57,100,Lead Gtr - Overdrive,39060,58,Overdriven Guitar _ 1
202.14999999999998,0.5900000000000034,65,100,Lead Gtr - Overdrive,39000,118,Overdriven Guitar _ 1
202.14999999999998,0.5900000000000034,60,100,Lead Gtr - Overdrive,39000,118,Overdriven Guitar _ 1
202.75,0.589999999999975,65,100,Lead Gtr - Overdrive,39120,118,Overdriven Guitar _ 1
202.75,0.589999999999975,60,100,Lead Gtr - Overdrive,39120,118,Overdriven Guitar _ 1
203.35,0.06499999999999773,65,100,Lead Gtr - Overdrive,39240,13,Overdriven Guitar _ 1
203.35,0.06499999999999773,60,100,Lead Gtr - Overdrive,39240,13,Overdriven Guitar _ 1
203.42499999999998,0.5150000000000148,62,100,Lead Gtr - Overdrive,39255,103,Overdriven Guitar _ 1
203.42499999999998,0.5150000000000148,67,100,Lead Gtr - Overdrive,39255,103,Overdriven Guitar _ 1
203.95,0.5900000000000034,60,100,Lead Gtr - Overdrive,39360,118,Overdriven Guitar _ 1
203.95,0.5900000000000034,65,100,Lead Gtr - Overdrive,39360,118,Overdriven Guitar _ 1
204.54999999999998,0.3900000000000148,55,100,Lead Gtr - Overdrive,39480,78,Overdriven Guitar _ 1
204.95,0.38999999999998636,56,100,Lead Gtr - Overdrive,39560,78,Overdriven Guitar _ 1
205.35,0.38999999999998636,57,100,Lead Gtr - Overdrive,39640,78,Overdriven Guitar _ 1
244.95,0.28999999999999204,57,100,Lead Gtr - Overdrive,46380,58,Overdriven Guitar _ 1
245.24999999999997,0.5900000000000034,60,100,Lead Gtr - Overdrive,46440,118,Overdriven Guitar _ 1
245.84999999999997,0.040000000000020464,62,100,Lead Gtr - Overdrive,46560,8,Overdriven Guitar _ 1
245.89999999999998,0.8400000000000034,63,100,Lead Gtr - Overdrive,46570,168,Overdriven Guitar _ 1
246.74999999999997,0.03999999999999204,62,100,Lead Gtr - Overdrive,46740,8,Overdriven Guitar _ 1
246.79999999999998,0.23999999999998067,64,100,Lead Gtr - Overdrive,46750,48,Overdriven Guitar _ 1
247.04999999999998,0.5900000000000034,62,100,Lead Gtr - Overdrive,46800,118,Overdriven Guitar _ 1
247.64999999999998,0.13999999999998636,62,100,Lead Gtr - Overdrive,46920,28,Overdriven Guitar _ 1
247.79999999999998,0.13999999999998636,63,100,Lead Gtr - Overdrive,46950,28,Overdriven Guitar _ 1
247.95,0.28999999999999204,62,100,Lead Gtr - Overdrive,46980,58,Overdriven Guitar _ 1
248.24999999999997,0.28999999999999204,60,100,Lead Gtr - Overdrive,47040,58,Overdriven Guitar _ 1
248.54999999999998,0.28999999999999204,57,100,Lead Gtr - Overdrive,47100,58,Overdriven Guitar _ 1
249.14999999999998,0.28999999999999204,57,100,Lead Gtr - Overdrive,47220,58,Overdriven Guitar _ 1
249.45,0.28999999999999204,60,100,Lead Gtr - Overdrive,47280,58,Overdriven Guitar _ 1
249.74999999999997,0.28999999999999204,62,100,Lead Gtr - Overdrive,47340,58,Overdriven Guitar _ 1
250.04999999999998,0.03999999999999204,62,100,Lead Gtr - Overdrive,47400,8,Overdriven Guitar _ 1
250.09999999999997,0.5400000000000205,63,100,Lead Gtr - Overdrive,47410,108,Overdriven Guitar _ 1
250.64999999999998,0.13999999999998636,64,100,Lead Gtr - Overdrive,47520,28,Overdriven Guitar _ 1
250.79999999999998,0.28999999999999204,62,100,Lead Gtr - Overdrive,47550,58,Overdriven Guitar _ 1
251.09999999999997,0.14000000000001478,60,100,Lead Gtr - Overdrive,47610,28,Overdriven Guitar _ 1
251.24999999999997,0.5900000000000034,57,100,Lead Gtr - Overdrive,47640,118,Overdriven Guitar _ 1
251.84999999999997,0.5900000000000034,60,100,Lead Gtr - Overdrive,47760,118,Overdriven Guitar _ 1
252.45,0.08999999999997499,62,100,Lead Gtr - Overdrive,47880,18,Overdriven Guitar _ 1
252.54999999999998,0.09000000000000341,63,100,Lead Gtr - Overdrive,47900,18,Overdriven Guitar _ 1
252.64999999999998,0.09000000000000341,62,100,Lead Gtr - Overdrive,47920,18,Overdriven Guitar _ 1
252.74999999999997,0.14000000000001478,60,100,Lead Gtr - Overdrive,47940,28,Overdriven Guitar _ 1
252.89999999999998,0.13999999999998636,57,100,Lead Gtr - Overdrive,47970,28,Overdriven Guitar _ 1
254.54999999999995,0.29000000000002046,57,100,Lead Gtr - Overdrive,48300,58,Overdriven Guitar _ 1
254.84999999999997,0.5900000000000318,60,100,Lead Gtr - Overdrive,48360,118,Overdriven Guitar _ 1
255.45,1.9399999999999977,62,100,Lead Gtr - Overdrive,48480,388,Overdriven Guitar _ 1
257.4,0.13999999999998636,60,100,Lead Gtr - Overdrive,48870,28,Overdriven Guitar _ 1
257.54999999999995,0.29000000000002046,57,100,Lead Gtr - Overdrive,48900,58,Overdriven Guitar _ 1
257.84999999999997,0.29000000000002046,60,100,Lead Gtr - Overdrive,48960,58,Overdriven Guitar _ 1
258.15,0.29000000000002046,66,100,Lead Gtr - Overdrive,49020,58,Overdriven Guitar _ 1
258.15,0.29000000000002046,62,100,Lead Gtr - Overdrive,49020,58,Overdriven Guitar _ 1
258.75,0.2899999999999636,57,100,Lead Gtr - Overdrive,49140,58,Overdriven Guitar _ 1
259.04999999999995,0.29000000000002046,60,100,Lead Gtr - Overdrive,49200,58,Overdriven Guitar _ 1
259.34999999999997,0.29000000000002046,62,100,Lead Gtr - Overdrive,49260,58,Overdriven Guitar _ 1
259.65,0.040000000000020464,62,100,Lead Gtr - Overdrive,49320,8,Overdriven Guitar _ 1
259.7,0.5399999999999636,63,100,Lead Gtr - Overdrive,49330,108,Overdriven Guitar _ 1
260.25,0.13999999999998636,63,100,Lead Gtr - Overdrive,49440,28,Overdriven Guitar _ 1
260.4,0.13999999999998636,62,100,Lead Gtr - Overdrive,49470,28,Overdriven Guitar _ 1
260.54999999999995,0.29000000000002046,60,100,Lead Gtr - Overdrive,49500,58,Overdriven Guitar _ 1
260.84999999999997,0.5900000000000318,57,100,Lead Gtr - Overdrive,49560,118,Overdriven Guitar _ 1
261.45,0.589999999999975,60,100,Lead Gtr - Overdrive,49680,118,Overdriven Guitar _ 1
262.04999999999995,0.5900000000000318,57,100,Lead Gtr - Overdrive,49800,118,Overdriven Guitar _ 1
262.65,0.29000000000002046,55,100,Lead Gtr - Overdrive,49920,58,Overdriven Guitar _ 1
262.95,0.2899999999999636,52,100,Lead Gtr - Overdrive,49980,58,Overdriven Guitar _ 1
263.25,0.589999999999975,55,100,Lead Gtr - Overdrive,50040,118,Overdriven Guitar _ 1
263.84999999999997,0.06499999999999773,55,100,Lead Gtr - Overdrive,50160,13,Overdriven Guitar _ 1
263.92499999999995,0.5150000000000432,57,100,Lead Gtr - Overdrive,50175,103,Overdriven Guitar _ 1
264.45,0.589999999999975,55,100,Lead Gtr - Overdrive,50280,118,Overdriven Guitar _ 1
265.04999999999995,0.29000000000002046,52,100,Lead Gtr - Overdrive,50400,58,Overdriven Guitar _ 1
265.34999999999997,0.29000000000002046,50,100,Lead Gtr - Overdrive,50460,58,Overdriven Guitar _ 1
265.65,0.589999999999975,48,100,Lead Gtr - Overdrive,50520,118,Overdriven Guitar _ 1
266.25,1.0399999999999636,45,100,Lead Gtr - Overdrive,50640,208,Overdriven Guitar _ 1
267.29999999999995,0.03000000000002956,40,100,Lead Gtr - Overdrive,50850,6,Overdriven Guitar _ 1
267.335,0.029999999999972715,43,100,Lead Gtr - Overdrive,50857,6,Overdriven Guitar _ 1
267.375,0.06499999999999773,45,100,Lead Gtr - Overdrive,50865,13,Overdriven Guitar _ 1
267.45,0.06499999999999773,48,100,Lead Gtr - Overdrive,50880,13,Overdriven Guitar _ 1
267.525,0.06499999999999773,52,100,Lead Gtr - Overdrive,50895,13,Overdriven Guitar _ 1
267.59999999999997,0.29000000000002046,55,100,Lead Gtr - Overdrive,50910,58,Overdriven Guitar _ 1
267.9,0.13999999999998636,57,100,Lead Gtr - Overdrive,50970,28,Overdriven Guitar _ 1
268.04999999999995,0.29000000000002046,60,100,Lead Gtr - Overdrive,51000,58,Overdriven Guitar _ 1
268.34999999999997,0.06499999999999773,60,100,Lead Gtr - Overdrive,51060,13,Overdriven Guitar _ 1
268.42499999999995,0.21500000000003183,61,100,Lead Gtr - Overdrive,51075,43,Overdriven Guitar _ 1
268.34999999999997,0.29000000000002046,64,100,Lead Gtr - Overdrive,51060,58,Overdriven Guitar _ 1
270.15,0.29000000000002046,62,100,Lead Gtr - Overdrive,51420,58,Overdriven Guitar _ 1
270.15,0.29000000000002046,65,100,Lead Gtr - Overdrive,51420,58,Overdriven Guitar _ 1
270.45,0.589999999999975,69,100,Lead Gtr - Overdrive,51480,118,Overdriven Guitar _ 1
270.45,0.589999999999975,65,100,Lead Gtr - Overdrive,51480,118,Overdriven Guitar _ 1
271.04999999999995,1.1899999999999977,67,100,Lead Gtr - Overdrive,51600,238,Overdriven Guitar _ 1
271.04999999999995,1.1899999999999977,71,100,Lead Gtr - Overdrive,51600,238,Overdriven Guitar _ 1
272.25,0.08999999999997499,72,100,Lead Gtr - Overdrive,51840,18,Overdriven Guitar _ 1
272.25,0.08999999999997499,68,100,Lead Gtr - Overdrive,51840,18,Overdriven Guitar _ 1
272.34999999999997,0.09000000000003183,71,100,Lead Gtr - Overdrive,51860,18,Overdriven Guitar _ 1
272.34999999999997,0.09000000000003183,67,100,Lead Gtr - Overdrive,51860,18,Overdriven Guitar _ 1
272.45,0.08999999999997499,65,100,Lead Gtr - Overdrive,51880,18,Overdriven Guitar _ 1
272.54999999999995,0.29000000000002046,67,100,Lead Gtr - Overdrive,51900,58,Overdriven Guitar _ 1
272.45,0.38999999999998636,68,100,Lead Gtr - Overdrive,51880,78,Overdriven Guitar _ 1
272.84999999999997,0.29000000000002046,65,100,Lead Gtr - Overdrive,51960,58,Overdriven Guitar _ 1
272.84999999999997,0.29000000000002046,68,100,Lead Gtr - Overdrive,51960,58,Overdriven Guitar _ 1
273.15,0.08999999999997499,67,100,Lead Gtr - Overdrive,52020,18,Overdriven Guitar _ 1
273.15,0.08999999999997499,71,100,Lead Gtr - Overdrive,52020,18,Overdriven Guitar _ 1
273.25,0.08999999999997499,72,100,Lead Gtr - Overdrive,52040,18,Overdriven Guitar _ 1
273.25,0.08999999999997499,68,100,Lead Gtr - Overdrive,52040,18,Overdriven Guitar _ 1
273.34999999999997,0.09000000000003183,67,100,Lead Gtr - Overdrive,52060,18,Overdriven Guitar _ 1
273.45,0.06499999999999773,65,100,Lead Gtr - Overdrive,52080,13,Overdriven Guitar _ 1
273.34999999999997,0.9900000000000091,71,100,Lead Gtr - Overdrive,52060,198,Overdriven Guitar _ 1
273.525,1.115000000000009,67,100,Lead Gtr - Overdrive,52095,223,Overdriven Guitar _ 1
274.65,0.29000000000002046,69,100,Lead Gtr - Overdrive,52320,58,Overdriven Guitar _ 1
274.65,0.29000000000002046,65,100,Lead Gtr - Overdrive,52320,58,Overdriven Guitar _ 1
274.95,0.2899999999999636,67,100,Lead Gtr - Overdrive,52380,58,Overdriven Guitar _ 1
274.95,0.2899999999999636,71,100,Lead Gtr - Overdrive,52380,58,Overdriven Guitar _ 1
275.25,0.03999999999996362,71,100,Lead Gtr - Overdrive,52440,8,Overdriven Guitar _ 1
275.25,0.03999999999996362,67,100,Lead Gtr - Overdrive,52440,8,Overdriven Guitar _ 1
275.29999999999995,0.5400000000000205,68,100,Lead Gtr - Overdrive,52450,108,Overdriven Guitar _ 1
275.29999999999995,0.5400000000000205,72,100,Lead Gtr - Overdrive,52450,108,Overdriven Guitar _ 1
275.84999999999997,0.13999999999998636,68,100,Lead Gtr - Overdrive,52560,28,Overdriven Guitar _ 1
276.0,0.13999999999998636,67,100,Lead Gtr - Overdrive,52590,28,Overdriven Guitar _ 1
275.84999999999997,0.29000000000002046,72,100,Lead Gtr - Overdrive,52560,58,Overdriven Guitar _ 1
276.15,0.29000000000002046,65,100,Lead Gtr - Overdrive,52620,58,Overdriven Guitar _ 1
276.45,0.589999999999975,62,100,Lead Gtr - Overdrive,52680,118,Overdriven Guitar _ 1
277.04999999999995,0.5900000000000318,65,100,Lead Gtr - Overdrive,52800,118,Overdriven Guitar _ 1
277.04999999999995,0.5900000000000318,68,100,Lead Gtr - Overdrive,52800,118,Overdriven Guitar _ 1
277.65,0.06499999999999773,67,100,Lead Gtr - Overdrive,52920,13,Overdriven Guitar _ 1
277.65,0.06499999999999773,71,100,Lead Gtr - Overdrive,52920,13,Overdriven Guitar _ 1
277.72499999999997,0.21500000000003183,68,100,Lead Gtr - Overdrive,52935,43,Overdriven Guitar _ 1
277.95,0.13999999999998636,65,100,Lead Gtr - Overdrive,52980,28,Overdriven Guitar _ 1
277.72499999999997,0.3650000000000091,72,100,Lead Gtr - Overdrive,52935,73,Overdriven Guitar _ 1
278.09999999999997,0.1400000000000432,67,100,Lead Gtr - Overdrive,53010,28,Overdriven Guitar _ 1
279.75,0.2899999999999636,62,100,Lead Gtr - Overdrive,53340,58,Overdriven Guitar _ 1
279.75,0.2899999999999636,65,100,Lead Gtr - Overdrive,53340,58,Overdriven Guitar _ 1
280.04999999999995,0.5900000000000318,69,100,Lead Gtr - Overdrive,53400,118,Overdriven Guitar _ 1
280.04999999999995,0.5900000000000318,65,100,Lead Gtr - Overdrive,53400,118,Overdriven Guitar _ 1
280.65,1.1899999999999977,67,100,Lead Gtr - Overdrive,53520,238,Overdriven Guitar _ 1
280.65,1.1899999999999977,71,100,Lead Gtr - Overdrive,53520,238,Overdriven Guitar _ 1
281.84999999999997,0.06499999999999773,69,100,Lead Gtr - Overdrive,53760,13,Overdriven Guitar _ 1
281.92499999999995,0.8650000000000091,71,100,Lead Gtr - Overdrive,53775,173,Overdriven Guitar _ 1
282.79999999999995,0.040000000000020464,69,100,Lead Gtr - Overdrive,53950,8,Overdriven Guitar _ 1
282.84999999999997,0.040000000000020464,67,100,Lead Gtr - Overdrive,53960,8,Overdriven Guitar _ 1
282.9,0.040000000000020464,65,100,Lead Gtr - Overdrive,53970,8,Overdriven Guitar _ 1
282.95,0.040000000000020464,62,100,Lead Gtr - Overdrive,53980,8,Overdriven Guitar _ 1
283.0,0.03999999999996362,59,100,Lead Gtr - Overdrive,53990,8,Overdriven Guitar _ 1
283.95,0.29000000000002046,65,100,Lead Gtr - Overdrive,54180,58,Overdriven Guitar _ 1
283.95,0.29000000000002046,62,100,Lead Gtr - Overdrive,54180,58,Overdriven Guitar _ 1
284.25,0.2899999999999636,65,100,Lead Gtr - Overdrive,54240,58,Overdriven Guitar _ 1
284.25,0.2899999999999636,69,100,Lead Gtr - Overdrive,54240,58,Overdriven Guitar _ 1
284.54999999999995,0.29000000000002046,71,100,Lead Gtr - Overdrive,54300,58,Overdriven Guitar _ 1
284.54999999999995,0.29000000000002046,67,100,Lead Gtr - Overdrive,54300,58,Overdriven Guitar _ 1
284.84999999999997,0.040000000000020464,67,100,Lead Gtr - Overdrive,54360,8,Overdriven Guitar _ 1
284.84999999999997,0.040000000000020464,71,100,Lead Gtr - Overdrive,54360,8,Overdriven Guitar _ 1
284.9,0.5400000000000205,68,100,Lead Gtr - Overdrive,54370,108,Overdriven Guitar _ 1
284.9,0.5400000000000205,72,100,Lead Gtr - Overdrive,54370,108,Overdriven Guitar _ 1
285.45,0.13999999999998636,72,100,Lead Gtr - Overdrive,54480,28,Overdriven Guitar _ 1
285.45,0.13999999999998636,69,100,Lead Gtr - Overdrive,54480,28,Overdriven Guitar _ 1
285.59999999999997,0.1400000000000432,71,100,Lead Gtr - Overdrive,54510,28,Overdriven Guitar _ 1
285.59999999999997,0.1400000000000432,67,100,Lead Gtr - Overdrive,54510,28,Overdriven Guitar _ 1
285.75,0.2899999999999636,65,100,Lead Gtr - Overdrive,54540,58,Overdriven Guitar _ 1
285.75,0.589999999999975,69,100,Lead Gtr - Overdrive,54540,118,Overdriven Guitar _ 1
286.04999999999995,0.5900000000000318,62,100,Lead Gtr - Overdrive,54600,118,Overdriven Guitar _ 1
286.65,0.5900000000000318,65,100,Lead Gtr - Overdrive,54720,118,Overdriven Guitar _ 1
286.65,0.5900000000000318,69,100,Lead Gtr - Overdrive,54720,118,Overdriven Guitar _ 1
287.25,0.589999999999975,62,100,Lead Gtr - Overdrive,54840,118,Overdriven Guitar _ 1
287.25,0.589999999999975,67,100,Lead Gtr - Overdrive,54840,118,Overdriven Guitar _ 1
288.15,0.29000000000002046,57,100,Lead Gtr - Overdrive,55020,58,Overdriven Guitar _ 1
287.84999999999997,0.5900000000000318,60,100,Lead Gtr - Overdrive,54960,118,Overdriven Guitar _ 1
287.84999999999997,0.5900000000000318,65,100,Lead Gtr - Overdrive,54960,118,Overdriven Guitar _ 1
288.45,0.589999999999975,60,100,Lead Gtr - Overdrive,55080,118,Overdriven Guitar _ 1
288.45,0.589999999999975,65,100,Lead Gtr - Overdrive,55080,118,Overdriven Guitar _ 1
289.04999999999995,0.06500000000005457,65,100,Lead Gtr - Overdrive,55200,13,Overdriven Guitar _ 1
289.04999999999995,0.06500000000005457,60,100,Lead Gtr - Overdrive,55200,13,Overdriven Guitar _ 1
289.125,0.5149999999999864,62,100,Lead Gtr - Overdrive,55215,103,Overdriven Guitar _ 1
289.125,0.5149999999999864,67,100,Lead Gtr - Overdrive,55215,103,Overdriven Guitar _ 1
289.65,0.5900000000000318,60,100,Lead Gtr - Overdrive,55320,118,Overdriven Guitar _ 1
289.65,0.5900000000000318,65,100,Lead Gtr - Overdrive,55320,118,Overdriven Guitar _ 1
290.25,0.38999999999998636,55,100,Lead Gtr - Overdrive,55440,78,Overdriven Guitar _ 1
290.65,0.38999999999998636,56,100,Lead Gtr - Overdrive,55520,78,Overdriven Guitar _ 1
291.04999999999995,0.3900000000000432,57,100,Lead Gtr - Overdrive,55600,78,Overdriven Guitar _ 1
305.84999999999997,1.1125000000000114,50,100,Lead Gtr - Overdrive,58560,178,Overdriven Guitar _ 1
306.97499999999997,1.1125000000000114,52,100,Lead Gtr - Overdrive,58740,178,Overdriven Guitar _ 1
308.09999999999997,1.1125000000000114,53,100,Lead Gtr - Overdrive,58920,178,Overdriven Guitar _ 1
309.22499999999997,0.7375000000000114,55,100,Lead Gtr - Overdrive,59100,118,Overdriven Guitar _ 1
309.97499999999997,0.36250000000001137,57,100,Lead Gtr - Overdrive,59220,58,Overdriven Guitar _ 1
310.34999999999997,1.1125000000000114,52,100,Lead Gtr - Overdrive,59280,178,Overdriven Guitar _ 1
311.84999999999997,0.36250000000001137,60,100,Lead Gtr - Overdrive,59520,58,Overdriven Guitar _ 1
312.22499999999997,0.36250000000001137,59,100,Lead Gtr - Overdrive,59580,58,Overdriven Guitar _ 1
312.59999999999997,1.1125000000000114,58,100,Lead Gtr - Overdrive,59640,178,Overdriven Guitar _ 1
314.09999999999997,0.36250000000001137,60,100,Lead Gtr - Overdrive,59880,58,Overdriven Guitar _ 1
314.47499999999997,0.36250000000001137,62,100,Lead Gtr - Overdrive,59940,58,Overdriven Guitar _ 1
314.84999999999997,1.1125000000000114,57,100,Lead Gtr - Overdrive,60000,178,Overdriven Guitar _ 1
316.34999999999997,0.36250000000001137,53,100,Lead Gtr - Overdrive,60240,58,Overdriven Guitar _ 1
316.72499999999997,0.36250000000001137,52,100,Lead Gtr - Overdrive,60300,58,Overdriven Guitar _ 1
317.09999999999997,1.1125000000000114,50,100,Lead Gtr - Overdrive,60360,178,Overdriven Guitar _ 1
318.22499999999997,1.1125000000000114,52,100,Lead Gtr - Overdrive,60540,178,Overdriven Guitar _ 1
319.34999999999997,1.1125000000000114,53,100,Lead Gtr - Overdrive,60720,178,Overdriven Guitar _ 1
320.47499999999997,0.7375000000000114,55,100,Lead Gtr - Overdrive,60900,118,Overdriven Guitar _ 1
321.22499999999997,0.36250000000001137,57,100,Lead Gtr - Overdrive,61020,58,Overdriven Guitar _ 1
321.59999999999997,1.1125000000000114,52,100,Lead Gtr - Overdrive,61080,178,Overdriven Guitar _ 1
323.09999999999997,0.36250000000001137,60,100,Lead Gtr - Overdrive,61320,58,Overdriven Guitar _ 1
323.47499999999997,0.36250000000001137,59,100,Lead Gtr - Overdrive,61380,58,Overdriven Guitar _ 1
323.84999999999997,1.1125000000000114,58,100,Lead Gtr - Overdrive,61440,178,Overdriven Guitar _ 1
325.34999999999997,0.36250000000001137,60,100,Lead Gtr - Overdrive,61680,58,Overdriven Guitar _ 1
325.72499999999997,0.36250000000001137,62,100,Lead Gtr - Overdrive,61740,58,Overdriven Guitar _ 1
326.09999999999997,1.1125000000000114,57,100,Lead Gtr - Overdrive,61800,178,Overdriven Guitar _ 1
327.59999999999997,0.36250000000001137,53,100,Lead Gtr - Overdrive,62040,58,Overdriven Guitar _ 1
327.97499999999997,0.36250000000001137,52,100,Lead Gtr - Overdrive,62100,58,Overdriven Guitar _ 1
328.34999999999997,1.1125000000000114,50,100,Lead Gtr - Overdrive,62160,178,Overdriven Guitar _ 1
329.47499999999997,1.1125000000000114,52,100,Lead Gtr - Overdrive,62340,178,Overdriven Guitar _ 1
330.59999999999997,1.1125000000000114,53,100,Lead Gtr - Overdrive,62520,178,Overdriven Guitar _ 1
331.72499999999997,0.7375000000000114,55,100,Lead Gtr - Overdrive,62700,118,Overdriven Guitar _ 1
332.47499999999997,0.36250000000001137,57,100,Lead Gtr - Overdrive,62820,58,Overdriven Guitar _ 1
332.84999999999997,1.1125000000000114,52,100,Lead Gtr - Overdrive,62880,178,Overdriven Guitar _ 1
334.34999999999997,0.36250000000001137,60,100,Lead Gtr - Overdrive,63120,58,Overdriven Guitar _ 1
334.72499999999997,0.36250000000001137,59,100,Lead Gtr - Overdrive,63180,58,Overdriven Guitar _ 1
335.09999999999997,1.1125000000000114,58,100,Lead Gtr - Overdrive,63240,178,Overdriven Guitar _ 1
336.59999999999997,0.36250000000001137,60,100,Lead Gtr - Overdrive,63480,58,Overdriven Guitar _ 1
336.97499999999997,0.36250000000001137,62,100,Lead Gtr - Overdrive,63540,58,Overdriven Guitar _ 1
337.34999999999997,1.1125000000000114,57,100,Lead Gtr - Overdrive,63600,178,Overdriven Guitar _ 1
338.84999999999997,0.36250000000001137,53,100,Lead Gtr - Overdrive,63840,58,Overdriven Guitar _ 1
339.22499999999997,0.36250000000001137,52,100,Lead Gtr - Overdrive,63900,58,Overdriven Guitar _ 1
339.59999999999997,1.1125000000000114,50,100,Lead Gtr - Overdrive,63960,178,Overdriven Guitar _ 1
340.72499999999997,1.1125000000000114,52,100,Lead Gtr - Overdrive,64140,178,Overdriven Guitar _ 1
341.84999999999997,1.1125000000000114,53,100,Lead Gtr - Overdrive,64320,178,Overdriven Guitar _ 1
342.97499999999997,0.7375000000000114,55,100,Lead Gtr - Overdrive,64500,118,Overdriven Guitar _ 1
343.72499999999997,0.36250000000001137,57,100,Lead Gtr - Overdrive,64620,58,Overdriven Guitar _ 1
344.09999999999997,1.1125000000000114,52,100,Lead Gtr - Overdrive,64680,178,Overdriven Guitar _ 1
345.59999999999997,0.36250000000001137,60,100,Lead Gtr - Overdrive,64920,58,Overdriven Guitar _ 1
345.97499999999997,0.36250000000001137,59,100,Lead Gtr - Overdrive,64980,58,Overdriven Guitar _ 1
346.34999999999997,1.1125000000000114,58,100,Lead Gtr - Overdrive,65040,178,Overdriven Guitar _ 1
347.84999999999997,0.36250000000001137,60,100,Lead Gtr - Overdrive,65280,58,Overdriven Guitar _ 1
348.22499999999997,0.36250000000001137,62,100,Lead Gtr - Overdrive,65340,58,Overdriven Guitar _ 1
348.59999999999997,1.1125000000000114,57,100,Lead Gtr - Overdrive,65400,178,Overdriven Guitar _ 1
350.09999999999997,0.36250000000001137,53,100,Lead Gtr - Overdrive,65640,58,Overdriven Guitar _ 1
350.47499999999997,0.36250000000001137,52,100,Lead Gtr - Overdrive,65700,58,Overdriven Guitar _ 1
350.84999999999997,1.1125000000000114,50,100,Lead Gtr - Overdrive,65760,178,Overdriven Guitar _ 1
351.97499999999997,1.1125000000000114,52,100,Lead Gtr - Overdrive,65940,178,Overdriven Guitar _ 1
353.09999999999997,1.1125000000000114,53,100,Lead Gtr - Overdrive,66120,178,Overdriven Guitar _ 1
354.22499999999997,0.7375000000000114,55,100,Lead Gtr - Overdrive,66300,118,Overdriven Guitar _ 1
354.97499999999997,0.36250000000001137,57,100,Lead Gtr - Overdrive,66420,58,Overdriven Guitar _ 1
355.34999999999997,1.1125000000000114,52,100,Lead Gtr - Overdrive,66480,178,Overdriven Guitar _ 1
356.84999999999997,0.36250000000001137,60,100,Lead Gtr - Overdrive,66720,58,Overdriven Guitar _ 1
357.22499999999997,0.36250000000001137,59,100,Lead Gtr - Overdrive,66780,58,Overdriven Guitar _ 1
357.59999999999997,1.1125000000000114,58,100,Lead Gtr - Overdrive,66840,178,Overdriven Guitar _ 1
359.09999999999997,0.36250000000001137,60,100,Lead Gtr - Overdrive,67080,58,Overdriven Guitar _ 1
359.47499999999997,0.36250000000001137,62,100,Lead Gtr - Overdrive,67140,58,Overdriven Guitar _ 1
359.84999999999997,1.1125000000000114,57,100,Lead Gtr - Overdrive,67200,178,Overdriven Guitar _ 1
361.34999999999997,0.36250000000001137,53,100,Lead Gtr - Overdrive,67440,58,Overdriven Guitar _ 1
361.72499999999997,0.36250000000001137,52,100,Lead Gtr - Overdrive,67500,58,Overdriven Guitar _ 1
362.09999999999997,1.1125000000000114,50,100,Lead Gtr - Overdrive,67560,178,Overdriven Guitar _ 1
363.22499999999997,1.1125000000000114,52,100,Lead Gtr - Overdrive,67740,178,Overdriven Guitar _ 1
364.34999999999997,1.1125000000000114,53,100,Lead Gtr - Overdrive,67920,178,Overdriven Guitar _ 1
365.47499999999997,0.7375000000000114,55,100,Lead Gtr - Overdrive,68100,118,Overdriven Guitar _ 1
366.22499999999997,0.36250000000001137,57,100,Lead Gtr - Overdrive,68220,58,Overdriven Guitar _ 1
366.59999999999997,1.1125000000000114,52,100,Lead Gtr - Overdrive,68280,178,Overdriven Guitar _ 1
368.09999999999997,0.36250000000001137,60,100,Lead Gtr - Overdrive,68520,58,Overdriven Guitar _ 1
368.47499999999997,0.36250000000001137,59,100,Lead Gtr - Overdrive,68580,58,Overdriven Guitar _ 1
368.84999999999997,1.1125000000000114,58,100,Lead Gtr - Overdrive,68640,178,Overdriven Guitar _ 1
370.34999999999997,0.36250000000001137,60,100,Lead Gtr - Overdrive,68880,58,Overdriven Guitar _ 1
370.72499999999997,0.36250000000001137,62,100,Lead Gtr - Overdrive,68940,58,Overdriven Guitar _ 1
371.09999999999997,1.1125000000000114,57,100,Lead Gtr - Overdrive,69000,178,Overdriven Guitar _ 1
372.59999999999997,0.36250000000001137,53,100,Lead Gtr - Overdrive,69240,58,Overdriven Guitar _ 1
372.97499999999997,0.36250000000001137,52,100,Lead Gtr - Overdrive,69300,58,Overdriven Guitar _ 1
373.34999999999997,1.1125000000000114,50,100,Lead Gtr - Overdrive,69360,178,Overdriven Guitar _ 1
374.47499999999997,1.1125000000000114,52,100,Lead Gtr - Overdrive,69540,178,Overdriven Guitar _ 1
375.59999999999997,1.1125000000000114,53,100,Lead Gtr - Overdrive,69720,178,Overdriven Guitar _ 1
376.72499999999997,0.7375000000000114,55,100,Lead Gtr - Overdrive,69900,118,Overdriven Guitar _ 1
377.47499999999997,0.36250000000001137,57,100,Lead Gtr - Overdrive,70020,58,Overdriven Guitar _ 1
377.84999999999997,1.1125000000000114,52,100,Lead Gtr - Overdrive,70080,178,Overdriven Guitar _ 1
379.34999999999997,0.36250000000001137,60,100,Lead Gtr - Overdrive,70320,58,Overdriven Guitar _ 1
379.72499999999997,0.36250000000001137,59,100,Lead Gtr - Overdrive,70380,58,Overdriven Guitar _ 1
380.09999999999997,1.1125000000000114,58,100,Lead Gtr - Overdrive,70440,178,Overdriven Guitar _ 1
381.59999999999997,0.36250000000001137,60,100,Lead Gtr - Overdrive,70680,58,Overdriven Guitar _ 1
381.97499999999997,0.36250000000001137,62,100,Lead Gtr - Overdrive,70740,58,Overdriven Guitar _ 1
382.34999999999997,1.1125000000000114,57,100,Lead Gtr - Overdrive,70800,178,Overdriven Guitar _ 1
383.84999999999997,0.36250000000001137,53,100,Lead Gtr - Overdrive,71040,58,Overdriven Guitar _ 1
384.22499999999997,0.36250000000001137,52,100,Lead Gtr - Overdrive,71100,58,Overdriven Guitar _ 1
384.59999999999997,1.1125000000000114,50,100,Lead Gtr - Overdrive,71160,178,Overdriven Guitar _ 1
385.72499999999997,1.1125000000000114,52,100,Lead Gtr - Overdrive,71340,178,Overdriven Guitar _ 1
386.84999999999997,1.1125000000000114,53,100,Lead Gtr - Overdrive,71520,178,Overdriven Guitar _ 1
387.97499999999997,0.7375000000000114,55,100,Lead Gtr - Overdrive,71700,118,Overdriven Guitar _ 1
388.72499999999997,0.36250000000001137,57,100,Lead Gtr - Overdrive,71820,58,Overdriven Guitar _ 1
389.09999999999997,1.1125000000000114,52,100,Lead Gtr - Overdrive,71880,178,Overdriven Guitar _ 1
390.59999999999997,0.36250000000001137,60,100,Lead Gtr - Overdrive,72120,58,Overdriven Guitar _ 1
390.97499999999997,0.36250000000001137,59,100,Lead Gtr - Overdrive,72180,58,Overdriven Guitar _ 1
391.34999999999997,1.1125000000000114,58,100,Lead Gtr - Overdrive,72240,178,Overdriven Guitar _ 1
392.84999999999997,0.36250000000001137,60,100,Lead Gtr - Overdrive,72480,58,Overdriven Guitar _ 1
393.22499999999997,0.36250000000001137,62,100,Lead Gtr - Overdrive,72540,58,Overdriven Guitar _ 1
393.59999999999997,1.1125000000000114,57,100,Lead Gtr - Overdrive,72600,178,Overdriven Guitar _ 1
395.09999999999997,0.36250000000001137,53,100,Lead Gtr - Overdrive,72840,58,Overdriven Guitar _ 1
395.47499999999997,0.36250000000001137,52,100,Lead Gtr - Overdrive,72900,58,Overdriven Guitar _ 1
395.84999999999997,1.1125000000000114,50,100,Lead Gtr - Overdrive,72960,178,Overdriven Guitar _ 1
396.97499999999997,1.1125000000000114,52,100,Lead Gtr - Overdrive,73140,178,Overdriven Guitar _ 1
398.09999999999997,1.1125000000000114,53,100,Lead Gtr - Overdrive,73320,178,Overdriven Guitar _ 1
399.22499999999997,0.7375000000000114,55,100,Lead Gtr - Overdrive,73500,118,Overdriven Guitar _ 1
399.97499999999997,0.36250000000001137,57,100,Lead Gtr - Overdrive,73620,58,Overdriven Guitar _ 1
400.34999999999997,1.1125000000000114,52,100,Lead Gtr - Overdrive,73680,178,Overdriven Guitar _ 1
401.84999999999997,0.36250000000001137,60,100,Lead Gtr - Overdrive,73920,58,Overdriven Guitar _ 1
402.22499999999997,0.36250000000001137,59,100,Lead Gtr - Overdrive,73980,58,Overdriven Guitar _ 1
402.59999999999997,1.1125000000000114,58,100,Lead Gtr - Overdrive,74040,178,Overdriven Guitar _ 1
404.09999999999997,0.36250000000001137,60,100,Lead Gtr - Overdrive,74280,58,Overdriven Guitar _ 1
404.47499999999997,0.36250000000001137,62,100,Lead Gtr - Overdrive,74340,58,Overdriven Guitar _ 1
404.84999999999997,1.1125000000000114,57,100,Lead Gtr - Overdrive,74400,178,Overdriven Guitar _ 1
406.34999999999997,0.36250000000001137,53,100,Lead Gtr - Overdrive,74640,58,Overdriven Guitar _ 1
406.72499999999997,0.36250000000001137,52,100,Lead Gtr - Overdrive,74700,58,Overdriven Guitar _ 1
407.09999999999997,1.1125000000000114,50,100,Lead Gtr - Overdrive,74760,178,Overdriven Guitar _ 1
408.22499999999997,1.1125000000000114,52,100,Lead Gtr - Overdrive,74940,178,Overdriven Guitar _ 1
409.34999999999997,1.1125000000000114,53,100,Lead Gtr - Overdrive,75120,178,Overdriven Guitar _ 1
410.47499999999997,0.7375000000000114,55,100,Lead Gtr - Overdrive,75300,118,Overdriven Guitar _ 1
411.22499999999997,0.36250000000001137,57,100,Lead Gtr - Overdrive,75420,58,Overdriven Guitar _ 1
411.59999999999997,1.1125000000000114,52,100,Lead Gtr - Overdrive,75480,178,Overdriven Guitar _ 1
413.09999999999997,0.36250000000001137,60,100,Lead Gtr - Overdrive,75720,58,Overdriven Guitar _ 1
413.47499999999997,0.36250000000001137,59,100,Lead Gtr - Overdrive,75780,58,Overdriven Guitar _ 1
413.84999999999997,1.1125000000000114,58,100,Lead Gtr - Overdrive,75840,178,Overdriven Guitar _ 1
415.34999999999997,0.36250000000001137,60,100,Lead Gtr - Overdrive,76080,58,Overdriven Guitar _ 1
415.72499999999997,0.36250000000001137,62,100,Lead Gtr - Overdrive,76140,58,Overdriven Guitar _ 1
416.09999999999997,1.1125000000000114,57,100,Lead Gtr - Overdrive,76200,178,Overdriven Guitar _ 1
417.59999999999997,0.36250000000001137,53,100,Lead Gtr - Overdrive,76440,58,Overdriven Guitar _ 1
417.97499999999997,0.36250000000001137,52,100,Lead Gtr - Overdrive,76500,58,Overdriven Guitar _ 1
418.34999999999997,1.1125000000000114,50,100,Lead Gtr - Overdrive,76560,178,Overdriven Guitar _ 1
419.47499999999997,1.1125000000000114,52,100,Lead Gtr - Overdrive,76740,178,Overdriven Guitar _ 1
420.59999999999997,1.1125000000000114,53,100,Lead Gtr - Overdrive,76920,178,Overdriven Guitar _ 1
421.72499999999997,0.7375000000000114,55,100,Lead Gtr - Overdrive,77100,118,Overdriven Guitar _ 1
422.47499999999997,0.36250000000001137,57,100,Lead Gtr - Overdrive,77220,58,Overdriven Guitar _ 1
422.84999999999997,1.1125000000000114,52,100,Lead Gtr - Overdrive,77280,178,Overdriven Guitar _ 1
424.34999999999997,0.36250000000001137,60,100,Lead Gtr - Overdrive,77520,58,Overdriven Guitar _ 1
424.72499999999997,0.36250000000001137,59,100,Lead Gtr - Overdrive,77580,58,Overdriven Guitar _ 1
425.09999999999997,1.1125000000000114,58,100,Lead Gtr - Overdrive,77640,178,Overdriven Guitar _ 1
426.59999999999997,0.36250000000001137,60,100,Lead Gtr - Overdrive,77880,58,Overdriven Guitar _ 1
426.97499999999997,0.36250000000001137,62,100,Lead Gtr - Overdrive,77940,58,Overdriven Guitar _ 1
427.34999999999997,1.1125000000000114,57,100,Lead Gtr - Overdrive,78000,178,Overdriven Guitar _ 1
428.84999999999997,0.36250000000001137,53,100,Lead Gtr - Overdrive,78240,58,Overdriven Guitar _ 1
429.22499999999997,0.36250000000001137,52,100,Lead Gtr - Overdrive,78300,58,Overdriven Guitar _ 1
429.59999999999997,1.1125000000000114,50,100,Lead Gtr - Overdrive,78360,178,Overdriven Guitar _ 1
430.72499999999997,1.1125000000000114,52,100,Lead Gtr - Overdrive,78540,178,Overdriven Guitar _ 1
431.84999999999997,1.1125000000000114,53,100,Lead Gtr - Overdrive,78720,178,Overdriven Guitar _ 1
432.97499999999997,0.7375000000000114,55,100,Lead Gtr - Overdrive,78900,118,Overdriven Guitar _ 1
433.72499999999997,0.36250000000001137,57,100,Lead Gtr - Overdrive,79020,58,Overdriven Guitar _ 1
434.09999999999997,1.1125000000000114,52,100,Lead Gtr - Overdrive,79080,178,Overdriven Guitar _ 1
435.59999999999997,0.36250000000001137,60,100,Lead Gtr - Overdrive,79320,58,Overdriven Guitar _ 1
435.97499999999997,0.36250000000001137,59,100,Lead Gtr - Overdrive,79380,58,Overdriven Guitar _ 1
436.34999999999997,1.1125000000000114,58,100,Lead Gtr - Overdrive,79440,178,Overdriven Guitar _ 1
437.84999999999997,0.36250000000001137,60,100,Lead Gtr - Overdrive,79680,58,Overdriven Guitar _ 1
438.22499999999997,0.36250000000001137,62,100,Lead Gtr - Overdrive,79740,58,Overdriven Guitar _ 1
438.59999999999997,1.1125000000000114,57,100,Lead Gtr - Overdrive,79800,178,Overdriven Guitar _ 1
440.09999999999997,0.36250000000001137,53,100,Lead Gtr - Overdrive,80040,58,Overdriven Guitar _ 1
440.47499999999997,0.36250000000001137,52,100,Lead Gtr - Overdrive,80100,58,Overdriven Guitar _ 1
440.84999999999997,1.1125000000000114,50,100,Lead Gtr - Overdrive,80160,178,Overdriven Guitar _ 1
441.97499999999997,1.1125000000000114,52,100,Lead Gtr - Overdrive,80340,178,Overdriven Guitar _ 1
443.09999999999997,1.1125000000000114,53,100,Lead Gtr - Overdrive,80520,178,Overdriven Guitar _ 1
444.22499999999997,0.7375000000000114,55,100,Lead Gtr - Overdrive,80700,118,Overdriven Guitar _ 1
444.97499999999997,0.36250000000001137,57,100,Lead Gtr - Overdrive,80820,58,Overdriven Guitar _ 1
445.34999999999997,1.1125000000000114,52,100,Lead Gtr - Overdrive,80880,178,Overdriven Guitar _ 1
446.84999999999997,0.36250000000001137,60,100,Lead Gtr - Overdrive,81120,58,Overdriven Guitar _ 1
447.22499999999997,0.36250000000001137,59,100,Lead Gtr - Overdrive,81180,58,Overdriven Guitar _ 1
447.59999999999997,1.1125000000000114,58,100,Lead Gtr - Overdrive,81240,178,Overdriven Guitar _ 1
449.09999999999997,0.36250000000001137,60,100,Lead Gtr - Overdrive,81480,58,Overdriven Guitar _ 1
449.47499999999997,0.36250000000001137,62,100,Lead Gtr - Overdrive,81540,58,Overdriven Guitar _ 1
449.84999999999997,1.1125000000000114,57,100,Lead Gtr - Overdrive,81600,178,Overdriven Guitar _ 1
451.34999999999997,0.36250000000001137,53,100,Lead Gtr - Overdrive,81840,58,Overdriven Guitar _ 1
451.72499999999997,0.36250000000001137,52,100,Lead Gtr - Overdrive,81900,58,Overdriven Guitar _ 1
452.09999999999997,1.1125000000000114,50,100,Lead Gtr - Overdrive,81960,178,Overdriven Guitar _ 1
453.22499999999997,1.1125000000000114,52,100,Lead Gtr - Overdrive,82140,178,Overdriven Guitar _ 1
454.34999999999997,1.1125000000000114,53,100,Lead Gtr - Overdrive,82320,178,Overdriven Guitar _ 1
455.47499999999997,0.7375000000000114,55,100,Lead Gtr - Overdrive,82500,118,Overdriven Guitar _ 1
456.22499999999997,0.36250000000001137,57,100,Lead Gtr - Overdrive,82620,58,Overdriven Guitar _ 1
456.59999999999997,1.1125000000000114,52,100,Lead Gtr - Overdrive,82680,178,Overdriven Guitar _ 1
458.09999999999997,0.36250000000001137,60,100,Lead Gtr - Overdrive,82920,58,Overdriven Guitar _ 1
458.47499999999997,0.36250000000001137,59,100,Lead Gtr - Overdrive,82980,58,Overdriven Guitar _ 1
458.84999999999997,1.1125000000000114,58,100,Lead Gtr - Overdrive,83040,178,Overdriven Guitar _ 1
460.34999999999997,0.36250000000001137,60,100,Lead Gtr - Overdrive,83280,58,Overdriven Guitar _ 1
460.72499999999997,0.36250000000001137,62,100,Lead Gtr - Overdrive,83340,58,Overdriven Guitar _ 1
461.09999999999997,1.1125000000000114,57,100,Lead Gtr - Overdrive,83400,178,Overdriven Guitar _ 1
462.59999999999997,0.36250000000001137,53,100,Lead Gtr - Overdrive,83640,58,Overdriven Guitar _ 1
462.97499999999997,0.36250000000001137,52,100,Lead Gtr - Overdrive,83700,58,Overdriven Guitar _ 1
463.34999999999997,1.1125000000000114,50,100,Lead Gtr - Overdrive,83760,178,Overdriven Guitar _ 1
464.47499999999997,1.1125000000000114,52,100,Lead Gtr - Overdrive,83940,178,Overdriven Guitar _ 1
465.59999999999997,1.1125000000000114,53,100,Lead Gtr - Overdrive,84120,178,Overdriven Guitar _ 1
466.72499999999997,0.7375000000000114,55,100,Lead Gtr - Overdrive,84300,118,Overdriven Guitar _ 1
467.47499999999997,0.36250000000001137,57,100,Lead Gtr - Overdrive,84420,58,Overdriven Guitar _ 1
467.84999999999997,1.1125000000000114,52,100,Lead Gtr - Overdrive,84480,178,Overdriven Guitar _ 1
469.34999999999997,0.36250000000001137,60,100,Lead Gtr - Overdrive,84720,58,Overdriven Guitar _ 1
469.72499999999997,0.36250000000001137,59,100,Lead Gtr - Overdrive,84780,58,Overdriven Guitar _ 1
470.09999999999997,1.1125000000000114,58,100,Lead Gtr - Overdrive,84840,178,Overdriven Guitar _ 1
471.59999999999997,0.36250000000001137,60,100,Lead Gtr - Overdrive,85080,58,Overdriven Guitar _ 1
471.97499999999997,0.36250000000001137,62,100,Lead Gtr - Overdrive,85140,58,Overdriven Guitar _ 1
472.34999999999997,0.36250000000001137,57,100,Lead Gtr - Overdrive,85200,58,Overdriven Guitar _ 1
2.25,6.737500000000001,74,100,Keyboards - Organ 3,840,1078,Rock Organ _ 1
2.25,6.737500000000001,77,100,Keyboards - Organ 3,840,1078,Rock Organ _ 1
9.0,5.440000000000001,73,100,Keyboards - Organ 3,1920,718,Rock Organ _ 1
9.0,5.440000000000001,69,100,Keyboards - Organ 3,1920,718,Rock Organ _ 1
9.0,5.440000000000001,77,100,Keyboards - Organ 3,1920,718,Rock Organ _ 1
15.649999999999999,0.2900000000000027,76,100,Keyboards - Organ 3,2880,58,Rock Organ _ 1
15.649999999999999,0.2900000000000027,69,100,Keyboards - Organ 3,2880,58,Rock Organ _ 1
15.95,0.2900000000000027,76,100,Keyboards - Organ 3,2940,58,Rock Organ _ 1
15.95,0.2900000000000027,69,100,Keyboards - Organ 3,2940,58,Rock Organ _ 1
16.25,0.28999999999999915,69,100,Keyboards - Organ 3,3000,58,Rock Organ _ 1
16.25,0.28999999999999915,76,100,Keyboards - Organ 3,3000,58,Rock Organ _ 1
21.65,0.28999999999999915,69,100,Keyboards - Organ 3,4080,58,Rock Organ _ 1
21.65,0.28999999999999915,76,100,Keyboards - Organ 3,4080,58,Rock Organ _ 1
21.950000000000003,0.28999999999999915,76,100,Keyboards - Organ 3,4140,58,Rock Organ _ 1
21.950000000000003,0.28999999999999915,69,100,Keyboards - Organ 3,4140,58,Rock Organ _ 1
22.25,0.28999999999999915,69,100,Keyboards - Organ 3,4200,58,Rock Organ _ 1
22.25,0.28999999999999915,76,100,Keyboards - Organ 3,4200,58,Rock Organ _ 1
22.55,0.28999999999999915,76,100,Keyboards - Organ 3,4260,58,Rock Organ _ 1
22.55,0.28999999999999915,69,100,Keyboards - Organ 3,4260,58,Rock Organ _ 1
26.450000000000003,0.28999999999999915,69,100,Keyboards - Organ 3,5040,58,Rock Organ _ 1
26.450000000000003,0.28999999999999915,76,100,Keyboards - Organ 3,5040,58,Rock Organ _ 1
26.75,0.28999999999999915,69,100,Keyboards - Organ 3,5100,58,Rock Organ _ 1
26.75,0.28999999999999915,76,100,Keyboards - Organ 3,5100,58,Rock Organ _ 1
27.05,0.28999999999999915,69,100,Keyboards - Organ 3,5160,58,Rock Organ _ 1
27.05,0.28999999999999915,76,100,Keyboards - Organ 3,5160,58,Rock Organ _ 1
28.85,1.1899999999999977,72,100,Keyboards - Organ 3,5520,238,Rock Organ _ 1
28.85,1.1899999999999977,69,100,Keyboards - Organ 3,5520,238,Rock Organ _ 1
28.85,1.1899999999999977,76,100,Keyboards - Organ 3,5520,238,Rock Organ _ 1
30.049999999999997,1.1900000000000048,72,100,Keyboards - Organ 3,5760,238,Rock Organ _ 1
30.049999999999997,1.1900000000000048,76,100,Keyboards - Organ 3,5760,238,Rock Organ _ 1
30.049999999999997,1.1900000000000048,67,100,Keyboards - Organ 3,5760,238,Rock Organ _ 1
31.25,1.1899999999999977,69,100,Keyboards - Organ 3,6000,238,Rock Organ _ 1
31.25,1.1899999999999977,78,100,Keyboards - Organ 3,6000,238,Rock Organ _ 1
31.25,1.1899999999999977,74,100,Keyboards - Organ 3,6000,238,Rock Organ _ 1
32.45,1.1899999999999977,74,100,Keyboards - Organ 3,6240,238,Rock Organ _ 1
32.45,1.1899999999999977,77,100,Keyboards - Organ 3,6240,238,Rock Organ _ 1
32.45,1.1899999999999977,81,100,Keyboards - Organ 3,6240,238,Rock Organ _ 1
33.650000000000006,0.06499999999999773,74,100,Keyboards - Organ 3,6480,13,Rock Organ _ 1
33.725,0.2149999999999963,76,100,Keyboards - Organ 3,6495,43,Rock Organ _ 1
33.95,0.28999999999999915,74,100,Keyboards - Organ 3,6540,58,Rock Organ _ 1
34.25,0.5900000000000034,72,100,Keyboards - Organ 3,6600,118,Rock Organ _ 1
34.85,0.8900000000000006,72,100,Keyboards - Organ 3,6720,178,Rock Organ _ 1
34.85,0.8900000000000006,76,100,Keyboards - Organ 3,6720,178,Rock Organ _ 1
35.75,0.28999999999999915,76,100,Keyboards - Organ 3,6900,58,Rock Organ _ 1
35.75,0.28999999999999915,72,100,Keyboards - Organ 3,6900,58,Rock Organ _ 1
35.45,0.5899999999999963,69,100,Keyboards - Organ 3,6840,118,Rock Organ _ 1
36.35,0.28999999999999915,76,100,Keyboards - Organ 3,7020,58,Rock Organ _ 1
36.35,0.28999999999999915,72,100,Keyboards - Organ 3,7020,58,Rock Organ _ 1
36.05,0.8900000000000006,69,100,Keyboards - Organ 3,6960,178,Rock Organ _ 1
36.95,0.28999999999999915,69,100,Keyboards - Organ 3,7140,58,Rock Organ _ 1
36.650000000000006,0.5899999999999963,72,100,Keyboards - Organ 3,7080,118,Rock Organ _ 1
36.650000000000006,0.5899999999999963,76,100,Keyboards - Organ 3,7080,118,Rock Organ _ 1
37.25,0.8900000000000006,76,100,Keyboards - Organ 3,7200,178,Rock Organ _ 1
37.25,0.8900000000000006,72,100,Keyboards - Organ 3,7200,178,Rock Organ _ 1
38.150000000000006,1.4899999999999949,73,100,Keyboards - Organ 3,7380,298,Rock Organ _ 1
38.150000000000006,1.4899999999999949,76,100,Keyboards - Organ 3,7380,298,Rock Organ _ 1
37.85,1.7899999999999991,69,100,Keyboards - Organ 3,7320,358,Rock Organ _ 1
39.650000000000006,1.1899999999999977,69,100,Keyboards - Organ 3,7680,238,Rock Organ _ 1
39.650000000000006,1.1899999999999977,74,100,Keyboards - Organ 3,7680,238,Rock Organ _ 1
39.650000000000006,1.1899999999999977,77,100,Keyboards - Organ 3,7680,238,Rock Organ _ 1
40.85,1.1899999999999977,73,100,Keyboards - Organ 3,7920,238,Rock Organ _ 1
40.85,1.1899999999999977,77,100,Keyboards - Organ 3,7920,238,Rock Organ _ 1
40.85,1.1899999999999977,69,100,Keyboards - Organ 3,7920,238,Rock Organ _ 1
42.05,0.29000000000000625,77,100,Keyboards - Organ 3,8160,58,Rock Organ _ 1
42.05,0.29000000000000625,72,100,Keyboards - Organ 3,8160,58,Rock Organ _ 1
42.05,0.29000000000000625,69,100,Keyboards - Organ 3,8160,58,Rock Organ _ 1
42.35,0.28999999999999915,72,100,Keyboards - Organ 3,8220,58,Rock Organ _ 1
42.35,0.28999999999999915,69,100,Keyboards - Organ 3,8220,58,Rock Organ _ 1
42.35,0.28999999999999915,77,100,Keyboards - Organ 3,8220,58,Rock Organ _ 1
42.650000000000006,0.28999999999999204,72,100,Keyboards - Organ 3,8280,58,Rock Organ _ 1
42.650000000000006,0.28999999999999204,69,100,Keyboards - Organ 3,8280,58,Rock Organ _ 1
42.650000000000006,0.28999999999999204,77,100,Keyboards - Organ 3,8280,58,Rock Organ _ 1
43.55,0.8900000000000006,77,100,Keyboards - Organ 3,8460,178,Rock Organ _ 1
43.55,0.8900000000000006,69,100,Keyboards - Organ 3,8460,178,Rock Organ _ 1
43.55,0.8900000000000006,71,100,Keyboards - Organ 3,8460,178,Rock Organ _ 1
44.45,1.1899999999999977,74,100,Keyboards - Organ 3,8640,238,Rock Organ _ 1
44.45,1.1899999999999977,69,100,Keyboards - Organ 3,8640,238,Rock Organ _ 1
44.45,1.1899999999999977,77,100,Keyboards - Organ 3,8640,238,Rock Organ _ 1
45.65,1.1900000000000048,69,100,Keyboards - Organ 3,8880,238,Rock Organ _ 1
45.65,1.1900000000000048,77,100,Keyboards - Organ 3,8880,238,Rock Organ _ 1
45.65,1.1900000000000048,73,100,Keyboards - Organ 3,8880,238,Rock Organ _ 1
46.85,0.5899999999999963,69,100,Keyboards - Organ 3,9120,118,Rock Organ _ 1
46.85,0.5899999999999963,72,100,Keyboards - Organ 3,9120,118,Rock Organ _ 1
46.85,0.5899999999999963,77,100,Keyboards - Organ 3,9120,118,Rock Organ _ 1
47.45,0.28999999999999915,77,100,Keyboards - Organ 3,9240,58,Rock Organ _ 1
47.45,0.28999999999999915,72,100,Keyboards - Organ 3,9240,58,Rock Organ _ 1
47.45,0.28999999999999915,69,100,Keyboards - Organ 3,9240,58,Rock Organ _ 1
47.75,0.28999999999999915,72,100,Keyboards - Organ 3,9300,58,Rock Organ _ 1
47.75,0.28999999999999915,69,100,Keyboards - Organ 3,9300,58,Rock Organ _ 1
47.75,0.28999999999999915,77,100,Keyboards - Organ 3,9300,58,Rock Organ _ 1
48.050000000000004,1.1899999999999977,69,100,Keyboards - Organ 3,9360,238,Rock Organ _ 1
48.050000000000004,1.1899999999999977,77,100,Keyboards - Organ 3,9360,238,Rock Organ _ 1
48.050000000000004,1.1899999999999977,72,100,Keyboards - Organ 3,9360,238,Rock Organ _ 1
49.25,1.1899999999999977,74,100,Keyboards - Organ 3,9600,238,Rock Organ _ 1
49.25,1.1899999999999977,77,100,Keyboards - Organ 3,9600,238,Rock Organ _ 1
49.25,1.1899999999999977,69,100,Keyboards - Organ 3,9600,238,Rock Organ _ 1
50.45,1.1899999999999977,69,100,Keyboards - Organ 3,9840,238,Rock Organ _ 1
50.45,1.1899999999999977,73,100,Keyboards - Organ 3,9840,238,Rock Organ _ 1
50.45,1.1899999999999977,77,100,Keyboards - Organ 3,9840,238,Rock Organ _ 1
51.65,0.8900000000000006,77,100,Keyboards - Organ 3,10080,178,Rock Organ _ 1
51.65,0.8900000000000006,69,100,Keyboards - Organ 3,10080,178,Rock Organ _ 1
51.65,0.8900000000000006,72,100,Keyboards - Organ 3,10080,178,Rock Organ _ 1
52.550000000000004,0.28999999999999915,77,100,Keyboards - Organ 3,10260,58,Rock Organ _ 1
52.550000000000004,0.28999999999999915,71,100,Keyboards - Organ 3,10260,58,Rock Organ _ 1
52.550000000000004,0.28999999999999915,69,100,Keyboards - Organ 3,10260,58,Rock Organ _ 1
54.050000000000004,1.1899999999999977,77,100,Keyboards - Organ 3,10560,238,Rock Organ _ 1
54.050000000000004,1.1899999999999977,69,100,Keyboards - Organ 3,10560,238,Rock Organ _ 1
54.050000000000004,1.1899999999999977,74,100,Keyboards - Organ 3,10560,238,Rock Organ _ 1
55.25,1.1899999999999977,77,100,Keyboards - Organ 3,10800,238,Rock Organ _ 1
55.25,1.1899999999999977,72,100,Keyboards - Organ 3,10800,238,Rock Organ _ 1
55.25,1.1899999999999977,69,100,Keyboards - Organ 3,10800,238,Rock Organ _ 1
56.45,1.1899999999999977,77,100,Keyboards - Organ 3,11040,238,Rock Organ _ 1
56.45,1.1899999999999977,79,100,Keyboards - Organ 3,11040,238,Rock Organ _ 1
56.45,1.1899999999999977,72,100,Keyboards - Organ 3,11040,238,Rock Organ _ 1
57.65,1.1900000000000048,74,100,Keyboards - Organ 3,11280,238,Rock Organ _ 1
57.65,1.1900000000000048,77,100,Keyboards - Organ 3,11280,238,Rock Organ _ 1
58.85,0.39000000000000057,74,100,Keyboards - Organ 3,11520,78,Rock Organ _ 1
59.25,0.39000000000000057,75,100,Keyboards - Organ 3,11600,78,Rock Organ _ 1
59.65,0.39000000000000057,76,100,Keyboards - Organ 3,11680,78,Rock Organ _ 1
60.65,0.28999999999999915,86,90,Keyboards - Organ 3,11880,58,Rock Organ _ 1
60.65,0.28999999999999915,80,90,Keyboards - Organ 3,11880,58,Rock Organ _ 1
60.65,0.28999999999999915,89,90,Keyboards - Organ 3,11880,58,Rock Organ _ 1
60.95,0.28999999999999915,80,90,Keyboards - Organ 3,11940,58,Rock Organ _ 1
60.95,0.28999999999999915,86,90,Keyboards - Organ 3,11940,58,Rock Organ _ 1
60.95,0.28999999999999915,89,90,Keyboards - Organ 3,11940,58,Rock Organ _ 1
61.25,0.28999999999999915,80,90,Keyboards - Organ 3,12000,58,Rock Organ _ 1
61.25,0.28999999999999915,89,90,Keyboards - Organ 3,12000,58,Rock Organ _ 1
61.25,0.28999999999999915,86,90,Keyboards - Organ 3,12000,58,Rock Organ _ 1
61.550000000000004,0.28999999999999915,89,90,Keyboards - Organ 3,12060,58,Rock Organ _ 1
61.550000000000004,0.28999999999999915,80,90,Keyboards - Organ 3,12060,58,Rock Organ _ 1
61.550000000000004,0.28999999999999915,86,90,Keyboards - Organ 3,12060,58,Rock Organ _ 1
62.150000000000006,0.28999999999999204,89,90,Keyboards - Organ 3,12180,58,Rock Organ _ 1
62.150000000000006,0.28999999999999204,86,90,Keyboards - Organ 3,12180,58,Rock Organ _ 1
62.150000000000006,0.28999999999999204,80,90,Keyboards - Organ 3,12180,58,Rock Organ _ 1
62.45,0.29000000000000625,80,90,Keyboards - Organ 3,12240,58,Rock Organ _ 1
62.45,0.29000000000000625,89,90,Keyboards - Organ 3,12240,58,Rock Organ _ 1
62.45,0.29000000000000625,86,90,Keyboards - Organ 3,12240,58,Rock Organ _ 1
62.75,0.28999999999999204,86,90,Keyboards - Organ 3,12300,58,Rock Organ _ 1
62.75,0.28999999999999204,80,90,Keyboards - Organ 3,12300,58,Rock Organ _ 1
62.75,0.28999999999999204,89,90,Keyboards - Organ 3,12300,58,Rock Organ _ 1
65.45,0.29000000000000625,86,90,Keyboards - Organ 3,12840,58,Rock Organ _ 1
65.45,0.29000000000000625,80,90,Keyboards - Organ 3,12840,58,Rock Organ _ 1
65.45,0.29000000000000625,89,90,Keyboards - Organ 3,12840,58,Rock Organ _ 1
65.75,0.28999999999999204,89,90,Keyboards - Organ 3,12900,58,Rock Organ _ 1
65.75,0.28999999999999204,80,90,Keyboards - Organ 3,12900,58,Rock Organ _ 1
65.75,0.28999999999999204,86,90,Keyboards - Organ 3,12900,58,Rock Organ _ 1
66.05000000000001,0.28999999999999204,80,90,Keyboards - Organ 3,12960,58,Rock Organ _ 1
66.05000000000001,0.28999999999999204,86,90,Keyboards - Organ 3,12960,58,Rock Organ _ 1
66.05000000000001,0.28999999999999204,89,90,Keyboards - Organ 3,12960,58,Rock Organ _ 1
66.35,0.29000000000000625,86,90,Keyboards - Organ 3,13020,58,Rock Organ _ 1
66.35,0.29000000000000625,80,90,Keyboards - Organ 3,13020,58,Rock Organ _ 1
66.35,0.29000000000000625,89,90,Keyboards - Organ 3,13020,58,Rock Organ _ 1
66.95,0.29000000000000625,86,90,Keyboards - Organ 3,13140,58,Rock Organ _ 1
66.95,0.29000000000000625,80,90,Keyboards - Organ 3,13140,58,Rock Organ _ 1
66.95,0.29000000000000625,89,90,Keyboards - Organ 3,13140,58,Rock Organ _ 1
67.25,0.28999999999999204,80,90,Keyboards - Organ 3,13200,58,Rock Organ _ 1
67.25,0.28999999999999204,86,90,Keyboards - Organ 3,13200,58,Rock Organ _ 1
67.25,0.28999999999999204,89,90,Keyboards - Organ 3,13200,58,Rock Organ _ 1
67.55000000000001,0.28999999999999204,80,90,Keyboards - Organ 3,13260,58,Rock Organ _ 1
67.55000000000001,0.28999999999999204,89,90,Keyboards - Organ 3,13260,58,Rock Organ _ 1
67.55000000000001,0.28999999999999204,86,90,Keyboards - Organ 3,13260,58,Rock Organ _ 1
70.25,0.28999999999999204,86,90,Keyboards - Organ 3,13800,58,Rock Organ _ 1
70.25,0.28999999999999204,80,90,Keyboards - Organ 3,13800,58,Rock Organ _ 1
70.25,0.28999999999999204,89,90,Keyboards - Organ 3,13800,58,Rock Organ _ 1
70.55000000000001,0.28999999999999204,86,90,Keyboards - Organ 3,13860,58,Rock Organ _ 1
70.55000000000001,0.28999999999999204,80,90,Keyboards - Organ 3,13860,58,Rock Organ _ 1
70.55000000000001,0.28999999999999204,89,90,Keyboards - Organ 3,13860,58,Rock Organ _ 1
70.85,0.29000000000000625,80,90,Keyboards - Organ 3,13920,58,Rock Organ _ 1
70.85,0.29000000000000625,86,90,Keyboards - Organ 3,13920,58,Rock Organ _ 1
70.85,0.29000000000000625,89,90,Keyboards - Organ 3,13920,58,Rock Organ _ 1
71.15,0.28999999999999204,80,90,Keyboards - Organ 3,13980,58,Rock Organ _ 1
71.15,0.28999999999999204,86,90,Keyboards - Organ 3,13980,58,Rock Organ _ 1
71.15,0.28999999999999204,89,90,Keyboards - Organ 3,13980,58,Rock Organ _ 1
71.45,0.29000000000000625,80,90,Keyboards - Organ 3,14040,58,Rock Organ _ 1
71.45,0.29000000000000625,89,90,Keyboards - Organ 3,14040,58,Rock Organ _ 1
71.45,0.29000000000000625,86,90,Keyboards - Organ 3,14040,58,Rock Organ _ 1
71.75,0.28999999999999204,89,90,Keyboards - Organ 3,14100,58,Rock Organ _ 1
71.75,0.28999999999999204,80,90,Keyboards - Organ 3,14100,58,Rock Organ _ 1
71.75,0.28999999999999204,86,90,Keyboards - Organ 3,14100,58,Rock Organ _ 1
72.05000000000001,0.28999999999999204,86,90,Keyboards - Organ 3,14160,58,Rock Organ _ 1
72.05000000000001,0.28999999999999204,80,90,Keyboards - Organ 3,14160,58,Rock Organ _ 1
72.05000000000001,0.28999999999999204,89,90,Keyboards - Organ 3,14160,58,Rock Organ _ 1
88.85000000000001,1.1899999999999977,69,100,Keyboards - Organ 3,17520,238,Rock Organ _ 1
88.85000000000001,1.1899999999999977,76,100,Keyboards - Organ 3,17520,238,Rock Organ _ 1
88.85000000000001,1.1899999999999977,72,100,Keyboards - Organ 3,17520,238,Rock Organ _ 1
90.05,1.1899999999999977,76,100,Keyboards - Organ 3,17760,238,Rock Organ _ 1
90.05,1.1899999999999977,67,100,Keyboards - Organ 3,17760,238,Rock Organ _ 1
90.05,1.1899999999999977,72,100,Keyboards - Organ 3,17760,238,Rock Organ _ 1
91.25,1.1899999999999977,78,100,Keyboards - Organ 3,18000,238,Rock Organ _ 1
91.25,1.1899999999999977,74,100,Keyboards - Organ 3,18000,238,Rock Organ _ 1
91.25,1.1899999999999977,69,100,Keyboards - Organ 3,18000,238,Rock Organ _ 1
92.45,1.1899999999999977,74,100,Keyboards - Organ 3,18240,238,Rock Organ _ 1
92.45,1.1899999999999977,81,100,Keyboards - Organ 3,18240,238,Rock Organ _ 1
92.45,1.1899999999999977,77,100,Keyboards - Organ 3,18240,238,Rock Organ _ 1
93.65,0.06499999999999773,74,100,Keyboards - Organ 3,18480,13,Rock Organ _ 1
93.72500000000001,0.2149999999999892,76,100,Keyboards - Organ 3,18495,43,Rock Organ _ 1
93.95,0.28999999999999204,74,100,Keyboards - Organ 3,18540,58,Rock Organ _ 1
94.25,0.5900000000000034,72,100,Keyboards - Organ 3,18600,118,Rock Organ _ 1
94.85000000000001,0.8899999999999864,72,100,Keyboards - Organ 3,18720,178,Rock Organ _ 1
94.85000000000001,0.8899999999999864,76,100,Keyboards - Organ 3,18720,178,Rock Organ _ 1
95.75,0.29000000000000625,76,100,Keyboards - Organ 3,18900,58,Rock Organ _ 1
95.75,0.29000000000000625,72,100,Keyboards - Organ 3,18900,58,Rock Organ _ 1
95.45,0.5900000000000034,69,100,Keyboards - Organ 3,18840,118,Rock Organ _ 1
96.35000000000001,0.28999999999999204,72,100,Keyboards - Organ 3,19020,58,Rock Organ _ 1
96.35000000000001,0.28999999999999204,76,100,Keyboards - Organ 3,19020,58,Rock Organ _ 1
96.05,0.8900000000000006,69,100,Keyboards - Organ 3,18960,178,Rock Organ _ 1
96.95,0.28999999999999204,69,100,Keyboards - Organ 3,19140,58,Rock Organ _ 1
96.65,0.5899999999999892,72,100,Keyboards - Organ 3,19080,118,Rock Organ _ 1
96.65,0.5899999999999892,76,100,Keyboards - Organ 3,19080,118,Rock Organ _ 1
97.25,0.8900000000000006,76,100,Keyboards - Organ 3,19200,178,Rock Organ _ 1
97.25,0.8900000000000006,72,100,Keyboards - Organ 3,19200,178,Rock Organ _ 1
98.15,1.4899999999999949,76,100,Keyboards - Organ 3,19380,298,Rock Organ _ 1
98.15,1.4899999999999949,73,100,Keyboards - Organ 3,19380,298,Rock Organ _ 1
97.85000000000001,1.789999999999992,69,100,Keyboards - Organ 3,19320,358,Rock Organ _ 1
99.65,1.1899999999999977,69,100,Keyboards - Organ 3,19680,238,Rock Organ _ 1
99.65,1.1899999999999977,77,100,Keyboards - Organ 3,19680,238,Rock Organ _ 1
99.65,1.1899999999999977,74,100,Keyboards - Organ 3,19680,238,Rock Organ _ 1
100.85000000000001,1.1899999999999977,73,100,Keyboards - Organ 3,19920,238,Rock Organ _ 1
100.85000000000001,1.1899999999999977,77,100,Keyboards - Organ 3,19920,238,Rock Organ _ 1
100.85000000000001,1.1899999999999977,69,100,Keyboards - Organ 3,19920,238,Rock Organ _ 1
102.05,0.29000000000000625,72,100,Keyboards - Organ 3,20160,58,Rock Organ _ 1
102.05,0.29000000000000625,77,100,Keyboards - Organ 3,20160,58,Rock Organ _ 1
102.05,0.29000000000000625,69,100,Keyboards - Organ 3,20160,58,Rock Organ _ 1
102.35000000000001,0.28999999999999204,77,100,Keyboards - Organ 3,20220,58,Rock Organ _ 1
102.35000000000001,0.28999999999999204,69,100,Keyboards - Organ 3,20220,58,Rock Organ _ 1
102.35000000000001,0.28999999999999204,72,100,Keyboards - Organ 3,20220,58,Rock Organ _ 1
102.65,0.28999999999999204,77,100,Keyboards - Organ 3,20280,58,Rock Organ _ 1
102.65,0.28999999999999204,72,100,Keyboards - Organ 3,20280,58,Rock Organ _ 1
102.65,0.28999999999999204,69,100,Keyboards - Organ 3,20280,58,Rock Organ _ 1
103.55,0.8900000000000006,77,100,Keyboards - Organ 3,20460,178,Rock Organ _ 1
103.55,0.8900000000000006,71,100,Keyboards - Organ 3,20460,178,Rock Organ _ 1
103.55,0.8900000000000006,69,100,Keyboards - Organ 3,20460,178,Rock Organ _ 1
104.45,1.1899999999999977,69,100,Keyboards - Organ 3,20640,238,Rock Organ _ 1
104.45,1.1899999999999977,74,100,Keyboards - Organ 3,20640,238,Rock Organ _ 1
104.45,1.1899999999999977,77,100,Keyboards - Organ 3,20640,238,Rock Organ _ 1
105.65,1.1899999999999977,77,100,Keyboards - Organ 3,20880,238,Rock Organ _ 1
105.65,1.1899999999999977,73,100,Keyboards - Organ 3,20880,238,Rock Organ _ 1
105.65,1.1899999999999977,69,100,Keyboards - Organ 3,20880,238,Rock Organ _ 1
106.85000000000001,0.5899999999999892,72,100,Keyboards - Organ 3,21120,118,Rock Organ _ 1
106.85000000000001,0.5899999999999892,69,100,Keyboards - Organ 3,21120,118,Rock Organ _ 1
106.85000000000001,0.5899999999999892,77,100,Keyboards - Organ 3,21120,118,Rock Organ _ 1
107.45,0.28999999999999204,72,100,Keyboards - Organ 3,21240,58,Rock Organ _ 1
107.45,0.28999999999999204,69,100,Keyboards - Organ 3,21240,58,Rock Organ _ 1
107.45,0.28999999999999204,77,100,Keyboards - Organ 3,21240,58,Rock Organ _ 1
107.75,0.29000000000000625,77,100,Keyboards - Organ 3,21300,58,Rock Organ _ 1
107.75,0.29000000000000625,69,100,Keyboards - Organ 3,21300,58,Rock Organ _ 1
107.75,0.29000000000000625,72,100,Keyboards - Organ 3,21300,58,Rock Organ _ 1
108.05,1.190000000000012,77,100,Keyboards - Organ 3,21360,238,Rock Organ _ 1
108.05,1.190000000000012,72,100,Keyboards - Organ 3,21360,238,Rock Organ _ 1
108.05,1.190000000000012,69,100,Keyboards - Organ 3,21360,238,Rock Organ _ 1
109.25,1.1899999999999977,77,100,Keyboards - Organ 3,21600,238,Rock Organ _ 1
109.25,1.1899999999999977,74,100,Keyboards - Organ 3,21600,238,Rock Organ _ 1
109.25,1.1899999999999977,69,100,Keyboards - Organ 3,21600,238,Rock Organ _ 1
110.45,1.1899999999999977,69,100,Keyboards - Organ 3,21840,238,Rock Organ _ 1
110.45,1.1899999999999977,77,100,Keyboards - Organ 3,21840,238,Rock Organ _ 1
110.45,1.1899999999999977,73,100,Keyboards - Organ 3,21840,238,Rock Organ _ 1
111.65,0.8900000000000006,72,100,Keyboards - Organ 3,22080,178,Rock Organ _ 1
111.65,0.8900000000000006,69,100,Keyboards - Organ 3,22080,178,Rock Organ _ 1
111.65,0.8900000000000006,77,100,Keyboards - Organ 3,22080,178,Rock Organ _ 1
112.55,0.29000000000000625,71,100,Keyboards - Organ 3,22260,58,Rock Organ _ 1
112.55,0.29000000000000625,77,100,Keyboards - Organ 3,22260,58,Rock Organ _ 1
112.55,0.29000000000000625,69,100,Keyboards - Organ 3,22260,58,Rock Organ _ 1
114.05,1.190000000000012,77,100,Keyboards - Organ 3,22560,238,Rock Organ _ 1
114.05,1.190000000000012,69,100,Keyboards - Organ 3,22560,238,Rock Organ _ 1
114.05,1.190000000000012,74,100,Keyboards - Organ 3,22560,238,Rock Organ _ 1
115.25,1.1899999999999977,77,100,Keyboards - Organ 3,22800,238,Rock Organ _ 1
115.25,1.1899999999999977,72,100,Keyboards - Organ 3,22800,238,Rock Organ _ 1
115.25,1.1899999999999977,69,100,Keyboards - Organ 3,22800,238,Rock Organ _ 1
116.45,1.1899999999999977,77,100,Keyboards - Organ 3,23040,238,Rock Organ _ 1
116.45,1.1899999999999977,79,100,Keyboards - Organ 3,23040,238,Rock Organ _ 1
116.45,1.1899999999999977,72,100,Keyboards - Organ 3,23040,238,Rock Organ _ 1
117.65,1.1899999999999977,74,100,Keyboards - Organ 3,23280,238,Rock Organ _ 1
117.65,1.1899999999999977,77,100,Keyboards - Organ 3,23280,238,Rock Organ _ 1
118.85000000000001,0.39000000000000057,74,100,Keyboards - Organ 3,23520,78,Rock Organ _ 1
119.25,0.39000000000000057,75,100,Keyboards - Organ 3,23600,78,Rock Organ _ 1
119.65,0.39000000000000057,76,100,Keyboards - Organ 3,23680,78,Rock Organ _ 1
120.65,0.28999999999999204,89,90,Keyboards - Organ 3,23880,58,Rock Organ _ 1
120.65,0.28999999999999204,80,90,Keyboards - Organ 3,23880,58,Rock Organ _ 1
120.65,0.28999999999999204,86,90,Keyboards - Organ 3,23880,58,Rock Organ _ 1
120.95,0.29000000000000625,89,90,Keyboards - Organ 3,23940,58,Rock Organ _ 1
120.95,0.29000000000000625,86,90,Keyboards - Organ 3,23940,58,Rock Organ _ 1
120.95,0.29000000000000625,80,90,Keyboards - Organ 3,23940,58,Rock Organ _ 1
121.25,0.29000000000000625,86,90,Keyboards - Organ 3,24000,58,Rock Organ _ 1
121.25,0.29000000000000625,89,90,Keyboards - Organ 3,24000,58,Rock Organ _ 1
121.25,0.29000000000000625,80,90,Keyboards - Organ 3,24000,58,Rock Organ _ 1
121.55,0.29000000000000625,86,90,Keyboards - Organ 3,24060,58,Rock Organ _ 1
121.55,0.29000000000000625,80,90,Keyboards - Organ 3,24060,58,Rock Organ _ 1
121.55,0.29000000000000625,89,90,Keyboards - Organ 3,24060,58,Rock Organ _ 1
122.15,0.28999999999999204,86,90,Keyboards - Organ 3,24180,58,Rock Organ _ 1
122.15,0.28999999999999204,89,90,Keyboards - Organ 3,24180,58,Rock Organ _ 1
122.15,0.28999999999999204,80,90,Keyboards - Organ 3,24180,58,Rock Organ _ 1
122.45,0.29000000000000625,80,90,Keyboards - Organ 3,24240,58,Rock Organ _ 1
122.45,0.29000000000000625,89,90,Keyboards - Organ 3,24240,58,Rock Organ _ 1
122.45,0.29000000000000625,86,90,Keyboards - Organ 3,24240,58,Rock Organ _ 1
122.75,0.29000000000000625,80,90,Keyboards - Organ 3,24300,58,Rock Organ _ 1
122.75,0.29000000000000625,86,90,Keyboards - Organ 3,24300,58,Rock Organ _ 1
122.75,0.29000000000000625,89,90,Keyboards - Organ 3,24300,58,Rock Organ _ 1
125.45,0.29000000000000625,80,90,Keyboards - Organ 3,24840,58,Rock Organ _ 1
125.45,0.29000000000000625,89,90,Keyboards - Organ 3,24840,58,Rock Organ _ 1
125.45,0.29000000000000625,86,90,Keyboards - Organ 3,24840,58,Rock Organ _ 1
125.75,0.29000000000002046,89,90,Keyboards - Organ 3,24900,58,Rock Organ _ 1
125.75,0.29000000000002046,80,90,Keyboards - Organ 3,24900,58,Rock Organ _ 1
125.75,0.29000000000002046,86,90,Keyboards - Organ 3,24900,58,Rock Organ _ 1
126.05000000000001,0.28999999999999204,86,90,Keyboards - Organ 3,24960,58,Rock Organ _ 1
126.05000000000001,0.28999999999999204,80,90,Keyboards - Organ 3,24960,58,Rock Organ _ 1
126.05000000000001,0.28999999999999204,89,90,Keyboards - Organ 3,24960,58,Rock Organ _ 1
126.35000000000002,0.2899999999999636,89,90,Keyboards - Organ 3,25020,58,Rock Organ _ 1
126.35000000000002,0.2899999999999636,86,90,Keyboards - Organ 3,25020,58,Rock Organ _ 1
126.35000000000002,0.2899999999999636,80,90,Keyboards - Organ 3,25020,58,Rock Organ _ 1
126.94999999999999,0.29000000000002046,89,90,Keyboards - Organ 3,25140,58,Rock Organ _ 1
126.94999999999999,0.29000000000002046,86,90,Keyboards - Organ 3,25140,58,Rock Organ _ 1
126.94999999999999,0.29000000000002046,80,90,Keyboards - Organ 3,25140,58,Rock Organ _ 1
127.25,0.29000000000002046,80,90,Keyboards - Organ 3,25200,58,Rock Organ _ 1
127.25,0.29000000000002046,86,90,Keyboards - Organ 3,25200,58,Rock Organ _ 1
127.25,0.29000000000002046,89,90,Keyboards - Organ 3,25200,58,Rock Organ _ 1
127.55000000000001,0.28999999999999204,89,90,Keyboards - Organ 3,25260,58,Rock Organ _ 1
127.55000000000001,0.28999999999999204,86,90,Keyboards - Organ 3,25260,58,Rock Organ _ 1
127.55000000000001,0.28999999999999204,80,90,Keyboards - Organ 3,25260,58,Rock Organ _ 1
130.25,0.29000000000002046,80,90,Keyboards - Organ 3,25800,58,Rock Organ _ 1
130.25,0.29000000000002046,86,90,Keyboards - Organ 3,25800,58,Rock Organ _ 1
130.25,0.29000000000002046,89,90,Keyboards - Organ 3,25800,58,Rock Organ _ 1
130.55,0.28999999999999204,80,90,Keyboards - Organ 3,25860,58,Rock Organ _ 1
130.55,0.28999999999999204,86,90,Keyboards - Organ 3,25860,58,Rock Organ _ 1
130.55,0.28999999999999204,89,90,Keyboards - Organ 3,25860,58,Rock Organ _ 1
130.85000000000002,0.2899999999999636,80,90,Keyboards - Organ 3,25920,58,Rock Organ _ 1
130.85000000000002,0.2899999999999636,89,90,Keyboards - Organ 3,25920,58,Rock Organ _ 1
130.85000000000002,0.2899999999999636,86,90,Keyboards - Organ 3,25920,58,Rock Organ _ 1
131.15,0.28999999999999204,89,90,Keyboards - Organ 3,25980,58,Rock Organ _ 1
131.15,0.28999999999999204,86,90,Keyboards - Organ 3,25980,58,Rock Organ _ 1
131.15,0.28999999999999204,80,90,Keyboards - Organ 3,25980,58,Rock Organ _ 1
131.45,0.29000000000002046,80,90,Keyboards - Organ 3,26040,58,Rock Organ _ 1
131.45,0.29000000000002046,86,90,Keyboards - Organ 3,26040,58,Rock Organ _ 1
131.45,0.29000000000002046,89,90,Keyboards - Organ 3,26040,58,Rock Organ _ 1
131.75,0.29000000000002046,89,90,Keyboards - Organ 3,26100,58,Rock Organ _ 1
131.75,0.29000000000002046,86,90,Keyboards - Organ 3,26100,58,Rock Organ _ 1
131.75,0.29000000000002046,80,90,Keyboards - Organ 3,26100,58,Rock Organ _ 1
132.05,0.28999999999999204,89,90,Keyboards - Organ 3,26160,58,Rock Organ _ 1
132.05,0.28999999999999204,86,90,Keyboards - Organ 3,26160,58,Rock Organ _ 1
132.05,0.28999999999999204,80,90,Keyboards - Organ 3,26160,58,Rock Organ _ 1
135.575,1.6750000000000114,86,120,Keyboards - Organ 3,26820,268,Rock Organ _ 1
137.2625,0.08125000000001137,84,110,Keyboards - Organ 3,27090,13,Rock Organ _ 1
137.35625,0.08125000000001137,81,110,Keyboards - Organ 3,27105,13,Rock Organ _ 1
137.45,0.08125000000001137,79,110,Keyboards - Organ 3,27120,13,Rock Organ _ 1
137.54375,0.08125000000001137,80,110,Keyboards - Organ 3,27135,13,Rock Organ _ 1
137.6375,0.08125000000001137,79,110,Keyboards - Organ 3,27150,13,Rock Organ _ 1
137.73125,0.037499999999994316,77,110,Keyboards - Organ 3,27165,6,Rock Organ _ 1
137.77499999999998,0.03750000000002274,74,110,Keyboards - Organ 3,27172,6,Rock Organ _ 1
137.825,0.08125000000001137,79,110,Keyboards - Organ 3,27180,13,Rock Organ _ 1
137.91875,0.037499999999994316,80,110,Keyboards - Organ 3,27195,6,Rock Organ _ 1
137.96249999999998,0.03750000000002274,81,110,Keyboards - Organ 3,27202,6,Rock Organ _ 1
138.0125,0.037499999999994316,80,110,Keyboards - Organ 3,27210,6,Rock Organ _ 1
138.05624999999998,0.03750000000002274,79,110,Keyboards - Organ 3,27217,6,Rock Organ _ 1
138.10625,0.037499999999994316,77,110,Keyboards - Organ 3,27225,6,Rock Organ _ 1
138.14999999999998,0.03750000000002274,72,110,Keyboards - Organ 3,27232,6,Rock Organ _ 1
138.2,0.05000000000001137,74,110,Keyboards - Organ 3,27240,8,Rock Organ _ 1
138.2625,0.05000000000001137,72,110,Keyboards - Organ 3,27250,8,Rock Organ _ 1
138.325,0.05000000000001137,69,110,Keyboards - Organ 3,27260,8,Rock Organ _ 1
138.3875,0.05000000000001137,67,110,Keyboards - Organ 3,27270,8,Rock Organ _ 1
138.45,0.05000000000001137,68,110,Keyboards - Organ 3,27280,8,Rock Organ _ 1
138.5125,0.05000000000001137,67,110,Keyboards - Organ 3,27290,8,Rock Organ _ 1
138.575,0.05000000000001137,65,110,Keyboards - Organ 3,27300,8,Rock Organ _ 1
138.6375,0.05000000000001137,62,110,Keyboards - Organ 3,27310,8,Rock Organ _ 1
138.7,0.05000000000001137,65,110,Keyboards - Organ 3,27320,8,Rock Organ _ 1
138.7625,0.05000000000001137,67,110,Keyboards - Organ 3,27330,8,Rock Organ _ 1
138.825,0.05000000000001137,65,110,Keyboards - Organ 3,27340,8,Rock Organ _ 1
138.8875,0.05000000000001137,62,110,Keyboards - Organ 3,27350,8,Rock Organ _ 1
138.95,0.05000000000001137,67,110,Keyboards - Organ 3,27360,8,Rock Organ _ 1
139.0125,0.05000000000001137,68,110,Keyboards - Organ 3,27370,8,Rock Organ _ 1
139.075,0.05000000000001137,67,110,Keyboards - Organ 3,27380,8,Rock Organ _ 1
139.1375,0.08125000000001137,65,110,Keyboards - Organ 3,27390,13,Rock Organ _ 1
139.23125,0.08125000000001137,62,110,Keyboards - Organ 3,27405,13,Rock Organ _ 1
139.325,0.08125000000001137,67,110,Keyboards - Organ 3,27420,13,Rock Organ _ 1
139.41875,0.08125000000001137,68,110,Keyboards - Organ 3,27435,13,Rock Organ _ 1
139.5125,0.08125000000001137,67,110,Keyboards - Organ 3,27450,13,Rock Organ _ 1
139.60625,0.08125000000001137,69,110,Keyboards - Organ 3,27465,13,Rock Organ _ 1
139.7,0.08125000000001137,72,110,Keyboards - Organ 3,27480,13,Rock Organ _ 1
139.79375,0.05000000000001137,76,110,Keyboards - Organ 3,27495,8,Rock Organ _ 1
139.85625,0.05000000000001137,77,110,Keyboards - Organ 3,27505,8,Rock Organ _ 1
139.91875,0.05000000000001137,79,110,Keyboards - Organ 3,27515,8,Rock Organ _ 1
139.98125,0.08125000000001137,80,110,Keyboards - Organ 3,27525,13,Rock Organ _ 1
140.075,0.08125000000001137,81,110,Keyboards - Organ 3,27540,13,Rock Organ _ 1
140.16875,0.08125000000001137,84,110,Keyboards - Organ 3,27555,13,Rock Organ _ 1
140.2625,0.08125000000001137,86,110,Keyboards - Organ 3,27570,13,Rock Organ _ 1
143.45,2.2375000000000114,81,110,Keyboards - Organ 3,28080,358,Rock Organ _ 1
143.45,2.2375000000000114,85,110,Keyboards - Organ 3,28080,358,Rock Organ _ 1
140.35625,5.331250000000011,89,120,Keyboards - Organ 3,27585,853,Rock Organ _ 1
145.7,1.1125000000000114,93,120,Keyboards - Organ 3,28440,178,Rock Organ _ 1
146.825,0.08125000000001137,91,110,Keyboards - Organ 3,28620,13,Rock Organ _ 1
146.91875,0.08125000000001137,92,110,Keyboards - Organ 3,28635,13,Rock Organ _ 1
147.0125,0.05000000000001137,91,110,Keyboards - Organ 3,28650,8,Rock Organ _ 1
147.075,0.05000000000001137,89,110,Keyboards - Organ 3,28660,8,Rock Organ _ 1
147.1375,0.05000000000001137,86,110,Keyboards - Organ 3,28670,8,Rock Organ _ 1
147.2,0.08125000000001137,86,110,Keyboards - Organ 3,28680,13,Rock Organ _ 1
147.29375,0.037499999999994316,86,110,Keyboards - Organ 3,28695,6,Rock Organ _ 1
147.33749999999998,0.03750000000002274,84,110,Keyboards - Organ 3,28702,6,Rock Organ _ 1
147.2,0.17500000000001137,89,110,Keyboards - Organ 3,28680,28,Rock Organ _ 1
147.3875,0.037499999999994316,86,110,Keyboards - Organ 3,28710,6,Rock Organ _ 1
147.43124999999998,0.03750000000002274,84,110,Keyboards - Organ 3,28717,6,Rock Organ _ 1
147.3875,0.17500000000001137,81,110,Keyboards - Organ 3,28710,28,Rock Organ _ 1
147.575,0.05000000000001137,79,110,Keyboards - Organ 3,28740,8,Rock Organ _ 1
147.6375,0.05000000000001137,80,110,Keyboards - Organ 3,28750,8,Rock Organ _ 1
147.7,0.05000000000001137,79,110,Keyboards - Organ 3,28760,8,Rock Organ _ 1
147.7625,0.05000000000001137,77,110,Keyboards - Organ 3,28770,8,Rock Organ _ 1
147.7625,0.05000000000001137,81,110,Keyboards - Organ 3,28770,8,Rock Organ _ 1
147.825,0.05000000000001137,74,110,Keyboards - Organ 3,28780,8,Rock Organ _ 1
147.8875,0.05000000000001137,72,110,Keyboards - Organ 3,28790,8,Rock Organ _ 1
147.95,0.08125000000001137,72,110,Keyboards - Organ 3,28800,13,Rock Organ _ 1
148.04375,0.08125000000001137,74,110,Keyboards - Organ 3,28815,13,Rock Organ _ 1
148.1375,0.08125000000001137,72,110,Keyboards - Organ 3,28830,13,Rock Organ _ 1
148.23125,0.08125000000001137,74,110,Keyboards - Organ 3,28845,13,Rock Organ _ 1
148.325,0.08125000000001137,76,110,Keyboards - Organ 3,28860,13,Rock Organ _ 1
148.41875,0.08125000000001137,77,110,Keyboards - Organ 3,28875,13,Rock Organ _ 1
148.5125,0.08125000000001137,74,110,Keyboards - Organ 3,28890,13,Rock Organ _ 1
148.60625,0.08125000000001137,77,110,Keyboards - Organ 3,28905,13,Rock Organ _ 1
148.7,0.08125000000001137,81,110,Keyboards - Organ 3,28920,13,Rock Organ _ 1
148.79375,0.08125000000001137,77,110,Keyboards - Organ 3,28935,13,Rock Organ _ 1
148.8875,0.08125000000001137,81,110,Keyboards - Organ 3,28950,13,Rock Organ _ 1
148.98125,0.08125000000001137,84,110,Keyboards - Organ 3,28965,13,Rock Organ _ 1
149.075,0.08125000000001137,81,110,Keyboards - Organ 3,28980,13,Rock Organ _ 1
149.16875,0.08125000000001137,84,110,Keyboards - Organ 3,28995,13,Rock Organ _ 1
149.2625,0.08125000000001137,86,110,Keyboards - Organ 3,29010,13,Rock Organ _ 1
149.35625,0.08125000000001137,89,110,Keyboards - Organ 3,29025,13,Rock Organ _ 1
149.45,0.08125000000001137,88,110,Keyboards - Organ 3,29040,13,Rock Organ _ 1
149.54375,0.08125000000001137,89,110,Keyboards - Organ 3,29055,13,Rock Organ _ 1
149.6375,0.08125000000001137,86,110,Keyboards - Organ 3,29070,13,Rock Organ _ 1
149.73125,0.08125000000001137,89,110,Keyboards - Organ 3,29085,13,Rock Organ _ 1
149.825,0.08125000000001137,88,110,Keyboards - Organ 3,29100,13,Rock Organ _ 1
149.91875,0.08125000000001137,89,110,Keyboards - Organ 3,29115,13,Rock Organ _ 1
150.0125,0.08125000000001137,86,110,Keyboards - Organ 3,29130,13,Rock Organ _ 1
150.10625,0.08125000000001137,91,110,Keyboards - Organ 3,29145,13,Rock Organ _ 1
150.2,1.4875000000000114,89,110,Keyboards - Organ 3,29160,238,Rock Organ _ 1
150.2,1.4875000000000114,86,110,Keyboards - Organ 3,29160,238,Rock Organ _ 1
151.7,0.08125000000001137,84,110,Keyboards - Organ 3,29400,13,Rock Organ _ 1
151.79375,0.26875000000001137,86,110,Keyboards - Organ 3,29415,43,Rock Organ _ 1
151.7,0.36250000000001137,89,110,Keyboards - Organ 3,29400,58,Rock Organ _ 1
152.075,0.08125000000001137,84,110,Keyboards - Organ 3,29460,13,Rock Organ _ 1
152.16875,0.26875000000001137,86,110,Keyboards - Organ 3,29475,43,Rock Organ _ 1
152.075,0.36250000000001137,89,110,Keyboards - Organ 3,29460,58,Rock Organ _ 1
152.45,2.2375000000000114,77,110,Keyboards - Organ 3,29520,358,Rock Organ _ 1
152.45,2.2375000000000114,82,110,Keyboards - Organ 3,29520,358,Rock Organ _ 1
154.7,4.539999999999992,73,110,Keyboards - Organ 3,29880,538,Rock Organ _ 1
154.7,4.539999999999992,81,110,Keyboards - Organ 3,29880,538,Rock Organ _ 1
154.7,4.539999999999992,77,110,Keyboards - Organ 3,29880,538,Rock Organ _ 1
160.14999999999998,0.8900000000000148,81,100,Keyboards - Organ 3,30600,178,Rock Organ _ 1
161.04999999999998,0.28999999999999204,81,100,Keyboards - Organ 3,30780,58,Rock Organ _ 1
161.35,0.28999999999999204,80,100,Keyboards - Organ 3,30840,58,Rock Organ _ 1
161.64999999999998,0.29000000000002046,80,100,Keyboards - Organ 3,30900,58,Rock Organ _ 1
162.25,0.28999999999999204,80,100,Keyboards - Organ 3,31020,58,Rock Organ _ 1
160.14999999999998,2.390000000000015,72,100,Keyboards - Organ 3,30600,478,Rock Organ _ 1
160.14999999999998,2.390000000000015,76,100,Keyboards - Organ 3,30600,478,Rock Organ _ 1
162.54999999999998,0.28999999999999204,79,100,Keyboards - Organ 3,31080,58,Rock Organ _ 1
162.85,0.28999999999999204,79,100,Keyboards - Organ 3,31140,58,Rock Organ _ 1
163.45,0.28999999999999204,78,100,Keyboards - Organ 3,31260,58,Rock Organ _ 1
162.54999999999998,1.1899999999999977,76,100,Keyboards - Organ 3,31080,238,Rock Organ _ 1
162.54999999999998,1.1899999999999977,72,100,Keyboards - Organ 3,31080,238,Rock Organ _ 1
164.95,1.1899999999999977,81,100,Keyboards - Organ 3,31560,238,Rock Organ _ 1
164.95,1.1899999999999977,76,100,Keyboards - Organ 3,31560,238,Rock Organ _ 1
164.95,1.1899999999999977,72,100,Keyboards - Organ 3,31560,238,Rock Organ _ 1
166.14999999999998,1.1899999999999977,80,100,Keyboards - Organ 3,31800,238,Rock Organ _ 1
166.14999999999998,1.1899999999999977,76,100,Keyboards - Organ 3,31800,238,Rock Organ _ 1
166.14999999999998,1.1899999999999977,72,100,Keyboards - Organ 3,31800,238,Rock Organ _ 1
167.35,0.8899999999999864,79,100,Keyboards - Organ 3,32040,178,Rock Organ _ 1
167.35,0.8899999999999864,72,100,Keyboards - Organ 3,32040,178,Rock Organ _ 1
167.35,0.8899999999999864,76,100,Keyboards - Organ 3,32040,178,Rock Organ _ 1
168.25,0.28999999999999204,72,100,Keyboards - Organ 3,32220,58,Rock Organ _ 1
168.25,0.28999999999999204,76,100,Keyboards - Organ 3,32220,58,Rock Organ _ 1
168.25,0.28999999999999204,78,100,Keyboards - Organ 3,32220,58,Rock Organ _ 1
169.75,1.1899999999999977,72,100,Keyboards - Organ 3,32520,238,Rock Organ _ 1
169.75,1.1899999999999977,76,100,Keyboards - Organ 3,32520,238,Rock Organ _ 1
169.75,1.1899999999999977,81,100,Keyboards - Organ 3,32520,238,Rock Organ _ 1
170.95,1.1899999999999977,72,100,Keyboards - Organ 3,32760,238,Rock Organ _ 1
170.95,1.1899999999999977,80,100,Keyboards - Organ 3,32760,238,Rock Organ _ 1
170.95,1.1899999999999977,76,100,Keyboards - Organ 3,32760,238,Rock Organ _ 1
172.14999999999998,0.8900000000000148,79,100,Keyboards - Organ 3,33000,178,Rock Organ _ 1
172.14999999999998,0.8900000000000148,72,100,Keyboards - Organ 3,33000,178,Rock Organ _ 1
172.14999999999998,0.8900000000000148,76,100,Keyboards - Organ 3,33000,178,Rock Organ _ 1
173.04999999999998,0.28999999999999204,78,100,Keyboards - Organ 3,33180,58,Rock Organ _ 1
173.04999999999998,0.28999999999999204,72,100,Keyboards - Organ 3,33180,58,Rock Organ _ 1
173.04999999999998,0.28999999999999204,76,100,Keyboards - Organ 3,33180,58,Rock Organ _ 1
174.54999999999998,1.1899999999999977,76,100,Keyboards - Organ 3,33480,238,Rock Organ _ 1
174.54999999999998,1.1899999999999977,72,100,Keyboards - Organ 3,33480,238,Rock Organ _ 1
174.54999999999998,1.1899999999999977,81,100,Keyboards - Organ 3,33480,238,Rock Organ _ 1
175.75,1.1899999999999977,76,100,Keyboards - Organ 3,33720,238,Rock Organ _ 1
175.75,1.1899999999999977,72,100,Keyboards - Organ 3,33720,238,Rock Organ _ 1
175.75,1.1899999999999977,79,100,Keyboards - Organ 3,33720,238,Rock Organ _ 1
176.95,1.1899999999999977,78,100,Keyboards - Organ 3,33960,238,Rock Organ _ 1
176.95,1.1899999999999977,69,100,Keyboards - Organ 3,33960,238,Rock Organ _ 1
176.95,1.1899999999999977,74,100,Keyboards - Organ 3,33960,238,Rock Organ _ 1
178.14999999999998,1.1899999999999977,74,100,Keyboards - Organ 3,34200,238,Rock Organ _ 1
178.14999999999998,1.1899999999999977,77,100,Keyboards - Organ 3,34200,238,Rock Organ _ 1
178.14999999999998,1.1899999999999977,81,100,Keyboards - Organ 3,34200,238,Rock Organ _ 1
181.14999999999998,1.7900000000000205,67,100,Keyboards - Organ 3,34800,358,Rock Organ _ 1
181.14999999999998,1.7900000000000205,74,100,Keyboards - Organ 3,34800,358,Rock Organ _ 1
182.95,0.8899999999999864,81,100,Keyboards - Organ 3,35160,178,Rock Organ _ 1
182.95,0.8899999999999864,76,100,Keyboards - Organ 3,35160,178,Rock Organ _ 1
183.85,0.28999999999999204,81,100,Keyboards - Organ 3,35340,58,Rock Organ _ 1
183.85,0.28999999999999204,76,100,Keyboards - Organ 3,35340,58,Rock Organ _ 1
185.35,1.1899999999999977,74,100,Keyboards - Organ 3,35640,238,Rock Organ _ 1
185.35,1.1899999999999977,69,100,Keyboards - Organ 3,35640,238,Rock Organ _ 1
185.35,1.1899999999999977,77,100,Keyboards - Organ 3,35640,238,Rock Organ _ 1
186.54999999999998,1.1899999999999977,77,100,Keyboards - Organ 3,35880,238,Rock Organ _ 1
186.54999999999998,1.1899999999999977,69,100,Keyboards - Organ 3,35880,238,Rock Organ _ 1
186.54999999999998,1.1899999999999977,73,100,Keyboards - Organ 3,35880,238,Rock Organ _ 1
187.75,0.8899999999999864,72,100,Keyboards - Organ 3,36120,178,Rock Organ _ 1
187.75,0.8899999999999864,77,100,Keyboards - Organ 3,36120,178,Rock Organ _ 1
187.75,0.8899999999999864,69,100,Keyboards - Organ 3,36120,178,Rock Organ _ 1
188.64999999999998,0.29000000000002046,69,100,Keyboards - Organ 3,36300,58,Rock Organ _ 1
188.64999999999998,0.29000000000002046,77,100,Keyboards - Organ 3,36300,58,Rock Organ _ 1
188.64999999999998,0.29000000000002046,71,100,Keyboards - Organ 3,36300,58,Rock Organ _ 1
190.14999999999998,1.1899999999999977,69,100,Keyboards - Organ 3,36600,238,Rock Organ _ 1
190.14999999999998,1.1899999999999977,77,100,Keyboards - Organ 3,36600,238,Rock Organ _ 1
190.14999999999998,1.1899999999999977,74,100,Keyboards - Organ 3,36600,238,Rock Organ _ 1
191.35,1.1899999999999977,77,100,Keyboards - Organ 3,36840,238,Rock Organ _ 1
191.35,1.1899999999999977,69,100,Keyboards - Organ 3,36840,238,Rock Organ _ 1
191.35,1.1899999999999977,73,100,Keyboards - Organ 3,36840,238,Rock Organ _ 1
192.54999999999998,0.8900000000000148,69,100,Keyboards - Organ 3,37080,178,Rock Organ _ 1
192.54999999999998,0.8900000000000148,72,100,Keyboards - Organ 3,37080,178,Rock Organ _ 1
192.54999999999998,0.8900000000000148,77,100,Keyboards - Organ 3,37080,178,Rock Organ _ 1
193.45,0.28999999999999204,77,100,Keyboards - Organ 3,37260,58,Rock Organ _ 1
193.45,0.28999999999999204,71,100,Keyboards - Organ 3,37260,58,Rock Organ _ 1
193.45,0.28999999999999204,69,100,Keyboards - Organ 3,37260,58,Rock Organ _ 1
194.95,1.1899999999999977,69,100,Keyboards - Organ 3,37560,238,Rock Organ _ 1
194.95,1.1899999999999977,77,100,Keyboards - Organ 3,37560,238,Rock Organ _ 1
194.95,1.1899999999999977,74,100,Keyboards - Organ 3,37560,238,Rock Organ _ 1
196.14999999999998,1.1899999999999977,77,100,Keyboards - Organ 3,37800,238,Rock Organ _ 1
196.14999999999998,1.1899999999999977,73,100,Keyboards - Organ 3,37800,238,Rock Organ _ 1
196.14999999999998,1.1899999999999977,69,100,Keyboards - Organ 3,37800,238,Rock Organ _ 1
197.35,0.8899999999999864,77,100,Keyboards - Organ 3,38040,178,Rock Organ _ 1
197.35,0.8899999999999864,69,100,Keyboards - Organ 3,38040,178,Rock Organ _ 1
197.35,0.8899999999999864,72,100,Keyboards - Organ 3,38040,178,Rock Organ _ 1
198.25,0.28999999999999204,77,100,Keyboards - Organ 3,38220,58,Rock Organ _ 1
198.25,0.28999999999999204,69,100,Keyboards - Organ 3,38220,58,Rock Organ _ 1
198.25,0.28999999999999204,71,100,Keyboards - Organ 3,38220,58,Rock Organ _ 1
199.75,1.1899999999999977,77,100,Keyboards - Organ 3,38520,238,Rock Organ _ 1
199.75,1.1899999999999977,74,100,Keyboards - Organ 3,38520,238,Rock Organ _ 1
199.75,1.1899999999999977,69,100,Keyboards - Organ 3,38520,238,Rock Organ _ 1
200.95,1.1899999999999977,81,100,Keyboards - Organ 3,38760,238,Rock Organ _ 1
200.95,1.1899999999999977,72,100,Keyboards - Organ 3,38760,238,Rock Organ _ 1
200.95,1.1899999999999977,77,100,Keyboards - Organ 3,38760,238,Rock Organ _ 1
202.14999999999998,1.1899999999999977,74,100,Keyboards - Organ 3,39000,238,Rock Organ _ 1
202.14999999999998,1.1899999999999977,77,100,Keyboards - Organ 3,39000,238,Rock Organ _ 1
203.35,1.1899999999999977,74,100,Keyboards - Organ 3,39240,238,Rock Organ _ 1
203.35,1.1899999999999977,77,100,Keyboards - Organ 3,39240,238,Rock Organ _ 1
204.54999999999998,0.3900000000000148,74,100,Keyboards - Organ 3,39480,78,Rock Organ _ 1
204.95,0.38999999999998636,75,100,Keyboards - Organ 3,39560,78,Rock Organ _ 1
205.35,0.38999999999998636,76,100,Keyboards - Organ 3,39640,78,Rock Organ _ 1
206.35,0.28999999999999204,89,90,Keyboards - Organ 3,39840,58,Rock Organ _ 1
206.35,0.28999999999999204,80,90,Keyboards - Organ 3,39840,58,Rock Organ _ 1
206.35,0.28999999999999204,86,90,Keyboards - Organ 3,39840,58,Rock Organ _ 1
206.64999999999998,0.29000000000002046,89,90,Keyboards - Organ 3,39900,58,Rock Organ _ 1
206.64999999999998,0.29000000000002046,80,90,Keyboards - Organ 3,39900,58,Rock Organ _ 1
206.64999999999998,0.29000000000002046,86,90,Keyboards - Organ 3,39900,58,Rock Organ _ 1
206.95,0.28999999999999204,80,90,Keyboards - Organ 3,39960,58,Rock Organ _ 1
206.95,0.28999999999999204,89,90,Keyboards - Organ 3,39960,58,Rock Organ _ 1
206.95,0.28999999999999204,86,90,Keyboards - Organ 3,39960,58,Rock Organ _ 1
207.25,0.28999999999999204,80,90,Keyboards - Organ 3,40020,58,Rock Organ _ 1
207.25,0.28999999999999204,86,90,Keyboards - Organ 3,40020,58,Rock Organ _ 1
207.25,0.28999999999999204,89,90,Keyboards - Organ 3,40020,58,Rock Organ _ 1
207.85,0.28999999999999204,86,90,Keyboards - Organ 3,40140,58,Rock Organ _ 1
207.85,0.28999999999999204,80,90,Keyboards - Organ 3,40140,58,Rock Organ _ 1
207.85,0.28999999999999204,89,90,Keyboards - Organ 3,40140,58,Rock Organ _ 1
208.14999999999998,0.29000000000002046,86,90,Keyboards - Organ 3,40200,58,Rock Organ _ 1
208.14999999999998,0.29000000000002046,89,90,Keyboards - Organ 3,40200,58,Rock Organ _ 1
208.14999999999998,0.29000000000002046,80,90,Keyboards - Organ 3,40200,58,Rock Organ _ 1
208.45,0.28999999999999204,80,90,Keyboards - Organ 3,40260,58,Rock Organ _ 1
208.45,0.28999999999999204,86,90,Keyboards - Organ 3,40260,58,Rock Organ _ 1
208.45,0.28999999999999204,89,90,Keyboards - Organ 3,40260,58,Rock Organ _ 1
211.14999999999998,0.29000000000002046,89,90,Keyboards - Organ 3,40800,58,Rock Organ _ 1
211.14999999999998,0.29000000000002046,80,90,Keyboards - Organ 3,40800,58,Rock Organ _ 1
211.14999999999998,0.29000000000002046,86,90,Keyboards - Organ 3,40800,58,Rock Organ _ 1
211.45,0.28999999999999204,80,90,Keyboards - Organ 3,40860,58,Rock Organ _ 1
211.45,0.28999999999999204,86,90,Keyboards - Organ 3,40860,58,Rock Organ _ 1
211.45,0.28999999999999204,89,90,Keyboards - Organ 3,40860,58,Rock Organ _ 1
211.75,0.28999999999999204,89,90,Keyboards - Organ 3,40920,58,Rock Organ _ 1
211.75,0.28999999999999204,86,90,Keyboards - Organ 3,40920,58,Rock Organ _ 1
211.75,0.28999999999999204,80,90,Keyboards - Organ 3,40920,58,Rock Organ _ 1
212.04999999999998,0.28999999999999204,89,90,Keyboards - Organ 3,40980,58,Rock Organ _ 1
212.04999999999998,0.28999999999999204,80,90,Keyboards - Organ 3,40980,58,Rock Organ _ 1
212.04999999999998,0.28999999999999204,86,90,Keyboards - Organ 3,40980,58,Rock Organ _ 1
212.64999999999998,0.29000000000002046,80,90,Keyboards - Organ 3,41100,58,Rock Organ _ 1
212.64999999999998,0.29000000000002046,86,90,Keyboards - Organ 3,41100,58,Rock Organ _ 1
212.64999999999998,0.29000000000002046,89,90,Keyboards - Organ 3,41100,58,Rock Organ _ 1
212.95,0.28999999999999204,89,90,Keyboards - Organ 3,41160,58,Rock Organ _ 1
212.95,0.28999999999999204,86,90,Keyboards - Organ 3,41160,58,Rock Organ _ 1
212.95,0.28999999999999204,80,90,Keyboards - Organ 3,41160,58,Rock Organ _ 1
213.25,0.28999999999999204,80,90,Keyboards - Organ 3,41220,58,Rock Organ _ 1
213.25,0.28999999999999204,86,90,Keyboards - Organ 3,41220,58,Rock Organ _ 1
213.25,0.28999999999999204,89,90,Keyboards - Organ 3,41220,58,Rock Organ _ 1
215.95,0.28999999999999204,80,90,Keyboards - Organ 3,41760,58,Rock Organ _ 1
215.95,0.28999999999999204,89,90,Keyboards - Organ 3,41760,58,Rock Organ _ 1
215.95,0.28999999999999204,86,90,Keyboards - Organ 3,41760,58,Rock Organ _ 1
216.25,0.28999999999999204,89,90,Keyboards - Organ 3,41820,58,Rock Organ _ 1
216.25,0.28999999999999204,80,90,Keyboards - Organ 3,41820,58,Rock Organ _ 1
216.25,0.28999999999999204,86,90,Keyboards - Organ 3,41820,58,Rock Organ _ 1
216.54999999999998,0.28999999999999204,86,90,Keyboards - Organ 3,41880,58,Rock Organ _ 1
216.54999999999998,0.28999999999999204,80,90,Keyboards - Organ 3,41880,58,Rock Organ _ 1
216.54999999999998,0.28999999999999204,89,90,Keyboards - Organ 3,41880,58,Rock Organ _ 1
216.85,0.28999999999999204,89,90,Keyboards - Organ 3,41940,58,Rock Organ _ 1
216.85,0.28999999999999204,86,90,Keyboards - Organ 3,41940,58,Rock Organ _ 1
216.85,0.28999999999999204,80,90,Keyboards - Organ 3,41940,58,Rock Organ _ 1
217.14999999999998,0.29000000000002046,89,90,Keyboards - Organ 3,42000,58,Rock Organ _ 1
217.14999999999998,0.29000000000002046,80,90,Keyboards - Organ 3,42000,58,Rock Organ _ 1
217.14999999999998,0.29000000000002046,86,90,Keyboards - Organ 3,42000,58,Rock Organ _ 1
217.45,0.28999999999999204,86,90,Keyboards - Organ 3,42060,58,Rock Organ _ 1
217.45,0.28999999999999204,89,90,Keyboards - Organ 3,42060,58,Rock Organ _ 1
217.45,0.28999999999999204,80,90,Keyboards - Organ 3,42060,58,Rock Organ _ 1
217.75,0.28999999999999204,80,90,Keyboards - Organ 3,42120,58,Rock Organ _ 1
217.75,0.28999999999999204,86,90,Keyboards - Organ 3,42120,58,Rock Organ _ 1
217.75,0.28999999999999204,89,90,Keyboards - Organ 3,42120,58,Rock Organ _ 1
221.27499999999998,1.6750000000000114,86,120,Keyboards - Organ 3,42780,268,Rock Organ _ 1
222.96249999999998,0.08125000000001137,84,110,Keyboards - Organ 3,43050,13,Rock Organ _ 1
223.05624999999998,0.08125000000001137,81,110,Keyboards - Organ 3,43065,13,Rock Organ _ 1
223.14999999999998,0.08125000000001137,79,110,Keyboards - Organ 3,43080,13,Rock Organ _ 1
223.24374999999998,0.08125000000001137,80,110,Keyboards - Organ 3,43095,13,Rock Organ _ 1
223.33749999999998,0.08125000000001137,79,110,Keyboards - Organ 3,43110,13,Rock Organ _ 1
223.43124999999998,0.037499999999994316,77,110,Keyboards - Organ 3,43125,6,Rock Organ _ 1
223.47499999999997,0.03750000000002274,74,110,Keyboards - Organ 3,43132,6,Rock Organ _ 1
223.52499999999998,0.08125000000001137,79,110,Keyboards - Organ 3,43140,13,Rock Organ _ 1
223.61874999999998,0.037499999999994316,80,110,Keyboards - Organ 3,43155,6,Rock Organ _ 1
223.66249999999997,0.03750000000002274,81,110,Keyboards - Organ 3,43162,6,Rock Organ _ 1
223.71249999999998,0.037499999999994316,80,110,Keyboards - Organ 3,43170,6,Rock Organ _ 1
223.75624999999997,0.03750000000002274,79,110,Keyboards - Organ 3,43177,6,Rock Organ _ 1
223.80624999999998,0.037499999999994316,77,110,Keyboards - Organ 3,43185,6,Rock Organ _ 1
223.84999999999997,0.03750000000002274,72,110,Keyboards - Organ 3,43192,6,Rock Organ _ 1
223.89999999999998,0.05000000000001137,74,110,Keyboards - Organ 3,43200,8,Rock Organ _ 1
223.96249999999998,0.05000000000001137,72,110,Keyboards - Organ 3,43210,8,Rock Organ _ 1
224.02499999999998,0.05000000000001137,69,110,Keyboards - Organ 3,43220,8,Rock Organ _ 1
224.08749999999998,0.05000000000001137,67,110,Keyboards - Organ 3,43230,8,Rock Organ _ 1
224.14999999999998,0.05000000000001137,68,110,Keyboards - Organ 3,43240,8,Rock Organ _ 1
224.21249999999998,0.05000000000001137,67,110,Keyboards - Organ 3,43250,8,Rock Organ _ 1
224.27499999999998,0.05000000000001137,65,110,Keyboards - Organ 3,43260,8,Rock Organ _ 1
224.33749999999998,0.05000000000001137,62,110,Keyboards - Organ 3,43270,8,Rock Organ _ 1
224.39999999999998,0.05000000000001137,65,110,Keyboards - Organ 3,43280,8,Rock Organ _ 1
224.46249999999998,0.05000000000001137,67,110,Keyboards - Organ 3,43290,8,Rock Organ _ 1
224.52499999999998,0.05000000000001137,65,110,Keyboards - Organ 3,43300,8,Rock Organ _ 1
224.58749999999998,0.05000000000001137,62,110,Keyboards - Organ 3,43310,8,Rock Organ _ 1
224.64999999999998,0.05000000000001137,67,110,Keyboards - Organ 3,43320,8,Rock Organ _ 1
224.71249999999998,0.05000000000001137,68,110,Keyboards - Organ 3,43330,8,Rock Organ _ 1
224.77499999999998,0.05000000000001137,67,110,Keyboards - Organ 3,43340,8,Rock Organ _ 1
224.83749999999998,0.08125000000001137,65,110,Keyboards - Organ 3,43350,13,Rock Organ _ 1
224.93124999999998,0.08125000000001137,62,110,Keyboards - Organ 3,43365,13,Rock Organ _ 1
225.02499999999998,0.08125000000001137,67,110,Keyboards - Organ 3,43380,13,Rock Organ _ 1
225.11874999999998,0.08125000000001137,68,110,Keyboards - Organ 3,43395,13,Rock Organ _ 1
225.21249999999998,0.08125000000001137,67,110,Keyboards - Organ 3,43410,13,Rock Organ _ 1
225.30624999999998,0.08125000000001137,69,110,Keyboards - Organ 3,43425,13,Rock Organ _ 1
225.39999999999998,0.08125000000001137,72,110,Keyboards - Organ 3,43440,13,Rock Organ _ 1
225.49374999999998,0.05000000000001137,76,110,Keyboards - Organ 3,43455,8,Rock Organ _ 1
225.55624999999998,0.05000000000001137,77,110,Keyboards - Organ 3,43465,8,Rock Organ _ 1
225.61874999999998,0.05000000000001137,79,110,Keyboards - Organ 3,43475,8,Rock Organ _ 1
225.68124999999998,0.08125000000001137,80,110,Keyboards - Organ 3,43485,13,Rock Organ _ 1
225.77499999999998,0.08125000000001137,81,110,Keyboards - Organ 3,43500,13,Rock Organ _ 1
225.86874999999998,0.08125000000001137,84,110,Keyboards - Organ 3,43515,13,Rock Organ _ 1
225.96249999999998,0.08125000000001137,86,110,Keyboards - Organ 3,43530,13,Rock Organ _ 1
229.14999999999998,2.2375000000000114,85,110,Keyboards - Organ 3,44040,358,Rock Organ _ 1
229.14999999999998,2.2375000000000114,81,110,Keyboards - Organ 3,44040,358,Rock Organ _ 1
226.05624999999998,5.331250000000011,89,120,Keyboards - Organ 3,43545,853,Rock Organ _ 1
231.39999999999998,1.1125000000000114,93,120,Keyboards - Organ 3,44400,178,Rock Organ _ 1
232.52499999999998,0.08125000000001137,91,110,Keyboards - Organ 3,44580,13,Rock Organ _ 1
232.61874999999998,0.08125000000001137,92,110,Keyboards - Organ 3,44595,13,Rock Organ _ 1
232.71249999999998,0.05000000000001137,91,110,Keyboards - Organ 3,44610,8,Rock Organ _ 1
232.77499999999998,0.05000000000001137,89,110,Keyboards - Organ 3,44620,8,Rock Organ _ 1
232.83749999999998,0.05000000000001137,86,110,Keyboards - Organ 3,44630,8,Rock Organ _ 1
232.89999999999998,0.08125000000001137,86,110,Keyboards - Organ 3,44640,13,Rock Organ _ 1
232.99374999999998,0.037499999999994316,86,110,Keyboards - Organ 3,44655,6,Rock Organ _ 1
233.03749999999997,0.03750000000002274,84,110,Keyboards - Organ 3,44662,6,Rock Organ _ 1
232.89999999999998,0.17500000000001137,89,110,Keyboards - Organ 3,44640,28,Rock Organ _ 1
233.08749999999998,0.037499999999994316,86,110,Keyboards - Organ 3,44670,6,Rock Organ _ 1
233.13124999999997,0.03750000000002274,84,110,Keyboards - Organ 3,44677,6,Rock Organ _ 1
233.08749999999998,0.17500000000001137,81,110,Keyboards - Organ 3,44670,28,Rock Organ _ 1
233.27499999999998,0.05000000000001137,79,110,Keyboards - Organ 3,44700,8,Rock Organ _ 1
233.33749999999998,0.05000000000001137,80,110,Keyboards - Organ 3,44710,8,Rock Organ _ 1
233.39999999999998,0.05000000000001137,79,110,Keyboards - Organ 3,44720,8,Rock Organ _ 1
233.46249999999998,0.05000000000001137,77,110,Keyboards - Organ 3,44730,8,Rock Organ _ 1
233.46249999999998,0.05000000000001137,81,110,Keyboards - Organ 3,44730,8,Rock Organ _ 1
233.52499999999998,0.05000000000001137,74,110,Keyboards - Organ 3,44740,8,Rock Organ _ 1
233.58749999999998,0.05000000000001137,72,110,Keyboards - Organ 3,44750,8,Rock Organ _ 1
233.64999999999998,0.08125000000001137,72,110,Keyboards - Organ 3,44760,13,Rock Organ _ 1
233.74374999999998,0.08125000000001137,74,110,Keyboards - Organ 3,44775,13,Rock Organ _ 1
233.83749999999998,0.08125000000001137,72,110,Keyboards - Organ 3,44790,13,Rock Organ _ 1
233.93124999999998,0.08125000000001137,74,110,Keyboards - Organ 3,44805,13,Rock Organ _ 1
234.02499999999998,0.08125000000001137,76,110,Keyboards - Organ 3,44820,13,Rock Organ _ 1
234.11874999999998,0.08125000000001137,77,110,Keyboards - Organ 3,44835,13,Rock Organ _ 1
234.21249999999998,0.08125000000001137,74,110,Keyboards - Organ 3,44850,13,Rock Organ _ 1
234.30624999999998,0.08125000000001137,77,110,Keyboards - Organ 3,44865,13,Rock Organ _ 1
234.39999999999998,0.08125000000001137,81,110,Keyboards - Organ 3,44880,13,Rock Organ _ 1
234.49374999999998,0.08125000000001137,77,110,Keyboards - Organ 3,44895,13,Rock Organ _ 1
234.58749999999998,0.08125000000001137,81,110,Keyboards - Organ 3,44910,13,Rock Organ _ 1
234.68124999999998,0.08125000000001137,84,110,Keyboards - Organ 3,44925,13,Rock Organ _ 1
234.77499999999998,0.08125000000001137,81,110,Keyboards - Organ 3,44940,13,Rock Organ _ 1
234.86874999999998,0.08125000000001137,84,110,Keyboards - Organ 3,44955,13,Rock Organ _ 1
234.96249999999998,0.08125000000001137,86,110,Keyboards - Organ 3,44970,13,Rock Organ _ 1
235.05624999999998,0.08125000000001137,89,110,Keyboards - Organ 3,44985,13,Rock Organ _ 1
235.14999999999998,0.08125000000001137,88,110,Keyboards - Organ 3,45000,13,Rock Organ _ 1
235.24374999999998,0.08125000000001137,89,110,Keyboards - Organ 3,45015,13,Rock Organ _ 1
235.33749999999998,0.08125000000001137,86,110,Keyboards - Organ 3,45030,13,Rock Organ _ 1
235.43124999999998,0.08125000000001137,89,110,Keyboards - Organ 3,45045,13,Rock Organ _ 1
235.52499999999998,0.08125000000001137,88,110,Keyboards - Organ 3,45060,13,Rock Organ _ 1
235.61874999999998,0.08125000000001137,89,110,Keyboards - Organ 3,45075,13,Rock Organ _ 1
235.71249999999998,0.08125000000001137,86,110,Keyboards - Organ 3,45090,13,Rock Organ _ 1
235.80624999999998,0.08125000000001137,91,110,Keyboards - Organ 3,45105,13,Rock Organ _ 1
235.89999999999998,1.4875000000000114,89,110,Keyboards - Organ 3,45120,238,Rock Organ _ 1
235.89999999999998,1.4875000000000114,86,110,Keyboards - Organ 3,45120,238,Rock Organ _ 1
237.39999999999998,0.08125000000001137,84,110,Keyboards - Organ 3,45360,13,Rock Organ _ 1
237.49374999999998,0.26875000000001137,86,110,Keyboards - Organ 3,45375,43,Rock Organ _ 1
237.39999999999998,0.36250000000001137,89,110,Keyboards - Organ 3,45360,58,Rock Organ _ 1
237.77499999999998,0.08125000000001137,84,110,Keyboards - Organ 3,45420,13,Rock Organ _ 1
237.86874999999998,0.26875000000001137,86,110,Keyboards - Organ 3,45435,43,Rock Organ _ 1
237.77499999999998,0.36250000000001137,89,110,Keyboards - Organ 3,45420,58,Rock Organ _ 1
238.14999999999998,2.2375000000000114,82,110,Keyboards - Organ 3,45480,358,Rock Organ _ 1
238.14999999999998,2.2375000000000114,77,110,Keyboards - Organ 3,45480,358,Rock Organ _ 1
240.39999999999998,4.539999999999992,73,110,Keyboards - Organ 3,45840,538,Rock Organ _ 1
240.39999999999998,4.539999999999992,77,110,Keyboards - Organ 3,45840,538,Rock Organ _ 1
240.39999999999998,4.539999999999992,81,110,Keyboards - Organ 3,45840,538,Rock Organ _ 1
245.84999999999997,0.8900000000000148,81,100,Keyboards - Organ 3,46560,178,Rock Organ _ 1
246.74999999999997,0.28999999999999204,81,100,Keyboards - Organ 3,46740,58,Rock Organ _ 1
247.04999999999998,0.28999999999999204,80,100,Keyboards - Organ 3,46800,58,Rock Organ _ 1
247.34999999999997,0.29000000000002046,80,100,Keyboards - Organ 3,46860,58,Rock Organ _ 1
247.95,0.28999999999999204,80,100,Keyboards - Organ 3,46980,58,Rock Organ _ 1
245.84999999999997,2.390000000000015,76,100,Keyboards - Organ 3,46560,478,Rock Organ _ 1
245.84999999999997,2.390000000000015,72,100,Keyboards - Organ 3,46560,478,Rock Organ _ 1
248.24999999999997,0.28999999999999204,79,100,Keyboards - Organ 3,47040,58,Rock Organ _ 1
248.54999999999998,0.28999999999999204,79,100,Keyboards - Organ 3,47100,58,Rock Organ _ 1
249.14999999999998,0.28999999999999204,78,100,Keyboards - Organ 3,47220,58,Rock Organ _ 1
248.24999999999997,1.1899999999999977,76,100,Keyboards - Organ 3,47040,238,Rock Organ _ 1
248.24999999999997,1.1899999999999977,72,100,Keyboards - Organ 3,47040,238,Rock Organ _ 1
250.64999999999998,1.1899999999999977,81,100,Keyboards - Organ 3,47520,238,Rock Organ _ 1
250.64999999999998,1.1899999999999977,72,100,Keyboards - Organ 3,47520,238,Rock Organ _ 1
250.64999999999998,1.1899999999999977,76,100,Keyboards - Organ 3,47520,238,Rock Organ _ 1
251.84999999999997,1.1899999999999977,72,100,Keyboards - Organ 3,47760,238,Rock Organ _ 1
251.84999999999997,1.1899999999999977,80,100,Keyboards - Organ 3,47760,238,Rock Organ _ 1
251.84999999999997,1.1899999999999977,76,100,Keyboards - Organ 3,47760,238,Rock Organ _ 1
253.04999999999998,0.8899999999999864,76,100,Keyboards - Organ 3,48000,178,Rock Organ _ 1
253.04999999999998,0.8899999999999864,72,100,Keyboards - Organ 3,48000,178,Rock Organ _ 1
253.04999999999998,0.8899999999999864,79,100,Keyboards - Organ 3,48000,178,Rock Organ _ 1
253.95,0.2899999999999636,72,100,Keyboards - Organ 3,48180,58,Rock Organ _ 1
253.95,0.2899999999999636,78,100,Keyboards - Organ 3,48180,58,Rock Organ _ 1
253.95,0.2899999999999636,76,100,Keyboards - Organ 3,48180,58,Rock Organ _ 1
255.45,1.1899999999999977,76,100,Keyboards - Organ 3,48480,238,Rock Organ _ 1
255.45,1.1899999999999977,81,100,Keyboards - Organ 3,48480,238,Rock Organ _ 1
255.45,1.1899999999999977,72,100,Keyboards - Organ 3,48480,238,Rock Organ _ 1
256.65,1.1899999999999977,72,100,Keyboards - Organ 3,48720,238,Rock Organ _ 1
256.65,1.1899999999999977,76,100,Keyboards - Organ 3,48720,238,Rock Organ _ 1
256.65,1.1899999999999977,80,100,Keyboards - Organ 3,48720,238,Rock Organ _ 1
257.84999999999997,0.8899999999999864,72,100,Keyboards - Organ 3,48960,178,Rock Organ _ 1
257.84999999999997,0.8899999999999864,79,100,Keyboards - Organ 3,48960,178,Rock Organ _ 1
257.84999999999997,0.8899999999999864,76,100,Keyboards - Organ 3,48960,178,Rock Organ _ 1
258.75,0.2899999999999636,78,100,Keyboards - Organ 3,49140,58,Rock Organ _ 1
258.75,0.2899999999999636,76,100,Keyboards - Organ 3,49140,58,Rock Organ _ 1
258.75,0.2899999999999636,72,100,Keyboards - Organ 3,49140,58,Rock Organ _ 1
260.25,1.1899999999999977,81,100,Keyboards - Organ 3,49440,238,Rock Organ _ 1
260.25,1.1899999999999977,72,100,Keyboards - Organ 3,49440,238,Rock Organ _ 1
260.25,1.1899999999999977,76,100,Keyboards - Organ 3,49440,238,Rock Organ _ 1
261.45,1.1899999999999977,72,100,Keyboards - Organ 3,49680,238,Rock Organ _ 1
261.45,1.1899999999999977,79,100,Keyboards - Organ 3,49680,238,Rock Organ _ 1
261.45,1.1899999999999977,76,100,Keyboards - Organ 3,49680,238,Rock Organ _ 1
262.65,1.1899999999999977,69,100,Keyboards - Organ 3,49920,238,Rock Organ _ 1
262.65,1.1899999999999977,74,100,Keyboards - Organ 3,49920,238,Rock Organ _ 1
262.65,1.1899999999999977,78,100,Keyboards - Organ 3,49920,238,Rock Organ _ 1
263.84999999999997,1.1899999999999977,81,100,Keyboards - Organ 3,50160,238,Rock Organ _ 1
263.84999999999997,1.1899999999999977,77,100,Keyboards - Organ 3,50160,238,Rock Organ _ 1
263.84999999999997,1.1899999999999977,74,100,Keyboards - Organ 3,50160,238,Rock Organ _ 1
266.84999999999997,1.7900000000000205,74,100,Keyboards - Organ 3,50760,358,Rock Organ _ 1
266.84999999999997,1.7900000000000205,67,100,Keyboards - Organ 3,50760,358,Rock Organ _ 1
268.65,0.8899999999999864,81,100,Keyboards - Organ 3,51120,178,Rock Organ _ 1
268.65,0.8899999999999864,76,100,Keyboards - Organ 3,51120,178,Rock Organ _ 1
269.54999999999995,0.29000000000002046,81,100,Keyboards - Organ 3,51300,58,Rock Organ _ 1
269.54999999999995,0.29000000000002046,76,100,Keyboards - Organ 3,51300,58,Rock Organ _ 1
271.04999999999995,1.1899999999999977,74,100,Keyboards - Organ 3,51600,238,Rock Organ _ 1
271.04999999999995,1.1899999999999977,69,100,Keyboards - Organ 3,51600,238,Rock Organ _ 1
271.04999999999995,1.1899999999999977,77,100,Keyboards - Organ 3,51600,238,Rock Organ _ 1
272.25,1.1899999999999977,73,100,Keyboards - Organ 3,51840,238,Rock Organ _ 1
272.25,1.1899999999999977,69,100,Keyboards - Organ 3,51840,238,Rock Organ _ 1
272.25,1.1899999999999977,77,100,Keyboards - Organ 3,51840,238,Rock Organ _ 1
273.45,0.8899999999999864,72,100,Keyboards - Organ 3,52080,178,Rock Organ _ 1
273.45,0.8899999999999864,69,100,Keyboards - Organ 3,52080,178,Rock Organ _ 1
273.45,0.8899999999999864,77,100,Keyboards - Organ 3,52080,178,Rock Organ _ 1
274.34999999999997,0.29000000000002046,77,100,Keyboards - Organ 3,52260,58,Rock Organ _ 1
274.34999999999997,0.29000000000002046,71,100,Keyboards - Organ 3,52260,58,Rock Organ _ 1
274.34999999999997,0.29000000000002046,69,100,Keyboards - Organ 3,52260,58,Rock Organ _ 1
275.84999999999997,1.1899999999999977,77,100,Keyboards - Organ 3,52560,238,Rock Organ _ 1
275.84999999999997,1.1899999999999977,74,100,Keyboards - Organ 3,52560,238,Rock Organ _ 1
275.84999999999997,1.1899999999999977,69,100,Keyboards - Organ 3,52560,238,Rock Organ _ 1
277.04999999999995,1.1900000000000546,69,100,Keyboards - Organ 3,52800,238,Rock Organ _ 1
277.04999999999995,1.1900000000000546,73,100,Keyboards - Organ 3,52800,238,Rock Organ _ 1
277.04999999999995,1.1900000000000546,77,100,Keyboards - Organ 3,52800,238,Rock Organ _ 1
278.25,0.8899999999999864,77,100,Keyboards - Organ 3,53040,178,Rock Organ _ 1
278.25,0.8899999999999864,72,100,Keyboards - Organ 3,53040,178,Rock Organ _ 1
278.25,0.8899999999999864,69,100,Keyboards - Organ 3,53040,178,Rock Organ _ 1
279.15,0.29000000000002046,69,100,Keyboards - Organ 3,53220,58,Rock Organ _ 1
279.15,0.29000000000002046,77,100,Keyboards - Organ 3,53220,58,Rock Organ _ 1
279.15,0.29000000000002046,71,100,Keyboards - Organ 3,53220,58,Rock Organ _ 1
280.65,1.1899999999999977,69,100,Keyboards - Organ 3,53520,238,Rock Organ _ 1
280.65,1.1899999999999977,74,100,Keyboards - Organ 3,53520,238,Rock Organ _ 1
280.65,1.1899999999999977,77,100,Keyboards - Organ 3,53520,238,Rock Organ _ 1
281.84999999999997,1.1899999999999977,77,100,Keyboards - Organ 3,53760,238,Rock Organ _ 1
281.84999999999997,1.1899999999999977,73,100,Keyboards - Organ 3,53760,238,Rock Organ _ 1
281.84999999999997,1.1899999999999977,69,100,Keyboards - Organ 3,53760,238,Rock Organ _ 1
283.04999999999995,0.8900000000000432,72,100,Keyboards - Organ 3,54000,178,Rock Organ _ 1
283.04999999999995,0.8900000000000432,69,100,Keyboards - Organ 3,54000,178,Rock Organ _ 1
283.04999999999995,0.8900000000000432,77,100,Keyboards - Organ 3,54000,178,Rock Organ _ 1
283.95,0.29000000000002046,71,100,Keyboards - Organ 3,54180,58,Rock Organ _ 1
283.95,0.29000000000002046,77,100,Keyboards - Organ 3,54180,58,Rock Organ _ 1
283.95,0.29000000000002046,69,100,Keyboards - Organ 3,54180,58,Rock Organ _ 1
285.45,1.1899999999999977,77,100,Keyboards - Organ 3,54480,238,Rock Organ _ 1
285.45,1.1899999999999977,74,100,Keyboards - Organ 3,54480,238,Rock Organ _ 1
285.45,1.1899999999999977,69,100,Keyboards - Organ 3,54480,238,Rock Organ _ 1
286.65,1.1899999999999977,77,100,Keyboards - Organ 3,54720,238,Rock Organ _ 1
286.65,1.1899999999999977,72,100,Keyboards - Organ 3,54720,238,Rock Organ _ 1
286.65,1.1899999999999977,81,100,Keyboards - Organ 3,54720,238,Rock Organ _ 1
287.84999999999997,1.1899999999999977,74,100,Keyboards - Organ 3,54960,238,Rock Organ _ 1
287.84999999999997,1.1899999999999977,77,100,Keyboards - Organ 3,54960,238,Rock Organ _ 1
289.04999999999995,1.1900000000000546,77,100,Keyboards - Organ 3,55200,238,Rock Organ _ 1
289.04999999999995,1.1900000000000546,74,100,Keyboards - Organ 3,55200,238,Rock Organ _ 1
290.25,0.38999999999998636,74,100,Keyboards - Organ 3,55440,78,Rock Organ _ 1
290.65,0.38999999999998636,75,100,Keyboards - Organ 3,55520,78,Rock Organ _ 1
291.04999999999995,0.3900000000000432,76,100,Keyboards - Organ 3,55600,78,Rock Organ _ 1
292.04999999999995,0.29000000000002046,86,90,Keyboards - Organ 3,55800,58,Rock Organ _ 1
292.04999999999995,0.29000000000002046,80,90,Keyboards - Organ 3,55800,58,Rock Organ _ 1
292.04999999999995,0.29000000000002046,89,90,Keyboards - Organ 3,55800,58,Rock Organ _ 1
292.34999999999997,0.29000000000002046,86,90,Keyboards - Organ 3,55860,58,Rock Organ _ 1
292.34999999999997,0.29000000000002046,80,90,Keyboards - Organ 3,55860,58,Rock Organ _ 1
292.34999999999997,0.29000000000002046,89,90,Keyboards - Organ 3,55860,58,Rock Organ _ 1
292.65,0.29000000000002046,89,90,Keyboards - Organ 3,55920,58,Rock Organ _ 1
292.65,0.29000000000002046,80,90,Keyboards - Organ 3,55920,58,Rock Organ _ 1
292.65,0.29000000000002046,86,90,Keyboards - Organ 3,55920,58,Rock Organ _ 1
292.95,0.29000000000002046,86,90,Keyboards - Organ 3,55980,58,Rock Organ _ 1
292.95,0.29000000000002046,89,90,Keyboards - Organ 3,55980,58,Rock Organ _ 1
292.95,0.29000000000002046,80,90,Keyboards - Organ 3,55980,58,Rock Organ _ 1
293.54999999999995,0.29000000000002046,86,90,Keyboards - Organ 3,56100,58,Rock Organ _ 1
293.54999999999995,0.29000000000002046,80,90,Keyboards - Organ 3,56100,58,Rock Organ _ 1
293.54999999999995,0.29000000000002046,89,90,Keyboards - Organ 3,56100,58,Rock Organ _ 1
293.84999999999997,0.29000000000002046,86,90,Keyboards - Organ 3,56160,58,Rock Organ _ 1
293.84999999999997,0.29000000000002046,89,90,Keyboards - Organ 3,56160,58,Rock Organ _ 1
293.84999999999997,0.29000000000002046,80,90,Keyboards - Organ 3,56160,58,Rock Organ _ 1
294.15,0.29000000000002046,86,90,Keyboards - Organ 3,56220,58,Rock Organ _ 1
294.15,0.29000000000002046,80,90,Keyboards - Organ 3,56220,58,Rock Organ _ 1
294.15,0.29000000000002046,89,90,Keyboards - Organ 3,56220,58,Rock Organ _ 1
296.84999999999997,0.29000000000002046,86,90,Keyboards - Organ 3,56760,58,Rock Organ _ 1
296.84999999999997,0.29000000000002046,80,90,Keyboards - Organ 3,56760,58,Rock Organ _ 1
296.84999999999997,0.29000000000002046,89,90,Keyboards - Organ 3,56760,58,Rock Organ _ 1
297.15,0.29000000000002046,89,90,Keyboards - Organ 3,56820,58,Rock Organ _ 1
297.15,0.29000000000002046,80,90,Keyboards - Organ 3,56820,58,Rock Organ _ 1
297.15,0.29000000000002046,86,90,Keyboards - Organ 3,56820,58,Rock Organ _ 1
297.45,0.29000000000002046,89,90,Keyboards - Organ 3,56880,58,Rock Organ _ 1
297.45,0.29000000000002046,80,90,Keyboards - Organ 3,56880,58,Rock Organ _ 1
297.45,0.29000000000002046,86,90,Keyboards - Organ 3,56880,58,Rock Organ _ 1
297.75,0.2899999999999636,86,90,Keyboards - Organ 3,56940,58,Rock Organ _ 1
297.75,0.2899999999999636,89,90,Keyboards - Organ 3,56940,58,Rock Organ _ 1
297.75,0.2899999999999636,80,90,Keyboards - Organ 3,56940,58,Rock Organ _ 1
298.34999999999997,0.29000000000002046,86,90,Keyboards - Organ 3,57060,58,Rock Organ _ 1
298.34999999999997,0.29000000000002046,80,90,Keyboards - Organ 3,57060,58,Rock Organ _ 1
298.34999999999997,0.29000000000002046,89,90,Keyboards - Organ 3,57060,58,Rock Organ _ 1
298.65,0.29000000000002046,89,90,Keyboards - Organ 3,57120,58,Rock Organ _ 1
298.65,0.29000000000002046,80,90,Keyboards - Organ 3,57120,58,Rock Organ _ 1
298.65,0.29000000000002046,86,90,Keyboards - Organ 3,57120,58,Rock Organ _ 1
298.95,0.29000000000002046,89,90,Keyboards - Organ 3,57180,58,Rock Organ _ 1
298.95,0.29000000000002046,80,90,Keyboards - Organ 3,57180,58,Rock Organ _ 1
298.95,0.29000000000002046,86,90,Keyboards - Organ 3,57180,58,Rock Organ _ 1
301.65,0.29000000000002046,89,90,Keyboards - Organ 3,57720,58,Rock Organ _ 1
301.65,0.29000000000002046,86,90,Keyboards - Organ 3,57720,58,Rock Organ _ 1
301.65,0.29000000000002046,80,90,Keyboards - Organ 3,57720,58,Rock Organ _ 1
301.95,0.29000000000002046,86,90,Keyboards - Organ 3,57780,58,Rock Organ _ 1
301.95,0.29000000000002046,80,90,Keyboards - Organ 3,57780,58,Rock Organ _ 1
301.95,0.29000000000002046,89,90,Keyboards - Organ 3,57780,58,Rock Organ _ 1
302.25,0.2899999999999636,80,90,Keyboards - Organ 3,57840,58,Rock Organ _ 1
302.25,0.2899999999999636,89,90,Keyboards - Organ 3,57840,58,Rock Organ _ 1
302.25,0.2899999999999636,86,90,Keyboards - Organ 3,57840,58,Rock Organ _ 1
302.54999999999995,0.29000000000002046,80,90,Keyboards - Organ 3,57900,58,Rock Organ _ 1
302.54999999999995,0.29000000000002046,89,90,Keyboards - Organ 3,57900,58,Rock Organ _ 1
302.54999999999995,0.29000000000002046,86,90,Keyboards - Organ 3,57900,58,Rock Organ _ 1
302.84999999999997,0.29000000000002046,80,90,Keyboards - Organ 3,57960,58,Rock Organ _ 1
302.84999999999997,0.29000000000002046,89,90,Keyboards - Organ 3,57960,58,Rock Organ _ 1
302.84999999999997,0.29000000000002046,86,90,Keyboards - Organ 3,57960,58,Rock Organ _ 1
303.15,0.29000000000002046,80,90,Keyboards - Organ 3,58020,58,Rock Organ _ 1
303.15,0.29000000000002046,86,90,Keyboards - Organ 3,58020,58,Rock Organ _ 1
303.15,0.29000000000002046,89,90,Keyboards - Organ 3,58020,58,Rock Organ _ 1
303.45,0.29000000000002046,86,90,Keyboards - Organ 3,58080,58,Rock Organ _ 1
303.45,0.29000000000002046,80,90,Keyboards - Organ 3,58080,58,Rock Organ _ 1
303.45,0.29000000000002046,89,90,Keyboards - Organ 3,58080,58,Rock Organ _ 1
305.84999999999997,166.4875,60,127,Rain SFX GS Bank1,58560,26638,Seashore _ 1
