time_start_sec,duration_sec,pitch,velocity,track,time_start_tick,duration_tick,instrument
0.0,0.01071428125000029,31,39,Track 0,864,3,Drum Kit _ 1
0.5142855000000002,0.010714281249999846,31,36,Track 0,1008,3,Drum Kit _ 1
1.028571,0.01071428125000029,31,38,Track 0,1152,3,Drum Kit _ 1
1.5428564999999996,0.01071428125000029,31,40,Track 0,1296,3,Drum Kit _ 1
2.0571420000000002,0.010714281249999402,31,43,Track 0,1440,3,Drum Kit _ 1
2.3785704375,0.1714285000000002,55,60,Track 0,1530,48,Flute _ 1
2.5714275,0.01071428125000029,31,40,Track 0,1584,3,Drum Kit _ 1
2.542856083333333,0.23214276041666704,58,66,Track 0,1576,65,Flute _ 1
2.9142845000000004,0.1571427916666659,58,58,Track 0,1680,44,Flute _ 1
3.0821415729166666,0.09642853124999995,63,86,Track 0,1727,27,Electric Grand Piano _ 1
3.0857129999999997,0.09642853124999995,67,100,Track 0,1728,27,Electric Grand Piano _ 1
3.0785701458333334,0.11785709374999964,60,62,Track 0,1726,33,Flute _ 1
3.4142842916666667,0.17499992708333334,60,60,Track 0,1820,49,Flute _ 1
3.5964270729166663,0.09999995833333397,67,94,Track 0,1871,28,Electric Grand Piano _ 1
3.6035699270833335,0.09999995833333308,63,88,Track 0,1873,28,Electric Grand Piano _ 1
3.5964270729166663,0.11785709375000053,60,95,Track 0,1871,33,Electric Grand Piano _ 1
3.6035699270833335,0.17857135416666647,58,61,Track 0,1873,50,Flute _ 1
4.1107125729166665,0.08571424999999966,67,91,Track 0,2015,24,Electric Grand Piano _ 1
4.117855427083333,0.08571424999999966,63,90,Track 0,2017,24,Electric Grand Piano _ 1
3.917855510416667,0.2857141666666658,60,63,Track 0,1961,80,Flute _ 1
4.6321409270833325,0.07857139583333339,60,97,Track 0,2161,22,Electric Grand Piano _ 1
4.628569499999999,0.09285710416666682,63,96,Track 0,2160,26,Electric Grand Piano _ 1
4.6321409270833325,0.09285710416666682,67,97,Track 0,2161,26,Electric Grand Piano _ 1
4.467855281249999,0.5071426458333335,55,65,Track 0,2115,142,Flute _ 1
5.139283572916666,0.09285710416666682,68,99,Track 0,2303,26,Electric Grand Piano _ 1
5.142854999999999,0.09285710416666682,70,104,Track 0,2304,26,Electric Grand Piano _ 1
5.139283572916666,0.09642853124999995,65,106,Track 0,2303,27,Electric Grand Piano _ 1
5.142854999999999,0.11071423958333426,62,104,Track 0,2304,31,Electric Grand Piano _ 1
5.492854854166666,0.13214280208333307,60,67,Track 0,2402,37,Flute _ 1
5.660711927083332,0.08214282291666741,70,90,Track 0,2449,23,Electric Grand Piano _ 1
5.657140499999999,0.08571425000000055,68,101,Track 0,2448,24,Electric Grand Piano _ 1
5.657140499999999,0.08928567708333368,65,102,Track 0,2448,25,Electric Grand Piano _ 1
5.642854791666666,0.12142852083333366,62,68,Track 0,2444,34,Flute _ 1
6.0071403541666655,0.13214280208333307,63,70,Track 0,2546,37,Flute _ 1
6.1714259999999985,0.08214282291666741,65,101,Track 0,2592,23,Electric Grand Piano _ 1
6.1714259999999985,0.08571425000000055,70,93,Track 0,2592,24,Electric Grand Piano _ 1
6.174997427083333,0.08214282291666564,68,100,Track 0,2593,23,Electric Grand Piano _ 1
6.160711718749999,0.11071423958333426,62,66,Track 0,2589,31,Flute _ 1
6.507140145833333,0.12857137499999993,60,59,Track 0,2686,36,Flute _ 1
6.682140072916665,0.03214284374999998,68,90,Track 0,2735,9,Electric Grand Piano _ 1
6.682140072916665,0.07857139583333428,70,94,Track 0,2735,22,Electric Grand Piano _ 1
6.682140072916665,0.09999995833333486,65,104,Track 0,2735,28,Electric Grand Piano _ 1
6.689282927083333,0.1249999479166668,62,105,Track 0,2737,35,Electric Grand Piano _ 1
6.857139999999999,0.010714281249999402,85,27,Track 0,2784,3,Drum Kit _ 1
6.674997218749999,0.2499998958333336,60,61,Track 0,2733,70,Flute _ 1
7.0249970729166655,0.010714281250001179,85,32,Track 0,2831,3,Drum Kit _ 1
6.853568572916666,0.1928570624999999,43,96,Track 0,2783,54,Electric Grand Piano _ 1
7.0249970729166655,0.14642851041666738,41,90,Track 0,2831,41,Electric Grand Piano _ 1
7.199997,0.010714281249999402,85,70,Track 0,2880,3,Drum Kit _ 1
7.196425572916667,0.09642853124999995,63,97,Track 0,2879,27,Electric Grand Piano _ 1
7.199997,0.10357138541666622,67,101,Track 0,2880,29,Electric Grand Piano _ 1
7.196425572916667,0.11785709374999875,60,98,Track 0,2879,33,Electric Grand Piano _ 1
7.535711145833332,0.16071421874999992,60,61,Track 0,2974,45,Flute _ 1
7.710711072916666,0.09999995833333308,63,97,Track 0,3023,28,Electric Grand Piano _ 1
7.7142824999999995,0.10357138541666622,67,100,Track 0,3024,29,Electric Grand Piano _ 1
7.7142824999999995,0.11071423958333249,60,101,Track 0,3024,31,Electric Grand Piano _ 1
7.70356821875,0.21071419791666557,58,60,Track 0,3021,59,Flute _ 1
8.228568,0.09999995833333308,63,101,Track 0,3168,28,Electric Grand Piano _ 1
7.999996666666666,0.33571414583333237,60,65,Track 0,3104,94,Flute _ 1
8.224996572916666,0.11428566666666562,67,106,Track 0,3167,32,Electric Grand Piano _ 1
8.574996427083333,0.15714279166666678,55,56,Track 0,3265,44,Flute _ 1
8.742853499999999,0.06428568749999997,60,108,Track 0,3312,18,Electric Grand Piano _ 1
8.742853499999999,0.07142854166666623,63,101,Track 0,3312,20,Electric Grand Piano _ 1
8.739282072916666,0.08928567708333368,67,107,Track 0,3311,25,Electric Grand Piano _ 1
8.774996343749999,0.35714270833333295,55,66,Track 0,3321,100,Flute _ 1
9.257138999999999,0.07142854166666801,70,100,Track 0,3456,20,Electric Grand Piano _ 1
9.257138999999999,0.07499996875000114,68,102,Track 0,3456,21,Electric Grand Piano _ 1
9.253567572916666,0.08214282291666741,65,104,Track 0,3455,23,Electric Grand Piano _ 1
9.24642471875,0.10357138541666622,62,64,Track 0,3453,29,Flute _ 1
9.774995927083333,0.05714283333333192,65,88,Track 0,3601,16,Electric Grand Piano _ 1
9.567853156249999,0.2964284479166661,62,65,Track 0,3543,83,Flute _ 1
9.767853072916665,0.09999995833333308,70,98,Track 0,3599,28,Electric Grand Piano _ 1
9.774995927083333,0.09999995833333308,68,101,Track 0,3601,28,Electric Grand Piano _ 1
9.949995854166666,0.11785709375000053,62,62,Track 0,3650,33,Flute _ 1
10.10356721875,0.15357136458333365,62,65,Track 0,3693,43,Flute _ 1
10.289281427083333,0.06071426041666683,46,73,Track 0,3745,17,Electric Bass (finger) _ 1
10.282138572916665,0.09285710416666682,67,110,Track 0,3743,26,Electric Grand Piano _ 1
10.257138583333333,0.13214280208333307,63,64,Track 0,3736,37,Flute _ 1
10.28571,0.10357138541666622,70,103,Track 0,3744,29,Electric Grand Piano _ 1
7.199997,3.207141520833332,36,109,Track 0,2880,898,Electric Grand Piano _ 1
7.196425572916667,3.2642843541666657,48,110,Track 0,2879,914,Electric Grand Piano _ 1
10.435709937499999,0.14642851041666738,65,73,Track 0,3786,41,Flute _ 1
10.632138427083332,0.010714281250001179,36,54,Track 0,3841,3,Drum Kit _ 1
10.76785265625,0.010714281249999402,38,74,Track 0,3879,3,Drum Kit _ 1
10.792852645833332,0.010714281250001179,38,77,Track 0,3886,3,Drum Kit _ 1
10.603567010416667,0.28928559374999985,67,65,Track 0,3833,81,Flute _ 1
10.796424072916667,0.10357138541666622,63,107,Track 0,3887,29,Electric Grand Piano _ 1
10.7999955,0.10714281249999935,70,104,Track 0,3888,30,Electric Grand Piano _ 1
10.967852572916666,0.010714281249999402,36,66,Track 0,3935,3,Drum Kit _ 1
10.632138427083332,0.34642842708333355,46,94,Track 0,3841,97,Electric Bass (finger) _ 1
10.971423999999999,0.010714281249999402,85,42,Track 0,3936,3,Drum Kit _ 1
10.967852572916666,0.12142852083333366,43,97,Track 0,3935,34,Electric Grand Piano _ 1
11.142852499999998,0.010714281250001179,85,31,Track 0,3984,3,Drum Kit _ 1
11.142852499999998,0.16428564583333483,41,97,Track 0,3984,46,Electric Grand Piano _ 1
11.135709645833332,0.18571420833333363,58,58,Track 0,3982,52,Flute _ 1
11.314281,0.010714281249999402,42,75,Track 0,4032,3,Drum Kit _ 1
11.314281,0.010714281249999402,85,64,Track 0,4032,3,Drum Kit _ 1
11.314281,0.010714281249999402,36,63,Track 0,4032,3,Drum Kit _ 1
11.310709572916666,0.06428568749999997,70,106,Track 0,4031,18,Electric Grand Piano _ 1
11.310709572916666,0.07142854166666623,63,102,Track 0,4031,20,Electric Grand Piano _ 1
11.314281,0.07499996874999937,67,110,Track 0,4032,21,Electric Grand Piano _ 1
11.310709572916666,0.18928563541666676,39,90,Track 0,4031,53,Electric Bass (finger) _ 1
11.824995072916666,0.010714281249999402,42,60,Track 0,4175,3,Drum Kit _ 1
11.832137927083332,0.010714281249999402,38,68,Track 0,4177,3,Drum Kit _ 1
11.824995072916666,0.28928559374999985,39,94,Track 0,4175,81,Electric Bass (finger) _ 1
11.678566562499999,0.4642855208333341,67,68,Track 0,4134,130,Flute _ 1
11.824995072916666,0.3392855729166655,70,107,Track 0,4175,95,Electric Grand Piano _ 1
11.799995083333332,0.37857127083333353,63,70,Track 0,4168,106,Distortion Guitar _ 1
12.167852072916666,0.15714279166666678,51,96,Track 0,4271,44,Electric Grand Piano _ 1
12.342851999999999,0.010714281249999402,85,70,Track 0,4320,3,Drum Kit _ 1
12.342851999999999,0.010714281249999402,42,65,Track 0,4320,3,Drum Kit _ 1
12.346423427083332,0.010714281250001179,36,59,Track 0,4321,3,Drum Kit _ 1
12.346423427083332,0.08214282291666741,62,101,Track 0,4321,23,Electric Grand Piano _ 1
12.346423427083332,0.08214282291666741,70,105,Track 0,4321,23,Electric Grand Piano _ 1
12.342851999999999,0.08928567708333368,67,104,Track 0,4320,25,Electric Grand Piano _ 1
12.324994864583333,0.13928565624999933,65,65,Track 0,4315,39,Flute _ 1
12.467851947916666,0.14642851041666738,63,67,Track 0,4355,41,Flute _ 1
12.857137499999999,0.010714281250001179,42,72,Track 0,4464,3,Drum Kit _ 1
12.342851999999999,0.528571208333334,38,98,Track 0,4320,148,Electric Bass (finger) _ 1
12.828566083333332,0.3499998541666667,62,69,Track 0,4456,98,Distortion Guitar _ 1
12.617851885416666,0.5749997604166648,65,64,Track 0,4397,161,Flute _ 1
12.860708927083332,0.38214269791666666,70,97,Track 0,4465,107,Electric Grand Piano _ 1
12.860708927083332,0.38928555208333293,67,102,Track 0,4465,109,Electric Grand Piano _ 1
13.192851645833331,0.11785709375000053,62,62,Track 0,4558,33,Flute _ 1
13.199994499999997,0.13571422916666975,50,100,Track 0,4560,38,Electric Grand Piano _ 1
13.364280145833332,0.010714281249999402,36,56,Track 0,4606,3,Drum Kit _ 1
13.367851572916665,0.010714281249999402,85,66,Track 0,4607,3,Drum Kit _ 1
13.199994499999997,0.1821427812500005,38,81,Track 0,4560,51,Electric Bass (finger) _ 1
13.371422999999998,0.010714281249999402,42,77,Track 0,4608,3,Drum Kit _ 1
13.353565864583333,0.1249999479166668,61,67,Track 0,4603,35,Distortion Guitar _ 1
13.367851572916665,0.11071423958333426,67,104,Track 0,4607,31,Electric Grand Piano _ 1
13.371422999999998,0.11785709375000053,70,107,Track 0,4608,33,Electric Grand Piano _ 1
13.378565854166665,0.207142770833336,63,67,Track 0,4610,58,Flute _ 1
13.371422999999998,0.23214276041666793,37,83,Track 0,4608,65,Electric Bass (finger) _ 1
13.885708499999998,0.010714281249999402,38,68,Track 0,4752,3,Drum Kit _ 1
13.885708499999998,0.010714281249999402,42,76,Track 0,4752,3,Drum Kit _ 1
13.882137072916665,0.1464285104166656,67,106,Track 0,4751,41,Electric Grand Piano _ 1
13.889279927083331,0.17857135416666736,37,92,Track 0,4753,50,Electric Bass (finger) _ 1
13.710708572916667,0.40357126041666547,63,72,Track 0,4703,113,Flute _ 1
13.889279927083331,0.2678570312500028,70,101,Track 0,4753,75,Electric Grand Piano _ 1
13.8642799375,0.3071427291666673,61,66,Track 0,4746,86,Distortion Guitar _ 1
14.2285655,0.1249999479166668,37,80,Track 0,4848,35,Electric Bass (finger) _ 1
14.2285655,0.13214280208333307,49,95,Track 0,4848,37,Electric Grand Piano _ 1
14.182136947916666,0.19642848958333303,63,67,Track 0,4835,55,Flute _ 1
14.396422572916665,0.010714281249999402,85,68,Track 0,4895,3,Drum Kit _ 1
14.399993999999998,0.010714281249999402,36,52,Track 0,4896,3,Drum Kit _ 1
14.399993999999998,0.010714281249999402,42,76,Track 0,4896,3,Drum Kit _ 1
14.382136864583332,0.103571385416668,60,63,Track 0,4891,29,Distortion Guitar _ 1
14.399993999999998,0.09285710416666859,63,84,Track 0,4896,26,Choir Aahs _ 1
14.396422572916665,0.09999995833333486,68,99,Track 0,4895,28,Electric Grand Piano _ 1
14.399993999999998,0.25714274999999986,32,81,Track 0,4896,72,Electric Bass (finger) _ 1
14.546422510416667,0.16071421874999814,63,56,Track 0,4937,45,Flute _ 1
14.907136645833331,0.010714281249999402,38,68,Track 0,5038,3,Drum Kit _ 1
14.910708072916664,0.010714281250002955,42,69,Track 0,5039,3,Drum Kit _ 1
14.914279499999997,0.1714285000000011,32,85,Track 0,5040,48,Electric Bass (finger) _ 1
14.710708156249998,0.4714283750000021,60,65,Track 0,4983,132,Flute _ 1
14.914279499999997,0.3357141458333359,63,93,Track 0,5040,94,Electric Grand Piano _ 1
14.399993999999998,0.8642853541666682,56,66,Track 0,4896,242,Choir Aahs _ 1
15.2571365,0.010714281249999402,85,50,Track 0,5136,3,Drum Kit _ 1
15.253565072916667,0.11785709375000053,44,86,Track 0,5135,33,Electric Grand Piano _ 1
15.264279354166666,0.13214280208333307,60,64,Track 0,5138,37,Flute _ 1
15.424993572916664,0.010714281250002955,42,71,Track 0,5183,3,Drum Kit _ 1
15.428564999999997,0.010714281250002955,36,76,Track 0,5184,3,Drum Kit _ 1
15.428564999999997,0.010714281250002955,85,58,Track 0,5184,3,Drum Kit _ 1
15.424993572916664,0.0678571145833331,63,106,Track 0,5183,19,Electric Grand Piano _ 1
15.424993572916664,0.08214282291666919,56,94,Track 0,5183,23,Electric Grand Piano _ 1
15.424993572916664,0.09285710416666859,59,65,Track 0,5183,26,Distortion Guitar _ 1
15.424993572916664,0.23571418750000106,32,81,Track 0,5183,66,Electric Bass (finger) _ 1
15.5785649375,0.16071421874999814,63,44,Track 0,5226,45,Flute _ 1
15.9428505,0.010714281249999402,42,71,Track 0,5328,3,Drum Kit _ 1
15.946421927083334,0.010714281249999402,38,68,Track 0,5329,3,Drum Kit _ 1
15.9428505,0.2035713437499993,32,74,Track 0,5328,57,Electric Bass (finger) _ 1
15.74285058333333,0.4428569583333335,59,68,Track 0,5272,124,Flute _ 1
15.939279072916664,0.3321427187500028,63,86,Track 0,5327,93,Electric Grand Piano _ 1
16.2857075,0.010714281249999402,85,17,Track 0,5424,3,Drum Kit _ 1
16.257136083333332,0.046428552083334296,59,55,Track 0,5416,13,Flute _ 1
15.946421927083334,0.3678569895833306,56,77,Track 0,5329,103,Electric Grand Piano _ 1
15.428564999999997,0.9428567500000007,71,80,Track 0,5184,264,Choir Aahs _ 1
15.428564999999997,0.9714281666666693,68,72,Track 0,5184,272,Choir Aahs _ 1
16.2857075,0.16428564583333127,44,96,Track 0,5424,46,Electric Grand Piano _ 1
16.457136000000002,0.010714281249999402,85,55,Track 0,5472,3,Drum Kit _ 1
16.457136000000002,0.010714281249999402,36,57,Track 0,5472,3,Drum Kit _ 1
16.457136000000002,0.010714281249999402,42,78,Track 0,5472,3,Drum Kit _ 1
16.45356457291667,0.0785713958333325,55,105,Track 0,5471,22,Electric Grand Piano _ 1
16.428564583333333,0.11071423958333426,58,56,Track 0,5464,31,Flute _ 1
16.460707427083335,0.09642853124999817,63,107,Track 0,5473,27,Electric Grand Piano _ 1
16.45356457291667,0.1928570624999999,34,86,Track 0,5471,54,Electric Bass (finger) _ 1
16.771421583333336,0.13214280208333307,58,46,Track 0,5560,37,Flute _ 1
16.9714215,0.010714281249999402,38,68,Track 0,5616,3,Drum Kit _ 1
16.9714215,0.010714281249999402,42,79,Track 0,5616,3,Drum Kit _ 1
16.9499929375,0.18928563541666676,58,69,Track 0,5610,53,Distortion Guitar _ 1
16.9714215,0.1678570729166644,55,96,Track 0,5616,47,Electric Grand Piano _ 1
16.9714215,0.2928570208333312,34,79,Track 0,5616,82,Electric Bass (finger) _ 1
17.271421375,0.053571406250000564,58,48,Track 0,5700,15,Flute _ 1
16.9714215,0.3714284166666637,63,98,Track 0,5616,104,Electric Grand Piano _ 1
17.317849927083333,0.14999993749999874,29,73,Track 0,5713,42,Electric Bass (finger) _ 1
17.478564145833335,0.010714281249999402,36,48,Track 0,5758,3,Drum Kit _ 1
17.485707,0.010714281249999402,85,53,Track 0,5760,3,Drum Kit _ 1
17.485707,0.010714281249999402,42,79,Track 0,5760,3,Drum Kit _ 1
17.317849927083333,0.2142856249999987,41,100,Track 0,5713,60,Electric Grand Piano _ 1
17.48213557291667,0.08214282291666564,63,103,Track 0,5759,23,Electric Grand Piano _ 1
17.485707,0.0785713958333325,56,98,Track 0,5760,22,Electric Grand Piano _ 1
17.485707,0.08571424999999877,60,104,Track 0,5760,24,Electric Grand Piano _ 1
17.489278427083335,0.14285708333333247,58,71,Track 0,5761,40,Flute _ 1
17.48213557291667,0.19642848958333303,34,90,Track 0,5759,55,Electric Bass (finger) _ 1
17.828564,0.010714281249999402,36,38,Track 0,5856,3,Drum Kit _ 1
17.996421072916668,0.010714281249999402,38,68,Track 0,5903,3,Drum Kit _ 1
17.9999925,0.010714281249999402,42,65,Track 0,5904,3,Drum Kit _ 1
17.9999925,0.010714281249999402,85,55,Track 0,5904,3,Drum Kit _ 1
17.796421156250002,0.23928561458333064,58,66,Track 0,5847,67,Flute _ 1
17.996421072916668,0.17142849999999754,63,101,Track 0,5903,48,Electric Grand Piano _ 1
18.003563927083334,0.2142856249999987,56,94,Track 0,5905,60,Electric Grand Piano _ 1
18.003563927083334,0.2392856145833342,34,80,Track 0,5905,67,Electric Bass (finger) _ 1
17.489278427083335,0.7714282499999996,46,107,Track 0,5761,216,Electric Grand Piano _ 1
18.003563927083334,0.27857131249999867,60,113,Track 0,5905,78,Electric Grand Piano _ 1
18.18213528125,0.1821427812500005,58,61,Track 0,5955,51,Flute _ 1
18.339278072916667,0.1607142187500017,29,77,Track 0,5999,45,Electric Bass (finger) _ 1
18.510706572916668,0.010714281249999402,36,57,Track 0,6047,3,Drum Kit _ 1
18.514278,0.010714281249999402,85,68,Track 0,6048,3,Drum Kit _ 1
18.514278,0.010714281249999402,49,46,Track 0,6048,3,Drum Kit _ 1
18.346420927083333,0.20714277083333243,41,108,Track 0,6001,58,Electric Grand Piano _ 1
17.485707,1.1035709687499988,72,88,Track 0,5760,309,Choir Aahs _ 1
18.514278,1.3357137291666668,34,88,Track 0,6048,374,Electric Bass (finger) _ 1
18.489278010416665,1.5357136458333365,67,66,Track 0,6041,430,Flute _ 1
18.514278,1.5321422187499998,56,95,Track 0,6048,429,Electric Grand Piano _ 1
18.514278,1.5999993333333329,70,67,Track 0,6048,448,Choir Aahs _ 1
18.517849427083334,1.6071421874999992,65,97,Track 0,6049,450,Electric Grand Piano _ 1
18.510706572916668,1.6178564687499986,62,105,Track 0,6047,453,Electric Grand Piano _ 1
20.0571345,0.1357142291666662,39,74,Track 0,6480,38,Electric Bass (finger) _ 1
17.485707,2.810713114583333,68,68,Track 0,5760,787,Choir Aahs _ 1
18.5357065625,1.7642849791666677,58,74,Track 0,6054,494,Distortion Guitar _ 1
20.224991572916668,0.1249999479166668,62,102,Track 0,6527,35,Electric Grand Piano _ 1
20.0571345,0.31071415625000043,56,94,Track 0,6480,87,Electric Grand Piano _ 1
20.228563,0.14999993749999874,41,84,Track 0,6528,42,Electric Bass (finger) _ 1
20.403562927083335,0.09642853124999817,65,106,Track 0,6577,27,Electric Grand Piano _ 1
20.3999915,0.1392856562500029,42,74,Track 0,6576,39,Electric Bass (finger) _ 1
20.57142,0.010714281249999402,42,71,Track 0,6624,3,Drum Kit _ 1
20.57142,0.010714281249999402,85,60,Track 0,6624,3,Drum Kit _ 1
20.574991427083333,0.010714281249999402,36,59,Track 0,6625,3,Drum Kit _ 1
20.567848572916667,0.11785709375000053,67,62,Track 0,6623,33,Flute _ 1
20.771419916666666,0.08928567708333546,67,60,Track 0,6680,25,Flute _ 1
20.914277000000002,0.010714281249999402,42,54,Track 0,6720,3,Drum Kit _ 1
20.910705572916665,0.0571428333333337,65,56,Track 0,6719,16,Flute _ 1
20.914277000000002,0.17142849999999754,55,98,Track 0,6720,48,Electric Grand Piano _ 1
21.082134072916666,0.010714281249999402,42,66,Track 0,6767,3,Drum Kit _ 1
21.0857055,0.010714281249999402,38,68,Track 0,6768,3,Drum Kit _ 1
20.567848572916667,0.6464283020833328,43,93,Track 0,6623,181,Electric Bass (finger) _ 1
20.94641984375,0.3678569895833341,67,57,Track 0,6729,103,Flute _ 1
21.089276927083333,0.2499998958333336,62,96,Track 0,6769,70,Electric Grand Piano _ 1
20.567848572916667,0.7892853854166653,31,108,Track 0,6623,221,Electric Grand Piano _ 1
21.0857055,0.2714284583333324,65,106,Track 0,6768,76,Electric Grand Piano _ 1
21.089276927083333,0.2785713125000022,59,106,Track 0,6769,78,Electric Grand Piano _ 1
21.42499107291667,0.010714281249999402,42,47,Track 0,6863,3,Drum Kit _ 1
21.4285625,0.11785709374999698,55,90,Track 0,6864,33,Electric Grand Piano _ 1
21.432133927083335,0.1357142291666662,43,83,Track 0,6865,38,Electric Bass (finger) _ 1
21.414276791666666,0.18928563541666676,67,69,Track 0,6860,53,Flute _ 1
21.596419572916666,0.014285708333332536,36,84,Track 0,6911,4,Electric Bass (finger) _ 1
21.599991,0.010714281249999402,42,65,Track 0,6912,3,Drum Kit _ 1
21.585705291666667,0.14999993749999874,63,62,Track 0,6908,42,Flute _ 1
21.7499909375,0.14285708333333247,62,70,Track 0,6954,40,Flute _ 1
21.935705145833335,0.010714281249999402,36,44,Track 0,7006,3,Drum Kit _ 1
21.942848,0.010714281249999402,42,50,Track 0,7008,3,Drum Kit _ 1
22.110705072916666,0.010714281249999402,38,68,Track 0,7055,3,Drum Kit _ 1
22.1142765,0.010714281250002955,42,65,Track 0,7056,3,Drum Kit _ 1
21.93927657291667,0.19999991666666617,55,98,Track 0,7007,56,Electric Grand Piano _ 1
21.599991,0.7571425416666671,48,106,Track 0,6912,212,Electric Grand Piano _ 1
21.928562291666665,0.4571426666666696,60,70,Track 0,7004,128,Flute _ 1
22.117847927083332,0.2892855937500016,63,98,Track 0,7057,81,Electric Grand Piano _ 1
22.453562072916668,0.010714281249999402,42,53,Track 0,7151,3,Drum Kit _ 1
22.453562072916668,0.11785709375000053,36,72,Track 0,7151,33,Electric Bass (finger) _ 1
22.460704927083334,0.1142856666666674,55,98,Track 0,7153,32,Electric Grand Piano _ 1
22.624990572916666,0.010714281250002955,42,65,Track 0,7199,3,Drum Kit _ 1
22.624990572916666,0.010714281250002955,36,61,Track 0,7199,3,Drum Kit _ 1
22.624990572916666,0.010714281250002955,85,58,Track 0,7199,3,Drum Kit _ 1
22.6499905625,0.19999991666666617,70,78,Track 0,7206,56,Flute _ 1
22.921419020833333,0.03928569791666803,68,53,Track 0,7282,11,Flute _ 1
22.971419,0.010714281249999402,42,51,Track 0,7296,3,Drum Kit _ 1
23.139276072916665,0.010714281250002955,38,68,Track 0,7343,3,Drum Kit _ 1
23.1428475,0.010714281250002955,42,65,Track 0,7344,3,Drum Kit _ 1
22.967847572916668,0.18928563541666676,53,90,Track 0,7295,53,Electric Grand Piano _ 1
22.624990572916666,0.6142854583333346,46,108,Track 0,7199,172,Electric Grand Piano _ 1
22.624990572916666,0.7428568333333345,34,91,Track 0,7199,208,Electric Grand Piano _ 1
23.1428475,0.24642846875000046,62,106,Track 0,7344,69,Electric Grand Piano _ 1
22.935704729166666,0.4785712291666684,70,60,Track 0,7286,134,Flute _ 1
23.139276072916665,0.2964284479166679,58,102,Track 0,7343,83,Electric Grand Piano _ 1
23.4857045,0.010714281249999402,42,54,Track 0,7440,3,Drum Kit _ 1
23.482133072916668,0.039285697916664475,46,74,Track 0,7439,11,Electric Bass (finger) _ 1
23.428561666666667,0.17499992708333423,68,62,Track 0,7424,49,Flute _ 1
23.482133072916668,0.13214280208333307,53,98,Track 0,7439,37,Electric Grand Piano _ 1
23.649990145833332,0.010714281250002955,36,56,Track 0,7486,3,Drum Kit _ 1
23.653561572916665,0.010714281250002955,85,53,Track 0,7487,3,Drum Kit _ 1
23.657133,0.010714281249999402,42,63,Track 0,7488,3,Drum Kit _ 1
23.64641871875,0.15714279166666856,67,62,Track 0,7485,44,Flute _ 1
23.8071329375,0.1464285104166656,65,65,Track 0,7530,41,Flute _ 1
23.996418572916667,0.010714281249999402,36,40,Track 0,7583,3,Drum Kit _ 1
23.99999,0.010714281249999402,42,51,Track 0,7584,3,Drum Kit _ 1
24.16784707291667,0.010714281249999402,38,68,Track 0,7631,3,Drum Kit _ 1
24.1714185,0.010714281249999402,42,65,Track 0,7632,3,Drum Kit _ 1
23.99999,0.2285713333333348,55,104,Track 0,7584,64,Electric Grand Piano _ 1
23.97499001041667,0.27499988541666553,63,60,Track 0,7577,77,Flute _ 1
23.657133,0.7142854166666659,39,95,Track 0,7488,200,Electric Bass (finger) _ 1
24.16784707291667,0.27857131249999867,58,101,Track 0,7631,78,Electric Grand Piano _ 1
23.657133,0.8178568020833303,51,107,Track 0,7488,229,Electric Grand Piano _ 1
24.5142755,0.010714281249999402,42,58,Track 0,7728,3,Drum Kit _ 1
24.5142755,0.06071426041666683,39,75,Track 0,7728,17,Electric Bass (finger) _ 1
24.510704072916667,0.13214280208333307,55,97,Track 0,7727,37,Electric Grand Piano _ 1
24.517846927083333,0.1607142187500017,50,65,Track 0,7729,45,Flute _ 1
24.682132572916668,0.010714281249999402,36,62,Track 0,7775,3,Drum Kit _ 1
24.685704,0.010714281249999402,85,55,Track 0,7776,3,Drum Kit _ 1
24.685704,0.010714281249999402,42,68,Track 0,7776,3,Drum Kit _ 1
24.682132572916668,0.0571428333333337,62,101,Track 0,7775,16,Electric Grand Piano _ 1
24.685704,0.07499996874999937,66,99,Track 0,7776,21,Electric Grand Piano _ 1
24.682132572916668,0.08214282291666564,60,110,Track 0,7775,23,Electric Grand Piano _ 1
24.685704,0.0892856770833319,57,102,Track 0,7776,25,Electric Grand Piano _ 1
24.692846854166667,0.3678569895833341,58,68,Track 0,7778,103,Flute _ 1
25.196418072916668,0.010714281249999402,85,56,Track 0,7919,3,Drum Kit _ 1
24.682132572916668,0.5249997812499991,38,89,Track 0,7775,147,Electric Bass (finger) _ 1
25.1999895,0.010714281249999402,42,62,Track 0,7920,3,Drum Kit _ 1
25.035703854166666,0.17857135416666736,57,64,Track 0,7874,50,Flute _ 1
25.1999895,0.08571424999999877,60,106,Track 0,7920,24,Electric Grand Piano _ 1
25.1999895,0.0892856770833319,62,102,Track 0,7920,25,Electric Grand Piano _ 1
25.1999895,0.10357138541666444,66,96,Track 0,7920,29,Electric Grand Piano _ 1
25.207132354166667,0.13928565624999933,55,73,Track 0,7922,39,Flute _ 1
25.364275145833332,0.1357142291666662,54,70,Track 0,7966,38,Flute _ 1
25.5428465,0.13928565624999933,38,102,Track 0,8016,39,Electric Grand Piano _ 1
25.707132145833334,0.010714281249999402,36,63,Track 0,8062,3,Drum Kit _ 1
25.714275,0.010714281249999402,85,55,Track 0,8064,3,Drum Kit _ 1
25.714275,0.010714281249999402,42,71,Track 0,8064,3,Drum Kit _ 1
25.5214179375,0.20714277083333243,50,61,Track 0,8010,58,Flute _ 1
25.710703572916668,0.08571424999999877,67,110,Track 0,8063,24,Electric Grand Piano _ 1
25.717846427083334,0.0892856770833319,58,106,Track 0,8065,25,Electric Grand Piano _ 1
25.714275,0.09285710416666504,62,108,Track 0,8064,26,Electric Grand Piano _ 1
25.710703572916668,0.35357128124999804,43,90,Track 0,8063,99,Electric Bass (finger) _ 1
26.221417645833334,0.010714281249999402,38,68,Track 0,8206,3,Drum Kit _ 1
26.2285605,0.010714281249999402,44,99,Track 0,8208,3,Drum Kit _ 1
26.224989072916667,0.07142854166666623,65,108,Track 0,8207,20,Electric Grand Piano _ 1
26.214274791666668,0.08214282291666564,60,74,Track 0,8204,23,Flute _ 1
26.224989072916667,0.0785713958333325,57,109,Track 0,8207,22,Electric Grand Piano _ 1
26.2285605,0.299999875000001,53,79,Track 0,8208,84,Choir Aahs _ 1
26.224989072916667,0.3285712916666661,41,83,Track 0,8207,92,Electric Bass (finger) _ 1
26.5714175,0.11785709375000053,60,66,Track 0,8304,33,Choir Aahs _ 1
26.5714175,0.12142852083333366,53,66,Track 0,8304,34,Choir Aahs _ 1
26.5714175,0.1249999479166668,57,77,Track 0,8304,35,Choir Aahs _ 1
26.5714175,0.13928565624999933,65,68,Track 0,8304,39,Choir Aahs _ 1
26.735703145833334,0.010714281249999402,36,64,Track 0,8350,3,Drum Kit _ 1
26.739274572916667,0.010714281249999402,42,82,Track 0,8351,3,Drum Kit _ 1
26.742846,0.09285710416666504,58,85,Track 0,8352,26,Choir Aahs _ 1
26.742846,0.09285710416666504,53,105,Track 0,8352,26,Electric Grand Piano _ 1
26.728560291666668,0.1142856666666674,62,72,Track 0,8348,32,Flute _ 1
26.742846,0.14999993749999874,65,68,Track 0,8352,42,Choir Aahs _ 1
26.9142745,0.02499998958333194,62,80,Track 0,8400,7,Choir Aahs _ 1
27.249988645833334,0.010714281249999402,38,68,Track 0,8494,3,Drum Kit _ 1
27.2571315,0.010714281249999402,42,65,Track 0,8496,3,Drum Kit _ 1
26.9142745,0.3964284062499992,58,81,Track 0,8400,111,Choir Aahs _ 1
27.2571315,0.0678571145833331,53,111,Track 0,8496,19,Electric Grand Piano _ 1
27.253560072916667,0.103571385416668,62,108,Track 0,8495,29,Electric Grand Piano _ 1
26.9142745,0.521428354166666,65,80,Track 0,8400,146,Choir Aahs _ 1
26.739274572916667,0.7071425624999996,34,104,Track 0,8351,198,Electric Grand Piano _ 1
26.9142745,0.5571426249999973,70,89,Track 0,8400,156,Choir Aahs _ 1
27.5999885,0.010714281250002955,85,42,Track 0,8592,3,Drum Kit _ 1
27.5999885,0.1607142187500017,34,73,Track 0,8592,45,Electric Bass (finger) _ 1
27.764274145833333,0.010714281249999402,36,58,Track 0,8638,3,Drum Kit _ 1
27.767845572916666,0.010714281249999402,85,62,Track 0,8639,3,Drum Kit _ 1
27.60355992708333,0.17499992708333423,46,101,Track 0,8593,49,Electric Grand Piano _ 1
27.771417,0.010714281249999402,42,58,Track 0,8640,3,Drum Kit _ 1
27.767845572916666,0.08214282291666564,62,108,Track 0,8639,23,Electric Grand Piano _ 1
27.774988427083333,0.08214282291666564,57,107,Track 0,8641,23,Electric Grand Piano _ 1
27.771417,0.09285710416666859,65,76,Track 0,8640,26,Choir Aahs _ 1
27.767845572916666,0.5249997812499991,38,110,Track 0,8639,147,Electric Grand Piano _ 1
28.2857025,0.010714281249999402,42,61,Track 0,8784,3,Drum Kit _ 1
28.282131072916666,0.0678571145833331,57,101,Track 0,8783,19,Electric Grand Piano _ 1
28.2857025,0.07142854166666623,62,113,Track 0,8784,20,Electric Grand Piano _ 1
27.771417,0.599999750000002,74,81,Track 0,8640,168,Choir Aahs _ 1
28.271416791666667,0.1142856666666674,65,70,Track 0,8780,32,Flute _ 1
28.2857025,0.34999985416666846,72,87,Track 0,8784,98,Choir Aahs _ 1
27.771417,0.949999604166667,69,83,Track 0,8640,266,Choir Aahs _ 1
28.796416572916666,0.010714281249999402,42,67,Track 0,8927,3,Drum Kit _ 1
28.796416572916666,0.010714281249999402,36,61,Track 0,8927,3,Drum Kit _ 1
28.2857025,0.5249997812499991,77,80,Track 0,8784,147,Choir Aahs _ 1
28.624988072916665,0.18928563541666676,38,95,Track 0,8879,53,Electric Grand Piano _ 1
28.624988072916665,0.19999991666666972,41,73,Track 0,8879,56,Electric Bass (finger) _ 1
28.757130875,0.1249999479166668,70,74,Track 0,8916,35,Flute _ 1
28.796416572916666,0.08928567708333546,62,100,Track 0,8927,25,Electric Grand Piano _ 1
28.796416572916666,0.09285710416666859,67,107,Track 0,8927,26,Electric Grand Piano _ 1
29.142845,0.01071428124999585,85,46,Track 0,9024,3,Drum Kit _ 1
29.31070207291667,0.01071428124999585,38,68,Track 0,9071,3,Drum Kit _ 1
29.3142735,0.010714281250002955,85,39,Track 0,9072,3,Drum Kit _ 1
29.3142735,0.010714281250002955,42,67,Track 0,9072,3,Drum Kit _ 1
29.13213071875,0.2678570312500028,70,77,Track 0,9021,75,Flute _ 1
29.142845,0.26071417708332945,67,83,Track 0,9024,73,Choir Aahs _ 1
29.142845,0.2714284583333324,62,75,Track 0,9024,76,Choir Aahs _ 1
28.796416572916666,0.7107139895833363,43,97,Track 0,8927,199,Electric Bass (finger) _ 1
29.653559072916664,0.010714281250002955,85,37,Track 0,9167,3,Drum Kit _ 1
29.653559072916664,0.1392856562500029,41,94,Track 0,9167,39,Electric Grand Piano _ 1
29.6571305,0.14642851041666205,62,80,Track 0,9168,41,Choir Aahs _ 1
29.628559083333336,0.1785713541666638,69,61,Track 0,9160,50,Flute _ 1
29.6571305,0.15357136458333542,65,71,Track 0,9168,43,Choir Aahs _ 1
29.82498757291667,0.007142854166666268,69,102,Track 0,9215,2,Electric Grand Piano _ 1
29.828559,0.010714281250002955,85,75,Track 0,9216,3,Drum Kit _ 1
29.82498757291667,0.021428562499998804,36,57,Track 0,9215,6,Drum Kit _ 1
29.828559,0.02499998958333549,42,69,Track 0,9216,7,Drum Kit _ 1
29.821416145833332,0.07142854166666979,65,110,Track 0,9214,20,Electric Grand Piano _ 1
29.817844718750003,0.08571424999999522,62,105,Track 0,9213,24,Electric Grand Piano _ 1
29.817844718750003,0.11428566666666029,57,77,Track 0,9213,32,Choir Aahs _ 1
29.999987500000003,0.14285708333333247,53,73,Track 0,9264,40,Choir Aahs _ 1
29.985701791666663,0.1607142187500017,62,61,Track 0,9260,45,Flute _ 1
30.171416,0.01071428124999585,36,23,Track 0,9312,3,Drum Kit _ 1
29.82498757291667,0.521428354166666,38,86,Track 0,9215,146,Electric Bass (finger) _ 1
30.342844499999998,0.010714281250002955,42,65,Track 0,9360,3,Drum Kit _ 1
30.146416010416665,0.2749998854166691,65,72,Track 0,9305,77,Flute _ 1
30.346415927083335,0.07857139583332895,62,108,Track 0,9361,22,Electric Grand Piano _ 1
30.33927307291667,0.0892856770833319,69,106,Track 0,9359,25,Electric Grand Piano _ 1
30.171416,0.44285695833332994,57,76,Track 0,9312,124,Choir Aahs _ 1
30.6857015,0.01071428124999585,85,53,Track 0,9456,3,Drum Kit _ 1
30.682130072916664,0.1607142187500017,41,94,Track 0,9455,45,Electric Grand Piano _ 1
30.85355857291667,0.01071428124999585,42,74,Track 0,9503,3,Drum Kit _ 1
30.85355857291667,0.01071428124999585,85,50,Track 0,9503,3,Drum Kit _ 1
30.85355857291667,0.01071428124999585,36,63,Track 0,9503,3,Drum Kit _ 1
30.857129999999998,0.0892856770833319,67,81,Track 0,9504,25,Choir Aahs _ 1
30.824987156250003,0.12857137499999993,70,77,Track 0,9495,36,Flute _ 1
30.85355857291667,0.10357138541666444,62,113,Track 0,9503,29,Electric Grand Piano _ 1
31.028558500000003,0.07499996874999937,67,81,Track 0,9552,21,Choir Aahs _ 1
31.021415645833336,0.10714281249999402,70,67,Track 0,9550,30,Flute _ 1
31.028558500000003,0.10357138541666444,62,81,Track 0,9552,29,Choir Aahs _ 1
31.371415499999998,0.010714281250002955,42,70,Track 0,9648,3,Drum Kit _ 1
31.371415499999998,0.010714281250002955,38,68,Track 0,9648,3,Drum Kit _ 1
31.196415572916663,0.2285713333333348,70,71,Track 0,9599,64,Flute _ 1
31.199987,0.23571418750000106,67,88,Track 0,9600,66,Choir Aahs _ 1
31.199987,0.24285704166666733,62,94,Track 0,9600,68,Choir Aahs _ 1
30.85355857291667,0.7142854166666623,43,93,Track 0,9503,200,Electric Bass (finger) _ 1
31.542844000000002,0.06428568749999641,65,73,Track 0,9696,18,Choir Aahs _ 1
31.542844000000002,0.07857139583332895,62,87,Track 0,9696,22,Choir Aahs _ 1
31.542844000000002,0.08571424999999522,69,73,Track 0,9696,24,Choir Aahs _ 1
31.7142725,0.010714281250002955,85,49,Track 0,9744,3,Drum Kit _ 1
31.7142725,0.08571425000000232,65,74,Track 0,9744,24,Choir Aahs _ 1
31.703558218749997,0.09642853125000528,69,74,Track 0,9741,27,Flute _ 1
31.7142725,0.09285710416666859,62,73,Track 0,9744,26,Choir Aahs _ 1
31.710701072916663,0.16785707291666796,41,102,Track 0,9743,47,Electric Grand Piano _ 1
31.882129572916668,0.01071428124999585,42,65,Track 0,9791,3,Drum Kit _ 1
31.885700999999997,0.010714281250002955,36,64,Track 0,9792,3,Drum Kit _ 1
31.885700999999997,0.010714281250002955,85,62,Track 0,9792,3,Drum Kit _ 1
31.8642724375,0.16428564583333127,67,70,Track 0,9786,46,Flute _ 1
31.885700999999997,0.14642851041666916,64,74,Track 0,9792,41,Choir Aahs _ 1
31.885700999999997,0.16785707291666796,61,67,Track 0,9792,47,Choir Aahs _ 1
32.0571295,0.11071423958333071,57,74,Track 0,9840,31,Choir Aahs _ 1
31.882129572916668,0.2928570208333312,45,109,Track 0,9791,82,Electric Grand Piano _ 1
32.03927236458333,0.1392856562500029,64,66,Track 0,9835,39,Flute _ 1
31.885700999999997,0.5035712187500039,33,84,Track 0,9792,141,Electric Bass (finger) _ 1
32.39284364583333,0.010714281250002955,38,68,Track 0,9934,3,Drum Kit _ 1
32.3999865,0.010714281250002955,85,66,Track 0,9936,3,Drum Kit _ 1
32.3999865,0.010714281250002955,42,71,Track 0,9936,3,Drum Kit _ 1
32.203558010416664,0.4571426666666696,65,65,Track 0,9881,128,Flute _ 1
32.228558,0.4749998020833317,62,78,Track 0,9888,133,Choir Aahs _ 1
32.228558,0.5142854999999997,57,80,Track 0,9888,144,Choir Aahs _ 1
32.7428435,0.010714281250002955,85,50,Track 0,10032,3,Drum Kit _ 1
32.68570066666667,0.11428566666666029,67,68,Track 0,10016,32,Flute _ 1
32.73927207291667,0.14642851041666205,36,78,Track 0,10031,41,Electric Bass (finger) _ 1
32.90712914583333,0.010714281250002955,36,62,Track 0,10078,3,Drum Kit _ 1
32.91070057291667,0.01071428124999585,42,70,Track 0,10079,3,Drum Kit _ 1
32.914272,0.010714281250002955,85,55,Track 0,10080,3,Drum Kit _ 1
32.914272,0.09285710416666859,55,86,Track 0,10080,26,Choir Aahs _ 1
32.91070057291667,0.09999995833333486,59,108,Track 0,10079,28,Electric Grand Piano _ 1
32.91070057291667,0.12857137499999993,65,101,Track 0,10079,36,Electric Grand Piano _ 1
32.92855770833334,0.12499994791666325,67,76,Track 0,10084,35,Flute _ 1
32.914272,0.207142770833336,43,110,Track 0,10080,58,Electric Grand Piano _ 1
33.078557645833335,0.14642851041666205,69,71,Track 0,10126,41,Flute _ 1
32.91784342708333,0.3178570104166667,31,118,Track 0,10081,89,Electric Grand Piano _ 1
33.42498607291667,0.01071428124999585,42,66,Track 0,10223,3,Drum Kit _ 1
33.4285575,0.010714281250002955,38,68,Track 0,10224,3,Drum Kit _ 1
33.4285575,0.010714281250002955,85,66,Track 0,10224,3,Drum Kit _ 1
33.4285575,0.08571425000000232,60,85,Track 0,10224,24,Choir Aahs _ 1
33.42498607291667,0.09999995833333486,57,107,Track 0,10223,28,Electric Grand Piano _ 1
33.42498607291667,0.11071423958333071,65,101,Track 0,10223,31,Electric Grand Piano _ 1
33.264271854166665,0.37499984375000395,67,76,Track 0,10178,105,Flute _ 1
33.4285575,0.21071419791667267,45,105,Track 0,10224,59,Electric Grand Piano _ 1
33.4285575,0.25714274999999986,33,109,Track 0,10224,72,Electric Grand Piano _ 1
33.71784309375,0.10714281250000113,67,70,Track 0,10305,30,Flute _ 1
33.93570014583333,0.010714281250002955,36,64,Track 0,10366,3,Drum Kit _ 1
33.942842999999996,0.010714281250002955,42,65,Track 0,10368,3,Drum Kit _ 1
33.942842999999996,0.010714281250002955,85,62,Track 0,10368,3,Drum Kit _ 1
33.942842999999996,0.11071423958333781,59,90,Track 0,10368,31,Choir Aahs _ 1
33.942842999999996,0.1142856666666674,62,75,Track 0,10368,32,Choir Aahs _ 1
33.942842999999996,0.11785709375000408,65,86,Track 0,10368,33,Choir Aahs _ 1
33.93927157291667,0.19642848958333303,47,79,Track 0,10367,55,Electric Bass (finger) _ 1
33.94641442708333,0.23928561458333064,35,101,Track 0,10369,67,Electric Grand Piano _ 1
33.924985864583334,0.2964284479166679,64,80,Track 0,10363,83,Flute _ 1
34.27498571875,0.13928565624999578,64,74,Track 0,10461,39,Flute _ 1
34.457128499999996,0.010714281250002955,42,77,Track 0,10512,3,Drum Kit _ 1
34.457128499999996,0.010714281250002955,85,70,Track 0,10512,3,Drum Kit _ 1
34.46069992708333,0.010714281250002955,38,68,Track 0,10513,3,Drum Kit _ 1
34.45355707291667,0.2678570312500028,48,98,Track 0,10511,75,Electric Grand Piano _ 1
34.7999855,0.010714281250002955,38,54,Track 0,10608,3,Drum Kit _ 1
34.857128333333335,0.01071428124999585,38,60,Track 0,10624,3,Drum Kit _ 1
34.91784259375,0.01071428124999585,38,64,Track 0,10641,3,Drum Kit _ 1
34.457128499999996,0.4749998020833388,64,85,Track 0,10512,133,Choir Aahs _ 1
34.7999855,0.17142850000000465,52,100,Track 0,10608,48,Electric Bass (finger) _ 1
34.967842572916666,0.010714281250002955,85,70,Track 0,10655,3,Drum Kit _ 1
34.971414,0.01071428124999585,38,84,Track 0,10656,3,Drum Kit _ 1
34.45355707291667,0.5964283229166654,60,111,Track 0,10511,167,Electric Grand Piano _ 1
34.45355707291667,0.599999750000002,55,106,Track 0,10511,168,Electric Grand Piano _ 1
34.45355707291667,0.6107140312499979,36,101,Track 0,10511,171,Electric Grand Piano _ 1
34.457128499999996,0.6464283020833363,67,86,Track 0,10512,181,Choir Aahs _ 1
35.31069957291667,0.01071428124999585,49,44,Track 0,10751,3,Drum Kit _ 1
35.314271,0.010714281250002955,36,60,Track 0,10752,3,Drum Kit _ 1
34.4356999375,0.9107139062500025,62,68,Track 0,10506,255,Flute _ 1
35.4856995,0.09285710416666149,65,87,Track 0,10800,26,Choir Aahs _ 1
35.4856995,0.09285710416666149,74,89,Track 0,10800,26,Choir Aahs _ 1
35.4856995,0.09285710416666149,70,99,Track 0,10800,26,Choir Aahs _ 1
35.657128,0.09642853124999817,70,82,Track 0,10848,27,Choir Aahs _ 1
35.657128,0.11071423958333071,65,80,Track 0,10848,31,Choir Aahs _ 1
35.657128,0.11785709374999698,74,68,Track 0,10848,33,Choir Aahs _ 1
35.314271,1.0249995729166699,53,107,Track 0,10752,287,Electric Grand Piano _ 1
35.314271,1.0999995416666692,58,104,Track 0,10752,308,Electric Grand Piano _ 1
36.346413427083334,0.21071419791666557,53,95,Track 0,11041,59,Electric Grand Piano _ 1
35.8285565,0.8428567916666694,74,87,Track 0,10896,236,Choir Aahs _ 1
35.8285565,0.8999996249999995,70,87,Track 0,10896,252,Choir Aahs _ 1
36.510699072916665,0.22142847916666852,58,95,Track 0,11087,62,Electric Grand Piano _ 1
35.8285565,1.0392852812500024,65,84,Track 0,10896,291,Choir Aahs _ 1
36.68212757291666,0.2035713437500064,62,102,Track 0,11135,57,Electric Grand Piano _ 1
35.317842427083335,1.6714278749999991,34,98,Track 0,10753,468,Electric Grand Piano _ 1
35.314271,1.682142156250002,46,98,Track 0,10752,471,Electric Grand Piano _ 1
37.021413145833336,0.01071428124999585,36,65,Track 0,11230,3,Drum Kit _ 1
37.024984572916665,0.010714281250002955,85,32,Track 0,11231,3,Drum Kit _ 1
37.028556,0.01071428124999585,42,78,Track 0,11232,3,Drum Kit _ 1
37.03569885416667,0.11785709374999698,69,73,Track 0,11234,33,Flute _ 1
37.23569877083333,0.10714281250000113,69,58,Track 0,11290,30,Flute _ 1
37.389270135416666,0.07857139583333606,67,66,Track 0,11333,22,Flute _ 1
37.539270072916665,0.010714281250002955,42,67,Track 0,11375,3,Drum Kit _ 1
37.024984572916665,0.5249997812500027,45,70,Track 0,11231,147,Distortion Guitar _ 1
37.5428415,0.01071428124999585,38,68,Track 0,11376,3,Drum Kit _ 1
37.374984427083334,0.207142770833336,57,90,Track 0,11329,58,Electric Grand Piano _ 1
37.539270072916665,0.04999997916667098,61,81,Track 0,11375,14,Distortion Guitar _ 1
37.024984572916665,0.5857140416666695,33,79,Track 0,11231,164,Electric Bass (finger) _ 1
37.539270072916665,0.08214282291666564,64,80,Track 0,11375,23,Distortion Guitar _ 1
37.43927011458333,0.34999985416666846,69,63,Track 0,11347,98,Flute _ 1
37.8856985,0.010714281250002955,85,50,Track 0,11472,3,Drum Kit _ 1
37.83926994791667,0.14999993749999874,69,68,Track 0,11459,42,Flute _ 1
37.88212707291667,0.12857137499999993,57,102,Track 0,11471,36,Electric Grand Piano _ 1
37.8856985,0.17142850000000465,33,76,Track 0,11472,48,Electric Bass (finger) _ 1
38.053555572916665,0.010714281250002955,42,62,Track 0,11519,3,Drum Kit _ 1
38.057127,0.01071428124999585,85,44,Track 0,11520,3,Drum Kit _ 1
38.057127,0.01071428124999585,36,63,Track 0,11520,3,Drum Kit _ 1
38.032127010416666,0.14642851041666916,65,71,Track 0,11513,41,Flute _ 1
38.18926980208333,0.15357136458333542,64,72,Track 0,11557,43,Flute _ 1
38.399983999999996,0.010714281250002955,36,50,Track 0,11616,3,Drum Kit _ 1
38.40355542708333,0.14999993749999874,57,101,Track 0,11617,42,Electric Grand Piano _ 1
38.057127,0.5249997812499956,38,103,Track 0,11520,147,Electric Grand Piano _ 1
38.5714125,0.01071428124999585,42,67,Track 0,11664,3,Drum Kit _ 1
38.057127,0.5321426354166618,50,63,Track 0,11520,149,Distortion Guitar _ 1
38.34641259375,0.2678570312499957,62,66,Track 0,11601,75,Flute _ 1
38.567841072916664,0.04999997916667098,57,79,Track 0,11663,14,Distortion Guitar _ 1
38.5714125,0.04999997916666388,65,79,Track 0,11664,14,Distortion Guitar _ 1
38.914269499999996,0.1142856666666674,57,94,Track 0,11760,32,Electric Grand Piano _ 1
38.86784094791667,0.20714277083332888,55,63,Track 0,11747,58,Flute _ 1
39.082126572916664,0.010714281250002955,36,62,Track 0,11807,3,Drum Kit _ 1
39.085698,0.01071428124999585,42,66,Track 0,11808,3,Drum Kit _ 1
38.91784092708333,0.18928563541666676,38,74,Track 0,11761,53,Electric Bass (finger) _ 1
39.085698,0.21071419791666557,67,73,Track 0,11808,59,Flute _ 1
39.40355501041667,0.10357138541666444,67,69,Track 0,11897,29,Flute _ 1
39.428554999999996,0.12142852083333366,55,94,Track 0,11904,34,Electric Grand Piano _ 1
39.596412072916664,0.010714281250002955,42,70,Track 0,11951,3,Drum Kit _ 1
39.596412072916664,0.010714281250002955,38,68,Track 0,11951,3,Drum Kit _ 1
39.082126572916664,0.5392854895833352,43,66,Track 0,11807,151,Distortion Guitar _ 1
39.596412072916664,0.0678571145833331,59,113,Track 0,11951,19,Electric Grand Piano _ 1
39.085698,0.5892854687499991,31,93,Track 0,11808,165,Electric Bass (finger) _ 1
39.5999835,0.0892856770833319,55,79,Track 0,11952,25,Distortion Guitar _ 1
39.596412072916664,0.09285710416666859,62,81,Track 0,11951,26,Distortion Guitar _ 1
39.60355492708333,0.28571416666667204,65,101,Track 0,11953,80,Electric Grand Piano _ 1
39.60355492708333,0.2928570208333383,67,77,Track 0,11953,82,Flute _ 1
39.9428405,0.01071428124999585,85,42,Track 0,12048,3,Drum Kit _ 1
39.93212621875,0.11071423958333071,65,65,Track 0,12045,31,Flute _ 1
39.94641192708333,0.16785707291666796,55,89,Track 0,12049,47,Electric Grand Piano _ 1
40.11069757291666,0.010714281250002955,36,65,Track 0,12095,3,Drum Kit _ 1
40.114269,0.01071428124999585,42,67,Track 0,12096,3,Drum Kit _ 1
39.939269072916666,0.18571420833333008,31,108,Track 0,12047,52,Electric Grand Piano _ 1
40.114269,0.01071428124999585,85,66,Track 0,12096,3,Drum Kit _ 1
40.11784042708333,0.15357136458333542,64,68,Track 0,12097,43,Flute _ 1
40.271411791666665,0.11785709375000408,62,57,Track 0,12140,33,Flute _ 1
40.449983145833336,0.01071428124999585,36,50,Track 0,12190,3,Drum Kit _ 1
40.11069757291666,0.5142854999999997,48,67,Track 0,12095,144,Distortion Guitar _ 1
40.6285545,0.01071428124999585,38,68,Track 0,12240,3,Drum Kit _ 1
40.6285545,0.01071428124999585,42,67,Track 0,12240,3,Drum Kit _ 1
40.4356974375,0.21785705208333894,60,65,Track 0,12186,61,Flute _ 1
40.457126,0.2035713437499993,55,104,Track 0,12192,57,Electric Grand Piano _ 1
40.6285545,0.03928569791666803,64,80,Track 0,12240,11,Distortion Guitar _ 1
41.13569714583333,0.01071428124999585,36,59,Track 0,12382,3,Drum Kit _ 1
41.13926857291666,0.010714281250002955,42,75,Track 0,12383,3,Drum Kit _ 1
41.14284,0.10357138541666444,48,70,Track 0,12384,29,Distortion Guitar _ 1
41.13926857291666,0.12142852083333366,64,115,Track 0,12383,34,Electric Grand Piano _ 1
41.14284,0.1321428020833295,60,120,Track 0,12384,37,Electric Grand Piano _ 1
40.967840072916665,0.3142855833333371,55,94,Track 0,12335,88,Electric Grand Piano _ 1
41.482125572916665,0.010714281250002955,36,51,Track 0,12479,3,Drum Kit _ 1
41.485697,0.01071428124999585,49,49,Track 0,12480,3,Drum Kit _ 1
41.485697,0.2892855937499945,62,108,Track 0,12480,81,Electric Grand Piano _ 1
41.6571255,0.12857137499999993,74,73,Track 0,12528,36,Choir Aahs _ 1
41.6571255,0.13214280208333662,70,68,Track 0,12528,37,Choir Aahs _ 1
41.6571255,0.14999993749999874,65,72,Track 0,12528,42,Choir Aahs _ 1
41.78212544791666,0.1392856562500029,60,61,Track 0,12563,39,Flute _ 1
41.828554,0.1392856562500029,67,64,Track 0,12576,39,Choir Aahs _ 1
41.828554,0.1571427916666721,63,56,Track 0,12576,44,Choir Aahs _ 1
41.828554,0.17142850000000465,72,70,Track 0,12576,48,Choir Aahs _ 1
41.482125572916665,0.8821424895833374,53,91,Track 0,12479,247,Electric Grand Piano _ 1
41.48926842708333,0.9999995833333344,58,100,Track 0,12481,280,Electric Grand Piano _ 1
41.94641109375,0.5642854791666636,62,64,Track 0,12609,158,Flute _ 1
42.510696572916665,0.2249999062499981,53,99,Track 0,12767,63,Electric Grand Piano _ 1
42.85355357291667,0.01071428124999585,85,49,Track 0,12863,3,Drum Kit _ 1
42.6856965,0.19999991666666972,58,101,Track 0,12816,56,Electric Grand Piano _ 1
41.482125572916665,1.5107136562499974,34,87,Track 0,12479,423,Electric Bass (finger) _ 1
43.0285535,0.01071428124999585,85,35,Track 0,12912,3,Drum Kit _ 1
42.85355357291667,0.18571420833333008,62,104,Track 0,12863,52,Electric Grand Piano _ 1
41.485697,1.5857136249999968,46,73,Track 0,12480,444,Distortion Guitar _ 1
41.9999825,1.1249995312499976,65,66,Track 0,12624,315,Choir Aahs _ 1
41.9999825,1.1464280937499964,70,66,Track 0,12624,321,Choir Aahs _ 1
41.9999825,1.171428083333332,74,70,Track 0,12624,328,Choir Aahs _ 1
43.199982,0.010714281250002955,42,63,Track 0,12960,3,Drum Kit _ 1
43.542839,0.1321428020833295,53,92,Track 0,13056,37,Electric Grand Piano _ 1
43.7142675,0.010714281250002955,42,68,Track 0,13104,3,Drum Kit _ 1
43.1785534375,0.7749996770833292,65,68,Track 0,12954,217,Flute _ 1
43.71069607291667,0.25714274999999986,60,111,Track 0,13103,72,Electric Grand Piano _ 1
43.71069607291667,0.2999998749999975,57,102,Track 0,13103,84,Electric Grand Piano _ 1
43.199982,1.0321424270833361,72,68,Track 0,12960,289,Choir Aahs _ 1
44.22498157291667,0.01071428124999585,42,67,Track 0,13247,3,Drum Kit _ 1
43.199982,1.0571424166666645,77,61,Track 0,12960,296,Choir Aahs _ 1
43.199982,1.08214240625,69,58,Track 0,12960,303,Choir Aahs _ 1
44.0571245,0.274999885416662,53,82,Track 0,13200,77,Electric Grand Piano _ 1
43.19641057291667,1.2535709062499976,41,105,Track 0,12959,351,Electric Grand Piano _ 1
44.232124427083335,0.24285704166666733,58,91,Track 0,13249,68,Electric Grand Piano _ 1
43.199982,1.2857137499999993,48,73,Track 0,12960,360,Distortion Guitar _ 1
44.228553,0.30357130208333416,62,104,Track 0,13248,85,Electric Grand Piano _ 1
44.56783857291666,0.05714283333333725,53,84,Track 0,13343,16,Electric Grand Piano _ 1
44.73926707291667,0.01071428124999585,42,63,Track 0,13391,3,Drum Kit _ 1
44.7428385,0.09642853124999817,55,73,Track 0,13392,27,Overdriven Guitar _ 1
44.7428385,0.10357138541666444,63,108,Track 0,13392,29,Electric Grand Piano _ 1
44.73569564583333,0.1142856666666674,58,73,Track 0,13390,32,Overdriven Guitar _ 1
44.75712420833333,0.21428562500000226,41,67,Track 0,13396,60,Overdriven Guitar _ 1
44.75712420833333,0.24642846875000401,67,73,Track 0,13396,69,Overdriven Guitar _ 1
45.257124,0.010714281250002955,42,68,Track 0,13536,3,Drum Kit _ 1
45.05355265625,0.44642838541666663,55,67,Track 0,13479,125,Overdriven Guitar _ 1
45.08926692708333,0.5249997812500027,63,101,Track 0,13489,147,Electric Grand Piano _ 1
45.08212407291666,0.5499997708333382,58,96,Track 0,13487,154,Electric Grand Piano _ 1
45.7714095,0.010714281250002955,42,63,Track 0,13680,3,Drum Kit _ 1
45.59640957291666,0.19642848958333303,53,92,Track 0,13631,55,Electric Grand Piano _ 1
45.7714095,0.2535713229166703,65,113,Track 0,13680,71,Electric Grand Piano _ 1
45.12498119791667,1.0071424375000007,67,74,Track 0,13499,282,Overdriven Guitar _ 1
46.285695,0.010714281250002955,42,69,Track 0,13824,3,Drum Kit _ 1
46.1142665,0.18928563541666676,53,96,Track 0,13776,53,Electric Grand Piano _ 1
46.27498071875,0.16785707291666796,62,68,Track 0,13821,47,Overdriven Guitar _ 1
46.25712358333333,0.19999991666666972,74,90,Track 0,13816,56,Overdriven Guitar _ 1
46.307123562499996,0.15357136458333542,70,85,Track 0,13830,43,Overdriven Guitar _ 1
46.285695,0.17499992708333423,58,96,Track 0,13824,49,Electric Grand Piano _ 1
46.285695,0.18571420833333718,77,83,Track 0,13824,52,Overdriven Guitar _ 1
46.4571235,0.14642851041666205,74,84,Track 0,13872,41,Overdriven Guitar _ 1
46.4571235,0.157142791666665,67,77,Track 0,13872,44,Overdriven Guitar _ 1
46.617837718749996,0.007142854166666268,70,84,Track 0,13917,2,Overdriven Guitar _ 1
46.62140914583333,0.01071428124999585,45,70,Track 0,13918,3,Drum Kit _ 1
46.62498057291666,0.12142852083333366,58,103,Track 0,13919,34,Electric Grand Piano _ 1
46.453552072916665,0.2928570208333312,55,101,Track 0,13871,82,Electric Grand Piano _ 1
46.79283764583333,0.010714281250002955,45,75,Track 0,13966,3,Drum Kit _ 1
46.79640907291667,0.01071428124999585,42,71,Track 0,13967,3,Drum Kit _ 1
43.199982,3.75714129166667,29,93,Track 0,12960,1052,Electric Bass (finger) _ 1
45.08926692708333,1.8714277916666688,41,63,Track 0,13489,524,Overdriven Guitar _ 1
46.964266145833335,0.01071428124999585,43,68,Track 0,14014,3,Drum Kit _ 1
47.146408927083336,0.01071428124999585,43,67,Track 0,14065,3,Drum Kit _ 1
46.62498057291666,0.6714282916666718,63,101,Track 0,13919,188,Electric Grand Piano _ 1
47.31069457291667,0.01071428124999585,36,71,Track 0,14111,3,Drum Kit _ 1
47.314265999999996,0.010714281250002955,49,68,Track 0,14112,3,Drum Kit _ 1
46.671409125,0.9392853229166676,75,91,Track 0,13932,263,Overdriven Guitar _ 1
46.66069484375,1.0892852604166663,79,90,Track 0,13929,305,Overdriven Guitar _ 1
47.65355157291667,0.12499994791666325,53,92,Track 0,14207,35,Electric Grand Piano _ 1
47.82498007291667,0.01071428124999585,38,68,Track 0,14255,3,Drum Kit _ 1
47.828551499999996,0.010714281250002955,42,71,Track 0,14256,3,Drum Kit _ 1
47.31069457291667,0.6821425729166677,41,105,Track 0,14111,191,Electric Grand Piano _ 1
47.31069457291667,0.6928568541666635,48,71,Track 0,14111,194,Distortion Guitar _ 1
47.83212292708333,0.23214276041666437,65,111,Track 0,14257,65,Electric Grand Piano _ 1
47.314265999999996,0.7857139583333392,29,93,Track 0,14112,220,Electric Bass (finger) _ 1
47.83212292708333,0.2892855937500016,60,114,Track 0,14257,81,Electric Grand Piano _ 1
47.82498007291667,0.3178570104166667,57,104,Track 0,14255,89,Electric Grand Piano _ 1
48.16783707291667,0.0892856770833319,41,69,Track 0,14351,25,Distortion Guitar _ 1
48.1714085,0.11071423958333071,48,71,Track 0,14352,31,Distortion Guitar _ 1
48.16783707291667,0.12142852083332656,29,79,Track 0,14351,34,Electric Bass (finger) _ 1
48.339265572916666,0.01071428124999585,42,72,Track 0,14399,3,Drum Kit _ 1
48.342836999999996,0.010714281250002955,36,73,Track 0,14400,3,Drum Kit _ 1
48.1714085,0.28214273958333536,53,91,Track 0,14352,79,Electric Grand Piano _ 1
48.339265572916666,0.2035713437499993,46,101,Track 0,14399,57,Electric Grand Piano _ 1
48.342836999999996,0.21428562500000226,58,91,Track 0,14400,60,Electric Grand Piano _ 1
48.339265572916666,0.2249999062499981,34,91,Track 0,14399,63,Electric Bass (finger) _ 1
48.342836999999996,0.32857129166666965,62,108,Track 0,14400,92,Electric Grand Piano _ 1
48.67855114583333,0.010714281250002955,36,55,Track 0,14494,3,Drum Kit _ 1
48.685694,0.06428568750000352,53,89,Track 0,14496,18,Electric Grand Piano _ 1
48.853551072916666,0.017857135416669223,42,65,Track 0,14543,5,Drum Kit _ 1
48.86069392708333,0.021428562499998804,38,68,Track 0,14545,6,Drum Kit _ 1
48.84640821875,0.12499994791666325,63,107,Track 0,14541,35,Electric Grand Piano _ 1
48.853551072916666,0.11785709374999698,55,106,Track 0,14543,33,Electric Grand Piano _ 1
48.84997964583333,0.14999993750000584,58,94,Track 0,14542,42,Electric Grand Piano _ 1
48.853551072916666,0.2285713333333348,43,103,Track 0,14543,64,Electric Grand Piano _ 1
48.84997964583333,0.23214276041667148,31,109,Track 0,14542,65,Electric Grand Piano _ 1
48.857122499999996,0.24642846875000401,67,70,Track 0,14544,69,Overdriven Guitar _ 1
49.367836572916666,0.010714281250002955,42,66,Track 0,14687,3,Drum Kit _ 1
49.37497942708333,0.010714281250002955,36,64,Track 0,14689,3,Drum Kit _ 1
49.19283664583333,0.39285697916666606,55,65,Track 0,14638,110,Overdriven Guitar _ 1
49.19640807291667,0.46428552083332875,63,101,Track 0,14639,130,Electric Grand Piano _ 1
49.714265,0.010714281250002955,49,4,Track 0,14784,3,Drum Kit _ 1
49.81426495833333,0.010714281250002955,49,8,Track 0,14812,3,Drum Kit _ 1
49.86783636458333,0.01071428124999585,49,9,Track 0,14827,3,Drum Kit _ 1
49.714265,0.207142770833336,53,90,Track 0,14784,58,Electric Grand Piano _ 1
49.928550625,0.01071428124999585,49,7,Track 0,14844,3,Drum Kit _ 1
49.1999795,0.7535711145833375,58,100,Track 0,14640,211,Electric Grand Piano _ 1
48.86426535416667,1.0892852604166663,39,56,Track 0,14546,305,Electric Bass (finger) _ 1
48.86783678125,1.0999995416666692,34,46,Track 0,14547,308,Electric Bass (finger) _ 1
49.98926488541667,0.01071428124999585,49,9,Track 0,14861,3,Drum Kit _ 1
50.04640771875,0.010714281250002955,49,10,Track 0,14877,3,Drum Kit _ 1
50.10712197916666,0.010714281250002955,49,14,Track 0,14894,3,Drum Kit _ 1
49.882122072916665,0.2749998854166691,65,105,Track 0,14831,77,Electric Grand Piano _ 1
50.1642648125,0.01071428124999585,49,11,Track 0,14910,3,Drum Kit _ 1
49.367836572916666,0.8178568020833339,41,98,Track 0,14687,229,Electric Grand Piano _ 1
49.371407999999995,0.8249996562500002,29,94,Track 0,14688,231,Electric Grand Piano _ 1
50.214264791666665,0.010714281250002955,49,13,Track 0,14924,3,Drum Kit _ 1
50.271407625,0.01071428124999585,49,17,Track 0,14940,3,Drum Kit _ 1
50.324979031249995,0.010714281250002955,49,15,Track 0,14955,3,Drum Kit _ 1
50.38569329166666,0.010714281250002955,49,18,Track 0,14972,3,Drum Kit _ 1
50.442836125,0.01071428124999585,49,19,Track 0,14988,3,Drum Kit _ 1
50.49640753125,0.01071428124999585,49,18,Track 0,15003,3,Drum Kit _ 1
50.560693218749996,0.010714281250002955,49,22,Track 0,15021,3,Drum Kit _ 1
50.399979,0.1999999166666626,46,108,Track 0,14976,56,Electric Grand Piano _ 1
50.614264625,0.010714281250002955,49,24,Track 0,15036,3,Drum Kit _ 1
50.396407572916665,0.2285713333333348,58,102,Track 0,14975,64,Electric Grand Piano _ 1
50.399979,0.2285713333333277,34,101,Track 0,14976,64,Electric Grand Piano _ 1
50.22497907291667,0.43928553125000036,53,95,Track 0,14927,123,Electric Grand Piano _ 1
50.399979,0.274999885416662,62,110,Track 0,14976,77,Electric Grand Piano _ 1
50.674978885416664,0.010714281250002955,49,26,Track 0,15053,3,Drum Kit _ 1
50.728550291666664,0.010714281250002955,49,27,Track 0,15068,3,Drum Kit _ 1
50.78926455208333,0.010714281250002955,49,27,Track 0,15085,3,Drum Kit _ 1
50.84283595833333,0.010714281250002955,49,29,Track 0,15100,3,Drum Kit _ 1
50.89640736458333,0.010714281250002955,49,30,Track 0,15115,3,Drum Kit _ 1
50.91783592708333,0.003571427083336687,58,107,Track 0,15121,1,Electric Grand Piano _ 1
50.742836,0.1821427812500005,41,73,Track 0,15072,51,Electric Bass (finger) _ 1
50.95355019791666,0.010714281250002955,49,31,Track 0,15131,3,Drum Kit _ 1
51.01069303125,0.01071428124999585,49,33,Track 0,15147,3,Drum Kit _ 1
51.06783586458333,0.010714281250002955,49,33,Track 0,15163,3,Drum Kit _ 1
50.91783592708333,0.17142849999999754,48,85,Track 0,15121,48,Electric Bass (finger) _ 1
50.91783592708333,0.207142770833336,31,111,Track 0,15121,58,Electric Grand Piano _ 1
51.12140727083333,0.010714281250002955,49,36,Track 0,15178,3,Drum Kit _ 1
50.9142645,0.2249999062499981,43,108,Track 0,15120,63,Electric Grand Piano _ 1
50.892835937499996,0.25714274999999986,55,70,Track 0,15114,72,Flute _ 1
51.17855010416667,0.01071428124999585,49,37,Track 0,15194,3,Drum Kit _ 1
51.08212157291666,0.1607142187500017,46,79,Track 0,15167,45,Electric Bass (finger) _ 1
51.2356929375,0.010714281250002955,49,37,Track 0,15210,3,Drum Kit _ 1
50.910693072916665,0.3357141458333359,63,114,Track 0,15119,94,Electric Grand Piano _ 1
51.28569291666667,0.01071428124999585,49,40,Track 0,15224,3,Drum Kit _ 1
51.34283575,0.010714281250002955,49,42,Track 0,15240,3,Drum Kit _ 1
51.26069292708333,0.14642851041666205,55,68,Track 0,15217,41,Flute _ 1
51.41069286458333,0.010714281250002955,49,44,Track 0,15259,3,Drum Kit _ 1
49.21426520833333,2.2285705000000036,67,73,Track 0,14644,624,Overdriven Guitar _ 1
51.43212142708333,0.09285710416666859,63,104,Track 0,15265,26,Electric Grand Piano _ 1
51.41426429166667,0.12499994791666325,60,75,Track 0,15260,35,Flute _ 1
51.9428355,0.01071428124999585,42,62,Track 0,15408,3,Drum Kit _ 1
51.91069265625,0.11071423958333071,60,74,Track 0,15399,31,Flute _ 1
51.9428355,0.0892856770833319,63,101,Track 0,15408,25,Electric Grand Piano _ 1
51.9428355,0.09285710416666149,67,107,Track 0,15408,26,Electric Grand Piano _ 1
52.27497821875,0.12142852083333366,58,64,Track 0,15501,34,Flute _ 1
52.457121,0.01071428124999585,42,58,Track 0,15552,3,Drum Kit _ 1
52.453549572916664,0.07142854166666979,63,97,Track 0,15551,20,Electric Grand Piano _ 1
52.43926386458333,0.08571425000000232,60,64,Track 0,15547,24,Flute _ 1
52.453549572916664,0.07857139583333606,67,100,Track 0,15551,22,Electric Grand Piano _ 1
52.967835072916664,0.010714281250002955,42,62,Track 0,15695,3,Drum Kit _ 1
52.97497792708333,0.05714283333333725,60,96,Track 0,15697,16,Electric Grand Piano _ 1
52.967835072916664,0.0892856770833319,67,102,Track 0,15695,25,Electric Grand Piano _ 1
52.967835072916664,0.0892856770833319,63,94,Track 0,15695,25,Electric Grand Piano _ 1
52.760692302083335,0.37857127083333353,55,65,Track 0,15637,106,Flute _ 1
53.30712064583333,0.14999993750000584,55,62,Track 0,15790,42,Flute _ 1
53.485692,0.01071428124999585,42,66,Track 0,15840,3,Drum Kit _ 1
53.48212057291666,0.07499996874999937,68,96,Track 0,15839,21,Electric Grand Piano _ 1
53.48926342708333,0.07142854166666979,70,92,Track 0,15841,20,Electric Grand Piano _ 1
53.48212057291666,0.09999995833333486,65,100,Track 0,15839,28,Electric Grand Piano _ 1
53.485692,0.09642853124999817,62,100,Track 0,15840,27,Electric Grand Piano _ 1
53.828548999999995,0.010714281250002955,38,15,Track 0,15936,3,Drum Kit _ 1
53.88569183333333,0.01071428124999585,38,15,Track 0,15952,3,Drum Kit _ 1
53.935691812499996,0.010714281250002955,38,16,Track 0,15966,3,Drum Kit _ 1
53.83569185416667,0.14285708333333247,60,64,Track 0,15938,40,Flute _ 1
53.992834645833334,0.01071428124999585,38,15,Track 0,15982,3,Drum Kit _ 1
53.9999775,0.01071428124999585,42,69,Track 0,15984,3,Drum Kit _ 1
54.046406052083334,0.01071428124999585,38,17,Track 0,15997,3,Drum Kit _ 1
53.99640607291666,0.06428568750000352,68,100,Track 0,15983,18,Electric Grand Piano _ 1
53.9999775,0.07499996874999937,65,104,Track 0,15984,21,Electric Grand Piano _ 1
53.9999775,0.07857139583332895,70,98,Track 0,15984,22,Electric Grand Piano _ 1
53.9999775,0.08571424999999522,62,104,Track 0,15984,24,Electric Grand Piano _ 1
54.103548885416664,0.010714281250002955,38,15,Track 0,16013,3,Drum Kit _ 1
54.16426314583333,0.010714281250002955,38,15,Track 0,16030,3,Drum Kit _ 1
54.21783455208333,0.010714281250002955,38,16,Track 0,16045,3,Drum Kit _ 1
54.27497738541666,0.010714281250002955,38,18,Track 0,16061,3,Drum Kit _ 1
54.33569164583333,0.010714281250002955,38,16,Track 0,16078,3,Drum Kit _ 1
54.38926305208333,0.010714281250002955,38,20,Track 0,16093,3,Drum Kit _ 1
54.44640588541667,0.01071428124999585,38,15,Track 0,16109,3,Drum Kit _ 1
54.34997735416667,0.1321428020833295,63,66,Track 0,16082,37,Flute _ 1
54.50354871875,0.010714281250002955,38,16,Track 0,16125,3,Drum Kit _ 1
54.514263,0.01071428124999585,42,62,Track 0,16128,3,Drum Kit _ 1
54.557120125,0.010714281250002955,38,19,Track 0,16140,3,Drum Kit _ 1
54.51069157291666,0.07857139583333606,68,100,Track 0,16127,22,Electric Grand Piano _ 1
54.51783442708333,0.07499996874999937,70,100,Track 0,16129,21,Electric Grand Piano _ 1
54.51069157291666,0.08928567708333901,65,102,Track 0,16127,25,Electric Grand Piano _ 1
54.50354871875,0.09999995833333486,62,68,Track 0,16125,28,Flute _ 1
54.617834385416664,0.010714281250002955,38,26,Track 0,16157,3,Drum Kit _ 1
54.671405791666665,0.010714281250002955,38,22,Track 0,16172,3,Drum Kit _ 1
54.724977197916665,0.010714281250002955,38,23,Track 0,16187,3,Drum Kit _ 1
54.782120031249995,0.010714281250002955,38,25,Track 0,16203,3,Drum Kit _ 1
54.84640571875,0.010714281250002955,38,26,Track 0,16221,3,Drum Kit _ 1
54.899977125,0.01071428124999585,38,31,Track 0,16236,3,Drum Kit _ 1
54.83926286458333,0.09999995833333486,60,62,Track 0,16219,28,Flute _ 1
54.964262812499996,0.010714281250002955,38,27,Track 0,16254,3,Drum Kit _ 1
55.01426279166667,0.01071428124999585,38,32,Track 0,16268,3,Drum Kit _ 1
55.02497707291666,0.010714281250002955,42,68,Track 0,16271,3,Drum Kit _ 1
55.074977052083334,0.01071428124999585,38,30,Track 0,16285,3,Drum Kit _ 1
55.02497707291666,0.08214282291666564,68,91,Track 0,16271,23,Electric Grand Piano _ 1
55.0285485,0.10357138541666444,70,97,Track 0,16272,29,Electric Grand Piano _ 1
55.13926273958333,0.010714281250002955,38,33,Track 0,16303,3,Drum Kit _ 1
55.0285485,0.12499994791666325,62,105,Track 0,16272,35,Electric Grand Piano _ 1
55.0285485,0.12857137499999993,65,106,Track 0,16272,36,Electric Grand Piano _ 1
55.19283414583333,0.010714281250002955,38,31,Track 0,16318,3,Drum Kit _ 1
55.24997697916667,0.01071428124999585,38,36,Track 0,16334,3,Drum Kit _ 1
55.3071198125,0.010714281250002955,38,33,Track 0,16350,3,Drum Kit _ 1
51.43212142708333,3.8892840937499997,36,104,Track 0,15265,1089,Electric Grand Piano _ 1
51.25355007291667,4.096426864583329,48,87,Track 0,15215,1147,Electric Bass (finger) _ 1
55.36426264583333,0.010714281250002955,38,36,Track 0,16366,3,Drum Kit _ 1
55.41783405208333,0.010714281250002955,38,41,Track 0,16381,3,Drum Kit _ 1
55.01069136458333,0.4321426770833341,60,68,Track 0,16267,121,Flute _ 1
55.46426260416666,0.010714281250002955,38,40,Track 0,16394,3,Drum Kit _ 1
55.52854829166667,0.01071428124999585,38,45,Track 0,16412,3,Drum Kit _ 1
55.53926257291666,0.010714281250002955,36,73,Track 0,16415,3,Drum Kit _ 1
55.542834,0.01071428124999585,42,71,Track 0,16416,3,Drum Kit _ 1
55.542834,0.01071428124999585,34,95,Track 0,16416,3,Drum Kit _ 1
55.553548281249995,0.010714281250002955,81,70,Track 0,16419,3,Drum Kit _ 1
55.53926257291666,0.09642853125000528,67,109,Track 0,16415,27,Electric Grand Piano _ 1
55.53926257291666,0.09642853125000528,63,102,Track 0,16415,27,Electric Grand Piano _ 1
55.542834,0.09642853124999817,60,107,Track 0,16416,27,Electric Grand Piano _ 1
55.87497671875,0.1142856666666674,58,67,Track 0,16509,32,Flute _ 1
56.05354807291666,0.010714281250002955,42,69,Track 0,16559,3,Drum Kit _ 1
56.05354807291666,0.09642853125000528,63,98,Track 0,16559,27,Electric Grand Piano _ 1
56.05354807291666,0.09642853125000528,67,104,Track 0,16559,27,Electric Grand Piano _ 1
56.046405218749996,0.10714281250000113,60,78,Track 0,16557,30,Flute _ 1
56.378547937499995,0.12499994791667035,58,56,Track 0,16650,35,Flute _ 1
56.56783357291666,0.010714281250002955,42,69,Track 0,16703,3,Drum Kit _ 1
56.56783357291666,0.08214282291667274,67,104,Track 0,16703,23,Electric Grand Piano _ 1
56.5499764375,0.10714281250000113,60,68,Track 0,16698,30,Flute _ 1
56.571405,0.0892856770833319,63,96,Track 0,16704,25,Electric Grand Piano _ 1
57.08211907291666,0.010714281250002955,42,67,Track 0,16847,3,Drum Kit _ 1
57.089261927083335,0.07857139583332895,60,102,Track 0,16849,22,Electric Grand Piano _ 1
57.08211907291666,0.10357138541667155,63,100,Track 0,16847,29,Electric Grand Piano _ 1
56.86069059375,0.3357141458333288,55,70,Track 0,16785,94,Flute _ 1
57.089261927083335,0.11071423958333071,67,107,Track 0,16849,31,Electric Grand Piano _ 1
57.3642618125,0.14999993749999874,55,61,Track 0,16926,42,Flute _ 1
57.599976,0.010714281250002955,42,70,Track 0,16992,3,Drum Kit _ 1
57.56069030208333,0.11071423958333781,62,76,Track 0,16981,31,Flute _ 1
57.59640457291667,0.07857139583332895,68,115,Track 0,16991,22,Electric Grand Piano _ 1
57.599976,0.08571425000000232,65,113,Track 0,16992,24,Electric Grand Piano _ 1
57.599976,0.0892856770833319,70,113,Track 0,16992,25,Electric Grand Piano _ 1
58.11069007291667,0.01071428124999585,42,65,Track 0,17135,3,Drum Kit _ 1
58.11069007291667,0.07857139583332895,70,103,Track 0,17135,22,Electric Grand Piano _ 1
58.1142615,0.08214282291666564,65,111,Track 0,17136,23,Electric Grand Piano _ 1
58.1142615,0.08571425000000232,68,105,Track 0,17136,24,Electric Grand Piano _ 1
57.88569016666666,0.3142855833333371,62,66,Track 0,17072,88,Flute _ 1
55.517834010416664,2.8178559687500027,48,73,Track 0,16409,789,Overdriven Guitar _ 1
58.28926142708333,0.0892856770833319,62,64,Track 0,17185,25,Flute _ 1
58.428547083333335,0.11785709374999698,62,62,Track 0,17224,33,Flute _ 1
58.628547,0.010714281250002955,42,67,Track 0,17280,3,Drum Kit _ 1
58.628547,0.07857139583333606,46,43,Track 0,17280,22,Electric Bass (finger) _ 1
58.58926130208333,0.12142852083333366,63,74,Track 0,17269,34,Flute _ 1
58.62497557291667,0.08571424999999522,67,110,Track 0,17279,24,Electric Grand Piano _ 1
58.628547,0.08571425000000232,70,107,Track 0,17280,24,Electric Grand Piano _ 1
58.79283264583333,0.010714281250002955,36,47,Track 0,17326,3,Drum Kit _ 1
58.62497557291667,0.20714277083332888,48,81,Track 0,17279,58,Electric Bass (finger) _ 1
58.62140414583333,0.25714274999999986,65,90,Track 0,17278,72,Overdriven Guitar _ 1
58.796404072916665,0.16428564583333127,43,74,Track 0,17327,46,Electric Bass (finger) _ 1
58.96783257291666,0.010714281250002955,36,54,Track 0,17375,3,Drum Kit _ 1
58.96068971875,0.1142856666666674,65,94,Track 0,17373,32,Overdriven Guitar _ 1
59.12497536458333,0.010714281250002955,38,68,Track 0,17419,3,Drum Kit _ 1
59.1428325,0.010714281250002955,38,63,Track 0,17424,3,Drum Kit _ 1
59.1428325,0.010714281250002955,42,65,Track 0,17424,3,Drum Kit _ 1
58.95354686458333,0.27857131249999867,67,73,Track 0,17371,78,Flute _ 1
59.146403927083334,0.09285710416666149,63,106,Track 0,17425,26,Electric Grand Piano _ 1
58.971404,0.2714284583333324,46,80,Track 0,17376,76,Electric Bass (finger) _ 1
59.1428325,0.1142856666666674,70,102,Track 0,17424,32,Electric Grand Piano _ 1
59.13926107291667,0.16785707291666085,60,87,Track 0,17423,47,Overdriven Guitar _ 1
59.314260999999995,0.010714281250002955,36,73,Track 0,17472,3,Drum Kit _ 1
59.146403927083334,0.1821427812500005,41,59,Track 0,17425,51,Electric Bass (finger) _ 1
59.310689572916665,0.16428564583333127,43,81,Track 0,17471,46,Electric Bass (finger) _ 1
59.48211807291666,0.010714281250002955,85,17,Track 0,17519,3,Drum Kit _ 1
59.4856895,0.14285708333333247,41,88,Track 0,17520,40,Electric Grand Piano _ 1
59.65354657291667,0.01071428124999585,85,56,Track 0,17567,3,Drum Kit _ 1
59.657118,0.010714281250002955,42,72,Track 0,17568,3,Drum Kit _ 1
59.660689427083334,0.01071428124999585,36,66,Track 0,17569,3,Drum Kit _ 1
59.30711814583333,0.4107141145833353,63,92,Track 0,17470,115,Overdriven Guitar _ 1
59.64997514583333,0.07142854166666979,70,114,Track 0,17566,20,Electric Grand Piano _ 1
59.65354657291667,0.07499996874999937,67,118,Track 0,17567,21,Electric Grand Piano _ 1
59.65354657291667,0.21428562499999515,39,109,Track 0,17567,60,Electric Grand Piano _ 1
59.83211792708333,0.0892856770833319,67,69,Track 0,17617,25,Flute _ 1
60.1714035,0.010714281250002955,42,74,Track 0,17712,3,Drum Kit _ 1
60.1714035,0.010714281250002955,38,68,Track 0,17712,3,Drum Kit _ 1
60.007117854166665,0.37857127083333353,67,72,Track 0,17666,106,Flute _ 1
60.16783207291667,0.2249999062499981,39,98,Track 0,17711,63,Electric Bass (finger) _ 1
60.16783207291667,0.4071426874999986,63,96,Track 0,17711,114,Electric Grand Piano _ 1
59.65354657291667,0.9214281874999983,58,68,Track 0,17567,258,Choir Aahs _ 1
60.16783207291667,0.4249998229166678,70,103,Track 0,17711,119,Electric Grand Piano _ 1
60.5142605,0.1142856666666674,51,104,Track 0,17808,32,Electric Grand Piano _ 1
60.68211757291667,0.01071428124999585,85,48,Track 0,17855,3,Drum Kit _ 1
60.685688999999996,0.010714281250002955,42,77,Track 0,17856,3,Drum Kit _ 1
60.68926042708333,0.01071428124999585,36,65,Track 0,17857,3,Drum Kit _ 1
60.68211757291667,0.07499996874999937,62,68,Track 0,17855,21,Distortion Guitar _ 1
60.68211757291667,0.07499996874999937,67,120,Track 0,17855,21,Electric Grand Piano _ 1
60.68211757291667,0.08214282291666564,70,118,Track 0,17855,23,Electric Grand Piano _ 1
60.6642604375,0.17142849999999754,65,77,Track 0,17850,48,Flute _ 1
60.68211757291667,0.23214276041666437,38,101,Track 0,17855,65,Electric Grand Piano _ 1
60.685688999999996,0.4714283750000021,58,75,Track 0,17856,132,Choir Aahs _ 1
61.199974499999996,0.010714281250002955,38,68,Track 0,18000,3,Drum Kit _ 1
61.199974499999996,0.010714281250002955,42,74,Track 0,18000,3,Drum Kit _ 1
60.94997460416667,0.5571426249999973,65,61,Track 0,17930,156,Flute _ 1
61.19640307291667,0.364285562500001,62,99,Track 0,17999,102,Electric Grand Piano _ 1
61.19640307291667,0.39285697916666606,70,101,Track 0,17999,110,Electric Grand Piano _ 1
61.199974499999996,0.42499982291667493,67,108,Track 0,18000,119,Electric Grand Piano _ 1
61.54283149999999,0.13214280208333662,50,104,Track 0,18096,37,Electric Grand Piano _ 1
61.199974499999996,0.48928551041666424,74,70,Track 0,18000,137,Choir Aahs _ 1
61.714259999999996,0.010714281250002955,42,79,Track 0,18144,3,Drum Kit _ 1
61.714259999999996,0.010714281250002955,36,60,Track 0,18144,3,Drum Kit _ 1
61.714259999999996,0.010714281250002955,85,48,Track 0,18144,3,Drum Kit _ 1
61.714259999999996,0.07142854166666268,70,106,Track 0,18144,20,Electric Grand Piano _ 1
61.710688572916666,0.07857139583333606,61,107,Track 0,18143,22,Electric Grand Piano _ 1
61.714259999999996,0.08571424999999522,67,77,Track 0,18144,24,Choir Aahs _ 1
61.710688572916666,0.19642848958332593,37,86,Track 0,18143,55,Electric Bass (finger) _ 1
61.710688572916666,0.21428562500000226,63,78,Track 0,18143,60,Flute _ 1
62.02140272916667,0.11071423958333071,63,50,Track 0,18230,31,Flute _ 1
62.224974072916666,0.010714281250002955,38,68,Track 0,18287,3,Drum Kit _ 1
62.228545499999996,0.010714281250002955,42,65,Track 0,18288,3,Drum Kit _ 1
61.714259999999996,0.5642854791666707,58,61,Track 0,18144,158,Choir Aahs _ 1
62.21425979166666,0.10714281250000113,63,67,Track 0,18284,30,Flute _ 1
61.714259999999996,0.7249996979166724,55,80,Track 0,18144,203,Choir Aahs _ 1
62.228545499999996,0.2464284687499969,37,92,Track 0,18288,69,Electric Bass (finger) _ 1
62.224974072916666,0.2678570312500028,67,107,Track 0,18287,75,Electric Grand Piano _ 1
62.232116927083325,0.2964284479166679,70,111,Track 0,18289,83,Electric Grand Piano _ 1
62.224974072916666,0.32499986458333296,61,100,Track 0,18287,91,Electric Grand Piano _ 1
62.56068821875,0.10714281250000113,63,74,Track 0,18381,30,Flute _ 1
62.571402500000005,0.11428566666666029,51,56,Track 0,18384,32,Choir Aahs _ 1
62.56783107291666,0.13214280208333662,49,97,Track 0,18383,37,Electric Grand Piano _ 1
62.56783107291666,0.1357142291666662,37,87,Track 0,18383,38,Electric Bass (finger) _ 1
62.571402500000005,0.1571427916666579,58,64,Track 0,18384,44,Choir Aahs _ 1
62.739259572916666,0.0035714270833295814,63,107,Track 0,18431,1,Electric Grand Piano _ 1
62.571402500000005,0.17499992708332002,55,71,Track 0,18384,49,Choir Aahs _ 1
62.739259572916666,0.010714281250002955,85,38,Track 0,18431,3,Drum Kit _ 1
62.742830999999995,0.02142856250000591,36,64,Track 0,18432,6,Drum Kit _ 1
62.742830999999995,0.02499998958333549,42,71,Track 0,18432,7,Drum Kit _ 1
62.742830999999995,0.06071426041667394,63,72,Track 0,18432,17,Choir Aahs _ 1
62.739259572916666,0.0678571145833331,60,54,Track 0,18431,19,Distortion Guitar _ 1
62.739259572916666,0.08928567708333901,68,104,Track 0,18431,25,Electric Grand Piano _ 1
62.742830999999995,0.2285713333333348,56,74,Track 0,18432,64,Choir Aahs _ 1
62.739259572916666,0.2535713229166703,32,74,Track 0,18431,71,Electric Bass (finger) _ 1
62.742830999999995,0.2535713229166703,51,67,Track 0,18432,71,Choir Aahs _ 1
63.257116499999995,0.010714281250002955,42,66,Track 0,18576,3,Drum Kit _ 1
63.260687927083325,0.010714281250002955,38,68,Track 0,18577,3,Drum Kit _ 1
63.260687927083325,0.16428564583334548,32,83,Track 0,18577,46,Electric Bass (finger) _ 1
63.053545156249996,0.46071409374999917,63,77,Track 0,18519,129,Flute _ 1
63.085688000000005,0.4499998124999962,56,66,Track 0,18528,126,Choir Aahs _ 1
63.085688000000005,0.4571426666666554,60,71,Track 0,18528,128,Choir Aahs _ 1
63.085688000000005,0.4785712291666613,68,74,Track 0,18528,134,Choir Aahs _ 1
63.59640207291666,0.010714281250002955,85,32,Track 0,18671,3,Drum Kit _ 1
63.599973500000004,0.028571416666665073,56,51,Track 0,18672,8,Choir Aahs _ 1
63.599973500000004,0.04999997916665677,63,61,Track 0,18672,14,Choir Aahs _ 1
63.603544927083334,0.13928565624999578,44,86,Track 0,18673,39,Electric Grand Piano _ 1
63.599973500000004,0.14642851041665494,59,69,Track 0,18672,41,Choir Aahs _ 1
63.599973500000004,0.14999993749999874,51,54,Track 0,18672,42,Choir Aahs _ 1
63.767830572916665,0.010714281250002955,85,45,Track 0,18719,3,Drum Kit _ 1
63.771401999999995,0.010714281250002955,42,67,Track 0,18720,3,Drum Kit _ 1
63.771401999999995,0.010714281250002955,36,62,Track 0,18720,3,Drum Kit _ 1
63.767830572916665,0.06428568750000352,63,102,Track 0,18719,18,Electric Grand Piano _ 1
63.767830572916665,0.07499996875000647,56,103,Track 0,18719,21,Electric Grand Piano _ 1
63.767830572916665,0.07499996875000647,59,118,Track 0,18719,21,Electric Grand Piano _ 1
63.767830572916665,0.16785707291666085,32,94,Track 0,18719,47,Electric Bass (finger) _ 1
63.92140193749999,0.07857139583333606,63,77,Track 0,18762,22,Flute _ 1
63.771401999999995,0.23571418750000817,51,66,Track 0,18720,66,Choir Aahs _ 1
64.08211615625,0.14999993749999874,59,63,Track 0,18807,42,Flute _ 1
64.28211607291666,0.010714281250002955,85,46,Track 0,18863,3,Drum Kit _ 1
64.28211607291666,0.010714281250002955,42,71,Track 0,18863,3,Drum Kit _ 1
64.28925892708334,0.010714281249988744,38,68,Track 0,18865,3,Drum Kit _ 1
64.28925892708334,0.11428566666666029,32,87,Track 0,18865,32,Electric Bass (finger) _ 1
64.28211607291666,0.19285706249999635,59,95,Track 0,18863,54,Electric Grand Piano _ 1
64.114259,0.4928569374999938,63,79,Track 0,18816,138,Choir Aahs _ 1
64.61068736458333,0.04285712499999761,59,65,Track 0,18955,12,Flute _ 1
64.114259,0.5571426249999973,56,71,Track 0,18816,156,Choir Aahs _ 1
64.114259,0.6142854583333275,68,70,Track 0,18816,172,Choir Aahs _ 1
64.6285445,0.14285708333332536,44,92,Track 0,18960,40,Electric Grand Piano _ 1
64.79640157291666,0.010714281250002955,85,56,Track 0,19007,3,Drum Kit _ 1
64.79640157291666,0.010714281250002955,42,71,Track 0,19007,3,Drum Kit _ 1
64.799973,0.010714281250002955,36,61,Track 0,19008,3,Drum Kit _ 1
64.79640157291666,0.07499996875000647,55,107,Track 0,19007,21,Electric Grand Piano _ 1
64.79283014583334,0.0892856770833248,58,67,Track 0,19006,25,Flute _ 1
64.80354442708334,0.09285710416665438,63,110,Track 0,19009,26,Electric Grand Piano _ 1
64.799973,0.2035713437499993,34,91,Track 0,19008,57,Electric Bass (finger) _ 1
65.13211571875,0.11428566666666029,58,52,Track 0,19101,32,Flute _ 1
65.3142585,0.010714281250002955,42,79,Track 0,19152,3,Drum Kit _ 1
65.3142585,0.010714281250002955,85,58,Track 0,19152,3,Drum Kit _ 1
65.31782992708334,0.010714281249988744,38,81,Track 0,19153,3,Drum Kit _ 1
65.30354421874999,0.16428564583334548,58,71,Track 0,19149,46,Flute _ 1
65.31068707291666,0.19999991666666972,55,109,Track 0,19151,56,Electric Grand Piano _ 1
65.3142585,0.22142847916667563,51,66,Track 0,19152,62,Choir Aahs _ 1
65.3142585,0.23214276041666437,63,67,Track 0,19152,65,Choir Aahs _ 1
65.31068707291666,0.3428569999999951,34,84,Track 0,19151,96,Electric Bass (finger) _ 1
65.58925838541667,0.08571424999999522,58,61,Track 0,19229,24,Flute _ 1
65.6571155,0.057142833333330145,63,56,Track 0,19248,16,Choir Aahs _ 1
65.65354407291666,0.07857139583333606,29,75,Track 0,19247,22,Electric Bass (finger) _ 1
65.6571155,0.08214282291666564,51,54,Track 0,19248,23,Choir Aahs _ 1
65.65354407291666,0.1142856666666745,41,88,Track 0,19247,32,Electric Grand Piano _ 1
65.6571155,0.1321428020833224,55,64,Track 0,19248,37,Choir Aahs _ 1
65.828544,0.010714281250002955,85,53,Track 0,19296,3,Drum Kit _ 1
65.828544,0.010714281250002955,36,59,Track 0,19296,3,Drum Kit _ 1
65.828544,0.010714281250002955,42,71,Track 0,19296,3,Drum Kit _ 1
65.81782971874999,0.08214282291667985,56,73,Track 0,19293,23,Choir Aahs _ 1
65.82140114583333,0.08214282291666564,60,80,Track 0,19294,23,Choir Aahs _ 1
65.82497257291666,0.08928567708333901,63,107,Track 0,19295,25,Electric Grand Piano _ 1
65.79282972916667,0.12857137499999283,58,60,Track 0,19286,36,Flute _ 1
65.81425829166666,0.2499998958333407,51,65,Track 0,19292,70,Choir Aahs _ 1
65.828544,0.32499986458333296,34,84,Track 0,19296,91,Electric Bass (finger) _ 1
66.16782957291666,0.014285708333332536,36,81,Track 0,19391,4,Electric Bass (finger) _ 1
66.11782959375,0.1357142291666662,58,56,Track 0,19377,38,Flute _ 1
66.3428295,0.010714281250002955,38,68,Track 0,19440,3,Drum Kit _ 1
66.3428295,0.010714281250002955,42,64,Track 0,19440,3,Drum Kit _ 1
66.3428295,0.010714281250002955,85,56,Track 0,19440,3,Drum Kit _ 1
66.33925807291666,0.1357142291666662,58,59,Track 0,19439,38,Distortion Guitar _ 1
66.3428295,0.14285708333333957,34,90,Track 0,19440,40,Electric Bass (finger) _ 1
66.171401,0.3857141249999927,63,75,Track 0,19392,108,Choir Aahs _ 1
66.171401,0.4071426874999986,60,71,Track 0,19392,114,Choir Aahs _ 1
66.171401,0.4107141145833282,68,77,Track 0,19392,115,Choir Aahs _ 1
66.171401,0.41428554166665776,56,72,Track 0,19392,116,Choir Aahs _ 1
65.82497257291666,0.8035710937499942,46,111,Track 0,19295,225,Electric Grand Piano _ 1
66.68925792708333,0.16428564583333127,41,100,Track 0,19537,46,Electric Grand Piano _ 1
66.68211507291666,0.17142850000000465,29,78,Track 0,19535,48,Electric Bass (finger) _ 1
66.84997214583333,0.010714281250002955,36,78,Track 0,19582,3,Drum Kit _ 1
66.85354357291666,0.010714281250002955,85,64,Track 0,19583,3,Drum Kit _ 1
66.857115,0.010714281250002955,49,42,Track 0,19584,3,Drum Kit _ 1
66.64282937499999,1.1642852291666799,67,68,Track 0,19524,326,Flute _ 1
67.89282885416667,0.2285713333333348,67,80,Track 0,19874,64,Flute _ 1
68.20354301041667,0.264285604166659,67,73,Track 0,19961,74,Flute _ 1
66.85354357291666,1.8071421041666724,34,108,Track 0,19583,506,Electric Bass (finger) _ 1
66.6856865,1.996427739583325,56,68,Track 0,19536,559,Choir Aahs _ 1
66.6856865,2.028570583333334,65,80,Track 0,19536,568,Choir Aahs _ 1
66.6856865,2.0321420104166634,62,73,Track 0,19536,569,Choir Aahs _ 1
66.85354357291666,1.8749992187500055,58,65,Track 0,19583,525,Distortion Guitar _ 1
68.55711429166666,0.17499992708333423,67,74,Track 0,20060,49,Flute _ 1
66.6856865,2.1999990833333243,70,75,Track 0,19536,616,Choir Aahs _ 1
68.91068557291666,0.010714281250002955,36,64,Track 0,20159,3,Drum Kit _ 1
68.91425699999999,0.010714281250002955,85,24,Track 0,20160,3,Drum Kit _ 1
68.91425699999999,0.010714281250002955,42,71,Track 0,20160,3,Drum Kit _ 1
68.91068557291666,0.0678571145833331,59,104,Track 0,20159,19,Electric Grand Piano _ 1
68.91068557291666,0.07142854166666268,55,86,Track 0,20159,20,Electric Grand Piano _ 1
68.91782842708334,0.07857139583332184,62,103,Track 0,20161,22,Electric Grand Piano _ 1
68.91068557291666,0.09999995833334197,65,87,Track 0,20159,28,Electric Grand Piano _ 1
68.871399875,0.2928570208333383,67,88,Track 0,20148,82,Flute _ 1
69.21068544791666,0.1357142291666662,67,73,Track 0,20243,38,Flute _ 1
68.91425699999999,0.4357141041666779,71,40,Track 0,20160,122,Choir Aahs _ 1
69.42854249999999,0.010714281250002955,42,66,Track 0,20304,3,Drum Kit _ 1
69.43211392708334,0.010714281249988744,38,68,Track 0,20305,3,Drum Kit _ 1
68.91425699999999,0.5642854791666707,31,101,Track 0,20160,158,Electric Grand Piano _ 1
69.42854249999999,0.06071426041667394,55,94,Track 0,20304,17,Electric Grand Piano _ 1
69.43211392708334,0.06428568749998931,59,96,Track 0,20305,18,Electric Grand Piano _ 1
69.42854249999999,0.08214282291666564,62,100,Track 0,20304,23,Electric Grand Piano _ 1
69.42497107291666,0.09285710416666859,65,109,Track 0,20303,26,Electric Grand Piano _ 1
69.4071139375,0.23571418749999395,67,77,Track 0,20298,66,Flute _ 1
69.76782807291666,0.010714281250002955,85,42,Track 0,20399,3,Drum Kit _ 1
69.74639951041667,0.1571427916666721,67,66,Track 0,20393,44,Flute _ 1
69.76782807291666,0.15357136458334253,31,113,Track 0,20399,43,Electric Grand Piano _ 1
69.93925657291666,0.010714281250002955,36,88,Track 0,20447,3,Electric Bass (finger) _ 1
69.93925657291666,0.010714281250002955,85,35,Track 0,20447,3,Drum Kit _ 1
69.94282799999999,0.010714281250002955,42,69,Track 0,20448,3,Drum Kit _ 1
69.94639942708334,0.06071426041665973,55,100,Track 0,20449,17,Electric Grand Piano _ 1
69.93925657291666,0.07499996875000647,60,105,Track 0,20447,21,Electric Grand Piano _ 1
69.93925657291666,0.08571424999999522,63,96,Track 0,20447,24,Electric Grand Piano _ 1
70.28211357291667,0.010714281249988744,36,16,Track 0,20543,3,Drum Kit _ 1
70.13211363541666,0.2285713333333348,60,73,Track 0,20501,64,Flute _ 1
70.45354207291666,0.010714281250002955,38,68,Track 0,20591,3,Drum Kit _ 1
70.45711349999999,0.010714281250002955,42,64,Track 0,20592,3,Drum Kit _ 1
70.45354207291666,0.08571425000000943,55,108,Track 0,20591,24,Electric Grand Piano _ 1
70.45354207291666,0.08571425000000943,63,98,Track 0,20591,24,Electric Grand Piano _ 1
70.45711349999999,0.08571425000000943,60,77,Track 0,20592,24,Choir Aahs _ 1
70.628542,0.11071423958333071,53,74,Track 0,20640,31,Choir Aahs _ 1
70.628542,0.12142852083333366,62,68,Track 0,20640,34,Choir Aahs _ 1
70.628542,0.12142852083333366,58,68,Track 0,20640,34,Choir Aahs _ 1
70.7999705,0.010714281250002955,85,19,Track 0,20688,3,Drum Kit _ 1
70.76068480208333,0.1607142187500017,55,68,Track 0,20677,45,Flute _ 1
70.7999705,0.12499994791666325,51,67,Track 0,20688,35,Choir Aahs _ 1
70.7999705,0.1357142291666662,60,73,Track 0,20688,38,Choir Aahs _ 1
70.96782757291666,0.010714281250002955,42,63,Track 0,20735,3,Drum Kit _ 1
70.7999705,0.1821427812499934,36,107,Track 0,20688,51,Electric Grand Piano _ 1
70.97139899999999,0.010714281250002955,85,45,Track 0,20736,3,Drum Kit _ 1
70.96782757291666,0.07142854166666268,53,104,Track 0,20735,20,Electric Grand Piano _ 1
70.96425614583333,0.08571424999999522,58,67,Track 0,20734,24,Flute _ 1
70.97139899999999,0.09999995833334197,62,99,Track 0,20736,28,Electric Grand Piano _ 1
70.97139899999999,0.37499984375000395,46,88,Track 0,20736,105,Electric Bass (finger) _ 1
71.47854164583333,0.010714281250002955,38,68,Track 0,20878,3,Drum Kit _ 1
71.48568449999999,0.010714281250002955,42,74,Track 0,20880,3,Drum Kit _ 1
71.27854172916666,0.28928559375000873,58,74,Track 0,20822,81,Flute _ 1
71.48211307291666,0.09999995833334197,62,102,Track 0,20879,28,Electric Grand Piano _ 1
71.48925592708333,0.09285710416666859,53,102,Track 0,20881,26,Electric Grand Piano _ 1
71.31068457291667,0.274999885416662,43,94,Track 0,20831,77,Electric Bass (finger) _ 1
70.97497042708333,0.6964282812499931,34,102,Track 0,20737,195,Electric Grand Piano _ 1
71.65354157291667,0.11071423958333071,44,72,Track 0,20927,31,Electric Bass (finger) _ 1
71.67139870833333,0.13928565625001,58,75,Track 0,20932,39,Flute _ 1
71.82497007291667,0.010714281249988744,85,32,Track 0,20975,3,Drum Kit _ 1
71.81425579166667,0.1357142291666662,56,79,Track 0,20972,38,Flute _ 1
71.82497007291667,0.17142849999999044,34,91,Track 0,20975,48,Electric Grand Piano _ 1
71.99282714583333,0.010714281250002955,36,64,Track 0,21022,3,Drum Kit _ 1
71.99639857291666,0.010714281250002955,85,45,Track 0,21023,3,Drum Kit _ 1
71.99639857291666,0.010714281250002955,42,62,Track 0,21023,3,Drum Kit _ 1
71.83211292708333,0.19285706249999635,41,78,Track 0,20977,54,Electric Bass (finger) _ 1
71.98211286458333,0.08928567708333901,55,71,Track 0,21019,25,Flute _ 1
71.99639857291666,0.07499996875000647,58,107,Track 0,21023,21,Electric Grand Piano _ 1
71.99996999999999,0.08571425000000943,63,105,Track 0,21024,24,Electric Grand Piano _ 1
72.342827,0.010714281250002955,36,15,Track 0,21120,3,Drum Kit _ 1
72.50711264583333,0.010714281250002955,38,68,Track 0,21166,3,Drum Kit _ 1
72.51068407291666,0.010714281250002955,42,69,Track 0,21167,3,Drum Kit _ 1
72.5142555,0.06428568749998931,55,108,Track 0,21168,18,Electric Grand Piano _ 1
72.5142555,0.07857139583332184,58,99,Track 0,21168,22,Electric Grand Piano _ 1
71.99996999999999,0.5928568958333358,39,109,Track 0,21024,166,Electric Grand Piano _ 1
72.25354132291666,0.3607141354166714,63,62,Track 0,21095,101,Flute _ 1
72.8571125,0.010714281250002955,85,43,Track 0,21264,3,Drum Kit _ 1
72.85354107291667,0.1785713541666638,39,97,Track 0,21263,50,Electric Grand Piano _ 1
73.02496957291666,0.010714281250002955,42,81,Track 0,21311,3,Drum Kit _ 1
72.8356839375,0.19999991666666972,55,66,Track 0,21258,56,Flute _ 1
73.028541,0.010714281249988744,85,41,Track 0,21312,3,Drum Kit _ 1
73.03211242708333,0.010714281250002955,36,65,Track 0,21313,3,Drum Kit _ 1
73.03211242708333,0.03928569791666803,62,108,Track 0,21313,11,Electric Grand Piano _ 1
73.02496957291666,0.07142854166667689,66,105,Track 0,21311,20,Electric Grand Piano _ 1
73.03211242708333,0.07142854166666268,60,114,Track 0,21313,20,Electric Grand Piano _ 1
73.028541,0.08214282291666564,57,110,Track 0,21312,23,Electric Grand Piano _ 1
73.028541,0.1357142291666662,54,85,Track 0,21312,38,Electric Bass (finger) _ 1
72.99996958333332,0.16785707291667507,69,70,Track 0,21304,47,Flute _ 1
73.18211236458333,0.0892856770833248,55,61,Track 0,21355,25,Flute _ 1
73.19639807291667,0.12857137499999283,53,87,Track 0,21359,36,Electric Bass (finger) _ 1
73.33925515624999,0.07857139583333606,55,62,Track 0,21399,22,Flute _ 1
73.37496942708333,0.16428564583333127,51,84,Track 0,21409,46,Electric Bass (finger) _ 1
73.03211242708333,0.5142854999999997,38,113,Track 0,21313,144,Electric Grand Piano _ 1
73.53925507291666,0.010714281250002955,42,66,Track 0,21455,3,Drum Kit _ 1
73.5428265,0.057142833333330145,60,105,Track 0,21456,16,Electric Grand Piano _ 1
73.54639792708333,0.06428568750000352,62,104,Track 0,21457,18,Electric Grand Piano _ 1
73.54639792708333,0.07142854166666268,57,104,Track 0,21457,20,Electric Grand Piano _ 1
73.53925507291666,0.09285710416666859,50,81,Track 0,21455,26,Electric Bass (finger) _ 1
73.54639792708333,0.10357138541665734,66,104,Track 0,21457,29,Electric Grand Piano _ 1
73.52854079166666,0.14285708333333957,55,80,Track 0,21452,40,Flute _ 1
73.71782642708332,0.12142852083333366,48,86,Track 0,21505,34,Electric Bass (finger) _ 1
73.8856835,0.010714281250002955,85,32,Track 0,21552,3,Drum Kit _ 1
73.87854064583333,0.07142854166667689,55,72,Track 0,21550,20,Flute _ 1
73.88211207291667,0.17499992708333423,46,65,Track 0,21551,49,Electric Bass (finger) _ 1
74.057112,0.010714281249988744,36,72,Track 0,21600,3,Drum Kit _ 1
74.057112,0.010714281249988744,85,38,Track 0,21600,3,Drum Kit _ 1
74.057112,0.010714281249988744,42,41,Track 0,21600,3,Drum Kit _ 1
73.8856835,0.19999991666666972,38,102,Track 0,21552,56,Electric Grand Piano _ 1
74.04996914583333,0.14285708333333957,55,77,Track 0,21598,40,Flute _ 1
74.05354057291666,0.23928561458333775,67,117,Track 0,21599,67,Electric Grand Piano _ 1
74.05354057291666,0.24285704166666733,62,123,Track 0,21599,68,Electric Grand Piano _ 1
74.057112,0.2499998958333265,43,110,Track 0,21600,70,Electric Grand Piano _ 1
74.06068342708333,0.2535713229166703,58,108,Track 0,21601,71,Electric Grand Piano _ 1
74.16425481249999,0.2071427708333431,70,66,Track 0,21630,58,Flute _ 1
74.40354042708333,0.010714281250002955,36,22,Track 0,21697,3,Drum Kit _ 1
74.56782607291666,0.010714281250002955,42,83,Track 0,21743,3,Drum Kit _ 1
74.5713975,0.010714281249988744,38,68,Track 0,21744,3,Drum Kit _ 1
74.5713975,0.17142849999999044,65,73,Track 0,21744,48,Choir Aahs _ 1
74.52854037499999,0.21785705208334605,60,80,Track 0,21732,61,Flute _ 1
74.56782607291666,0.18571420833333718,57,118,Track 0,21743,52,Electric Grand Piano _ 1
74.5713975,0.22857133333332058,53,68,Track 0,21744,64,Choir Aahs _ 1
74.56782607291666,0.2499998958333407,41,110,Track 0,21743,70,Electric Grand Piano _ 1
74.9142545,0.08571424999999522,53,63,Track 0,21840,24,Choir Aahs _ 1
74.9142545,0.09999995833332775,65,60,Track 0,21840,28,Choir Aahs _ 1
74.9142545,0.10714281250000113,57,70,Track 0,21840,30,Choir Aahs _ 1
74.91068307291667,0.11071423958333071,60,68,Track 0,21839,31,Flute _ 1
75.085683,0.010714281249988744,42,66,Track 0,21888,3,Drum Kit _ 1
75.085683,0.010714281249988744,36,67,Track 0,21888,3,Drum Kit _ 1
75.085683,0.08214282291666564,53,105,Track 0,21888,23,Electric Grand Piano _ 1
75.085683,0.08571424999999522,58,79,Track 0,21888,24,Choir Aahs _ 1
75.07139729166667,0.11428566666666029,62,81,Track 0,21884,32,Flute _ 1
75.085683,0.17142849999999044,65,68,Track 0,21888,48,Choir Aahs _ 1
75.2571115,0.08571425000000943,62,74,Track 0,21936,24,Choir Aahs _ 1
75.59639707291666,0.010714281250002955,85,58,Track 0,22031,3,Drum Kit _ 1
75.59639707291666,0.010714281250002955,38,68,Track 0,22031,3,Drum Kit _ 1
75.5999685,0.010714281249988744,42,70,Track 0,22032,3,Drum Kit _ 1
75.085683,0.5964283229166654,34,103,Track 0,21888,167,Electric Grand Piano _ 1
75.5999685,0.08571424999999522,53,107,Track 0,22032,24,Electric Grand Piano _ 1
75.2571115,0.4321426770833341,58,70,Track 0,21936,121,Choir Aahs _ 1
75.2571115,0.4499998125000104,65,72,Track 0,21936,126,Choir Aahs _ 1
75.2571115,0.4499998125000104,70,68,Track 0,21936,126,Choir Aahs _ 1
75.59639707291666,0.1142856666666745,62,105,Track 0,22031,32,Electric Grand Piano _ 1
75.9428255,0.010714281250002955,85,30,Track 0,22128,3,Drum Kit _ 1
75.93925407291667,0.14285708333332536,46,96,Track 0,22127,40,Electric Grand Piano _ 1
75.93925407291667,0.14642851041666916,34,74,Track 0,22127,41,Electric Bass (finger) _ 1
76.114254,0.010714281249988744,85,56,Track 0,22176,3,Drum Kit _ 1
76.11068257291666,0.02142856250000591,42,65,Track 0,22175,6,Drum Kit _ 1
76.114254,0.02499998958332128,36,65,Track 0,22176,7,Drum Kit _ 1
76.09639686458333,0.1142856666666745,62,70,Track 0,22171,32,Flute _ 1
76.10711114583333,0.11071423958333071,57,107,Track 0,22174,31,Electric Grand Piano _ 1
76.11068257291666,0.1142856666666745,65,106,Track 0,22175,32,Electric Grand Piano _ 1
76.114254,0.4571426666666554,69,77,Track 0,22176,128,Choir Aahs _ 1
76.114254,0.4928569374999938,74,60,Track 0,22176,138,Choir Aahs _ 1
76.10711114583333,0.5249997812500027,38,110,Track 0,22174,147,Electric Grand Piano _ 1
76.62496807291666,0.007142854166673374,62,110,Track 0,22319,2,Electric Grand Piano _ 1
76.6285395,0.010714281249988744,42,76,Track 0,22320,3,Drum Kit _ 1
76.63211092708333,0.08214282291666564,57,111,Track 0,22321,23,Electric Grand Piano _ 1
76.62139664583333,0.1142856666666745,65,72,Track 0,22318,32,Flute _ 1
76.6285395,0.3607141354166572,72,83,Track 0,22320,101,Choir Aahs _ 1
76.6285395,0.3821426979166631,69,80,Track 0,22320,107,Choir Aahs _ 1
76.6285395,0.41428554166665776,77,70,Track 0,22320,116,Choir Aahs _ 1
76.96782507291667,0.13928565624999578,41,72,Track 0,22415,39,Electric Bass (finger) _ 1
76.96782507291667,0.16428564583333127,38,100,Track 0,22415,46,Electric Grand Piano _ 1
77.142825,0.010714281249988744,42,82,Track 0,22464,3,Drum Kit _ 1
77.14639642708333,0.010714281250002955,36,63,Track 0,22465,3,Drum Kit _ 1
77.13925357291666,0.07142854166667689,67,113,Track 0,22463,20,Electric Grand Piano _ 1
77.142825,0.07499996874999226,62,114,Track 0,22464,21,Electric Grand Piano _ 1
77.13925357291666,0.08214282291666564,70,112,Track 0,22463,23,Electric Grand Piano _ 1
77.6571105,0.010714281249988744,42,72,Track 0,22608,3,Drum Kit _ 1
77.66068192708333,0.010714281250002955,38,68,Track 0,22609,3,Drum Kit _ 1
77.47853914583332,0.2535713229166703,70,89,Track 0,22558,71,Flute _ 1
77.485682,0.2499998958333265,67,81,Track 0,22560,70,Choir Aahs _ 1
77.485682,0.26428560416667324,62,81,Track 0,22560,74,Choir Aahs _ 1
77.142825,0.6607140104166689,43,97,Track 0,22464,185,Electric Bass (finger) _ 1
77.99639607291667,0.010714281250002955,85,38,Track 0,22703,3,Drum Kit _ 1
77.9999675,0.10714281250000113,62,80,Track 0,22704,30,Choir Aahs _ 1
77.9999675,0.10714281250000113,65,56,Track 0,22704,30,Choir Aahs _ 1
77.96068180208333,0.1821427812500076,69,70,Track 0,22693,51,Flute _ 1
77.9999675,0.16785707291666085,41,100,Track 0,22704,47,Electric Grand Piano _ 1
78.16782457291666,0.010714281250002955,36,67,Track 0,22751,3,Drum Kit _ 1
78.171396,0.010714281249988744,42,70,Track 0,22752,3,Drum Kit _ 1
78.171396,0.010714281249988744,85,56,Track 0,22752,3,Drum Kit _ 1
78.16782457291666,0.08928567708333901,62,108,Track 0,22751,25,Electric Grand Piano _ 1
78.171396,0.0892856770833248,57,79,Track 0,22752,25,Choir Aahs _ 1
78.16068171875,0.10357138541667155,65,73,Track 0,22749,29,Flute _ 1
78.16782457291666,0.10357138541667155,69,105,Track 0,22751,29,Electric Grand Piano _ 1
78.34282449999999,0.1142856666666745,57,59,Track 0,22800,32,Choir Aahs _ 1
78.34282449999999,0.1357142291666662,53,68,Track 0,22800,38,Choir Aahs _ 1
78.30353880208332,0.1821427812500076,62,64,Track 0,22789,51,Flute _ 1
78.51068157291667,0.010714281250002955,36,20,Track 0,22847,3,Drum Kit _ 1
78.6856815,0.010714281250002955,42,60,Track 0,22896,3,Drum Kit _ 1
78.17496742708333,0.5249997812500027,38,111,Track 0,22753,147,Electric Grand Piano _ 1
78.514253,0.26071417708332945,62,75,Track 0,22848,73,Choir Aahs _ 1
78.47853872916666,0.3142855833333442,65,81,Track 0,22838,88,Flute _ 1
78.68925292708333,0.13214280208333662,69,105,Track 0,22897,37,Electric Grand Piano _ 1
78.514253,0.4821426562500051,57,73,Track 0,22848,135,Choir Aahs _ 1
79.0285385,0.010714281250002955,85,39,Track 0,22992,3,Drum Kit _ 1
79.02496707291667,0.1571427916666579,41,83,Track 0,22991,44,Electric Bass (finger) _ 1
79.19639557291666,0.010714281250002955,36,67,Track 0,23039,3,Drum Kit _ 1
79.199967,0.010714281250002955,85,62,Track 0,23040,3,Drum Kit _ 1
79.199967,0.010714281250002955,42,71,Track 0,23040,3,Drum Kit _ 1
79.19639557291666,0.08214282291667985,67,113,Track 0,23039,23,Electric Grand Piano _ 1
79.199967,0.08214282291666564,62,73,Track 0,23040,23,Choir Aahs _ 1
79.18925271875,0.09642853124999817,70,72,Track 0,23037,27,Flute _ 1
79.37139549999999,0.08571425000000943,67,73,Track 0,23088,24,Choir Aahs _ 1
79.36068121875,0.09642853124999817,70,63,Track 0,23085,27,Flute _ 1
79.37139549999999,0.09642853125001238,62,70,Track 0,23088,27,Choir Aahs _ 1
79.7142525,0.010714281250002955,42,67,Track 0,23184,3,Drum Kit _ 1
79.7142525,0.010714281250002955,38,68,Track 0,23184,3,Drum Kit _ 1
79.542824,0.23571418750000817,67,71,Track 0,23136,66,Choir Aahs _ 1
79.542824,0.2464284687499969,70,84,Track 0,23136,69,Flute _ 1
79.542824,0.25714274999999986,62,85,Track 0,23136,72,Choir Aahs _ 1
79.88568099999999,0.07142854166667689,65,72,Track 0,23232,20,Choir Aahs _ 1
79.88568099999999,0.07499996875000647,62,75,Track 0,23232,21,Choir Aahs _ 1
79.88568099999999,0.08571425000000943,69,68,Track 0,23232,24,Flute _ 1
79.199967,0.8071425208333238,43,106,Track 0,23040,226,Electric Grand Piano _ 1
80.05353807291667,0.010714281250002955,85,24,Track 0,23279,3,Drum Kit _ 1
80.0571095,0.08571424999999522,65,69,Track 0,23280,24,Choir Aahs _ 1
80.0571095,0.09642853124999817,62,67,Track 0,23280,27,Choir Aahs _ 1
80.04639521874999,0.11071423958333071,69,73,Track 0,23277,31,Flute _ 1
80.05353807291667,0.17142850000000465,41,78,Track 0,23279,48,Electric Bass (finger) _ 1
80.22496657291667,0.010714281249988744,36,66,Track 0,23327,3,Drum Kit _ 1
80.228538,0.010714281250002955,85,45,Track 0,23328,3,Drum Kit _ 1
80.228538,0.010714281250002955,42,71,Track 0,23328,3,Drum Kit _ 1
80.22496657291667,0.1357142291666662,64,119,Track 0,23327,38,Electric Grand Piano _ 1
80.20353801041666,0.16785707291666085,67,73,Track 0,23321,47,Flute _ 1
80.228538,0.14999993749999874,61,105,Track 0,23328,42,Electric Grand Piano _ 1
80.37139508333333,0.010714281250002955,64,74,Track 0,23368,3,Flute _ 1
80.22496657291667,0.20714277083332888,45,110,Track 0,23327,58,Electric Grand Piano _ 1
80.39996649999999,0.12142852083333366,64,70,Track 0,23376,34,Choir Aahs _ 1
80.39996649999999,0.13928565625001,57,64,Track 0,23376,39,Choir Aahs _ 1
80.39996649999999,0.14642851041666916,61,70,Track 0,23376,41,Choir Aahs _ 1
80.22496657291667,0.4714283749999879,33,91,Track 0,23327,132,Electric Bass (finger) _ 1
80.73925207291667,0.010714281249988744,85,56,Track 0,23471,3,Drum Kit _ 1
80.7428235,0.010714281250002955,42,70,Track 0,23472,3,Drum Kit _ 1
80.7428235,0.010714281250002955,38,66,Track 0,23472,3,Drum Kit _ 1
80.571395,0.44642838541666663,62,76,Track 0,23424,125,Choir Aahs _ 1
80.53568072916666,0.5499997708333382,65,70,Track 0,23414,154,Flute _ 1
81.08210907291667,0.010714281250002955,85,50,Track 0,23567,3,Drum Kit _ 1
80.571395,0.5357140625000056,57,70,Track 0,23424,150,Choir Aahs _ 1
80.7428235,0.37857127083333353,50,88,Track 0,23472,106,Electric Bass (finger) _ 1
81.08210907291667,0.14285708333332536,36,110,Track 0,23567,40,Electric Grand Piano _ 1
81.08210907291667,0.16428564583333127,48,84,Track 0,23567,46,Electric Bass (finger) _ 1
81.25353757291667,0.010714281249988744,85,49,Track 0,23615,3,Drum Kit _ 1
81.257109,0.010714281250002955,42,75,Track 0,23616,3,Drum Kit _ 1
81.26068042708333,0.010714281250002955,36,66,Track 0,23617,3,Drum Kit _ 1
81.257109,0.0892856770833248,55,76,Track 0,23616,25,Choir Aahs _ 1
81.257109,0.09642853124999817,59,75,Track 0,23616,27,Choir Aahs _ 1
81.257109,0.11071423958333071,65,99,Track 0,23616,31,Electric Grand Piano _ 1
81.26068042708333,0.13928565624999578,67,76,Track 0,23617,39,Flute _ 1
81.25353757291667,0.21785705208333184,43,89,Track 0,23615,61,Electric Bass (finger) _ 1
81.257109,0.23928561458332354,31,103,Track 0,23616,67,Electric Grand Piano _ 1
81.40353751041667,0.1821427812499934,69,77,Track 0,23657,51,Flute _ 1
81.76425164583333,0.010714281250002955,38,70,Track 0,23758,3,Drum Kit _ 1
81.7713945,0.010714281250002955,85,55,Track 0,23760,3,Drum Kit _ 1
81.7713945,0.010714281250002955,42,70,Track 0,23760,3,Drum Kit _ 1
81.7713945,0.09285710416666859,57,84,Track 0,23760,26,Choir Aahs _ 1
81.7713945,0.11428566666666029,60,108,Track 0,23760,32,Electric Grand Piano _ 1
81.76782307291667,0.1321428020833224,65,102,Track 0,23759,37,Electric Grand Piano _ 1
81.59639457291667,0.34999985416666846,67,73,Track 0,23711,98,Flute _ 1
81.76782307291667,0.21071419791665846,33,105,Track 0,23759,59,Electric Grand Piano _ 1
81.7713945,0.23571418749999395,45,100,Track 0,23760,66,Electric Grand Piano _ 1
82.03568010416666,0.09642853124999817,67,70,Track 0,23834,27,Flute _ 1
82.28210857291667,0.010714281249988744,36,61,Track 0,23903,3,Drum Kit _ 1
82.28210857291667,0.010714281249988744,42,68,Track 0,23903,3,Drum Kit _ 1
82.28568,0.010714281250002955,85,60,Track 0,23904,3,Drum Kit _ 1
82.28568,0.08571424999999522,62,80,Track 0,23904,24,Choir Aahs _ 1
82.28568,0.08571424999999522,65,81,Track 0,23904,24,Choir Aahs _ 1
82.28568,0.09642853124999817,59,77,Track 0,23904,27,Choir Aahs _ 1
82.28568,0.19285706249999635,35,99,Track 0,23904,54,Electric Grand Piano _ 1
82.28210857291667,0.2035713437499993,47,86,Track 0,23903,57,Electric Bass (finger) _ 1
82.26782286458334,0.3178570104166596,64,69,Track 0,23899,89,Flute _ 1
82.63925128125,0.09285710416666859,64,51,Track 0,24003,26,Flute _ 1
82.79639407291667,0.010714281249988744,38,70,Track 0,24047,3,Drum Kit _ 1
82.7999655,0.010714281250002955,42,76,Track 0,24048,3,Drum Kit _ 1
82.7999655,0.010714281250002955,85,60,Track 0,24048,3,Drum Kit _ 1
82.79639407291667,0.3214284374999892,48,111,Track 0,24047,90,Electric Grand Piano _ 1
83.1428225,0.010714281250002955,38,51,Track 0,24144,3,Drum Kit _ 1
83.19996533333332,0.010714281250002955,38,56,Track 0,24160,3,Drum Kit _ 1
83.25710816666667,0.010714281249988744,38,55,Track 0,24176,3,Drum Kit _ 1
83.31067957291667,0.010714281249988744,85,78,Track 0,24191,3,Drum Kit _ 1
83.31782242708333,0.010714281250002955,38,82,Track 0,24193,3,Drum Kit _ 1
83.1428225,0.18928563541666676,52,82,Track 0,24144,53,Electric Bass (finger) _ 1
82.7999655,0.5749997604166595,67,81,Track 0,24048,161,Choir Aahs _ 1
82.7999655,0.5964283229166654,60,83,Track 0,24048,167,Choir Aahs _ 1
82.7999655,0.6107140312499979,64,108,Track 0,24048,171,Electric Grand Piano _ 1
82.79639407291667,0.62857116666666,36,110,Track 0,24047,176,Electric Grand Piano _ 1
82.80353692708333,0.6249997395833304,55,110,Track 0,24049,175,Electric Grand Piano _ 1
82.79282264583333,0.8642853541666682,62,76,Track 0,24046,242,Flute _ 1
83.65353657291666,0.010714281250002955,36,75,Track 0,24287,3,Drum Kit _ 1
83.657108,0.010714281250002955,49,39,Track 0,24288,3,Drum Kit _ 1
83.8285365,0.0892856770833248,70,78,Track 0,24336,25,Choir Aahs _ 1
83.8285365,0.09642853124999817,74,68,Track 0,24336,27,Choir Aahs _ 1
83.8285365,0.16785707291666085,65,70,Track 0,24336,47,Choir Aahs _ 1
83.999965,0.06071426041665973,65,75,Track 0,24384,17,Choir Aahs _ 1
83.999965,0.09285710416665438,74,75,Track 0,24384,26,Choir Aahs _ 1
83.999965,0.09642853124999817,70,61,Track 0,24384,27,Choir Aahs _ 1
83.65353657291666,0.8678567812499978,58,101,Track 0,24287,243,Electric Grand Piano _ 1
83.657108,0.8714282083333416,53,93,Track 0,24288,244,Electric Bass (finger) _ 1
83.657108,0.8999996250000066,62,100,Track 0,24288,252,Electric Grand Piano _ 1
84.68925042708334,0.1785713541666638,53,88,Track 0,24577,50,Electric Grand Piano _ 1
84.1713935,0.8142853749999972,70,84,Track 0,24432,228,Choir Aahs _ 1
84.1713935,0.8535710729166652,65,80,Track 0,24432,239,Choir Aahs _ 1
84.1713935,0.8535710729166652,74,84,Track 0,24432,239,Choir Aahs _ 1
84.86067892708333,0.21071419791667267,58,98,Track 0,24625,59,Electric Grand Piano _ 1
85.028536,0.1821427812499934,62,104,Track 0,24672,51,Electric Grand Piano _ 1
85.1999645,0.09285710416666859,65,105,Track 0,24720,26,Electric Grand Piano _ 1
83.65353657291666,1.6607135937500033,34,107,Track 0,24287,465,Electric Grand Piano _ 1
83.657108,1.6714278750000062,46,107,Track 0,24288,468,Electric Grand Piano _ 1
84.7071075625,0.6642854374999985,69,91,Track 0,24582,186,Overdriven Guitar _ 1
85.371393,0.010714281250002955,85,36,Track 0,24768,3,Drum Kit _ 1
85.371393,0.010714281250002955,42,62,Track 0,24768,3,Drum Kit _ 1
85.37496442708333,0.010714281250002955,36,55,Track 0,24769,3,Drum Kit _ 1
85.38210728125,0.16428564583333127,69,91,Track 0,24771,46,Overdriven Guitar _ 1
85.71782142708334,0.12857137499999283,57,90,Track 0,24865,36,Electric Grand Piano _ 1
85.36782157291667,0.5142854999999997,45,62,Track 0,24767,144,Distortion Guitar _ 1
85.8856785,0.010714281250002955,42,71,Track 0,24912,3,Drum Kit _ 1
85.88924992708333,0.010714281250002955,38,70,Track 0,24913,3,Drum Kit _ 1
85.8856785,0.06428568750000352,57,74,Track 0,24912,18,Distortion Guitar _ 1
85.88210707291667,0.0678571145833331,61,64,Track 0,24911,19,Distortion Guitar _ 1
85.36782157291667,0.5857140416666624,33,107,Track 0,24767,164,Electric Grand Piano _ 1
85.8856785,0.07499996875000647,64,78,Track 0,24912,21,Distortion Guitar _ 1
86.22853549999999,0.010714281250002955,85,45,Track 0,25008,3,Drum Kit _ 1
85.68210715625,0.5607140520833269,69,83,Track 0,24855,157,Overdriven Guitar _ 1
86.22496407291666,0.13214280208333662,57,101,Track 0,25007,37,Electric Grand Piano _ 1
86.21424979166666,0.15357136458334253,67,75,Track 0,25004,43,Overdriven Guitar _ 1
86.39639257291667,0.010714281250002955,85,56,Track 0,25055,3,Drum Kit _ 1
86.22496407291666,0.1821427812500076,33,101,Track 0,25007,51,Electric Grand Piano _ 1
86.399964,0.010714281250002955,36,64,Track 0,25056,3,Drum Kit _ 1
86.399964,0.010714281250002955,42,70,Track 0,25056,3,Drum Kit _ 1
86.40710685416667,0.18571420833332297,65,78,Track 0,25058,52,Overdriven Guitar _ 1
86.5713925,0.13928565624999578,64,74,Track 0,25104,39,Overdriven Guitar _ 1
86.74282099999999,0.010714281250002955,36,51,Track 0,25152,3,Drum Kit _ 1
86.73924957291666,0.12857137500000704,57,94,Track 0,25151,36,Electric Grand Piano _ 1
86.39639257291667,0.5249997812500027,50,64,Track 0,25055,147,Distortion Guitar _ 1
86.9142495,0.010714281250002955,42,79,Track 0,25200,3,Drum Kit _ 1
86.399964,0.5249997812500027,38,90,Track 0,25056,147,Electric Bass (finger) _ 1
86.73924957291666,0.23928561458333775,62,86,Track 0,25151,67,Overdriven Guitar _ 1
86.9142495,0.07857139583333606,65,72,Track 0,25200,22,Distortion Guitar _ 1
86.91067807291667,0.08571424999999522,57,74,Track 0,25199,24,Distortion Guitar _ 1
87.25353507291666,0.12857137500000704,57,101,Track 0,25295,36,Electric Grand Piano _ 1
87.428535,0.010714281250002955,85,53,Track 0,25344,3,Drum Kit _ 1
87.428535,0.010714281250002955,36,64,Track 0,25344,3,Drum Kit _ 1
87.428535,0.010714281250002955,42,71,Track 0,25344,3,Drum Kit _ 1
87.43210642708333,0.14642851041666916,69,93,Track 0,25345,41,Overdriven Guitar _ 1
87.76782057291666,0.14285708333333957,57,99,Track 0,25439,40,Electric Grand Piano _ 1
87.76782057291666,0.1785713541666638,70,95,Track 0,25439,50,Overdriven Guitar _ 1
87.93924907291667,0.010714281250002955,42,82,Track 0,25487,3,Drum Kit _ 1
87.93924907291667,0.010714281250002955,38,70,Track 0,25487,3,Drum Kit _ 1
87.42496357291667,0.5285712083333323,45,65,Track 0,25343,148,Distortion Guitar _ 1
87.42496357291667,0.5642854791666565,33,103,Track 0,25343,158,Electric Grand Piano _ 1
87.93924907291667,0.06428568750000352,61,113,Track 0,25487,18,Electric Grand Piano _ 1
87.93924907291667,0.07499996874999226,57,75,Track 0,25487,21,Distortion Guitar _ 1
87.93924907291667,0.07857139583333606,64,78,Track 0,25487,22,Distortion Guitar _ 1
87.94639192708333,0.14642851041666916,67,91,Track 0,25489,41,Overdriven Guitar _ 1
88.28567749999999,0.010714281250002955,85,53,Track 0,25584,3,Drum Kit _ 1
88.27139179166666,0.10714281250000113,69,88,Track 0,25580,30,Overdriven Guitar _ 1
88.28567749999999,0.1357142291666662,57,102,Track 0,25584,38,Electric Grand Piano _ 1
88.44996314583334,0.010714281249988744,36,77,Track 0,25630,3,Drum Kit _ 1
88.457106,0.010714281250002955,42,74,Track 0,25632,3,Drum Kit _ 1
88.28210607291666,0.18571420833333718,33,107,Track 0,25583,52,Electric Grand Piano _ 1
88.457106,0.010714281250002955,85,45,Track 0,25632,3,Drum Kit _ 1
88.44996314583334,0.18571420833332297,65,94,Track 0,25630,52,Overdriven Guitar _ 1
88.61424879166667,0.16785707291666085,64,79,Track 0,25676,47,Overdriven Guitar _ 1
88.457106,0.4499998124999962,38,103,Track 0,25632,126,Electric Grand Piano _ 1
88.79996299999999,0.13928565625001,57,99,Track 0,25728,39,Electric Grand Piano _ 1
88.96782007291667,0.010714281250002955,42,81,Track 0,25775,3,Drum Kit _ 1
88.9713915,0.014285708333332536,38,84,Track 0,25776,4,Electric Bass (finger) _ 1
88.45353457291667,0.5857140416666624,50,60,Track 0,25631,164,Distortion Guitar _ 1
88.9713915,0.07857139583333606,65,79,Track 0,25776,22,Distortion Guitar _ 1
88.78924871875,0.264285604166659,62,83,Track 0,25725,74,Overdriven Guitar _ 1
88.96782007291667,0.09642853124999817,57,74,Track 0,25775,27,Distortion Guitar _ 1
89.31781992708333,0.11428566666666029,57,99,Track 0,25873,32,Electric Grand Piano _ 1
89.43567702083332,0.007142854166673374,58,82,Track 0,25906,2,Overdriven Guitar _ 1
89.45710558333333,0.010714281250002955,62,99,Track 0,25912,3,Overdriven Guitar _ 1
89.48210557291667,0.010714281250002955,42,83,Track 0,25919,3,Drum Kit _ 1
89.48210557291667,0.010714281250002955,36,66,Track 0,25919,3,Drum Kit _ 1
89.485677,0.010714281250002955,85,55,Track 0,25920,3,Drum Kit _ 1
89.49639128125,0.44285695833333705,67,93,Track 0,25923,124,Overdriven Guitar _ 1
89.82496257291666,0.12857137500000704,55,100,Track 0,26015,36,Electric Grand Piano _ 1
89.48210557291667,0.48571408333333466,43,62,Track 0,25919,136,Distortion Guitar _ 1
89.99281964583334,0.010714281249988744,38,67,Track 0,26062,3,Drum Kit _ 1
89.9999625,0.010714281250002955,42,79,Track 0,26064,3,Drum Kit _ 1
89.99639107291667,0.0678571145833331,55,75,Track 0,26063,19,Distortion Guitar _ 1
89.99639107291667,0.07499996874999226,59,65,Track 0,26063,21,Distortion Guitar _ 1
89.9999625,0.08214282291666564,62,114,Track 0,26064,23,Electric Grand Piano _ 1
89.485677,0.6214283125000009,31,86,Track 0,25920,174,Electric Bass (finger) _ 1
89.99281964583334,0.3357141458333217,65,83,Track 0,26062,94,Overdriven Guitar _ 1
90.33924807291666,0.010714281250002955,85,42,Track 0,26159,3,Drum Kit _ 1
90.34281949999999,0.13214280208333662,55,105,Track 0,26160,37,Electric Grand Piano _ 1
90.33924807291666,0.1785713541666638,31,103,Track 0,26159,50,Electric Grand Piano _ 1
90.51067657291667,0.010714281250002955,42,77,Track 0,26207,3,Drum Kit _ 1
90.51067657291667,0.014285708333332536,36,92,Track 0,26207,4,Electric Bass (finger) _ 1
90.514248,0.010714281250002955,85,64,Track 0,26208,3,Drum Kit _ 1
90.33567664583333,0.18928563541666676,67,86,Track 0,26158,53,Overdriven Guitar _ 1
90.514248,0.2035713437499993,63,89,Track 0,26208,57,Overdriven Guitar _ 1
90.64639080208333,0.17142850000000465,62,77,Track 0,26245,48,Overdriven Guitar _ 1
90.85353357291666,0.13214280208333662,55,97,Track 0,26303,37,Electric Grand Piano _ 1
91.02496207291667,0.010714281250002955,42,67,Track 0,26351,3,Drum Kit _ 1
91.03210492708332,0.010714281250002955,38,69,Track 0,26353,3,Drum Kit _ 1
90.51067657291667,0.5642854791666707,48,58,Track 0,26207,158,Distortion Guitar _ 1
90.83210501041667,0.264285604166659,60,78,Track 0,26297,74,Overdriven Guitar _ 1
91.02496207291667,0.07499996874999226,55,57,Track 0,26351,21,Distortion Guitar _ 1
91.02496207291667,0.07857139583333606,63,81,Track 0,26351,22,Distortion Guitar _ 1
91.37139049999999,0.1142856666666745,55,105,Track 0,26448,32,Electric Grand Piano _ 1
91.53924757291666,0.010714281250002955,85,62,Track 0,26495,3,Drum Kit _ 1
91.53924757291666,0.010714281250002955,42,65,Track 0,26495,3,Drum Kit _ 1
91.542819,0.010714281250002955,36,63,Track 0,26496,3,Drum Kit _ 1
91.53924757291666,0.21785705208333184,67,93,Track 0,26495,61,Overdriven Guitar _ 1
91.70353321875,0.20714277083332888,63,85,Track 0,26541,58,Overdriven Guitar _ 1
91.53924757291666,0.4535712395833258,43,63,Track 0,26495,127,Distortion Guitar _ 1
91.87139029166666,0.1821427812500076,65,79,Track 0,26588,51,Overdriven Guitar _ 1
92.05353307291666,0.010714281250002955,42,69,Track 0,26639,3,Drum Kit _ 1
92.05353307291666,0.010714281250002955,38,66,Track 0,26639,3,Drum Kit _ 1
91.88924742708333,0.224999906249991,55,105,Track 0,26593,63,Electric Grand Piano _ 1
91.53924757291666,0.599999749999995,31,81,Track 0,26495,168,Electric Bass (finger) _ 1
92.0571045,0.08571424999999522,59,71,Track 0,26640,24,Distortion Guitar _ 1
92.04996164583333,0.09999995833332775,62,81,Track 0,26638,28,Overdriven Guitar _ 1
92.24281870833333,0.14999993749999874,62,82,Track 0,26692,42,Overdriven Guitar _ 1
92.3999615,0.010714281249988744,85,45,Track 0,26736,3,Drum Kit _ 1
92.56781857291666,0.010714281250002955,36,92,Track 0,26783,3,Electric Bass (finger) _ 1
92.56781857291666,0.010714281250002955,85,50,Track 0,26783,3,Drum Kit _ 1
92.56781857291666,0.010714281250002955,42,70,Track 0,26783,3,Drum Kit _ 1
92.39639007291666,0.18928563541666676,31,78,Track 0,26735,53,Electric Bass (finger) _ 1
92.57139,0.09285710416666859,63,65,Track 0,26784,26,Distortion Guitar _ 1
92.56067571874999,0.10714281250000113,60,68,Track 0,26781,30,Overdriven Guitar _ 1
92.3999615,0.2928570208333241,55,105,Track 0,26736,82,Electric Grand Piano _ 1
92.914247,0.010714281249988744,85,36,Track 0,26880,3,Drum Kit _ 1
93.0856755,0.010714281250002955,85,44,Track 0,26928,3,Drum Kit _ 1
93.0856755,0.010714281250002955,36,67,Track 0,26928,3,Drum Kit _ 1
93.0856755,0.010714281250002955,49,27,Track 0,26928,3,Drum Kit _ 1
93.0856755,0.12857137500000704,41,50,Track 0,26928,36,Distortion Guitar _ 1
93.0856755,0.13928565624999578,48,54,Track 0,26928,39,Distortion Guitar _ 1
93.08210407291666,0.14285708333332536,29,92,Track 0,26927,40,Electric Bass (finger) _ 1
93.12138977083333,0.1821427812499934,53,70,Track 0,26938,51,Overdriven Guitar _ 1
93.42496107291666,0.010714281250002955,49,43,Track 0,27023,3,Drum Kit _ 1
93.4285325,0.010714281249988744,85,64,Track 0,27024,3,Drum Kit _ 1
93.43210392708333,0.010714281250002955,36,67,Track 0,27025,3,Drum Kit _ 1
93.93210371875,0.010714281250002955,54,28,Track 0,27165,3,Drum Kit _ 1
94.00710368749999,0.010714281250002955,54,30,Track 0,27186,3,Drum Kit _ 1
94.07496080208333,0.010714281250002955,54,30,Track 0,27205,3,Drum Kit _ 1
94.10710364583333,0.010714281249988744,36,71,Track 0,27214,3,Drum Kit _ 1
94.1142465,0.010714281250002955,46,60,Track 0,27216,3,Drum Kit _ 1
94.14281791666666,0.010714281250002955,54,67,Track 0,27224,3,Drum Kit _ 1
94.11067507291666,0.12499994791666325,63,100,Track 0,27215,35,Electric Grand Piano _ 1
94.11067507291666,0.14642851041666916,55,94,Track 0,27215,41,Electric Grand Piano _ 1
94.10710364583333,0.15357136458332832,58,65,Track 0,27214,43,Overdriven Guitar _ 1
94.11067507291666,0.1821427812499934,60,54,Track 0,27215,51,Overdriven Guitar _ 1
94.17138933333332,0.17142850000000465,67,76,Track 0,27232,48,Overdriven Guitar _ 1
94.45353207291666,0.010714281250002955,36,68,Track 0,27311,3,Drum Kit _ 1
94.45353207291666,0.010714281250002955,46,57,Track 0,27311,3,Drum Kit _ 1
94.48210348958332,0.010714281250002955,54,78,Track 0,27319,3,Drum Kit _ 1
93.42496107291666,1.496427947916672,41,55,Track 0,27023,419,Distortion Guitar _ 1
93.42496107291666,1.5035708020833312,48,59,Track 0,27023,421,Distortion Guitar _ 1
93.42496107291666,1.5392850729166696,29,91,Track 0,27023,431,Electric Bass (finger) _ 1
94.97496042708333,0.010714281250002955,36,34,Track 0,27457,3,Drum Kit _ 1
93.42496107291666,1.6785707291666654,53,64,Track 0,27023,470,Overdriven Guitar _ 1
95.13567464583333,0.010714281250002955,36,67,Track 0,27502,3,Drum Kit _ 1
95.13924607291666,0.010714281250002955,49,37,Track 0,27503,3,Drum Kit _ 1
95.13924607291666,0.010714281250002955,85,72,Track 0,27503,3,Drum Kit _ 1
95.13924607291666,0.17499992708333423,29,110,Track 0,27503,49,Electric Grand Piano _ 1
95.13924607291666,0.1821427812499934,41,107,Track 0,27503,51,Electric Grand Piano _ 1
95.13924607291666,0.18571420833333718,48,49,Track 0,27503,52,Distortion Guitar _ 1
95.14996035416667,0.2285713333333348,53,64,Track 0,27506,64,Overdriven Guitar _ 1
95.48210307291666,0.010714281250002955,85,58,Track 0,27599,3,Drum Kit _ 1
95.4856745,0.010714281249988744,36,79,Track 0,27600,3,Drum Kit _ 1
95.4856745,0.010714281249988744,49,40,Track 0,27600,3,Drum Kit _ 1
94.44996064583333,1.2964280312500023,63,86,Track 0,27310,363,Overdriven Guitar _ 1
94.4356749375,1.317856593749994,58,60,Track 0,27306,369,Overdriven Guitar _ 1
94.45353207291666,1.2999994583333319,55,101,Track 0,27311,364,Electric Grand Piano _ 1
94.42138922916666,1.5428564999999992,60,55,Track 0,27302,432,Overdriven Guitar _ 1
95.98924571875,0.010714281250002955,54,19,Track 0,27741,3,Drum Kit _ 1
96.05353140625,0.010714281249988744,54,30,Track 0,27759,3,Drum Kit _ 1
94.46067492708333,1.6178564687499914,67,77,Track 0,27313,453,Overdriven Guitar _ 1
96.12138852083334,0.010714281249988744,54,29,Track 0,27778,3,Drum Kit _ 1
96.16781707291666,0.010714281250002955,46,61,Track 0,27791,3,Drum Kit _ 1
96.17495992708334,0.010714281249988744,36,70,Track 0,27793,3,Drum Kit _ 1
96.18924563541667,0.010714281249988744,54,78,Track 0,27797,3,Drum Kit _ 1
96.17138849999999,0.12857137500000704,63,107,Track 0,27792,36,Electric Grand Piano _ 1
96.16781707291666,0.14285708333333957,58,105,Track 0,27791,40,Electric Grand Piano _ 1
96.17138849999999,0.14999993749999874,55,101,Track 0,27792,42,Electric Grand Piano _ 1
96.21067419791666,0.17142850000000465,60,54,Track 0,27803,48,Overdriven Guitar _ 1
96.19638848958333,0.20714277083332888,67,77,Track 0,27799,58,Overdriven Guitar _ 1
96.5142455,0.0214285624999917,36,70,Track 0,27888,6,Drum Kit _ 1
96.51067407291666,0.02499998958333549,46,60,Track 0,27887,7,Drum Kit _ 1
96.52138835416666,0.028571416666665073,54,82,Track 0,27890,8,Drum Kit _ 1
95.48210307291666,1.485713666666669,41,110,Track 0,27599,416,Electric Grand Piano _ 1
95.48210307291666,1.496427947916672,48,55,Track 0,27599,419,Distortion Guitar _ 1
95.4856745,1.5321422187499962,29,86,Track 0,27600,429,Electric Bass (finger) _ 1
97.03210242708333,0.010714281250002955,36,33,Track 0,28033,3,Drum Kit _ 1
95.4642459375,1.6678564479166624,53,67,Track 0,27594,467,Overdriven Guitar _ 1
97.19281664583333,0.010714281250002955,36,69,Track 0,28078,3,Drum Kit _ 1
97.19638807291666,0.010714281250002955,49,36,Track 0,28079,3,Drum Kit _ 1
97.19995949999999,0.010714281250002955,85,68,Track 0,28080,3,Drum Kit _ 1
97.19995949999999,0.1607142187500017,48,46,Track 0,28080,45,Distortion Guitar _ 1
97.19995949999999,0.16785707291667507,41,45,Track 0,28080,47,Distortion Guitar _ 1
97.19638807291666,0.17142850000000465,29,97,Track 0,28079,48,Electric Bass (finger) _ 1
97.21424520833332,0.2285713333333348,53,63,Track 0,28084,64,Overdriven Guitar _ 1
96.49995979166667,0.9892853020833314,58,59,Track 0,27884,277,Overdriven Guitar _ 1
97.53924507291666,0.010714281250002955,36,72,Track 0,28175,3,Drum Kit _ 1
97.53924507291666,0.010714281250002955,49,38,Track 0,28175,3,Drum Kit _ 1
97.5428165,0.010714281249988744,85,60,Track 0,28176,3,Drum Kit _ 1
96.49995979166667,1.0749995520833266,67,76,Track 0,27884,301,Overdriven Guitar _ 1
96.51067407291666,1.092856687500003,63,107,Track 0,27887,306,Electric Grand Piano _ 1
96.52138835416666,1.142856666666674,60,54,Track 0,27890,320,Overdriven Guitar _ 1
97.72853070833332,0.17499992708333423,67,74,Track 0,28228,49,Overdriven Guitar _ 1
97.72853070833332,0.1821427812500076,63,88,Track 0,28228,51,Overdriven Guitar _ 1
97.72853070833332,0.21785705208334605,60,66,Track 0,28228,61,Overdriven Guitar _ 1
97.71424499999999,0.28928559375000873,58,59,Track 0,28224,81,Overdriven Guitar _ 1
98.19281622916667,0.19642848958332593,68,78,Track 0,28358,55,Overdriven Guitar _ 1
98.20353051041667,0.22857133333332058,62,87,Track 0,28361,64,Overdriven Guitar _ 1
98.22853049999999,0.31071415625000043,64,83,Track 0,28368,87,Overdriven Guitar _ 1
98.20353051041667,0.34999985416665425,59,61,Track 0,28361,98,Overdriven Guitar _ 1
96.50353121875,2.403570427083338,55,104,Track 0,27885,673,Electric Grand Piano _ 1
98.73567314583333,0.23214276041666437,65,81,Track 0,28510,65,Overdriven Guitar _ 1
98.69281602083333,0.28571416666666494,69,83,Track 0,28498,80,Overdriven Guitar _ 1
98.71781601041667,0.28571416666666494,63,78,Track 0,28505,80,Overdriven Guitar _ 1
98.74995885416666,0.35357128124999804,60,59,Track 0,28514,99,Overdriven Guitar _ 1
97.53924507291666,1.7571421250000014,48,42,Track 0,28175,492,Distortion Guitar _ 1
97.53924507291666,1.7607135520833452,41,116,Track 0,28175,493,Electric Grand Piano _ 1
97.53924507291666,1.9642848958333445,29,116,Track 0,28175,550,Electric Grand Piano _ 1
97.5213879375,2.2285705000000036,53,63,Track 0,28170,624,Overdriven Guitar _ 1
99.76781557291666,0.07857139583333606,67,95,Track 0,28799,22,Electric Grand Piano _ 1
99.77138699999999,0.08214282291666564,60,101,Track 0,28800,23,Electric Grand Piano _ 1
99.77495842708333,0.08571424999999522,63,98,Track 0,28801,24,Electric Grand Piano _ 1
99.08924442708333,0.7964282395833351,65,81,Track 0,28609,223,Overdriven Guitar _ 1
99.0642444375,0.8714282083333416,72,78,Track 0,28602,244,Overdriven Guitar _ 1
100.28210107291666,0.07857139583333606,67,98,Track 0,28943,22,Electric Grand Piano _ 1
100.28210107291666,0.08214282291666564,63,93,Track 0,28943,23,Electric Grand Piano _ 1
100.28924392708333,0.08571424999999522,60,99,Track 0,28945,24,Electric Grand Piano _ 1
100.25710108333332,0.2678570312500028,72,86,Track 0,28936,75,Overdriven Guitar _ 1
100.58924380208333,0.14285708333332536,71,80,Track 0,29029,40,Overdriven Guitar _ 1
100.79995799999999,0.06428568750000352,67,101,Track 0,29088,18,Electric Grand Piano _ 1
100.80352942708333,0.0678571145833331,63,96,Track 0,29089,19,Electric Grand Piano _ 1
100.80352942708333,0.07499996874999226,60,106,Track 0,29089,21,Electric Grand Piano _ 1
100.78210086458333,0.32857129166666255,70,84,Track 0,29083,92,Overdriven Guitar _ 1
101.31781492708333,0.08214282291666564,60,111,Track 0,29233,23,Electric Grand Piano _ 1
101.31781492708333,0.08571424999999522,63,105,Track 0,29233,24,Electric Grand Piano _ 1
101.12138643749999,0.2928570208333383,67,72,Track 0,29178,82,Overdriven Guitar _ 1
101.82852899999999,0.06071426041667394,68,107,Track 0,29376,17,Electric Grand Piano _ 1
101.82852899999999,0.07142854166667689,65,106,Track 0,29376,20,Electric Grand Piano _ 1
101.82495757291666,0.07857139583333606,70,105,Track 0,29375,22,Electric Grand Piano _ 1
101.82852899999999,0.08214282291667985,62,108,Track 0,29376,23,Electric Grand Piano _ 1
101.82852899999999,0.09999995833334197,77,91,Track 0,29376,28,Overdriven Guitar _ 1
102.16424314583332,0.18571420833333718,77,85,Track 0,29470,52,Overdriven Guitar _ 1
102.3428145,0.07142854166666268,68,99,Track 0,29520,20,Electric Grand Piano _ 1
102.34638592708333,0.08214282291666564,70,98,Track 0,29521,23,Electric Grand Piano _ 1
102.3428145,0.0892856770833248,65,106,Track 0,29520,25,Electric Grand Piano _ 1
102.3428145,0.09642853124999817,62,109,Track 0,29520,27,Electric Grand Piano _ 1
102.33210021875,0.14285708333332536,74,79,Track 0,29517,40,Overdriven Guitar _ 1
102.50710014583333,0.264285604166659,75,84,Track 0,29566,74,Overdriven Guitar _ 1
102.85352857291666,0.07142854166667689,68,101,Track 0,29663,20,Electric Grand Piano _ 1
102.85352857291666,0.08214282291666564,65,110,Track 0,29663,23,Electric Grand Piano _ 1
102.8571,0.08214282291666564,70,101,Track 0,29664,23,Electric Grand Piano _ 1
102.86067142708333,0.07857139583333606,62,104,Track 0,29665,22,Electric Grand Piano _ 1
99.04995872916666,4.07499830208333,69,80,Track 0,28598,1141,Overdriven Guitar _ 1
103.36781407291666,0.07142854166667689,68,106,Track 0,29807,20,Electric Grand Piano _ 1
103.37495692708333,0.07142854166666268,70,102,Track 0,29809,20,Electric Grand Piano _ 1
103.3713855,0.09285710416665438,65,102,Track 0,29808,26,Electric Grand Piano _ 1
103.37495692708333,0.10357138541665734,62,105,Track 0,29809,29,Electric Grand Piano _ 1
103.54281399999999,0.010714281250002955,85,44,Track 0,29856,3,Drum Kit _ 1
103.7142425,0.010714281250002955,85,38,Track 0,29904,3,Drum Kit _ 1
102.84995714583333,0.8821424895833303,72,83,Track 0,29662,247,Overdriven Guitar _ 1
103.54281399999999,0.19642848958334014,43,99,Track 0,29856,55,Electric Grand Piano _ 1
103.82495673958333,0.010714281250002955,65,50,Track 0,29935,3,Overdriven Guitar _ 1
103.84995672916666,0.014285708333332536,67,65,Track 0,29942,4,Overdriven Guitar _ 1
103.71067107291667,0.16428564583333127,41,92,Track 0,29903,46,Electric Grand Piano _ 1
103.88209957291666,0.010714281250002955,85,56,Track 0,29951,3,Drum Kit _ 1
103.88209957291666,0.010714281250002955,46,43,Track 0,29951,3,Drum Kit _ 1
103.88209957291666,0.01785713541667633,36,93,Track 0,29951,5,Electric Grand Piano _ 1
103.89995670833333,0.07142854166666268,72,82,Track 0,29956,20,Overdriven Guitar _ 1
103.88924242708333,0.08214282291666564,67,106,Track 0,29953,23,Electric Grand Piano _ 1
103.88209957291666,0.08928567708333901,63,105,Track 0,29951,25,Electric Grand Piano _ 1
103.88209957291666,0.09285710416666859,60,107,Track 0,29951,26,Electric Grand Piano _ 1
104.39638507291666,0.07142854166667689,67,102,Track 0,30095,20,Electric Grand Piano _ 1
104.39638507291666,0.08571425000000943,60,108,Track 0,30095,24,Electric Grand Piano _ 1
104.40352792708333,0.0892856770833248,63,101,Track 0,30097,25,Electric Grand Piano _ 1
104.37138508333332,0.4571426666666696,72,85,Track 0,30088,128,Overdriven Guitar _ 1
104.91067057291666,0.06428568750000352,67,104,Track 0,30239,18,Electric Grand Piano _ 1
104.91067057291666,0.08571425000000943,63,101,Track 0,30239,24,Electric Grand Piano _ 1
104.91067057291666,0.08928567708333901,60,108,Track 0,30239,25,Electric Grand Piano _ 1
104.87852772916666,0.35357128124999804,72,86,Track 0,30230,99,Overdriven Guitar _ 1
105.42495607291666,0.08571425000000943,60,108,Track 0,30383,24,Electric Grand Piano _ 1
105.43209892708333,0.09999995833332775,63,107,Track 0,30385,28,Electric Grand Piano _ 1
105.25352757291667,0.28571416666666494,67,74,Track 0,30335,80,Overdriven Guitar _ 1
105.942813,0.07857139583332184,68,107,Track 0,30528,22,Electric Grand Piano _ 1
105.93924157291666,0.08214282291666564,65,110,Track 0,30527,23,Electric Grand Piano _ 1
105.93924157291666,0.08928567708333901,62,110,Track 0,30527,25,Electric Grand Piano _ 1
105.942813,0.09285710416665438,70,106,Track 0,30528,26,Electric Grand Piano _ 1
105.93567014583333,0.1142856666666745,74,92,Track 0,30526,32,Overdriven Guitar _ 1
106.27138429166666,0.1571427916666721,74,95,Track 0,30620,44,Overdriven Guitar _ 1
106.45352707291666,0.08214282291666564,65,109,Track 0,30671,23,Electric Grand Piano _ 1
106.4570985,0.08214282291666564,62,108,Track 0,30672,23,Electric Grand Piano _ 1
106.4570985,0.08571424999999522,70,96,Track 0,30672,24,Electric Grand Piano _ 1
106.46066992708333,0.09285710416666859,68,105,Track 0,30673,26,Electric Grand Piano _ 1
106.42138422916666,0.16428564583333127,71,79,Track 0,30662,46,Overdriven Guitar _ 1
106.61781271875,0.30714272916665664,72,80,Track 0,30717,86,Overdriven Guitar _ 1
106.93209830208333,0.053571406250000564,46,65,Track 0,30805,15,Electric Bass (finger) _ 1
103.885671,3.1607129687499906,48,105,Track 0,29952,885,Electric Grand Piano _ 1
106.971384,0.09642853124999817,70,106,Track 0,30816,27,Electric Grand Piano _ 1
106.971384,0.09642853124999817,63,106,Track 0,30816,27,Electric Grand Piano _ 1
106.971384,0.10714281250000113,67,114,Track 0,30816,30,Electric Grand Piano _ 1
107.14638392708333,0.010714281249988744,36,53,Track 0,30865,3,Drum Kit _ 1
106.9499554375,0.30714272916667085,74,97,Track 0,30810,86,Overdriven Guitar _ 1
107.31066957291667,0.010714281250002955,36,62,Track 0,30911,3,Drum Kit _ 1
107.46781236458332,0.010714281250002955,38,75,Track 0,30955,3,Drum Kit _ 1
107.4856695,0.010714281249988744,38,87,Track 0,30960,3,Drum Kit _ 1
107.48209807291666,0.08214282291666564,63,108,Track 0,30959,23,Electric Grand Piano _ 1
107.48209807291666,0.09642853125001238,67,115,Track 0,30959,27,Electric Grand Piano _ 1
107.4856695,0.09285710416666859,70,103,Track 0,30960,26,Electric Grand Piano _ 1
107.29638386458333,0.3357141458333217,75,94,Track 0,30907,94,Overdriven Guitar _ 1
107.64995514583333,0.010714281250002955,36,61,Track 0,31006,3,Drum Kit _ 1
107.31066957291667,0.35357128124999804,46,76,Track 0,30911,99,Electric Bass (finger) _ 1
107.65709799999999,0.010714281250002955,85,25,Track 0,31008,3,Drum Kit _ 1
107.65709799999999,0.14999993749999874,43,99,Track 0,31008,42,Electric Grand Piano _ 1
107.8285265,0.010714281250002955,85,32,Track 0,31056,3,Drum Kit _ 1
107.66424085416666,0.2892855937499945,77,94,Track 0,31010,81,Overdriven Guitar _ 1
107.82495507291667,0.1571427916666579,41,84,Track 0,31055,44,Electric Grand Piano _ 1
107.99638357291666,0.010714281250002955,36,66,Track 0,31103,3,Drum Kit _ 1
107.99638357291666,0.010714281250002955,42,71,Track 0,31103,3,Drum Kit _ 1
107.99638357291666,0.010714281250002955,85,64,Track 0,31103,3,Drum Kit _ 1
107.99638357291666,0.0678571145833331,63,101,Track 0,31103,19,Electric Grand Piano _ 1
107.9785264375,0.09999995833332775,70,88,Track 0,31098,28,Overdriven Guitar _ 1
107.99638357291666,0.08571425000000943,67,108,Track 0,31103,24,Electric Grand Piano _ 1
107.999955,0.1571427916666579,39,108,Track 0,31104,44,Electric Grand Piano _ 1
108.5142405,0.010714281250002955,85,62,Track 0,31248,3,Drum Kit _ 1
108.5142405,0.010714281250002955,42,58,Track 0,31248,3,Drum Kit _ 1
108.51781192708333,0.010714281250002955,38,67,Track 0,31249,3,Drum Kit _ 1
108.51066907291666,0.17857135416667802,39,102,Track 0,31247,50,Electric Bass (finger) _ 1
108.85352607291667,0.010714281250002955,85,38,Track 0,31343,3,Drum Kit _ 1
108.51781192708333,0.3607141354166714,70,103,Track 0,31249,101,Electric Grand Piano _ 1
108.5142405,0.3678569895833306,63,110,Track 0,31248,103,Electric Grand Piano _ 1
108.01066928124999,0.8857139166666741,77,93,Track 0,31107,248,Overdriven Guitar _ 1
108.51066907291666,0.41785696875000156,67,117,Track 0,31247,117,Electric Grand Piano _ 1
108.8570975,0.17142850000000465,51,93,Track 0,31344,48,Electric Grand Piano _ 1
108.32852629166666,0.7071425624999961,75,92,Track 0,31196,198,Overdriven Guitar _ 1
109.02495457291666,0.010714281250002955,36,75,Track 0,31391,3,Drum Kit _ 1
109.028526,0.010714281250002955,85,52,Track 0,31392,3,Drum Kit _ 1
109.028526,0.010714281250002955,42,65,Track 0,31392,3,Drum Kit _ 1
109.028526,0.06428568749998931,62,108,Track 0,31392,18,Electric Grand Piano _ 1
109.02495457291666,0.07142854166667689,67,113,Track 0,31391,20,Electric Grand Piano _ 1
109.02495457291666,0.07499996875000647,70,106,Track 0,31391,21,Electric Grand Piano _ 1
109.02495457291666,0.18928563541666676,38,109,Track 0,31391,53,Electric Grand Piano _ 1
109.53924007291666,0.010714281250002955,85,45,Track 0,31535,3,Drum Kit _ 1
109.5428115,0.010714281250002955,42,65,Track 0,31536,3,Drum Kit _ 1
109.53924007291666,0.014285708333346747,38,87,Track 0,31535,4,Electric Bass (finger) _ 1
109.53924007291666,0.13928565625001,70,102,Track 0,31535,39,Electric Grand Piano _ 1
108.96066888541667,0.9357138958333309,77,92,Track 0,31373,262,Overdriven Guitar _ 1
109.5428115,0.364285562500001,62,101,Track 0,31536,102,Electric Grand Piano _ 1
109.89281135416667,0.06428568749998931,70,81,Track 0,31634,18,Overdriven Guitar _ 1
109.53924007291666,0.42499982291667493,67,104,Track 0,31535,119,Electric Grand Piano _ 1
109.88923992708332,0.14642851041666916,50,103,Track 0,31633,41,Electric Grand Piano _ 1
109.36066871874999,0.6857140000000044,74,96,Track 0,31485,192,Overdriven Guitar _ 1
110.05352557291666,0.010714281250002955,42,67,Track 0,31679,3,Drum Kit _ 1
110.05352557291666,0.010714281250002955,36,64,Track 0,31679,3,Drum Kit _ 1
110.057097,0.010714281250002955,85,56,Track 0,31680,3,Drum Kit _ 1
110.057097,0.06428568750000352,70,101,Track 0,31680,18,Electric Grand Piano _ 1
110.06066842708333,0.0678571145833331,61,101,Track 0,31681,19,Electric Grand Piano _ 1
110.057097,0.07857139583333606,67,112,Track 0,31680,22,Electric Grand Piano _ 1
110.057097,0.18928563541666676,37,100,Track 0,31680,53,Electric Grand Piano _ 1
110.07138270833333,0.44285695833333705,75,91,Track 0,31684,124,Overdriven Guitar _ 1
110.5713825,0.010714281250002955,42,70,Track 0,31824,3,Drum Kit _ 1
110.5713825,0.010714281250002955,85,52,Track 0,31824,3,Drum Kit _ 1
110.57495392708333,0.010714281250002955,38,68,Track 0,31825,3,Drum Kit _ 1
110.5713825,0.23214276041666437,37,83,Track 0,31824,65,Electric Bass (finger) _ 1
110.57495392708333,0.3214284375000034,67,115,Track 0,31825,90,Electric Grand Piano _ 1
110.53209680208333,0.37142841666666015,77,81,Track 0,31813,104,Overdriven Guitar _ 1
110.57495392708333,0.3464284270833389,70,101,Track 0,31825,97,Electric Grand Piano _ 1
110.5713825,0.34999985416666846,61,99,Track 0,31824,98,Electric Grand Piano _ 1
110.399954,0.667856864583328,73,99,Track 0,31776,187,Overdriven Guitar _ 1
110.9142395,0.1607142187500017,49,91,Track 0,31920,45,Electric Grand Piano _ 1
111.08209657291667,0.010714281249988744,85,56,Track 0,31967,3,Drum Kit _ 1
111.085668,0.010714281250002955,42,79,Track 0,31968,3,Drum Kit _ 1
111.08923942708333,0.010714281250002955,36,64,Track 0,31969,3,Drum Kit _ 1
110.8928109375,0.22142847916666142,79,85,Track 0,31914,62,Overdriven Guitar _ 1
111.08209657291667,0.06428568749998931,60,109,Track 0,31967,18,Electric Grand Piano _ 1
111.08209657291667,0.07142854166666268,75,93,Track 0,31967,20,Overdriven Guitar _ 1
111.08923942708333,0.07142854166666268,63,108,Track 0,31969,20,Electric Grand Piano _ 1
111.08209657291667,0.08571424999999522,68,101,Track 0,31967,24,Electric Grand Piano _ 1
111.08209657291667,0.19285706249999635,32,97,Track 0,31967,54,Electric Grand Piano _ 1
110.9356680625,0.4249998229166607,72,82,Track 0,31926,119,Overdriven Guitar _ 1
111.59638207291667,0.010714281249988744,42,83,Track 0,32111,3,Drum Kit _ 1
111.5999535,0.010714281250002955,85,48,Track 0,32112,3,Drum Kit _ 1
111.5999535,0.010714281250002955,38,69,Track 0,32112,3,Drum Kit _ 1
111.59638207291667,0.1999999166666555,32,84,Track 0,32111,56,Electric Bass (finger) _ 1
111.9428105,0.010714281250002955,85,38,Track 0,32208,3,Drum Kit _ 1
111.5999535,0.403571260416669,60,113,Track 0,32112,113,Electric Grand Piano _ 1
111.5999535,0.4285712499999903,63,107,Track 0,32112,120,Electric Grand Piano _ 1
111.59638207291667,0.43928553124999326,56,95,Track 0,32111,123,Electric Grand Piano _ 1
111.44281070833333,0.6071426041666683,77,90,Track 0,32068,170,Overdriven Guitar _ 1
111.41423929166666,0.6821425729166748,72,94,Track 0,32060,191,Overdriven Guitar _ 1
112.11066757291667,0.010714281249988744,36,63,Track 0,32255,3,Drum Kit _ 1
111.94638192708332,0.17499992708333423,44,108,Track 0,32209,49,Electric Grand Piano _ 1
112.11066757291667,0.010714281249988744,85,50,Track 0,32255,3,Drum Kit _ 1
112.114239,0.010714281250002955,42,89,Track 0,32256,3,Drum Kit _ 1
111.41066786458333,0.717856843749999,68,67,Track 0,32059,201,Overdriven Guitar _ 1
112.114239,0.07142854166666268,63,101,Track 0,32256,20,Electric Grand Piano _ 1
112.11066757291667,0.07499996874999226,56,98,Track 0,32255,21,Electric Grand Piano _ 1
112.114239,0.09642853124999817,59,116,Track 0,32256,27,Electric Grand Piano _ 1
112.11066757291667,0.16071421874998748,32,90,Track 0,32255,45,Electric Bass (finger) _ 1
112.62495307291667,0.0035714270833295814,63,100,Track 0,32399,1,Electric Grand Piano _ 1
112.62138164583332,0.010714281250002955,38,68,Track 0,32398,3,Drum Kit _ 1
112.6285245,0.010714281250002955,85,60,Track 0,32400,3,Drum Kit _ 1
112.6285245,0.010714281250002955,42,89,Track 0,32400,3,Drum Kit _ 1
112.10352471875,0.5392854895833352,71,77,Track 0,32253,151,Overdriven Guitar _ 1
112.61066736458334,0.14285708333332536,73,93,Track 0,32395,40,Overdriven Guitar _ 1
112.6285245,0.12857137499999283,77,85,Track 0,32400,36,Overdriven Guitar _ 1
112.62495307291667,0.1821427812499934,32,85,Track 0,32399,51,Electric Bass (finger) _ 1
112.61781021875,0.19285706249999635,68,71,Track 0,32397,54,Overdriven Guitar _ 1
112.96781007291666,0.010714281250002955,85,45,Track 0,32495,3,Drum Kit _ 1
112.6285245,0.364285562500001,56,107,Track 0,32400,102,Electric Grand Piano _ 1
112.98209578125,0.02499998958333549,63,67,Track 0,32499,7,Overdriven Guitar _ 1
112.62495307291667,0.3999998333333252,59,114,Track 0,32399,112,Electric Grand Piano _ 1
112.97138149999999,0.14642851041666916,44,97,Track 0,32496,41,Electric Grand Piano _ 1
112.96781007291666,0.17499992708333423,68,82,Track 0,32495,49,Overdriven Guitar _ 1
113.13923857291667,0.010714281249988744,42,74,Track 0,32543,3,Drum Kit _ 1
113.13923857291667,0.010714281249988744,36,67,Track 0,32543,3,Drum Kit _ 1
113.13923857291667,0.010714281249988744,85,46,Track 0,32543,3,Drum Kit _ 1
112.96066721874999,0.19642848958334014,71,80,Track 0,32493,55,Overdriven Guitar _ 1
113.13923857291667,0.06071426041665973,58,107,Track 0,32543,17,Electric Grand Piano _ 1
113.13923857291667,0.07499996874999226,55,114,Track 0,32543,21,Electric Grand Piano _ 1
113.13923857291667,0.09285710416665438,63,110,Track 0,32543,26,Electric Grand Piano _ 1
113.13923857291667,0.15357136458332832,34,111,Track 0,32543,43,Electric Grand Piano _ 1
113.14995285416666,0.2749998854166762,67,79,Track 0,32546,77,Overdriven Guitar _ 1
113.13566714583332,0.3178570104166738,70,82,Track 0,32542,89,Overdriven Guitar _ 1
113.65352407291667,0.010714281249988744,38,70,Track 0,32687,3,Drum Kit _ 1
113.65352407291667,0.010714281249988744,85,52,Track 0,32687,3,Drum Kit _ 1
113.6570955,0.010714281250002955,42,72,Track 0,32688,3,Drum Kit _ 1
113.48923842708332,0.17857135416667802,70,78,Track 0,32641,50,Overdriven Guitar _ 1
113.49638128125,0.1785713541666638,67,82,Track 0,32643,50,Overdriven Guitar _ 1
113.64995264583332,0.14999993749999874,72,79,Track 0,32686,42,Overdriven Guitar _ 1
113.6570955,0.264285604166659,68,88,Track 0,32688,74,Overdriven Guitar _ 1
113.65352407291667,0.28214273958332114,55,111,Track 0,32687,79,Electric Grand Piano _ 1
113.65352407291667,0.3178570104166596,34,94,Track 0,32687,89,Electric Bass (finger) _ 1
113.6570955,0.32857129166666255,58,117,Track 0,32688,92,Electric Grand Piano _ 1
113.6570955,0.3321427187499921,63,113,Track 0,32688,93,Electric Grand Piano _ 1
113.99638107291666,0.010714281250002955,85,48,Track 0,32783,3,Drum Kit _ 1
113.97495251041666,0.09285710416666859,75,87,Track 0,32777,26,Overdriven Guitar _ 1
113.99638107291666,0.11071423958333071,70,91,Track 0,32783,31,Overdriven Guitar _ 1
113.99638107291666,0.12499994791666325,29,82,Track 0,32783,35,Electric Bass (finger) _ 1
114.171381,0.010714281250002955,85,53,Track 0,32832,3,Drum Kit _ 1
114.171381,0.010714281250002955,42,93,Track 0,32832,3,Drum Kit _ 1
114.17495242708333,0.010714281250002955,36,62,Track 0,32833,3,Drum Kit _ 1
113.98923821874999,0.2071427708333431,67,69,Track 0,32781,58,Overdriven Guitar _ 1
113.99995249999999,0.22142847916667563,41,103,Track 0,32784,62,Electric Grand Piano _ 1
114.171381,0.07142854166666268,63,111,Track 0,32832,20,Electric Grand Piano _ 1
114.17495242708333,0.07142854166666268,56,108,Track 0,32833,20,Electric Grand Piano _ 1
114.171381,0.07857139583333606,60,120,Track 0,32832,22,Electric Grand Piano _ 1
114.16780957291667,0.15357136458332832,34,77,Track 0,32831,43,Electric Bass (finger) _ 1
114.17495242708333,0.18928563541666676,75,92,Track 0,32833,53,Overdriven Guitar _ 1
114.17852385416666,0.19999991666666972,79,100,Track 0,32834,56,Overdriven Guitar _ 1
114.19280956249999,0.30357130208334127,70,81,Track 0,32838,85,Overdriven Guitar _ 1
114.68209507291667,0.010714281249988744,42,86,Track 0,32975,3,Drum Kit _ 1
114.6856665,0.010714281250002955,85,70,Track 0,32976,3,Drum Kit _ 1
114.68923792708333,0.010714281250002955,38,71,Track 0,32977,3,Drum Kit _ 1
114.17495242708333,0.639285447916663,46,95,Track 0,32833,179,Electric Grand Piano _ 1
114.67852364583332,0.17499992708333423,75,91,Track 0,32974,49,Overdriven Guitar _ 1
114.66780936458333,0.2464284687499969,70,81,Track 0,32971,69,Overdriven Guitar _ 1
114.6856665,0.25714274999999986,56,110,Track 0,32976,72,Electric Grand Piano _ 1
114.68209507291667,0.274999885416662,79,87,Track 0,32975,77,Overdriven Guitar _ 1
114.68209507291667,0.34642842708332466,34,92,Track 0,32975,97,Electric Bass (finger) _ 1
115.02852349999999,0.010714281250002955,85,38,Track 0,33072,3,Drum Kit _ 1
114.6856665,0.37857127083333353,63,118,Track 0,32976,106,Electric Grand Piano _ 1
114.68209507291667,0.46071409374999917,60,114,Track 0,32975,129,Electric Grand Piano _ 1
115.03209492708334,0.11071423958333071,29,84,Track 0,33073,31,Electric Bass (finger) _ 1
115.19280914583332,0.010714281250002955,36,62,Track 0,33118,3,Drum Kit _ 1
115.19638057291667,0.010714281249988744,85,55,Track 0,33119,3,Drum Kit _ 1
115.19638057291667,0.010714281249988744,49,43,Track 0,33119,3,Drum Kit _ 1
115.02495207291666,0.1821427812499934,41,103,Track 0,33071,51,Electric Grand Piano _ 1
116.56423714583333,0.010714281250002955,43,79,Track 0,33502,3,Drum Kit _ 1
115.00352351041666,1.624999322916679,75,87,Track 0,33065,455,Overdriven Guitar _ 1
116.73566564583332,0.010714281250002955,45,86,Track 0,33550,3,Drum Kit _ 1
115.04280920833332,1.860713510416673,79,95,Track 0,33076,521,Overdriven Guitar _ 1
116.914237,0.010714281249988744,43,96,Track 0,33600,3,Drum Kit _ 1
115.05709491666666,1.8928563541666676,70,83,Track 0,33080,530,Overdriven Guitar _ 1
115.19638057291667,1.7821421145833227,65,110,Track 0,33119,499,Electric Grand Piano _ 1
115.19638057291667,1.7964278229166553,56,107,Track 0,33119,503,Electric Grand Piano _ 1
115.19638057291667,1.8178563854166612,34,120,Track 0,33119,509,Electric Bass (finger) _ 1
115.199952,1.8285706666666641,62,113,Track 0,33120,512,Electric Grand Piano _ 1
117.24995114583332,0.010714281250002955,36,65,Track 0,33694,3,Drum Kit _ 1
117.25352257291667,0.010714281250002955,49,39,Track 0,33695,3,Drum Kit _ 1
117.257094,0.010714281250002955,85,60,Track 0,33696,3,Drum Kit _ 1
117.25352257291667,0.0678571145833331,58,106,Track 0,33695,19,Electric Grand Piano _ 1
117.25352257291667,0.07857139583333606,55,108,Track 0,33695,22,Electric Grand Piano _ 1
117.257094,0.07499996875000647,63,101,Track 0,33696,21,Electric Grand Piano _ 1
117.25352257291667,0.13928565624999578,34,87,Track 0,33695,39,Electric Bass (finger) _ 1
117.09280835416666,0.4999997916666672,75,84,Track 0,33650,140,Overdriven Guitar _ 1
117.07852264583333,0.5214283541666589,70,85,Track 0,33646,146,Overdriven Guitar _ 1
117.07852264583333,0.5214283541666589,79,87,Track 0,33646,146,Overdriven Guitar _ 1
117.76780807291667,0.010714281250002955,42,75,Track 0,33839,3,Drum Kit _ 1
117.59995099999999,0.17857135416667802,82,72,Track 0,33792,50,Overdriven Guitar _ 1
117.77495092708332,0.010714281250002955,38,66,Track 0,33841,3,Drum Kit _ 1
117.60352242708333,0.18571420833332297,75,82,Track 0,33793,52,Overdriven Guitar _ 1
117.7713795,0.1607142187500017,79,91,Track 0,33840,45,Overdriven Guitar _ 1
117.77852235416667,0.18571420833332297,70,77,Track 0,33842,52,Overdriven Guitar _ 1
117.7713795,0.3214284375000034,34,91,Track 0,33840,90,Electric Bass (finger) _ 1
117.76780807291667,0.3392855729166655,55,113,Track 0,33839,95,Electric Grand Piano _ 1
118.11423649999999,0.007142854166673374,34,66,Track 0,33936,2,Electric Bass (finger) _ 1
118.11423649999999,0.010714281250002955,85,43,Track 0,33936,3,Drum Kit _ 1
117.76780807291667,0.3857141249999927,58,125,Track 0,33839,108,Electric Grand Piano _ 1
117.7713795,0.39642840624999565,63,117,Track 0,33840,111,Electric Grand Piano _ 1
118.27852214583334,0.010714281249988744,36,66,Track 0,33982,3,Drum Kit _ 1
118.28209357291666,0.010714281250002955,85,53,Track 0,33983,3,Drum Kit _ 1
118.28209357291666,0.010714281250002955,42,42,Track 0,33983,3,Drum Kit _ 1
118.11423649999999,0.18928563541666676,46,103,Track 0,33936,53,Electric Grand Piano _ 1
118.28209357291666,0.07857139583333606,63,113,Track 0,33983,22,Electric Grand Piano _ 1
118.285665,0.08214282291666564,56,103,Track 0,33984,23,Electric Grand Piano _ 1
118.285665,0.09642853124999817,60,121,Track 0,33984,27,Electric Grand Piano _ 1
118.28209357291666,0.11785709374998987,34,100,Track 0,33983,33,Electric Bass (finger) _ 1
118.26066501041666,0.19999991666666972,75,84,Track 0,33977,56,Overdriven Guitar _ 1
118.27495071874999,0.19999991666666972,79,85,Track 0,33981,56,Overdriven Guitar _ 1
118.28209357291666,0.20714277083332888,70,80,Track 0,33983,58,Overdriven Guitar _ 1
118.62495057291666,0.010714281250002955,36,36,Track 0,34079,3,Drum Kit _ 1
118.79637907291666,0.010714281250002955,38,66,Track 0,34127,3,Drum Kit _ 1
118.79637907291666,0.010714281250002955,85,64,Track 0,34127,3,Drum Kit _ 1
118.7999505,0.010714281250002955,42,76,Track 0,34128,3,Drum Kit _ 1
118.79637907291666,0.31428558333333,34,100,Track 0,34127,88,Electric Bass (finger) _ 1
118.7999505,0.3464284270833389,56,117,Track 0,34128,97,Electric Grand Piano _ 1
119.14280749999999,0.010714281250002955,85,39,Track 0,34224,3,Drum Kit _ 1
118.80352192708332,0.3821426979166773,60,119,Track 0,34129,107,Electric Grand Piano _ 1
118.7999505,0.403571260416669,63,118,Track 0,34128,113,Electric Grand Piano _ 1
119.13923607291666,0.16428564583333127,29,74,Track 0,34223,46,Electric Bass (finger) _ 1
119.30709314583333,0.010714281249988744,36,70,Track 0,34270,3,Drum Kit _ 1
119.314236,0.010714281250002955,49,36,Track 0,34272,3,Drum Kit _ 1
119.314236,0.010714281250002955,85,48,Track 0,34272,3,Drum Kit _ 1
119.13923607291666,0.18928563541666676,41,113,Track 0,34223,53,Electric Grand Piano _ 1
120.62494973958333,0.3392855729166655,53,62,Track 0,34639,95,Flute _ 1
119.31066457291666,1.682142156249995,62,121,Track 0,34271,471,Electric Grand Piano _ 1
119.31780742708332,1.732142135416666,56,117,Track 0,34273,485,Electric Grand Piano _ 1
119.31780742708332,1.742856416666669,65,117,Track 0,34273,488,Electric Grand Piano _ 1
119.31066457291666,1.749999270833328,34,117,Track 0,34271,490,Electric Grand Piano _ 1
121.01066386458332,0.16428564583334548,53,66,Track 0,34747,46,Flute _ 1
118.78923621874999,2.3892847187500053,77,85,Track 0,34125,669,Overdriven Guitar _ 1
118.81423620833333,2.399999000000008,80,95,Track 0,34132,672,Overdriven Guitar _ 1
118.79637907291666,2.4821418229166596,74,81,Track 0,34127,695,Overdriven Guitar _ 1
121.15352094791666,0.18928563541666676,54,65,Track 0,34787,53,Flute _ 1
121.36423514583333,0.010714281249988744,36,66,Track 0,34846,3,Drum Kit _ 1
121.36780657291666,0.010714281250002955,85,41,Track 0,34847,3,Drum Kit _ 1
121.36780657291666,0.010714281250002955,42,65,Track 0,34847,3,Drum Kit _ 1
121.37137799999999,0.0678571145833331,59,113,Track 0,34848,19,Electric Grand Piano _ 1
121.3499494375,0.10714281249998692,55,76,Track 0,34842,30,Flute _ 1
121.37137799999999,0.08928567708333901,62,109,Track 0,34848,25,Electric Grand Piano _ 1
121.36780657291666,0.10714281250000113,65,106,Track 0,34847,30,Electric Grand Piano _ 1
121.88566349999999,0.010714281250002955,42,71,Track 0,34992,3,Drum Kit _ 1
121.88209207291666,0.017857135416662118,38,93,Track 0,34991,5,Electric Bass (finger) _ 1
121.36780657291666,0.5464283437499944,43,63,Track 0,34847,153,Distortion Guitar _ 1
121.36780657291666,0.5607140520833269,31,113,Track 0,34847,157,Electric Grand Piano _ 1
121.88566349999999,0.04999997916667098,55,72,Track 0,34992,14,Distortion Guitar _ 1
121.88209207291666,0.053571406250000564,62,113,Track 0,34991,15,Electric Grand Piano _ 1
121.88566349999999,0.057142833333330145,59,69,Track 0,34992,16,Distortion Guitar _ 1
121.88923492708332,0.13214280208333662,65,112,Track 0,34993,37,Electric Grand Piano _ 1
121.87137779166666,0.2964284479166679,67,80,Track 0,34988,83,Flute _ 1
122.22852049999999,0.010714281250002955,85,41,Track 0,35088,3,Drum Kit _ 1
122.22494907291666,0.09642853124999817,65,68,Track 0,35087,27,Flute _ 1
122.22494907291666,0.15357136458334253,31,103,Track 0,35087,43,Electric Grand Piano _ 1
122.39994899999999,0.010714281250002955,85,56,Track 0,35136,3,Drum Kit _ 1
122.39994899999999,0.010714281250002955,42,71,Track 0,35136,3,Drum Kit _ 1
122.39637757291666,0.017857135416662118,36,92,Track 0,35135,5,Electric Bass (finger) _ 1
122.39637757291666,0.09642853124999817,60,96,Track 0,35135,27,Electric Grand Piano _ 1
122.38566329166666,0.11785709375000408,63,77,Track 0,35132,33,Flute _ 1
122.39637757291666,0.10714281250000113,55,113,Track 0,35135,30,Electric Grand Piano _ 1
122.54280608333333,0.11428566666666029,62,72,Track 0,35176,32,Flute _ 1
122.74637742708333,0.010714281250002955,36,53,Track 0,35233,3,Drum Kit _ 1
122.91066307291666,0.010714281250002955,42,65,Track 0,35279,3,Drum Kit _ 1
122.91423449999999,0.010714281250002955,85,52,Track 0,35280,3,Drum Kit _ 1
122.91423449999999,0.010714281250002955,38,69,Track 0,35280,3,Drum Kit _ 1
122.69994887499999,0.26071417708334366,60,69,Track 0,35220,73,Flute _ 1
122.88566308333333,0.07857139583333606,63,97,Track 0,35272,22,Overdriven Guitar _ 1
122.91066307291666,0.06071426041665973,55,74,Track 0,35279,17,Distortion Guitar _ 1
122.39637757291666,0.5785711875000032,48,66,Track 0,35135,162,Distortion Guitar _ 1
122.90709164583333,0.2499998958333265,67,95,Track 0,35278,70,Overdriven Guitar _ 1
122.89637736458333,0.3357141458333359,72,95,Track 0,35275,94,Overdriven Guitar _ 1
123.2570915,0.010714281249988744,85,39,Track 0,35376,3,Drum Kit _ 1
123.25352007291666,0.12499994791667746,36,103,Track 0,35375,35,Electric Grand Piano _ 1
123.2356629375,0.14999993749999874,69,80,Track 0,35370,42,Overdriven Guitar _ 1
123.24280579166665,0.1821427812500076,60,78,Track 0,35372,51,Overdriven Guitar _ 1
123.23923436458333,0.18571420833333718,63,74,Track 0,35371,52,Overdriven Guitar _ 1
123.42494857291666,0.010714281250002955,85,48,Track 0,35423,3,Drum Kit _ 1
123.42494857291666,0.010714281250002955,42,65,Track 0,35423,3,Drum Kit _ 1
123.43209142708332,0.010714281250002955,36,67,Track 0,35425,3,Drum Kit _ 1
123.42851999999999,0.08928567708333901,59,116,Track 0,35424,25,Electric Grand Piano _ 1
123.42851999999999,0.09642853124999817,55,113,Track 0,35424,27,Electric Grand Piano _ 1
123.42494857291666,0.10357138541667155,62,117,Track 0,35423,29,Electric Grand Piano _ 1
123.42494857291666,0.11071423958333071,65,113,Track 0,35423,31,Electric Grand Piano _ 1
123.42137714583333,0.2285713333333348,67,79,Track 0,35422,64,Flute _ 1
123.78566270833333,0.08214282291666564,67,60,Track 0,35524,23,Flute _ 1
123.42851999999999,0.48571408333333466,31,90,Track 0,35424,136,Electric Bass (finger) _ 1
123.93566264583333,0.010714281249988744,38,69,Track 0,35566,3,Drum Kit _ 1
123.94280549999999,0.010714281250002955,42,75,Track 0,35568,3,Drum Kit _ 1
123.42494857291666,0.5464283437499944,43,60,Track 0,35423,153,Distortion Guitar _ 1
123.93923407291666,0.04285712499999761,55,106,Track 0,35567,12,Electric Grand Piano _ 1
123.93923407291666,0.04642855208332719,62,114,Track 0,35567,13,Electric Grand Piano _ 1
123.93923407291666,0.04642855208332719,59,117,Track 0,35567,13,Electric Grand Piano _ 1
123.93923407291666,0.13214280208333662,65,111,Track 0,35567,37,Electric Grand Piano _ 1
123.94637692708332,0.28214273958333536,67,76,Track 0,35569,79,Flute _ 1
124.2856625,0.010714281249988744,85,39,Track 0,35664,3,Drum Kit _ 1
124.2856625,0.08214282291666564,65,70,Track 0,35664,23,Flute _ 1
124.28209107291666,0.17857135416667802,31,88,Track 0,35663,50,Electric Bass (finger) _ 1
124.45351957291666,0.010714281250002955,85,53,Track 0,35711,3,Drum Kit _ 1
124.45709099999999,0.010714281250002955,42,79,Track 0,35712,3,Drum Kit _ 1
124.46066242708334,0.010714281249988744,36,103,Track 0,35713,3,Electric Grand Piano _ 1
124.46066242708334,0.07857139583332184,55,124,Track 0,35713,22,Electric Grand Piano _ 1
124.45351957291666,0.08928567708333901,60,121,Track 0,35711,25,Electric Grand Piano _ 1
124.45351957291666,0.09285710416666859,63,73,Track 0,35711,26,Flute _ 1
124.585662375,0.16785707291666085,62,61,Track 0,35748,47,Flute _ 1
124.96423364583333,0.010714281249988744,38,66,Track 0,35854,3,Drum Kit _ 1
124.97137649999999,0.010714281250017166,42,70,Track 0,35856,3,Drum Kit _ 1
124.7356623125,0.2749998854166762,60,64,Track 0,35790,77,Flute _ 1
124.96780507291666,0.053571406250000564,63,66,Track 0,35855,15,Distortion Guitar _ 1
124.96780507291666,0.053571406250000564,55,111,Track 0,35855,15,Electric Grand Piano _ 1
124.45351957291666,0.5714283333333299,48,61,Track 0,35711,160,Distortion Guitar _ 1
125.3142335,0.010714281249988744,85,52,Track 0,35952,3,Drum Kit _ 1
125.31780492708333,0.010714281249988744,36,106,Track 0,35953,3,Electric Grand Piano _ 1
125.26423352083333,0.17857135416667802,57,70,Track 0,35938,50,Flute _ 1
124.97137649999999,0.48571408333333466,67,85,Track 0,35856,136,Choir Aahs _ 1
124.97137649999999,0.4999997916666814,72,87,Track 0,35856,140,Choir Aahs _ 1
125.48566199999999,0.010714281250017166,85,34,Track 0,36000,3,Drum Kit _ 1
125.48209057291666,0.02142856250000591,42,66,Track 0,35999,6,Drum Kit _ 1
125.48923342708332,0.028571416666665073,36,66,Track 0,36001,8,Drum Kit _ 1
125.44637630208334,0.09285710416665438,58,56,Track 0,35989,26,Flute _ 1
125.47851914583333,0.11428566666666029,53,108,Track 0,35998,32,Electric Grand Piano _ 1
125.48209057291666,0.12857137500000704,62,120,Track 0,35999,36,Electric Grand Piano _ 1
125.614233375,0.08571424999999522,58,67,Track 0,36036,24,Flute _ 1
125.48566199999999,0.2714284583333324,46,60,Track 0,36000,76,Distortion Guitar _ 1
125.82494757291667,0.0892856770833248,43,78,Track 0,36095,25,Electric Bass (finger) _ 1
125.99637607291666,0.010714281249988744,38,67,Track 0,36143,3,Drum Kit _ 1
125.99637607291666,0.010714281249988744,42,70,Track 0,36143,3,Drum Kit _ 1
125.99637607291666,0.04999997916667098,62,77,Track 0,36143,14,Distortion Guitar _ 1
125.79637615625,0.2499998958333265,58,75,Track 0,36087,70,Flute _ 1
125.48566199999999,0.5678569062500003,65,84,Track 0,36000,159,Choir Aahs _ 1
125.99994749999999,0.1357142291666662,53,116,Track 0,36144,38,Electric Grand Piano _ 1
125.48209057291666,0.6571425833333251,34,112,Track 0,35999,184,Electric Grand Piano _ 1
125.99994749999999,0.17142849999999044,43,93,Track 0,36144,48,Electric Bass (finger) _ 1
126.16423314583332,0.14999993750001295,58,77,Track 0,36190,42,Flute _ 1
126.17494742708334,0.14285708333332536,44,86,Track 0,36193,40,Electric Bass (finger) _ 1
126.31423308333333,0.1607142187500017,56,68,Track 0,36232,45,Flute _ 1
126.51066157291666,0.010714281249988744,36,66,Track 0,36287,3,Drum Kit _ 1
126.51423299999999,0.010714281250017166,85,52,Track 0,36288,3,Drum Kit _ 1
126.51423299999999,0.010714281250017166,42,70,Track 0,36288,3,Drum Kit _ 1
126.3428045,0.21785705208333184,41,88,Track 0,36240,61,Electric Bass (finger) _ 1
125.48566199999999,1.0749995520833409,70,77,Track 0,36000,301,Choir Aahs _ 1
126.3428045,0.23571418750000817,34,87,Track 0,36240,66,Electric Grand Piano _ 1
126.49280443749998,0.12142852083334787,55,73,Track 0,36282,34,Flute _ 1
126.51423299999999,0.10714281250000113,58,72,Track 0,36288,30,Choir Aahs _ 1
126.51423299999999,0.12499994791667746,63,127,Track 0,36288,35,Electric Grand Piano _ 1
126.63923294791667,0.16785707291666085,53,56,Track 0,36323,47,Flute _ 1
126.86066142708333,0.010714281249988744,36,34,Track 0,36385,3,Drum Kit _ 1
126.8356614375,0.12499994791667746,55,68,Track 0,36378,35,Flute _ 1
126.51423299999999,0.4928569374999938,67,73,Track 0,36288,138,Choir Aahs _ 1
127.02137564583333,0.010714281249988744,38,68,Track 0,36430,3,Drum Kit _ 1
127.02494707291666,0.010714281249988744,42,68,Track 0,36431,3,Drum Kit _ 1
127.02494707291666,0.010714281249988744,58,127,Track 0,36431,3,Electric Grand Piano _ 1
127.02494707291666,0.0464285520833414,63,124,Track 0,36431,13,Electric Grand Piano _ 1
127.02494707291666,0.053571406250000564,67,67,Track 0,36431,15,Distortion Guitar _ 1
126.51066157291666,0.5749997604166595,51,60,Track 0,36287,161,Distortion Guitar _ 1
127.02494707291666,0.12857137500000704,55,117,Track 0,36431,36,Electric Grand Piano _ 1
126.51066157291666,0.6571425833333251,39,98,Track 0,36287,184,Electric Bass (finger) _ 1
127.36780407291667,0.010714281249988744,85,38,Track 0,36527,3,Drum Kit _ 1
127.23923269791666,0.224999906249991,63,65,Track 0,36491,63,Flute _ 1
127.36780407291667,0.16785707291666085,39,88,Track 0,36527,47,Electric Grand Piano _ 1
127.53566114583333,0.010714281249988744,36,67,Track 0,36574,3,Drum Kit _ 1
127.53923257291666,0.010714281249988744,42,78,Track 0,36575,3,Drum Kit _ 1
127.54280399999999,0.010714281250017166,85,46,Track 0,36576,3,Drum Kit _ 1
127.53923257291666,0.12142852083334787,53,113,Track 0,36575,34,Electric Grand Piano _ 1
127.54280399999999,0.12142852083334787,58,75,Track 0,36576,34,Flute _ 1
127.53923257291666,0.12857137500000704,62,127,Track 0,36575,36,Electric Grand Piano _ 1
127.53923257291666,0.2714284583333324,46,97,Track 0,36575,76,Electric Bass (finger) _ 1
127.88208957291667,0.010714281249988744,85,38,Track 0,36671,3,Drum Kit _ 1
127.87494671874998,0.14642851041668337,60,65,Track 0,36669,41,Flute _ 1
128.0570895,0.010714281250017166,42,71,Track 0,36720,3,Drum Kit _ 1
128.0570895,0.010714281250017166,85,48,Track 0,36720,3,Drum Kit _ 1
128.06066092708332,0.010714281250017166,38,67,Track 0,36721,3,Drum Kit _ 1
128.04994664583333,0.0464285520833414,58,61,Track 0,36718,13,Flute _ 1
128.05351807291666,0.0464285520833414,62,74,Track 0,36719,13,Distortion Guitar _ 1
127.54280399999999,0.5607140520833411,65,81,Track 0,36576,157,Choir Aahs _ 1
128.0570895,0.10714281250000113,53,110,Track 0,36720,30,Electric Grand Piano _ 1
127.88208957291667,0.3607141354166572,43,98,Track 0,36671,101,Electric Bass (finger) _ 1
127.54280399999999,0.7178568437500132,34,112,Track 0,36576,201,Electric Grand Piano _ 1
128.185660875,0.15357136458334253,57,64,Track 0,36756,43,Flute _ 1
128.23208942708334,0.11785709374998987,44,92,Track 0,36769,33,Electric Bass (finger) _ 1
128.34637509375,0.18571420833333718,56,55,Track 0,36801,52,Flute _ 1
128.3999465,0.16428564583333127,34,97,Track 0,36816,46,Electric Grand Piano _ 1
128.56423214583333,0.010714281249988744,36,63,Track 0,36862,3,Drum Kit _ 1
128.56780357291666,0.010714281249988744,85,60,Track 0,36863,3,Drum Kit _ 1
128.571375,0.010714281250017166,42,70,Track 0,36864,3,Drum Kit _ 1
127.54280399999999,1.0499995625000054,70,87,Track 0,36576,294,Choir Aahs _ 1
128.40351792708333,0.19642848958332593,41,88,Track 0,36817,55,Electric Bass (finger) _ 1
128.56780357291666,0.08214282291666564,58,125,Track 0,36863,23,Electric Grand Piano _ 1
128.55708929166667,0.11428566666666029,55,69,Track 0,36860,32,Flute _ 1
128.56780357291666,0.10714281250000113,63,127,Track 0,36863,30,Electric Grand Piano _ 1
128.71066065624998,0.057142833333330145,58,64,Track 0,36903,16,Flute _ 1
128.571375,0.2035713437500135,67,79,Track 0,36864,57,Choir Aahs _ 1
128.91066057291667,0.010714281249988744,36,53,Track 0,36959,3,Drum Kit _ 1
129.08208907291666,0.010714281249988744,42,68,Track 0,37007,3,Drum Kit _ 1
129.0856605,0.010714281250017166,38,70,Track 0,37008,3,Drum Kit _ 1
129.0856605,0.010714281250017166,85,48,Track 0,37008,3,Drum Kit _ 1
128.56780357291666,0.5607140520833411,51,61,Track 0,36863,157,Distortion Guitar _ 1
128.914232,0.21785705208333184,67,80,Track 0,36960,61,Choir Aahs _ 1
128.914232,0.21785705208333184,58,78,Track 0,36960,61,Choir Aahs _ 1
128.89637486458332,0.2499998958333265,63,63,Track 0,36955,70,Flute _ 1
129.08208907291666,0.07857139583333606,55,123,Track 0,37007,22,Electric Grand Piano _ 1
128.56780357291666,0.6392854479166772,39,102,Track 0,36863,179,Electric Grand Piano _ 1
128.914232,0.30357130208332705,70,91,Track 0,36960,85,Choir Aahs _ 1
129.37494609375,0.18928563541666676,66,68,Track 0,37089,53,Flute _ 1
129.42494607291667,0.1571427916666721,39,76,Track 0,37103,44,Electric Bass (finger) _ 1
129.59280314583333,0.010714281249988744,36,65,Track 0,37150,3,Drum Kit _ 1
129.599946,0.010714281250017166,85,66,Track 0,37152,3,Drum Kit _ 1
129.599946,0.010714281250017166,42,75,Track 0,37152,3,Drum Kit _ 1
129.599946,0.0928571041666828,62,116,Track 0,37152,26,Electric Grand Piano _ 1
129.599946,0.11071423958333071,60,127,Track 0,37152,31,Electric Grand Piano _ 1
129.60351742708332,0.11428566666668871,66,121,Track 0,37153,32,Electric Grand Piano _ 1
129.599946,0.12142852083334787,57,127,Track 0,37152,34,Electric Grand Piano _ 1
129.56780315625,0.21785705208333184,70,67,Track 0,37143,61,Flute _ 1
129.59637457291666,0.32857129166666255,38,100,Track 0,37151,92,Electric Bass (finger) _ 1
129.4285175,0.6571425833333251,69,79,Track 0,37104,184,Choir Aahs _ 1
129.4285175,0.6607140104166547,75,85,Track 0,37104,185,Choir Aahs _ 1
129.59637457291666,0.5107140729166701,50,63,Track 0,37151,143,Distortion Guitar _ 1
130.1142315,0.010714281250017166,38,67,Track 0,37296,3,Drum Kit _ 1
130.1142315,0.010714281250017166,85,53,Track 0,37296,3,Drum Kit _ 1
130.1142315,0.010714281250017166,42,71,Track 0,37296,3,Drum Kit _ 1
129.4285175,0.7035711354166665,72,88,Track 0,37104,197,Choir Aahs _ 1
130.11066007291666,0.0464285520833414,66,77,Track 0,37295,13,Distortion Guitar _ 1
130.11066007291666,0.0464285520833414,62,125,Track 0,37295,13,Electric Grand Piano _ 1
130.11066007291666,0.06785711458334731,57,124,Track 0,37295,19,Electric Grand Piano _ 1
130.11780292708332,0.10714281250000113,60,127,Track 0,37297,30,Electric Grand Piano _ 1
130.1142315,0.18571420833333718,67,78,Track 0,37296,52,Flute _ 1
130.4570885,0.010714281249988744,85,43,Track 0,37392,3,Drum Kit _ 1
130.44637421874998,0.10357138541667155,69,66,Track 0,37389,29,Flute _ 1
130.45351707291667,0.1357142291666662,38,95,Track 0,37391,38,Electric Grand Piano _ 1
130.62494557291666,0.010714281249988744,42,86,Track 0,37439,3,Drum Kit _ 1
130.628517,0.010714281250017166,85,56,Track 0,37440,3,Drum Kit _ 1
130.63208842708332,0.010714281250017166,36,65,Track 0,37441,3,Drum Kit _ 1
130.62494557291666,0.11428566666666029,67,123,Track 0,37439,32,Electric Grand Piano _ 1
130.62494557291666,0.11785709374998987,58,118,Track 0,37439,33,Electric Grand Piano _ 1
130.62494557291666,0.12499994791667746,62,127,Track 0,37439,35,Electric Grand Piano _ 1
130.62494557291666,0.274999885416662,43,111,Track 0,37439,77,Electric Grand Piano _ 1
130.628517,0.3464284270833389,50,59,Track 0,37440,97,Distortion Guitar _ 1
130.628517,0.37857127083333353,70,91,Track 0,37440,106,Choir Aahs _ 1
131.1428025,0.010714281250017166,42,70,Track 0,37584,3,Drum Kit _ 1
131.1428025,0.010714281250017166,85,62,Track 0,37584,3,Drum Kit _ 1
131.14637392708332,0.010714281250017166,38,79,Track 0,37585,3,Drum Kit _ 1
131.1428025,0.11071423958333071,57,120,Track 0,37584,31,Electric Grand Piano _ 1
131.1428025,0.13928565624999578,60,126,Track 0,37584,39,Electric Grand Piano _ 1
131.1428025,0.15357136458334253,65,81,Track 0,37584,43,Choir Aahs _ 1
131.13923107291666,0.2071427708333431,41,93,Track 0,37583,58,Electric Bass (finger) _ 1
131.13923107291666,0.3892855520833223,48,66,Track 0,37583,109,Distortion Guitar _ 1
131.1428025,0.4071426874999986,69,84,Track 0,37584,114,Choir Aahs _ 1
131.1428025,0.4071426874999986,72,90,Track 0,37584,114,Choir Aahs _ 1
131.64994514583333,0.010714281249988744,38,50,Track 0,37726,3,Drum Kit _ 1
131.73923082291665,0.010714281250017166,38,48,Track 0,37751,3,Drum Kit _ 1
131.82137364583332,0.010714281250017166,38,51,Track 0,37774,3,Drum Kit _ 1
131.91780217708333,0.010714281249988744,38,52,Track 0,37801,3,Drum Kit _ 1
131.999945,0.010714281249988744,38,45,Track 0,37824,3,Drum Kit _ 1
132.08565925,0.010714281249988744,38,52,Track 0,37848,3,Drum Kit _ 1
132.17494492708332,0.010714281250017166,38,60,Track 0,37873,3,Drum Kit _ 1
132.25351632291665,0.010714281250017166,38,64,Track 0,37895,3,Drum Kit _ 1
132.33923057291665,0.010714281250017166,38,63,Track 0,37919,3,Drum Kit _ 1
132.42851625,0.010714281249988744,38,64,Track 0,37944,3,Drum Kit _ 1
131.657088,0.8535710729166794,65,90,Track 0,37728,239,Choir Aahs _ 1
132.51065907291667,0.010714281249988744,38,71,Track 0,37967,3,Drum Kit _ 1
131.657088,0.8928567708333333,62,79,Track 0,37728,250,Choir Aahs _ 1
131.657088,0.8999996250000208,53,66,Track 0,37728,252,Distortion Guitar _ 1
131.657088,0.90714247916668,58,127,Track 0,37728,254,Electric Grand Piano _ 1
132.60351617708332,0.010714281250017166,38,76,Track 0,37993,3,Drum Kit _ 1
131.657088,0.9607138854166806,46,62,Track 0,37728,269,Distortion Guitar _ 1
131.657088,0.9642853125000101,34,108,Track 0,37728,270,Electric Bass (finger) _ 1
131.657088,1.0107138645833516,74,85,Track 0,37728,283,Choir Aahs _ 1
131.657088,1.0249995729166699,70,84,Track 0,37728,287,Choir Aahs _ 1
132.68923042708332,0.010714281250017166,36,81,Track 0,38017,3,Drum Kit _ 1
132.68208757291666,0.08214282291666564,48,69,Track 0,38015,23,Distortion Guitar _ 1
132.68208757291666,0.08214282291666564,41,91,Track 0,38015,23,Electric Grand Piano _ 1
132.685659,0.08571424999999522,29,101,Track 0,38016,24,Electric Grand Piano _ 1
132.67851614583333,0.15357136458334253,65,85,Track 0,38014,43,Overdriven Guitar _ 1
132.85351607291665,0.010714281250017166,43,71,Track 0,38063,3,Drum Kit _ 1
132.86065892708334,0.010714281249988744,45,74,Track 0,38065,3,Drum Kit _ 1
132.8356589375,0.07142854166664847,41,60,Track 0,38058,20,Overdriven Guitar _ 1
132.8356589375,0.07499996875000647,48,70,Track 0,38058,21,Overdriven Guitar _ 1
132.85351607291665,0.06785711458334731,29,86,Track 0,38063,19,Electric Bass (finger) _ 1
133.02137314583334,0.010714281249988744,43,65,Track 0,38110,3,Drum Kit _ 1
132.85351607291665,0.1821427812500076,63,86,Track 0,38063,51,Overdriven Guitar _ 1
133.028516,0.010714281249988744,45,68,Track 0,38112,3,Drum Kit _ 1
132.685659,0.3928569791666803,72,80,Track 0,38016,110,Choir Aahs _ 1
133.00351601041666,0.08214282291666564,41,58,Track 0,38105,23,Overdriven Guitar _ 1
133.0070874375,0.0928571041666828,48,65,Track 0,38106,26,Overdriven Guitar _ 1
133.028516,0.07142854166667689,29,111,Track 0,38112,20,Electric Grand Piano _ 1
132.685659,0.42499982291667493,60,73,Track 0,38016,119,Choir Aahs _ 1
133.19637307291666,0.010714281250017166,43,69,Track 0,38159,3,Drum Kit _ 1
133.1999445,0.010714281250017166,45,71,Track 0,38160,3,Drum Kit _ 1
133.17851593749998,0.07142854166667689,41,65,Track 0,38154,20,Overdriven Guitar _ 1
133.17851593749998,0.08214282291669406,48,73,Track 0,38154,23,Overdriven Guitar _ 1
132.685659,0.5749997604166879,69,77,Track 0,38016,161,Choir Aahs _ 1
133.19637307291666,0.06785711458334731,29,94,Track 0,38159,19,Electric Bass (finger) _ 1
133.19280164583333,0.12857137500000704,58,88,Track 0,38158,36,Overdriven Guitar _ 1
133.371373,0.010714281249988744,45,64,Track 0,38208,3,Drum Kit _ 1
133.371373,0.010714281249988744,43,66,Track 0,38208,3,Drum Kit _ 1
133.35708729166666,0.06785711458334731,41,62,Track 0,38204,19,Overdriven Guitar _ 1
133.371373,0.06071426041665973,29,93,Track 0,38208,17,Electric Bass (finger) _ 1
133.35351586458333,0.08571424999999522,48,67,Track 0,38203,24,Overdriven Guitar _ 1
132.68208757291666,0.8107139479166676,57,127,Track 0,38015,227,Electric Grand Piano _ 1
133.5428015,0.010714281249988744,43,71,Track 0,38256,3,Drum Kit _ 1
133.54637292708333,0.010714281249988744,45,73,Track 0,38257,3,Drum Kit _ 1
133.51780151041666,0.09285710416665438,41,61,Track 0,38249,26,Overdriven Guitar _ 1
133.5428015,0.10357138541667155,29,96,Track 0,38256,29,Electric Grand Piano _ 1
133.51780151041666,0.13214280208333662,48,64,Track 0,38249,37,Overdriven Guitar _ 1
133.54637292708333,0.13214280208333662,53,74,Track 0,38257,37,Overdriven Guitar _ 1
133.71065857291666,0.010714281250017166,38,47,Track 0,38303,3,Drum Kit _ 1
133.79637282291665,0.010714281250017166,38,55,Track 0,38327,3,Drum Kit _ 1
133.88208707291665,0.010714281250017166,38,57,Track 0,38351,3,Drum Kit _ 1
133.97137275,0.010714281249988744,38,49,Track 0,38376,3,Drum Kit _ 1
134.057087,0.010714281249988744,38,65,Track 0,38400,3,Drum Kit _ 1
134.13922982291666,0.010714281249988744,38,50,Track 0,38423,3,Drum Kit _ 1
134.22137264583333,0.010714281249988744,38,63,Track 0,38446,3,Drum Kit _ 1
134.31065832291665,0.010714281250017166,38,60,Track 0,38471,3,Drum Kit _ 1
134.399944,0.010714281249988744,38,74,Track 0,38496,3,Drum Kit _ 1
133.70708714583333,0.7392854062499907,53,68,Track 0,38302,207,Overdriven Guitar _ 1
134.48922967708333,0.010714281249988744,38,63,Track 0,38521,3,Drum Kit _ 1
134.56422964583334,0.010714281249988744,38,76,Track 0,38542,3,Drum Kit _ 1
133.71065857291666,0.8749996354166569,65,127,Track 0,38303,245,Electric Grand Piano _ 1
133.71065857291666,0.9107139062500096,58,113,Track 0,38303,255,Electric Grand Piano _ 1
133.71065857291666,0.9428567500000042,61,124,Track 0,38303,264,Electric Grand Piano _ 1
134.65351532291666,0.010714281249988744,38,76,Track 0,38567,3,Drum Kit _ 1
133.70708714583333,0.9678567395833397,46,68,Track 0,38302,271,Overdriven Guitar _ 1
133.71065857291666,0.9928567291666752,34,125,Track 0,38303,278,Electric Grand Piano _ 1
133.71423,1.0107138645833516,70,95,Track 0,38304,283,Choir Aahs _ 1
134.56780107291667,0.16428564583333127,60,65,Track 0,38543,46,Flute _ 1
134.71065815625,0.02142856250000591,53,68,Track 0,38583,6,Overdriven Guitar _ 1
133.71423,1.0214281458333403,73,85,Track 0,38304,286,Choir Aahs _ 1
134.742801,0.010714281250017166,36,92,Track 0,38592,3,Drum Kit _ 1
134.73922957291666,0.07857139583333606,29,87,Track 0,38591,22,Electric Bass (finger) _ 1
134.742801,0.07857139583333606,41,51,Track 0,38592,22,Distortion Guitar _ 1
134.742801,0.08928567708335322,48,49,Track 0,38592,25,Distortion Guitar _ 1
134.73565814583333,0.11785709374998987,65,76,Track 0,38590,33,Flute _ 1
134.90708664583332,0.010714281250017166,43,70,Track 0,38638,3,Drum Kit _ 1
134.91065807291665,0.010714281250017166,45,64,Track 0,38639,3,Drum Kit _ 1
134.91065807291665,0.06428568750001773,41,57,Track 0,38639,18,Distortion Guitar _ 1
134.9142295,0.06428568749998931,29,93,Track 0,38640,18,Electric Bass (finger) _ 1
134.9142295,0.08571424999999522,48,56,Track 0,38640,24,Distortion Guitar _ 1
134.92494378125,0.12142852083334787,65,73,Track 0,38643,34,Flute _ 1
134.8928009375,0.1785713541666496,51,65,Track 0,38634,50,Overdriven Guitar _ 1
135.08208657291667,0.010714281249988744,45,69,Track 0,38687,3,Drum Kit _ 1
135.08922942708332,0.010714281249988744,43,72,Track 0,38689,3,Drum Kit _ 1
135.08208657291667,0.06071426041665973,29,91,Track 0,38687,17,Electric Bass (finger) _ 1
135.08208657291667,0.06785711458331889,41,62,Track 0,38687,19,Distortion Guitar _ 1
135.07851514583334,0.08571424999999522,48,80,Track 0,38686,24,Overdriven Guitar _ 1
135.07851514583334,0.1607142187500017,63,73,Track 0,38686,45,Flute _ 1
135.26065792708332,0.010714281250017166,45,69,Track 0,38737,3,Drum Kit _ 1
135.26065792708332,0.010714281250017166,43,68,Track 0,38737,3,Drum Kit _ 1
134.742801,0.5392854895833352,72,91,Track 0,38592,151,Choir Aahs _ 1
134.742801,0.5428569166666648,60,126,Track 0,38592,152,Electric Grand Piano _ 1
134.742801,0.5678569062500003,69,75,Track 0,38592,159,Choir Aahs _ 1
135.25351507291666,0.06428568750001773,41,99,Track 0,38735,18,Electric Grand Piano _ 1
135.25708649999999,0.07499996875000647,29,114,Track 0,38736,21,Electric Grand Piano _ 1
135.25708649999999,0.07499996875000647,48,57,Track 0,38736,21,Distortion Guitar _ 1
135.42137214583332,0.010714281250017166,43,66,Track 0,38782,3,Drum Kit _ 1
135.24994364583333,0.1821427812500076,46,67,Track 0,38734,51,Overdriven Guitar _ 1
135.43208642708333,0.010714281249988744,45,70,Track 0,38785,3,Drum Kit _ 1
135.42494357291667,0.06071426041665973,41,57,Track 0,38783,17,Distortion Guitar _ 1
135.42494357291667,0.06428568749998931,29,106,Track 0,38783,18,Electric Grand Piano _ 1
135.42494357291667,0.07857139583330763,48,55,Track 0,38783,22,Distortion Guitar _ 1
135.25351507291666,0.2535713229166845,68,77,Track 0,38735,71,Flute _ 1
135.56780065625,0.010714281249988744,84,49,Track 0,38823,3,Drum Kit _ 1
135.43208642708333,0.1571427916666721,44,73,Track 0,38785,44,Overdriven Guitar _ 1
135.59637207291667,0.010714281249988744,43,69,Track 0,38831,3,Drum Kit _ 1
135.59637207291667,0.010714281249988744,45,74,Track 0,38831,3,Drum Kit _ 1
135.59637207291667,0.057142833333330145,41,57,Track 0,38831,16,Distortion Guitar _ 1
135.59637207291667,0.06071426041665973,48,52,Track 0,38831,17,Distortion Guitar _ 1
135.5999435,0.06428568749998931,29,96,Track 0,38832,18,Electric Bass (finger) _ 1
135.75351486458334,0.010714281249988744,84,47,Track 0,38875,3,Drum Kit _ 1
135.76780057291666,0.010714281250017166,43,73,Track 0,38879,3,Drum Kit _ 1
135.77494342708331,0.010714281250017166,45,77,Track 0,38881,3,Drum Kit _ 1
135.76780057291666,0.04999997916667098,41,98,Track 0,38879,14,Electric Grand Piano _ 1
135.76780057291666,0.06785711458334731,29,107,Track 0,38879,19,Electric Bass (finger) _ 1
135.93565764583332,0.010714281250017166,43,73,Track 0,38926,3,Drum Kit _ 1
135.9428005,0.010714281249988744,45,77,Track 0,38928,3,Drum Kit _ 1
135.94637192708333,0.04999997916667098,41,96,Track 0,38929,14,Electric Grand Piano _ 1
135.9428005,0.06785711458331889,29,103,Track 0,38928,19,Electric Bass (finger) _ 1
134.742801,1.2928566041666727,57,118,Track 0,38592,362,Electric Grand Piano _ 1
135.5785149375,0.46428552083332875,65,70,Track 0,38826,130,Flute _ 1
136.114229,0.010714281249988744,43,74,Track 0,38976,3,Drum Kit _ 1
136.11780042708332,0.010714281250017166,45,84,Track 0,38977,3,Drum Kit _ 1
136.11780042708332,0.057142833333330145,41,96,Track 0,38977,16,Electric Grand Piano _ 1
136.11065757291667,0.06785711458331889,29,120,Track 0,38975,19,Electric Grand Piano _ 1
136.2642289375,0.010714281249988744,38,68,Track 0,39018,3,Drum Kit _ 1
136.28565749999999,0.010714281250017166,38,84,Track 0,39024,3,Drum Kit _ 1
136.28208607291666,0.10357138541667155,41,115,Track 0,39023,29,Electric Grand Piano _ 1
136.46065742708333,0.010714281249988744,36,69,Track 0,39073,3,Drum Kit _ 1
136.27851464583333,0.23214276041667858,60,68,Track 0,39022,65,Flute _ 1
136.28208607291666,0.23214276041667858,57,120,Track 0,39023,65,Electric Grand Piano _ 1
136.28208607291666,0.23214276041667858,53,108,Track 0,39023,65,Electric Grand Piano _ 1
136.28565749999999,0.228571333333349,65,76,Track 0,39024,64,Choir Aahs _ 1
136.61422879166665,0.07499996875000647,60,89,Track 0,39116,21,Overdriven Guitar _ 1
136.28208607291666,0.41428554166665776,29,125,Track 0,39023,116,Electric Grand Piano _ 1
136.6285145,0.07857139583333606,53,62,Track 0,39120,22,Choir Aahs _ 1
136.62494307291666,0.0892856770833248,69,89,Track 0,39119,25,Overdriven Guitar _ 1
136.6285145,0.10714281250000113,65,73,Track 0,39120,30,Choir Aahs _ 1
136.6285145,0.10714281250000113,57,66,Track 0,39120,30,Choir Aahs _ 1
136.79994299999998,0.010714281250017166,42,77,Track 0,39168,3,Drum Kit _ 1
136.80351442708331,0.010714281250017166,36,70,Track 0,39169,3,Drum Kit _ 1
136.79994299999998,0.04285712500001182,33,51,Track 0,39168,12,Electric Grand Piano _ 1
136.77494301041665,0.13214280208333662,62,68,Track 0,39161,37,Flute _ 1
136.79994299999998,0.12499994791667746,65,70,Track 0,39168,35,Choir Aahs _ 1
136.79637157291666,0.13214280208333662,58,119,Track 0,39167,37,Electric Grand Piano _ 1
136.81422870833333,0.11428566666666029,70,90,Track 0,39172,32,Overdriven Guitar _ 1
136.79637157291666,0.15357136458334253,53,119,Track 0,39167,43,Electric Grand Piano _ 1
136.79994299999998,0.15357136458334253,34,114,Track 0,39168,43,Electric Grand Piano _ 1
136.96780007291667,0.0035714270833295814,65,69,Track 0,39215,1,Flute _ 1
136.9713715,0.0035714270833295814,58,79,Track 0,39216,1,Choir Aahs _ 1
137.30708564583333,0.010714281249988744,38,69,Track 0,39310,3,Drum Kit _ 1
137.31065707291665,0.010714281250017166,42,70,Track 0,39311,3,Drum Kit _ 1
136.9713715,0.37142841666664594,62,70,Track 0,39216,104,Choir Aahs _ 1
136.9713715,0.4214283958333169,65,73,Track 0,39216,118,Choir Aahs _ 1
137.31422849999998,0.08214282291666564,53,120,Track 0,39312,23,Electric Grand Piano _ 1
137.3177999270833,0.08571425000002364,58,115,Track 0,39313,24,Electric Grand Piano _ 1
137.32494278125,0.0892856770833248,60,95,Track 0,39315,25,Overdriven Guitar _ 1
137.33922848958332,0.07499996875000647,69,86,Track 0,39319,21,Overdriven Guitar _ 1
137.31065707291665,0.1571427916666721,34,90,Track 0,39311,44,Electric Bass (finger) _ 1
137.29994279166667,0.16785707291666085,57,70,Track 0,39308,47,Overdriven Guitar _ 1
136.9713715,0.5321426354166476,70,77,Track 0,39216,149,Choir Aahs _ 1
137.6570855,0.010714281249988744,85,26,Track 0,39408,3,Drum Kit _ 1
137.6570855,0.14642851041665494,46,97,Track 0,39408,41,Electric Grand Piano _ 1
137.82137114583333,0.010714281249988744,36,65,Track 0,39454,3,Drum Kit _ 1
137.82851399999998,0.010714281250017166,42,74,Track 0,39456,3,Drum Kit _ 1
137.82851399999998,0.010714281250017166,85,55,Track 0,39456,3,Drum Kit _ 1
137.6570855,0.19285706249999635,34,69,Track 0,39408,54,Electric Bass (finger) _ 1
137.80351401041665,0.10714281250000113,65,75,Track 0,39449,30,Overdriven Guitar _ 1
137.84279970833333,0.07142854166667689,67,87,Track 0,39460,20,Overdriven Guitar _ 1
137.82137114583333,0.09642853125001238,62,70,Track 0,39454,27,Flute _ 1
137.82851399999998,0.10357138541667155,57,119,Track 0,39456,29,Electric Grand Piano _ 1
137.83922828125,0.10714281250000113,58,84,Track 0,39459,30,Overdriven Guitar _ 1
137.81422829166667,0.1571427916666721,55,71,Track 0,39452,44,Overdriven Guitar _ 1
137.82494257291665,0.16785707291666085,38,121,Track 0,39455,47,Electric Grand Piano _ 1
137.82851399999998,0.47142837500001633,69,80,Track 0,39456,132,Choir Aahs _ 1
137.82851399999998,0.48928551041666424,74,81,Track 0,39456,137,Choir Aahs _ 1
138.33565664583332,0.010714281249988744,38,71,Track 0,39598,3,Drum Kit _ 1
138.33922807291665,0.010714281250017166,62,120,Track 0,39599,3,Electric Grand Piano _ 1
138.34279949999998,0.010714281250017166,42,74,Track 0,39600,3,Drum Kit _ 1
138.3213709375,0.08571424999999522,57,82,Track 0,39594,24,Overdriven Guitar _ 1
138.31422808333332,0.12499994791667746,65,81,Track 0,39592,35,Overdriven Guitar _ 1
138.33565664583332,0.2464284687499969,53,68,Track 0,39598,69,Overdriven Guitar _ 1
138.34279949999998,0.3857141250000211,69,86,Track 0,39600,108,Choir Aahs _ 1
138.34279949999998,0.39642840625000986,77,79,Track 0,39600,111,Choir Aahs _ 1
138.34279949999998,0.403571260416669,72,87,Track 0,39600,113,Choir Aahs _ 1
138.71422791666666,0.10357138541667155,60,68,Track 0,39704,29,Overdriven Guitar _ 1
138.85351357291665,0.010714281250017166,42,71,Track 0,39743,3,Drum Kit _ 1
138.68208507291666,0.1821427812500076,38,91,Track 0,39695,51,Electric Grand Piano _ 1
138.85708499999998,0.010714281250017166,36,66,Track 0,39744,3,Drum Kit _ 1
138.6856565,0.1821427812500076,41,86,Track 0,39696,51,Electric Bass (finger) _ 1
138.70351363541667,0.18214278124997918,48,63,Track 0,39701,51,Overdriven Guitar _ 1
138.85351357291665,0.10357138541667155,62,123,Track 0,39743,29,Electric Grand Piano _ 1
138.85351357291665,0.10714281250000113,70,124,Track 0,39743,30,Electric Grand Piano _ 1
138.85708499999998,0.2035713437500135,67,79,Track 0,39744,57,Choir Aahs _ 1
139.37137049999998,0.010714281250017166,42,68,Track 0,39888,3,Drum Kit _ 1
139.3749419270833,0.010714281250017166,38,69,Track 0,39889,3,Drum Kit _ 1
139.199942,0.28214273958332114,67,88,Track 0,39840,79,Choir Aahs _ 1
139.199942,0.28214273958332114,70,84,Track 0,39840,79,Choir Aahs _ 1
139.199942,0.28928559375000873,62,81,Track 0,39840,81,Choir Aahs _ 1
138.87494213541666,0.7678568229166558,50,75,Track 0,39749,215,Overdriven Guitar _ 1
138.85351357291665,0.7964282395833493,43,120,Track 0,39743,223,Electric Grand Piano _ 1
138.85708499999998,0.8214282291666848,55,92,Track 0,39744,230,Overdriven Guitar _ 1
139.7142275,0.010714281249988744,85,34,Track 0,39984,3,Drum Kit _ 1
139.70708464583333,0.0892856770833248,53,75,Track 0,39982,25,Overdriven Guitar _ 1
139.72851320833334,0.07857139583330763,60,79,Track 0,39988,22,Overdriven Guitar _ 1
139.7142275,0.11428566666666029,65,68,Track 0,39984,32,Choir Aahs _ 1
139.7142275,0.11428566666666029,62,73,Track 0,39984,32,Choir Aahs _ 1
139.71065607291666,0.14999993749998453,41,100,Track 0,39983,42,Electric Grand Piano _ 1
139.7142275,0.1607142187500017,48,70,Track 0,39984,45,Overdriven Guitar _ 1
138.84637071875,1.0357138541666586,58,79,Track 0,39741,290,Overdriven Guitar _ 1
139.68565608333333,0.1999999166666555,69,66,Track 0,39976,56,Flute _ 1
139.88208457291665,0.010714281250017166,85,68,Track 0,40031,3,Drum Kit _ 1
139.88565599999998,0.0071428541666875844,69,115,Track 0,40032,2,Electric Grand Piano _ 1
139.88565599999998,0.010714281250017166,36,66,Track 0,40032,3,Drum Kit _ 1
139.88565599999998,0.010714281250017166,42,74,Track 0,40032,3,Drum Kit _ 1
139.88208457291665,0.09642853125001238,65,126,Track 0,40031,27,Electric Grand Piano _ 1
139.88208457291665,0.10357138541667155,62,120,Track 0,40031,29,Electric Grand Piano _ 1
139.87851314583332,0.1571427916666721,50,89,Track 0,40030,44,Overdriven Guitar _ 1
139.88565599999998,0.1607142187500017,57,74,Track 0,40032,45,Choir Aahs _ 1
140.03208451041667,0.1571427916666721,62,64,Track 0,40073,44,Flute _ 1
140.0570845,0.13214280208333662,53,64,Track 0,40080,37,Choir Aahs _ 1
140.0570845,0.13214280208333662,57,64,Track 0,40080,37,Choir Aahs _ 1
140.228513,0.010714281249988744,36,33,Track 0,40128,3,Drum Kit _ 1
139.88565599999998,0.3821426979166631,45,72,Track 0,40032,107,Overdriven Guitar _ 1
139.88208457291665,0.5249997812500169,38,111,Track 0,40031,147,Electric Grand Piano _ 1
140.39994149999998,0.010714281250017166,42,65,Track 0,40176,3,Drum Kit _ 1
140.19637015625,0.3428570000000093,65,70,Track 0,40119,96,Flute _ 1
140.228513,0.31071415625001464,62,78,Track 0,40128,87,Choir Aahs _ 1
140.40351292708334,0.14642851041665494,69,118,Track 0,40177,41,Electric Grand Piano _ 1
140.228513,0.35357128124999804,57,74,Track 0,40128,99,Choir Aahs _ 1
140.39994149999998,0.32499986458333296,53,88,Track 0,40176,91,Overdriven Guitar _ 1
140.38922721875,0.3357141458333217,48,70,Track 0,40173,94,Overdriven Guitar _ 1
140.41065578125,0.3142855833333158,60,80,Track 0,40179,88,Overdriven Guitar _ 1
140.7427985,0.010714281249988744,85,31,Track 0,40272,3,Drum Kit _ 1
140.72494136458332,0.12857137500000704,54,90,Track 0,40267,36,Overdriven Guitar _ 1
140.74636992708332,0.10714281250000113,61,78,Track 0,40273,30,Overdriven Guitar _ 1
140.73922707291666,0.13928565624999578,41,83,Track 0,40271,39,Electric Bass (finger) _ 1
140.7427985,0.14642851041665494,49,67,Track 0,40272,41,Overdriven Guitar _ 1
140.73565564583333,0.16785707291666085,57,73,Track 0,40270,47,Overdriven Guitar _ 1
140.91422699999998,0.010714281250017166,85,58,Track 0,40320,3,Drum Kit _ 1
140.91779842708334,0.021428562499977488,36,66,Track 0,40321,6,Drum Kit _ 1
140.91422699999998,0.028571416666665073,42,71,Track 0,40320,8,Drum Kit _ 1
140.90708414583332,0.07499996875000647,67,124,Track 0,40318,21,Electric Grand Piano _ 1
140.91065557291665,0.07499996875000647,62,73,Track 0,40319,21,Choir Aahs _ 1
140.91065557291665,0.07857139583333606,70,118,Track 0,40319,22,Electric Grand Piano _ 1
141.0785126458333,0.08571425000002364,70,73,Track 0,40366,24,Flute _ 1
141.0856555,0.08571424999999522,67,80,Track 0,40368,24,Choir Aahs _ 1
141.0856555,0.09642853124998396,62,73,Track 0,40368,27,Choir Aahs _ 1
141.42136964583332,0.010714281250017166,38,68,Track 0,40462,3,Drum Kit _ 1
141.42851249999998,0.010714281250017166,42,72,Track 0,40464,3,Drum Kit _ 1
141.24636971875,0.25714274999998565,70,71,Track 0,40413,72,Flute _ 1
141.257084,0.2678570312500028,62,76,Track 0,40416,75,Choir Aahs _ 1
141.257084,0.2714284583333324,67,76,Track 0,40416,76,Choir Aahs _ 1
140.90708414583332,0.6892854270833482,43,107,Track 0,40318,193,Electric Grand Piano _ 1
141.599941,0.06785711458331889,65,70,Track 0,40512,19,Choir Aahs _ 1
141.599941,0.06785711458331889,62,74,Track 0,40512,19,Choir Aahs _ 1
141.599941,0.07499996875000647,69,61,Track 0,40512,21,Choir Aahs _ 1
140.90351271875,0.9571424583333226,50,70,Track 0,40317,268,Overdriven Guitar _ 1
140.91779842708334,0.9571424583333226,55,91,Track 0,40321,268,Overdriven Guitar _ 1
141.76422664583333,0.11785709374998987,69,61,Track 0,40558,33,Flute _ 1
141.7713695,0.12499994791667746,65,64,Track 0,40560,35,Choir Aahs _ 1
140.90351271875,0.9999995833333344,58,83,Track 0,40317,280,Overdriven Guitar _ 1
141.7713695,0.13214280208333662,62,63,Track 0,40560,37,Choir Aahs _ 1
141.7713695,0.14285708333332536,41,77,Track 0,40560,40,Electric Bass (finger) _ 1
141.93922657291665,0.010714281250017166,36,68,Track 0,40607,3,Drum Kit _ 1
141.94279799999998,0.010714281250017166,42,69,Track 0,40608,3,Drum Kit _ 1
141.93922657291665,0.08928567708335322,61,83,Track 0,40607,25,Overdriven Guitar _ 1
141.94279799999998,0.12499994791667746,64,80,Track 0,40608,35,Choir Aahs _ 1
141.93208371875,0.14999993750001295,67,67,Track 0,40605,42,Flute _ 1
141.96065513541666,0.12857137500000704,57,94,Track 0,40613,36,Overdriven Guitar _ 1
142.08565508333334,0.007142854166659163,64,62,Track 0,40648,2,Flute _ 1
142.1142265,0.007142854166659163,61,68,Track 0,40656,2,Choir Aahs _ 1
141.95351228125,0.1785713541666496,52,76,Track 0,40611,50,Overdriven Guitar _ 1
141.93922657291665,0.2499998958333549,45,111,Track 0,40607,70,Electric Grand Piano _ 1
142.1142265,0.11428566666666029,57,120,Track 0,40656,32,Electric Grand Piano _ 1
142.1142265,0.13214280208333662,64,70,Track 0,40656,37,Choir Aahs _ 1
142.28208357291666,0.010714281249988744,36,62,Track 0,40703,3,Drum Kit _ 1
142.45708349999998,0.010714281250017166,42,74,Track 0,40752,3,Drum Kit _ 1
142.45708349999998,0.014285708333346747,38,115,Track 0,40752,4,Electric Grand Piano _ 1
142.28208357291666,0.3607141354166572,62,121,Track 0,40703,101,Electric Grand Piano _ 1
142.7999405,0.010714281249988744,85,27,Track 0,40848,3,Drum Kit _ 1
142.24994072916667,0.5642854791666707,65,66,Track 0,40694,158,Flute _ 1
142.285655,0.5642854791666707,57,71,Track 0,40704,158,Choir Aahs _ 1
142.79636907291666,0.1357142291666662,36,113,Track 0,40847,38,Electric Grand Piano _ 1
142.44279779166666,0.5071426458333406,54,75,Track 0,40748,142,Overdriven Guitar _ 1
142.96779757291665,0.010714281250017166,85,56,Track 0,40895,3,Drum Kit _ 1
142.97136899999998,0.010714281250017166,42,71,Track 0,40896,3,Drum Kit _ 1
142.97494042708334,0.010714281249988744,36,74,Track 0,40897,3,Drum Kit _ 1
142.48565491666665,0.4999997916666814,66,87,Track 0,40760,140,Overdriven Guitar _ 1
142.97136899999998,0.12142852083334787,59,86,Track 0,40896,34,Choir Aahs _ 1
142.96422614583332,0.12857137500000704,55,75,Track 0,40894,36,Overdriven Guitar _ 1
142.98208328125,0.11785709374998987,67,73,Track 0,40899,33,Flute _ 1
142.97136899999998,0.13214280208333662,65,70,Track 0,40896,37,Choir Aahs _ 1
143.00708327083333,0.14642851041665494,62,86,Track 0,40906,41,Overdriven Guitar _ 1
142.96779757291665,0.274999885416662,43,93,Track 0,40895,77,Electric Bass (finger) _ 1
143.12494036458332,0.12499994791667746,69,73,Track 0,40939,35,Flute _ 1
142.97136899999998,0.2928570208333383,31,124,Track 0,40896,82,Electric Grand Piano _ 1
143.48208307291665,0.010714281250017166,42,70,Track 0,41039,3,Drum Kit _ 1
143.48565449999998,0.010714281250017166,38,69,Track 0,41040,3,Drum Kit _ 1
143.48208307291665,0.11428566666668871,60,80,Track 0,41039,32,Overdriven Guitar _ 1
143.48208307291665,0.12142852083334787,57,120,Track 0,41039,34,Electric Grand Piano _ 1
143.49994020833333,0.12142852083331945,55,77,Track 0,41044,34,Overdriven Guitar _ 1
143.48565449999998,0.14999993750001295,65,68,Track 0,41040,42,Choir Aahs _ 1
143.28922601041666,0.3857141249999927,67,66,Track 0,40985,108,Flute _ 1
143.48208307291665,0.2678570312500028,33,110,Track 0,41039,75,Electric Grand Piano _ 1
143.48565449999998,0.33571414583335013,45,86,Track 0,41040,94,Electric Bass (finger) _ 1
143.80351151041666,0.10357138541667155,67,66,Track 0,41129,29,Flute _ 1
143.99279714583332,0.010714281250017166,36,68,Track 0,41182,3,Drum Kit _ 1
143.99993999999998,0.010714281250017166,42,71,Track 0,41184,3,Drum Kit _ 1
143.99636857291665,0.12142852083334787,59,114,Track 0,41183,34,Electric Grand Piano _ 1
143.99636857291665,0.13928565624999578,62,80,Track 0,41183,39,Overdriven Guitar _ 1
143.99636857291665,0.14642851041668337,65,119,Track 0,41183,41,Electric Grand Piano _ 1
144.01422570833333,0.21428562500000226,55,72,Track 0,41188,60,Overdriven Guitar _ 1
143.99993999999998,0.2678570312500028,35,108,Track 0,41184,75,Electric Grand Piano _ 1
144.00708285416667,0.2857141666666507,64,76,Track 0,41186,80,Flute _ 1
143.99636857291665,0.3464284270833389,47,94,Track 0,41183,97,Electric Bass (finger) _ 1
144.3249398645833,0.1607142187500017,64,88,Track 0,41275,45,Overdriven Guitar _ 1
144.51422549999998,0.010714281250017166,42,68,Track 0,41328,3,Drum Kit _ 1
144.51779692708334,0.010714281249988744,38,70,Track 0,41329,3,Drum Kit _ 1
144.51065407291665,0.3178570104166738,48,107,Track 0,41327,89,Electric Bass (finger) _ 1
144.8570825,0.010714281250017166,38,54,Track 0,41424,3,Drum Kit _ 1
144.91065390625,0.010714281250017166,38,59,Track 0,41439,3,Drum Kit _ 1
144.31779701041665,0.6357140208333476,60,81,Track 0,41273,178,Overdriven Guitar _ 1
144.51065407291665,0.46785694791668675,64,117,Track 0,41327,131,Electric Grand Piano _ 1
144.97493959374998,0.010714281250017166,38,66,Track 0,41457,3,Drum Kit _ 1
144.299939875,0.6964282812499789,67,83,Track 0,41268,195,Overdriven Guitar _ 1
145.02493957291665,0.010714281250017166,38,79,Track 0,41471,3,Drum Kit _ 1
145.02493957291665,0.010714281250017166,85,58,Track 0,41471,3,Drum Kit _ 1
144.8570825,0.1821427812500076,52,86,Track 0,41424,51,Electric Bass (finger) _ 1
144.37493984374998,0.8107139479166676,55,70,Track 0,41289,227,Overdriven Guitar _ 1
144.51065407291665,0.678571145833331,36,113,Track 0,41327,190,Electric Grand Piano _ 1
145.36422514583333,0.010714281249988744,36,68,Track 0,41566,3,Drum Kit _ 1
145.371368,0.010714281250017166,49,39,Track 0,41568,3,Drum Kit _ 1
144.50708264583332,0.8892853437500037,62,73,Track 0,41326,249,Flute _ 1
145.54279649999998,0.09642853125001238,70,89,Track 0,41616,27,Choir Aahs _ 1
145.54279649999998,0.09642853125001238,74,80,Track 0,41616,27,Choir Aahs _ 1
145.54279649999998,0.10714281250000113,65,70,Track 0,41616,30,Choir Aahs _ 1
145.54279649999998,0.11428566666668871,62,76,Track 0,41616,32,Choir Aahs _ 1
145.714225,0.08571424999999522,70,64,Track 0,41664,24,Choir Aahs _ 1
145.714225,0.10357138541667155,62,72,Track 0,41664,29,Choir Aahs _ 1
145.714225,0.10357138541667155,65,70,Track 0,41664,29,Choir Aahs _ 1
145.714225,0.1357142291666662,74,77,Track 0,41664,38,Choir Aahs _ 1
145.8856535,0.3428570000000093,65,76,Track 0,41712,96,Choir Aahs _ 1
145.8856535,0.4285712500000045,70,72,Track 0,41712,120,Choir Aahs _ 1
145.36779657291666,0.9678567395833397,53,100,Track 0,41567,271,Electric Bass (finger) _ 1
145.371368,0.9714281666666693,58,125,Track 0,41568,272,Electric Grand Piano _ 1
145.8856535,0.47142837500001633,62,64,Track 0,41712,132,Choir Aahs _ 1
145.8856535,0.48571408333333466,74,69,Track 0,41712,136,Choir Aahs _ 1
146.399939,0.23928561458333775,53,97,Track 0,41856,67,Electric Grand Piano _ 1
145.371368,1.3678565729166792,34,107,Track 0,41568,383,Electric Grand Piano _ 1
146.57493892708334,0.22857133333332058,58,101,Track 0,41905,64,Electric Grand Piano _ 1
146.399939,0.5071426458333406,77,48,Track 0,41856,142,Choir Aahs _ 1
146.73922457291667,0.21428562500000226,62,110,Track 0,41951,60,Electric Grand Piano _ 1
146.399939,0.5571426250000115,74,57,Track 0,41856,156,Choir Aahs _ 1
146.37136758333332,0.6392854479166772,70,75,Track 0,41848,179,Flute _ 1
146.399939,0.632142593750018,65,46,Track 0,41856,177,Choir Aahs _ 1
147.08208157291665,0.010714281250017166,36,75,Track 0,42047,3,Drum Kit _ 1
147.08208157291665,0.010714281250017166,85,44,Track 0,42047,3,Drum Kit _ 1
147.08565299999998,0.010714281250017166,42,64,Track 0,42048,3,Drum Kit _ 1
147.07851014583332,0.11428566666666029,69,68,Track 0,42046,32,Flute _ 1
147.26065292708333,0.09285710416665438,69,74,Track 0,42097,26,Flute _ 1
147.08208157291665,0.5214283541666873,33,107,Track 0,42047,146,Electric Bass (finger) _ 1
147.59636707291665,0.010714281250017166,42,69,Track 0,42191,3,Drum Kit _ 1
147.60350992708334,0.010714281249988744,38,69,Track 0,42193,3,Drum Kit _ 1
147.43208142708332,0.22142847916666142,57,102,Track 0,42145,62,Electric Grand Piano _ 1
147.08565299999998,0.5678569062500003,45,75,Track 0,42048,159,Distortion Guitar _ 1
147.5999385,0.07142854166664847,61,82,Track 0,42192,20,Distortion Guitar _ 1
147.59636707291665,0.07857139583333606,64,80,Track 0,42191,22,Distortion Guitar _ 1
147.43208142708332,0.4071426874999986,69,80,Track 0,42145,114,Flute _ 1
147.9427955,0.010714281250017166,85,27,Track 0,42288,3,Drum Kit _ 1
147.899938375,0.17499992708332002,69,66,Track 0,42276,49,Flute _ 1
147.93922407291666,0.1607142187500017,57,106,Track 0,42287,45,Electric Grand Piano _ 1
147.93922407291666,0.16785707291666085,33,105,Track 0,42287,47,Electric Grand Piano _ 1
148.10708114583332,0.010714281250017166,36,63,Track 0,42334,3,Drum Kit _ 1
148.11065257291665,0.010714281250017166,42,67,Track 0,42335,3,Drum Kit _ 1
148.114224,0.010714281249988744,85,41,Track 0,42336,3,Drum Kit _ 1
148.09993829166666,0.13214280208333662,65,73,Track 0,42332,37,Flute _ 1
148.242795375,0.16428564583333127,64,72,Track 0,42372,46,Flute _ 1
148.46065242708332,0.010714281250017166,36,54,Track 0,42433,3,Drum Kit _ 1
148.45350957291666,0.15357136458334253,57,105,Track 0,42431,43,Electric Grand Piano _ 1
148.62493807291665,0.010714281250017166,42,60,Track 0,42479,3,Drum Kit _ 1
148.114224,0.5214283541666589,38,110,Track 0,42336,146,Electric Grand Piano _ 1
148.114224,0.528571208333318,50,72,Track 0,42336,148,Distortion Guitar _ 1
148.42850958333332,0.2535713229166845,62,62,Track 0,42424,71,Flute _ 1
148.62493807291665,0.06785711458334731,65,121,Track 0,42479,19,Electric Grand Piano _ 1
148.6285095,0.07857139583330763,57,73,Track 0,42480,22,Distortion Guitar _ 1
148.96779507291666,0.13214280208333662,57,108,Track 0,42575,37,Electric Grand Piano _ 1
149.13565214583332,0.010714281250017166,36,67,Track 0,42622,3,Drum Kit _ 1
149.142795,0.010714281249988744,85,56,Track 0,42624,3,Drum Kit _ 1
149.142795,0.010714281249988744,42,68,Track 0,42624,3,Drum Kit _ 1
148.99636648958332,0.19285706249999635,55,53,Track 0,42583,54,Flute _ 1
149.16065213541665,0.21428562500000226,67,67,Track 0,42629,60,Flute _ 1
149.49279485416665,0.09999995833334197,67,69,Track 0,42722,28,Flute _ 1
149.48208057291666,0.11785709374998987,55,103,Track 0,42719,33,Electric Grand Piano _ 1
149.65350907291665,0.010714281250017166,42,70,Track 0,42767,3,Drum Kit _ 1
149.142795,0.5214283541666589,43,73,Track 0,42624,146,Distortion Guitar _ 1
149.6570805,0.010714281249988744,38,71,Track 0,42768,3,Drum Kit _ 1
149.65350907291665,0.06785711458334731,59,72,Track 0,42767,19,Distortion Guitar _ 1
149.65350907291665,0.08571425000002364,62,74,Track 0,42767,24,Distortion Guitar _ 1
149.65350907291665,0.08571425000002364,55,65,Track 0,42767,24,Distortion Guitar _ 1
149.13922357291665,0.6249997395833304,31,97,Track 0,42623,175,Electric Bass (finger) _ 1
149.65350907291665,0.27857131250002,65,120,Track 0,42767,78,Electric Grand Piano _ 1
149.64636621875,0.2928570208333383,67,66,Track 0,42765,82,Flute _ 1
149.9999375,0.010714281250017166,85,20,Track 0,42864,3,Drum Kit _ 1
149.9999375,0.10714281250000113,65,64,Track 0,42864,30,Flute _ 1
150.00350892708332,0.13928565624999578,31,116,Track 0,42865,39,Electric Grand Piano _ 1
150.00350892708332,0.16428564583333127,55,103,Track 0,42865,46,Electric Grand Piano _ 1
150.16422314583332,0.010714281250017166,36,66,Track 0,42910,3,Drum Kit _ 1
150.16779457291665,0.010714281250017166,85,66,Track 0,42911,3,Drum Kit _ 1
150.171366,0.010714281249988744,42,71,Track 0,42912,3,Drum Kit _ 1
150.16422314583332,0.10357138541667155,63,74,Track 0,42910,29,Flute _ 1
150.32850879166665,0.14642851041668337,62,69,Track 0,42956,41,Flute _ 1
150.51065157291666,0.010714281249988744,36,53,Track 0,43007,3,Drum Kit _ 1
150.51065157291666,0.13928565624999578,55,101,Track 0,43007,39,Electric Grand Piano _ 1
150.68208007291665,0.010714281250017166,42,71,Track 0,43055,3,Drum Kit _ 1
150.68922292708334,0.010714281249988744,38,83,Track 0,43057,3,Drum Kit _ 1
150.171366,0.5678569062500003,48,73,Track 0,42912,159,Distortion Guitar _ 1
150.49279443749998,0.2571427500000141,60,63,Track 0,43002,72,Flute _ 1
150.6856515,0.08214282291666564,64,79,Track 0,43056,23,Distortion Guitar _ 1
150.68208007291665,0.0928571041666828,55,72,Track 0,43055,26,Distortion Guitar _ 1
151.0285085,0.010714281250017166,38,47,Track 0,43152,3,Drum Kit _ 1
151.08565133333332,0.010714281250017166,38,54,Track 0,43168,3,Drum Kit _ 1
151.14636559375,0.010714281249988744,38,58,Track 0,43185,3,Drum Kit _ 1
151.199937,0.010714281249988744,38,96,Track 0,43200,3,Drum Kit _ 1
151.0285085,0.23214276041667858,55,105,Track 0,43152,65,Electric Grand Piano _ 1
151.199937,0.1357142291666662,60,127,Track 0,43200,38,Electric Grand Piano _ 1
151.199937,0.1357142291666662,64,124,Track 0,43200,38,Electric Grand Piano _ 1
151.19636557291665,0.1642856458333597,48,68,Track 0,43199,46,Distortion Guitar _ 1
151.199937,0.18571420833330876,36,94,Track 0,43200,52,Electric Bass (finger) _ 1
151.53922257291666,0.010714281249988744,36,77,Track 0,43295,3,Drum Kit _ 1
151.542794,0.010714281250017166,49,36,Track 0,43296,3,Drum Kit _ 1
151.53922257291666,0.3214284375000034,62,124,Track 0,43295,90,Electric Grand Piano _ 1
151.7142225,0.1571427916666437,74,79,Track 0,43344,44,Choir Aahs _ 1
151.7142225,0.1607142187500017,70,67,Track 0,43344,45,Choir Aahs _ 1
151.7142225,0.17499992708332002,65,71,Track 0,43344,49,Choir Aahs _ 1
151.8642224375,0.14642851041668337,60,68,Track 0,43386,41,Flute _ 1
151.885651,0.17142849999999044,63,74,Track 0,43392,48,Choir Aahs _ 1
151.885651,0.17857135416667802,72,72,Track 0,43392,50,Choir Aahs _ 1
151.885651,0.1821427812500076,67,66,Track 0,43392,51,Choir Aahs _ 1
151.53922257291666,0.9928567291666752,53,113,Track 0,43295,278,Electric Grand Piano _ 1
151.542794,1.0178567187500107,58,127,Track 0,43296,285,Electric Grand Piano _ 1
152.02850808333332,0.5571426250000115,62,70,Track 0,43432,156,Flute _ 1
152.57493642708332,0.14999993750001295,53,103,Track 0,43585,42,Electric Grand Piano _ 1
151.542794,1.1928566458333307,46,54,Track 0,43296,334,Distortion Guitar _ 1
152.74636492708333,0.21785705208333184,58,115,Track 0,43633,61,Electric Grand Piano _ 1
151.54636542708332,1.4999993750000158,34,114,Track 0,43297,420,Electric Grand Piano _ 1
152.91065057291667,0.20714277083331467,62,119,Track 0,43679,58,Electric Grand Piano _ 1
152.0570795,1.1428566666666597,65,70,Track 0,43440,320,Choir Aahs _ 1
152.0570795,1.1785709375000124,70,61,Track 0,43440,330,Choir Aahs _ 1
152.0570795,1.1928566458333307,74,80,Track 0,43440,334,Choir Aahs _ 1
153.24993614583332,0.010714281250017166,36,67,Track 0,43774,3,Drum Kit _ 1
153.257079,0.010714281249988744,85,41,Track 0,43776,3,Drum Kit _ 1
153.257079,0.010714281249988744,42,66,Track 0,43776,3,Drum Kit _ 1
153.59636457291666,0.12857137500000704,53,97,Track 0,43871,36,Electric Grand Piano _ 1
153.76779307291665,0.010714281250017166,85,50,Track 0,43919,3,Drum Kit _ 1
153.7713645,0.010714281249988744,42,70,Track 0,43920,3,Drum Kit _ 1
153.77493592708333,0.010714281249988744,38,70,Track 0,43921,3,Drum Kit _ 1
153.257079,0.7392854062499907,65,62,Track 0,43776,207,Choir Aahs _ 1
153.257079,0.8214282291666564,60,70,Track 0,43776,230,Choir Aahs _ 1
153.24636471875,0.8392853645833327,57,57,Track 0,43773,235,Flute _ 1
154.28207857291665,0.010714281250017166,85,41,Track 0,44063,3,Drum Kit _ 1
154.28565,0.010714281249988744,42,77,Track 0,44064,3,Drum Kit _ 1
154.28922142708333,0.010714281249988744,36,66,Track 0,44065,3,Drum Kit _ 1
154.11065007291666,0.30714272916665664,53,100,Track 0,44015,86,Electric Grand Piano _ 1
153.257079,1.1821423645833136,29,90,Track 0,43776,331,Electric Bass (finger) _ 1
154.28922142708333,0.26428560416667324,58,113,Track 0,44065,74,Electric Grand Piano _ 1
154.62493557291666,0.010714281250017166,36,53,Track 0,44159,3,Drum Kit _ 1
154.28565,0.34999985416666846,62,120,Track 0,44064,98,Electric Grand Piano _ 1
154.62850699999998,0.07499996875000647,53,98,Track 0,44160,21,Electric Grand Piano _ 1
154.79636407291665,0.010714281250017166,38,68,Track 0,44207,3,Drum Kit _ 1
154.7999355,0.010714281249988744,42,65,Track 0,44208,3,Drum Kit _ 1
154.7999355,0.010714281249988744,85,38,Track 0,44208,3,Drum Kit _ 1
153.25350757291665,1.832142093750008,41,118,Track 0,43775,513,Electric Grand Piano _ 1
155.14279249999998,0.07499996875000647,33,67,Track 0,44304,21,Electric Bass (finger) _ 1
153.257079,1.985713458333322,69,65,Track 0,43776,556,Choir Aahs _ 1
155.30707814583332,0.010714281250017166,36,68,Track 0,44350,3,Drum Kit _ 1
155.314221,0.010714281249988744,42,74,Track 0,44352,3,Drum Kit _ 1
155.314221,0.010714281249988744,85,50,Track 0,44352,3,Drum Kit _ 1
154.78922121875,0.6535711562499955,55,75,Track 0,44205,183,Overdriven Guitar _ 1
154.79636407291665,0.7892853854166901,63,82,Track 0,44207,221,Overdriven Guitar _ 1
154.7785069375,0.853571072916651,58,63,Track 0,44202,239,Overdriven Guitar _ 1
155.65350657291665,0.010714281250017166,36,62,Track 0,44447,3,Drum Kit _ 1
155.65350657291665,0.13928565624999578,53,94,Track 0,44447,39,Electric Grand Piano _ 1
155.63922086458334,0.1607142187500017,57,62,Track 0,44443,45,Flute _ 1
155.82493507291667,0.010714281249988744,38,69,Track 0,44495,3,Drum Kit _ 1
155.8285065,0.010714281249988744,42,65,Track 0,44496,3,Drum Kit _ 1
155.8285065,0.010714281249988744,85,44,Track 0,44496,3,Drum Kit _ 1
155.81064936458333,0.10714281250000113,65,68,Track 0,44491,30,Flute _ 1
155.98922071875,0.06785711458331889,65,73,Track 0,44541,19,Flute _ 1
155.31064957291665,0.8142853750000256,29,114,Track 0,44351,228,Electric Grand Piano _ 1
155.82493507291667,0.30714272916665664,60,119,Track 0,44495,86,Electric Grand Piano _ 1
155.83207792708333,0.30357130208332705,57,113,Track 0,44497,85,Electric Grand Piano _ 1
155.314221,0.8785710624999865,41,118,Track 0,44352,246,Electric Grand Piano _ 1
156.16779207291665,0.11071423958333071,29,73,Track 0,44591,31,Electric Bass (finger) _ 1
156.342792,0.010714281249988744,42,66,Track 0,44640,3,Drum Kit _ 1
156.342792,0.010714281249988744,85,46,Track 0,44640,3,Drum Kit _ 1
156.34636342708333,0.010714281249988744,36,69,Track 0,44641,3,Drum Kit _ 1
156.1749349270833,0.3142855833333442,53,100,Track 0,44593,88,Electric Grand Piano _ 1
156.33922057291667,0.16428564583333127,58,94,Track 0,44639,46,Electric Grand Piano _ 1
156.33922057291667,0.21428562499997383,34,112,Track 0,44639,60,Electric Bass (finger) _ 1
156.33922057291667,0.21785705208333184,46,117,Track 0,44639,61,Electric Grand Piano _ 1
156.15707779166667,0.5321426354166476,62,71,Track 0,44588,149,Flute _ 1
156.68207757291665,0.010714281250017166,36,62,Track 0,44735,3,Drum Kit _ 1
156.68207757291665,0.07499996875000647,53,95,Track 0,44735,21,Electric Grand Piano _ 1
154.80707835416666,1.9607134687499865,67,74,Track 0,44210,549,Overdriven Guitar _ 1
156.84993464583332,0.010714281250017166,38,68,Track 0,44782,3,Drum Kit _ 1
156.8570775,0.010714281249988744,42,60,Track 0,44784,3,Drum Kit _ 1
156.8570775,0.010714281249988744,85,55,Track 0,44784,3,Drum Kit _ 1
156.8570775,0.14285708333332536,63,119,Track 0,44784,40,Electric Grand Piano _ 1
156.84279179166666,0.16428564583333127,58,60,Track 0,44780,46,Overdriven Guitar _ 1
156.83207751041667,0.1785713541666496,55,72,Track 0,44777,50,Overdriven Guitar _ 1
156.85350607291667,0.20714277083331467,43,121,Track 0,44783,58,Electric Grand Piano _ 1
156.86064892708333,0.21785705208333184,31,121,Track 0,44785,61,Electric Grand Piano _ 1
156.88564891666667,0.22142847916666142,67,73,Track 0,44792,62,Overdriven Guitar _ 1
156.85350607291667,0.34642842708331045,36,99,Track 0,44783,97,Electric Bass (finger) _ 1
157.19993449999998,0.010714281250017166,49,34,Track 0,44880,3,Drum Kit _ 1
157.19993449999998,0.15357136458334253,34,80,Track 0,44880,43,Electric Bass (finger) _ 1
157.36779157291667,0.010714281249988744,85,55,Track 0,44927,3,Drum Kit _ 1
157.16422022916666,0.4821426562500051,55,76,Track 0,44870,135,Overdriven Guitar _ 1
157.71421999999998,0.010714281250017166,36,60,Track 0,45024,3,Drum Kit _ 1
157.1785059375,0.6071426041666541,63,70,Track 0,44874,170,Overdriven Guitar _ 1
157.19636307291665,0.6821425729166606,58,113,Track 0,44879,191,Electric Grand Piano _ 1
157.87850564583331,0.010714281250017166,38,67,Track 0,45070,3,Drum Kit _ 1
157.88207707291667,0.010714281249988744,42,72,Track 0,45071,3,Drum Kit _ 1
157.8856485,0.010714281249988744,85,45,Track 0,45072,3,Drum Kit _ 1
157.71421999999998,0.2071427708333431,53,99,Track 0,45024,58,Electric Grand Piano _ 1
157.36779157291667,0.7357139791666611,29,105,Track 0,44927,206,Electric Bass (finger) _ 1
157.8856485,0.2999998749999975,65,127,Track 0,45072,84,Electric Grand Piano _ 1
157.371363,0.8214282291666564,41,98,Track 0,44928,230,Electric Grand Piano _ 1
158.2320769270833,0.11428566666668871,53,99,Track 0,45169,32,Electric Grand Piano _ 1
158.2320769270833,0.14999993750001295,29,79,Track 0,45169,42,Electric Bass (finger) _ 1
158.399934,0.010714281249988744,42,66,Track 0,45216,3,Drum Kit _ 1
158.399934,0.010714281249988744,85,49,Track 0,45216,3,Drum Kit _ 1
158.40350542708333,0.010714281249988744,36,63,Track 0,45217,3,Drum Kit _ 1
158.39636257291667,0.17499992708332002,58,107,Track 0,45215,49,Electric Grand Piano _ 1
158.39636257291667,0.17499992708332002,46,111,Track 0,45215,49,Electric Grand Piano _ 1
158.39636257291667,0.19285706249999635,34,107,Track 0,45215,54,Electric Grand Piano _ 1
158.399934,0.1999999166666555,53,96,Track 0,45216,56,Electric Grand Piano _ 1
158.40350542708333,0.22857133333332058,62,120,Track 0,45217,64,Electric Grand Piano _ 1
158.91064807291667,0.010714281249988744,38,69,Track 0,45359,3,Drum Kit _ 1
158.9142195,0.010714281249988744,42,74,Track 0,45360,3,Drum Kit _ 1
158.9142195,0.010714281249988744,85,49,Track 0,45360,3,Drum Kit _ 1
158.91064807291667,0.1999999166666555,31,103,Track 0,45359,56,Electric Grand Piano _ 1
158.9142195,0.1999999166666555,43,110,Track 0,45360,56,Electric Grand Piano _ 1
158.9142195,0.22857133333332058,55,115,Track 0,45360,64,Electric Grand Piano _ 1
158.91064807291667,0.3857141249999927,63,117,Track 0,45359,108,Electric Grand Piano _ 1
158.9142195,0.39285697916665185,58,113,Track 0,45360,110,Electric Grand Piano _ 1
159.25707649999998,0.12142852083334787,55,108,Track 0,45456,34,Electric Grand Piano _ 1
159.428505,0.010714281249988744,85,62,Track 0,45504,3,Drum Kit _ 1
157.18564879166667,2.253570489583325,67,74,Track 0,44876,631,Overdriven Guitar _ 1
159.428505,0.010714281249988744,42,68,Track 0,45504,3,Drum Kit _ 1
159.43207642708333,0.010714281249988744,36,69,Track 0,45505,3,Drum Kit _ 1
159.93921907291667,0.010714281249988744,38,66,Track 0,45647,3,Drum Kit _ 1
159.93921907291667,0.010714281249988744,42,64,Track 0,45647,3,Drum Kit _ 1
159.76779057291665,0.21071419791667267,53,99,Track 0,45599,59,Electric Grand Piano _ 1
159.42493357291667,0.7357139791666611,29,110,Track 0,45503,206,Electric Grand Piano _ 1
159.94636192708333,0.3142855833333158,65,127,Track 0,45649,88,Electric Grand Piano _ 1
160.28921892708334,0.0035714270833295814,29,79,Track 0,45745,1,Electric Bass (finger) _ 1
159.428505,0.8964281979166628,41,98,Track 0,45504,251,Electric Grand Piano _ 1
160.457076,0.010714281249988744,42,71,Track 0,45792,3,Drum Kit _ 1
160.45350457291667,0.1785713541666496,58,105,Track 0,45791,50,Electric Grand Piano _ 1
160.28207607291665,0.37142841666667437,53,106,Track 0,45743,104,Electric Grand Piano _ 1
160.45350457291667,0.2035713437499851,62,117,Track 0,45791,57,Electric Grand Piano _ 1
160.457076,0.21428562500000226,46,97,Track 0,45792,60,Electric Grand Piano _ 1
160.45350457291667,0.22857133333332058,34,100,Track 0,45791,64,Electric Bass (finger) _ 1
160.79636157291665,0.010714281250017166,36,32,Track 0,45887,3,Drum Kit _ 1
160.96779007291667,0.010714281249988744,36,77,Track 0,45935,3,Drum Kit _ 1
160.96779007291667,0.010714281249988744,49,33,Track 0,45935,3,Drum Kit _ 1
160.9713615,0.010714281249988744,85,50,Track 0,45936,3,Drum Kit _ 1
160.97493292708333,0.14285708333332536,63,106,Track 0,45937,40,Electric Grand Piano _ 1
160.9713615,0.14642851041665494,58,98,Track 0,45936,41,Electric Grand Piano _ 1
160.97493292708333,0.1571427916666721,55,111,Track 0,45937,44,Electric Grand Piano _ 1
160.96779007291667,0.16428564583333127,51,62,Track 0,45935,46,Distortion Guitar _ 1
160.96779007291667,0.19285706249999635,39,87,Track 0,45935,54,Electric Bass (finger) _ 1
160.97850435416666,0.19642848958332593,61,55,Track 0,45938,55,Overdriven Guitar _ 1
160.98921863541665,0.21071419791667267,75,71,Track 0,45941,59,Overdriven Guitar _ 1
160.9927900625,0.23571418749997974,79,80,Track 0,45942,66,Overdriven Guitar _ 1
161.31421849999998,0.010714281250017166,85,49,Track 0,46032,3,Drum Kit _ 1
161.31778992708334,0.017857135416647907,36,66,Track 0,46033,5,Drum Kit _ 1
161.31064707291665,0.02499998958333549,49,38,Track 0,46031,7,Drum Kit _ 1
161.31064707291665,0.39999983333333944,39,115,Track 0,46031,112,Electric Grand Piano _ 1
161.82493257291665,0.010714281250017166,85,25,Track 0,46175,3,Drum Kit _ 1
161.82493257291665,0.10714281250000113,39,84,Track 0,46175,30,Electric Bass (finger) _ 1
161.99636107291667,0.010714281249988744,85,43,Track 0,46223,3,Drum Kit _ 1
161.9999325,0.010714281249988744,42,70,Track 0,46224,3,Drum Kit _ 1
161.9999325,0.010714281249988744,36,69,Track 0,46224,3,Drum Kit _ 1
161.29993279166666,0.8785710624999865,75,73,Track 0,46028,246,Overdriven Guitar _ 1
161.99636107291667,0.18571420833330876,70,106,Track 0,46223,52,Electric Grand Piano _ 1
161.9999325,0.18571420833333718,67,103,Track 0,46224,52,Electric Grand Piano _ 1
161.9999325,0.26428560416667324,39,91,Track 0,46224,74,Electric Bass (finger) _ 1
162.34278949999998,0.010714281250017166,85,52,Track 0,46320,3,Drum Kit _ 1
162.34278949999998,0.010714281250017166,42,73,Track 0,46320,3,Drum Kit _ 1
162.34278949999998,0.010714281250017166,36,68,Track 0,46320,3,Drum Kit _ 1
162.34636092708334,0.4249998229166465,39,86,Track 0,46321,119,Electric Bass (finger) _ 1
161.31778992708334,1.4571422499999755,55,113,Track 0,46033,408,Electric Grand Piano _ 1
161.32136135416667,1.4607136770833336,58,84,Track 0,46034,409,Overdriven Guitar _ 1
161.31064707291665,1.4749993854166803,51,125,Track 0,46031,413,Electric Grand Piano _ 1
161.30707564583332,1.4785708125000099,63,76,Track 0,46030,414,Overdriven Guitar _ 1
162.34278949999998,0.4749998020833459,75,110,Track 0,46320,133,Electric Grand Piano _ 1
161.32850420833333,1.4999993749999874,61,66,Track 0,46036,420,Overdriven Guitar _ 1
162.34278949999998,0.49285693750002224,70,117,Track 0,46320,138,Electric Grand Piano _ 1
162.34278949999998,0.49285693750002224,67,107,Track 0,46320,138,Electric Grand Piano _ 1
162.85707499999998,0.010714281250017166,36,33,Track 0,46464,3,Drum Kit _ 1
162.86064642708334,0.09999995833331354,39,71,Track 0,46465,28,Electric Bass (finger) _ 1
161.31421849999998,1.6678564479166766,79,79,Track 0,46032,467,Overdriven Guitar _ 1
163.0285035,0.010714281249988744,36,68,Track 0,46512,3,Drum Kit _ 1
163.0285035,0.010714281249988744,49,28,Track 0,46512,3,Drum Kit _ 1
163.0285035,0.010714281249988744,85,52,Track 0,46512,3,Drum Kit _ 1
163.0070749375,0.17857135416667802,63,73,Track 0,46506,50,Overdriven Guitar _ 1
163.02493207291667,0.18214278124997918,51,59,Track 0,46511,51,Distortion Guitar _ 1
163.02493207291667,0.19642848958332593,39,117,Track 0,46511,55,Electric Grand Piano _ 1
163.01421779166665,0.23214276041667858,61,61,Track 0,46508,65,Overdriven Guitar _ 1
163.01421779166665,0.23571418750000817,58,90,Track 0,46508,66,Overdriven Guitar _ 1
163.03921778125,0.23214276041667858,75,73,Track 0,46515,65,Overdriven Guitar _ 1
163.02493207291667,0.2678570312500028,67,108,Track 0,46511,75,Electric Grand Piano _ 1
163.02493207291667,0.274999885416662,79,77,Track 0,46511,77,Overdriven Guitar _ 1
163.37136049999998,0.01785713541667633,85,56,Track 0,46608,5,Drum Kit _ 1
163.37136049999998,0.02499998958333549,49,40,Track 0,46608,7,Drum Kit _ 1
163.37136049999998,0.028571416666665073,36,70,Track 0,46608,8,Drum Kit _ 1
163.88564599999998,0.010714281250017166,85,32,Track 0,46752,3,Drum Kit _ 1
163.36421764583332,0.599999749999995,67,117,Track 0,46606,168,Electric Grand Piano _ 1
163.36421764583332,0.632142593750018,39,107,Track 0,46606,177,Electric Grand Piano _ 1
164.05350307291667,0.010714281249988744,36,66,Track 0,46799,3,Drum Kit _ 1
164.0570745,0.010714281249988744,42,78,Track 0,46800,3,Drum Kit _ 1
164.0570745,0.010714281249988744,85,43,Track 0,46800,3,Drum Kit _ 1
164.05350307291667,0.17142849999999044,70,118,Track 0,46799,48,Electric Grand Piano _ 1
164.06064592708333,0.16785707291666085,67,108,Track 0,46801,47,Electric Grand Piano _ 1
163.37136049999998,0.8678567812500262,75,72,Track 0,46608,243,Overdriven Guitar _ 1
164.0570745,0.20714277083331467,39,75,Track 0,46800,58,Electric Bass (finger) _ 1
164.39278864583332,0.010714281250017166,36,65,Track 0,46894,3,Drum Kit _ 1
164.39636007291665,0.010714281250017166,42,76,Track 0,46895,3,Drum Kit _ 1
164.39636007291665,0.010714281250017166,85,46,Track 0,46895,3,Drum Kit _ 1
163.36064621875,1.4499993958333448,63,112,Track 0,46605,406,Electric Grand Piano _ 1
164.39636007291665,0.44642838541668084,39,67,Track 0,46895,125,Electric Bass (finger) _ 1
164.39636007291665,0.4785712291666755,75,112,Track 0,46895,134,Electric Grand Piano _ 1
164.39636007291665,0.48571408333333466,70,122,Track 0,46895,136,Electric Grand Piano _ 1
164.39993149999998,0.48571408333333466,67,105,Track 0,46896,136,Electric Grand Piano _ 1
163.36778907291665,1.5249993645833513,51,71,Track 0,46607,427,Distortion Guitar _ 1
163.36421764583332,1.5392850729166696,58,101,Track 0,46606,431,Electric Grand Piano _ 1
163.38564620833333,1.5214279374999933,61,59,Track 0,46612,426,Overdriven Guitar _ 1
164.91421699999998,0.010714281250017166,36,32,Track 0,47040,3,Drum Kit _ 1
164.91421699999998,0.010714281250017166,85,17,Track 0,47040,3,Drum Kit _ 1
164.91421699999998,0.06428568750001773,39,57,Track 0,47040,18,Electric Bass (finger) _ 1
163.37850335416667,1.6178564687499772,79,74,Track 0,46610,453,Overdriven Guitar _ 1
165.08207407291667,0.010714281249988744,49,31,Track 0,47087,3,Drum Kit _ 1
165.0856455,0.010714281249988744,85,38,Track 0,47088,3,Drum Kit _ 1
165.08921692708333,0.010714281249988744,36,73,Track 0,47089,3,Drum Kit _ 1
165.08207407291667,0.14285708333332536,67,117,Track 0,47087,40,Electric Grand Piano _ 1
165.07493121874998,0.14999993750001295,58,85,Track 0,47085,42,Overdriven Guitar _ 1
165.02850266666667,0.2035713437499851,63,74,Track 0,47072,57,Overdriven Guitar _ 1
165.08207407291667,0.19285706249999635,51,115,Track 0,47087,54,Electric Grand Piano _ 1
165.08207407291667,0.20714277083331467,39,109,Track 0,47087,58,Electric Grand Piano _ 1
165.11064548958333,0.1999999166666555,79,80,Track 0,47095,56,Overdriven Guitar _ 1
165.09278835416666,0.23214276041667858,75,72,Track 0,47090,65,Overdriven Guitar _ 1
165.08207407291667,0.2499998958333265,61,67,Track 0,47087,70,Overdriven Guitar _ 1
165.42850249999998,0.010714281250017166,85,42,Track 0,47184,3,Drum Kit _ 1
165.42493107291665,0.02142856250000591,49,36,Track 0,47183,6,Drum Kit _ 1
165.43207392708334,0.021428562499977488,36,68,Track 0,47185,6,Drum Kit _ 1
165.42493107291665,0.4571426666666696,39,74,Track 0,47183,128,Electric Bass (finger) _ 1
165.93921657291665,0.010714281250017166,85,24,Track 0,47327,3,Drum Kit _ 1
165.42493107291665,0.5999997500000234,67,104,Track 0,47183,168,Electric Grand Piano _ 1
165.94278799999998,0.08928567708335322,39,61,Track 0,47328,25,Electric Bass (finger) _ 1
166.11064507291667,0.010714281249988744,36,71,Track 0,47375,3,Drum Kit _ 1
166.11064507291667,0.010714281249988744,42,61,Track 0,47375,3,Drum Kit _ 1
166.1142165,0.010714281249988744,85,42,Track 0,47376,3,Drum Kit _ 1
165.4070739375,0.8714282083333273,75,70,Track 0,47178,244,Overdriven Guitar _ 1
166.11064507291667,0.17142849999999044,70,119,Track 0,47375,48,Electric Grand Piano _ 1
166.11064507291667,0.17499992708332002,67,96,Track 0,47375,49,Electric Grand Piano _ 1
166.1142165,0.21785705208333184,39,67,Track 0,47376,61,Electric Bass (finger) _ 1
166.45707349999998,0.010714281250017166,42,72,Track 0,47472,3,Drum Kit _ 1
166.45707349999998,0.010714281250017166,85,38,Track 0,47472,3,Drum Kit _ 1
166.45707349999998,0.010714281250017166,36,70,Track 0,47472,3,Drum Kit _ 1
166.45350207291665,0.4571426666666696,39,69,Track 0,47471,128,Electric Bass (finger) _ 1
166.45350207291665,0.4749998020833459,75,114,Track 0,47471,133,Electric Grand Piano _ 1
165.42493107291665,1.507142229166675,58,96,Track 0,47183,422,Electric Grand Piano _ 1
165.43921678125,1.4964279479166578,61,60,Track 0,47187,419,Overdriven Guitar _ 1
166.46064492708334,0.48571408333333466,70,125,Track 0,47473,136,Electric Grand Piano _ 1
166.46064492708334,0.48571408333333466,67,110,Track 0,47473,136,Electric Grand Piano _ 1
166.96778757291665,0.010714281250017166,36,31,Track 0,47615,3,Drum Kit _ 1
166.97135899999998,0.010714281250017166,85,17,Track 0,47616,3,Drum Kit _ 1
165.42493107291665,1.5785707708333518,51,111,Track 0,47183,442,Electric Grand Piano _ 1
166.96778757291665,0.04999997916667098,39,62,Track 0,47615,14,Electric Bass (finger) _ 1
165.42493107291665,1.6214278958333352,63,106,Track 0,47183,454,Electric Grand Piano _ 1
165.40350251041667,1.6749993020833074,79,77,Track 0,47177,469,Overdriven Guitar _ 1
167.13921607291667,0.010714281249988744,49,27,Track 0,47663,3,Drum Kit _ 1
167.1427875,0.010714281249988744,36,73,Track 0,47664,3,Drum Kit _ 1
167.1427875,0.010714281249988744,85,37,Track 0,47664,3,Drum Kit _ 1
167.13921607291667,0.1535713645833141,67,116,Track 0,47663,43,Electric Grand Piano _ 1
167.13921607291667,0.16785707291666085,63,115,Track 0,47663,47,Electric Grand Piano _ 1
167.12493036458332,0.18928563541666676,58,86,Track 0,47659,53,Overdriven Guitar _ 1
167.13921607291667,0.18571420833333718,51,59,Track 0,47663,52,Distortion Guitar _ 1
167.13921607291667,0.18928563541666676,39,77,Track 0,47663,53,Electric Bass (finger) _ 1
167.12850179166665,0.21428562500000226,61,59,Track 0,47660,60,Overdriven Guitar _ 1
167.17850177083332,0.21428562500000226,75,70,Track 0,47674,60,Overdriven Guitar _ 1
167.18921605208334,0.21071419791664425,79,84,Track 0,47677,59,Overdriven Guitar _ 1
167.4856445,0.010714281249988744,36,80,Track 0,47760,3,Drum Kit _ 1
167.4856445,0.010714281249988744,49,38,Track 0,47760,3,Drum Kit _ 1
167.4856445,0.010714281249988744,85,52,Track 0,47760,3,Drum Kit _ 1
167.48207307291665,0.3642855625000152,82,46,Track 0,47759,102,Overdriven Guitar _ 1
167.5106444895833,0.4321426770833341,79,82,Track 0,47767,121,Overdriven Guitar _ 1
167.4856445,0.45714266666664116,39,71,Track 0,47760,128,Electric Bass (finger) _ 1
167.99993,0.010714281249988744,85,17,Track 0,47904,3,Drum Kit _ 1
167.99635857291665,0.08571425000002364,39,42,Track 0,47903,24,Electric Bass (finger) _ 1
167.48207307291665,0.5999997500000234,67,104,Track 0,47759,168,Electric Grand Piano _ 1
168.16778707291667,0.010714281249988744,42,76,Track 0,47951,3,Drum Kit _ 1
168.1713585,0.010714281249988744,85,43,Track 0,47952,3,Drum Kit _ 1
168.17492992708333,0.010714281249988744,36,73,Track 0,47953,3,Drum Kit _ 1
167.49278735416667,0.8285710833333155,75,70,Track 0,47762,232,Overdriven Guitar _ 1
168.16778707291667,0.1571427916666721,70,110,Track 0,47951,44,Electric Grand Piano _ 1
167.9785014375,0.3464284270833389,77,55,Track 0,47898,97,Overdriven Guitar _ 1
168.1713585,0.1571427916666721,67,106,Track 0,47952,44,Electric Grand Piano _ 1
168.16778707291667,0.2035713437499851,39,77,Track 0,47951,57,Electric Bass (finger) _ 1
168.32850129166667,0.12499994791664903,75,55,Track 0,47996,35,Overdriven Guitar _ 1
168.51064407291665,0.010714281250017166,36,82,Track 0,48047,3,Drum Kit _ 1
168.51064407291665,0.010714281250017166,85,48,Track 0,48047,3,Drum Kit _ 1
168.5142155,0.010714281249988744,42,78,Track 0,48048,3,Drum Kit _ 1
168.49635836458333,0.32857129166666255,82,54,Track 0,48043,92,Overdriven Guitar _ 1
168.51778692708334,0.4071426874999986,39,67,Track 0,48049,114,Electric Bass (finger) _ 1
168.81778680208333,0.12142852083331945,79,59,Track 0,48133,34,Overdriven Guitar _ 1
168.5142155,0.4285712499999761,75,107,Track 0,48048,120,Electric Grand Piano _ 1
168.51064407291665,0.4321426770833341,70,106,Track 0,48047,121,Electric Grand Piano _ 1
168.5142155,0.4285712499999761,67,93,Track 0,48048,120,Electric Grand Piano _ 1
167.48207307291665,1.5428564999999992,51,62,Track 0,47759,432,Distortion Guitar _ 1
167.48921592708334,1.5428564999999992,58,95,Track 0,47761,432,Electric Grand Piano _ 1
169.02135814583332,0.010714281250017166,36,55,Track 0,48190,3,Drum Kit _ 1
167.5106444895833,1.5249993645833513,61,68,Track 0,47767,427,Overdriven Guitar _ 1
169.02492957291665,0.01785713541667633,39,25,Track 0,48191,5,Electric Bass (finger) _ 1
167.48207307291665,1.6214278958333352,63,102,Track 0,47759,454,Electric Grand Piano _ 1
169.19278664583334,0.010714281249988744,36,85,Track 0,48238,3,Drum Kit _ 1
169.19635807291667,0.010714281249988744,85,43,Track 0,48239,3,Drum Kit _ 1
169.1999295,0.010714281249988744,49,31,Track 0,48240,3,Drum Kit _ 1
169.20350092708333,0.1607142187500017,63,111,Track 0,48241,45,Electric Grand Piano _ 1
168.9999295833333,0.3678569895833448,77,64,Track 0,48184,103,Overdriven Guitar _ 1
169.20350092708333,0.17142849999999044,67,113,Track 0,48241,48,Electric Grand Piano _ 1
169.16421522916667,0.21071419791664425,58,90,Track 0,48230,59,Overdriven Guitar _ 1
169.19635807291667,0.19285706249999635,51,60,Track 0,48239,54,Distortion Guitar _ 1
169.1999295,0.2035713437499851,39,83,Track 0,48240,57,Electric Bass (finger) _ 1
169.22850091666666,0.18571420833333718,79,84,Track 0,48248,52,Overdriven Guitar _ 1
169.17135808333333,0.2464284687499969,61,63,Track 0,48232,69,Overdriven Guitar _ 1
169.18207236458332,0.2714284583333324,75,69,Track 0,48235,76,Overdriven Guitar _ 1
169.53921507291665,0.010714281250017166,36,70,Track 0,48335,3,Drum Kit _ 1
169.5427865,0.010714281249988744,49,34,Track 0,48336,3,Drum Kit _ 1
169.5427865,0.010714281249988744,85,45,Track 0,48336,3,Drum Kit _ 1
169.53207221875,0.37499984375000395,82,65,Track 0,48333,105,Overdriven Guitar _ 1
169.53207221875,0.4571426666666696,79,77,Track 0,48333,128,Overdriven Guitar _ 1
169.5427865,0.45714266666664116,39,74,Track 0,48336,128,Electric Bass (finger) _ 1
170.057072,0.010714281249988744,85,17,Track 0,48480,3,Drum Kit _ 1
169.53921507291665,0.5999997500000234,67,109,Track 0,48335,168,Electric Grand Piano _ 1
170.057072,0.09999995833331354,39,43,Track 0,48480,28,Electric Bass (finger) _ 1
170.22135764583334,0.010714281249988744,36,71,Track 0,48526,3,Drum Kit _ 1
170.22492907291667,0.010714281249988744,42,81,Track 0,48527,3,Drum Kit _ 1
170.2285005,0.010714281249988744,85,48,Track 0,48528,3,Drum Kit _ 1
169.51778651041667,0.8714282083333273,75,66,Track 0,48329,244,Overdriven Guitar _ 1
170.22492907291667,0.16428564583333127,70,127,Track 0,48527,46,Electric Grand Piano _ 1
170.2285005,0.17142849999999044,67,110,Track 0,48528,48,Electric Grand Piano _ 1
170.03207201041667,0.3857141249999927,77,71,Track 0,48473,108,Overdriven Guitar _ 1
170.2285005,0.22142847916666142,39,80,Track 0,48528,62,Electric Bass (finger) _ 1
170.399929,0.09642853125001238,75,76,Track 0,48576,27,Overdriven Guitar _ 1
170.5713575,0.010714281249988744,42,79,Track 0,48624,3,Drum Kit _ 1
170.5713575,0.010714281249988744,85,43,Track 0,48624,3,Drum Kit _ 1
170.57492892708333,0.010714281249988744,36,73,Track 0,48625,3,Drum Kit _ 1
170.54635751041667,0.3892855520833223,82,70,Track 0,48617,109,Overdriven Guitar _ 1
170.5713575,0.37857127083333353,75,114,Track 0,48624,106,Electric Grand Piano _ 1
170.5713575,0.37857127083333353,67,109,Track 0,48624,106,Electric Grand Piano _ 1
170.5713575,0.3821426979166631,70,122,Track 0,48624,107,Electric Grand Piano _ 1
170.89992879166667,0.10357138541667155,79,71,Track 0,48716,29,Overdriven Guitar _ 1
169.52492936458333,1.4928565208333282,58,88,Track 0,48331,418,Overdriven Guitar _ 1
169.53207221875,1.4928565208333282,61,60,Track 0,48333,418,Overdriven Guitar _ 1
171.085643,0.010714281249988744,36,32,Track 0,48768,3,Drum Kit _ 1
169.53921507291665,1.557142208333346,63,110,Track 0,48335,436,Electric Grand Piano _ 1
171.085643,0.010714281249988744,85,17,Track 0,48768,3,Drum Kit _ 1
169.53921507291665,1.5999993333333578,51,61,Track 0,48335,448,Distortion Guitar _ 1
170.57492892708333,0.5678569062500003,39,75,Track 0,48625,159,Electric Bass (finger) _ 1
171.25350007291667,0.010714281249988744,49,31,Track 0,48815,3,Drum Kit _ 1
171.2570715,0.010714281249988744,36,73,Track 0,48816,3,Drum Kit _ 1
171.2570715,0.010714281249988744,85,43,Track 0,48816,3,Drum Kit _ 1
171.06778586458333,0.34999985416666846,77,72,Track 0,48763,98,Overdriven Guitar _ 1
171.2570715,0.16785707291666085,51,62,Track 0,48816,47,Distortion Guitar _ 1
171.25350007291667,0.17499992708332002,39,74,Track 0,48815,49,Electric Bass (finger) _ 1
171.26064292708332,0.21071419791667267,63,113,Track 0,48817,59,Electric Grand Piano _ 1
171.25350007291667,0.224999906249991,67,113,Track 0,48815,63,Electric Grand Piano _ 1
171.27492863541667,0.2035713437499851,79,81,Track 0,48821,57,Overdriven Guitar _ 1
171.2177858020833,0.26071417708334366,58,84,Track 0,48805,73,Overdriven Guitar _ 1
171.2570715,0.22857133333332058,75,65,Track 0,48816,64,Overdriven Guitar _ 1
171.22492865625,0.2642856041666448,61,67,Track 0,48807,74,Overdriven Guitar _ 1
171.5999285,0.010714281249988744,85,43,Track 0,48912,3,Drum Kit _ 1
171.5999285,0.017857135416647907,49,34,Track 0,48912,5,Drum Kit _ 1
171.5999285,0.021428562499977488,36,70,Track 0,48912,6,Drum Kit _ 1
171.61421420833332,0.3678569895833448,82,68,Track 0,48916,103,Overdriven Guitar _ 1
171.58207136458333,0.4785712291666755,79,83,Track 0,48907,134,Overdriven Guitar _ 1
171.59635707291665,0.46428552083335717,39,89,Track 0,48911,130,Electric Grand Piano _ 1
172.114214,0.010714281249988744,85,17,Track 0,49056,3,Drum Kit _ 1
172.11778542708333,0.010714281249988744,36,33,Track 0,49057,3,Drum Kit _ 1
172.114214,0.07857139583330763,39,66,Track 0,49056,22,Electric Bass (finger) _ 1
171.5999285,0.599999749999995,67,106,Track 0,48912,168,Electric Grand Piano _ 1
172.2856425,0.010714281249988744,42,71,Track 0,49104,3,Drum Kit _ 1
172.2856425,0.010714281249988744,85,49,Track 0,49104,3,Drum Kit _ 1
172.2856425,0.010714281249988744,36,69,Track 0,49104,3,Drum Kit _ 1
172.08207115624998,0.3607141354166856,77,68,Track 0,49047,101,Overdriven Guitar _ 1
171.56778565624998,0.9035710520833504,75,82,Track 0,48903,253,Overdriven Guitar _ 1
172.2856425,0.19285706249999635,70,96,Track 0,49104,54,Electric Grand Piano _ 1
172.2856425,0.21071419791667267,67,105,Track 0,49104,59,Electric Grand Piano _ 1
172.2856425,0.22857133333332058,39,74,Track 0,49104,64,Electric Bass (finger) _ 1
172.62492807291665,0.010714281250017166,36,62,Track 0,49199,3,Drum Kit _ 1
172.6284995,0.010714281249988744,42,78,Track 0,49200,3,Drum Kit _ 1
172.6284995,0.010714281249988744,85,41,Track 0,49200,3,Drum Kit _ 1
172.6070709375,0.37142841666667437,82,68,Track 0,49194,104,Overdriven Guitar _ 1
172.6284995,0.45714266666664116,39,64,Track 0,49200,128,Electric Bass (finger) _ 1
172.94992793749998,0.14642851041668337,79,70,Track 0,49290,41,Overdriven Guitar _ 1
172.63207092708333,0.4749998020833175,75,111,Track 0,49201,133,Electric Grand Piano _ 1
172.6284995,0.47857122916664707,70,114,Track 0,49200,134,Electric Grand Piano _ 1
172.62492807291665,0.4821426562500051,67,108,Track 0,49199,135,Electric Grand Piano _ 1
171.59635707291665,1.5249993645833513,51,91,Track 0,48911,427,Electric Grand Piano _ 1
171.5999285,1.5357136458333116,58,99,Track 0,48912,430,Electric Grand Piano _ 1
171.61778563541665,1.5321422187500104,61,69,Track 0,48917,429,Overdriven Guitar _ 1
173.142785,0.010714281249988744,36,49,Track 0,49344,3,Drum Kit _ 1
173.142785,0.07857139583330763,39,53,Track 0,49344,22,Electric Bass (finger) _ 1
171.5999285,1.6285707499999944,63,106,Track 0,48912,456,Electric Grand Piano _ 1
173.30707064583333,0.010714281249988744,36,67,Track 0,49390,3,Drum Kit _ 1
173.31064207291666,0.010714281249988744,85,43,Track 0,49391,3,Drum Kit _ 1
173.31064207291666,0.010714281249988744,49,32,Track 0,49391,3,Drum Kit _ 1
173.31064207291666,0.17142849999999044,63,71,Track 0,49391,48,Overdriven Guitar _ 1
173.10707072916665,0.3821426979166631,77,70,Track 0,49334,107,Overdriven Guitar _ 1
173.31778492708332,0.17142849999999044,67,108,Track 0,49393,48,Electric Grand Piano _ 1
173.30349921875,0.19285706249999635,58,85,Track 0,49389,54,Overdriven Guitar _ 1
173.3142135,0.19285706249999635,51,64,Track 0,49392,54,Distortion Guitar _ 1
173.31064207291666,0.1999999166666555,39,87,Track 0,49391,56,Electric Grand Piano _ 1
173.31064207291666,0.21071419791667267,79,86,Track 0,49391,59,Overdriven Guitar _ 1
173.30707064583333,0.25714274999998565,61,68,Track 0,49390,72,Overdriven Guitar _ 1
173.31064207291666,0.26071417708331523,75,71,Track 0,49391,73,Overdriven Guitar _ 1
173.6570705,0.010714281249988744,85,43,Track 0,49488,3,Drum Kit _ 1
173.65349907291665,0.01785713541667633,36,68,Track 0,49487,5,Drum Kit _ 1
173.65349907291665,0.02142856250000591,49,32,Track 0,49487,6,Drum Kit _ 1
173.63921336458333,0.403571260416669,82,65,Track 0,49483,113,Overdriven Guitar _ 1
173.66064192708333,0.4571426666666696,39,63,Track 0,49489,128,Electric Bass (finger) _ 1
173.64278479166666,0.48928551041666424,79,80,Track 0,49484,137,Overdriven Guitar _ 1
174.171356,0.08571424999999522,39,54,Track 0,49632,24,Electric Bass (finger) _ 1
173.67492763541665,0.599999749999995,67,101,Track 0,49493,168,Electric Grand Piano _ 1
174.33564164583333,0.010714281249988744,36,70,Track 0,49678,3,Drum Kit _ 1
174.33921307291666,0.010714281249988744,85,22,Track 0,49679,3,Drum Kit _ 1
174.3427845,0.010714281249988744,42,62,Track 0,49680,3,Drum Kit _ 1
174.33921307291666,0.14999993749998453,70,107,Track 0,49679,42,Electric Grand Piano _ 1
174.34635592708332,0.14999993750001295,67,96,Track 0,49681,42,Electric Grand Piano _ 1
174.14635601041667,0.34999985416666846,77,69,Track 0,49625,98,Overdriven Guitar _ 1
173.6356419375,0.8607139270833386,75,67,Track 0,49482,241,Overdriven Guitar _ 1
174.3427845,0.22857133333332058,39,77,Track 0,49680,64,Electric Bass (finger) _ 1
174.67849864583332,0.010714281250017166,36,66,Track 0,49774,3,Drum Kit _ 1
174.68207007291664,0.010714281250017166,85,35,Track 0,49775,3,Drum Kit _ 1
174.68207007291664,0.010714281250017166,42,71,Track 0,49775,3,Drum Kit _ 1
174.67135579166666,0.3678569895833448,82,55,Track 0,49772,103,Overdriven Guitar _ 1
174.68207007291664,0.407142687500027,75,95,Track 0,49775,114,Electric Grand Piano _ 1
174.6856415,0.4214283958333169,67,104,Track 0,49776,118,Electric Grand Piano _ 1
174.68921292708333,0.4214283958333169,70,98,Track 0,49777,118,Electric Grand Piano _ 1
174.6856415,0.4357141041666637,39,76,Track 0,49776,122,Electric Bass (finger) _ 1
175.01778421875,0.12142852083331945,79,57,Track 0,49869,34,Overdriven Guitar _ 1
175.19278414583331,0.010714281250017166,36,46,Track 0,49918,3,Drum Kit _ 1
173.65349907291665,1.5535707812500164,51,104,Track 0,49487,435,Electric Grand Piano _ 1
175.199927,0.010714281249988744,39,55,Track 0,49920,3,Electric Bass (finger) _ 1
175.199927,0.010714281249988744,85,17,Track 0,49920,3,Drum Kit _ 1
173.66778478125,1.557142208333346,61,65,Track 0,49491,436,Overdriven Guitar _ 1
173.66778478125,1.5607136354166755,58,90,Track 0,49491,437,Electric Grand Piano _ 1
173.64635621875,1.6464278854166707,63,71,Track 0,49485,461,Overdriven Guitar _ 1
175.36778407291666,0.010714281249988744,49,31,Track 0,49967,3,Drum Kit _ 1
175.3713555,0.010714281249988744,85,38,Track 0,49968,3,Drum Kit _ 1
175.37492692708332,0.010714281249988744,36,71,Track 0,49969,3,Drum Kit _ 1
175.1784984375,0.3464284270833389,77,69,Track 0,49914,97,Overdriven Guitar _ 1
175.36778407291666,0.16428564583333127,51,97,Track 0,49967,46,Electric Grand Piano _ 1
175.3713555,0.17142849999999044,39,98,Track 0,49968,48,Electric Grand Piano _ 1
175.36421264583333,0.18214278124997918,63,70,Track 0,49966,51,Overdriven Guitar _ 1
175.36778407291666,0.18928563541666676,67,106,Track 0,49967,53,Electric Grand Piano _ 1
175.36421264583333,0.1999999166666555,58,79,Track 0,49966,56,Overdriven Guitar _ 1
175.38206978124998,0.21785705208333184,79,84,Track 0,49971,61,Overdriven Guitar _ 1
175.36421264583333,0.2535713229166561,75,68,Track 0,49966,71,Overdriven Guitar _ 1
175.36421264583333,0.274999885416662,61,64,Track 0,49966,77,Overdriven Guitar _ 1
175.70706964583331,0.010714281250017166,36,72,Track 0,50062,3,Drum Kit _ 1
175.7142125,0.010714281249988744,85,36,Track 0,50064,3,Drum Kit _ 1
175.7142125,0.010714281249988744,49,34,Track 0,50064,3,Drum Kit _ 1
175.70706964583331,0.41785696875001577,82,58,Track 0,50062,117,Overdriven Guitar _ 1
175.7142125,0.4571426666666696,39,80,Track 0,50064,128,Electric Bass (finger) _ 1
175.73206963541665,0.4392855312500217,79,86,Track 0,50069,123,Overdriven Guitar _ 1
176.22492657291667,0.08214282291666564,39,55,Track 0,50207,23,Electric Bass (finger) _ 1
175.71778392708333,0.599999749999995,67,105,Track 0,50065,168,Electric Grand Piano _ 1
176.3999265,0.010714281249988744,42,76,Track 0,50256,3,Drum Kit _ 1
176.3999265,0.010714281249988744,85,32,Track 0,50256,3,Drum Kit _ 1
176.3999265,0.010714281249988744,36,81,Track 0,50256,3,Drum Kit _ 1
176.2070694375,0.3607141354166572,77,61,Track 0,50202,101,Overdriven Guitar _ 1
176.39635507291666,0.1785713541666496,67,103,Track 0,50255,50,Electric Grand Piano _ 1
176.3999265,0.17857135416667802,70,107,Track 0,50256,50,Electric Grand Piano _ 1
175.67849822916665,0.90714247916668,75,68,Track 0,50054,254,Overdriven Guitar _ 1
176.39635507291666,0.2071427708333431,39,80,Track 0,50255,58,Electric Bass (finger) _ 1
176.73921207291667,0.010714281249988744,42,75,Track 0,50351,3,Drum Kit _ 1
176.7427835,0.010714281249988744,85,29,Track 0,50352,3,Drum Kit _ 1
176.74635492708333,0.010714281249988744,36,70,Track 0,50353,3,Drum Kit _ 1
176.72849779166665,0.39642840625000986,82,53,Track 0,50348,111,Overdriven Guitar _ 1
177.07492621875,0.11428566666666029,79,48,Track 0,50445,32,Overdriven Guitar _ 1
176.73921207291667,0.45714266666664116,39,83,Track 0,50351,128,Electric Bass (finger) _ 1
176.74635492708333,0.46428552083332875,75,107,Track 0,50353,130,Electric Grand Piano _ 1
176.74635492708333,0.4749998020833175,70,108,Track 0,50353,133,Electric Grand Piano _ 1
176.74635492708333,0.4821426562500051,67,105,Track 0,50353,135,Electric Grand Piano _ 1
175.7142125,1.5428564999999992,58,98,Track 0,50064,432,Electric Grand Piano _ 1
177.25349757291667,0.010714281249988744,39,55,Track 0,50495,3,Electric Bass (finger) _ 1
177.25349757291667,0.010714281249988744,36,55,Track 0,50495,3,Drum Kit _ 1
175.71064107291667,1.5571422083333175,51,60,Track 0,50063,436,Distortion Guitar _ 1
177.257069,0.010714281249988744,85,17,Track 0,50496,3,Drum Kit _ 1
175.73206963541665,1.5392850729166696,61,66,Track 0,50069,431,Overdriven Guitar _ 1
175.70706964583331,1.6321421770833524,63,74,Track 0,50062,457,Overdriven Guitar _ 1
177.4284975,0.010714281249988744,85,38,Track 0,50544,3,Drum Kit _ 1
177.4284975,0.01785713541667633,49,34,Track 0,50544,5,Drum Kit _ 1
177.43206892708332,0.02142856250000591,36,66,Track 0,50545,6,Drum Kit _ 1
177.42492607291666,0.16785707291666085,63,115,Track 0,50543,47,Electric Grand Piano _ 1
177.37849752083332,0.21785705208333184,58,79,Track 0,50530,61,Overdriven Guitar _ 1
177.43206892708332,0.17499992708334844,67,118,Track 0,50545,49,Electric Grand Piano _ 1
177.4284975,0.18571420833333718,39,97,Track 0,50544,52,Electric Grand Piano _ 1
177.24278329166665,0.37857127083333353,77,62,Track 0,50492,106,Overdriven Guitar _ 1
177.42492607291666,0.19642848958332593,51,65,Track 0,50543,55,Distortion Guitar _ 1
177.4284975,0.23928561458333775,79,87,Track 0,50544,67,Overdriven Guitar _ 1
177.37849752083332,0.2928570208333383,61,64,Track 0,50530,82,Overdriven Guitar _ 1
177.4284975,0.2499998958333265,75,70,Track 0,50544,70,Overdriven Guitar _ 1
177.76778307291667,0.010714281249988744,36,65,Track 0,50639,3,Drum Kit _ 1
177.7713545,0.010714281249988744,49,33,Track 0,50640,3,Drum Kit _ 1
177.7713545,0.010714281249988744,85,34,Track 0,50640,3,Drum Kit _ 1
177.75349736458332,0.3892855520833223,82,52,Track 0,50635,109,Overdriven Guitar _ 1
177.76064021874998,0.46071409374999917,79,83,Track 0,50637,129,Overdriven Guitar _ 1
177.76778307291667,0.45714266666664116,39,92,Track 0,50639,128,Electric Grand Piano _ 1
178.28206857291667,0.010714281249988744,85,17,Track 0,50783,3,Drum Kit _ 1
178.28206857291667,0.08571424999999522,39,52,Track 0,50783,24,Electric Bass (finger) _ 1
177.7713545,0.599999749999995,67,113,Track 0,50640,168,Electric Grand Piano _ 1
178.45349707291666,0.010714281249988744,42,71,Track 0,50831,3,Drum Kit _ 1
178.4570685,0.010714281249988744,36,64,Track 0,50832,3,Drum Kit _ 1
178.4570685,0.010714281249988744,85,38,Track 0,50832,3,Drum Kit _ 1
178.2642114375,0.36785698958331636,77,58,Track 0,50778,103,Overdriven Guitar _ 1
177.7499259375,0.8892853437500037,75,66,Track 0,50634,249,Overdriven Guitar _ 1
178.4570685,0.1821427812500076,70,117,Track 0,50832,51,Electric Grand Piano _ 1
178.4570685,0.18571420833333718,67,110,Track 0,50832,52,Electric Grand Piano _ 1
178.45349707291666,0.21785705208333184,39,75,Track 0,50831,61,Electric Bass (finger) _ 1
178.7927826458333,0.010714281250017166,36,72,Track 0,50926,3,Drum Kit _ 1
178.79635407291667,0.010714281249988744,42,72,Track 0,50927,3,Drum Kit _ 1
178.79635407291667,0.010714281249988744,85,42,Track 0,50927,3,Drum Kit _ 1
178.78563979166665,0.37499984375000395,82,52,Track 0,50924,105,Overdriven Guitar _ 1
178.7999255,0.4249998229166465,75,112,Track 0,50928,119,Electric Grand Piano _ 1
178.79635407291667,0.4321426770833341,67,105,Track 0,50927,121,Electric Grand Piano _ 1
179.1213539375,0.11785709374998987,79,53,Track 0,51018,33,Overdriven Guitar _ 1
178.7999255,0.43928553124999326,70,115,Track 0,50928,123,Electric Grand Piano _ 1
178.7999255,0.4571426666666696,39,86,Track 0,50928,128,Electric Bass (finger) _ 1
177.76778307291667,1.5428564999999992,58,82,Track 0,50639,432,Overdriven Guitar _ 1
179.3070681458333,0.010714281250017166,36,61,Track 0,51070,3,Drum Kit _ 1
177.76778307291667,1.553570781249988,61,58,Track 0,50639,435,Overdriven Guitar _ 1
179.31778242708333,0.06785711458331889,39,56,Track 0,51073,19,Electric Bass (finger) _ 1
177.76778307291667,1.6214278958333068,51,93,Track 0,50639,454,Electric Grand Piano _ 1
177.7499259375,1.6499993125000003,63,74,Track 0,50634,462,Overdriven Guitar _ 1
179.48206807291666,0.010714281249988744,36,73,Track 0,51119,3,Drum Kit _ 1
179.4856395,0.010714281249988744,85,29,Track 0,51120,3,Drum Kit _ 1
179.4856395,0.010714281249988744,49,31,Track 0,51120,3,Drum Kit _ 1
179.48206807291666,0.1571427916666721,39,96,Track 0,51119,44,Electric Grand Piano _ 1
179.48206807291666,0.16428564583333127,51,92,Track 0,51119,46,Electric Grand Piano _ 1
179.28921101041666,0.37499984375000395,77,62,Track 0,51065,105,Overdriven Guitar _ 1
179.48206807291666,0.2071427708333431,63,115,Track 0,51119,58,Electric Grand Piano _ 1
179.4856395,0.2071427708333431,67,106,Track 0,51120,58,Electric Grand Piano _ 1
179.4856395,0.21785705208333184,58,99,Track 0,51120,61,Electric Grand Piano _ 1
179.51778234374999,0.19999991666668393,79,85,Track 0,51129,56,Overdriven Guitar _ 1
179.52135377083331,0.22499990625001942,75,72,Track 0,51130,63,Overdriven Guitar _ 1
179.51063948958333,0.23571418750000817,61,62,Track 0,51127,66,Overdriven Guitar _ 1
179.82492507291667,0.010714281249988744,85,35,Track 0,51215,3,Drum Kit _ 1
179.8284965,0.010714281249988744,49,33,Track 0,51216,3,Drum Kit _ 1
179.83206792708333,0.010714281249988744,36,74,Track 0,51217,3,Drum Kit _ 1
179.8213536458333,0.38214269791669153,82,50,Track 0,51214,107,Overdriven Guitar _ 1
179.82492507291667,0.46071409374999917,39,91,Track 0,51215,129,Electric Grand Piano _ 1
179.84278220833332,0.4499998125000104,79,76,Track 0,51220,126,Overdriven Guitar _ 1
180.342782,0.07499996874997805,39,59,Track 0,51360,21,Electric Bass (finger) _ 1
179.8284965,0.599999749999995,67,106,Track 0,51216,168,Electric Grand Piano _ 1
180.50706764583333,0.010714281249988744,36,67,Track 0,51406,3,Drum Kit _ 1
180.51063907291666,0.010714281249988744,85,17,Track 0,51407,3,Drum Kit _ 1
180.5142105,0.010714281249988744,42,39,Track 0,51408,3,Drum Kit _ 1
180.31421058333333,0.37142841666664594,77,59,Track 0,51352,104,Overdriven Guitar _ 1
180.5142105,0.1821427812500076,39,78,Track 0,51408,51,Electric Bass (finger) _ 1
180.51063907291666,0.18928563541666676,70,108,Track 0,51407,53,Electric Grand Piano _ 1
179.80349651041666,0.8964281979166628,75,68,Track 0,51209,251,Overdriven Guitar _ 1
180.51063907291666,0.19642848958332593,67,94,Track 0,51407,55,Electric Grand Piano _ 1
180.85349607291667,0.010714281249988744,42,76,Track 0,51503,3,Drum Kit _ 1
180.8570675,0.010714281249988744,36,77,Track 0,51504,3,Drum Kit _ 1
180.8570675,0.010714281249988744,85,31,Track 0,51504,3,Drum Kit _ 1
180.8356389375,0.3892855520833223,82,51,Track 0,51498,109,Overdriven Guitar _ 1
180.85349607291667,0.4321426770833341,75,100,Track 0,51503,121,Electric Grand Piano _ 1
181.18563879166666,0.12142852083331945,79,53,Track 0,51596,34,Overdriven Guitar _ 1
180.86063892708333,0.449999812499982,67,104,Track 0,51505,126,Electric Grand Piano _ 1
180.8570675,0.4535712395833116,70,102,Track 0,51504,127,Electric Grand Piano _ 1
180.8570675,0.4571426666666696,39,80,Track 0,51504,128,Electric Bass (finger) _ 1
179.84278220833332,1.4785708125000099,61,61,Track 0,51220,414,Overdriven Guitar _ 1
179.8284965,1.503570802083317,58,96,Track 0,51216,421,Electric Grand Piano _ 1
181.371353,0.010714281249988744,36,56,Track 0,51648,3,Drum Kit _ 1
181.37492442708333,0.057142833333330145,39,56,Track 0,51649,16,Electric Bass (finger) _ 1
179.81778221874998,1.6392850312500116,63,70,Track 0,51213,459,Overdriven Guitar _ 1
179.82492507291667,1.6392850312499831,51,62,Track 0,51215,459,Distortion Guitar _ 1
181.53921007291666,0.010714281249988744,49,27,Track 0,51695,3,Drum Kit _ 1
181.5427815,0.010714281249988744,85,25,Track 0,51696,3,Drum Kit _ 1
181.54635292708332,0.010714281250017166,36,66,Track 0,51697,3,Drum Kit _ 1
181.33563872916665,0.39642840625000986,77,61,Track 0,51638,111,Overdriven Guitar _ 1
181.5427815,0.2071427708333431,51,63,Track 0,51696,58,Distortion Guitar _ 1
181.53921007291666,0.22142847916666142,39,86,Track 0,51695,62,Electric Bass (finger) _ 1
181.5249243645833,0.24285704166666733,79,79,Track 0,51691,68,Overdriven Guitar _ 1
181.54635292708332,0.22142847916666142,63,72,Track 0,51697,62,Overdriven Guitar _ 1
181.52849579166667,0.2464284687499969,58,78,Track 0,51692,69,Overdriven Guitar _ 1
181.52849579166667,0.2499998958333265,61,69,Track 0,51692,70,Overdriven Guitar _ 1
181.55349578124998,0.2678570312500028,75,62,Track 0,51699,75,Overdriven Guitar _ 1
181.88206707291667,0.010714281249988744,49,30,Track 0,51791,3,Drum Kit _ 1
181.88206707291667,0.010714281249988744,85,30,Track 0,51791,3,Drum Kit _ 1
181.88920992708333,0.010714281249988744,36,81,Track 0,51793,3,Drum Kit _ 1
181.86063851041666,0.36785698958331636,82,53,Track 0,51785,103,Overdriven Guitar _ 1
181.8784956458333,0.4571426666666696,79,85,Track 0,51790,128,Overdriven Guitar _ 1
181.88206707291667,0.6107140312499837,39,78,Track 0,51791,171,Electric Bass (finger) _ 1
182.38563829166665,0.3642855625000152,77,59,Track 0,51932,102,Overdriven Guitar _ 1
181.8642099375,0.9749995937499989,75,61,Track 0,51786,273,Overdriven Guitar _ 1
181.88206707291667,1.1678566562499952,51,66,Track 0,51791,327,Distortion Guitar _ 1
182.91063807291667,0.3571427083333276,82,53,Track 0,52079,100,Overdriven Guitar _ 1
183.23206651041667,0.1321428020833082,79,64,Track 0,52169,37,Overdriven Guitar _ 1
181.88206707291667,1.5214279374999933,63,75,Track 0,51791,426,Overdriven Guitar _ 1
181.8784956458333,1.8285706666666783,58,81,Track 0,51790,512,Overdriven Guitar _ 1
181.8784956458333,1.832142093750008,61,61,Track 0,51790,513,Overdriven Guitar _ 1
183.41420929166665,0.35357128124999804,77,59,Track 0,52220,99,Overdriven Guitar _ 1
183.74635201041667,0.06071426041665973,75,61,Track 0,52313,17,Overdriven Guitar _ 1
