time_start_sec,duration_sec,pitch,velocity,track,instrument,track_new,time_start_tick,duration_tick
1.2352934999999998,0.14117639999999998,76,102,Trombone,Trombone _ 1,Trombone _ 1,3600,192
1.411764,0.28235279999999996,78,114,Trombone,Trombone _ 1,Trombone _ 1,3840,384
1.764705,0.14117639999999998,76,110,Trombone,Trombone _ 1,Trombone _ 1,4320,192
1.9411754999999997,0.14117639999999998,74,115,Trombone,Trombone _ 1,Trombone _ 1,4560,192
2.1176459999999997,0.28235279999999996,76,108,Trombone,Trombone _ 1,Trombone _ 1,4800,384
2.470587,0.33823512499999975,74,118,Trombone,Trombone _ 1,Trombone _ 1,5280,460
3.764704,0.18823520000000027,71,108,Trombone,Trombone _ 1,Trombone _ 1,7040,256
3.9999979999999997,0.18823520000000027,74,109,Trombone,Trombone _ 1,Trombone _ 1,7360,256
4.235292,0.14117639999999998,78,106,Trombone,Trombone _ 1,Trombone _ 1,7680,192
4.4117625,0.28235279999999996,76,106,Trombone,Trombone _ 1,Trombone _ 1,7920,384
4.7647034999999995,0.42352919999999994,76,101,Trombone,Trombone _ 1,Trombone _ 1,8400,576
5.294115,0.14117639999999998,74,107,Trombone,Trombone _ 1,Trombone _ 1,9120,192
5.4705855,0.161764625,71,123,Trombone,Trombone _ 1,Trombone _ 1,9360,220
6.5294085,0.14117639999999998,71,111,Trombone,Trombone _ 1,Trombone _ 1,10800,192
6.7058789999999995,0.14117640000000087,74,110,Trombone,Trombone _ 1,Trombone _ 1,11040,192
6.8823495,0.1411763999999991,71,102,Trombone,Trombone _ 1,Trombone _ 1,11280,192
7.058819999999999,0.28235279999999996,78,107,Trombone,Trombone _ 1,Trombone _ 1,11520,384
7.411761,0.1411763999999991,76,101,Trombone,Trombone _ 1,Trombone _ 1,12000,192
7.588231499999999,0.14117640000000087,74,121,Trombone,Trombone _ 1,Trombone _ 1,12240,192
7.764702,0.6911761250000001,76,113,Trombone,Trombone _ 1,Trombone _ 1,12480,940
11.647053,0.1411763999999991,73,111,Trombone,Trombone _ 1,Trombone _ 1,17760,192
11.8235235,0.1411763999999991,73,112,Trombone,Trombone _ 1,Trombone _ 1,18000,192
11.999994,0.28235279999999996,73,107,Trombone,Trombone _ 1,Trombone _ 1,18240,384
12.352935,0.28235279999999996,73,117,Trombone,Trombone _ 1,Trombone _ 1,18720,384
12.705876,0.28235279999999996,73,111,Trombone,Trombone _ 1,Trombone _ 1,19200,384
13.058817,0.14117640000000087,73,111,Trombone,Trombone _ 1,Trombone _ 1,19680,192
13.2352875,0.28235279999999996,73,114,Trombone,Trombone _ 1,Trombone _ 1,19920,384
13.5882285,0.42352919999999905,73,103,Trombone,Trombone _ 1,Trombone _ 1,20400,576
14.11764,0.28235279999999996,73,116,Trombone,Trombone _ 1,Trombone _ 1,21120,384
14.470581,0.14117640000000087,73,112,Trombone,Trombone _ 1,Trombone _ 1,21600,192
14.647051499999998,0.4235292000000008,73,109,Trombone,Trombone _ 1,Trombone _ 1,21840,576
15.176463,0.2823527999999982,76,107,Trombone,Trombone _ 1,Trombone _ 1,22560,384
15.529403999999998,0.5647055999999999,73,108,Trombone,Trombone _ 1,Trombone _ 1,23040,768
16.235286,0.1411763999999991,71,101,Trombone,Trombone _ 1,Trombone _ 1,24000,192
16.4117565,0.161764625,69,116,Trombone,Trombone _ 1,Trombone _ 1,24240,220
17.117638499999998,0.1411763999999991,72,110,Trombone,Trombone _ 1,Trombone _ 1,25200,192
17.294109,0.1411763999999991,73,102,Trombone,Trombone _ 1,Trombone _ 1,25440,192
17.470579499999996,0.14117640000000264,72,112,Trombone,Trombone _ 1,Trombone _ 1,25680,192
17.647049999999997,0.28235280000000174,73,108,Trombone,Trombone _ 1,Trombone _ 1,25920,384
17.999990999999998,0.2823527999999982,72,111,Trombone,Trombone _ 1,Trombone _ 1,26400,384
18.352932,0.1411763999999991,73,111,Trombone,Trombone _ 1,Trombone _ 1,26880,192
18.529402499999996,0.28235280000000174,72,110,Trombone,Trombone _ 1,Trombone _ 1,27120,384
18.882343499999998,0.28235280000000174,73,116,Trombone,Trombone _ 1,Trombone _ 1,27600,384
19.2352845,0.4235291999999973,73,112,Trombone,Trombone _ 1,Trombone _ 1,28080,576
19.764695999999997,0.28235280000000174,74,112,Trombone,Trombone _ 1,Trombone _ 1,28800,384
20.117637,0.2823527999999982,74,113,Trombone,Trombone _ 1,Trombone _ 1,29280,384
20.470577999999996,0.14117640000000264,74,121,Trombone,Trombone _ 1,Trombone _ 1,29760,192
20.647048499999997,0.28235280000000174,74,110,Trombone,Trombone _ 1,Trombone _ 1,30000,384
20.999989499999998,0.5147056249999977,73,115,Trombone,Trombone _ 1,Trombone _ 1,30480,700
22.941164999999998,0.2823527999999982,73,110,Trombone,Trombone _ 1,Trombone _ 1,33120,384
23.294105999999996,0.28235280000000174,73,115,Trombone,Trombone _ 1,Trombone _ 1,33600,384
23.647046999999997,0.28235280000000174,73,115,Trombone,Trombone _ 1,Trombone _ 1,34080,384
23.999988,0.2823527999999982,73,111,Trombone,Trombone _ 1,Trombone _ 1,34560,384
24.352928999999996,0.14117640000000264,73,105,Trombone,Trombone _ 1,Trombone _ 1,35040,192
24.529399499999997,0.28235280000000174,73,113,Trombone,Trombone _ 1,Trombone _ 1,35280,384
24.882340499999998,0.4235292000000008,73,109,Trombone,Trombone _ 1,Trombone _ 1,35760,576
25.411751999999996,0.28235280000000174,73,117,Trombone,Trombone _ 1,Trombone _ 1,36480,384
25.764692999999998,0.2823527999999982,73,108,Trombone,Trombone _ 1,Trombone _ 1,36960,384
26.117634,0.2823527999999982,73,110,Trombone,Trombone _ 1,Trombone _ 1,37440,384
26.470574999999997,0.28235280000000174,76,113,Trombone,Trombone _ 1,Trombone _ 1,37920,384
26.823515999999998,0.5647055999999999,73,99,Trombone,Trombone _ 1,Trombone _ 1,38400,768
27.529397999999997,0.1411763999999991,71,114,Trombone,Trombone _ 1,Trombone _ 1,39360,192
27.705868499999998,0.161764625,69,102,Trombone,Trombone _ 1,Trombone _ 1,39600,220
28.588220999999997,0.1411763999999991,73,108,Trombone,Trombone _ 1,Trombone _ 1,40800,192
28.764691499999998,0.1411763999999991,72,120,Trombone,Trombone _ 1,Trombone _ 1,41040,192
28.941162,0.4235291999999973,73,110,Trombone,Trombone _ 1,Trombone _ 1,41280,576
29.470573499999997,0.1411763999999991,72,115,Trombone,Trombone _ 1,Trombone _ 1,42000,192
29.647043999999998,0.1411763999999991,73,96,Trombone,Trombone _ 1,Trombone _ 1,42240,192
29.823514499999998,0.1411763999999991,72,111,Trombone,Trombone _ 1,Trombone _ 1,42480,192
29.999984999999995,0.6911761250000019,73,111,Trombone,Trombone _ 1,Trombone _ 1,42720,940
30.882337499999995,0.1411763999999991,69,110,Trombone,Trombone _ 1,Trombone _ 1,43920,192
31.058807999999996,0.2823527999999982,74,110,Trombone,Trombone _ 1,Trombone _ 1,44160,384
31.411748999999997,0.2823527999999982,74,124,Trombone,Trombone _ 1,Trombone _ 1,44640,384
31.764689999999998,0.2823527999999982,74,109,Trombone,Trombone _ 1,Trombone _ 1,45120,384
32.117631,0.1411763999999991,74,111,Trombone,Trombone _ 1,Trombone _ 1,45600,192
32.294101500000004,0.867646624999999,73,100,Trombone,Trombone _ 1,Trombone _ 1,45840,1180
33.882336,0.2823527999999982,76,110,Trombone,Trombone _ 1,Trombone _ 1,48000,384
34.235277,0.2823527999999982,76,97,Trombone,Trombone _ 1,Trombone _ 1,48480,384
34.588218,0.1411763999999991,76,110,Trombone,Trombone _ 1,Trombone _ 1,48960,192
34.7646885,0.2823528000000053,76,116,Trombone,Trombone _ 1,Trombone _ 1,49200,384
35.1176295,0.4235291999999973,74,110,Trombone,Trombone _ 1,Trombone _ 1,49680,576
35.647041,0.2823527999999982,74,110,Trombone,Trombone _ 1,Trombone _ 1,50400,384
35.999982,0.2823527999999982,73,96,Trombone,Trombone _ 1,Trombone _ 1,50880,384
36.352923,0.2823528000000053,71,110,Trombone,Trombone _ 1,Trombone _ 1,51360,384
36.705864,0.5647056000000035,74,124,Trombone,Trombone _ 1,Trombone _ 1,51840,768
37.411746,0.2823527999999982,73,111,Trombone,Trombone _ 1,Trombone _ 1,52800,384
37.764687,0.3382351249999971,71,100,Trombone,Trombone _ 1,Trombone _ 1,53280,460
38.82351,0.1411763999999991,73,109,Trombone,Trombone _ 1,Trombone _ 1,54720,192
38.9999805,0.2823527999999982,74,114,Trombone,Trombone _ 1,Trombone _ 1,54960,384
39.3529215,0.4235291999999973,76,99,Trombone,Trombone _ 1,Trombone _ 1,55440,576
39.882333,0.2823527999999982,76,114,Trombone,Trombone _ 1,Trombone _ 1,56160,384
40.235274,0.2823528000000053,76,117,Trombone,Trombone _ 1,Trombone _ 1,56640,384
40.588215,0.2823528000000053,76,116,Trombone,Trombone _ 1,Trombone _ 1,57120,384
40.941156,0.2823527999999982,74,105,Trombone,Trombone _ 1,Trombone _ 1,57600,384
41.294097,0.2823527999999982,74,114,Trombone,Trombone _ 1,Trombone _ 1,58080,384
41.647038,0.2823527999999982,73,121,Trombone,Trombone _ 1,Trombone _ 1,58560,384
41.999979,0.2823527999999982,71,99,Trombone,Trombone _ 1,Trombone _ 1,59040,384
42.35292,0.5647056000000035,74,125,Trombone,Trombone _ 1,Trombone _ 1,59520,768
43.058802,0.2823527999999982,73,119,Trombone,Trombone _ 1,Trombone _ 1,60480,384
43.411743,0.3382351249999971,71,111,Trombone,Trombone _ 1,Trombone _ 1,60960,460
45.176448,0.2823527999999982,76,107,Trombone,Trombone _ 1,Trombone _ 1,63360,384
45.529389,0.1411763999999991,76,110,Trombone,Trombone _ 1,Trombone _ 1,63840,192
45.7058595,0.2823527999999982,76,109,Trombone,Trombone _ 1,Trombone _ 1,64080,384
46.0588005,0.2823528000000053,76,109,Trombone,Trombone _ 1,Trombone _ 1,64560,384
46.4117415,0.1411763999999991,76,116,Trombone,Trombone _ 1,Trombone _ 1,65040,192
46.588212,0.2823527999999982,74,110,Trombone,Trombone _ 1,Trombone _ 1,65280,384
46.941153,0.2823527999999982,74,122,Trombone,Trombone _ 1,Trombone _ 1,65760,384
47.294094,0.2823527999999982,73,114,Trombone,Trombone _ 1,Trombone _ 1,66240,384
47.647035,0.2823527999999982,71,108,Trombone,Trombone _ 1,Trombone _ 1,66720,384
47.999976,0.5647056000000035,74,123,Trombone,Trombone _ 1,Trombone _ 1,67200,768
48.705858,0.2823527999999982,73,109,Trombone,Trombone _ 1,Trombone _ 1,68160,384
49.058799,0.3382351249999971,71,116,Trombone,Trombone _ 1,Trombone _ 1,68640,460
50.117622,0.2823528000000053,76,101,Trombone,Trombone _ 1,Trombone _ 1,70080,384
50.470563,0.2823527999999982,76,110,Trombone,Trombone _ 1,Trombone _ 1,70560,384
50.823504,1.1294111999999998,81,115,Trombone,Trombone _ 1,Trombone _ 1,71040,1536
52.235268,0.1411763999999991,76,117,Trombone,Trombone _ 1,Trombone _ 1,72960,192
52.4117385,0.4235292000000044,73,106,Trombone,Trombone _ 1,Trombone _ 1,73200,576
52.94115,0.1411763999999991,73,115,Trombone,Trombone _ 1,Trombone _ 1,73920,192
53.1176205,0.4235291999999973,71,109,Trombone,Trombone _ 1,Trombone _ 1,74160,576
53.647032,0.3382351249999971,69,110,Trombone,Trombone _ 1,Trombone _ 1,74880,460
56.823501,0.2823527999999982,73,110,Trombone,Trombone _ 1,Trombone _ 1,79200,384
57.176442,0.2823527999999982,73,108,Trombone,Trombone _ 1,Trombone _ 1,79680,384
57.529383,0.2823527999999982,73,96,Trombone,Trombone _ 1,Trombone _ 1,80160,384
57.882324,0.2823528000000053,73,110,Trombone,Trombone _ 1,Trombone _ 1,80640,384
58.235265,0.1411763999999991,73,109,Trombone,Trombone _ 1,Trombone _ 1,81120,192
58.4117355,0.4235291999999973,73,103,Trombone,Trombone _ 1,Trombone _ 1,81360,576
58.941147,0.2823527999999982,73,110,Trombone,Trombone _ 1,Trombone _ 1,82080,384
59.294088,0.2823527999999982,73,108,Trombone,Trombone _ 1,Trombone _ 1,82560,384
59.647028999999996,0.2823528000000053,73,111,Trombone,Trombone _ 1,Trombone _ 1,83040,384
59.99997,0.1411763999999991,73,112,Trombone,Trombone _ 1,Trombone _ 1,83520,192
60.1764405,0.4235292000000044,76,97,Trombone,Trombone _ 1,Trombone _ 1,83760,576
60.705852,0.5647055999999964,73,110,Trombone,Trombone _ 1,Trombone _ 1,84480,768
61.411733999999996,0.1411764000000062,71,119,Trombone,Trombone _ 1,Trombone _ 1,85440,192
61.588204499999996,0.16176462500000355,69,109,Trombone,Trombone _ 1,Trombone _ 1,85680,220
62.470557,0.2823528000000053,73,109,Trombone,Trombone _ 1,Trombone _ 1,86880,384
62.823497999999994,0.2823528000000124,73,121,Trombone,Trombone _ 1,Trombone _ 1,87360,384
63.176438999999995,0.2823527999999982,73,104,Trombone,Trombone _ 1,Trombone _ 1,87840,384
63.529379999999996,0.2823527999999982,73,121,Trombone,Trombone _ 1,Trombone _ 1,88320,384
63.882321,0.2823527999999982,73,112,Trombone,Trombone _ 1,Trombone _ 1,88800,384
64.23526199999999,0.2823527999999982,73,110,Trombone,Trombone _ 1,Trombone _ 1,89280,384
64.588203,0.2823527999999982,73,118,Trombone,Trombone _ 1,Trombone _ 1,89760,384
64.941144,0.14117639999999199,74,107,Trombone,Trombone _ 1,Trombone _ 1,90240,192
65.11761449999999,0.4235292000000044,74,121,Trombone,Trombone _ 1,Trombone _ 1,90480,576
65.647026,0.2823527999999982,74,105,Trombone,Trombone _ 1,Trombone _ 1,91200,384
65.999967,0.14117639999999199,74,110,Trombone,Trombone _ 1,Trombone _ 1,91680,192
66.17643749999999,0.5147056250000048,73,107,Trombone,Trombone _ 1,Trombone _ 1,91920,700
68.11761299999999,0.1411764000000062,73,112,Trombone,Trombone _ 1,Trombone _ 1,94560,192
68.29408349999999,0.4235292000000044,73,121,Trombone,Trombone _ 1,Trombone _ 1,94800,576
68.823495,0.2823527999999982,73,106,Trombone,Trombone _ 1,Trombone _ 1,95520,384
69.176436,0.2823527999999982,73,120,Trombone,Trombone _ 1,Trombone _ 1,96000,384
69.529377,0.14117639999999199,73,110,Trombone,Trombone _ 1,Trombone _ 1,96480,192
69.70584749999999,0.2823527999999982,73,96,Trombone,Trombone _ 1,Trombone _ 1,96720,384
70.05878849999999,0.4235292000000044,73,106,Trombone,Trombone _ 1,Trombone _ 1,97200,576
70.58819999999999,0.2823527999999982,73,103,Trombone,Trombone _ 1,Trombone _ 1,97920,384
70.94114099999999,0.2823527999999982,73,110,Trombone,Trombone _ 1,Trombone _ 1,98400,384
71.29408199999999,0.2823527999999982,73,110,Trombone,Trombone _ 1,Trombone _ 1,98880,384
71.64702299999999,0.2823527999999982,76,105,Trombone,Trombone _ 1,Trombone _ 1,99360,384
71.99996399999999,0.5647055999999964,73,120,Trombone,Trombone _ 1,Trombone _ 1,99840,768
72.705846,0.14117639999999199,71,115,Trombone,Trombone _ 1,Trombone _ 1,100800,192
72.88231649999999,0.16176462500000355,69,112,Trombone,Trombone _ 1,Trombone _ 1,101040,220
73.58819849999999,0.1411764000000062,72,122,Trombone,Trombone _ 1,Trombone _ 1,102000,192
73.764669,0.14117639999999199,73,107,Trombone,Trombone _ 1,Trombone _ 1,102240,192
73.94113949999999,0.1411764000000062,72,110,Trombone,Trombone _ 1,Trombone _ 1,102480,192
74.11760999999998,0.4235292000000044,73,100,Trombone,Trombone _ 1,Trombone _ 1,102720,576
74.6470215,0.14117639999999199,72,108,Trombone,Trombone _ 1,Trombone _ 1,103440,192
74.82349199999999,0.1411764000000062,73,110,Trombone,Trombone _ 1,Trombone _ 1,103680,192
74.9999625,0.14117639999999199,72,114,Trombone,Trombone _ 1,Trombone _ 1,103920,192
75.17643299999999,0.1411764000000062,72,115,Trombone,Trombone _ 1,Trombone _ 1,104160,192
75.3529035,0.5147056249999906,73,117,Trombone,Trombone _ 1,Trombone _ 1,104400,700
76.05878549999998,0.1411764000000062,69,122,Trombone,Trombone _ 1,Trombone _ 1,105360,192
76.23525599999999,0.14117639999999199,74,104,Trombone,Trombone _ 1,Trombone _ 1,105600,192
76.41172649999999,0.2823527999999982,74,110,Trombone,Trombone _ 1,Trombone _ 1,105840,384
76.76466749999999,0.4235292000000044,74,106,Trombone,Trombone _ 1,Trombone _ 1,106320,576
77.294079,0.14117639999999199,74,124,Trombone,Trombone _ 1,Trombone _ 1,107040,192
77.47054949999999,0.8676466250000061,73,109,Trombone,Trombone _ 1,Trombone _ 1,107280,1180
79.05878399999999,0.2823527999999982,76,113,Trombone,Trombone _ 1,Trombone _ 1,109440,384
79.41172499999999,0.2823527999999982,76,112,Trombone,Trombone _ 1,Trombone _ 1,109920,384
79.76466599999999,0.1411764000000062,76,112,Trombone,Trombone _ 1,Trombone _ 1,110400,192
79.94113649999998,0.2823528000000124,76,115,Trombone,Trombone _ 1,Trombone _ 1,110640,384
80.29407749999999,0.4235292000000044,74,112,Trombone,Trombone _ 1,Trombone _ 1,111120,576
80.823489,0.2823527999999982,74,124,Trombone,Trombone _ 1,Trombone _ 1,111840,384
81.17643,0.2823527999999982,73,110,Trombone,Trombone _ 1,Trombone _ 1,112320,384
81.529371,0.2823527999999982,71,101,Trombone,Trombone _ 1,Trombone _ 1,112800,384
81.88231199999998,0.5647056000000106,74,117,Trombone,Trombone _ 1,Trombone _ 1,113280,768
82.58819399999999,0.2823527999999982,73,108,Trombone,Trombone _ 1,Trombone _ 1,114240,384
82.94113499999999,0.3382351249999971,71,111,Trombone,Trombone _ 1,Trombone _ 1,114720,460
83.99995799999999,0.14117639999999199,73,110,Trombone,Trombone _ 1,Trombone _ 1,116160,192
84.17642849999999,0.2823527999999982,74,110,Trombone,Trombone _ 1,Trombone _ 1,116400,384
84.52936949999999,0.4235292000000044,76,124,Trombone,Trombone _ 1,Trombone _ 1,116880,576
85.058781,0.2823527999999982,76,104,Trombone,Trombone _ 1,Trombone _ 1,117600,384
85.411722,0.2823527999999982,76,110,Trombone,Trombone _ 1,Trombone _ 1,118080,384
85.76466299999998,0.2823528000000124,76,108,Trombone,Trombone _ 1,Trombone _ 1,118560,384
86.11760399999999,0.2823527999999982,74,107,Trombone,Trombone _ 1,Trombone _ 1,119040,384
86.47054499999999,0.2823527999999982,74,107,Trombone,Trombone _ 1,Trombone _ 1,119520,384
86.82348599999999,0.2823527999999982,73,100,Trombone,Trombone _ 1,Trombone _ 1,120000,384
87.17642699999999,0.2823527999999982,71,110,Trombone,Trombone _ 1,Trombone _ 1,120480,384
87.52936799999999,0.5647055999999964,74,112,Trombone,Trombone _ 1,Trombone _ 1,120960,768
88.23525,0.2823527999999982,73,109,Trombone,Trombone _ 1,Trombone _ 1,121920,384
88.588191,0.3382351249999971,71,119,Trombone,Trombone _ 1,Trombone _ 1,122400,460
90.35289599999999,0.2823527999999982,76,110,Trombone,Trombone _ 1,Trombone _ 1,124800,384
90.70583699999999,0.1411764000000062,76,106,Trombone,Trombone _ 1,Trombone _ 1,125280,192
90.8823075,0.2823527999999982,76,108,Trombone,Trombone _ 1,Trombone _ 1,125520,384
91.2352485,0.2823527999999982,76,98,Trombone,Trombone _ 1,Trombone _ 1,126000,384
91.58818949999998,0.1411764000000062,76,119,Trombone,Trombone _ 1,Trombone _ 1,126480,192
91.76465999999999,0.2823527999999982,74,112,Trombone,Trombone _ 1,Trombone _ 1,126720,384
92.117601,0.2823527999999982,74,109,Trombone,Trombone _ 1,Trombone _ 1,127200,384
92.470542,0.2823527999999982,73,113,Trombone,Trombone _ 1,Trombone _ 1,127680,384
92.823483,0.2823527999999982,71,102,Trombone,Trombone _ 1,Trombone _ 1,128160,384
93.176424,0.5647055999999964,74,121,Trombone,Trombone _ 1,Trombone _ 1,128640,768
93.88230599999999,0.2823527999999982,73,112,Trombone,Trombone _ 1,Trombone _ 1,129600,384
94.23524699999999,0.3382351249999971,71,110,Trombone,Trombone _ 1,Trombone _ 1,130080,460
95.29406999999999,0.2823527999999982,76,109,Trombone,Trombone _ 1,Trombone _ 1,131520,384
95.64701099999999,0.2823527999999982,76,110,Trombone,Trombone _ 1,Trombone _ 1,132000,384
95.999952,1.1294111999999927,81,100,Trombone,Trombone _ 1,Trombone _ 1,132480,1536
97.41171599999998,0.1411764000000062,76,96,Trombone,Trombone _ 1,Trombone _ 1,134400,192
97.58818649999999,0.4235292000000044,73,110,Trombone,Trombone _ 1,Trombone _ 1,134640,576
98.11759799999999,0.1411764000000062,73,100,Trombone,Trombone _ 1,Trombone _ 1,135360,192
98.2940685,0.42352919999999017,71,110,Trombone,Trombone _ 1,Trombone _ 1,135600,576
98.82347999999999,0.3382351249999971,69,96,Trombone,Trombone _ 1,Trombone _ 1,136320,460
101.99994899999999,0.1411764000000062,73,110,Trombone,Trombone _ 1,Trombone _ 1,140640,192
102.1764195,0.42352919999999017,73,110,Trombone,Trombone _ 1,Trombone _ 1,140880,576
102.70583099999999,0.2823527999999982,73,118,Trombone,Trombone _ 1,Trombone _ 1,141600,384
103.05877199999999,0.2823527999999982,73,117,Trombone,Trombone _ 1,Trombone _ 1,142080,384
103.41171299999999,0.14117639999999199,73,110,Trombone,Trombone _ 1,Trombone _ 1,142560,192
103.58818349999999,0.2823527999999982,73,108,Trombone,Trombone _ 1,Trombone _ 1,142800,384
103.94112449999999,0.4235292000000044,73,96,Trombone,Trombone _ 1,Trombone _ 1,143280,576
104.470536,0.2823527999999982,73,118,Trombone,Trombone _ 1,Trombone _ 1,144000,384
104.823477,0.14117639999999199,73,110,Trombone,Trombone _ 1,Trombone _ 1,144480,192
104.99994749999999,0.2823527999999982,73,101,Trombone,Trombone _ 1,Trombone _ 1,144720,384
105.35288849999999,0.2823527999999982,76,98,Trombone,Trombone _ 1,Trombone _ 1,145200,384
105.7058295,0.7058820000000026,73,116,Trombone,Trombone _ 1,Trombone _ 1,145680,960
106.58818199999999,0.1411764000000062,71,119,Trombone,Trombone _ 1,Trombone _ 1,146880,192
106.7646525,0.16176462499998934,69,109,Trombone,Trombone _ 1,Trombone _ 1,147120,220
107.47053449999999,0.1411764000000062,72,113,Trombone,Trombone _ 1,Trombone _ 1,148080,192
107.647005,0.14117639999999199,73,110,Trombone,Trombone _ 1,Trombone _ 1,148320,192
107.82347549999999,0.1411764000000062,72,117,Trombone,Trombone _ 1,Trombone _ 1,148560,192
107.999946,0.2823527999999982,73,110,Trombone,Trombone _ 1,Trombone _ 1,148800,384
108.352887,0.2823527999999982,72,123,Trombone,Trombone _ 1,Trombone _ 1,149280,384
108.705828,0.14117639999999199,73,97,Trombone,Trombone _ 1,Trombone _ 1,149760,192
108.88229849999999,0.2823527999999982,72,105,Trombone,Trombone _ 1,Trombone _ 1,150000,384
109.23523949999999,0.2823527999999982,73,110,Trombone,Trombone _ 1,Trombone _ 1,150480,384
109.58818049999999,0.42352919999999017,73,96,Trombone,Trombone _ 1,Trombone _ 1,150960,576
110.11759199999999,0.2823527999999982,74,110,Trombone,Trombone _ 1,Trombone _ 1,151680,384
110.47053299999999,0.2823527999999982,74,97,Trombone,Trombone _ 1,Trombone _ 1,152160,384
110.82347399999999,0.1411764000000062,74,106,Trombone,Trombone _ 1,Trombone _ 1,152640,192
110.99994449999998,0.2823528000000124,74,119,Trombone,Trombone _ 1,Trombone _ 1,152880,384
111.35288549999999,0.8676466250000061,73,115,Trombone,Trombone _ 1,Trombone _ 1,153360,1180
113.29406099999999,0.2823527999999982,73,114,Trombone,Trombone _ 1,Trombone _ 1,156000,384
113.64700199999999,0.2823527999999982,73,109,Trombone,Trombone _ 1,Trombone _ 1,156480,384
113.99994299999999,0.2823527999999982,73,99,Trombone,Trombone _ 1,Trombone _ 1,156960,384
114.35288399999999,0.2823527999999982,73,110,Trombone,Trombone _ 1,Trombone _ 1,157440,384
114.70582499999999,0.1411764000000062,73,110,Trombone,Trombone _ 1,Trombone _ 1,157920,192
114.88229549999998,0.2823528000000124,73,111,Trombone,Trombone _ 1,Trombone _ 1,158160,384
115.23523649999998,0.4235292000000044,73,104,Trombone,Trombone _ 1,Trombone _ 1,158640,576
115.764648,0.2823527999999982,73,112,Trombone,Trombone _ 1,Trombone _ 1,159360,384
116.117589,0.2823527999999982,73,110,Trombone,Trombone _ 1,Trombone _ 1,159840,384
116.47053,0.2823527999999982,73,110,Trombone,Trombone _ 1,Trombone _ 1,160320,384
116.82347099999998,0.2823528000000124,76,110,Trombone,Trombone _ 1,Trombone _ 1,160800,384
117.17641199999998,0.5647056000000106,73,109,Trombone,Trombone _ 1,Trombone _ 1,161280,768
117.88229399999999,0.1411764000000062,71,107,Trombone,Trombone _ 1,Trombone _ 1,162240,192
118.0587645,0.16176462499998934,69,125,Trombone,Trombone _ 1,Trombone _ 1,162480,220
118.94111699999999,0.14117639999999199,73,111,Trombone,Trombone _ 1,Trombone _ 1,163680,192
119.11758749999998,0.1411764000000062,72,111,Trombone,Trombone _ 1,Trombone _ 1,163920,192
119.29405799999999,0.42352919999999017,73,110,Trombone,Trombone _ 1,Trombone _ 1,164160,576
119.82346949999999,0.1411764000000062,72,98,Trombone,Trombone _ 1,Trombone _ 1,164880,192
119.99994,0.14117639999999199,73,110,Trombone,Trombone _ 1,Trombone _ 1,165120,192
120.17641049999999,0.1411764000000062,72,118,Trombone,Trombone _ 1,Trombone _ 1,165360,192
120.35288099999998,0.6911761250000126,73,109,Trombone,Trombone _ 1,Trombone _ 1,165600,940
121.23523349999999,0.14117639999999199,69,107,Trombone,Trombone _ 1,Trombone _ 1,166800,192
121.41170399999999,0.2823527999999982,74,112,Trombone,Trombone _ 1,Trombone _ 1,167040,384
121.76464499999999,0.2823527999999982,74,104,Trombone,Trombone _ 1,Trombone _ 1,167520,384
122.11758599999999,0.2823527999999982,74,117,Trombone,Trombone _ 1,Trombone _ 1,168000,384
122.47052699999999,0.1411764000000062,74,121,Trombone,Trombone _ 1,Trombone _ 1,168480,192
122.64699749999998,0.8676466250000061,73,102,Trombone,Trombone _ 1,Trombone _ 1,168720,1180
124.23523199999998,0.2823528000000124,76,105,Trombone,Trombone _ 1,Trombone _ 1,170880,384
124.58817299999998,0.2823528000000124,76,95,Trombone,Trombone _ 1,Trombone _ 1,171360,384
124.94111399999998,0.1411764000000062,76,110,Trombone,Trombone _ 1,Trombone _ 1,171840,192
125.11758449999999,0.2823527999999982,76,103,Trombone,Trombone _ 1,Trombone _ 1,172080,384
125.4705255,0.42352919999999017,74,120,Trombone,Trombone _ 1,Trombone _ 1,172560,576
125.99993699999999,0.2823527999999982,74,107,Trombone,Trombone _ 1,Trombone _ 1,173280,384
126.35287799999999,0.2823527999999982,73,116,Trombone,Trombone _ 1,Trombone _ 1,173760,384
126.70581899999999,0.28235279999998397,71,119,Trombone,Trombone _ 1,Trombone _ 1,174240,384
127.05875999999998,0.5647056000000248,74,109,Trombone,Trombone _ 1,Trombone _ 1,174720,768
127.76464199999998,0.2823528000000124,73,105,Trombone,Trombone _ 1,Trombone _ 1,175680,384
128.117583,0.3382351249999829,71,110,Trombone,Trombone _ 1,Trombone _ 1,176160,460
129.176406,0.1411764000000062,73,111,Trombone,Trombone _ 1,Trombone _ 1,177600,192
129.35287649999998,0.2823528000000124,74,119,Trombone,Trombone _ 1,Trombone _ 1,177840,384
129.7058175,0.42352919999999017,76,115,Trombone,Trombone _ 1,Trombone _ 1,178320,576
130.23522899999998,0.2823528000000124,76,124,Trombone,Trombone _ 1,Trombone _ 1,179040,384
130.58817,0.28235279999998397,76,118,Trombone,Trombone _ 1,Trombone _ 1,179520,384
130.94111099999998,0.2823528000000124,76,110,Trombone,Trombone _ 1,Trombone _ 1,180000,384
131.294052,0.28235279999998397,74,109,Trombone,Trombone _ 1,Trombone _ 1,180480,384
131.64699299999998,0.2823528000000124,74,117,Trombone,Trombone _ 1,Trombone _ 1,180960,384
131.999934,0.28235279999998397,73,110,Trombone,Trombone _ 1,Trombone _ 1,181440,384
132.35287499999998,0.2823528000000124,71,105,Trombone,Trombone _ 1,Trombone _ 1,181920,384
132.705816,0.5647055999999964,74,103,Trombone,Trombone _ 1,Trombone _ 1,182400,768
133.411698,0.28235279999998397,73,110,Trombone,Trombone _ 1,Trombone _ 1,183360,384
133.764639,0.3382351250000113,71,122,Trombone,Trombone _ 1,Trombone _ 1,183840,460
135.52934399999998,0.2823528000000124,76,104,Trombone,Trombone _ 1,Trombone _ 1,186240,384
135.882285,0.1411764000000062,76,119,Trombone,Trombone _ 1,Trombone _ 1,186720,192
136.0587555,0.2823528000000124,76,111,Trombone,Trombone _ 1,Trombone _ 1,186960,384
136.41169649999998,0.2823528000000124,76,111,Trombone,Trombone _ 1,Trombone _ 1,187440,384
136.7646375,0.1411764000000062,76,123,Trombone,Trombone _ 1,Trombone _ 1,187920,192
136.94110799999999,0.2823528000000124,74,117,Trombone,Trombone _ 1,Trombone _ 1,188160,384
137.294049,0.28235279999998397,74,117,Trombone,Trombone _ 1,Trombone _ 1,188640,384
137.64699,0.2823528000000124,73,108,Trombone,Trombone _ 1,Trombone _ 1,189120,384
137.99993099999998,0.2823528000000124,71,105,Trombone,Trombone _ 1,Trombone _ 1,189600,384
138.352872,0.5647055999999964,74,107,Trombone,Trombone _ 1,Trombone _ 1,190080,768
139.058754,0.28235279999998397,73,120,Trombone,Trombone _ 1,Trombone _ 1,191040,384
139.41169499999998,0.3382351250000113,71,110,Trombone,Trombone _ 1,Trombone _ 1,191520,460
140.470518,0.28235279999998397,76,115,Trombone,Trombone _ 1,Trombone _ 1,192960,384
140.82345899999999,0.2823528000000124,76,115,Trombone,Trombone _ 1,Trombone _ 1,193440,384
141.1764,1.1294111999999927,81,110,Trombone,Trombone _ 1,Trombone _ 1,193920,1536
142.58816399999998,0.1411764000000062,76,122,Trombone,Trombone _ 1,Trombone _ 1,195840,192
142.7646345,0.42352919999999017,73,124,Trombone,Trombone _ 1,Trombone _ 1,196080,576
143.29404599999998,0.1411764000000062,73,118,Trombone,Trombone _ 1,Trombone _ 1,196800,192
143.4705165,0.42352919999999017,71,109,Trombone,Trombone _ 1,Trombone _ 1,197040,576
143.99992799999998,0.3382351250000113,69,97,Trombone,Trombone _ 1,Trombone _ 1,197760,460
145.411692,0.3382351250000113,78,106,Trombone,Trombone _ 1,Trombone _ 1,199680,460
146.823456,0.5647055999999964,76,110,Trombone,Trombone _ 1,Trombone _ 1,201600,768
147.529338,0.5647055999999964,73,110,Trombone,Trombone _ 1,Trombone _ 1,202560,768
148.23522,1.2800000000000011,73,110,Trombone,Trombone _ 1,Trombone _ 1,203520,1536
0.0,0.6911761249999999,74,96,Trombone,Trombone _ 1,Trombone _ 1,1920,940
0.0,0.6911761249999999,78,112,Trombone,Trombone _ 1,Trombone _ 1,1920,940
2.8235279999999996,0.6911761250000001,79,110,Trombone,Trombone _ 1,Trombone _ 1,5760,940
2.8235279999999996,0.6911761250000001,74,108,Trombone,Trombone _ 1,Trombone _ 1,5760,940
5.647056,0.6911761250000001,80,110,Trombone,Trombone _ 1,Trombone _ 1,9600,940
5.647056,0.6911761250000001,76,110,Trombone,Trombone _ 1,Trombone _ 1,9600,940
8.470584,0.42352919999999905,85,122,Trombone,Trombone _ 1,Trombone _ 1,13440,576
8.470584,0.42352919999999905,76,97,Trombone,Trombone _ 1,Trombone _ 1,13440,576
8.999995499999999,0.14117640000000087,83,110,Trombone,Trombone _ 1,Trombone _ 1,14160,192
8.999995499999999,0.14117640000000087,74,114,Trombone,Trombone _ 1,Trombone _ 1,14160,192
9.176466,0.33823512500000064,81,107,Trombone,Trombone _ 1,Trombone _ 1,14400,460
9.176466,0.33823512500000064,73,110,Trombone,Trombone _ 1,Trombone _ 1,14400,460
11.294112,1.6470579999999995,69,101,Trombone,Trombone _ 1,Trombone _ 1,17280,2240
13.058817,0.14117640000000087,69,101,Trombone,Trombone _ 1,Trombone _ 1,19680,192
13.2352875,0.42352919999999905,71,106,Trombone,Trombone _ 1,Trombone _ 1,19920,576
13.764699,0.28235279999999996,69,110,Trombone,Trombone _ 1,Trombone _ 1,20640,384
14.11764,1.397058125000001,68,110,Trombone,Trombone _ 1,Trombone _ 1,21120,1900
15.882344999999999,0.28235280000000174,73,109,Trombone,Trombone _ 1,Trombone _ 1,23520,384
16.235286,0.1411763999999991,76,106,Trombone,Trombone _ 1,Trombone _ 1,24000,192
16.4117565,0.4235291999999973,73,111,Trombone,Trombone _ 1,Trombone _ 1,24240,576
16.941167999999998,2.102940125,69,114,Trombone,Trombone _ 1,Trombone _ 1,24960,2860
19.764695999999997,0.28235280000000174,69,100,Trombone,Trombone _ 1,Trombone _ 1,28800,384
20.117637,0.2823527999999982,69,110,Trombone,Trombone _ 1,Trombone _ 1,29280,384
20.470577999999996,0.14117640000000264,71,102,Trombone,Trombone _ 1,Trombone _ 1,29760,192
20.647048499999997,0.28235280000000174,71,114,Trombone,Trombone _ 1,Trombone _ 1,30000,384
20.999989499999998,0.5147056249999977,69,104,Trombone,Trombone _ 1,Trombone _ 1,30480,700
22.588223999999997,1.6235286000000002,69,113,Trombone,Trombone _ 1,Trombone _ 1,32640,2208
24.352928999999996,0.28235280000000174,69,109,Trombone,Trombone _ 1,Trombone _ 1,35040,384
24.705869999999997,0.2823527999999982,71,109,Trombone,Trombone _ 1,Trombone _ 1,35520,384
25.058811,0.2823527999999982,69,109,Trombone,Trombone _ 1,Trombone _ 1,36000,384
25.411751999999996,1.397058125000001,68,107,Trombone,Trombone _ 1,Trombone _ 1,36480,1900
27.176456999999996,0.28235280000000174,73,122,Trombone,Trombone _ 1,Trombone _ 1,38880,384
27.529397999999997,0.1411763999999991,76,110,Trombone,Trombone _ 1,Trombone _ 1,39360,192
27.705868499999998,0.1411763999999991,73,98,Trombone,Trombone _ 1,Trombone _ 1,39600,192
27.882338999999998,0.2823527999999982,71,107,Trombone,Trombone _ 1,Trombone _ 1,39840,384
28.235279999999996,1.397058125000001,69,110,Trombone,Trombone _ 1,Trombone _ 1,40320,1900
30.882337499999995,0.1411763999999991,69,107,Trombone,Trombone _ 1,Trombone _ 1,43920,192
31.058807999999996,0.2823527999999982,69,110,Trombone,Trombone _ 1,Trombone _ 1,44160,384
31.411748999999997,0.2823527999999982,69,100,Trombone,Trombone _ 1,Trombone _ 1,44640,384
31.764689999999998,0.2823527999999982,71,107,Trombone,Trombone _ 1,Trombone _ 1,45120,384
32.117631,0.1411763999999991,71,108,Trombone,Trombone _ 1,Trombone _ 1,45600,192
32.294101500000004,0.5147056249999977,69,110,Trombone,Trombone _ 1,Trombone _ 1,45840,700
45.176448,0.2823527999999982,83,106,Trombone,Trombone _ 1,Trombone _ 1,63360,384
45.176448,0.2823527999999982,80,115,Trombone,Trombone _ 1,Trombone _ 1,63360,384
45.529389,0.1411763999999991,83,111,Trombone,Trombone _ 1,Trombone _ 1,63840,192
45.529389,0.1411763999999991,80,105,Trombone,Trombone _ 1,Trombone _ 1,63840,192
45.7058595,0.2823527999999982,83,115,Trombone,Trombone _ 1,Trombone _ 1,64080,384
45.7058595,0.2823527999999982,80,119,Trombone,Trombone _ 1,Trombone _ 1,64080,384
46.0588005,0.2823528000000053,83,106,Trombone,Trombone _ 1,Trombone _ 1,64560,384
46.0588005,0.2823528000000053,80,111,Trombone,Trombone _ 1,Trombone _ 1,64560,384
46.4117415,0.4235292000000044,81,118,Trombone,Trombone _ 1,Trombone _ 1,65040,576
46.4117415,0.4235292000000044,78,109,Trombone,Trombone _ 1,Trombone _ 1,65040,576
46.941153,0.2823527999999982,81,96,Trombone,Trombone _ 1,Trombone _ 1,65760,384
46.941153,0.2823527999999982,78,98,Trombone,Trombone _ 1,Trombone _ 1,65760,384
47.294094,0.2823527999999982,80,99,Trombone,Trombone _ 1,Trombone _ 1,66240,384
47.294094,0.2823527999999982,76,98,Trombone,Trombone _ 1,Trombone _ 1,66240,384
47.647035,0.2823527999999982,78,110,Trombone,Trombone _ 1,Trombone _ 1,66720,384
47.647035,0.2823527999999982,74,112,Trombone,Trombone _ 1,Trombone _ 1,66720,384
47.999976,0.5647056000000035,81,96,Trombone,Trombone _ 1,Trombone _ 1,67200,768
47.999976,0.5647056000000035,78,99,Trombone,Trombone _ 1,Trombone _ 1,67200,768
48.705858,0.2823527999999982,80,111,Trombone,Trombone _ 1,Trombone _ 1,68160,384
48.705858,0.2823527999999982,76,120,Trombone,Trombone _ 1,Trombone _ 1,68160,384
49.058799,0.3382351249999971,78,109,Trombone,Trombone _ 1,Trombone _ 1,68640,460
49.058799,0.3382351249999971,74,111,Trombone,Trombone _ 1,Trombone _ 1,68640,460
50.117622,0.2823528000000053,76,109,Trombone,Trombone _ 1,Trombone _ 1,70080,384
50.470563,0.2823527999999982,76,113,Trombone,Trombone _ 1,Trombone _ 1,70560,384
50.823504,1.1294111999999998,85,111,Trombone,Trombone _ 1,Trombone _ 1,71040,1536
52.235268,0.1411763999999991,83,118,Trombone,Trombone _ 1,Trombone _ 1,72960,192
52.4117385,0.4235292000000044,81,103,Trombone,Trombone _ 1,Trombone _ 1,73200,576
52.94115,0.1411763999999991,76,121,Trombone,Trombone _ 1,Trombone _ 1,73920,192
53.1176205,0.4235291999999973,74,101,Trombone,Trombone _ 1,Trombone _ 1,74160,576
53.647032,0.3382351249999971,73,110,Trombone,Trombone _ 1,Trombone _ 1,74880,460
56.47056,1.6470580000000012,69,122,Trombone,Trombone _ 1,Trombone _ 1,78720,2240
58.235265,0.1411763999999991,69,97,Trombone,Trombone _ 1,Trombone _ 1,81120,192
58.588206,0.2823527999999982,71,112,Trombone,Trombone _ 1,Trombone _ 1,81600,384
58.941147,0.2823527999999982,69,110,Trombone,Trombone _ 1,Trombone _ 1,82080,384
59.294088,1.3970581249999938,68,117,Trombone,Trombone _ 1,Trombone _ 1,82560,1900
61.058793,0.2823527999999982,73,107,Trombone,Trombone _ 1,Trombone _ 1,84960,384
61.411733999999996,0.1411764000000062,76,102,Trombone,Trombone _ 1,Trombone _ 1,85440,192
61.588204499999996,0.4235292000000044,73,110,Trombone,Trombone _ 1,Trombone _ 1,85680,576
62.117616,2.1029401249999964,69,108,Trombone,Trombone _ 1,Trombone _ 1,86400,2860
64.941144,0.14117639999999199,69,110,Trombone,Trombone _ 1,Trombone _ 1,90240,192
65.11761449999999,0.4235292000000044,69,109,Trombone,Trombone _ 1,Trombone _ 1,90480,576
65.647026,0.2823527999999982,71,110,Trombone,Trombone _ 1,Trombone _ 1,91200,384
65.999967,0.14117639999999199,71,114,Trombone,Trombone _ 1,Trombone _ 1,91680,192
66.17643749999999,0.5147056250000048,69,109,Trombone,Trombone _ 1,Trombone _ 1,91920,700
67.76467199999999,1.9764696000000015,69,110,Trombone,Trombone _ 1,Trombone _ 1,94080,2688
69.882318,0.2823527999999982,71,104,Trombone,Trombone _ 1,Trombone _ 1,96960,384
70.23525899999999,0.2823528000000124,69,125,Trombone,Trombone _ 1,Trombone _ 1,97440,384
70.58819999999999,1.397058125000001,68,110,Trombone,Trombone _ 1,Trombone _ 1,97920,1900
72.35290499999999,0.2823527999999982,73,102,Trombone,Trombone _ 1,Trombone _ 1,100320,384
72.705846,0.14117639999999199,76,110,Trombone,Trombone _ 1,Trombone _ 1,100800,192
72.88231649999999,0.1411764000000062,73,107,Trombone,Trombone _ 1,Trombone _ 1,101040,192
73.058787,0.2823527999999982,71,114,Trombone,Trombone _ 1,Trombone _ 1,101280,384
73.411728,1.397058125000001,69,101,Trombone,Trombone _ 1,Trombone _ 1,101760,1900
76.05878549999998,0.1411764000000062,69,117,Trombone,Trombone _ 1,Trombone _ 1,105360,192
76.23525599999999,0.14117639999999199,69,111,Trombone,Trombone _ 1,Trombone _ 1,105600,192
76.41172649999999,0.2823527999999982,69,119,Trombone,Trombone _ 1,Trombone _ 1,105840,384
76.76466749999999,0.4235292000000044,71,111,Trombone,Trombone _ 1,Trombone _ 1,106320,576
77.294079,0.14117639999999199,71,102,Trombone,Trombone _ 1,Trombone _ 1,107040,192
77.47054949999999,0.5147056250000048,69,114,Trombone,Trombone _ 1,Trombone _ 1,107280,700
90.35289599999999,0.2823527999999982,83,99,Trombone,Trombone _ 1,Trombone _ 1,124800,384
90.35289599999999,0.2823527999999982,80,110,Trombone,Trombone _ 1,Trombone _ 1,124800,384
90.70583699999999,0.1411764000000062,83,105,Trombone,Trombone _ 1,Trombone _ 1,125280,192
90.70583699999999,0.1411764000000062,80,119,Trombone,Trombone _ 1,Trombone _ 1,125280,192
90.8823075,0.2823527999999982,83,110,Trombone,Trombone _ 1,Trombone _ 1,125520,384
90.8823075,0.2823527999999982,80,114,Trombone,Trombone _ 1,Trombone _ 1,125520,384
91.2352485,0.2823527999999982,83,109,Trombone,Trombone _ 1,Trombone _ 1,126000,384
91.2352485,0.2823527999999982,80,110,Trombone,Trombone _ 1,Trombone _ 1,126000,384
91.58818949999998,0.4235292000000044,81,97,Trombone,Trombone _ 1,Trombone _ 1,126480,576
91.58818949999998,0.4235292000000044,78,100,Trombone,Trombone _ 1,Trombone _ 1,126480,576
92.117601,0.2823527999999982,81,122,Trombone,Trombone _ 1,Trombone _ 1,127200,384
92.117601,0.2823527999999982,78,105,Trombone,Trombone _ 1,Trombone _ 1,127200,384
92.470542,0.2823527999999982,80,110,Trombone,Trombone _ 1,Trombone _ 1,127680,384
92.470542,0.2823527999999982,76,104,Trombone,Trombone _ 1,Trombone _ 1,127680,384
92.823483,0.2823527999999982,78,120,Trombone,Trombone _ 1,Trombone _ 1,128160,384
92.823483,0.2823527999999982,74,110,Trombone,Trombone _ 1,Trombone _ 1,128160,384
93.176424,0.5647055999999964,81,113,Trombone,Trombone _ 1,Trombone _ 1,128640,768
93.176424,0.5647055999999964,78,98,Trombone,Trombone _ 1,Trombone _ 1,128640,768
93.88230599999999,0.2823527999999982,80,110,Trombone,Trombone _ 1,Trombone _ 1,129600,384
93.88230599999999,0.2823527999999982,76,113,Trombone,Trombone _ 1,Trombone _ 1,129600,384
94.23524699999999,0.3382351249999971,78,115,Trombone,Trombone _ 1,Trombone _ 1,130080,460
94.23524699999999,0.3382351249999971,74,115,Trombone,Trombone _ 1,Trombone _ 1,130080,460
95.29406999999999,0.2823527999999982,76,125,Trombone,Trombone _ 1,Trombone _ 1,131520,384
95.64701099999999,0.2823527999999982,76,120,Trombone,Trombone _ 1,Trombone _ 1,132000,384
95.999952,1.1294111999999927,85,108,Trombone,Trombone _ 1,Trombone _ 1,132480,1536
97.41171599999998,0.1411764000000062,83,103,Trombone,Trombone _ 1,Trombone _ 1,134400,192
97.58818649999999,0.4235292000000044,81,101,Trombone,Trombone _ 1,Trombone _ 1,134640,576
98.11759799999999,0.1411764000000062,76,108,Trombone,Trombone _ 1,Trombone _ 1,135360,192
98.2940685,0.42352919999999017,74,118,Trombone,Trombone _ 1,Trombone _ 1,135600,576
98.82347999999999,0.3382351249999971,73,110,Trombone,Trombone _ 1,Trombone _ 1,136320,460
112.94111999999998,1.6235286000000002,69,103,Trombone,Trombone _ 1,Trombone _ 1,155520,2208
114.70582499999999,0.2823527999999982,69,110,Trombone,Trombone _ 1,Trombone _ 1,157920,384
115.05876599999999,0.2823527999999982,71,108,Trombone,Trombone _ 1,Trombone _ 1,158400,384
115.41170699999999,0.2823527999999982,69,111,Trombone,Trombone _ 1,Trombone _ 1,158880,384
115.764648,1.397058125000001,68,111,Trombone,Trombone _ 1,Trombone _ 1,159360,1900
117.52935299999999,0.2823527999999982,73,99,Trombone,Trombone _ 1,Trombone _ 1,161760,384
117.88229399999999,0.1411764000000062,76,113,Trombone,Trombone _ 1,Trombone _ 1,162240,192
118.0587645,0.14117639999999199,73,110,Trombone,Trombone _ 1,Trombone _ 1,162480,192
118.23523499999999,0.2823527999999982,71,110,Trombone,Trombone _ 1,Trombone _ 1,162720,384
118.58817599999999,1.397058125000001,69,104,Trombone,Trombone _ 1,Trombone _ 1,163200,1900
121.23523349999999,0.14117639999999199,69,100,Trombone,Trombone _ 1,Trombone _ 1,166800,192
121.41170399999999,0.2823527999999982,69,107,Trombone,Trombone _ 1,Trombone _ 1,167040,384
121.76464499999999,0.2823527999999982,69,125,Trombone,Trombone _ 1,Trombone _ 1,167520,384
122.11758599999999,0.2823527999999982,71,101,Trombone,Trombone _ 1,Trombone _ 1,168000,384
122.47052699999999,0.1411764000000062,71,124,Trombone,Trombone _ 1,Trombone _ 1,168480,192
122.64699749999998,0.5147056250000048,69,125,Trombone,Trombone _ 1,Trombone _ 1,168720,700
135.52934399999998,0.2823528000000124,83,110,Trombone,Trombone _ 1,Trombone _ 1,186240,384
135.52934399999998,0.2823528000000124,80,110,Trombone,Trombone _ 1,Trombone _ 1,186240,384
135.882285,0.1411764000000062,83,100,Trombone,Trombone _ 1,Trombone _ 1,186720,192
135.882285,0.1411764000000062,80,122,Trombone,Trombone _ 1,Trombone _ 1,186720,192
136.0587555,0.2823528000000124,83,109,Trombone,Trombone _ 1,Trombone _ 1,186960,384
136.0587555,0.2823528000000124,80,111,Trombone,Trombone _ 1,Trombone _ 1,186960,384
136.41169649999998,0.2823528000000124,83,101,Trombone,Trombone _ 1,Trombone _ 1,187440,384
136.41169649999998,0.2823528000000124,80,124,Trombone,Trombone _ 1,Trombone _ 1,187440,384
136.7646375,0.42352919999999017,81,97,Trombone,Trombone _ 1,Trombone _ 1,187920,576
136.7646375,0.42352919999999017,78,109,Trombone,Trombone _ 1,Trombone _ 1,187920,576
137.294049,0.28235279999998397,81,114,Trombone,Trombone _ 1,Trombone _ 1,188640,384
137.294049,0.28235279999998397,78,117,Trombone,Trombone _ 1,Trombone _ 1,188640,384
137.64699,0.2823528000000124,80,116,Trombone,Trombone _ 1,Trombone _ 1,189120,384
137.64699,0.2823528000000124,76,113,Trombone,Trombone _ 1,Trombone _ 1,189120,384
137.99993099999998,0.2823528000000124,78,112,Trombone,Trombone _ 1,Trombone _ 1,189600,384
137.99993099999998,0.2823528000000124,74,110,Trombone,Trombone _ 1,Trombone _ 1,189600,384
138.352872,0.5647055999999964,81,120,Trombone,Trombone _ 1,Trombone _ 1,190080,768
138.352872,0.5647055999999964,78,98,Trombone,Trombone _ 1,Trombone _ 1,190080,768
139.058754,0.28235279999998397,80,103,Trombone,Trombone _ 1,Trombone _ 1,191040,384
139.058754,0.28235279999998397,76,102,Trombone,Trombone _ 1,Trombone _ 1,191040,384
139.41169499999998,0.3382351250000113,78,118,Trombone,Trombone _ 1,Trombone _ 1,191520,460
139.41169499999998,0.3382351250000113,74,110,Trombone,Trombone _ 1,Trombone _ 1,191520,460
140.470518,0.28235279999998397,76,111,Trombone,Trombone _ 1,Trombone _ 1,192960,384
140.82345899999999,0.2823528000000124,76,112,Trombone,Trombone _ 1,Trombone _ 1,193440,384
141.1764,1.1294111999999927,85,110,Trombone,Trombone _ 1,Trombone _ 1,193920,1536
142.58816399999998,0.1411764000000062,83,110,Trombone,Trombone _ 1,Trombone _ 1,195840,192
142.7646345,0.42352919999999017,81,108,Trombone,Trombone _ 1,Trombone _ 1,196080,576
143.29404599999998,0.1411764000000062,76,106,Trombone,Trombone _ 1,Trombone _ 1,196800,192
143.4705165,0.42352919999999017,74,116,Trombone,Trombone _ 1,Trombone _ 1,197040,576
143.99992799999998,0.3382351250000113,73,122,Trombone,Trombone _ 1,Trombone _ 1,197760,460
144.70580999999999,0.6911761249999984,78,110,Trombone,Trombone _ 1,Trombone _ 1,198720,940
144.70580999999999,0.6911761249999984,73,124,Trombone,Trombone _ 1,Trombone _ 1,198720,940
146.117574,0.5647055999999964,78,107,Trombone,Trombone _ 1,Trombone _ 1,200640,768
146.117574,0.5647055999999964,73,119,Trombone,Trombone _ 1,Trombone _ 1,200640,768
146.823456,0.5647055999999964,81,115,Trombone,Trombone _ 1,Trombone _ 1,201600,768
146.823456,0.5647055999999964,73,124,Trombone,Trombone _ 1,Trombone _ 1,201600,768
147.529338,0.5647055999999964,76,100,Trombone,Trombone _ 1,Trombone _ 1,202560,768
147.529338,0.5647055999999964,69,113,Trombone,Trombone _ 1,Trombone _ 1,202560,768
148.23522,1.2800000000000011,78,107,Trombone,Trombone _ 1,Trombone _ 1,203520,1536
148.23522,1.2800000000000011,69,111,Trombone,Trombone _ 1,Trombone _ 1,203520,1536
0.0,0.6911761249999999,66,120,Sax,Tenor Sax _ 1,Tenor Sax _ 1,1920,940
0.0,0.6911761249999999,62,107,Sax,Tenor Sax _ 1,Tenor Sax _ 1,1920,940
2.8235279999999996,0.6911761250000001,67,111,Sax,Tenor Sax _ 1,Tenor Sax _ 1,5760,940
2.8235279999999996,0.6911761250000001,62,118,Sax,Tenor Sax _ 1,Tenor Sax _ 1,5760,940
5.647056,0.6911761250000001,68,120,Sax,Tenor Sax _ 1,Tenor Sax _ 1,9600,940
5.647056,0.6911761250000001,64,96,Sax,Tenor Sax _ 1,Tenor Sax _ 1,9600,940
8.470584,0.42352919999999905,73,116,Sax,Tenor Sax _ 1,Tenor Sax _ 1,13440,576
8.470584,0.42352919999999905,64,109,Sax,Tenor Sax _ 1,Tenor Sax _ 1,13440,576
8.999995499999999,0.14117640000000087,71,103,Sax,Tenor Sax _ 1,Tenor Sax _ 1,14160,192
8.999995499999999,0.14117640000000087,62,106,Sax,Tenor Sax _ 1,Tenor Sax _ 1,14160,192
9.176466,0.33823512500000064,69,110,Sax,Tenor Sax _ 1,Tenor Sax _ 1,14400,460
9.176466,0.33823512500000064,61,122,Sax,Tenor Sax _ 1,Tenor Sax _ 1,14400,460
11.294112,1.6470579999999995,57,105,Sax,Tenor Sax _ 1,Tenor Sax _ 1,17280,2240
13.058817,0.14117640000000087,57,108,Sax,Tenor Sax _ 1,Tenor Sax _ 1,19680,192
13.2352875,0.42352919999999905,59,110,Sax,Tenor Sax _ 1,Tenor Sax _ 1,19920,576
13.764699,0.28235279999999996,57,110,Sax,Tenor Sax _ 1,Tenor Sax _ 1,20640,384
14.11764,1.397058125000001,56,110,Sax,Tenor Sax _ 1,Tenor Sax _ 1,21120,1900
15.882344999999999,0.28235280000000174,61,110,Sax,Tenor Sax _ 1,Tenor Sax _ 1,23520,384
16.235286,0.1411763999999991,64,117,Sax,Tenor Sax _ 1,Tenor Sax _ 1,24000,192
16.4117565,0.4235291999999973,61,121,Sax,Tenor Sax _ 1,Tenor Sax _ 1,24240,576
16.941167999999998,2.102940125,57,110,Sax,Tenor Sax _ 1,Tenor Sax _ 1,24960,2860
19.764695999999997,0.28235280000000174,57,119,Sax,Tenor Sax _ 1,Tenor Sax _ 1,28800,384
20.117637,0.2823527999999982,57,120,Sax,Tenor Sax _ 1,Tenor Sax _ 1,29280,384
20.470577999999996,0.14117640000000264,59,115,Sax,Tenor Sax _ 1,Tenor Sax _ 1,29760,192
20.647048499999997,0.28235280000000174,59,108,Sax,Tenor Sax _ 1,Tenor Sax _ 1,30000,384
20.999989499999998,0.5147056249999977,57,100,Sax,Tenor Sax _ 1,Tenor Sax _ 1,30480,700
22.588223999999997,1.6235286000000002,57,102,Sax,Tenor Sax _ 1,Tenor Sax _ 1,32640,2208
24.352928999999996,0.28235280000000174,57,111,Sax,Tenor Sax _ 1,Tenor Sax _ 1,35040,384
24.705869999999997,0.2823527999999982,59,110,Sax,Tenor Sax _ 1,Tenor Sax _ 1,35520,384
25.058811,0.2823527999999982,57,111,Sax,Tenor Sax _ 1,Tenor Sax _ 1,36000,384
25.411751999999996,1.397058125000001,56,110,Sax,Tenor Sax _ 1,Tenor Sax _ 1,36480,1900
27.176456999999996,0.28235280000000174,61,111,Sax,Tenor Sax _ 1,Tenor Sax _ 1,38880,384
27.529397999999997,0.1411763999999991,64,109,Sax,Tenor Sax _ 1,Tenor Sax _ 1,39360,192
27.705868499999998,0.1411763999999991,61,111,Sax,Tenor Sax _ 1,Tenor Sax _ 1,39600,192
27.882338999999998,0.2823527999999982,59,125,Sax,Tenor Sax _ 1,Tenor Sax _ 1,39840,384
28.235279999999996,1.397058125000001,57,100,Sax,Tenor Sax _ 1,Tenor Sax _ 1,40320,1900
30.882337499999995,0.1411763999999991,57,102,Sax,Tenor Sax _ 1,Tenor Sax _ 1,43920,192
31.058807999999996,0.2823527999999982,57,114,Sax,Tenor Sax _ 1,Tenor Sax _ 1,44160,384
31.411748999999997,0.2823527999999982,57,106,Sax,Tenor Sax _ 1,Tenor Sax _ 1,44640,384
31.764689999999998,0.2823527999999982,59,112,Sax,Tenor Sax _ 1,Tenor Sax _ 1,45120,384
32.117631,0.1411763999999991,59,110,Sax,Tenor Sax _ 1,Tenor Sax _ 1,45600,192
32.294101500000004,0.5147056249999977,57,110,Sax,Tenor Sax _ 1,Tenor Sax _ 1,45840,700
45.176448,0.2823527999999982,71,110,Sax,Tenor Sax _ 1,Tenor Sax _ 1,63360,384
45.176448,0.2823527999999982,68,114,Sax,Tenor Sax _ 1,Tenor Sax _ 1,63360,384
45.529389,0.1411763999999991,71,111,Sax,Tenor Sax _ 1,Tenor Sax _ 1,63840,192
45.529389,0.1411763999999991,68,105,Sax,Tenor Sax _ 1,Tenor Sax _ 1,63840,192
45.7058595,0.2823527999999982,71,98,Sax,Tenor Sax _ 1,Tenor Sax _ 1,64080,384
45.7058595,0.2823527999999982,68,104,Sax,Tenor Sax _ 1,Tenor Sax _ 1,64080,384
46.0588005,0.2823528000000053,71,105,Sax,Tenor Sax _ 1,Tenor Sax _ 1,64560,384
46.0588005,0.2823528000000053,68,122,Sax,Tenor Sax _ 1,Tenor Sax _ 1,64560,384
46.4117415,0.4235292000000044,69,124,Sax,Tenor Sax _ 1,Tenor Sax _ 1,65040,576
46.4117415,0.4235292000000044,66,115,Sax,Tenor Sax _ 1,Tenor Sax _ 1,65040,576
46.941153,0.2823527999999982,69,117,Sax,Tenor Sax _ 1,Tenor Sax _ 1,65760,384
46.941153,0.2823527999999982,66,109,Sax,Tenor Sax _ 1,Tenor Sax _ 1,65760,384
47.294094,0.2823527999999982,68,110,Sax,Tenor Sax _ 1,Tenor Sax _ 1,66240,384
47.294094,0.2823527999999982,64,122,Sax,Tenor Sax _ 1,Tenor Sax _ 1,66240,384
47.647035,0.2823527999999982,66,110,Sax,Tenor Sax _ 1,Tenor Sax _ 1,66720,384
47.647035,0.2823527999999982,62,110,Sax,Tenor Sax _ 1,Tenor Sax _ 1,66720,384
47.999976,0.5647056000000035,69,99,Sax,Tenor Sax _ 1,Tenor Sax _ 1,67200,768
47.999976,0.5647056000000035,66,110,Sax,Tenor Sax _ 1,Tenor Sax _ 1,67200,768
48.705858,0.2823527999999982,68,110,Sax,Tenor Sax _ 1,Tenor Sax _ 1,68160,384
48.705858,0.2823527999999982,64,109,Sax,Tenor Sax _ 1,Tenor Sax _ 1,68160,384
49.058799,0.3382351249999971,66,112,Sax,Tenor Sax _ 1,Tenor Sax _ 1,68640,460
49.058799,0.3382351249999971,62,109,Sax,Tenor Sax _ 1,Tenor Sax _ 1,68640,460
50.117622,0.2823528000000053,64,114,Sax,Tenor Sax _ 1,Tenor Sax _ 1,70080,384
50.470563,0.2823527999999982,64,101,Sax,Tenor Sax _ 1,Tenor Sax _ 1,70560,384
50.823504,1.1294111999999998,73,118,Sax,Tenor Sax _ 1,Tenor Sax _ 1,71040,1536
52.235268,0.1411763999999991,71,103,Sax,Tenor Sax _ 1,Tenor Sax _ 1,72960,192
52.4117385,0.4235292000000044,69,124,Sax,Tenor Sax _ 1,Tenor Sax _ 1,73200,576
52.94115,0.1411763999999991,64,123,Sax,Tenor Sax _ 1,Tenor Sax _ 1,73920,192
53.1176205,0.4235291999999973,62,112,Sax,Tenor Sax _ 1,Tenor Sax _ 1,74160,576
53.647032,0.3382351249999971,61,103,Sax,Tenor Sax _ 1,Tenor Sax _ 1,74880,460
56.47056,1.6470580000000012,57,110,Sax,Tenor Sax _ 1,Tenor Sax _ 1,78720,2240
58.235265,0.1411763999999991,57,98,Sax,Tenor Sax _ 1,Tenor Sax _ 1,81120,192
58.588206,0.2823527999999982,59,110,Sax,Tenor Sax _ 1,Tenor Sax _ 1,81600,384
58.941147,0.2823527999999982,57,107,Sax,Tenor Sax _ 1,Tenor Sax _ 1,82080,384
59.294088,1.3970581249999938,56,114,Sax,Tenor Sax _ 1,Tenor Sax _ 1,82560,1900
61.058793,0.2823527999999982,61,109,Sax,Tenor Sax _ 1,Tenor Sax _ 1,84960,384
61.411733999999996,0.1411764000000062,64,119,Sax,Tenor Sax _ 1,Tenor Sax _ 1,85440,192
61.588204499999996,0.4235292000000044,61,109,Sax,Tenor Sax _ 1,Tenor Sax _ 1,85680,576
62.117616,2.1029401249999964,57,110,Sax,Tenor Sax _ 1,Tenor Sax _ 1,86400,2860
64.941144,0.14117639999999199,57,111,Sax,Tenor Sax _ 1,Tenor Sax _ 1,90240,192
65.11761449999999,0.4235292000000044,57,108,Sax,Tenor Sax _ 1,Tenor Sax _ 1,90480,576
65.647026,0.2823527999999982,59,114,Sax,Tenor Sax _ 1,Tenor Sax _ 1,91200,384
65.999967,0.14117639999999199,59,118,Sax,Tenor Sax _ 1,Tenor Sax _ 1,91680,192
66.17643749999999,0.5147056250000048,57,101,Sax,Tenor Sax _ 1,Tenor Sax _ 1,91920,700
67.76467199999999,1.9764696000000015,57,117,Sax,Tenor Sax _ 1,Tenor Sax _ 1,94080,2688
69.882318,0.2823527999999982,59,117,Sax,Tenor Sax _ 1,Tenor Sax _ 1,96960,384
70.23525899999999,0.2823528000000124,57,112,Sax,Tenor Sax _ 1,Tenor Sax _ 1,97440,384
70.58819999999999,1.397058125000001,56,106,Sax,Tenor Sax _ 1,Tenor Sax _ 1,97920,1900
72.35290499999999,0.2823527999999982,61,117,Sax,Tenor Sax _ 1,Tenor Sax _ 1,100320,384
72.705846,0.14117639999999199,64,105,Sax,Tenor Sax _ 1,Tenor Sax _ 1,100800,192
72.88231649999999,0.1411764000000062,61,109,Sax,Tenor Sax _ 1,Tenor Sax _ 1,101040,192
73.058787,0.2823527999999982,59,103,Sax,Tenor Sax _ 1,Tenor Sax _ 1,101280,384
73.411728,1.397058125000001,57,122,Sax,Tenor Sax _ 1,Tenor Sax _ 1,101760,1900
76.05878549999998,0.1411764000000062,57,99,Sax,Tenor Sax _ 1,Tenor Sax _ 1,105360,192
76.23525599999999,0.14117639999999199,57,111,Sax,Tenor Sax _ 1,Tenor Sax _ 1,105600,192
76.41172649999999,0.2823527999999982,57,109,Sax,Tenor Sax _ 1,Tenor Sax _ 1,105840,384
76.76466749999999,0.4235292000000044,59,103,Sax,Tenor Sax _ 1,Tenor Sax _ 1,106320,576
77.294079,0.14117639999999199,59,110,Sax,Tenor Sax _ 1,Tenor Sax _ 1,107040,192
77.47054949999999,0.5147056250000048,57,106,Sax,Tenor Sax _ 1,Tenor Sax _ 1,107280,700
90.35289599999999,0.2823527999999982,71,112,Sax,Tenor Sax _ 1,Tenor Sax _ 1,124800,384
90.35289599999999,0.2823527999999982,68,110,Sax,Tenor Sax _ 1,Tenor Sax _ 1,124800,384
90.70583699999999,0.1411764000000062,71,118,Sax,Tenor Sax _ 1,Tenor Sax _ 1,125280,192
90.70583699999999,0.1411764000000062,68,109,Sax,Tenor Sax _ 1,Tenor Sax _ 1,125280,192
90.8823075,0.2823527999999982,71,110,Sax,Tenor Sax _ 1,Tenor Sax _ 1,125520,384
90.8823075,0.2823527999999982,68,115,Sax,Tenor Sax _ 1,Tenor Sax _ 1,125520,384
91.2352485,0.2823527999999982,71,115,Sax,Tenor Sax _ 1,Tenor Sax _ 1,126000,384
91.2352485,0.2823527999999982,68,116,Sax,Tenor Sax _ 1,Tenor Sax _ 1,126000,384
91.58818949999998,0.4235292000000044,69,108,Sax,Tenor Sax _ 1,Tenor Sax _ 1,126480,576
91.58818949999998,0.4235292000000044,66,110,Sax,Tenor Sax _ 1,Tenor Sax _ 1,126480,576
92.117601,0.2823527999999982,69,105,Sax,Tenor Sax _ 1,Tenor Sax _ 1,127200,384
92.117601,0.2823527999999982,66,111,Sax,Tenor Sax _ 1,Tenor Sax _ 1,127200,384
92.470542,0.2823527999999982,68,111,Sax,Tenor Sax _ 1,Tenor Sax _ 1,127680,384
92.470542,0.2823527999999982,64,110,Sax,Tenor Sax _ 1,Tenor Sax _ 1,127680,384
92.823483,0.2823527999999982,66,98,Sax,Tenor Sax _ 1,Tenor Sax _ 1,128160,384
92.823483,0.2823527999999982,62,106,Sax,Tenor Sax _ 1,Tenor Sax _ 1,128160,384
93.176424,0.5647055999999964,69,118,Sax,Tenor Sax _ 1,Tenor Sax _ 1,128640,768
93.176424,0.5647055999999964,66,109,Sax,Tenor Sax _ 1,Tenor Sax _ 1,128640,768
93.88230599999999,0.2823527999999982,68,101,Sax,Tenor Sax _ 1,Tenor Sax _ 1,129600,384
93.88230599999999,0.2823527999999982,64,116,Sax,Tenor Sax _ 1,Tenor Sax _ 1,129600,384
94.23524699999999,0.3382351249999971,66,110,Sax,Tenor Sax _ 1,Tenor Sax _ 1,130080,460
94.23524699999999,0.3382351249999971,62,111,Sax,Tenor Sax _ 1,Tenor Sax _ 1,130080,460
95.29406999999999,0.2823527999999982,64,117,Sax,Tenor Sax _ 1,Tenor Sax _ 1,131520,384
95.64701099999999,0.2823527999999982,64,110,Sax,Tenor Sax _ 1,Tenor Sax _ 1,132000,384
95.999952,1.1294111999999927,73,98,Sax,Tenor Sax _ 1,Tenor Sax _ 1,132480,1536
97.41171599999998,0.1411764000000062,71,119,Sax,Tenor Sax _ 1,Tenor Sax _ 1,134400,192
97.58818649999999,0.4235292000000044,69,112,Sax,Tenor Sax _ 1,Tenor Sax _ 1,134640,576
98.11759799999999,0.1411764000000062,64,112,Sax,Tenor Sax _ 1,Tenor Sax _ 1,135360,192
98.2940685,0.42352919999999017,62,106,Sax,Tenor Sax _ 1,Tenor Sax _ 1,135600,576
98.82347999999999,0.3382351249999971,61,110,Sax,Tenor Sax _ 1,Tenor Sax _ 1,136320,460
112.94111999999998,1.6235286000000002,57,108,Sax,Tenor Sax _ 1,Tenor Sax _ 1,155520,2208
114.70582499999999,0.2823527999999982,57,109,Sax,Tenor Sax _ 1,Tenor Sax _ 1,157920,384
115.05876599999999,0.2823527999999982,59,117,Sax,Tenor Sax _ 1,Tenor Sax _ 1,158400,384
115.41170699999999,0.2823527999999982,57,114,Sax,Tenor Sax _ 1,Tenor Sax _ 1,158880,384
115.764648,1.397058125000001,56,110,Sax,Tenor Sax _ 1,Tenor Sax _ 1,159360,1900
117.52935299999999,0.2823527999999982,61,121,Sax,Tenor Sax _ 1,Tenor Sax _ 1,161760,384
117.88229399999999,0.1411764000000062,64,112,Sax,Tenor Sax _ 1,Tenor Sax _ 1,162240,192
118.0587645,0.14117639999999199,61,109,Sax,Tenor Sax _ 1,Tenor Sax _ 1,162480,192
118.23523499999999,0.2823527999999982,59,112,Sax,Tenor Sax _ 1,Tenor Sax _ 1,162720,384
118.58817599999999,1.397058125000001,57,102,Sax,Tenor Sax _ 1,Tenor Sax _ 1,163200,1900
121.23523349999999,0.14117639999999199,57,109,Sax,Tenor Sax _ 1,Tenor Sax _ 1,166800,192
121.41170399999999,0.2823527999999982,57,117,Sax,Tenor Sax _ 1,Tenor Sax _ 1,167040,384
121.76464499999999,0.2823527999999982,57,109,Sax,Tenor Sax _ 1,Tenor Sax _ 1,167520,384
122.11758599999999,0.2823527999999982,59,103,Sax,Tenor Sax _ 1,Tenor Sax _ 1,168000,384
122.47052699999999,0.1411764000000062,59,115,Sax,Tenor Sax _ 1,Tenor Sax _ 1,168480,192
122.64699749999998,0.5147056250000048,57,117,Sax,Tenor Sax _ 1,Tenor Sax _ 1,168720,700
135.52934399999998,0.2823528000000124,71,114,Sax,Tenor Sax _ 1,Tenor Sax _ 1,186240,384
135.52934399999998,0.2823528000000124,68,96,Sax,Tenor Sax _ 1,Tenor Sax _ 1,186240,384
135.882285,0.1411764000000062,71,116,Sax,Tenor Sax _ 1,Tenor Sax _ 1,186720,192
135.882285,0.1411764000000062,68,115,Sax,Tenor Sax _ 1,Tenor Sax _ 1,186720,192
136.0587555,0.2823528000000124,71,110,Sax,Tenor Sax _ 1,Tenor Sax _ 1,186960,384
136.0587555,0.2823528000000124,68,115,Sax,Tenor Sax _ 1,Tenor Sax _ 1,186960,384
136.41169649999998,0.2823528000000124,71,109,Sax,Tenor Sax _ 1,Tenor Sax _ 1,187440,384
136.41169649999998,0.2823528000000124,68,98,Sax,Tenor Sax _ 1,Tenor Sax _ 1,187440,384
136.7646375,0.42352919999999017,69,107,Sax,Tenor Sax _ 1,Tenor Sax _ 1,187920,576
136.7646375,0.42352919999999017,66,109,Sax,Tenor Sax _ 1,Tenor Sax _ 1,187920,576
137.294049,0.28235279999998397,69,106,Sax,Tenor Sax _ 1,Tenor Sax _ 1,188640,384
137.294049,0.28235279999998397,66,112,Sax,Tenor Sax _ 1,Tenor Sax _ 1,188640,384
137.64699,0.2823528000000124,68,113,Sax,Tenor Sax _ 1,Tenor Sax _ 1,189120,384
137.64699,0.2823528000000124,64,110,Sax,Tenor Sax _ 1,Tenor Sax _ 1,189120,384
137.99993099999998,0.2823528000000124,66,113,Sax,Tenor Sax _ 1,Tenor Sax _ 1,189600,384
137.99993099999998,0.2823528000000124,62,109,Sax,Tenor Sax _ 1,Tenor Sax _ 1,189600,384
138.352872,0.5647055999999964,69,111,Sax,Tenor Sax _ 1,Tenor Sax _ 1,190080,768
138.352872,0.5647055999999964,66,112,Sax,Tenor Sax _ 1,Tenor Sax _ 1,190080,768
139.058754,0.28235279999998397,68,95,Sax,Tenor Sax _ 1,Tenor Sax _ 1,191040,384
139.058754,0.28235279999998397,64,113,Sax,Tenor Sax _ 1,Tenor Sax _ 1,191040,384
139.41169499999998,0.3382351250000113,66,110,Sax,Tenor Sax _ 1,Tenor Sax _ 1,191520,460
139.41169499999998,0.3382351250000113,62,124,Sax,Tenor Sax _ 1,Tenor Sax _ 1,191520,460
140.470518,0.28235279999998397,64,110,Sax,Tenor Sax _ 1,Tenor Sax _ 1,192960,384
140.82345899999999,0.2823528000000124,64,110,Sax,Tenor Sax _ 1,Tenor Sax _ 1,193440,384
141.1764,1.1294111999999927,73,104,Sax,Tenor Sax _ 1,Tenor Sax _ 1,193920,1536
142.58816399999998,0.1411764000000062,71,108,Sax,Tenor Sax _ 1,Tenor Sax _ 1,195840,192
142.7646345,0.42352919999999017,69,116,Sax,Tenor Sax _ 1,Tenor Sax _ 1,196080,576
143.29404599999998,0.1411764000000062,64,106,Sax,Tenor Sax _ 1,Tenor Sax _ 1,196800,192
143.4705165,0.42352919999999017,62,96,Sax,Tenor Sax _ 1,Tenor Sax _ 1,197040,576
143.99992799999998,0.3382351250000113,61,120,Sax,Tenor Sax _ 1,Tenor Sax _ 1,197760,460
144.70580999999999,0.6911761249999984,66,106,Sax,Tenor Sax _ 1,Tenor Sax _ 1,198720,940
144.70580999999999,0.6911761249999984,61,99,Sax,Tenor Sax _ 1,Tenor Sax _ 1,198720,940
146.117574,0.5647055999999964,66,111,Sax,Tenor Sax _ 1,Tenor Sax _ 1,200640,768
146.117574,0.5647055999999964,61,110,Sax,Tenor Sax _ 1,Tenor Sax _ 1,200640,768
146.823456,0.5647055999999964,69,99,Sax,Tenor Sax _ 1,Tenor Sax _ 1,201600,768
146.823456,0.5647055999999964,61,115,Sax,Tenor Sax _ 1,Tenor Sax _ 1,201600,768
147.529338,0.5647055999999964,64,122,Sax,Tenor Sax _ 1,Tenor Sax _ 1,202560,768
147.529338,0.5647055999999964,57,106,Sax,Tenor Sax _ 1,Tenor Sax _ 1,202560,768
148.23522,1.2800000000000011,66,112,Sax,Tenor Sax _ 1,Tenor Sax _ 1,203520,1536
148.23522,1.2800000000000011,57,117,Sax,Tenor Sax _ 1,Tenor Sax _ 1,203520,1536
1.411764,0.5647055999999999,47,118,Guitar 1,Electric Guitar (clean) _ 1,Electric Guitar (clean) _ 1,3840,768
2.1176459999999997,0.5647055999999995,45,107,Guitar 1,Electric Guitar (clean) _ 1,Electric Guitar (clean) _ 1,4800,768
2.8235279999999996,1.1294112000000007,43,97,Guitar 1,Electric Guitar (clean) _ 1,Electric Guitar (clean) _ 1,5760,1536
4.235292,0.5647055999999999,43,111,Guitar 1,Electric Guitar (clean) _ 1,Electric Guitar (clean) _ 1,7680,768
4.941174,0.5647055999999999,42,110,Guitar 1,Electric Guitar (clean) _ 1,Electric Guitar (clean) _ 1,8640,768
5.647056,2.2588224000000006,40,122,Guitar 1,Electric Guitar (clean) _ 1,Electric Guitar (clean) _ 1,9600,3072
8.470584,0.1411763999999991,52,110,Guitar 1,Electric Guitar (clean) _ 1,Electric Guitar (clean) _ 1,13440,192
8.6470545,0.14117640000000087,55,110,Guitar 1,Electric Guitar (clean) _ 1,Electric Guitar (clean) _ 1,13680,192
8.823525,0.1411763999999991,55,104,Guitar 1,Electric Guitar (clean) _ 1,Electric Guitar (clean) _ 1,13920,192
8.999995499999999,0.14117640000000087,59,98,Guitar 1,Electric Guitar (clean) _ 1,Electric Guitar (clean) _ 1,14160,192
9.176466,0.14117640000000087,51,110,Guitar 1,Electric Guitar (clean) _ 1,Electric Guitar (clean) _ 1,14400,192
9.3529365,0.1411763999999991,54,96,Guitar 1,Electric Guitar (clean) _ 1,Electric Guitar (clean) _ 1,14640,192
9.529406999999999,0.14117640000000087,55,109,Guitar 1,Electric Guitar (clean) _ 1,Electric Guitar (clean) _ 1,14880,192
9.7058775,0.1411763999999991,59,116,Guitar 1,Electric Guitar (clean) _ 1,Electric Guitar (clean) _ 1,15120,192
9.882348,0.1411763999999991,50,102,Guitar 1,Electric Guitar (clean) _ 1,Electric Guitar (clean) _ 1,15360,192
10.0588185,0.14117640000000087,53,102,Guitar 1,Electric Guitar (clean) _ 1,Electric Guitar (clean) _ 1,15600,192
10.235289,0.1411763999999991,55,105,Guitar 1,Electric Guitar (clean) _ 1,Electric Guitar (clean) _ 1,15840,192
10.4117595,0.1411763999999991,59,115,Guitar 1,Electric Guitar (clean) _ 1,Electric Guitar (clean) _ 1,16080,192
10.58823,0.14117640000000087,49,125,Guitar 1,Electric Guitar (clean) _ 1,Electric Guitar (clean) _ 1,16320,192
10.7647005,0.1411763999999991,52,120,Guitar 1,Electric Guitar (clean) _ 1,Electric Guitar (clean) _ 1,16560,192
10.941170999999999,0.14117640000000087,55,108,Guitar 1,Electric Guitar (clean) _ 1,Electric Guitar (clean) _ 1,16800,192
11.1176415,0.14117640000000087,59,107,Guitar 1,Electric Guitar (clean) _ 1,Electric Guitar (clean) _ 1,17040,192
34.235277,0.3382351249999971,59,110,Guitar 1,Electric Guitar (clean) _ 1,Electric Guitar (clean) _ 1,48480,460
34.235277,0.3382351249999971,54,102,Guitar 1,Electric Guitar (clean) _ 1,Electric Guitar (clean) _ 1,48480,460
34.235277,0.3382351249999971,47,121,Guitar 1,Electric Guitar (clean) _ 1,Electric Guitar (clean) _ 1,48480,460
34.941159,0.2823527999999982,59,110,Guitar 1,Electric Guitar (clean) _ 1,Electric Guitar (clean) _ 1,49440,384
34.941159,0.2823527999999982,54,109,Guitar 1,Electric Guitar (clean) _ 1,Electric Guitar (clean) _ 1,49440,384
34.941159,0.2823527999999982,47,102,Guitar 1,Electric Guitar (clean) _ 1,Electric Guitar (clean) _ 1,49440,384
35.647041,0.3382351249999971,59,104,Guitar 1,Electric Guitar (clean) _ 1,Electric Guitar (clean) _ 1,50400,460
35.647041,0.3382351249999971,54,110,Guitar 1,Electric Guitar (clean) _ 1,Electric Guitar (clean) _ 1,50400,460
35.647041,0.3382351249999971,47,114,Guitar 1,Electric Guitar (clean) _ 1,Electric Guitar (clean) _ 1,50400,460
36.352923,0.2823528000000053,59,113,Guitar 1,Electric Guitar (clean) _ 1,Electric Guitar (clean) _ 1,51360,384
36.352923,0.2823528000000053,54,100,Guitar 1,Electric Guitar (clean) _ 1,Electric Guitar (clean) _ 1,51360,384
36.352923,0.2823528000000053,47,110,Guitar 1,Electric Guitar (clean) _ 1,Electric Guitar (clean) _ 1,51360,384
37.058805,0.3382351250000042,59,101,Guitar 1,Electric Guitar (clean) _ 1,Electric Guitar (clean) _ 1,52320,460
37.058805,0.3382351250000042,54,100,Guitar 1,Electric Guitar (clean) _ 1,Electric Guitar (clean) _ 1,52320,460
37.058805,0.3382351250000042,47,110,Guitar 1,Electric Guitar (clean) _ 1,Electric Guitar (clean) _ 1,52320,460
37.764687,0.2823527999999982,59,111,Guitar 1,Electric Guitar (clean) _ 1,Electric Guitar (clean) _ 1,53280,384
37.764687,0.2823527999999982,54,98,Guitar 1,Electric Guitar (clean) _ 1,Electric Guitar (clean) _ 1,53280,384
37.764687,0.2823527999999982,47,114,Guitar 1,Electric Guitar (clean) _ 1,Electric Guitar (clean) _ 1,53280,384
38.470569,0.3382351250000042,59,110,Guitar 1,Electric Guitar (clean) _ 1,Electric Guitar (clean) _ 1,54240,460
38.470569,0.3382351250000042,54,110,Guitar 1,Electric Guitar (clean) _ 1,Electric Guitar (clean) _ 1,54240,460
38.470569,0.3382351250000042,47,100,Guitar 1,Electric Guitar (clean) _ 1,Electric Guitar (clean) _ 1,54240,460
39.176451,0.2823527999999982,59,100,Guitar 1,Electric Guitar (clean) _ 1,Electric Guitar (clean) _ 1,55200,384
39.176451,0.2823527999999982,54,107,Guitar 1,Electric Guitar (clean) _ 1,Electric Guitar (clean) _ 1,55200,384
39.176451,0.2823527999999982,47,122,Guitar 1,Electric Guitar (clean) _ 1,Electric Guitar (clean) _ 1,55200,384
39.882333,0.3382351249999971,55,108,Guitar 1,Electric Guitar (clean) _ 1,Electric Guitar (clean) _ 1,56160,460
39.882333,0.3382351249999971,50,106,Guitar 1,Electric Guitar (clean) _ 1,Electric Guitar (clean) _ 1,56160,460
39.882333,0.3382351249999971,43,98,Guitar 1,Electric Guitar (clean) _ 1,Electric Guitar (clean) _ 1,56160,460
40.588215,0.2823528000000053,55,112,Guitar 1,Electric Guitar (clean) _ 1,Electric Guitar (clean) _ 1,57120,384
40.588215,0.2823528000000053,50,110,Guitar 1,Electric Guitar (clean) _ 1,Electric Guitar (clean) _ 1,57120,384
40.588215,0.2823528000000053,43,110,Guitar 1,Electric Guitar (clean) _ 1,Electric Guitar (clean) _ 1,57120,384
41.294097,0.3382351249999971,55,119,Guitar 1,Electric Guitar (clean) _ 1,Electric Guitar (clean) _ 1,58080,460
41.294097,0.3382351249999971,50,107,Guitar 1,Electric Guitar (clean) _ 1,Electric Guitar (clean) _ 1,58080,460
41.294097,0.3382351249999971,43,105,Guitar 1,Electric Guitar (clean) _ 1,Electric Guitar (clean) _ 1,58080,460
41.999979,0.2823527999999982,55,109,Guitar 1,Electric Guitar (clean) _ 1,Electric Guitar (clean) _ 1,59040,384
41.999979,0.2823527999999982,50,110,Guitar 1,Electric Guitar (clean) _ 1,Electric Guitar (clean) _ 1,59040,384
41.999979,0.2823527999999982,43,115,Guitar 1,Electric Guitar (clean) _ 1,Electric Guitar (clean) _ 1,59040,384
42.705861,0.3382351250000042,55,102,Guitar 1,Electric Guitar (clean) _ 1,Electric Guitar (clean) _ 1,60000,460
42.705861,0.3382351250000042,50,109,Guitar 1,Electric Guitar (clean) _ 1,Electric Guitar (clean) _ 1,60000,460
42.705861,0.3382351250000042,43,115,Guitar 1,Electric Guitar (clean) _ 1,Electric Guitar (clean) _ 1,60000,460
43.411743,0.2823527999999982,55,106,Guitar 1,Electric Guitar (clean) _ 1,Electric Guitar (clean) _ 1,60960,384
43.411743,0.2823527999999982,50,102,Guitar 1,Electric Guitar (clean) _ 1,Electric Guitar (clean) _ 1,60960,384
43.411743,0.2823527999999982,43,114,Guitar 1,Electric Guitar (clean) _ 1,Electric Guitar (clean) _ 1,60960,384
44.117625,0.3382351250000042,55,121,Guitar 1,Electric Guitar (clean) _ 1,Electric Guitar (clean) _ 1,61920,460
44.117625,0.3382351250000042,50,112,Guitar 1,Electric Guitar (clean) _ 1,Electric Guitar (clean) _ 1,61920,460
44.117625,0.3382351250000042,43,110,Guitar 1,Electric Guitar (clean) _ 1,Electric Guitar (clean) _ 1,61920,460
44.823507,0.2823527999999982,55,119,Guitar 1,Electric Guitar (clean) _ 1,Electric Guitar (clean) _ 1,62880,384
44.823507,0.2823527999999982,50,114,Guitar 1,Electric Guitar (clean) _ 1,Electric Guitar (clean) _ 1,62880,384
44.823507,0.2823527999999982,43,109,Guitar 1,Electric Guitar (clean) _ 1,Electric Guitar (clean) _ 1,62880,384
45.529389,0.3382351249999971,52,109,Guitar 1,Electric Guitar (clean) _ 1,Electric Guitar (clean) _ 1,63840,460
45.529389,0.3382351249999971,47,123,Guitar 1,Electric Guitar (clean) _ 1,Electric Guitar (clean) _ 1,63840,460
45.529389,0.3382351249999971,40,110,Guitar 1,Electric Guitar (clean) _ 1,Electric Guitar (clean) _ 1,63840,460
46.235271,0.2823528000000053,52,110,Guitar 1,Electric Guitar (clean) _ 1,Electric Guitar (clean) _ 1,64800,384
46.235271,0.2823528000000053,47,97,Guitar 1,Electric Guitar (clean) _ 1,Electric Guitar (clean) _ 1,64800,384
46.235271,0.2823528000000053,40,109,Guitar 1,Electric Guitar (clean) _ 1,Electric Guitar (clean) _ 1,64800,384
46.941153,0.3382351249999971,52,118,Guitar 1,Electric Guitar (clean) _ 1,Electric Guitar (clean) _ 1,65760,460
46.941153,0.3382351249999971,47,99,Guitar 1,Electric Guitar (clean) _ 1,Electric Guitar (clean) _ 1,65760,460
46.941153,0.3382351249999971,40,112,Guitar 1,Electric Guitar (clean) _ 1,Electric Guitar (clean) _ 1,65760,460
47.647035,0.2823527999999982,52,111,Guitar 1,Electric Guitar (clean) _ 1,Electric Guitar (clean) _ 1,66720,384
47.647035,0.2823527999999982,47,113,Guitar 1,Electric Guitar (clean) _ 1,Electric Guitar (clean) _ 1,66720,384
47.647035,0.2823527999999982,40,98,Guitar 1,Electric Guitar (clean) _ 1,Electric Guitar (clean) _ 1,66720,384
48.352917,0.3382351250000042,52,111,Guitar 1,Electric Guitar (clean) _ 1,Electric Guitar (clean) _ 1,67680,460
48.352917,0.3382351250000042,47,99,Guitar 1,Electric Guitar (clean) _ 1,Electric Guitar (clean) _ 1,67680,460
48.352917,0.3382351250000042,40,110,Guitar 1,Electric Guitar (clean) _ 1,Electric Guitar (clean) _ 1,67680,460
49.058799,0.2823527999999982,52,110,Guitar 1,Electric Guitar (clean) _ 1,Electric Guitar (clean) _ 1,68640,384
49.058799,0.2823527999999982,47,108,Guitar 1,Electric Guitar (clean) _ 1,Electric Guitar (clean) _ 1,68640,384
49.058799,0.2823527999999982,40,108,Guitar 1,Electric Guitar (clean) _ 1,Electric Guitar (clean) _ 1,68640,384
49.764681,0.3382351249999971,52,117,Guitar 1,Electric Guitar (clean) _ 1,Electric Guitar (clean) _ 1,69600,460
49.764681,0.3382351249999971,47,110,Guitar 1,Electric Guitar (clean) _ 1,Electric Guitar (clean) _ 1,69600,460
49.764681,0.3382351249999971,40,103,Guitar 1,Electric Guitar (clean) _ 1,Electric Guitar (clean) _ 1,69600,460
50.470563,0.2823527999999982,52,110,Guitar 1,Electric Guitar (clean) _ 1,Electric Guitar (clean) _ 1,70560,384
50.470563,0.2823527999999982,47,109,Guitar 1,Electric Guitar (clean) _ 1,Electric Guitar (clean) _ 1,70560,384
50.470563,0.2823527999999982,40,115,Guitar 1,Electric Guitar (clean) _ 1,Electric Guitar (clean) _ 1,70560,384
50.823504,0.1411763999999991,52,113,Guitar 1,Electric Guitar (clean) _ 1,Electric Guitar (clean) _ 1,71040,192
50.9999745,0.1411763999999991,55,117,Guitar 1,Electric Guitar (clean) _ 1,Electric Guitar (clean) _ 1,71280,192
51.176445,0.1411763999999991,55,121,Guitar 1,Electric Guitar (clean) _ 1,Electric Guitar (clean) _ 1,71520,192
51.3529155,0.1411763999999991,59,118,Guitar 1,Electric Guitar (clean) _ 1,Electric Guitar (clean) _ 1,71760,192
51.529386,0.1411763999999991,51,110,Guitar 1,Electric Guitar (clean) _ 1,Electric Guitar (clean) _ 1,72000,192
51.7058565,0.1411763999999991,54,111,Guitar 1,Electric Guitar (clean) _ 1,Electric Guitar (clean) _ 1,72240,192
51.882327,0.1411764000000062,55,98,Guitar 1,Electric Guitar (clean) _ 1,Electric Guitar (clean) _ 1,72480,192
52.0587975,0.1411763999999991,59,108,Guitar 1,Electric Guitar (clean) _ 1,Electric Guitar (clean) _ 1,72720,192
52.235268,0.1411763999999991,50,108,Guitar 1,Electric Guitar (clean) _ 1,Electric Guitar (clean) _ 1,72960,192
52.4117385,0.1411763999999991,53,108,Guitar 1,Electric Guitar (clean) _ 1,Electric Guitar (clean) _ 1,73200,192
52.588209,0.1411763999999991,55,110,Guitar 1,Electric Guitar (clean) _ 1,Electric Guitar (clean) _ 1,73440,192
52.7646795,0.1411763999999991,59,107,Guitar 1,Electric Guitar (clean) _ 1,Electric Guitar (clean) _ 1,73680,192
52.94115,0.1411763999999991,49,110,Guitar 1,Electric Guitar (clean) _ 1,Electric Guitar (clean) _ 1,73920,192
53.1176205,0.1411763999999991,52,112,Guitar 1,Electric Guitar (clean) _ 1,Electric Guitar (clean) _ 1,74160,192
53.294091,0.1411763999999991,55,110,Guitar 1,Electric Guitar (clean) _ 1,Electric Guitar (clean) _ 1,74400,192
53.4705615,0.1411763999999991,59,112,Guitar 1,Electric Guitar (clean) _ 1,Electric Guitar (clean) _ 1,74640,192
53.647032,2.2588223999999997,57,98,Guitar 1,Electric Guitar (clean) _ 1,Electric Guitar (clean) _ 1,74880,3072
79.41172499999999,0.3382351249999971,59,112,Guitar 1,Electric Guitar (clean) _ 1,Electric Guitar (clean) _ 1,109920,460
79.41172499999999,0.3382351249999971,54,108,Guitar 1,Electric Guitar (clean) _ 1,Electric Guitar (clean) _ 1,109920,460
79.41172499999999,0.3382351249999971,47,117,Guitar 1,Electric Guitar (clean) _ 1,Electric Guitar (clean) _ 1,109920,460
80.11760699999999,0.2823527999999982,59,115,Guitar 1,Electric Guitar (clean) _ 1,Electric Guitar (clean) _ 1,110880,384
80.11760699999999,0.2823527999999982,54,122,Guitar 1,Electric Guitar (clean) _ 1,Electric Guitar (clean) _ 1,110880,384
80.11760699999999,0.2823527999999982,47,99,Guitar 1,Electric Guitar (clean) _ 1,Electric Guitar (clean) _ 1,110880,384
80.823489,0.3382351249999971,59,114,Guitar 1,Electric Guitar (clean) _ 1,Electric Guitar (clean) _ 1,111840,460
80.823489,0.3382351249999971,54,110,Guitar 1,Electric Guitar (clean) _ 1,Electric Guitar (clean) _ 1,111840,460
80.823489,0.3382351249999971,47,125,Guitar 1,Electric Guitar (clean) _ 1,Electric Guitar (clean) _ 1,111840,460
81.529371,0.2823527999999982,59,111,Guitar 1,Electric Guitar (clean) _ 1,Electric Guitar (clean) _ 1,112800,384
81.529371,0.2823527999999982,54,96,Guitar 1,Electric Guitar (clean) _ 1,Electric Guitar (clean) _ 1,112800,384
81.529371,0.2823527999999982,47,100,Guitar 1,Electric Guitar (clean) _ 1,Electric Guitar (clean) _ 1,112800,384
82.23525299999999,0.3382351250000113,59,117,Guitar 1,Electric Guitar (clean) _ 1,Electric Guitar (clean) _ 1,113760,460
82.23525299999999,0.3382351250000113,54,110,Guitar 1,Electric Guitar (clean) _ 1,Electric Guitar (clean) _ 1,113760,460
82.23525299999999,0.3382351250000113,47,102,Guitar 1,Electric Guitar (clean) _ 1,Electric Guitar (clean) _ 1,113760,460
82.94113499999999,0.2823527999999982,59,108,Guitar 1,Electric Guitar (clean) _ 1,Electric Guitar (clean) _ 1,114720,384
82.94113499999999,0.2823527999999982,54,112,Guitar 1,Electric Guitar (clean) _ 1,Electric Guitar (clean) _ 1,114720,384
82.94113499999999,0.2823527999999982,47,119,Guitar 1,Electric Guitar (clean) _ 1,Electric Guitar (clean) _ 1,114720,384
83.64701699999999,0.3382351249999971,59,110,Guitar 1,Electric Guitar (clean) _ 1,Electric Guitar (clean) _ 1,115680,460
83.64701699999999,0.3382351249999971,54,114,Guitar 1,Electric Guitar (clean) _ 1,Electric Guitar (clean) _ 1,115680,460
83.64701699999999,0.3382351249999971,47,120,Guitar 1,Electric Guitar (clean) _ 1,Electric Guitar (clean) _ 1,115680,460
84.352899,0.2823527999999982,59,111,Guitar 1,Electric Guitar (clean) _ 1,Electric Guitar (clean) _ 1,116640,384
84.352899,0.2823527999999982,54,107,Guitar 1,Electric Guitar (clean) _ 1,Electric Guitar (clean) _ 1,116640,384
84.352899,0.2823527999999982,47,113,Guitar 1,Electric Guitar (clean) _ 1,Electric Guitar (clean) _ 1,116640,384
85.058781,0.3382351249999971,55,107,Guitar 1,Electric Guitar (clean) _ 1,Electric Guitar (clean) _ 1,117600,460
85.058781,0.3382351249999971,50,123,Guitar 1,Electric Guitar (clean) _ 1,Electric Guitar (clean) _ 1,117600,460
85.058781,0.3382351249999971,43,110,Guitar 1,Electric Guitar (clean) _ 1,Electric Guitar (clean) _ 1,117600,460
85.76466299999998,0.2823528000000124,55,96,Guitar 1,Electric Guitar (clean) _ 1,Electric Guitar (clean) _ 1,118560,384
85.76466299999998,0.2823528000000124,50,110,Guitar 1,Electric Guitar (clean) _ 1,Electric Guitar (clean) _ 1,118560,384
85.76466299999998,0.2823528000000124,43,110,Guitar 1,Electric Guitar (clean) _ 1,Electric Guitar (clean) _ 1,118560,384
86.47054499999999,0.3382351249999971,55,117,Guitar 1,Electric Guitar (clean) _ 1,Electric Guitar (clean) _ 1,119520,460
86.47054499999999,0.3382351249999971,50,121,Guitar 1,Electric Guitar (clean) _ 1,Electric Guitar (clean) _ 1,119520,460
86.47054499999999,0.3382351249999971,43,102,Guitar 1,Electric Guitar (clean) _ 1,Electric Guitar (clean) _ 1,119520,460
87.17642699999999,0.2823527999999982,55,108,Guitar 1,Electric Guitar (clean) _ 1,Electric Guitar (clean) _ 1,120480,384
87.17642699999999,0.2823527999999982,50,102,Guitar 1,Electric Guitar (clean) _ 1,Electric Guitar (clean) _ 1,120480,384
87.17642699999999,0.2823527999999982,43,111,Guitar 1,Electric Guitar (clean) _ 1,Electric Guitar (clean) _ 1,120480,384
87.88230899999999,0.3382351249999971,55,106,Guitar 1,Electric Guitar (clean) _ 1,Electric Guitar (clean) _ 1,121440,460
87.88230899999999,0.3382351249999971,50,96,Guitar 1,Electric Guitar (clean) _ 1,Electric Guitar (clean) _ 1,121440,460
87.88230899999999,0.3382351249999971,43,117,Guitar 1,Electric Guitar (clean) _ 1,Electric Guitar (clean) _ 1,121440,460
88.588191,0.2823527999999982,55,123,Guitar 1,Electric Guitar (clean) _ 1,Electric Guitar (clean) _ 1,122400,384
88.588191,0.2823527999999982,50,116,Guitar 1,Electric Guitar (clean) _ 1,Electric Guitar (clean) _ 1,122400,384
88.588191,0.2823527999999982,43,115,Guitar 1,Electric Guitar (clean) _ 1,Electric Guitar (clean) _ 1,122400,384
89.294073,0.3382351249999971,55,109,Guitar 1,Electric Guitar (clean) _ 1,Electric Guitar (clean) _ 1,123360,460
89.294073,0.3382351249999971,50,112,Guitar 1,Electric Guitar (clean) _ 1,Electric Guitar (clean) _ 1,123360,460
89.294073,0.3382351249999971,43,112,Guitar 1,Electric Guitar (clean) _ 1,Electric Guitar (clean) _ 1,123360,460
89.99995499999999,0.2823527999999982,55,109,Guitar 1,Electric Guitar (clean) _ 1,Electric Guitar (clean) _ 1,124320,384
89.99995499999999,0.2823527999999982,50,101,Guitar 1,Electric Guitar (clean) _ 1,Electric Guitar (clean) _ 1,124320,384
89.99995499999999,0.2823527999999982,43,112,Guitar 1,Electric Guitar (clean) _ 1,Electric Guitar (clean) _ 1,124320,384
90.70583699999999,0.3382351249999971,52,104,Guitar 1,Electric Guitar (clean) _ 1,Electric Guitar (clean) _ 1,125280,460
90.70583699999999,0.3382351249999971,47,121,Guitar 1,Electric Guitar (clean) _ 1,Electric Guitar (clean) _ 1,125280,460
90.70583699999999,0.3382351249999971,40,124,Guitar 1,Electric Guitar (clean) _ 1,Electric Guitar (clean) _ 1,125280,460
91.41171899999999,0.2823527999999982,52,113,Guitar 1,Electric Guitar (clean) _ 1,Electric Guitar (clean) _ 1,126240,384
91.41171899999999,0.2823527999999982,47,110,Guitar 1,Electric Guitar (clean) _ 1,Electric Guitar (clean) _ 1,126240,384
91.41171899999999,0.2823527999999982,40,115,Guitar 1,Electric Guitar (clean) _ 1,Electric Guitar (clean) _ 1,126240,384
92.117601,0.3382351249999971,52,111,Guitar 1,Electric Guitar (clean) _ 1,Electric Guitar (clean) _ 1,127200,460
92.117601,0.3382351249999971,47,111,Guitar 1,Electric Guitar (clean) _ 1,Electric Guitar (clean) _ 1,127200,460
92.117601,0.3382351249999971,40,110,Guitar 1,Electric Guitar (clean) _ 1,Electric Guitar (clean) _ 1,127200,460
92.823483,0.2823527999999982,52,111,Guitar 1,Electric Guitar (clean) _ 1,Electric Guitar (clean) _ 1,128160,384
92.823483,0.2823527999999982,47,107,Guitar 1,Electric Guitar (clean) _ 1,Electric Guitar (clean) _ 1,128160,384
92.823483,0.2823527999999982,40,110,Guitar 1,Electric Guitar (clean) _ 1,Electric Guitar (clean) _ 1,128160,384
93.52936499999998,0.3382351250000113,52,122,Guitar 1,Electric Guitar (clean) _ 1,Electric Guitar (clean) _ 1,129120,460
93.52936499999998,0.3382351250000113,47,110,Guitar 1,Electric Guitar (clean) _ 1,Electric Guitar (clean) _ 1,129120,460
93.52936499999998,0.3382351250000113,40,120,Guitar 1,Electric Guitar (clean) _ 1,Electric Guitar (clean) _ 1,129120,460
94.23524699999999,0.2823527999999982,52,117,Guitar 1,Electric Guitar (clean) _ 1,Electric Guitar (clean) _ 1,130080,384
94.23524699999999,0.2823527999999982,47,109,Guitar 1,Electric Guitar (clean) _ 1,Electric Guitar (clean) _ 1,130080,384
94.23524699999999,0.2823527999999982,40,115,Guitar 1,Electric Guitar (clean) _ 1,Electric Guitar (clean) _ 1,130080,384
94.94112899999999,0.3382351249999971,52,114,Guitar 1,Electric Guitar (clean) _ 1,Electric Guitar (clean) _ 1,131040,460
94.94112899999999,0.3382351249999971,47,109,Guitar 1,Electric Guitar (clean) _ 1,Electric Guitar (clean) _ 1,131040,460
94.94112899999999,0.3382351249999971,40,108,Guitar 1,Electric Guitar (clean) _ 1,Electric Guitar (clean) _ 1,131040,460
95.64701099999999,0.2823527999999982,52,103,Guitar 1,Electric Guitar (clean) _ 1,Electric Guitar (clean) _ 1,132000,384
95.64701099999999,0.2823527999999982,47,107,Guitar 1,Electric Guitar (clean) _ 1,Electric Guitar (clean) _ 1,132000,384
95.64701099999999,0.2823527999999982,40,116,Guitar 1,Electric Guitar (clean) _ 1,Electric Guitar (clean) _ 1,132000,384
95.999952,0.14117639999999199,52,103,Guitar 1,Electric Guitar (clean) _ 1,Electric Guitar (clean) _ 1,132480,192
96.17642249999999,0.1411764000000062,55,125,Guitar 1,Electric Guitar (clean) _ 1,Electric Guitar (clean) _ 1,132720,192
96.352893,0.14117639999999199,55,114,Guitar 1,Electric Guitar (clean) _ 1,Electric Guitar (clean) _ 1,132960,192
96.52936349999999,0.1411764000000062,59,96,Guitar 1,Electric Guitar (clean) _ 1,Electric Guitar (clean) _ 1,133200,192
96.705834,0.14117639999999199,51,101,Guitar 1,Electric Guitar (clean) _ 1,Electric Guitar (clean) _ 1,133440,192
96.88230449999999,0.1411764000000062,54,110,Guitar 1,Electric Guitar (clean) _ 1,Electric Guitar (clean) _ 1,133680,192
97.058775,0.14117639999999199,55,123,Guitar 1,Electric Guitar (clean) _ 1,Electric Guitar (clean) _ 1,133920,192
97.23524549999999,0.1411764000000062,59,123,Guitar 1,Electric Guitar (clean) _ 1,Electric Guitar (clean) _ 1,134160,192
97.41171599999998,0.1411764000000062,50,101,Guitar 1,Electric Guitar (clean) _ 1,Electric Guitar (clean) _ 1,134400,192
97.58818649999999,0.14117639999999199,53,115,Guitar 1,Electric Guitar (clean) _ 1,Electric Guitar (clean) _ 1,134640,192
97.76465699999999,0.1411764000000062,55,116,Guitar 1,Electric Guitar (clean) _ 1,Electric Guitar (clean) _ 1,134880,192
97.9411275,0.14117639999999199,59,98,Guitar 1,Electric Guitar (clean) _ 1,Electric Guitar (clean) _ 1,135120,192
98.11759799999999,0.1411764000000062,49,100,Guitar 1,Electric Guitar (clean) _ 1,Electric Guitar (clean) _ 1,135360,192
98.2940685,0.14117639999999199,52,98,Guitar 1,Electric Guitar (clean) _ 1,Electric Guitar (clean) _ 1,135600,192
98.47053899999999,0.1411764000000062,55,110,Guitar 1,Electric Guitar (clean) _ 1,Electric Guitar (clean) _ 1,135840,192
98.6470095,0.14117639999999199,59,110,Guitar 1,Electric Guitar (clean) _ 1,Electric Guitar (clean) _ 1,136080,192
98.82347999999999,2.2588223999999997,57,110,Guitar 1,Electric Guitar (clean) _ 1,Electric Guitar (clean) _ 1,136320,3072
101.64700799999999,2.2588223999999997,57,110,Guitar 1,Electric Guitar (clean) _ 1,Electric Guitar (clean) _ 1,140160,3072
101.67641975,2.2588223999999997,61,96,Guitar 1,Electric Guitar (clean) _ 1,Electric Guitar (clean) _ 1,140200,3072
101.70583149999999,2.2588223999999997,64,108,Guitar 1,Electric Guitar (clean) _ 1,Electric Guitar (clean) _ 1,140240,3072
101.73524325,2.2588223999999997,69,121,Guitar 1,Electric Guitar (clean) _ 1,Electric Guitar (clean) _ 1,140280,3072
104.470536,2.2588223999999997,68,116,Guitar 1,Electric Guitar (clean) _ 1,Electric Guitar (clean) _ 1,144000,3072
104.470536,2.2588223999999997,64,119,Guitar 1,Electric Guitar (clean) _ 1,Electric Guitar (clean) _ 1,144000,3072
104.470536,2.2588223999999997,61,108,Guitar 1,Electric Guitar (clean) _ 1,Electric Guitar (clean) _ 1,144000,3072
107.29406399999999,2.2588223999999997,76,117,Guitar 1,Electric Guitar (clean) _ 1,Electric Guitar (clean) _ 1,147840,3072
107.29406399999999,2.2588223999999997,69,105,Guitar 1,Electric Guitar (clean) _ 1,Electric Guitar (clean) _ 1,147840,3072
107.29406399999999,2.2588223999999997,64,117,Guitar 1,Electric Guitar (clean) _ 1,Electric Guitar (clean) _ 1,147840,3072
107.29406399999999,2.2588223999999997,61,113,Guitar 1,Electric Guitar (clean) _ 1,Electric Guitar (clean) _ 1,147840,3072
124.58817299999998,0.3382351250000113,59,110,Guitar 1,Electric Guitar (clean) _ 1,Electric Guitar (clean) _ 1,171360,460
124.58817299999998,0.3382351250000113,54,116,Guitar 1,Electric Guitar (clean) _ 1,Electric Guitar (clean) _ 1,171360,460
124.58817299999998,0.3382351250000113,47,106,Guitar 1,Electric Guitar (clean) _ 1,Electric Guitar (clean) _ 1,171360,460
125.29405499999999,0.2823527999999982,59,99,Guitar 1,Electric Guitar (clean) _ 1,Electric Guitar (clean) _ 1,172320,384
125.29405499999999,0.2823527999999982,54,107,Guitar 1,Electric Guitar (clean) _ 1,Electric Guitar (clean) _ 1,172320,384
125.29405499999999,0.2823527999999982,47,112,Guitar 1,Electric Guitar (clean) _ 1,Electric Guitar (clean) _ 1,172320,384
125.99993699999999,0.3382351249999971,59,109,Guitar 1,Electric Guitar (clean) _ 1,Electric Guitar (clean) _ 1,173280,460
125.99993699999999,0.3382351249999971,54,121,Guitar 1,Electric Guitar (clean) _ 1,Electric Guitar (clean) _ 1,173280,460
125.99993699999999,0.3382351249999971,47,109,Guitar 1,Electric Guitar (clean) _ 1,Electric Guitar (clean) _ 1,173280,460
126.70581899999999,0.28235279999998397,59,106,Guitar 1,Electric Guitar (clean) _ 1,Electric Guitar (clean) _ 1,174240,384
126.70581899999999,0.28235279999998397,54,108,Guitar 1,Electric Guitar (clean) _ 1,Electric Guitar (clean) _ 1,174240,384
126.70581899999999,0.28235279999998397,47,110,Guitar 1,Electric Guitar (clean) _ 1,Electric Guitar (clean) _ 1,174240,384
127.411701,0.3382351249999829,59,113,Guitar 1,Electric Guitar (clean) _ 1,Electric Guitar (clean) _ 1,175200,460
127.411701,0.3382351249999829,54,111,Guitar 1,Electric Guitar (clean) _ 1,Electric Guitar (clean) _ 1,175200,460
127.411701,0.3382351249999829,47,109,Guitar 1,Electric Guitar (clean) _ 1,Electric Guitar (clean) _ 1,175200,460
128.117583,0.28235279999998397,59,125,Guitar 1,Electric Guitar (clean) _ 1,Electric Guitar (clean) _ 1,176160,384
128.117583,0.28235279999998397,54,114,Guitar 1,Electric Guitar (clean) _ 1,Electric Guitar (clean) _ 1,176160,384
128.117583,0.28235279999998397,47,108,Guitar 1,Electric Guitar (clean) _ 1,Electric Guitar (clean) _ 1,176160,384
128.823465,0.3382351249999829,59,123,Guitar 1,Electric Guitar (clean) _ 1,Electric Guitar (clean) _ 1,177120,460
128.823465,0.3382351249999829,54,124,Guitar 1,Electric Guitar (clean) _ 1,Electric Guitar (clean) _ 1,177120,460
128.823465,0.3382351249999829,47,113,Guitar 1,Electric Guitar (clean) _ 1,Electric Guitar (clean) _ 1,177120,460
129.529347,0.28235279999998397,59,113,Guitar 1,Electric Guitar (clean) _ 1,Electric Guitar (clean) _ 1,178080,384
129.529347,0.28235279999998397,54,95,Guitar 1,Electric Guitar (clean) _ 1,Electric Guitar (clean) _ 1,178080,384
129.529347,0.28235279999998397,47,110,Guitar 1,Electric Guitar (clean) _ 1,Electric Guitar (clean) _ 1,178080,384
130.23522899999998,0.3382351250000113,55,97,Guitar 1,Electric Guitar (clean) _ 1,Electric Guitar (clean) _ 1,179040,460
130.23522899999998,0.3382351250000113,50,108,Guitar 1,Electric Guitar (clean) _ 1,Electric Guitar (clean) _ 1,179040,460
130.23522899999998,0.3382351250000113,43,116,Guitar 1,Electric Guitar (clean) _ 1,Electric Guitar (clean) _ 1,179040,460
130.94111099999998,0.2823528000000124,55,100,Guitar 1,Electric Guitar (clean) _ 1,Electric Guitar (clean) _ 1,180000,384
130.94111099999998,0.2823528000000124,50,107,Guitar 1,Electric Guitar (clean) _ 1,Electric Guitar (clean) _ 1,180000,384
130.94111099999998,0.2823528000000124,43,98,Guitar 1,Electric Guitar (clean) _ 1,Electric Guitar (clean) _ 1,180000,384
131.64699299999998,0.3382351250000113,55,109,Guitar 1,Electric Guitar (clean) _ 1,Electric Guitar (clean) _ 1,180960,460
131.64699299999998,0.3382351250000113,50,115,Guitar 1,Electric Guitar (clean) _ 1,Electric Guitar (clean) _ 1,180960,460
131.64699299999998,0.3382351250000113,43,111,Guitar 1,Electric Guitar (clean) _ 1,Electric Guitar (clean) _ 1,180960,460
132.35287499999998,0.2823528000000124,55,107,Guitar 1,Electric Guitar (clean) _ 1,Electric Guitar (clean) _ 1,181920,384
132.35287499999998,0.2823528000000124,50,117,Guitar 1,Electric Guitar (clean) _ 1,Electric Guitar (clean) _ 1,181920,384
132.35287499999998,0.2823528000000124,43,117,Guitar 1,Electric Guitar (clean) _ 1,Electric Guitar (clean) _ 1,181920,384
133.05875699999999,0.3382351250000113,55,109,Guitar 1,Electric Guitar (clean) _ 1,Electric Guitar (clean) _ 1,182880,460
133.05875699999999,0.3382351250000113,50,113,Guitar 1,Electric Guitar (clean) _ 1,Electric Guitar (clean) _ 1,182880,460
133.05875699999999,0.3382351250000113,43,110,Guitar 1,Electric Guitar (clean) _ 1,Electric Guitar (clean) _ 1,182880,460
133.764639,0.2823528000000124,55,105,Guitar 1,Electric Guitar (clean) _ 1,Electric Guitar (clean) _ 1,183840,384
133.764639,0.2823528000000124,50,112,Guitar 1,Electric Guitar (clean) _ 1,Electric Guitar (clean) _ 1,183840,384
133.764639,0.2823528000000124,43,104,Guitar 1,Electric Guitar (clean) _ 1,Electric Guitar (clean) _ 1,183840,384
134.470521,0.3382351250000113,55,102,Guitar 1,Electric Guitar (clean) _ 1,Electric Guitar (clean) _ 1,184800,460
134.470521,0.3382351250000113,50,114,Guitar 1,Electric Guitar (clean) _ 1,Electric Guitar (clean) _ 1,184800,460
134.470521,0.3382351250000113,43,109,Guitar 1,Electric Guitar (clean) _ 1,Electric Guitar (clean) _ 1,184800,460
135.176403,0.28235279999998397,55,119,Guitar 1,Electric Guitar (clean) _ 1,Electric Guitar (clean) _ 1,185760,384
135.176403,0.28235279999998397,50,112,Guitar 1,Electric Guitar (clean) _ 1,Electric Guitar (clean) _ 1,185760,384
135.176403,0.28235279999998397,43,111,Guitar 1,Electric Guitar (clean) _ 1,Electric Guitar (clean) _ 1,185760,384
135.882285,0.3382351249999829,52,110,Guitar 1,Electric Guitar (clean) _ 1,Electric Guitar (clean) _ 1,186720,460
135.882285,0.3382351249999829,47,120,Guitar 1,Electric Guitar (clean) _ 1,Electric Guitar (clean) _ 1,186720,460
135.882285,0.3382351249999829,40,108,Guitar 1,Electric Guitar (clean) _ 1,Electric Guitar (clean) _ 1,186720,460
136.588167,0.28235279999998397,52,105,Guitar 1,Electric Guitar (clean) _ 1,Electric Guitar (clean) _ 1,187680,384
136.588167,0.28235279999998397,47,107,Guitar 1,Electric Guitar (clean) _ 1,Electric Guitar (clean) _ 1,187680,384
136.588167,0.28235279999998397,40,103,Guitar 1,Electric Guitar (clean) _ 1,Electric Guitar (clean) _ 1,187680,384
137.294049,0.3382351249999829,52,110,Guitar 1,Electric Guitar (clean) _ 1,Electric Guitar (clean) _ 1,188640,460
137.294049,0.3382351249999829,47,106,Guitar 1,Electric Guitar (clean) _ 1,Electric Guitar (clean) _ 1,188640,460
137.294049,0.3382351249999829,40,110,Guitar 1,Electric Guitar (clean) _ 1,Electric Guitar (clean) _ 1,188640,460
137.99993099999998,0.2823528000000124,52,110,Guitar 1,Electric Guitar (clean) _ 1,Electric Guitar (clean) _ 1,189600,384
137.99993099999998,0.2823528000000124,47,113,Guitar 1,Electric Guitar (clean) _ 1,Electric Guitar (clean) _ 1,189600,384
137.99993099999998,0.2823528000000124,40,102,Guitar 1,Electric Guitar (clean) _ 1,Electric Guitar (clean) _ 1,189600,384
138.70581299999998,0.3382351250000113,52,106,Guitar 1,Electric Guitar (clean) _ 1,Electric Guitar (clean) _ 1,190560,460
138.70581299999998,0.3382351250000113,47,114,Guitar 1,Electric Guitar (clean) _ 1,Electric Guitar (clean) _ 1,190560,460
138.70581299999998,0.3382351250000113,40,110,Guitar 1,Electric Guitar (clean) _ 1,Electric Guitar (clean) _ 1,190560,460
139.41169499999998,0.2823528000000124,52,118,Guitar 1,Electric Guitar (clean) _ 1,Electric Guitar (clean) _ 1,191520,384
139.41169499999998,0.2823528000000124,47,114,Guitar 1,Electric Guitar (clean) _ 1,Electric Guitar (clean) _ 1,191520,384
139.41169499999998,0.2823528000000124,40,112,Guitar 1,Electric Guitar (clean) _ 1,Electric Guitar (clean) _ 1,191520,384
140.11757699999998,0.3382351250000113,52,112,Guitar 1,Electric Guitar (clean) _ 1,Electric Guitar (clean) _ 1,192480,460
140.11757699999998,0.3382351250000113,47,115,Guitar 1,Electric Guitar (clean) _ 1,Electric Guitar (clean) _ 1,192480,460
140.11757699999998,0.3382351250000113,40,104,Guitar 1,Electric Guitar (clean) _ 1,Electric Guitar (clean) _ 1,192480,460
140.82345899999999,0.2823528000000124,52,125,Guitar 1,Electric Guitar (clean) _ 1,Electric Guitar (clean) _ 1,193440,384
140.82345899999999,0.2823528000000124,47,110,Guitar 1,Electric Guitar (clean) _ 1,Electric Guitar (clean) _ 1,193440,384
140.82345899999999,0.2823528000000124,40,103,Guitar 1,Electric Guitar (clean) _ 1,Electric Guitar (clean) _ 1,193440,384
141.1764,0.14117639999997778,52,105,Guitar 1,Electric Guitar (clean) _ 1,Electric Guitar (clean) _ 1,193920,192
141.3528705,0.1411764000000062,55,112,Guitar 1,Electric Guitar (clean) _ 1,Electric Guitar (clean) _ 1,194160,192
141.529341,0.1411764000000062,55,111,Guitar 1,Electric Guitar (clean) _ 1,Electric Guitar (clean) _ 1,194400,192
141.70581149999998,0.1411764000000062,59,123,Guitar 1,Electric Guitar (clean) _ 1,Electric Guitar (clean) _ 1,194640,192
141.88228199999998,0.1411764000000062,51,117,Guitar 1,Electric Guitar (clean) _ 1,Electric Guitar (clean) _ 1,194880,192
142.0587525,0.14117639999997778,54,123,Guitar 1,Electric Guitar (clean) _ 1,Electric Guitar (clean) _ 1,195120,192
142.235223,0.1411764000000062,55,100,Guitar 1,Electric Guitar (clean) _ 1,Electric Guitar (clean) _ 1,195360,192
142.41169349999998,0.1411764000000062,59,109,Guitar 1,Electric Guitar (clean) _ 1,Electric Guitar (clean) _ 1,195600,192
142.58816399999998,0.1411764000000062,50,102,Guitar 1,Electric Guitar (clean) _ 1,Electric Guitar (clean) _ 1,195840,192
142.7646345,0.14117639999997778,53,109,Guitar 1,Electric Guitar (clean) _ 1,Electric Guitar (clean) _ 1,196080,192
142.941105,0.1411764000000062,55,108,Guitar 1,Electric Guitar (clean) _ 1,Electric Guitar (clean) _ 1,196320,192
143.1175755,0.1411764000000062,59,115,Guitar 1,Electric Guitar (clean) _ 1,Electric Guitar (clean) _ 1,196560,192
143.29404599999998,0.1411764000000062,49,108,Guitar 1,Electric Guitar (clean) _ 1,Electric Guitar (clean) _ 1,196800,192
143.4705165,0.14117639999997778,52,104,Guitar 1,Electric Guitar (clean) _ 1,Electric Guitar (clean) _ 1,197040,192
143.646987,0.1411764000000062,55,111,Guitar 1,Electric Guitar (clean) _ 1,Electric Guitar (clean) _ 1,197280,192
143.8234575,0.1411764000000062,59,115,Guitar 1,Electric Guitar (clean) _ 1,Electric Guitar (clean) _ 1,197520,192
143.99992799999998,2.258822400000014,54,101,Guitar 1,Electric Guitar (clean) _ 1,Electric Guitar (clean) _ 1,197760,3072
146.823456,2.371764000000013,57,116,Guitar 1,Electric Guitar (clean) _ 1,Electric Guitar (clean) _ 1,201600,3072
0.0,0.28235279999999996,47,89,Guitar 2,Acoustic Guitar (steel) _ 1,Acoustic Guitar (steel) _ 1,1920,384
0.0,0.28235279999999996,54,92,Guitar 2,Acoustic Guitar (steel) _ 1,Acoustic Guitar (steel) _ 1,1920,384
0.0,0.28235279999999996,59,90,Guitar 2,Acoustic Guitar (steel) _ 1,Acoustic Guitar (steel) _ 1,1920,384
0.0,0.28235279999999996,62,81,Guitar 2,Acoustic Guitar (steel) _ 1,Acoustic Guitar (steel) _ 1,1920,384
0.0,0.28235279999999996,66,90,Guitar 2,Acoustic Guitar (steel) _ 1,Acoustic Guitar (steel) _ 1,1920,384
0.35294099999999995,0.28235279999999974,47,104,Guitar 2,Acoustic Guitar (steel) _ 1,Acoustic Guitar (steel) _ 1,2400,384
0.35294099999999995,0.28235279999999974,54,100,Guitar 2,Acoustic Guitar (steel) _ 1,Acoustic Guitar (steel) _ 1,2400,384
0.35294099999999995,0.28235279999999974,59,103,Guitar 2,Acoustic Guitar (steel) _ 1,Acoustic Guitar (steel) _ 1,2400,384
0.35294099999999995,0.28235279999999974,62,90,Guitar 2,Acoustic Guitar (steel) _ 1,Acoustic Guitar (steel) _ 1,2400,384
0.35294099999999995,0.28235279999999974,66,88,Guitar 2,Acoustic Guitar (steel) _ 1,Acoustic Guitar (steel) _ 1,2400,384
0.7058819999999997,0.14117639999999998,47,91,Guitar 2,Acoustic Guitar (steel) _ 1,Acoustic Guitar (steel) _ 1,2880,192
0.7058819999999997,0.14117639999999998,54,100,Guitar 2,Acoustic Guitar (steel) _ 1,Acoustic Guitar (steel) _ 1,2880,192
0.7058819999999997,0.14117639999999998,59,80,Guitar 2,Acoustic Guitar (steel) _ 1,Acoustic Guitar (steel) _ 1,2880,192
0.7058819999999997,0.14117639999999998,62,86,Guitar 2,Acoustic Guitar (steel) _ 1,Acoustic Guitar (steel) _ 1,2880,192
0.7058819999999997,0.14117639999999998,66,77,Guitar 2,Acoustic Guitar (steel) _ 1,Acoustic Guitar (steel) _ 1,2880,192
0.8823524999999999,0.14117639999999998,47,84,Guitar 2,Acoustic Guitar (steel) _ 1,Acoustic Guitar (steel) _ 1,3120,192
0.8823524999999999,0.14117639999999998,54,99,Guitar 2,Acoustic Guitar (steel) _ 1,Acoustic Guitar (steel) _ 1,3120,192
0.8823524999999999,0.14117639999999998,59,84,Guitar 2,Acoustic Guitar (steel) _ 1,Acoustic Guitar (steel) _ 1,3120,192
0.8823524999999999,0.14117639999999998,62,99,Guitar 2,Acoustic Guitar (steel) _ 1,Acoustic Guitar (steel) _ 1,3120,192
0.8823524999999999,0.14117639999999998,66,100,Guitar 2,Acoustic Guitar (steel) _ 1,Acoustic Guitar (steel) _ 1,3120,192
1.058823,0.28235279999999996,47,88,Guitar 2,Acoustic Guitar (steel) _ 1,Acoustic Guitar (steel) _ 1,3360,384
1.058823,0.28235279999999996,54,75,Guitar 2,Acoustic Guitar (steel) _ 1,Acoustic Guitar (steel) _ 1,3360,384
1.058823,0.28235279999999996,59,82,Guitar 2,Acoustic Guitar (steel) _ 1,Acoustic Guitar (steel) _ 1,3360,384
1.058823,0.28235279999999996,66,96,Guitar 2,Acoustic Guitar (steel) _ 1,Acoustic Guitar (steel) _ 1,3360,384
1.058823,0.28235279999999996,62,87,Guitar 2,Acoustic Guitar (steel) _ 1,Acoustic Guitar (steel) _ 1,3360,384
1.411764,0.28235279999999996,47,91,Guitar 2,Acoustic Guitar (steel) _ 1,Acoustic Guitar (steel) _ 1,3840,384
1.411764,0.28235279999999996,54,82,Guitar 2,Acoustic Guitar (steel) _ 1,Acoustic Guitar (steel) _ 1,3840,384
1.411764,0.28235279999999996,59,90,Guitar 2,Acoustic Guitar (steel) _ 1,Acoustic Guitar (steel) _ 1,3840,384
1.411764,0.28235279999999996,62,85,Guitar 2,Acoustic Guitar (steel) _ 1,Acoustic Guitar (steel) _ 1,3840,384
1.411764,0.28235279999999996,66,90,Guitar 2,Acoustic Guitar (steel) _ 1,Acoustic Guitar (steel) _ 1,3840,384
1.764705,0.28235279999999996,47,85,Guitar 2,Acoustic Guitar (steel) _ 1,Acoustic Guitar (steel) _ 1,4320,384
1.764705,0.28235279999999996,54,91,Guitar 2,Acoustic Guitar (steel) _ 1,Acoustic Guitar (steel) _ 1,4320,384
1.764705,0.28235279999999996,59,90,Guitar 2,Acoustic Guitar (steel) _ 1,Acoustic Guitar (steel) _ 1,4320,384
1.764705,0.28235279999999996,62,90,Guitar 2,Acoustic Guitar (steel) _ 1,Acoustic Guitar (steel) _ 1,4320,384
1.764705,0.28235279999999996,66,96,Guitar 2,Acoustic Guitar (steel) _ 1,Acoustic Guitar (steel) _ 1,4320,384
2.1176459999999997,0.14117639999999998,47,90,Guitar 2,Acoustic Guitar (steel) _ 1,Acoustic Guitar (steel) _ 1,4800,192
2.1176459999999997,0.14117639999999998,54,90,Guitar 2,Acoustic Guitar (steel) _ 1,Acoustic Guitar (steel) _ 1,4800,192
2.1176459999999997,0.14117639999999998,59,104,Guitar 2,Acoustic Guitar (steel) _ 1,Acoustic Guitar (steel) _ 1,4800,192
2.1176459999999997,0.14117639999999998,62,85,Guitar 2,Acoustic Guitar (steel) _ 1,Acoustic Guitar (steel) _ 1,4800,192
2.1176459999999997,0.14117639999999998,66,88,Guitar 2,Acoustic Guitar (steel) _ 1,Acoustic Guitar (steel) _ 1,4800,192
2.2941164999999994,0.14117639999999998,47,90,Guitar 2,Acoustic Guitar (steel) _ 1,Acoustic Guitar (steel) _ 1,5040,192
2.2941164999999994,0.14117639999999998,54,90,Guitar 2,Acoustic Guitar (steel) _ 1,Acoustic Guitar (steel) _ 1,5040,192
2.2941164999999994,0.14117639999999998,59,88,Guitar 2,Acoustic Guitar (steel) _ 1,Acoustic Guitar (steel) _ 1,5040,192
2.2941164999999994,0.14117639999999998,62,90,Guitar 2,Acoustic Guitar (steel) _ 1,Acoustic Guitar (steel) _ 1,5040,192
2.2941164999999994,0.14117639999999998,66,91,Guitar 2,Acoustic Guitar (steel) _ 1,Acoustic Guitar (steel) _ 1,5040,192
2.470587,0.28235279999999996,47,92,Guitar 2,Acoustic Guitar (steel) _ 1,Acoustic Guitar (steel) _ 1,5280,384
2.470587,0.28235279999999996,54,83,Guitar 2,Acoustic Guitar (steel) _ 1,Acoustic Guitar (steel) _ 1,5280,384
2.470587,0.28235279999999996,59,78,Guitar 2,Acoustic Guitar (steel) _ 1,Acoustic Guitar (steel) _ 1,5280,384
2.470587,0.28235279999999996,66,77,Guitar 2,Acoustic Guitar (steel) _ 1,Acoustic Guitar (steel) _ 1,5280,384
2.470587,0.28235279999999996,62,100,Guitar 2,Acoustic Guitar (steel) _ 1,Acoustic Guitar (steel) _ 1,5280,384
2.8235279999999996,0.28235279999999996,43,93,Guitar 2,Acoustic Guitar (steel) _ 1,Acoustic Guitar (steel) _ 1,5760,384
2.8235279999999996,0.28235279999999996,50,93,Guitar 2,Acoustic Guitar (steel) _ 1,Acoustic Guitar (steel) _ 1,5760,384
2.8235279999999996,0.28235279999999996,55,92,Guitar 2,Acoustic Guitar (steel) _ 1,Acoustic Guitar (steel) _ 1,5760,384
2.8235279999999996,0.28235279999999996,59,88,Guitar 2,Acoustic Guitar (steel) _ 1,Acoustic Guitar (steel) _ 1,5760,384
2.8235279999999996,0.28235279999999996,62,90,Guitar 2,Acoustic Guitar (steel) _ 1,Acoustic Guitar (steel) _ 1,5760,384
2.8235279999999996,0.28235279999999996,67,93,Guitar 2,Acoustic Guitar (steel) _ 1,Acoustic Guitar (steel) _ 1,5760,384
3.176469,0.28235279999999996,43,90,Guitar 2,Acoustic Guitar (steel) _ 1,Acoustic Guitar (steel) _ 1,6240,384
3.176469,0.28235279999999996,50,93,Guitar 2,Acoustic Guitar (steel) _ 1,Acoustic Guitar (steel) _ 1,6240,384
3.176469,0.28235279999999996,55,86,Guitar 2,Acoustic Guitar (steel) _ 1,Acoustic Guitar (steel) _ 1,6240,384
3.176469,0.28235279999999996,59,78,Guitar 2,Acoustic Guitar (steel) _ 1,Acoustic Guitar (steel) _ 1,6240,384
3.176469,0.28235279999999996,62,104,Guitar 2,Acoustic Guitar (steel) _ 1,Acoustic Guitar (steel) _ 1,6240,384
3.176469,0.28235279999999996,67,93,Guitar 2,Acoustic Guitar (steel) _ 1,Acoustic Guitar (steel) _ 1,6240,384
3.5294100000000004,0.14117639999999998,43,95,Guitar 2,Acoustic Guitar (steel) _ 1,Acoustic Guitar (steel) _ 1,6720,192
3.5294100000000004,0.14117639999999998,50,94,Guitar 2,Acoustic Guitar (steel) _ 1,Acoustic Guitar (steel) _ 1,6720,192
3.5294100000000004,0.14117639999999998,55,93,Guitar 2,Acoustic Guitar (steel) _ 1,Acoustic Guitar (steel) _ 1,6720,192
3.5294100000000004,0.14117639999999998,59,93,Guitar 2,Acoustic Guitar (steel) _ 1,Acoustic Guitar (steel) _ 1,6720,192
3.5294100000000004,0.14117639999999998,62,87,Guitar 2,Acoustic Guitar (steel) _ 1,Acoustic Guitar (steel) _ 1,6720,192
3.5294100000000004,0.14117639999999998,67,104,Guitar 2,Acoustic Guitar (steel) _ 1,Acoustic Guitar (steel) _ 1,6720,192
3.7058805,0.14117639999999998,43,98,Guitar 2,Acoustic Guitar (steel) _ 1,Acoustic Guitar (steel) _ 1,6960,192
3.7058805,0.14117639999999998,50,83,Guitar 2,Acoustic Guitar (steel) _ 1,Acoustic Guitar (steel) _ 1,6960,192
3.7058805,0.14117639999999998,55,92,Guitar 2,Acoustic Guitar (steel) _ 1,Acoustic Guitar (steel) _ 1,6960,192
3.7058805,0.14117639999999998,59,90,Guitar 2,Acoustic Guitar (steel) _ 1,Acoustic Guitar (steel) _ 1,6960,192
3.7058805,0.14117639999999998,62,88,Guitar 2,Acoustic Guitar (steel) _ 1,Acoustic Guitar (steel) _ 1,6960,192
3.7058805,0.14117639999999998,67,92,Guitar 2,Acoustic Guitar (steel) _ 1,Acoustic Guitar (steel) _ 1,6960,192
3.882351,0.28235279999999996,43,90,Guitar 2,Acoustic Guitar (steel) _ 1,Acoustic Guitar (steel) _ 1,7200,384
3.882351,0.28235279999999996,50,86,Guitar 2,Acoustic Guitar (steel) _ 1,Acoustic Guitar (steel) _ 1,7200,384
3.882351,0.28235279999999996,55,89,Guitar 2,Acoustic Guitar (steel) _ 1,Acoustic Guitar (steel) _ 1,7200,384
3.882351,0.28235279999999996,59,91,Guitar 2,Acoustic Guitar (steel) _ 1,Acoustic Guitar (steel) _ 1,7200,384
3.882351,0.28235279999999996,62,77,Guitar 2,Acoustic Guitar (steel) _ 1,Acoustic Guitar (steel) _ 1,7200,384
3.882351,0.28235279999999996,67,78,Guitar 2,Acoustic Guitar (steel) _ 1,Acoustic Guitar (steel) _ 1,7200,384
4.235292,0.28235279999999996,43,97,Guitar 2,Acoustic Guitar (steel) _ 1,Acoustic Guitar (steel) _ 1,7680,384
4.235292,0.28235279999999996,50,103,Guitar 2,Acoustic Guitar (steel) _ 1,Acoustic Guitar (steel) _ 1,7680,384
4.235292,0.28235279999999996,55,82,Guitar 2,Acoustic Guitar (steel) _ 1,Acoustic Guitar (steel) _ 1,7680,384
4.235292,0.28235279999999996,59,100,Guitar 2,Acoustic Guitar (steel) _ 1,Acoustic Guitar (steel) _ 1,7680,384
4.235292,0.28235279999999996,62,91,Guitar 2,Acoustic Guitar (steel) _ 1,Acoustic Guitar (steel) _ 1,7680,384
4.235292,0.28235279999999996,67,94,Guitar 2,Acoustic Guitar (steel) _ 1,Acoustic Guitar (steel) _ 1,7680,384
4.588233,0.28235279999999996,43,93,Guitar 2,Acoustic Guitar (steel) _ 1,Acoustic Guitar (steel) _ 1,8160,384
4.588233,0.28235279999999996,50,103,Guitar 2,Acoustic Guitar (steel) _ 1,Acoustic Guitar (steel) _ 1,8160,384
4.588233,0.28235279999999996,55,92,Guitar 2,Acoustic Guitar (steel) _ 1,Acoustic Guitar (steel) _ 1,8160,384
4.588233,0.28235279999999996,59,78,Guitar 2,Acoustic Guitar (steel) _ 1,Acoustic Guitar (steel) _ 1,8160,384
4.588233,0.28235279999999996,62,90,Guitar 2,Acoustic Guitar (steel) _ 1,Acoustic Guitar (steel) _ 1,8160,384
4.588233,0.28235279999999996,67,100,Guitar 2,Acoustic Guitar (steel) _ 1,Acoustic Guitar (steel) _ 1,8160,384
4.941174,0.14117639999999998,43,77,Guitar 2,Acoustic Guitar (steel) _ 1,Acoustic Guitar (steel) _ 1,8640,192
4.941174,0.14117639999999998,50,92,Guitar 2,Acoustic Guitar (steel) _ 1,Acoustic Guitar (steel) _ 1,8640,192
4.941174,0.14117639999999998,55,93,Guitar 2,Acoustic Guitar (steel) _ 1,Acoustic Guitar (steel) _ 1,8640,192
4.941174,0.14117639999999998,59,90,Guitar 2,Acoustic Guitar (steel) _ 1,Acoustic Guitar (steel) _ 1,8640,192
4.941174,0.14117639999999998,62,88,Guitar 2,Acoustic Guitar (steel) _ 1,Acoustic Guitar (steel) _ 1,8640,192
4.941174,0.14117639999999998,67,93,Guitar 2,Acoustic Guitar (steel) _ 1,Acoustic Guitar (steel) _ 1,8640,192
5.1176445,0.14117639999999998,43,89,Guitar 2,Acoustic Guitar (steel) _ 1,Acoustic Guitar (steel) _ 1,8880,192
5.1176445,0.14117639999999998,50,92,Guitar 2,Acoustic Guitar (steel) _ 1,Acoustic Guitar (steel) _ 1,8880,192
5.1176445,0.14117639999999998,55,90,Guitar 2,Acoustic Guitar (steel) _ 1,Acoustic Guitar (steel) _ 1,8880,192
5.1176445,0.14117639999999998,59,90,Guitar 2,Acoustic Guitar (steel) _ 1,Acoustic Guitar (steel) _ 1,8880,192
5.1176445,0.14117639999999998,62,99,Guitar 2,Acoustic Guitar (steel) _ 1,Acoustic Guitar (steel) _ 1,8880,192
5.1176445,0.14117639999999998,67,94,Guitar 2,Acoustic Guitar (steel) _ 1,Acoustic Guitar (steel) _ 1,8880,192
5.294115,0.28235279999999996,43,82,Guitar 2,Acoustic Guitar (steel) _ 1,Acoustic Guitar (steel) _ 1,9120,384
5.294115,0.28235279999999996,50,89,Guitar 2,Acoustic Guitar (steel) _ 1,Acoustic Guitar (steel) _ 1,9120,384
5.294115,0.28235279999999996,55,93,Guitar 2,Acoustic Guitar (steel) _ 1,Acoustic Guitar (steel) _ 1,9120,384
5.294115,0.28235279999999996,59,103,Guitar 2,Acoustic Guitar (steel) _ 1,Acoustic Guitar (steel) _ 1,9120,384
5.294115,0.28235279999999996,62,90,Guitar 2,Acoustic Guitar (steel) _ 1,Acoustic Guitar (steel) _ 1,9120,384
5.294115,0.28235279999999996,67,94,Guitar 2,Acoustic Guitar (steel) _ 1,Acoustic Guitar (steel) _ 1,9120,384
5.647056,0.28235279999999996,40,90,Guitar 2,Acoustic Guitar (steel) _ 1,Acoustic Guitar (steel) _ 1,9600,384
5.647056,0.28235279999999996,47,101,Guitar 2,Acoustic Guitar (steel) _ 1,Acoustic Guitar (steel) _ 1,9600,384
5.647056,0.28235279999999996,52,78,Guitar 2,Acoustic Guitar (steel) _ 1,Acoustic Guitar (steel) _ 1,9600,384
5.647056,0.28235279999999996,56,88,Guitar 2,Acoustic Guitar (steel) _ 1,Acoustic Guitar (steel) _ 1,9600,384
5.647056,0.28235279999999996,59,92,Guitar 2,Acoustic Guitar (steel) _ 1,Acoustic Guitar (steel) _ 1,9600,384
5.647056,0.28235279999999996,64,90,Guitar 2,Acoustic Guitar (steel) _ 1,Acoustic Guitar (steel) _ 1,9600,384
5.999997,0.28235279999999996,40,77,Guitar 2,Acoustic Guitar (steel) _ 1,Acoustic Guitar (steel) _ 1,10080,384
5.999997,0.28235279999999996,47,80,Guitar 2,Acoustic Guitar (steel) _ 1,Acoustic Guitar (steel) _ 1,10080,384
5.999997,0.28235279999999996,52,90,Guitar 2,Acoustic Guitar (steel) _ 1,Acoustic Guitar (steel) _ 1,10080,384
5.999997,0.28235279999999996,56,83,Guitar 2,Acoustic Guitar (steel) _ 1,Acoustic Guitar (steel) _ 1,10080,384
5.999997,0.28235279999999996,59,90,Guitar 2,Acoustic Guitar (steel) _ 1,Acoustic Guitar (steel) _ 1,10080,384
5.999997,0.28235279999999996,64,100,Guitar 2,Acoustic Guitar (steel) _ 1,Acoustic Guitar (steel) _ 1,10080,384
6.352938,0.14117639999999998,40,89,Guitar 2,Acoustic Guitar (steel) _ 1,Acoustic Guitar (steel) _ 1,10560,192
6.352938,0.14117639999999998,47,81,Guitar 2,Acoustic Guitar (steel) _ 1,Acoustic Guitar (steel) _ 1,10560,192
6.352938,0.14117639999999998,52,95,Guitar 2,Acoustic Guitar (steel) _ 1,Acoustic Guitar (steel) _ 1,10560,192
6.352938,0.14117639999999998,56,89,Guitar 2,Acoustic Guitar (steel) _ 1,Acoustic Guitar (steel) _ 1,10560,192
6.352938,0.14117639999999998,59,80,Guitar 2,Acoustic Guitar (steel) _ 1,Acoustic Guitar (steel) _ 1,10560,192
6.352938,0.14117639999999998,64,80,Guitar 2,Acoustic Guitar (steel) _ 1,Acoustic Guitar (steel) _ 1,10560,192
6.5294085,0.14117639999999998,40,95,Guitar 2,Acoustic Guitar (steel) _ 1,Acoustic Guitar (steel) _ 1,10800,192
6.5294085,0.14117639999999998,47,86,Guitar 2,Acoustic Guitar (steel) _ 1,Acoustic Guitar (steel) _ 1,10800,192
6.5294085,0.14117639999999998,52,78,Guitar 2,Acoustic Guitar (steel) _ 1,Acoustic Guitar (steel) _ 1,10800,192
6.5294085,0.14117639999999998,56,93,Guitar 2,Acoustic Guitar (steel) _ 1,Acoustic Guitar (steel) _ 1,10800,192
6.5294085,0.14117639999999998,59,81,Guitar 2,Acoustic Guitar (steel) _ 1,Acoustic Guitar (steel) _ 1,10800,192
6.5294085,0.14117639999999998,64,82,Guitar 2,Acoustic Guitar (steel) _ 1,Acoustic Guitar (steel) _ 1,10800,192
6.7058789999999995,0.28235279999999996,40,79,Guitar 2,Acoustic Guitar (steel) _ 1,Acoustic Guitar (steel) _ 1,11040,384
6.7058789999999995,0.28235279999999996,47,92,Guitar 2,Acoustic Guitar (steel) _ 1,Acoustic Guitar (steel) _ 1,11040,384
6.7058789999999995,0.28235279999999996,52,103,Guitar 2,Acoustic Guitar (steel) _ 1,Acoustic Guitar (steel) _ 1,11040,384
6.7058789999999995,0.28235279999999996,56,96,Guitar 2,Acoustic Guitar (steel) _ 1,Acoustic Guitar (steel) _ 1,11040,384
6.7058789999999995,0.28235279999999996,59,82,Guitar 2,Acoustic Guitar (steel) _ 1,Acoustic Guitar (steel) _ 1,11040,384
6.7058789999999995,0.28235279999999996,64,82,Guitar 2,Acoustic Guitar (steel) _ 1,Acoustic Guitar (steel) _ 1,11040,384
7.058819999999999,0.28235279999999996,40,102,Guitar 2,Acoustic Guitar (steel) _ 1,Acoustic Guitar (steel) _ 1,11520,384
7.058819999999999,0.28235279999999996,47,93,Guitar 2,Acoustic Guitar (steel) _ 1,Acoustic Guitar (steel) _ 1,11520,384
7.058819999999999,0.28235279999999996,52,88,Guitar 2,Acoustic Guitar (steel) _ 1,Acoustic Guitar (steel) _ 1,11520,384
7.058819999999999,0.28235279999999996,56,89,Guitar 2,Acoustic Guitar (steel) _ 1,Acoustic Guitar (steel) _ 1,11520,384
7.058819999999999,0.28235279999999996,59,89,Guitar 2,Acoustic Guitar (steel) _ 1,Acoustic Guitar (steel) _ 1,11520,384
7.058819999999999,0.28235279999999996,64,87,Guitar 2,Acoustic Guitar (steel) _ 1,Acoustic Guitar (steel) _ 1,11520,384
7.411761,0.33823512499999886,40,80,Guitar 2,Acoustic Guitar (steel) _ 1,Acoustic Guitar (steel) _ 1,12000,460
7.411761,0.33823512499999886,47,90,Guitar 2,Acoustic Guitar (steel) _ 1,Acoustic Guitar (steel) _ 1,12000,460
7.411761,0.33823512499999886,52,90,Guitar 2,Acoustic Guitar (steel) _ 1,Acoustic Guitar (steel) _ 1,12000,460
7.411761,0.33823512499999886,56,90,Guitar 2,Acoustic Guitar (steel) _ 1,Acoustic Guitar (steel) _ 1,12000,460
7.411761,0.33823512499999886,59,95,Guitar 2,Acoustic Guitar (steel) _ 1,Acoustic Guitar (steel) _ 1,12000,460
7.411761,0.33823512499999886,64,89,Guitar 2,Acoustic Guitar (steel) _ 1,Acoustic Guitar (steel) _ 1,12000,460
7.9411725,0.1411763999999991,40,93,Guitar 2,Acoustic Guitar (steel) _ 1,Acoustic Guitar (steel) _ 1,12720,192
7.9411725,0.1411763999999991,47,92,Guitar 2,Acoustic Guitar (steel) _ 1,Acoustic Guitar (steel) _ 1,12720,192
7.9411725,0.1411763999999991,52,85,Guitar 2,Acoustic Guitar (steel) _ 1,Acoustic Guitar (steel) _ 1,12720,192
7.9411725,0.1411763999999991,56,91,Guitar 2,Acoustic Guitar (steel) _ 1,Acoustic Guitar (steel) _ 1,12720,192
7.9411725,0.1411763999999991,59,89,Guitar 2,Acoustic Guitar (steel) _ 1,Acoustic Guitar (steel) _ 1,12720,192
7.9411725,0.1411763999999991,64,102,Guitar 2,Acoustic Guitar (steel) _ 1,Acoustic Guitar (steel) _ 1,12720,192
8.117643,0.28235279999999996,40,89,Guitar 2,Acoustic Guitar (steel) _ 1,Acoustic Guitar (steel) _ 1,12960,384
8.117643,0.28235279999999996,47,87,Guitar 2,Acoustic Guitar (steel) _ 1,Acoustic Guitar (steel) _ 1,12960,384
8.117643,0.28235279999999996,52,89,Guitar 2,Acoustic Guitar (steel) _ 1,Acoustic Guitar (steel) _ 1,12960,384
8.117643,0.28235279999999996,56,82,Guitar 2,Acoustic Guitar (steel) _ 1,Acoustic Guitar (steel) _ 1,12960,384
8.117643,0.28235279999999996,59,105,Guitar 2,Acoustic Guitar (steel) _ 1,Acoustic Guitar (steel) _ 1,12960,384
8.117643,0.28235279999999996,64,91,Guitar 2,Acoustic Guitar (steel) _ 1,Acoustic Guitar (steel) _ 1,12960,384
8.470584,2.2588223999999997,45,80,Guitar 2,Acoustic Guitar (steel) _ 1,Acoustic Guitar (steel) _ 1,13440,3072
8.470584,2.2588223999999997,52,102,Guitar 2,Acoustic Guitar (steel) _ 1,Acoustic Guitar (steel) _ 1,13440,3072
8.470584,2.2588223999999997,55,91,Guitar 2,Acoustic Guitar (steel) _ 1,Acoustic Guitar (steel) _ 1,13440,3072
8.470584,2.2588223999999997,61,85,Guitar 2,Acoustic Guitar (steel) _ 1,Acoustic Guitar (steel) _ 1,13440,3072
8.470584,2.2588223999999997,64,81,Guitar 2,Acoustic Guitar (steel) _ 1,Acoustic Guitar (steel) _ 1,13440,3072
11.294112,0.28235279999999996,45,91,Guitar 2,Acoustic Guitar (steel) _ 1,Acoustic Guitar (steel) _ 1,17280,384
11.294112,0.28235279999999996,52,92,Guitar 2,Acoustic Guitar (steel) _ 1,Acoustic Guitar (steel) _ 1,17280,384
11.294112,0.28235279999999996,57,83,Guitar 2,Acoustic Guitar (steel) _ 1,Acoustic Guitar (steel) _ 1,17280,384
11.294112,0.28235279999999996,61,102,Guitar 2,Acoustic Guitar (steel) _ 1,Acoustic Guitar (steel) _ 1,17280,384
11.294112,0.28235279999999996,64,89,Guitar 2,Acoustic Guitar (steel) _ 1,Acoustic Guitar (steel) _ 1,17280,384
11.647053,0.28235279999999996,45,94,Guitar 2,Acoustic Guitar (steel) _ 1,Acoustic Guitar (steel) _ 1,17760,384
11.647053,0.28235279999999996,52,84,Guitar 2,Acoustic Guitar (steel) _ 1,Acoustic Guitar (steel) _ 1,17760,384
11.647053,0.28235279999999996,57,84,Guitar 2,Acoustic Guitar (steel) _ 1,Acoustic Guitar (steel) _ 1,17760,384
11.647053,0.28235279999999996,61,83,Guitar 2,Acoustic Guitar (steel) _ 1,Acoustic Guitar (steel) _ 1,17760,384
11.647053,0.28235279999999996,64,90,Guitar 2,Acoustic Guitar (steel) _ 1,Acoustic Guitar (steel) _ 1,17760,384
11.999994,0.14117640000000087,45,93,Guitar 2,Acoustic Guitar (steel) _ 1,Acoustic Guitar (steel) _ 1,18240,192
11.999994,0.14117640000000087,52,90,Guitar 2,Acoustic Guitar (steel) _ 1,Acoustic Guitar (steel) _ 1,18240,192
11.999994,0.14117640000000087,57,97,Guitar 2,Acoustic Guitar (steel) _ 1,Acoustic Guitar (steel) _ 1,18240,192
11.999994,0.14117640000000087,61,104,Guitar 2,Acoustic Guitar (steel) _ 1,Acoustic Guitar (steel) _ 1,18240,192
11.999994,0.14117640000000087,64,81,Guitar 2,Acoustic Guitar (steel) _ 1,Acoustic Guitar (steel) _ 1,18240,192
12.1764645,0.1411763999999991,45,88,Guitar 2,Acoustic Guitar (steel) _ 1,Acoustic Guitar (steel) _ 1,18480,192
12.1764645,0.1411763999999991,52,90,Guitar 2,Acoustic Guitar (steel) _ 1,Acoustic Guitar (steel) _ 1,18480,192
12.1764645,0.1411763999999991,57,98,Guitar 2,Acoustic Guitar (steel) _ 1,Acoustic Guitar (steel) _ 1,18480,192
12.1764645,0.1411763999999991,61,100,Guitar 2,Acoustic Guitar (steel) _ 1,Acoustic Guitar (steel) _ 1,18480,192
12.1764645,0.1411763999999991,64,103,Guitar 2,Acoustic Guitar (steel) _ 1,Acoustic Guitar (steel) _ 1,18480,192
12.352935,0.28235279999999996,45,81,Guitar 2,Acoustic Guitar (steel) _ 1,Acoustic Guitar (steel) _ 1,18720,384
12.352935,0.28235279999999996,52,103,Guitar 2,Acoustic Guitar (steel) _ 1,Acoustic Guitar (steel) _ 1,18720,384
12.352935,0.28235279999999996,57,90,Guitar 2,Acoustic Guitar (steel) _ 1,Acoustic Guitar (steel) _ 1,18720,384
12.352935,0.28235279999999996,61,93,Guitar 2,Acoustic Guitar (steel) _ 1,Acoustic Guitar (steel) _ 1,18720,384
12.352935,0.28235279999999996,64,90,Guitar 2,Acoustic Guitar (steel) _ 1,Acoustic Guitar (steel) _ 1,18720,384
12.705876,0.28235279999999996,45,90,Guitar 2,Acoustic Guitar (steel) _ 1,Acoustic Guitar (steel) _ 1,19200,384
12.705876,0.28235279999999996,52,78,Guitar 2,Acoustic Guitar (steel) _ 1,Acoustic Guitar (steel) _ 1,19200,384
12.705876,0.28235279999999996,57,85,Guitar 2,Acoustic Guitar (steel) _ 1,Acoustic Guitar (steel) _ 1,19200,384
12.705876,0.28235279999999996,61,91,Guitar 2,Acoustic Guitar (steel) _ 1,Acoustic Guitar (steel) _ 1,19200,384
12.705876,0.28235279999999996,64,76,Guitar 2,Acoustic Guitar (steel) _ 1,Acoustic Guitar (steel) _ 1,19200,384
13.058817,0.14117640000000087,45,95,Guitar 2,Acoustic Guitar (steel) _ 1,Acoustic Guitar (steel) _ 1,19680,192
13.058817,0.14117640000000087,52,90,Guitar 2,Acoustic Guitar (steel) _ 1,Acoustic Guitar (steel) _ 1,19680,192
13.058817,0.14117640000000087,57,99,Guitar 2,Acoustic Guitar (steel) _ 1,Acoustic Guitar (steel) _ 1,19680,192
13.058817,0.14117640000000087,61,91,Guitar 2,Acoustic Guitar (steel) _ 1,Acoustic Guitar (steel) _ 1,19680,192
13.058817,0.14117640000000087,64,96,Guitar 2,Acoustic Guitar (steel) _ 1,Acoustic Guitar (steel) _ 1,19680,192
13.2352875,0.1411763999999991,45,81,Guitar 2,Acoustic Guitar (steel) _ 1,Acoustic Guitar (steel) _ 1,19920,192
13.2352875,0.1411763999999991,52,86,Guitar 2,Acoustic Guitar (steel) _ 1,Acoustic Guitar (steel) _ 1,19920,192
13.2352875,0.1411763999999991,57,89,Guitar 2,Acoustic Guitar (steel) _ 1,Acoustic Guitar (steel) _ 1,19920,192
13.2352875,0.1411763999999991,61,77,Guitar 2,Acoustic Guitar (steel) _ 1,Acoustic Guitar (steel) _ 1,19920,192
13.2352875,0.1411763999999991,64,94,Guitar 2,Acoustic Guitar (steel) _ 1,Acoustic Guitar (steel) _ 1,19920,192
13.411757999999999,0.14117640000000087,45,103,Guitar 2,Acoustic Guitar (steel) _ 1,Acoustic Guitar (steel) _ 1,20160,192
13.411757999999999,0.14117640000000087,52,86,Guitar 2,Acoustic Guitar (steel) _ 1,Acoustic Guitar (steel) _ 1,20160,192
13.411757999999999,0.14117640000000087,64,103,Guitar 2,Acoustic Guitar (steel) _ 1,Acoustic Guitar (steel) _ 1,20160,192
13.411757999999999,0.14117640000000087,61,95,Guitar 2,Acoustic Guitar (steel) _ 1,Acoustic Guitar (steel) _ 1,20160,192
13.411757999999999,0.14117640000000087,57,90,Guitar 2,Acoustic Guitar (steel) _ 1,Acoustic Guitar (steel) _ 1,20160,192
13.5882285,0.1411763999999991,45,102,Guitar 2,Acoustic Guitar (steel) _ 1,Acoustic Guitar (steel) _ 1,20400,192
13.5882285,0.1411763999999991,52,95,Guitar 2,Acoustic Guitar (steel) _ 1,Acoustic Guitar (steel) _ 1,20400,192
13.5882285,0.1411763999999991,64,96,Guitar 2,Acoustic Guitar (steel) _ 1,Acoustic Guitar (steel) _ 1,20400,192
13.5882285,0.1411763999999991,61,104,Guitar 2,Acoustic Guitar (steel) _ 1,Acoustic Guitar (steel) _ 1,20400,192
13.5882285,0.1411763999999991,57,89,Guitar 2,Acoustic Guitar (steel) _ 1,Acoustic Guitar (steel) _ 1,20400,192
13.764699,0.1411763999999991,45,94,Guitar 2,Acoustic Guitar (steel) _ 1,Acoustic Guitar (steel) _ 1,20640,192
13.764699,0.1411763999999991,52,90,Guitar 2,Acoustic Guitar (steel) _ 1,Acoustic Guitar (steel) _ 1,20640,192
13.764699,0.1411763999999991,64,92,Guitar 2,Acoustic Guitar (steel) _ 1,Acoustic Guitar (steel) _ 1,20640,192
13.764699,0.1411763999999991,61,97,Guitar 2,Acoustic Guitar (steel) _ 1,Acoustic Guitar (steel) _ 1,20640,192
13.764699,0.1411763999999991,57,83,Guitar 2,Acoustic Guitar (steel) _ 1,Acoustic Guitar (steel) _ 1,20640,192
13.941169499999999,0.14117640000000087,45,89,Guitar 2,Acoustic Guitar (steel) _ 1,Acoustic Guitar (steel) _ 1,20880,192
13.941169499999999,0.14117640000000087,52,85,Guitar 2,Acoustic Guitar (steel) _ 1,Acoustic Guitar (steel) _ 1,20880,192
13.941169499999999,0.14117640000000087,64,90,Guitar 2,Acoustic Guitar (steel) _ 1,Acoustic Guitar (steel) _ 1,20880,192
13.941169499999999,0.14117640000000087,61,90,Guitar 2,Acoustic Guitar (steel) _ 1,Acoustic Guitar (steel) _ 1,20880,192
13.941169499999999,0.14117640000000087,57,86,Guitar 2,Acoustic Guitar (steel) _ 1,Acoustic Guitar (steel) _ 1,20880,192
14.11764,0.28235279999999996,49,92,Guitar 2,Acoustic Guitar (steel) _ 1,Acoustic Guitar (steel) _ 1,21120,384
14.11764,0.28235279999999996,56,91,Guitar 2,Acoustic Guitar (steel) _ 1,Acoustic Guitar (steel) _ 1,21120,384
14.11764,0.28235279999999996,61,105,Guitar 2,Acoustic Guitar (steel) _ 1,Acoustic Guitar (steel) _ 1,21120,384
14.11764,0.28235279999999996,64,92,Guitar 2,Acoustic Guitar (steel) _ 1,Acoustic Guitar (steel) _ 1,21120,384
14.11764,0.28235279999999996,68,104,Guitar 2,Acoustic Guitar (steel) _ 1,Acoustic Guitar (steel) _ 1,21120,384
14.470581,0.28235279999999996,49,91,Guitar 2,Acoustic Guitar (steel) _ 1,Acoustic Guitar (steel) _ 1,21600,384
14.470581,0.28235279999999996,56,101,Guitar 2,Acoustic Guitar (steel) _ 1,Acoustic Guitar (steel) _ 1,21600,384
14.470581,0.28235279999999996,61,89,Guitar 2,Acoustic Guitar (steel) _ 1,Acoustic Guitar (steel) _ 1,21600,384
14.470581,0.28235279999999996,64,90,Guitar 2,Acoustic Guitar (steel) _ 1,Acoustic Guitar (steel) _ 1,21600,384
14.470581,0.28235279999999996,68,76,Guitar 2,Acoustic Guitar (steel) _ 1,Acoustic Guitar (steel) _ 1,21600,384
14.823521999999999,0.1411763999999991,49,91,Guitar 2,Acoustic Guitar (steel) _ 1,Acoustic Guitar (steel) _ 1,22080,192
14.823521999999999,0.1411763999999991,56,79,Guitar 2,Acoustic Guitar (steel) _ 1,Acoustic Guitar (steel) _ 1,22080,192
14.823521999999999,0.1411763999999991,61,93,Guitar 2,Acoustic Guitar (steel) _ 1,Acoustic Guitar (steel) _ 1,22080,192
14.823521999999999,0.1411763999999991,64,87,Guitar 2,Acoustic Guitar (steel) _ 1,Acoustic Guitar (steel) _ 1,22080,192
14.823521999999999,0.1411763999999991,68,92,Guitar 2,Acoustic Guitar (steel) _ 1,Acoustic Guitar (steel) _ 1,22080,192
14.9999925,0.1411763999999991,49,90,Guitar 2,Acoustic Guitar (steel) _ 1,Acoustic Guitar (steel) _ 1,22320,192
14.9999925,0.1411763999999991,56,92,Guitar 2,Acoustic Guitar (steel) _ 1,Acoustic Guitar (steel) _ 1,22320,192
14.9999925,0.1411763999999991,61,90,Guitar 2,Acoustic Guitar (steel) _ 1,Acoustic Guitar (steel) _ 1,22320,192
14.9999925,0.1411763999999991,64,95,Guitar 2,Acoustic Guitar (steel) _ 1,Acoustic Guitar (steel) _ 1,22320,192
14.9999925,0.1411763999999991,68,79,Guitar 2,Acoustic Guitar (steel) _ 1,Acoustic Guitar (steel) _ 1,22320,192
15.176463,0.2823527999999982,49,90,Guitar 2,Acoustic Guitar (steel) _ 1,Acoustic Guitar (steel) _ 1,22560,384
15.176463,0.2823527999999982,56,90,Guitar 2,Acoustic Guitar (steel) _ 1,Acoustic Guitar (steel) _ 1,22560,384
15.176463,0.2823527999999982,61,99,Guitar 2,Acoustic Guitar (steel) _ 1,Acoustic Guitar (steel) _ 1,22560,384
15.176463,0.2823527999999982,64,86,Guitar 2,Acoustic Guitar (steel) _ 1,Acoustic Guitar (steel) _ 1,22560,384
15.176463,0.2823527999999982,68,78,Guitar 2,Acoustic Guitar (steel) _ 1,Acoustic Guitar (steel) _ 1,22560,384
15.529403999999998,0.28235280000000174,49,90,Guitar 2,Acoustic Guitar (steel) _ 1,Acoustic Guitar (steel) _ 1,23040,384
15.529403999999998,0.28235280000000174,56,101,Guitar 2,Acoustic Guitar (steel) _ 1,Acoustic Guitar (steel) _ 1,23040,384
15.529403999999998,0.28235280000000174,61,97,Guitar 2,Acoustic Guitar (steel) _ 1,Acoustic Guitar (steel) _ 1,23040,384
15.529403999999998,0.28235280000000174,64,83,Guitar 2,Acoustic Guitar (steel) _ 1,Acoustic Guitar (steel) _ 1,23040,384
15.529403999999998,0.28235280000000174,68,90,Guitar 2,Acoustic Guitar (steel) _ 1,Acoustic Guitar (steel) _ 1,23040,384
15.882344999999999,0.1411763999999991,49,96,Guitar 2,Acoustic Guitar (steel) _ 1,Acoustic Guitar (steel) _ 1,23520,192
15.882344999999999,0.1411763999999991,56,90,Guitar 2,Acoustic Guitar (steel) _ 1,Acoustic Guitar (steel) _ 1,23520,192
15.882344999999999,0.1411763999999991,61,80,Guitar 2,Acoustic Guitar (steel) _ 1,Acoustic Guitar (steel) _ 1,23520,192
15.882344999999999,0.1411763999999991,64,87,Guitar 2,Acoustic Guitar (steel) _ 1,Acoustic Guitar (steel) _ 1,23520,192
15.882344999999999,0.1411763999999991,68,84,Guitar 2,Acoustic Guitar (steel) _ 1,Acoustic Guitar (steel) _ 1,23520,192
16.058815499999998,0.1411763999999991,49,87,Guitar 2,Acoustic Guitar (steel) _ 1,Acoustic Guitar (steel) _ 1,23760,192
16.058815499999998,0.1411763999999991,56,84,Guitar 2,Acoustic Guitar (steel) _ 1,Acoustic Guitar (steel) _ 1,23760,192
16.058815499999998,0.1411763999999991,61,90,Guitar 2,Acoustic Guitar (steel) _ 1,Acoustic Guitar (steel) _ 1,23760,192
16.058815499999998,0.1411763999999991,64,93,Guitar 2,Acoustic Guitar (steel) _ 1,Acoustic Guitar (steel) _ 1,23760,192
16.058815499999998,0.1411763999999991,68,92,Guitar 2,Acoustic Guitar (steel) _ 1,Acoustic Guitar (steel) _ 1,23760,192
16.235286,0.1411763999999991,49,88,Guitar 2,Acoustic Guitar (steel) _ 1,Acoustic Guitar (steel) _ 1,24000,192
16.235286,0.1411763999999991,56,92,Guitar 2,Acoustic Guitar (steel) _ 1,Acoustic Guitar (steel) _ 1,24000,192
16.235286,0.1411763999999991,61,92,Guitar 2,Acoustic Guitar (steel) _ 1,Acoustic Guitar (steel) _ 1,24000,192
16.235286,0.1411763999999991,64,75,Guitar 2,Acoustic Guitar (steel) _ 1,Acoustic Guitar (steel) _ 1,24000,192
16.235286,0.1411763999999991,68,84,Guitar 2,Acoustic Guitar (steel) _ 1,Acoustic Guitar (steel) _ 1,24000,192
16.4117565,0.1411763999999991,49,87,Guitar 2,Acoustic Guitar (steel) _ 1,Acoustic Guitar (steel) _ 1,24240,192
16.4117565,0.1411763999999991,56,91,Guitar 2,Acoustic Guitar (steel) _ 1,Acoustic Guitar (steel) _ 1,24240,192
16.4117565,0.1411763999999991,61,102,Guitar 2,Acoustic Guitar (steel) _ 1,Acoustic Guitar (steel) _ 1,24240,192
16.4117565,0.1411763999999991,64,100,Guitar 2,Acoustic Guitar (steel) _ 1,Acoustic Guitar (steel) _ 1,24240,192
16.4117565,0.1411763999999991,68,88,Guitar 2,Acoustic Guitar (steel) _ 1,Acoustic Guitar (steel) _ 1,24240,192
16.588226999999996,0.14117640000000264,49,83,Guitar 2,Acoustic Guitar (steel) _ 1,Acoustic Guitar (steel) _ 1,24480,192
16.588226999999996,0.14117640000000264,56,76,Guitar 2,Acoustic Guitar (steel) _ 1,Acoustic Guitar (steel) _ 1,24480,192
16.588226999999996,0.14117640000000264,61,91,Guitar 2,Acoustic Guitar (steel) _ 1,Acoustic Guitar (steel) _ 1,24480,192
16.588226999999996,0.14117640000000264,64,77,Guitar 2,Acoustic Guitar (steel) _ 1,Acoustic Guitar (steel) _ 1,24480,192
16.588226999999996,0.14117640000000264,68,96,Guitar 2,Acoustic Guitar (steel) _ 1,Acoustic Guitar (steel) _ 1,24480,192
16.764697499999997,0.1411763999999991,49,100,Guitar 2,Acoustic Guitar (steel) _ 1,Acoustic Guitar (steel) _ 1,24720,192
16.764697499999997,0.1411763999999991,56,104,Guitar 2,Acoustic Guitar (steel) _ 1,Acoustic Guitar (steel) _ 1,24720,192
16.764697499999997,0.1411763999999991,61,101,Guitar 2,Acoustic Guitar (steel) _ 1,Acoustic Guitar (steel) _ 1,24720,192
16.764697499999997,0.1411763999999991,64,90,Guitar 2,Acoustic Guitar (steel) _ 1,Acoustic Guitar (steel) _ 1,24720,192
16.764697499999997,0.1411763999999991,68,90,Guitar 2,Acoustic Guitar (steel) _ 1,Acoustic Guitar (steel) _ 1,24720,192
16.941167999999998,0.28235280000000174,42,101,Guitar 2,Acoustic Guitar (steel) _ 1,Acoustic Guitar (steel) _ 1,24960,384
16.941167999999998,0.28235280000000174,49,100,Guitar 2,Acoustic Guitar (steel) _ 1,Acoustic Guitar (steel) _ 1,24960,384
16.941167999999998,0.28235280000000174,54,87,Guitar 2,Acoustic Guitar (steel) _ 1,Acoustic Guitar (steel) _ 1,24960,384
16.941167999999998,0.28235280000000174,57,87,Guitar 2,Acoustic Guitar (steel) _ 1,Acoustic Guitar (steel) _ 1,24960,384
16.941167999999998,0.28235280000000174,61,95,Guitar 2,Acoustic Guitar (steel) _ 1,Acoustic Guitar (steel) _ 1,24960,384
16.941167999999998,0.28235280000000174,66,85,Guitar 2,Acoustic Guitar (steel) _ 1,Acoustic Guitar (steel) _ 1,24960,384
17.294109,0.2823527999999982,42,102,Guitar 2,Acoustic Guitar (steel) _ 1,Acoustic Guitar (steel) _ 1,25440,384
17.294109,0.2823527999999982,49,95,Guitar 2,Acoustic Guitar (steel) _ 1,Acoustic Guitar (steel) _ 1,25440,384
17.294109,0.2823527999999982,54,90,Guitar 2,Acoustic Guitar (steel) _ 1,Acoustic Guitar (steel) _ 1,25440,384
17.294109,0.2823527999999982,57,99,Guitar 2,Acoustic Guitar (steel) _ 1,Acoustic Guitar (steel) _ 1,25440,384
17.294109,0.2823527999999982,61,93,Guitar 2,Acoustic Guitar (steel) _ 1,Acoustic Guitar (steel) _ 1,25440,384
17.294109,0.2823527999999982,66,96,Guitar 2,Acoustic Guitar (steel) _ 1,Acoustic Guitar (steel) _ 1,25440,384
17.647049999999997,0.14117640000000264,42,85,Guitar 2,Acoustic Guitar (steel) _ 1,Acoustic Guitar (steel) _ 1,25920,192
17.647049999999997,0.14117640000000264,49,97,Guitar 2,Acoustic Guitar (steel) _ 1,Acoustic Guitar (steel) _ 1,25920,192
17.647049999999997,0.14117640000000264,54,91,Guitar 2,Acoustic Guitar (steel) _ 1,Acoustic Guitar (steel) _ 1,25920,192
17.647049999999997,0.14117640000000264,57,95,Guitar 2,Acoustic Guitar (steel) _ 1,Acoustic Guitar (steel) _ 1,25920,192
17.647049999999997,0.14117640000000264,61,77,Guitar 2,Acoustic Guitar (steel) _ 1,Acoustic Guitar (steel) _ 1,25920,192
17.647049999999997,0.14117640000000264,66,105,Guitar 2,Acoustic Guitar (steel) _ 1,Acoustic Guitar (steel) _ 1,25920,192
17.823520499999997,0.1411763999999991,42,80,Guitar 2,Acoustic Guitar (steel) _ 1,Acoustic Guitar (steel) _ 1,26160,192
17.823520499999997,0.1411763999999991,49,90,Guitar 2,Acoustic Guitar (steel) _ 1,Acoustic Guitar (steel) _ 1,26160,192
17.823520499999997,0.1411763999999991,54,87,Guitar 2,Acoustic Guitar (steel) _ 1,Acoustic Guitar (steel) _ 1,26160,192
17.823520499999997,0.1411763999999991,57,84,Guitar 2,Acoustic Guitar (steel) _ 1,Acoustic Guitar (steel) _ 1,26160,192
17.823520499999997,0.1411763999999991,61,85,Guitar 2,Acoustic Guitar (steel) _ 1,Acoustic Guitar (steel) _ 1,26160,192
17.823520499999997,0.1411763999999991,66,90,Guitar 2,Acoustic Guitar (steel) _ 1,Acoustic Guitar (steel) _ 1,26160,192
17.999990999999998,0.2823527999999982,42,90,Guitar 2,Acoustic Guitar (steel) _ 1,Acoustic Guitar (steel) _ 1,26400,384
17.999990999999998,0.2823527999999982,49,91,Guitar 2,Acoustic Guitar (steel) _ 1,Acoustic Guitar (steel) _ 1,26400,384
17.999990999999998,0.2823527999999982,54,94,Guitar 2,Acoustic Guitar (steel) _ 1,Acoustic Guitar (steel) _ 1,26400,384
17.999990999999998,0.2823527999999982,57,77,Guitar 2,Acoustic Guitar (steel) _ 1,Acoustic Guitar (steel) _ 1,26400,384
17.999990999999998,0.2823527999999982,61,91,Guitar 2,Acoustic Guitar (steel) _ 1,Acoustic Guitar (steel) _ 1,26400,384
17.999990999999998,0.2823527999999982,66,90,Guitar 2,Acoustic Guitar (steel) _ 1,Acoustic Guitar (steel) _ 1,26400,384
18.352932,0.2823527999999982,42,91,Guitar 2,Acoustic Guitar (steel) _ 1,Acoustic Guitar (steel) _ 1,26880,384
18.352932,0.2823527999999982,49,98,Guitar 2,Acoustic Guitar (steel) _ 1,Acoustic Guitar (steel) _ 1,26880,384
18.352932,0.2823527999999982,54,99,Guitar 2,Acoustic Guitar (steel) _ 1,Acoustic Guitar (steel) _ 1,26880,384
18.352932,0.2823527999999982,57,89,Guitar 2,Acoustic Guitar (steel) _ 1,Acoustic Guitar (steel) _ 1,26880,384
18.352932,0.2823527999999982,61,100,Guitar 2,Acoustic Guitar (steel) _ 1,Acoustic Guitar (steel) _ 1,26880,384
18.352932,0.2823527999999982,66,95,Guitar 2,Acoustic Guitar (steel) _ 1,Acoustic Guitar (steel) _ 1,26880,384
18.705872999999997,0.1411763999999991,42,80,Guitar 2,Acoustic Guitar (steel) _ 1,Acoustic Guitar (steel) _ 1,27360,192
18.705872999999997,0.1411763999999991,49,75,Guitar 2,Acoustic Guitar (steel) _ 1,Acoustic Guitar (steel) _ 1,27360,192
18.705872999999997,0.1411763999999991,54,96,Guitar 2,Acoustic Guitar (steel) _ 1,Acoustic Guitar (steel) _ 1,27360,192
18.705872999999997,0.1411763999999991,57,92,Guitar 2,Acoustic Guitar (steel) _ 1,Acoustic Guitar (steel) _ 1,27360,192
18.705872999999997,0.1411763999999991,61,89,Guitar 2,Acoustic Guitar (steel) _ 1,Acoustic Guitar (steel) _ 1,27360,192
18.705872999999997,0.1411763999999991,66,88,Guitar 2,Acoustic Guitar (steel) _ 1,Acoustic Guitar (steel) _ 1,27360,192
18.882343499999998,0.1411763999999991,42,91,Guitar 2,Acoustic Guitar (steel) _ 1,Acoustic Guitar (steel) _ 1,27600,192
18.882343499999998,0.1411763999999991,49,90,Guitar 2,Acoustic Guitar (steel) _ 1,Acoustic Guitar (steel) _ 1,27600,192
18.882343499999998,0.1411763999999991,54,91,Guitar 2,Acoustic Guitar (steel) _ 1,Acoustic Guitar (steel) _ 1,27600,192
18.882343499999998,0.1411763999999991,57,76,Guitar 2,Acoustic Guitar (steel) _ 1,Acoustic Guitar (steel) _ 1,27600,192
18.882343499999998,0.1411763999999991,61,91,Guitar 2,Acoustic Guitar (steel) _ 1,Acoustic Guitar (steel) _ 1,27600,192
18.882343499999998,0.1411763999999991,66,92,Guitar 2,Acoustic Guitar (steel) _ 1,Acoustic Guitar (steel) _ 1,27600,192
19.058813999999998,0.1411763999999991,42,93,Guitar 2,Acoustic Guitar (steel) _ 1,Acoustic Guitar (steel) _ 1,27840,192
19.058813999999998,0.1411763999999991,49,91,Guitar 2,Acoustic Guitar (steel) _ 1,Acoustic Guitar (steel) _ 1,27840,192
19.058813999999998,0.1411763999999991,54,101,Guitar 2,Acoustic Guitar (steel) _ 1,Acoustic Guitar (steel) _ 1,27840,192
19.058813999999998,0.1411763999999991,57,89,Guitar 2,Acoustic Guitar (steel) _ 1,Acoustic Guitar (steel) _ 1,27840,192
19.058813999999998,0.1411763999999991,61,90,Guitar 2,Acoustic Guitar (steel) _ 1,Acoustic Guitar (steel) _ 1,27840,192
19.058813999999998,0.1411763999999991,66,92,Guitar 2,Acoustic Guitar (steel) _ 1,Acoustic Guitar (steel) _ 1,27840,192
19.2352845,0.1411763999999991,42,94,Guitar 2,Acoustic Guitar (steel) _ 1,Acoustic Guitar (steel) _ 1,28080,192
19.2352845,0.1411763999999991,49,87,Guitar 2,Acoustic Guitar (steel) _ 1,Acoustic Guitar (steel) _ 1,28080,192
19.2352845,0.1411763999999991,54,90,Guitar 2,Acoustic Guitar (steel) _ 1,Acoustic Guitar (steel) _ 1,28080,192
19.2352845,0.1411763999999991,57,81,Guitar 2,Acoustic Guitar (steel) _ 1,Acoustic Guitar (steel) _ 1,28080,192
19.2352845,0.1411763999999991,61,89,Guitar 2,Acoustic Guitar (steel) _ 1,Acoustic Guitar (steel) _ 1,28080,192
19.2352845,0.1411763999999991,66,97,Guitar 2,Acoustic Guitar (steel) _ 1,Acoustic Guitar (steel) _ 1,28080,192
19.411754999999996,0.14117640000000264,42,92,Guitar 2,Acoustic Guitar (steel) _ 1,Acoustic Guitar (steel) _ 1,28320,192
19.411754999999996,0.14117640000000264,49,87,Guitar 2,Acoustic Guitar (steel) _ 1,Acoustic Guitar (steel) _ 1,28320,192
19.411754999999996,0.14117640000000264,54,90,Guitar 2,Acoustic Guitar (steel) _ 1,Acoustic Guitar (steel) _ 1,28320,192
19.411754999999996,0.14117640000000264,57,84,Guitar 2,Acoustic Guitar (steel) _ 1,Acoustic Guitar (steel) _ 1,28320,192
19.411754999999996,0.14117640000000264,61,90,Guitar 2,Acoustic Guitar (steel) _ 1,Acoustic Guitar (steel) _ 1,28320,192
19.411754999999996,0.14117640000000264,66,83,Guitar 2,Acoustic Guitar (steel) _ 1,Acoustic Guitar (steel) _ 1,28320,192
19.588225499999997,0.14117640000000264,42,90,Guitar 2,Acoustic Guitar (steel) _ 1,Acoustic Guitar (steel) _ 1,28560,192
19.588225499999997,0.14117640000000264,49,86,Guitar 2,Acoustic Guitar (steel) _ 1,Acoustic Guitar (steel) _ 1,28560,192
19.588225499999997,0.14117640000000264,54,96,Guitar 2,Acoustic Guitar (steel) _ 1,Acoustic Guitar (steel) _ 1,28560,192
19.588225499999997,0.14117640000000264,57,91,Guitar 2,Acoustic Guitar (steel) _ 1,Acoustic Guitar (steel) _ 1,28560,192
19.588225499999997,0.14117640000000264,61,86,Guitar 2,Acoustic Guitar (steel) _ 1,Acoustic Guitar (steel) _ 1,28560,192
19.588225499999997,0.14117640000000264,66,104,Guitar 2,Acoustic Guitar (steel) _ 1,Acoustic Guitar (steel) _ 1,28560,192
19.764695999999997,0.5647055999999999,50,89,Guitar 2,Acoustic Guitar (steel) _ 1,Acoustic Guitar (steel) _ 1,28800,768
19.764695999999997,0.5647055999999999,57,103,Guitar 2,Acoustic Guitar (steel) _ 1,Acoustic Guitar (steel) _ 1,28800,768
19.764695999999997,0.5647055999999999,62,82,Guitar 2,Acoustic Guitar (steel) _ 1,Acoustic Guitar (steel) _ 1,28800,768
19.764695999999997,0.5647055999999999,66,95,Guitar 2,Acoustic Guitar (steel) _ 1,Acoustic Guitar (steel) _ 1,28800,768
20.470577999999996,0.14117640000000264,43,77,Guitar 2,Acoustic Guitar (steel) _ 1,Acoustic Guitar (steel) _ 1,29760,192
20.470577999999996,0.14117640000000264,47,82,Guitar 2,Acoustic Guitar (steel) _ 1,Acoustic Guitar (steel) _ 1,29760,192
20.470577999999996,0.14117640000000264,50,92,Guitar 2,Acoustic Guitar (steel) _ 1,Acoustic Guitar (steel) _ 1,29760,192
20.470577999999996,0.14117640000000264,55,91,Guitar 2,Acoustic Guitar (steel) _ 1,Acoustic Guitar (steel) _ 1,29760,192
20.470577999999996,0.14117640000000264,59,87,Guitar 2,Acoustic Guitar (steel) _ 1,Acoustic Guitar (steel) _ 1,29760,192
20.470577999999996,0.14117640000000264,67,87,Guitar 2,Acoustic Guitar (steel) _ 1,Acoustic Guitar (steel) _ 1,29760,192
20.647048499999997,0.28235280000000174,43,76,Guitar 2,Acoustic Guitar (steel) _ 1,Acoustic Guitar (steel) _ 1,30000,384
20.647048499999997,0.28235280000000174,55,89,Guitar 2,Acoustic Guitar (steel) _ 1,Acoustic Guitar (steel) _ 1,30000,384
20.647048499999997,0.28235280000000174,67,89,Guitar 2,Acoustic Guitar (steel) _ 1,Acoustic Guitar (steel) _ 1,30000,384
20.647048499999997,0.28235280000000174,47,89,Guitar 2,Acoustic Guitar (steel) _ 1,Acoustic Guitar (steel) _ 1,30000,384
20.647048499999997,0.28235280000000174,50,103,Guitar 2,Acoustic Guitar (steel) _ 1,Acoustic Guitar (steel) _ 1,30000,384
20.647048499999997,0.28235280000000174,59,91,Guitar 2,Acoustic Guitar (steel) _ 1,Acoustic Guitar (steel) _ 1,30000,384
20.999989499999998,0.2823527999999982,45,97,Guitar 2,Acoustic Guitar (steel) _ 1,Acoustic Guitar (steel) _ 1,30480,384
20.999989499999998,0.2823527999999982,52,76,Guitar 2,Acoustic Guitar (steel) _ 1,Acoustic Guitar (steel) _ 1,30480,384
20.999989499999998,0.2823527999999982,57,88,Guitar 2,Acoustic Guitar (steel) _ 1,Acoustic Guitar (steel) _ 1,30480,384
20.999989499999998,0.2823527999999982,61,76,Guitar 2,Acoustic Guitar (steel) _ 1,Acoustic Guitar (steel) _ 1,30480,384
20.999989499999998,0.2823527999999982,64,90,Guitar 2,Acoustic Guitar (steel) _ 1,Acoustic Guitar (steel) _ 1,30480,384
21.352930499999996,0.14117640000000264,45,101,Guitar 2,Acoustic Guitar (steel) _ 1,Acoustic Guitar (steel) _ 1,30960,192
21.352930499999996,0.14117640000000264,52,92,Guitar 2,Acoustic Guitar (steel) _ 1,Acoustic Guitar (steel) _ 1,30960,192
21.352930499999996,0.14117640000000264,57,97,Guitar 2,Acoustic Guitar (steel) _ 1,Acoustic Guitar (steel) _ 1,30960,192
21.352930499999996,0.14117640000000264,61,79,Guitar 2,Acoustic Guitar (steel) _ 1,Acoustic Guitar (steel) _ 1,30960,192
21.352930499999996,0.14117640000000264,64,92,Guitar 2,Acoustic Guitar (steel) _ 1,Acoustic Guitar (steel) _ 1,30960,192
21.529400999999996,0.28235280000000174,45,90,Guitar 2,Acoustic Guitar (steel) _ 1,Acoustic Guitar (steel) _ 1,31200,384
21.529400999999996,0.28235280000000174,52,95,Guitar 2,Acoustic Guitar (steel) _ 1,Acoustic Guitar (steel) _ 1,31200,384
21.529400999999996,0.28235280000000174,57,91,Guitar 2,Acoustic Guitar (steel) _ 1,Acoustic Guitar (steel) _ 1,31200,384
21.529400999999996,0.28235280000000174,61,101,Guitar 2,Acoustic Guitar (steel) _ 1,Acoustic Guitar (steel) _ 1,31200,384
21.529400999999996,0.28235280000000174,64,88,Guitar 2,Acoustic Guitar (steel) _ 1,Acoustic Guitar (steel) _ 1,31200,384
21.882341999999998,0.2823527999999982,45,75,Guitar 2,Acoustic Guitar (steel) _ 1,Acoustic Guitar (steel) _ 1,31680,384
21.882341999999998,0.2823527999999982,52,88,Guitar 2,Acoustic Guitar (steel) _ 1,Acoustic Guitar (steel) _ 1,31680,384
21.882341999999998,0.2823527999999982,57,90,Guitar 2,Acoustic Guitar (steel) _ 1,Acoustic Guitar (steel) _ 1,31680,384
21.882341999999998,0.2823527999999982,61,97,Guitar 2,Acoustic Guitar (steel) _ 1,Acoustic Guitar (steel) _ 1,31680,384
21.882341999999998,0.2823527999999982,64,85,Guitar 2,Acoustic Guitar (steel) _ 1,Acoustic Guitar (steel) _ 1,31680,384
22.235283,0.1411763999999991,45,90,Guitar 2,Acoustic Guitar (steel) _ 1,Acoustic Guitar (steel) _ 1,32160,192
22.235283,0.1411763999999991,52,97,Guitar 2,Acoustic Guitar (steel) _ 1,Acoustic Guitar (steel) _ 1,32160,192
22.235283,0.1411763999999991,57,79,Guitar 2,Acoustic Guitar (steel) _ 1,Acoustic Guitar (steel) _ 1,32160,192
22.235283,0.1411763999999991,61,76,Guitar 2,Acoustic Guitar (steel) _ 1,Acoustic Guitar (steel) _ 1,32160,192
22.235283,0.1411763999999991,64,87,Guitar 2,Acoustic Guitar (steel) _ 1,Acoustic Guitar (steel) _ 1,32160,192
22.411753499999996,0.14117640000000264,45,90,Guitar 2,Acoustic Guitar (steel) _ 1,Acoustic Guitar (steel) _ 1,32400,192
22.411753499999996,0.14117640000000264,52,89,Guitar 2,Acoustic Guitar (steel) _ 1,Acoustic Guitar (steel) _ 1,32400,192
22.411753499999996,0.14117640000000264,57,104,Guitar 2,Acoustic Guitar (steel) _ 1,Acoustic Guitar (steel) _ 1,32400,192
22.411753499999996,0.14117640000000264,61,93,Guitar 2,Acoustic Guitar (steel) _ 1,Acoustic Guitar (steel) _ 1,32400,192
22.411753499999996,0.14117640000000264,64,90,Guitar 2,Acoustic Guitar (steel) _ 1,Acoustic Guitar (steel) _ 1,32400,192
22.588223999999997,0.28235280000000174,45,83,Guitar 2,Acoustic Guitar (steel) _ 1,Acoustic Guitar (steel) _ 1,32640,384
22.588223999999997,0.28235280000000174,52,91,Guitar 2,Acoustic Guitar (steel) _ 1,Acoustic Guitar (steel) _ 1,32640,384
22.588223999999997,0.28235280000000174,57,101,Guitar 2,Acoustic Guitar (steel) _ 1,Acoustic Guitar (steel) _ 1,32640,384
22.588223999999997,0.28235280000000174,61,87,Guitar 2,Acoustic Guitar (steel) _ 1,Acoustic Guitar (steel) _ 1,32640,384
22.588223999999997,0.28235280000000174,64,92,Guitar 2,Acoustic Guitar (steel) _ 1,Acoustic Guitar (steel) _ 1,32640,384
22.941164999999998,0.4235292000000008,45,77,Guitar 2,Acoustic Guitar (steel) _ 1,Acoustic Guitar (steel) _ 1,33120,576
22.941164999999998,0.4235292000000008,52,89,Guitar 2,Acoustic Guitar (steel) _ 1,Acoustic Guitar (steel) _ 1,33120,576
22.941164999999998,0.4235292000000008,57,86,Guitar 2,Acoustic Guitar (steel) _ 1,Acoustic Guitar (steel) _ 1,33120,576
22.941164999999998,0.4235292000000008,61,99,Guitar 2,Acoustic Guitar (steel) _ 1,Acoustic Guitar (steel) _ 1,33120,576
22.941164999999998,0.4235292000000008,64,94,Guitar 2,Acoustic Guitar (steel) _ 1,Acoustic Guitar (steel) _ 1,33120,576
23.470576499999996,0.14117640000000264,45,89,Guitar 2,Acoustic Guitar (steel) _ 1,Acoustic Guitar (steel) _ 1,33840,192
23.470576499999996,0.14117640000000264,52,85,Guitar 2,Acoustic Guitar (steel) _ 1,Acoustic Guitar (steel) _ 1,33840,192
23.470576499999996,0.14117640000000264,57,86,Guitar 2,Acoustic Guitar (steel) _ 1,Acoustic Guitar (steel) _ 1,33840,192
23.470576499999996,0.14117640000000264,61,90,Guitar 2,Acoustic Guitar (steel) _ 1,Acoustic Guitar (steel) _ 1,33840,192
23.470576499999996,0.14117640000000264,64,86,Guitar 2,Acoustic Guitar (steel) _ 1,Acoustic Guitar (steel) _ 1,33840,192
23.647046999999997,0.28235280000000174,45,86,Guitar 2,Acoustic Guitar (steel) _ 1,Acoustic Guitar (steel) _ 1,34080,384
23.647046999999997,0.28235280000000174,52,92,Guitar 2,Acoustic Guitar (steel) _ 1,Acoustic Guitar (steel) _ 1,34080,384
23.647046999999997,0.28235280000000174,57,83,Guitar 2,Acoustic Guitar (steel) _ 1,Acoustic Guitar (steel) _ 1,34080,384
23.647046999999997,0.28235280000000174,61,90,Guitar 2,Acoustic Guitar (steel) _ 1,Acoustic Guitar (steel) _ 1,34080,384
23.647046999999997,0.28235280000000174,64,89,Guitar 2,Acoustic Guitar (steel) _ 1,Acoustic Guitar (steel) _ 1,34080,384
23.999988,0.2823527999999982,45,98,Guitar 2,Acoustic Guitar (steel) _ 1,Acoustic Guitar (steel) _ 1,34560,384
23.999988,0.2823527999999982,52,90,Guitar 2,Acoustic Guitar (steel) _ 1,Acoustic Guitar (steel) _ 1,34560,384
23.999988,0.2823527999999982,57,96,Guitar 2,Acoustic Guitar (steel) _ 1,Acoustic Guitar (steel) _ 1,34560,384
23.999988,0.2823527999999982,61,82,Guitar 2,Acoustic Guitar (steel) _ 1,Acoustic Guitar (steel) _ 1,34560,384
23.999988,0.2823527999999982,64,83,Guitar 2,Acoustic Guitar (steel) _ 1,Acoustic Guitar (steel) _ 1,34560,384
24.352928999999996,0.14117640000000264,45,89,Guitar 2,Acoustic Guitar (steel) _ 1,Acoustic Guitar (steel) _ 1,35040,192
24.352928999999996,0.14117640000000264,52,95,Guitar 2,Acoustic Guitar (steel) _ 1,Acoustic Guitar (steel) _ 1,35040,192
24.352928999999996,0.14117640000000264,57,100,Guitar 2,Acoustic Guitar (steel) _ 1,Acoustic Guitar (steel) _ 1,35040,192
24.352928999999996,0.14117640000000264,61,94,Guitar 2,Acoustic Guitar (steel) _ 1,Acoustic Guitar (steel) _ 1,35040,192
24.352928999999996,0.14117640000000264,64,90,Guitar 2,Acoustic Guitar (steel) _ 1,Acoustic Guitar (steel) _ 1,35040,192
24.529399499999997,0.28235280000000174,45,79,Guitar 2,Acoustic Guitar (steel) _ 1,Acoustic Guitar (steel) _ 1,35280,384
24.529399499999997,0.28235280000000174,52,95,Guitar 2,Acoustic Guitar (steel) _ 1,Acoustic Guitar (steel) _ 1,35280,384
24.529399499999997,0.28235280000000174,57,90,Guitar 2,Acoustic Guitar (steel) _ 1,Acoustic Guitar (steel) _ 1,35280,384
24.529399499999997,0.28235280000000174,61,102,Guitar 2,Acoustic Guitar (steel) _ 1,Acoustic Guitar (steel) _ 1,35280,384
24.529399499999997,0.28235280000000174,64,79,Guitar 2,Acoustic Guitar (steel) _ 1,Acoustic Guitar (steel) _ 1,35280,384
24.882340499999998,0.1411763999999991,45,78,Guitar 2,Acoustic Guitar (steel) _ 1,Acoustic Guitar (steel) _ 1,35760,192
24.882340499999998,0.1411763999999991,52,96,Guitar 2,Acoustic Guitar (steel) _ 1,Acoustic Guitar (steel) _ 1,35760,192
24.882340499999998,0.1411763999999991,57,102,Guitar 2,Acoustic Guitar (steel) _ 1,Acoustic Guitar (steel) _ 1,35760,192
24.882340499999998,0.1411763999999991,61,90,Guitar 2,Acoustic Guitar (steel) _ 1,Acoustic Guitar (steel) _ 1,35760,192
24.882340499999998,0.1411763999999991,64,94,Guitar 2,Acoustic Guitar (steel) _ 1,Acoustic Guitar (steel) _ 1,35760,192
25.058811,0.1411763999999991,45,93,Guitar 2,Acoustic Guitar (steel) _ 1,Acoustic Guitar (steel) _ 1,36000,192
25.058811,0.1411763999999991,52,83,Guitar 2,Acoustic Guitar (steel) _ 1,Acoustic Guitar (steel) _ 1,36000,192
25.058811,0.1411763999999991,57,91,Guitar 2,Acoustic Guitar (steel) _ 1,Acoustic Guitar (steel) _ 1,36000,192
25.058811,0.1411763999999991,61,93,Guitar 2,Acoustic Guitar (steel) _ 1,Acoustic Guitar (steel) _ 1,36000,192
25.058811,0.1411763999999991,64,87,Guitar 2,Acoustic Guitar (steel) _ 1,Acoustic Guitar (steel) _ 1,36000,192
25.235281499999996,0.14117640000000264,45,90,Guitar 2,Acoustic Guitar (steel) _ 1,Acoustic Guitar (steel) _ 1,36240,192
25.235281499999996,0.14117640000000264,52,96,Guitar 2,Acoustic Guitar (steel) _ 1,Acoustic Guitar (steel) _ 1,36240,192
25.235281499999996,0.14117640000000264,57,79,Guitar 2,Acoustic Guitar (steel) _ 1,Acoustic Guitar (steel) _ 1,36240,192
25.235281499999996,0.14117640000000264,61,90,Guitar 2,Acoustic Guitar (steel) _ 1,Acoustic Guitar (steel) _ 1,36240,192
25.235281499999996,0.14117640000000264,64,89,Guitar 2,Acoustic Guitar (steel) _ 1,Acoustic Guitar (steel) _ 1,36240,192
25.411751999999996,0.28235280000000174,49,84,Guitar 2,Acoustic Guitar (steel) _ 1,Acoustic Guitar (steel) _ 1,36480,384
25.411751999999996,0.28235280000000174,56,84,Guitar 2,Acoustic Guitar (steel) _ 1,Acoustic Guitar (steel) _ 1,36480,384
25.411751999999996,0.28235280000000174,61,90,Guitar 2,Acoustic Guitar (steel) _ 1,Acoustic Guitar (steel) _ 1,36480,384
25.411751999999996,0.28235280000000174,64,86,Guitar 2,Acoustic Guitar (steel) _ 1,Acoustic Guitar (steel) _ 1,36480,384
25.411751999999996,0.28235280000000174,68,95,Guitar 2,Acoustic Guitar (steel) _ 1,Acoustic Guitar (steel) _ 1,36480,384
25.764692999999998,0.4235292000000008,49,103,Guitar 2,Acoustic Guitar (steel) _ 1,Acoustic Guitar (steel) _ 1,36960,576
25.764692999999998,0.4235292000000008,56,80,Guitar 2,Acoustic Guitar (steel) _ 1,Acoustic Guitar (steel) _ 1,36960,576
25.764692999999998,0.4235292000000008,61,90,Guitar 2,Acoustic Guitar (steel) _ 1,Acoustic Guitar (steel) _ 1,36960,576
25.764692999999998,0.4235292000000008,64,86,Guitar 2,Acoustic Guitar (steel) _ 1,Acoustic Guitar (steel) _ 1,36960,576
25.764692999999998,0.4235292000000008,68,90,Guitar 2,Acoustic Guitar (steel) _ 1,Acoustic Guitar (steel) _ 1,36960,576
26.294104499999996,0.14117640000000264,49,90,Guitar 2,Acoustic Guitar (steel) _ 1,Acoustic Guitar (steel) _ 1,37680,192
26.294104499999996,0.14117640000000264,56,78,Guitar 2,Acoustic Guitar (steel) _ 1,Acoustic Guitar (steel) _ 1,37680,192
26.294104499999996,0.14117640000000264,61,81,Guitar 2,Acoustic Guitar (steel) _ 1,Acoustic Guitar (steel) _ 1,37680,192
26.294104499999996,0.14117640000000264,64,90,Guitar 2,Acoustic Guitar (steel) _ 1,Acoustic Guitar (steel) _ 1,37680,192
26.294104499999996,0.14117640000000264,68,92,Guitar 2,Acoustic Guitar (steel) _ 1,Acoustic Guitar (steel) _ 1,37680,192
26.470574999999997,0.28235280000000174,49,90,Guitar 2,Acoustic Guitar (steel) _ 1,Acoustic Guitar (steel) _ 1,37920,384
26.470574999999997,0.28235280000000174,56,97,Guitar 2,Acoustic Guitar (steel) _ 1,Acoustic Guitar (steel) _ 1,37920,384
26.470574999999997,0.28235280000000174,61,103,Guitar 2,Acoustic Guitar (steel) _ 1,Acoustic Guitar (steel) _ 1,37920,384
26.470574999999997,0.28235280000000174,64,86,Guitar 2,Acoustic Guitar (steel) _ 1,Acoustic Guitar (steel) _ 1,37920,384
26.470574999999997,0.28235280000000174,68,90,Guitar 2,Acoustic Guitar (steel) _ 1,Acoustic Guitar (steel) _ 1,37920,384
26.823515999999998,0.2823527999999982,49,84,Guitar 2,Acoustic Guitar (steel) _ 1,Acoustic Guitar (steel) _ 1,38400,384
26.823515999999998,0.2823527999999982,56,95,Guitar 2,Acoustic Guitar (steel) _ 1,Acoustic Guitar (steel) _ 1,38400,384
26.823515999999998,0.2823527999999982,61,77,Guitar 2,Acoustic Guitar (steel) _ 1,Acoustic Guitar (steel) _ 1,38400,384
26.823515999999998,0.2823527999999982,64,90,Guitar 2,Acoustic Guitar (steel) _ 1,Acoustic Guitar (steel) _ 1,38400,384
26.823515999999998,0.2823527999999982,68,91,Guitar 2,Acoustic Guitar (steel) _ 1,Acoustic Guitar (steel) _ 1,38400,384
27.176456999999996,0.14117640000000264,49,79,Guitar 2,Acoustic Guitar (steel) _ 1,Acoustic Guitar (steel) _ 1,38880,192
27.176456999999996,0.14117640000000264,56,96,Guitar 2,Acoustic Guitar (steel) _ 1,Acoustic Guitar (steel) _ 1,38880,192
27.176456999999996,0.14117640000000264,61,90,Guitar 2,Acoustic Guitar (steel) _ 1,Acoustic Guitar (steel) _ 1,38880,192
27.176456999999996,0.14117640000000264,64,90,Guitar 2,Acoustic Guitar (steel) _ 1,Acoustic Guitar (steel) _ 1,38880,192
27.176456999999996,0.14117640000000264,68,99,Guitar 2,Acoustic Guitar (steel) _ 1,Acoustic Guitar (steel) _ 1,38880,192
27.352927499999996,0.28235280000000174,49,79,Guitar 2,Acoustic Guitar (steel) _ 1,Acoustic Guitar (steel) _ 1,39120,384
27.352927499999996,0.28235280000000174,56,91,Guitar 2,Acoustic Guitar (steel) _ 1,Acoustic Guitar (steel) _ 1,39120,384
27.352927499999996,0.28235280000000174,61,90,Guitar 2,Acoustic Guitar (steel) _ 1,Acoustic Guitar (steel) _ 1,39120,384
27.352927499999996,0.28235280000000174,64,98,Guitar 2,Acoustic Guitar (steel) _ 1,Acoustic Guitar (steel) _ 1,39120,384
27.352927499999996,0.28235280000000174,68,91,Guitar 2,Acoustic Guitar (steel) _ 1,Acoustic Guitar (steel) _ 1,39120,384
27.705868499999998,0.1411763999999991,49,93,Guitar 2,Acoustic Guitar (steel) _ 1,Acoustic Guitar (steel) _ 1,39600,192
27.705868499999998,0.1411763999999991,56,90,Guitar 2,Acoustic Guitar (steel) _ 1,Acoustic Guitar (steel) _ 1,39600,192
27.705868499999998,0.1411763999999991,61,76,Guitar 2,Acoustic Guitar (steel) _ 1,Acoustic Guitar (steel) _ 1,39600,192
27.705868499999998,0.1411763999999991,64,77,Guitar 2,Acoustic Guitar (steel) _ 1,Acoustic Guitar (steel) _ 1,39600,192
27.705868499999998,0.1411763999999991,68,87,Guitar 2,Acoustic Guitar (steel) _ 1,Acoustic Guitar (steel) _ 1,39600,192
27.882338999999998,0.1411763999999991,49,91,Guitar 2,Acoustic Guitar (steel) _ 1,Acoustic Guitar (steel) _ 1,39840,192
27.882338999999998,0.1411763999999991,56,77,Guitar 2,Acoustic Guitar (steel) _ 1,Acoustic Guitar (steel) _ 1,39840,192
27.882338999999998,0.1411763999999991,61,98,Guitar 2,Acoustic Guitar (steel) _ 1,Acoustic Guitar (steel) _ 1,39840,192
27.882338999999998,0.1411763999999991,64,91,Guitar 2,Acoustic Guitar (steel) _ 1,Acoustic Guitar (steel) _ 1,39840,192
27.882338999999998,0.1411763999999991,68,89,Guitar 2,Acoustic Guitar (steel) _ 1,Acoustic Guitar (steel) _ 1,39840,192
28.0588095,0.1411763999999991,49,94,Guitar 2,Acoustic Guitar (steel) _ 1,Acoustic Guitar (steel) _ 1,40080,192
28.0588095,0.1411763999999991,56,95,Guitar 2,Acoustic Guitar (steel) _ 1,Acoustic Guitar (steel) _ 1,40080,192
28.0588095,0.1411763999999991,61,90,Guitar 2,Acoustic Guitar (steel) _ 1,Acoustic Guitar (steel) _ 1,40080,192
28.0588095,0.1411763999999991,64,77,Guitar 2,Acoustic Guitar (steel) _ 1,Acoustic Guitar (steel) _ 1,40080,192
28.0588095,0.1411763999999991,68,92,Guitar 2,Acoustic Guitar (steel) _ 1,Acoustic Guitar (steel) _ 1,40080,192
28.235279999999996,0.28235280000000174,42,87,Guitar 2,Acoustic Guitar (steel) _ 1,Acoustic Guitar (steel) _ 1,40320,384
28.235279999999996,0.28235280000000174,49,82,Guitar 2,Acoustic Guitar (steel) _ 1,Acoustic Guitar (steel) _ 1,40320,384
28.235279999999996,0.28235280000000174,54,89,Guitar 2,Acoustic Guitar (steel) _ 1,Acoustic Guitar (steel) _ 1,40320,384
28.235279999999996,0.28235280000000174,57,91,Guitar 2,Acoustic Guitar (steel) _ 1,Acoustic Guitar (steel) _ 1,40320,384
28.235279999999996,0.28235280000000174,61,92,Guitar 2,Acoustic Guitar (steel) _ 1,Acoustic Guitar (steel) _ 1,40320,384
28.235279999999996,0.28235280000000174,66,80,Guitar 2,Acoustic Guitar (steel) _ 1,Acoustic Guitar (steel) _ 1,40320,384
28.588220999999997,0.4235292000000008,42,104,Guitar 2,Acoustic Guitar (steel) _ 1,Acoustic Guitar (steel) _ 1,40800,576
28.588220999999997,0.4235292000000008,49,94,Guitar 2,Acoustic Guitar (steel) _ 1,Acoustic Guitar (steel) _ 1,40800,576
28.588220999999997,0.4235292000000008,54,91,Guitar 2,Acoustic Guitar (steel) _ 1,Acoustic Guitar (steel) _ 1,40800,576
28.588220999999997,0.4235292000000008,57,92,Guitar 2,Acoustic Guitar (steel) _ 1,Acoustic Guitar (steel) _ 1,40800,576
28.588220999999997,0.4235292000000008,61,90,Guitar 2,Acoustic Guitar (steel) _ 1,Acoustic Guitar (steel) _ 1,40800,576
28.588220999999997,0.4235292000000008,66,90,Guitar 2,Acoustic Guitar (steel) _ 1,Acoustic Guitar (steel) _ 1,40800,576
29.117632499999996,0.14117640000000264,42,89,Guitar 2,Acoustic Guitar (steel) _ 1,Acoustic Guitar (steel) _ 1,41520,192
29.117632499999996,0.14117640000000264,49,85,Guitar 2,Acoustic Guitar (steel) _ 1,Acoustic Guitar (steel) _ 1,41520,192
29.117632499999996,0.14117640000000264,54,88,Guitar 2,Acoustic Guitar (steel) _ 1,Acoustic Guitar (steel) _ 1,41520,192
29.117632499999996,0.14117640000000264,57,101,Guitar 2,Acoustic Guitar (steel) _ 1,Acoustic Guitar (steel) _ 1,41520,192
29.117632499999996,0.14117640000000264,61,76,Guitar 2,Acoustic Guitar (steel) _ 1,Acoustic Guitar (steel) _ 1,41520,192
29.117632499999996,0.14117640000000264,66,92,Guitar 2,Acoustic Guitar (steel) _ 1,Acoustic Guitar (steel) _ 1,41520,192
29.294102999999996,0.28235280000000174,42,98,Guitar 2,Acoustic Guitar (steel) _ 1,Acoustic Guitar (steel) _ 1,41760,384
29.294102999999996,0.28235280000000174,49,90,Guitar 2,Acoustic Guitar (steel) _ 1,Acoustic Guitar (steel) _ 1,41760,384
29.294102999999996,0.28235280000000174,54,90,Guitar 2,Acoustic Guitar (steel) _ 1,Acoustic Guitar (steel) _ 1,41760,384
29.294102999999996,0.28235280000000174,57,89,Guitar 2,Acoustic Guitar (steel) _ 1,Acoustic Guitar (steel) _ 1,41760,384
29.294102999999996,0.28235280000000174,61,104,Guitar 2,Acoustic Guitar (steel) _ 1,Acoustic Guitar (steel) _ 1,41760,384
29.294102999999996,0.28235280000000174,66,90,Guitar 2,Acoustic Guitar (steel) _ 1,Acoustic Guitar (steel) _ 1,41760,384
29.647043999999998,0.2823527999999982,42,88,Guitar 2,Acoustic Guitar (steel) _ 1,Acoustic Guitar (steel) _ 1,42240,384
29.647043999999998,0.2823527999999982,49,81,Guitar 2,Acoustic Guitar (steel) _ 1,Acoustic Guitar (steel) _ 1,42240,384
29.647043999999998,0.2823527999999982,54,85,Guitar 2,Acoustic Guitar (steel) _ 1,Acoustic Guitar (steel) _ 1,42240,384
29.647043999999998,0.2823527999999982,57,86,Guitar 2,Acoustic Guitar (steel) _ 1,Acoustic Guitar (steel) _ 1,42240,384
29.647043999999998,0.2823527999999982,61,77,Guitar 2,Acoustic Guitar (steel) _ 1,Acoustic Guitar (steel) _ 1,42240,384
29.647043999999998,0.2823527999999982,66,90,Guitar 2,Acoustic Guitar (steel) _ 1,Acoustic Guitar (steel) _ 1,42240,384
29.999984999999995,0.14117640000000264,42,82,Guitar 2,Acoustic Guitar (steel) _ 1,Acoustic Guitar (steel) _ 1,42720,192
29.999984999999995,0.14117640000000264,49,91,Guitar 2,Acoustic Guitar (steel) _ 1,Acoustic Guitar (steel) _ 1,42720,192
29.999984999999995,0.14117640000000264,54,81,Guitar 2,Acoustic Guitar (steel) _ 1,Acoustic Guitar (steel) _ 1,42720,192
29.999984999999995,0.14117640000000264,57,103,Guitar 2,Acoustic Guitar (steel) _ 1,Acoustic Guitar (steel) _ 1,42720,192
29.999984999999995,0.14117640000000264,61,93,Guitar 2,Acoustic Guitar (steel) _ 1,Acoustic Guitar (steel) _ 1,42720,192
29.999984999999995,0.14117640000000264,66,96,Guitar 2,Acoustic Guitar (steel) _ 1,Acoustic Guitar (steel) _ 1,42720,192
30.176455499999996,0.28235280000000174,42,86,Guitar 2,Acoustic Guitar (steel) _ 1,Acoustic Guitar (steel) _ 1,42960,384
30.176455499999996,0.28235280000000174,49,90,Guitar 2,Acoustic Guitar (steel) _ 1,Acoustic Guitar (steel) _ 1,42960,384
30.176455499999996,0.28235280000000174,54,83,Guitar 2,Acoustic Guitar (steel) _ 1,Acoustic Guitar (steel) _ 1,42960,384
30.176455499999996,0.28235280000000174,57,91,Guitar 2,Acoustic Guitar (steel) _ 1,Acoustic Guitar (steel) _ 1,42960,384
30.176455499999996,0.28235280000000174,61,92,Guitar 2,Acoustic Guitar (steel) _ 1,Acoustic Guitar (steel) _ 1,42960,384
30.176455499999996,0.28235280000000174,66,84,Guitar 2,Acoustic Guitar (steel) _ 1,Acoustic Guitar (steel) _ 1,42960,384
30.529396499999997,0.14117640000000264,42,90,Guitar 2,Acoustic Guitar (steel) _ 1,Acoustic Guitar (steel) _ 1,43440,192
30.529396499999997,0.14117640000000264,49,89,Guitar 2,Acoustic Guitar (steel) _ 1,Acoustic Guitar (steel) _ 1,43440,192
30.529396499999997,0.14117640000000264,54,78,Guitar 2,Acoustic Guitar (steel) _ 1,Acoustic Guitar (steel) _ 1,43440,192
30.529396499999997,0.14117640000000264,57,92,Guitar 2,Acoustic Guitar (steel) _ 1,Acoustic Guitar (steel) _ 1,43440,192
30.529396499999997,0.14117640000000264,61,103,Guitar 2,Acoustic Guitar (steel) _ 1,Acoustic Guitar (steel) _ 1,43440,192
30.529396499999997,0.14117640000000264,66,79,Guitar 2,Acoustic Guitar (steel) _ 1,Acoustic Guitar (steel) _ 1,43440,192
30.705866999999994,0.1411764000000062,42,86,Guitar 2,Acoustic Guitar (steel) _ 1,Acoustic Guitar (steel) _ 1,43680,192
30.705866999999994,0.1411764000000062,49,89,Guitar 2,Acoustic Guitar (steel) _ 1,Acoustic Guitar (steel) _ 1,43680,192
30.705866999999994,0.1411764000000062,54,82,Guitar 2,Acoustic Guitar (steel) _ 1,Acoustic Guitar (steel) _ 1,43680,192
30.705866999999994,0.1411764000000062,57,103,Guitar 2,Acoustic Guitar (steel) _ 1,Acoustic Guitar (steel) _ 1,43680,192
30.705866999999994,0.1411764000000062,61,85,Guitar 2,Acoustic Guitar (steel) _ 1,Acoustic Guitar (steel) _ 1,43680,192
30.705866999999994,0.1411764000000062,66,102,Guitar 2,Acoustic Guitar (steel) _ 1,Acoustic Guitar (steel) _ 1,43680,192
30.882337499999995,0.1411763999999991,42,91,Guitar 2,Acoustic Guitar (steel) _ 1,Acoustic Guitar (steel) _ 1,43920,192
30.882337499999995,0.1411763999999991,49,98,Guitar 2,Acoustic Guitar (steel) _ 1,Acoustic Guitar (steel) _ 1,43920,192
30.882337499999995,0.1411763999999991,54,103,Guitar 2,Acoustic Guitar (steel) _ 1,Acoustic Guitar (steel) _ 1,43920,192
30.882337499999995,0.1411763999999991,57,89,Guitar 2,Acoustic Guitar (steel) _ 1,Acoustic Guitar (steel) _ 1,43920,192
30.882337499999995,0.1411763999999991,61,91,Guitar 2,Acoustic Guitar (steel) _ 1,Acoustic Guitar (steel) _ 1,43920,192
30.882337499999995,0.1411763999999991,66,79,Guitar 2,Acoustic Guitar (steel) _ 1,Acoustic Guitar (steel) _ 1,43920,192
31.058807999999996,0.2823527999999982,50,90,Guitar 2,Acoustic Guitar (steel) _ 1,Acoustic Guitar (steel) _ 1,44160,384
31.058807999999996,0.2823527999999982,57,90,Guitar 2,Acoustic Guitar (steel) _ 1,Acoustic Guitar (steel) _ 1,44160,384
31.058807999999996,0.2823527999999982,62,93,Guitar 2,Acoustic Guitar (steel) _ 1,Acoustic Guitar (steel) _ 1,44160,384
31.058807999999996,0.2823527999999982,66,82,Guitar 2,Acoustic Guitar (steel) _ 1,Acoustic Guitar (steel) _ 1,44160,384
31.411748999999997,0.2823527999999982,50,94,Guitar 2,Acoustic Guitar (steel) _ 1,Acoustic Guitar (steel) _ 1,44640,384
31.411748999999997,0.2823527999999982,57,99,Guitar 2,Acoustic Guitar (steel) _ 1,Acoustic Guitar (steel) _ 1,44640,384
31.411748999999997,0.2823527999999982,62,96,Guitar 2,Acoustic Guitar (steel) _ 1,Acoustic Guitar (steel) _ 1,44640,384
31.411748999999997,0.2823527999999982,66,95,Guitar 2,Acoustic Guitar (steel) _ 1,Acoustic Guitar (steel) _ 1,44640,384
31.764689999999998,0.1411763999999991,43,98,Guitar 2,Acoustic Guitar (steel) _ 1,Acoustic Guitar (steel) _ 1,45120,192
31.764689999999998,0.1411763999999991,47,90,Guitar 2,Acoustic Guitar (steel) _ 1,Acoustic Guitar (steel) _ 1,45120,192
31.764689999999998,0.1411763999999991,50,91,Guitar 2,Acoustic Guitar (steel) _ 1,Acoustic Guitar (steel) _ 1,45120,192
31.764689999999998,0.1411763999999991,55,100,Guitar 2,Acoustic Guitar (steel) _ 1,Acoustic Guitar (steel) _ 1,45120,192
31.764689999999998,0.1411763999999991,59,91,Guitar 2,Acoustic Guitar (steel) _ 1,Acoustic Guitar (steel) _ 1,45120,192
31.764689999999998,0.1411763999999991,67,100,Guitar 2,Acoustic Guitar (steel) _ 1,Acoustic Guitar (steel) _ 1,45120,192
31.9411605,0.2823527999999982,43,86,Guitar 2,Acoustic Guitar (steel) _ 1,Acoustic Guitar (steel) _ 1,45360,384
31.9411605,0.2823527999999982,55,98,Guitar 2,Acoustic Guitar (steel) _ 1,Acoustic Guitar (steel) _ 1,45360,384
31.9411605,0.2823527999999982,67,89,Guitar 2,Acoustic Guitar (steel) _ 1,Acoustic Guitar (steel) _ 1,45360,384
31.9411605,0.2823527999999982,47,91,Guitar 2,Acoustic Guitar (steel) _ 1,Acoustic Guitar (steel) _ 1,45360,384
31.9411605,0.2823527999999982,50,94,Guitar 2,Acoustic Guitar (steel) _ 1,Acoustic Guitar (steel) _ 1,45360,384
31.9411605,0.2823527999999982,59,99,Guitar 2,Acoustic Guitar (steel) _ 1,Acoustic Guitar (steel) _ 1,45360,384
32.294101500000004,0.2823527999999982,45,90,Guitar 2,Acoustic Guitar (steel) _ 1,Acoustic Guitar (steel) _ 1,45840,384
32.294101500000004,0.2823527999999982,52,92,Guitar 2,Acoustic Guitar (steel) _ 1,Acoustic Guitar (steel) _ 1,45840,384
32.294101500000004,0.2823527999999982,57,89,Guitar 2,Acoustic Guitar (steel) _ 1,Acoustic Guitar (steel) _ 1,45840,384
32.294101500000004,0.2823527999999982,61,88,Guitar 2,Acoustic Guitar (steel) _ 1,Acoustic Guitar (steel) _ 1,45840,384
32.294101500000004,0.2823527999999982,64,101,Guitar 2,Acoustic Guitar (steel) _ 1,Acoustic Guitar (steel) _ 1,45840,384
32.6470425,0.1411764000000062,45,82,Guitar 2,Acoustic Guitar (steel) _ 1,Acoustic Guitar (steel) _ 1,46320,192
32.6470425,0.1411764000000062,52,75,Guitar 2,Acoustic Guitar (steel) _ 1,Acoustic Guitar (steel) _ 1,46320,192
32.6470425,0.1411764000000062,57,99,Guitar 2,Acoustic Guitar (steel) _ 1,Acoustic Guitar (steel) _ 1,46320,192
32.6470425,0.1411764000000062,61,100,Guitar 2,Acoustic Guitar (steel) _ 1,Acoustic Guitar (steel) _ 1,46320,192
32.6470425,0.1411764000000062,64,100,Guitar 2,Acoustic Guitar (steel) _ 1,Acoustic Guitar (steel) _ 1,46320,192
32.823513,0.2823528000000053,45,96,Guitar 2,Acoustic Guitar (steel) _ 1,Acoustic Guitar (steel) _ 1,46560,384
32.823513,0.2823528000000053,52,92,Guitar 2,Acoustic Guitar (steel) _ 1,Acoustic Guitar (steel) _ 1,46560,384
32.823513,0.2823528000000053,57,91,Guitar 2,Acoustic Guitar (steel) _ 1,Acoustic Guitar (steel) _ 1,46560,384
32.823513,0.2823528000000053,61,89,Guitar 2,Acoustic Guitar (steel) _ 1,Acoustic Guitar (steel) _ 1,46560,384
32.823513,0.2823528000000053,64,98,Guitar 2,Acoustic Guitar (steel) _ 1,Acoustic Guitar (steel) _ 1,46560,384
33.176454,0.16176462500000355,45,93,Guitar 2,Acoustic Guitar (steel) _ 1,Acoustic Guitar (steel) _ 1,47040,220
33.176454,0.16176462500000355,52,99,Guitar 2,Acoustic Guitar (steel) _ 1,Acoustic Guitar (steel) _ 1,47040,220
33.176454,0.16176462500000355,57,93,Guitar 2,Acoustic Guitar (steel) _ 1,Acoustic Guitar (steel) _ 1,47040,220
33.176454,0.16176462500000355,61,90,Guitar 2,Acoustic Guitar (steel) _ 1,Acoustic Guitar (steel) _ 1,47040,220
33.176454,0.16176462500000355,64,90,Guitar 2,Acoustic Guitar (steel) _ 1,Acoustic Guitar (steel) _ 1,47040,220
33.529395,0.16176462499999644,45,95,Guitar 2,Acoustic Guitar (steel) _ 1,Acoustic Guitar (steel) _ 1,47520,220
33.529395,0.16176462499999644,52,104,Guitar 2,Acoustic Guitar (steel) _ 1,Acoustic Guitar (steel) _ 1,47520,220
33.529395,0.16176462499999644,57,90,Guitar 2,Acoustic Guitar (steel) _ 1,Acoustic Guitar (steel) _ 1,47520,220
33.529395,0.16176462499999644,61,80,Guitar 2,Acoustic Guitar (steel) _ 1,Acoustic Guitar (steel) _ 1,47520,220
33.529395,0.16176462499999644,64,87,Guitar 2,Acoustic Guitar (steel) _ 1,Acoustic Guitar (steel) _ 1,47520,220
33.882336,0.2823527999999982,47,91,Guitar 2,Acoustic Guitar (steel) _ 1,Acoustic Guitar (steel) _ 1,48000,384
33.882336,0.2823527999999982,54,90,Guitar 2,Acoustic Guitar (steel) _ 1,Acoustic Guitar (steel) _ 1,48000,384
33.882336,0.2823527999999982,59,90,Guitar 2,Acoustic Guitar (steel) _ 1,Acoustic Guitar (steel) _ 1,48000,384
33.882336,0.2823527999999982,62,96,Guitar 2,Acoustic Guitar (steel) _ 1,Acoustic Guitar (steel) _ 1,48000,384
33.882336,0.2823527999999982,66,93,Guitar 2,Acoustic Guitar (steel) _ 1,Acoustic Guitar (steel) _ 1,48000,384
34.235277,0.2823527999999982,47,78,Guitar 2,Acoustic Guitar (steel) _ 1,Acoustic Guitar (steel) _ 1,48480,384
34.235277,0.2823527999999982,54,105,Guitar 2,Acoustic Guitar (steel) _ 1,Acoustic Guitar (steel) _ 1,48480,384
34.235277,0.2823527999999982,59,90,Guitar 2,Acoustic Guitar (steel) _ 1,Acoustic Guitar (steel) _ 1,48480,384
34.235277,0.2823527999999982,62,93,Guitar 2,Acoustic Guitar (steel) _ 1,Acoustic Guitar (steel) _ 1,48480,384
34.235277,0.2823527999999982,66,88,Guitar 2,Acoustic Guitar (steel) _ 1,Acoustic Guitar (steel) _ 1,48480,384
34.588218,0.1411763999999991,47,92,Guitar 2,Acoustic Guitar (steel) _ 1,Acoustic Guitar (steel) _ 1,48960,192
34.588218,0.1411763999999991,54,90,Guitar 2,Acoustic Guitar (steel) _ 1,Acoustic Guitar (steel) _ 1,48960,192
34.588218,0.1411763999999991,59,90,Guitar 2,Acoustic Guitar (steel) _ 1,Acoustic Guitar (steel) _ 1,48960,192
34.588218,0.1411763999999991,62,90,Guitar 2,Acoustic Guitar (steel) _ 1,Acoustic Guitar (steel) _ 1,48960,192
34.588218,0.1411763999999991,66,88,Guitar 2,Acoustic Guitar (steel) _ 1,Acoustic Guitar (steel) _ 1,48960,192
34.7646885,0.1411763999999991,47,83,Guitar 2,Acoustic Guitar (steel) _ 1,Acoustic Guitar (steel) _ 1,49200,192
34.7646885,0.1411763999999991,54,90,Guitar 2,Acoustic Guitar (steel) _ 1,Acoustic Guitar (steel) _ 1,49200,192
34.7646885,0.1411763999999991,59,76,Guitar 2,Acoustic Guitar (steel) _ 1,Acoustic Guitar (steel) _ 1,49200,192
34.7646885,0.1411763999999991,62,93,Guitar 2,Acoustic Guitar (steel) _ 1,Acoustic Guitar (steel) _ 1,49200,192
34.7646885,0.1411763999999991,66,90,Guitar 2,Acoustic Guitar (steel) _ 1,Acoustic Guitar (steel) _ 1,49200,192
34.941159,0.2823527999999982,47,90,Guitar 2,Acoustic Guitar (steel) _ 1,Acoustic Guitar (steel) _ 1,49440,384
34.941159,0.2823527999999982,54,103,Guitar 2,Acoustic Guitar (steel) _ 1,Acoustic Guitar (steel) _ 1,49440,384
34.941159,0.2823527999999982,59,94,Guitar 2,Acoustic Guitar (steel) _ 1,Acoustic Guitar (steel) _ 1,49440,384
34.941159,0.2823527999999982,66,92,Guitar 2,Acoustic Guitar (steel) _ 1,Acoustic Guitar (steel) _ 1,49440,384
34.941159,0.2823527999999982,62,90,Guitar 2,Acoustic Guitar (steel) _ 1,Acoustic Guitar (steel) _ 1,49440,384
35.2941,0.2823527999999982,47,88,Guitar 2,Acoustic Guitar (steel) _ 1,Acoustic Guitar (steel) _ 1,49920,384
35.2941,0.2823527999999982,54,89,Guitar 2,Acoustic Guitar (steel) _ 1,Acoustic Guitar (steel) _ 1,49920,384
35.2941,0.2823527999999982,59,89,Guitar 2,Acoustic Guitar (steel) _ 1,Acoustic Guitar (steel) _ 1,49920,384
35.2941,0.2823527999999982,62,104,Guitar 2,Acoustic Guitar (steel) _ 1,Acoustic Guitar (steel) _ 1,49920,384
35.2941,0.2823527999999982,66,92,Guitar 2,Acoustic Guitar (steel) _ 1,Acoustic Guitar (steel) _ 1,49920,384
35.647041,0.2823527999999982,47,82,Guitar 2,Acoustic Guitar (steel) _ 1,Acoustic Guitar (steel) _ 1,50400,384
35.647041,0.2823527999999982,54,96,Guitar 2,Acoustic Guitar (steel) _ 1,Acoustic Guitar (steel) _ 1,50400,384
35.647041,0.2823527999999982,59,95,Guitar 2,Acoustic Guitar (steel) _ 1,Acoustic Guitar (steel) _ 1,50400,384
35.647041,0.2823527999999982,62,90,Guitar 2,Acoustic Guitar (steel) _ 1,Acoustic Guitar (steel) _ 1,50400,384
35.647041,0.2823527999999982,66,88,Guitar 2,Acoustic Guitar (steel) _ 1,Acoustic Guitar (steel) _ 1,50400,384
35.999982,0.1411763999999991,47,91,Guitar 2,Acoustic Guitar (steel) _ 1,Acoustic Guitar (steel) _ 1,50880,192
35.999982,0.1411763999999991,54,79,Guitar 2,Acoustic Guitar (steel) _ 1,Acoustic Guitar (steel) _ 1,50880,192
35.999982,0.1411763999999991,59,91,Guitar 2,Acoustic Guitar (steel) _ 1,Acoustic Guitar (steel) _ 1,50880,192
35.999982,0.1411763999999991,62,95,Guitar 2,Acoustic Guitar (steel) _ 1,Acoustic Guitar (steel) _ 1,50880,192
35.999982,0.1411763999999991,66,95,Guitar 2,Acoustic Guitar (steel) _ 1,Acoustic Guitar (steel) _ 1,50880,192
36.1764525,0.1411763999999991,47,91,Guitar 2,Acoustic Guitar (steel) _ 1,Acoustic Guitar (steel) _ 1,51120,192
36.1764525,0.1411763999999991,54,92,Guitar 2,Acoustic Guitar (steel) _ 1,Acoustic Guitar (steel) _ 1,51120,192
36.1764525,0.1411763999999991,59,90,Guitar 2,Acoustic Guitar (steel) _ 1,Acoustic Guitar (steel) _ 1,51120,192
36.1764525,0.1411763999999991,62,91,Guitar 2,Acoustic Guitar (steel) _ 1,Acoustic Guitar (steel) _ 1,51120,192
36.1764525,0.1411763999999991,66,87,Guitar 2,Acoustic Guitar (steel) _ 1,Acoustic Guitar (steel) _ 1,51120,192
36.352923,0.2823528000000053,47,90,Guitar 2,Acoustic Guitar (steel) _ 1,Acoustic Guitar (steel) _ 1,51360,384
36.352923,0.2823528000000053,54,90,Guitar 2,Acoustic Guitar (steel) _ 1,Acoustic Guitar (steel) _ 1,51360,384
36.352923,0.2823528000000053,59,90,Guitar 2,Acoustic Guitar (steel) _ 1,Acoustic Guitar (steel) _ 1,51360,384
36.352923,0.2823528000000053,66,80,Guitar 2,Acoustic Guitar (steel) _ 1,Acoustic Guitar (steel) _ 1,51360,384
36.352923,0.2823528000000053,62,89,Guitar 2,Acoustic Guitar (steel) _ 1,Acoustic Guitar (steel) _ 1,51360,384
36.705864,0.2823528000000053,47,92,Guitar 2,Acoustic Guitar (steel) _ 1,Acoustic Guitar (steel) _ 1,51840,384
36.705864,0.2823528000000053,54,103,Guitar 2,Acoustic Guitar (steel) _ 1,Acoustic Guitar (steel) _ 1,51840,384
36.705864,0.2823528000000053,59,100,Guitar 2,Acoustic Guitar (steel) _ 1,Acoustic Guitar (steel) _ 1,51840,384
36.705864,0.2823528000000053,62,91,Guitar 2,Acoustic Guitar (steel) _ 1,Acoustic Guitar (steel) _ 1,51840,384
36.705864,0.2823528000000053,66,90,Guitar 2,Acoustic Guitar (steel) _ 1,Acoustic Guitar (steel) _ 1,51840,384
37.058805,0.2823527999999982,47,89,Guitar 2,Acoustic Guitar (steel) _ 1,Acoustic Guitar (steel) _ 1,52320,384
37.058805,0.2823527999999982,54,82,Guitar 2,Acoustic Guitar (steel) _ 1,Acoustic Guitar (steel) _ 1,52320,384
37.058805,0.2823527999999982,59,92,Guitar 2,Acoustic Guitar (steel) _ 1,Acoustic Guitar (steel) _ 1,52320,384
37.058805,0.2823527999999982,62,91,Guitar 2,Acoustic Guitar (steel) _ 1,Acoustic Guitar (steel) _ 1,52320,384
37.058805,0.2823527999999982,66,87,Guitar 2,Acoustic Guitar (steel) _ 1,Acoustic Guitar (steel) _ 1,52320,384
37.411746,0.1411763999999991,47,98,Guitar 2,Acoustic Guitar (steel) _ 1,Acoustic Guitar (steel) _ 1,52800,192
37.411746,0.1411763999999991,54,86,Guitar 2,Acoustic Guitar (steel) _ 1,Acoustic Guitar (steel) _ 1,52800,192
37.411746,0.1411763999999991,59,91,Guitar 2,Acoustic Guitar (steel) _ 1,Acoustic Guitar (steel) _ 1,52800,192
37.411746,0.1411763999999991,62,89,Guitar 2,Acoustic Guitar (steel) _ 1,Acoustic Guitar (steel) _ 1,52800,192
37.411746,0.1411763999999991,66,104,Guitar 2,Acoustic Guitar (steel) _ 1,Acoustic Guitar (steel) _ 1,52800,192
37.5882165,0.1411763999999991,47,90,Guitar 2,Acoustic Guitar (steel) _ 1,Acoustic Guitar (steel) _ 1,53040,192
37.5882165,0.1411763999999991,54,80,Guitar 2,Acoustic Guitar (steel) _ 1,Acoustic Guitar (steel) _ 1,53040,192
37.5882165,0.1411763999999991,59,91,Guitar 2,Acoustic Guitar (steel) _ 1,Acoustic Guitar (steel) _ 1,53040,192
37.5882165,0.1411763999999991,62,96,Guitar 2,Acoustic Guitar (steel) _ 1,Acoustic Guitar (steel) _ 1,53040,192
37.5882165,0.1411763999999991,66,86,Guitar 2,Acoustic Guitar (steel) _ 1,Acoustic Guitar (steel) _ 1,53040,192
37.764687,0.2823527999999982,47,93,Guitar 2,Acoustic Guitar (steel) _ 1,Acoustic Guitar (steel) _ 1,53280,384
37.764687,0.2823527999999982,54,88,Guitar 2,Acoustic Guitar (steel) _ 1,Acoustic Guitar (steel) _ 1,53280,384
37.764687,0.2823527999999982,59,80,Guitar 2,Acoustic Guitar (steel) _ 1,Acoustic Guitar (steel) _ 1,53280,384
37.764687,0.2823527999999982,66,101,Guitar 2,Acoustic Guitar (steel) _ 1,Acoustic Guitar (steel) _ 1,53280,384
37.764687,0.2823527999999982,62,90,Guitar 2,Acoustic Guitar (steel) _ 1,Acoustic Guitar (steel) _ 1,53280,384
38.117628,0.2823527999999982,47,90,Guitar 2,Acoustic Guitar (steel) _ 1,Acoustic Guitar (steel) _ 1,53760,384
38.117628,0.2823527999999982,54,84,Guitar 2,Acoustic Guitar (steel) _ 1,Acoustic Guitar (steel) _ 1,53760,384
38.117628,0.2823527999999982,59,98,Guitar 2,Acoustic Guitar (steel) _ 1,Acoustic Guitar (steel) _ 1,53760,384
38.117628,0.2823527999999982,62,95,Guitar 2,Acoustic Guitar (steel) _ 1,Acoustic Guitar (steel) _ 1,53760,384
38.117628,0.2823527999999982,66,89,Guitar 2,Acoustic Guitar (steel) _ 1,Acoustic Guitar (steel) _ 1,53760,384
38.470569,0.2823528000000053,47,90,Guitar 2,Acoustic Guitar (steel) _ 1,Acoustic Guitar (steel) _ 1,54240,384
38.470569,0.2823528000000053,54,78,Guitar 2,Acoustic Guitar (steel) _ 1,Acoustic Guitar (steel) _ 1,54240,384
38.470569,0.2823528000000053,59,89,Guitar 2,Acoustic Guitar (steel) _ 1,Acoustic Guitar (steel) _ 1,54240,384
38.470569,0.2823528000000053,62,100,Guitar 2,Acoustic Guitar (steel) _ 1,Acoustic Guitar (steel) _ 1,54240,384
38.470569,0.2823528000000053,66,88,Guitar 2,Acoustic Guitar (steel) _ 1,Acoustic Guitar (steel) _ 1,54240,384
38.82351,0.1411763999999991,47,92,Guitar 2,Acoustic Guitar (steel) _ 1,Acoustic Guitar (steel) _ 1,54720,192
38.82351,0.1411763999999991,54,87,Guitar 2,Acoustic Guitar (steel) _ 1,Acoustic Guitar (steel) _ 1,54720,192
38.82351,0.1411763999999991,59,90,Guitar 2,Acoustic Guitar (steel) _ 1,Acoustic Guitar (steel) _ 1,54720,192
38.82351,0.1411763999999991,62,78,Guitar 2,Acoustic Guitar (steel) _ 1,Acoustic Guitar (steel) _ 1,54720,192
38.82351,0.1411763999999991,66,88,Guitar 2,Acoustic Guitar (steel) _ 1,Acoustic Guitar (steel) _ 1,54720,192
38.9999805,0.1411763999999991,47,79,Guitar 2,Acoustic Guitar (steel) _ 1,Acoustic Guitar (steel) _ 1,54960,192
38.9999805,0.1411763999999991,54,89,Guitar 2,Acoustic Guitar (steel) _ 1,Acoustic Guitar (steel) _ 1,54960,192
38.9999805,0.1411763999999991,59,93,Guitar 2,Acoustic Guitar (steel) _ 1,Acoustic Guitar (steel) _ 1,54960,192
38.9999805,0.1411763999999991,62,92,Guitar 2,Acoustic Guitar (steel) _ 1,Acoustic Guitar (steel) _ 1,54960,192
38.9999805,0.1411763999999991,66,85,Guitar 2,Acoustic Guitar (steel) _ 1,Acoustic Guitar (steel) _ 1,54960,192
39.176451,0.2823527999999982,47,92,Guitar 2,Acoustic Guitar (steel) _ 1,Acoustic Guitar (steel) _ 1,55200,384
39.176451,0.2823527999999982,54,89,Guitar 2,Acoustic Guitar (steel) _ 1,Acoustic Guitar (steel) _ 1,55200,384
39.176451,0.2823527999999982,59,101,Guitar 2,Acoustic Guitar (steel) _ 1,Acoustic Guitar (steel) _ 1,55200,384
39.176451,0.2823527999999982,66,90,Guitar 2,Acoustic Guitar (steel) _ 1,Acoustic Guitar (steel) _ 1,55200,384
39.176451,0.2823527999999982,62,85,Guitar 2,Acoustic Guitar (steel) _ 1,Acoustic Guitar (steel) _ 1,55200,384
39.529392,0.2823527999999982,43,90,Guitar 2,Acoustic Guitar (steel) _ 1,Acoustic Guitar (steel) _ 1,55680,384
39.529392,0.2823527999999982,50,75,Guitar 2,Acoustic Guitar (steel) _ 1,Acoustic Guitar (steel) _ 1,55680,384
39.529392,0.2823527999999982,55,93,Guitar 2,Acoustic Guitar (steel) _ 1,Acoustic Guitar (steel) _ 1,55680,384
39.529392,0.2823527999999982,59,89,Guitar 2,Acoustic Guitar (steel) _ 1,Acoustic Guitar (steel) _ 1,55680,384
39.529392,0.2823527999999982,62,97,Guitar 2,Acoustic Guitar (steel) _ 1,Acoustic Guitar (steel) _ 1,55680,384
39.529392,0.2823527999999982,67,76,Guitar 2,Acoustic Guitar (steel) _ 1,Acoustic Guitar (steel) _ 1,55680,384
39.882333,0.2823527999999982,43,91,Guitar 2,Acoustic Guitar (steel) _ 1,Acoustic Guitar (steel) _ 1,56160,384
39.882333,0.2823527999999982,50,80,Guitar 2,Acoustic Guitar (steel) _ 1,Acoustic Guitar (steel) _ 1,56160,384
39.882333,0.2823527999999982,55,86,Guitar 2,Acoustic Guitar (steel) _ 1,Acoustic Guitar (steel) _ 1,56160,384
39.882333,0.2823527999999982,59,103,Guitar 2,Acoustic Guitar (steel) _ 1,Acoustic Guitar (steel) _ 1,56160,384
39.882333,0.2823527999999982,62,77,Guitar 2,Acoustic Guitar (steel) _ 1,Acoustic Guitar (steel) _ 1,56160,384
39.882333,0.2823527999999982,67,90,Guitar 2,Acoustic Guitar (steel) _ 1,Acoustic Guitar (steel) _ 1,56160,384
40.235274,0.1411764000000062,43,90,Guitar 2,Acoustic Guitar (steel) _ 1,Acoustic Guitar (steel) _ 1,56640,192
40.235274,0.1411764000000062,50,94,Guitar 2,Acoustic Guitar (steel) _ 1,Acoustic Guitar (steel) _ 1,56640,192
40.235274,0.1411764000000062,55,90,Guitar 2,Acoustic Guitar (steel) _ 1,Acoustic Guitar (steel) _ 1,56640,192
40.235274,0.1411764000000062,59,95,Guitar 2,Acoustic Guitar (steel) _ 1,Acoustic Guitar (steel) _ 1,56640,192
40.235274,0.1411764000000062,62,85,Guitar 2,Acoustic Guitar (steel) _ 1,Acoustic Guitar (steel) _ 1,56640,192
40.235274,0.1411764000000062,67,90,Guitar 2,Acoustic Guitar (steel) _ 1,Acoustic Guitar (steel) _ 1,56640,192
40.4117445,0.1411763999999991,43,99,Guitar 2,Acoustic Guitar (steel) _ 1,Acoustic Guitar (steel) _ 1,56880,192
40.4117445,0.1411763999999991,50,97,Guitar 2,Acoustic Guitar (steel) _ 1,Acoustic Guitar (steel) _ 1,56880,192
40.4117445,0.1411763999999991,55,99,Guitar 2,Acoustic Guitar (steel) _ 1,Acoustic Guitar (steel) _ 1,56880,192
40.4117445,0.1411763999999991,59,91,Guitar 2,Acoustic Guitar (steel) _ 1,Acoustic Guitar (steel) _ 1,56880,192
40.4117445,0.1411763999999991,62,84,Guitar 2,Acoustic Guitar (steel) _ 1,Acoustic Guitar (steel) _ 1,56880,192
40.4117445,0.1411763999999991,67,92,Guitar 2,Acoustic Guitar (steel) _ 1,Acoustic Guitar (steel) _ 1,56880,192
40.588215,0.2823528000000053,43,77,Guitar 2,Acoustic Guitar (steel) _ 1,Acoustic Guitar (steel) _ 1,57120,384
40.588215,0.2823528000000053,50,83,Guitar 2,Acoustic Guitar (steel) _ 1,Acoustic Guitar (steel) _ 1,57120,384
40.588215,0.2823528000000053,55,87,Guitar 2,Acoustic Guitar (steel) _ 1,Acoustic Guitar (steel) _ 1,57120,384
40.588215,0.2823528000000053,59,95,Guitar 2,Acoustic Guitar (steel) _ 1,Acoustic Guitar (steel) _ 1,57120,384
40.588215,0.2823528000000053,62,85,Guitar 2,Acoustic Guitar (steel) _ 1,Acoustic Guitar (steel) _ 1,57120,384
40.588215,0.2823528000000053,67,92,Guitar 2,Acoustic Guitar (steel) _ 1,Acoustic Guitar (steel) _ 1,57120,384
40.941156,0.2823527999999982,43,103,Guitar 2,Acoustic Guitar (steel) _ 1,Acoustic Guitar (steel) _ 1,57600,384
40.941156,0.2823527999999982,50,94,Guitar 2,Acoustic Guitar (steel) _ 1,Acoustic Guitar (steel) _ 1,57600,384
40.941156,0.2823527999999982,55,104,Guitar 2,Acoustic Guitar (steel) _ 1,Acoustic Guitar (steel) _ 1,57600,384
40.941156,0.2823527999999982,59,89,Guitar 2,Acoustic Guitar (steel) _ 1,Acoustic Guitar (steel) _ 1,57600,384
40.941156,0.2823527999999982,62,91,Guitar 2,Acoustic Guitar (steel) _ 1,Acoustic Guitar (steel) _ 1,57600,384
40.941156,0.2823527999999982,67,87,Guitar 2,Acoustic Guitar (steel) _ 1,Acoustic Guitar (steel) _ 1,57600,384
41.294097,0.2823527999999982,43,93,Guitar 2,Acoustic Guitar (steel) _ 1,Acoustic Guitar (steel) _ 1,58080,384
41.294097,0.2823527999999982,50,89,Guitar 2,Acoustic Guitar (steel) _ 1,Acoustic Guitar (steel) _ 1,58080,384
41.294097,0.2823527999999982,55,87,Guitar 2,Acoustic Guitar (steel) _ 1,Acoustic Guitar (steel) _ 1,58080,384
41.294097,0.2823527999999982,59,96,Guitar 2,Acoustic Guitar (steel) _ 1,Acoustic Guitar (steel) _ 1,58080,384
41.294097,0.2823527999999982,62,84,Guitar 2,Acoustic Guitar (steel) _ 1,Acoustic Guitar (steel) _ 1,58080,384
41.294097,0.2823527999999982,67,90,Guitar 2,Acoustic Guitar (steel) _ 1,Acoustic Guitar (steel) _ 1,58080,384
41.647038,0.1411763999999991,43,86,Guitar 2,Acoustic Guitar (steel) _ 1,Acoustic Guitar (steel) _ 1,58560,192
41.647038,0.1411763999999991,50,99,Guitar 2,Acoustic Guitar (steel) _ 1,Acoustic Guitar (steel) _ 1,58560,192
41.647038,0.1411763999999991,55,97,Guitar 2,Acoustic Guitar (steel) _ 1,Acoustic Guitar (steel) _ 1,58560,192
41.647038,0.1411763999999991,59,89,Guitar 2,Acoustic Guitar (steel) _ 1,Acoustic Guitar (steel) _ 1,58560,192
41.647038,0.1411763999999991,62,91,Guitar 2,Acoustic Guitar (steel) _ 1,Acoustic Guitar (steel) _ 1,58560,192
41.647038,0.1411763999999991,67,102,Guitar 2,Acoustic Guitar (steel) _ 1,Acoustic Guitar (steel) _ 1,58560,192
41.8235085,0.1411763999999991,43,101,Guitar 2,Acoustic Guitar (steel) _ 1,Acoustic Guitar (steel) _ 1,58800,192
41.8235085,0.1411763999999991,50,89,Guitar 2,Acoustic Guitar (steel) _ 1,Acoustic Guitar (steel) _ 1,58800,192
41.8235085,0.1411763999999991,55,92,Guitar 2,Acoustic Guitar (steel) _ 1,Acoustic Guitar (steel) _ 1,58800,192
41.8235085,0.1411763999999991,59,87,Guitar 2,Acoustic Guitar (steel) _ 1,Acoustic Guitar (steel) _ 1,58800,192
41.8235085,0.1411763999999991,62,96,Guitar 2,Acoustic Guitar (steel) _ 1,Acoustic Guitar (steel) _ 1,58800,192
41.8235085,0.1411763999999991,67,99,Guitar 2,Acoustic Guitar (steel) _ 1,Acoustic Guitar (steel) _ 1,58800,192
41.999979,0.2823527999999982,43,79,Guitar 2,Acoustic Guitar (steel) _ 1,Acoustic Guitar (steel) _ 1,59040,384
41.999979,0.2823527999999982,50,101,Guitar 2,Acoustic Guitar (steel) _ 1,Acoustic Guitar (steel) _ 1,59040,384
41.999979,0.2823527999999982,55,90,Guitar 2,Acoustic Guitar (steel) _ 1,Acoustic Guitar (steel) _ 1,59040,384
41.999979,0.2823527999999982,59,87,Guitar 2,Acoustic Guitar (steel) _ 1,Acoustic Guitar (steel) _ 1,59040,384
41.999979,0.2823527999999982,62,92,Guitar 2,Acoustic Guitar (steel) _ 1,Acoustic Guitar (steel) _ 1,59040,384
41.999979,0.2823527999999982,67,83,Guitar 2,Acoustic Guitar (steel) _ 1,Acoustic Guitar (steel) _ 1,59040,384
42.35292,0.2823528000000053,43,90,Guitar 2,Acoustic Guitar (steel) _ 1,Acoustic Guitar (steel) _ 1,59520,384
42.35292,0.2823528000000053,50,86,Guitar 2,Acoustic Guitar (steel) _ 1,Acoustic Guitar (steel) _ 1,59520,384
42.35292,0.2823528000000053,55,89,Guitar 2,Acoustic Guitar (steel) _ 1,Acoustic Guitar (steel) _ 1,59520,384
42.35292,0.2823528000000053,59,88,Guitar 2,Acoustic Guitar (steel) _ 1,Acoustic Guitar (steel) _ 1,59520,384
42.35292,0.2823528000000053,62,83,Guitar 2,Acoustic Guitar (steel) _ 1,Acoustic Guitar (steel) _ 1,59520,384
42.35292,0.2823528000000053,67,96,Guitar 2,Acoustic Guitar (steel) _ 1,Acoustic Guitar (steel) _ 1,59520,384
42.705861,0.2823527999999982,43,99,Guitar 2,Acoustic Guitar (steel) _ 1,Acoustic Guitar (steel) _ 1,60000,384
42.705861,0.2823527999999982,50,99,Guitar 2,Acoustic Guitar (steel) _ 1,Acoustic Guitar (steel) _ 1,60000,384
42.705861,0.2823527999999982,55,92,Guitar 2,Acoustic Guitar (steel) _ 1,Acoustic Guitar (steel) _ 1,60000,384
42.705861,0.2823527999999982,59,92,Guitar 2,Acoustic Guitar (steel) _ 1,Acoustic Guitar (steel) _ 1,60000,384
42.705861,0.2823527999999982,62,86,Guitar 2,Acoustic Guitar (steel) _ 1,Acoustic Guitar (steel) _ 1,60000,384
42.705861,0.2823527999999982,67,80,Guitar 2,Acoustic Guitar (steel) _ 1,Acoustic Guitar (steel) _ 1,60000,384
43.058802,0.1411763999999991,43,90,Guitar 2,Acoustic Guitar (steel) _ 1,Acoustic Guitar (steel) _ 1,60480,192
43.058802,0.1411763999999991,50,101,Guitar 2,Acoustic Guitar (steel) _ 1,Acoustic Guitar (steel) _ 1,60480,192
43.058802,0.1411763999999991,55,97,Guitar 2,Acoustic Guitar (steel) _ 1,Acoustic Guitar (steel) _ 1,60480,192
43.058802,0.1411763999999991,59,103,Guitar 2,Acoustic Guitar (steel) _ 1,Acoustic Guitar (steel) _ 1,60480,192
43.058802,0.1411763999999991,62,89,Guitar 2,Acoustic Guitar (steel) _ 1,Acoustic Guitar (steel) _ 1,60480,192
43.058802,0.1411763999999991,67,91,Guitar 2,Acoustic Guitar (steel) _ 1,Acoustic Guitar (steel) _ 1,60480,192
43.2352725,0.1411763999999991,43,99,Guitar 2,Acoustic Guitar (steel) _ 1,Acoustic Guitar (steel) _ 1,60720,192
43.2352725,0.1411763999999991,50,93,Guitar 2,Acoustic Guitar (steel) _ 1,Acoustic Guitar (steel) _ 1,60720,192
43.2352725,0.1411763999999991,55,101,Guitar 2,Acoustic Guitar (steel) _ 1,Acoustic Guitar (steel) _ 1,60720,192
43.2352725,0.1411763999999991,59,91,Guitar 2,Acoustic Guitar (steel) _ 1,Acoustic Guitar (steel) _ 1,60720,192
43.2352725,0.1411763999999991,62,94,Guitar 2,Acoustic Guitar (steel) _ 1,Acoustic Guitar (steel) _ 1,60720,192
43.2352725,0.1411763999999991,67,87,Guitar 2,Acoustic Guitar (steel) _ 1,Acoustic Guitar (steel) _ 1,60720,192
43.411743,0.2823527999999982,43,91,Guitar 2,Acoustic Guitar (steel) _ 1,Acoustic Guitar (steel) _ 1,60960,384
43.411743,0.2823527999999982,50,82,Guitar 2,Acoustic Guitar (steel) _ 1,Acoustic Guitar (steel) _ 1,60960,384
43.411743,0.2823527999999982,55,100,Guitar 2,Acoustic Guitar (steel) _ 1,Acoustic Guitar (steel) _ 1,60960,384
43.411743,0.2823527999999982,59,95,Guitar 2,Acoustic Guitar (steel) _ 1,Acoustic Guitar (steel) _ 1,60960,384
43.411743,0.2823527999999982,62,97,Guitar 2,Acoustic Guitar (steel) _ 1,Acoustic Guitar (steel) _ 1,60960,384
43.411743,0.2823527999999982,67,81,Guitar 2,Acoustic Guitar (steel) _ 1,Acoustic Guitar (steel) _ 1,60960,384
43.764684,0.2823527999999982,43,99,Guitar 2,Acoustic Guitar (steel) _ 1,Acoustic Guitar (steel) _ 1,61440,384
43.764684,0.2823527999999982,50,101,Guitar 2,Acoustic Guitar (steel) _ 1,Acoustic Guitar (steel) _ 1,61440,384
43.764684,0.2823527999999982,55,88,Guitar 2,Acoustic Guitar (steel) _ 1,Acoustic Guitar (steel) _ 1,61440,384
43.764684,0.2823527999999982,59,90,Guitar 2,Acoustic Guitar (steel) _ 1,Acoustic Guitar (steel) _ 1,61440,384
43.764684,0.2823527999999982,62,95,Guitar 2,Acoustic Guitar (steel) _ 1,Acoustic Guitar (steel) _ 1,61440,384
43.764684,0.2823527999999982,67,92,Guitar 2,Acoustic Guitar (steel) _ 1,Acoustic Guitar (steel) _ 1,61440,384
44.117625,0.2823528000000053,43,92,Guitar 2,Acoustic Guitar (steel) _ 1,Acoustic Guitar (steel) _ 1,61920,384
44.117625,0.2823528000000053,50,92,Guitar 2,Acoustic Guitar (steel) _ 1,Acoustic Guitar (steel) _ 1,61920,384
44.117625,0.2823528000000053,55,97,Guitar 2,Acoustic Guitar (steel) _ 1,Acoustic Guitar (steel) _ 1,61920,384
44.117625,0.2823528000000053,59,92,Guitar 2,Acoustic Guitar (steel) _ 1,Acoustic Guitar (steel) _ 1,61920,384
44.117625,0.2823528000000053,62,98,Guitar 2,Acoustic Guitar (steel) _ 1,Acoustic Guitar (steel) _ 1,61920,384
44.117625,0.2823528000000053,67,102,Guitar 2,Acoustic Guitar (steel) _ 1,Acoustic Guitar (steel) _ 1,61920,384
44.470566,0.1411763999999991,43,88,Guitar 2,Acoustic Guitar (steel) _ 1,Acoustic Guitar (steel) _ 1,62400,192
44.470566,0.1411763999999991,50,89,Guitar 2,Acoustic Guitar (steel) _ 1,Acoustic Guitar (steel) _ 1,62400,192
44.470566,0.1411763999999991,55,86,Guitar 2,Acoustic Guitar (steel) _ 1,Acoustic Guitar (steel) _ 1,62400,192
44.470566,0.1411763999999991,59,90,Guitar 2,Acoustic Guitar (steel) _ 1,Acoustic Guitar (steel) _ 1,62400,192
44.470566,0.1411763999999991,62,95,Guitar 2,Acoustic Guitar (steel) _ 1,Acoustic Guitar (steel) _ 1,62400,192
44.470566,0.1411763999999991,67,93,Guitar 2,Acoustic Guitar (steel) _ 1,Acoustic Guitar (steel) _ 1,62400,192
44.6470365,0.1411763999999991,43,82,Guitar 2,Acoustic Guitar (steel) _ 1,Acoustic Guitar (steel) _ 1,62640,192
44.6470365,0.1411763999999991,50,77,Guitar 2,Acoustic Guitar (steel) _ 1,Acoustic Guitar (steel) _ 1,62640,192
44.6470365,0.1411763999999991,55,91,Guitar 2,Acoustic Guitar (steel) _ 1,Acoustic Guitar (steel) _ 1,62640,192
44.6470365,0.1411763999999991,59,84,Guitar 2,Acoustic Guitar (steel) _ 1,Acoustic Guitar (steel) _ 1,62640,192
44.6470365,0.1411763999999991,62,90,Guitar 2,Acoustic Guitar (steel) _ 1,Acoustic Guitar (steel) _ 1,62640,192
44.6470365,0.1411763999999991,67,101,Guitar 2,Acoustic Guitar (steel) _ 1,Acoustic Guitar (steel) _ 1,62640,192
44.823507,0.2823527999999982,43,90,Guitar 2,Acoustic Guitar (steel) _ 1,Acoustic Guitar (steel) _ 1,62880,384
44.823507,0.2823527999999982,50,104,Guitar 2,Acoustic Guitar (steel) _ 1,Acoustic Guitar (steel) _ 1,62880,384
44.823507,0.2823527999999982,55,79,Guitar 2,Acoustic Guitar (steel) _ 1,Acoustic Guitar (steel) _ 1,62880,384
44.823507,0.2823527999999982,59,87,Guitar 2,Acoustic Guitar (steel) _ 1,Acoustic Guitar (steel) _ 1,62880,384
44.823507,0.2823527999999982,62,89,Guitar 2,Acoustic Guitar (steel) _ 1,Acoustic Guitar (steel) _ 1,62880,384
44.823507,0.2823527999999982,67,97,Guitar 2,Acoustic Guitar (steel) _ 1,Acoustic Guitar (steel) _ 1,62880,384
45.176448,0.2823527999999982,40,102,Guitar 2,Acoustic Guitar (steel) _ 1,Acoustic Guitar (steel) _ 1,63360,384
45.176448,0.2823527999999982,47,95,Guitar 2,Acoustic Guitar (steel) _ 1,Acoustic Guitar (steel) _ 1,63360,384
45.176448,0.2823527999999982,52,88,Guitar 2,Acoustic Guitar (steel) _ 1,Acoustic Guitar (steel) _ 1,63360,384
45.176448,0.2823527999999982,56,88,Guitar 2,Acoustic Guitar (steel) _ 1,Acoustic Guitar (steel) _ 1,63360,384
45.176448,0.2823527999999982,59,85,Guitar 2,Acoustic Guitar (steel) _ 1,Acoustic Guitar (steel) _ 1,63360,384
45.176448,0.2823527999999982,64,85,Guitar 2,Acoustic Guitar (steel) _ 1,Acoustic Guitar (steel) _ 1,63360,384
45.529389,0.2823527999999982,40,91,Guitar 2,Acoustic Guitar (steel) _ 1,Acoustic Guitar (steel) _ 1,63840,384
45.529389,0.2823527999999982,47,98,Guitar 2,Acoustic Guitar (steel) _ 1,Acoustic Guitar (steel) _ 1,63840,384
45.529389,0.2823527999999982,52,88,Guitar 2,Acoustic Guitar (steel) _ 1,Acoustic Guitar (steel) _ 1,63840,384
45.529389,0.2823527999999982,56,83,Guitar 2,Acoustic Guitar (steel) _ 1,Acoustic Guitar (steel) _ 1,63840,384
45.529389,0.2823527999999982,59,89,Guitar 2,Acoustic Guitar (steel) _ 1,Acoustic Guitar (steel) _ 1,63840,384
45.529389,0.2823527999999982,64,80,Guitar 2,Acoustic Guitar (steel) _ 1,Acoustic Guitar (steel) _ 1,63840,384
45.88233,0.1411763999999991,40,84,Guitar 2,Acoustic Guitar (steel) _ 1,Acoustic Guitar (steel) _ 1,64320,192
45.88233,0.1411763999999991,47,99,Guitar 2,Acoustic Guitar (steel) _ 1,Acoustic Guitar (steel) _ 1,64320,192
45.88233,0.1411763999999991,52,80,Guitar 2,Acoustic Guitar (steel) _ 1,Acoustic Guitar (steel) _ 1,64320,192
45.88233,0.1411763999999991,56,94,Guitar 2,Acoustic Guitar (steel) _ 1,Acoustic Guitar (steel) _ 1,64320,192
45.88233,0.1411763999999991,59,89,Guitar 2,Acoustic Guitar (steel) _ 1,Acoustic Guitar (steel) _ 1,64320,192
45.88233,0.1411763999999991,64,82,Guitar 2,Acoustic Guitar (steel) _ 1,Acoustic Guitar (steel) _ 1,64320,192
46.0588005,0.1411764000000062,40,92,Guitar 2,Acoustic Guitar (steel) _ 1,Acoustic Guitar (steel) _ 1,64560,192
46.0588005,0.1411764000000062,47,88,Guitar 2,Acoustic Guitar (steel) _ 1,Acoustic Guitar (steel) _ 1,64560,192
46.0588005,0.1411764000000062,52,90,Guitar 2,Acoustic Guitar (steel) _ 1,Acoustic Guitar (steel) _ 1,64560,192
46.0588005,0.1411764000000062,56,75,Guitar 2,Acoustic Guitar (steel) _ 1,Acoustic Guitar (steel) _ 1,64560,192
46.0588005,0.1411764000000062,59,96,Guitar 2,Acoustic Guitar (steel) _ 1,Acoustic Guitar (steel) _ 1,64560,192
46.0588005,0.1411764000000062,64,89,Guitar 2,Acoustic Guitar (steel) _ 1,Acoustic Guitar (steel) _ 1,64560,192
46.235271,0.2823528000000053,40,90,Guitar 2,Acoustic Guitar (steel) _ 1,Acoustic Guitar (steel) _ 1,64800,384
46.235271,0.2823528000000053,47,104,Guitar 2,Acoustic Guitar (steel) _ 1,Acoustic Guitar (steel) _ 1,64800,384
46.235271,0.2823528000000053,52,90,Guitar 2,Acoustic Guitar (steel) _ 1,Acoustic Guitar (steel) _ 1,64800,384
46.235271,0.2823528000000053,56,90,Guitar 2,Acoustic Guitar (steel) _ 1,Acoustic Guitar (steel) _ 1,64800,384
46.235271,0.2823528000000053,59,92,Guitar 2,Acoustic Guitar (steel) _ 1,Acoustic Guitar (steel) _ 1,64800,384
46.235271,0.2823528000000053,64,88,Guitar 2,Acoustic Guitar (steel) _ 1,Acoustic Guitar (steel) _ 1,64800,384
46.588212,0.2823527999999982,40,83,Guitar 2,Acoustic Guitar (steel) _ 1,Acoustic Guitar (steel) _ 1,65280,384
46.588212,0.2823527999999982,47,79,Guitar 2,Acoustic Guitar (steel) _ 1,Acoustic Guitar (steel) _ 1,65280,384
46.588212,0.2823527999999982,52,90,Guitar 2,Acoustic Guitar (steel) _ 1,Acoustic Guitar (steel) _ 1,65280,384
46.588212,0.2823527999999982,56,93,Guitar 2,Acoustic Guitar (steel) _ 1,Acoustic Guitar (steel) _ 1,65280,384
46.588212,0.2823527999999982,59,98,Guitar 2,Acoustic Guitar (steel) _ 1,Acoustic Guitar (steel) _ 1,65280,384
46.588212,0.2823527999999982,64,90,Guitar 2,Acoustic Guitar (steel) _ 1,Acoustic Guitar (steel) _ 1,65280,384
46.941153,0.2823527999999982,40,78,Guitar 2,Acoustic Guitar (steel) _ 1,Acoustic Guitar (steel) _ 1,65760,384
46.941153,0.2823527999999982,47,94,Guitar 2,Acoustic Guitar (steel) _ 1,Acoustic Guitar (steel) _ 1,65760,384
46.941153,0.2823527999999982,52,85,Guitar 2,Acoustic Guitar (steel) _ 1,Acoustic Guitar (steel) _ 1,65760,384
46.941153,0.2823527999999982,56,87,Guitar 2,Acoustic Guitar (steel) _ 1,Acoustic Guitar (steel) _ 1,65760,384
46.941153,0.2823527999999982,59,96,Guitar 2,Acoustic Guitar (steel) _ 1,Acoustic Guitar (steel) _ 1,65760,384
46.941153,0.2823527999999982,64,87,Guitar 2,Acoustic Guitar (steel) _ 1,Acoustic Guitar (steel) _ 1,65760,384
47.294094,0.1411763999999991,40,76,Guitar 2,Acoustic Guitar (steel) _ 1,Acoustic Guitar (steel) _ 1,66240,192
47.294094,0.1411763999999991,47,104,Guitar 2,Acoustic Guitar (steel) _ 1,Acoustic Guitar (steel) _ 1,66240,192
47.294094,0.1411763999999991,52,88,Guitar 2,Acoustic Guitar (steel) _ 1,Acoustic Guitar (steel) _ 1,66240,192
47.294094,0.1411763999999991,56,91,Guitar 2,Acoustic Guitar (steel) _ 1,Acoustic Guitar (steel) _ 1,66240,192
47.294094,0.1411763999999991,59,86,Guitar 2,Acoustic Guitar (steel) _ 1,Acoustic Guitar (steel) _ 1,66240,192
47.294094,0.1411763999999991,64,78,Guitar 2,Acoustic Guitar (steel) _ 1,Acoustic Guitar (steel) _ 1,66240,192
47.4705645,0.1411763999999991,40,90,Guitar 2,Acoustic Guitar (steel) _ 1,Acoustic Guitar (steel) _ 1,66480,192
47.4705645,0.1411763999999991,47,90,Guitar 2,Acoustic Guitar (steel) _ 1,Acoustic Guitar (steel) _ 1,66480,192
47.4705645,0.1411763999999991,52,91,Guitar 2,Acoustic Guitar (steel) _ 1,Acoustic Guitar (steel) _ 1,66480,192
47.4705645,0.1411763999999991,56,86,Guitar 2,Acoustic Guitar (steel) _ 1,Acoustic Guitar (steel) _ 1,66480,192
47.4705645,0.1411763999999991,59,79,Guitar 2,Acoustic Guitar (steel) _ 1,Acoustic Guitar (steel) _ 1,66480,192
47.4705645,0.1411763999999991,64,89,Guitar 2,Acoustic Guitar (steel) _ 1,Acoustic Guitar (steel) _ 1,66480,192
47.647035,0.2823527999999982,40,102,Guitar 2,Acoustic Guitar (steel) _ 1,Acoustic Guitar (steel) _ 1,66720,384
47.647035,0.2823527999999982,47,91,Guitar 2,Acoustic Guitar (steel) _ 1,Acoustic Guitar (steel) _ 1,66720,384
47.647035,0.2823527999999982,52,93,Guitar 2,Acoustic Guitar (steel) _ 1,Acoustic Guitar (steel) _ 1,66720,384
47.647035,0.2823527999999982,56,81,Guitar 2,Acoustic Guitar (steel) _ 1,Acoustic Guitar (steel) _ 1,66720,384
47.647035,0.2823527999999982,59,94,Guitar 2,Acoustic Guitar (steel) _ 1,Acoustic Guitar (steel) _ 1,66720,384
47.647035,0.2823527999999982,64,99,Guitar 2,Acoustic Guitar (steel) _ 1,Acoustic Guitar (steel) _ 1,66720,384
47.999976,0.2823528000000053,40,101,Guitar 2,Acoustic Guitar (steel) _ 1,Acoustic Guitar (steel) _ 1,67200,384
47.999976,0.2823528000000053,47,83,Guitar 2,Acoustic Guitar (steel) _ 1,Acoustic Guitar (steel) _ 1,67200,384
47.999976,0.2823528000000053,52,81,Guitar 2,Acoustic Guitar (steel) _ 1,Acoustic Guitar (steel) _ 1,67200,384
47.999976,0.2823528000000053,56,89,Guitar 2,Acoustic Guitar (steel) _ 1,Acoustic Guitar (steel) _ 1,67200,384
47.999976,0.2823528000000053,59,85,Guitar 2,Acoustic Guitar (steel) _ 1,Acoustic Guitar (steel) _ 1,67200,384
47.999976,0.2823528000000053,64,84,Guitar 2,Acoustic Guitar (steel) _ 1,Acoustic Guitar (steel) _ 1,67200,384
48.352917,0.2823528000000053,40,98,Guitar 2,Acoustic Guitar (steel) _ 1,Acoustic Guitar (steel) _ 1,67680,384
48.352917,0.2823528000000053,47,90,Guitar 2,Acoustic Guitar (steel) _ 1,Acoustic Guitar (steel) _ 1,67680,384
48.352917,0.2823528000000053,52,84,Guitar 2,Acoustic Guitar (steel) _ 1,Acoustic Guitar (steel) _ 1,67680,384
48.352917,0.2823528000000053,56,83,Guitar 2,Acoustic Guitar (steel) _ 1,Acoustic Guitar (steel) _ 1,67680,384
48.352917,0.2823528000000053,59,90,Guitar 2,Acoustic Guitar (steel) _ 1,Acoustic Guitar (steel) _ 1,67680,384
48.352917,0.2823528000000053,64,86,Guitar 2,Acoustic Guitar (steel) _ 1,Acoustic Guitar (steel) _ 1,67680,384
48.705858,0.1411763999999991,40,89,Guitar 2,Acoustic Guitar (steel) _ 1,Acoustic Guitar (steel) _ 1,68160,192
48.705858,0.1411763999999991,47,90,Guitar 2,Acoustic Guitar (steel) _ 1,Acoustic Guitar (steel) _ 1,68160,192
48.705858,0.1411763999999991,52,97,Guitar 2,Acoustic Guitar (steel) _ 1,Acoustic Guitar (steel) _ 1,68160,192
48.705858,0.1411763999999991,56,92,Guitar 2,Acoustic Guitar (steel) _ 1,Acoustic Guitar (steel) _ 1,68160,192
48.705858,0.1411763999999991,59,86,Guitar 2,Acoustic Guitar (steel) _ 1,Acoustic Guitar (steel) _ 1,68160,192
48.705858,0.1411763999999991,64,104,Guitar 2,Acoustic Guitar (steel) _ 1,Acoustic Guitar (steel) _ 1,68160,192
48.8823285,0.1411763999999991,40,98,Guitar 2,Acoustic Guitar (steel) _ 1,Acoustic Guitar (steel) _ 1,68400,192
48.8823285,0.1411763999999991,47,88,Guitar 2,Acoustic Guitar (steel) _ 1,Acoustic Guitar (steel) _ 1,68400,192
48.8823285,0.1411763999999991,52,90,Guitar 2,Acoustic Guitar (steel) _ 1,Acoustic Guitar (steel) _ 1,68400,192
48.8823285,0.1411763999999991,56,90,Guitar 2,Acoustic Guitar (steel) _ 1,Acoustic Guitar (steel) _ 1,68400,192
48.8823285,0.1411763999999991,59,76,Guitar 2,Acoustic Guitar (steel) _ 1,Acoustic Guitar (steel) _ 1,68400,192
48.8823285,0.1411763999999991,64,102,Guitar 2,Acoustic Guitar (steel) _ 1,Acoustic Guitar (steel) _ 1,68400,192
49.058799,0.1411763999999991,40,89,Guitar 2,Acoustic Guitar (steel) _ 1,Acoustic Guitar (steel) _ 1,68640,192
49.058799,0.1411763999999991,47,85,Guitar 2,Acoustic Guitar (steel) _ 1,Acoustic Guitar (steel) _ 1,68640,192
49.058799,0.1411763999999991,52,101,Guitar 2,Acoustic Guitar (steel) _ 1,Acoustic Guitar (steel) _ 1,68640,192
49.058799,0.1411763999999991,56,93,Guitar 2,Acoustic Guitar (steel) _ 1,Acoustic Guitar (steel) _ 1,68640,192
49.058799,0.1411763999999991,59,93,Guitar 2,Acoustic Guitar (steel) _ 1,Acoustic Guitar (steel) _ 1,68640,192
49.058799,0.1411763999999991,64,90,Guitar 2,Acoustic Guitar (steel) _ 1,Acoustic Guitar (steel) _ 1,68640,192
49.2352695,0.1411763999999991,40,95,Guitar 2,Acoustic Guitar (steel) _ 1,Acoustic Guitar (steel) _ 1,68880,192
49.2352695,0.1411763999999991,47,92,Guitar 2,Acoustic Guitar (steel) _ 1,Acoustic Guitar (steel) _ 1,68880,192
49.2352695,0.1411763999999991,52,75,Guitar 2,Acoustic Guitar (steel) _ 1,Acoustic Guitar (steel) _ 1,68880,192
49.2352695,0.1411763999999991,56,91,Guitar 2,Acoustic Guitar (steel) _ 1,Acoustic Guitar (steel) _ 1,68880,192
49.2352695,0.1411763999999991,59,90,Guitar 2,Acoustic Guitar (steel) _ 1,Acoustic Guitar (steel) _ 1,68880,192
49.2352695,0.1411763999999991,64,84,Guitar 2,Acoustic Guitar (steel) _ 1,Acoustic Guitar (steel) _ 1,68880,192
49.41174,0.2823527999999982,40,91,Guitar 2,Acoustic Guitar (steel) _ 1,Acoustic Guitar (steel) _ 1,69120,384
49.41174,0.2823527999999982,47,90,Guitar 2,Acoustic Guitar (steel) _ 1,Acoustic Guitar (steel) _ 1,69120,384
49.41174,0.2823527999999982,52,88,Guitar 2,Acoustic Guitar (steel) _ 1,Acoustic Guitar (steel) _ 1,69120,384
49.41174,0.2823527999999982,56,82,Guitar 2,Acoustic Guitar (steel) _ 1,Acoustic Guitar (steel) _ 1,69120,384
49.41174,0.2823527999999982,59,90,Guitar 2,Acoustic Guitar (steel) _ 1,Acoustic Guitar (steel) _ 1,69120,384
49.41174,0.2823527999999982,64,88,Guitar 2,Acoustic Guitar (steel) _ 1,Acoustic Guitar (steel) _ 1,69120,384
49.764681,0.2823527999999982,40,89,Guitar 2,Acoustic Guitar (steel) _ 1,Acoustic Guitar (steel) _ 1,69600,384
49.764681,0.2823527999999982,47,85,Guitar 2,Acoustic Guitar (steel) _ 1,Acoustic Guitar (steel) _ 1,69600,384
49.764681,0.2823527999999982,52,99,Guitar 2,Acoustic Guitar (steel) _ 1,Acoustic Guitar (steel) _ 1,69600,384
49.764681,0.2823527999999982,56,87,Guitar 2,Acoustic Guitar (steel) _ 1,Acoustic Guitar (steel) _ 1,69600,384
49.764681,0.2823527999999982,59,102,Guitar 2,Acoustic Guitar (steel) _ 1,Acoustic Guitar (steel) _ 1,69600,384
49.764681,0.2823527999999982,64,89,Guitar 2,Acoustic Guitar (steel) _ 1,Acoustic Guitar (steel) _ 1,69600,384
50.117622,0.1411763999999991,40,88,Guitar 2,Acoustic Guitar (steel) _ 1,Acoustic Guitar (steel) _ 1,70080,192
50.117622,0.1411763999999991,47,87,Guitar 2,Acoustic Guitar (steel) _ 1,Acoustic Guitar (steel) _ 1,70080,192
50.117622,0.1411763999999991,52,91,Guitar 2,Acoustic Guitar (steel) _ 1,Acoustic Guitar (steel) _ 1,70080,192
50.117622,0.1411763999999991,56,92,Guitar 2,Acoustic Guitar (steel) _ 1,Acoustic Guitar (steel) _ 1,70080,192
50.117622,0.1411763999999991,59,105,Guitar 2,Acoustic Guitar (steel) _ 1,Acoustic Guitar (steel) _ 1,70080,192
50.117622,0.1411763999999991,64,99,Guitar 2,Acoustic Guitar (steel) _ 1,Acoustic Guitar (steel) _ 1,70080,192
50.2940925,0.1411763999999991,40,90,Guitar 2,Acoustic Guitar (steel) _ 1,Acoustic Guitar (steel) _ 1,70320,192
50.2940925,0.1411763999999991,47,82,Guitar 2,Acoustic Guitar (steel) _ 1,Acoustic Guitar (steel) _ 1,70320,192
50.2940925,0.1411763999999991,52,85,Guitar 2,Acoustic Guitar (steel) _ 1,Acoustic Guitar (steel) _ 1,70320,192
50.2940925,0.1411763999999991,56,84,Guitar 2,Acoustic Guitar (steel) _ 1,Acoustic Guitar (steel) _ 1,70320,192
50.2940925,0.1411763999999991,59,81,Guitar 2,Acoustic Guitar (steel) _ 1,Acoustic Guitar (steel) _ 1,70320,192
50.2940925,0.1411763999999991,64,103,Guitar 2,Acoustic Guitar (steel) _ 1,Acoustic Guitar (steel) _ 1,70320,192
50.470563,0.2823527999999982,40,101,Guitar 2,Acoustic Guitar (steel) _ 1,Acoustic Guitar (steel) _ 1,70560,384
50.470563,0.2823527999999982,47,92,Guitar 2,Acoustic Guitar (steel) _ 1,Acoustic Guitar (steel) _ 1,70560,384
50.470563,0.2823527999999982,52,85,Guitar 2,Acoustic Guitar (steel) _ 1,Acoustic Guitar (steel) _ 1,70560,384
50.470563,0.2823527999999982,56,81,Guitar 2,Acoustic Guitar (steel) _ 1,Acoustic Guitar (steel) _ 1,70560,384
50.470563,0.2823527999999982,59,90,Guitar 2,Acoustic Guitar (steel) _ 1,Acoustic Guitar (steel) _ 1,70560,384
50.470563,0.2823527999999982,64,93,Guitar 2,Acoustic Guitar (steel) _ 1,Acoustic Guitar (steel) _ 1,70560,384
50.823504,2.2588223999999997,45,83,Guitar 2,Acoustic Guitar (steel) _ 1,Acoustic Guitar (steel) _ 1,71040,3072
50.823504,2.2588223999999997,52,89,Guitar 2,Acoustic Guitar (steel) _ 1,Acoustic Guitar (steel) _ 1,71040,3072
50.823504,2.2588223999999997,55,87,Guitar 2,Acoustic Guitar (steel) _ 1,Acoustic Guitar (steel) _ 1,71040,3072
50.823504,2.2588223999999997,61,90,Guitar 2,Acoustic Guitar (steel) _ 1,Acoustic Guitar (steel) _ 1,71040,3072
50.823504,2.2588223999999997,64,90,Guitar 2,Acoustic Guitar (steel) _ 1,Acoustic Guitar (steel) _ 1,71040,3072
53.647032,0.2823527999999982,45,87,Guitar 2,Acoustic Guitar (steel) _ 1,Acoustic Guitar (steel) _ 1,74880,384
53.647032,0.2823527999999982,52,98,Guitar 2,Acoustic Guitar (steel) _ 1,Acoustic Guitar (steel) _ 1,74880,384
53.647032,0.2823527999999982,57,87,Guitar 2,Acoustic Guitar (steel) _ 1,Acoustic Guitar (steel) _ 1,74880,384
53.647032,0.2823527999999982,61,79,Guitar 2,Acoustic Guitar (steel) _ 1,Acoustic Guitar (steel) _ 1,74880,384
53.647032,0.2823527999999982,64,102,Guitar 2,Acoustic Guitar (steel) _ 1,Acoustic Guitar (steel) _ 1,74880,384
53.999973,0.4235292000000044,45,91,Guitar 2,Acoustic Guitar (steel) _ 1,Acoustic Guitar (steel) _ 1,75360,576
53.999973,0.4235292000000044,52,89,Guitar 2,Acoustic Guitar (steel) _ 1,Acoustic Guitar (steel) _ 1,75360,576
53.999973,0.4235292000000044,57,80,Guitar 2,Acoustic Guitar (steel) _ 1,Acoustic Guitar (steel) _ 1,75360,576
53.999973,0.4235292000000044,61,100,Guitar 2,Acoustic Guitar (steel) _ 1,Acoustic Guitar (steel) _ 1,75360,576
53.999973,0.4235292000000044,64,90,Guitar 2,Acoustic Guitar (steel) _ 1,Acoustic Guitar (steel) _ 1,75360,576
54.5293845,0.1411763999999991,45,99,Guitar 2,Acoustic Guitar (steel) _ 1,Acoustic Guitar (steel) _ 1,76080,192
54.5293845,0.1411763999999991,52,96,Guitar 2,Acoustic Guitar (steel) _ 1,Acoustic Guitar (steel) _ 1,76080,192
54.5293845,0.1411763999999991,57,90,Guitar 2,Acoustic Guitar (steel) _ 1,Acoustic Guitar (steel) _ 1,76080,192
54.5293845,0.1411763999999991,61,95,Guitar 2,Acoustic Guitar (steel) _ 1,Acoustic Guitar (steel) _ 1,76080,192
54.5293845,0.1411763999999991,64,99,Guitar 2,Acoustic Guitar (steel) _ 1,Acoustic Guitar (steel) _ 1,76080,192
54.705855,0.1411763999999991,45,103,Guitar 2,Acoustic Guitar (steel) _ 1,Acoustic Guitar (steel) _ 1,76320,192
54.705855,0.1411763999999991,52,83,Guitar 2,Acoustic Guitar (steel) _ 1,Acoustic Guitar (steel) _ 1,76320,192
54.705855,0.1411763999999991,57,104,Guitar 2,Acoustic Guitar (steel) _ 1,Acoustic Guitar (steel) _ 1,76320,192
54.705855,0.1411763999999991,61,94,Guitar 2,Acoustic Guitar (steel) _ 1,Acoustic Guitar (steel) _ 1,76320,192
54.705855,0.1411763999999991,64,90,Guitar 2,Acoustic Guitar (steel) _ 1,Acoustic Guitar (steel) _ 1,76320,192
54.8823255,0.1411763999999991,45,78,Guitar 2,Acoustic Guitar (steel) _ 1,Acoustic Guitar (steel) _ 1,76560,192
54.8823255,0.1411763999999991,52,90,Guitar 2,Acoustic Guitar (steel) _ 1,Acoustic Guitar (steel) _ 1,76560,192
54.8823255,0.1411763999999991,57,84,Guitar 2,Acoustic Guitar (steel) _ 1,Acoustic Guitar (steel) _ 1,76560,192
54.8823255,0.1411763999999991,61,80,Guitar 2,Acoustic Guitar (steel) _ 1,Acoustic Guitar (steel) _ 1,76560,192
54.8823255,0.1411763999999991,64,92,Guitar 2,Acoustic Guitar (steel) _ 1,Acoustic Guitar (steel) _ 1,76560,192
55.058796,0.2823527999999982,45,89,Guitar 2,Acoustic Guitar (steel) _ 1,Acoustic Guitar (steel) _ 1,76800,384
55.058796,0.2823527999999982,52,84,Guitar 2,Acoustic Guitar (steel) _ 1,Acoustic Guitar (steel) _ 1,76800,384
55.058796,0.2823527999999982,57,104,Guitar 2,Acoustic Guitar (steel) _ 1,Acoustic Guitar (steel) _ 1,76800,384
55.058796,0.2823527999999982,61,90,Guitar 2,Acoustic Guitar (steel) _ 1,Acoustic Guitar (steel) _ 1,76800,384
55.058796,0.2823527999999982,64,95,Guitar 2,Acoustic Guitar (steel) _ 1,Acoustic Guitar (steel) _ 1,76800,384
55.411737,0.4235291999999973,45,90,Guitar 2,Acoustic Guitar (steel) _ 1,Acoustic Guitar (steel) _ 1,77280,576
55.411737,0.4235291999999973,52,90,Guitar 2,Acoustic Guitar (steel) _ 1,Acoustic Guitar (steel) _ 1,77280,576
55.411737,0.4235291999999973,57,91,Guitar 2,Acoustic Guitar (steel) _ 1,Acoustic Guitar (steel) _ 1,77280,576
55.411737,0.4235291999999973,61,91,Guitar 2,Acoustic Guitar (steel) _ 1,Acoustic Guitar (steel) _ 1,77280,576
55.411737,0.4235291999999973,64,90,Guitar 2,Acoustic Guitar (steel) _ 1,Acoustic Guitar (steel) _ 1,77280,576
55.9411485,0.1411763999999991,45,99,Guitar 2,Acoustic Guitar (steel) _ 1,Acoustic Guitar (steel) _ 1,78000,192
55.9411485,0.1411763999999991,52,83,Guitar 2,Acoustic Guitar (steel) _ 1,Acoustic Guitar (steel) _ 1,78000,192
55.9411485,0.1411763999999991,57,90,Guitar 2,Acoustic Guitar (steel) _ 1,Acoustic Guitar (steel) _ 1,78000,192
55.9411485,0.1411763999999991,61,98,Guitar 2,Acoustic Guitar (steel) _ 1,Acoustic Guitar (steel) _ 1,78000,192
55.9411485,0.1411763999999991,64,92,Guitar 2,Acoustic Guitar (steel) _ 1,Acoustic Guitar (steel) _ 1,78000,192
56.117619,0.1411763999999991,45,92,Guitar 2,Acoustic Guitar (steel) _ 1,Acoustic Guitar (steel) _ 1,78240,192
56.117619,0.1411763999999991,52,89,Guitar 2,Acoustic Guitar (steel) _ 1,Acoustic Guitar (steel) _ 1,78240,192
56.117619,0.1411763999999991,57,86,Guitar 2,Acoustic Guitar (steel) _ 1,Acoustic Guitar (steel) _ 1,78240,192
56.117619,0.1411763999999991,61,89,Guitar 2,Acoustic Guitar (steel) _ 1,Acoustic Guitar (steel) _ 1,78240,192
56.117619,0.1411763999999991,64,75,Guitar 2,Acoustic Guitar (steel) _ 1,Acoustic Guitar (steel) _ 1,78240,192
56.2940895,0.1411763999999991,45,90,Guitar 2,Acoustic Guitar (steel) _ 1,Acoustic Guitar (steel) _ 1,78480,192
56.2940895,0.1411763999999991,52,94,Guitar 2,Acoustic Guitar (steel) _ 1,Acoustic Guitar (steel) _ 1,78480,192
56.2940895,0.1411763999999991,57,89,Guitar 2,Acoustic Guitar (steel) _ 1,Acoustic Guitar (steel) _ 1,78480,192
56.2940895,0.1411763999999991,61,92,Guitar 2,Acoustic Guitar (steel) _ 1,Acoustic Guitar (steel) _ 1,78480,192
56.2940895,0.1411763999999991,64,91,Guitar 2,Acoustic Guitar (steel) _ 1,Acoustic Guitar (steel) _ 1,78480,192
56.47056,0.2823527999999982,45,78,Guitar 2,Acoustic Guitar (steel) _ 1,Acoustic Guitar (steel) _ 1,78720,384
56.47056,0.2823527999999982,52,103,Guitar 2,Acoustic Guitar (steel) _ 1,Acoustic Guitar (steel) _ 1,78720,384
56.47056,0.2823527999999982,57,83,Guitar 2,Acoustic Guitar (steel) _ 1,Acoustic Guitar (steel) _ 1,78720,384
56.47056,0.2823527999999982,61,90,Guitar 2,Acoustic Guitar (steel) _ 1,Acoustic Guitar (steel) _ 1,78720,384
56.47056,0.2823527999999982,64,85,Guitar 2,Acoustic Guitar (steel) _ 1,Acoustic Guitar (steel) _ 1,78720,384
56.823501,0.2823527999999982,45,86,Guitar 2,Acoustic Guitar (steel) _ 1,Acoustic Guitar (steel) _ 1,79200,384
56.823501,0.2823527999999982,52,89,Guitar 2,Acoustic Guitar (steel) _ 1,Acoustic Guitar (steel) _ 1,79200,384
56.823501,0.2823527999999982,57,101,Guitar 2,Acoustic Guitar (steel) _ 1,Acoustic Guitar (steel) _ 1,79200,384
56.823501,0.2823527999999982,61,90,Guitar 2,Acoustic Guitar (steel) _ 1,Acoustic Guitar (steel) _ 1,79200,384
56.823501,0.2823527999999982,64,83,Guitar 2,Acoustic Guitar (steel) _ 1,Acoustic Guitar (steel) _ 1,79200,384
57.176442,0.1411763999999991,45,84,Guitar 2,Acoustic Guitar (steel) _ 1,Acoustic Guitar (steel) _ 1,79680,192
57.176442,0.1411763999999991,52,77,Guitar 2,Acoustic Guitar (steel) _ 1,Acoustic Guitar (steel) _ 1,79680,192
57.176442,0.1411763999999991,57,98,Guitar 2,Acoustic Guitar (steel) _ 1,Acoustic Guitar (steel) _ 1,79680,192
57.176442,0.1411763999999991,61,84,Guitar 2,Acoustic Guitar (steel) _ 1,Acoustic Guitar (steel) _ 1,79680,192
57.176442,0.1411763999999991,64,91,Guitar 2,Acoustic Guitar (steel) _ 1,Acoustic Guitar (steel) _ 1,79680,192
57.3529125,0.1411763999999991,45,93,Guitar 2,Acoustic Guitar (steel) _ 1,Acoustic Guitar (steel) _ 1,79920,192
57.3529125,0.1411763999999991,52,95,Guitar 2,Acoustic Guitar (steel) _ 1,Acoustic Guitar (steel) _ 1,79920,192
57.3529125,0.1411763999999991,57,98,Guitar 2,Acoustic Guitar (steel) _ 1,Acoustic Guitar (steel) _ 1,79920,192
57.3529125,0.1411763999999991,61,84,Guitar 2,Acoustic Guitar (steel) _ 1,Acoustic Guitar (steel) _ 1,79920,192
57.3529125,0.1411763999999991,64,85,Guitar 2,Acoustic Guitar (steel) _ 1,Acoustic Guitar (steel) _ 1,79920,192
57.529383,0.2823527999999982,45,91,Guitar 2,Acoustic Guitar (steel) _ 1,Acoustic Guitar (steel) _ 1,80160,384
57.529383,0.2823527999999982,52,92,Guitar 2,Acoustic Guitar (steel) _ 1,Acoustic Guitar (steel) _ 1,80160,384
57.529383,0.2823527999999982,57,83,Guitar 2,Acoustic Guitar (steel) _ 1,Acoustic Guitar (steel) _ 1,80160,384
57.529383,0.2823527999999982,61,82,Guitar 2,Acoustic Guitar (steel) _ 1,Acoustic Guitar (steel) _ 1,80160,384
57.529383,0.2823527999999982,64,89,Guitar 2,Acoustic Guitar (steel) _ 1,Acoustic Guitar (steel) _ 1,80160,384
57.882324,0.2823528000000053,45,103,Guitar 2,Acoustic Guitar (steel) _ 1,Acoustic Guitar (steel) _ 1,80640,384
57.882324,0.2823528000000053,52,77,Guitar 2,Acoustic Guitar (steel) _ 1,Acoustic Guitar (steel) _ 1,80640,384
57.882324,0.2823528000000053,57,90,Guitar 2,Acoustic Guitar (steel) _ 1,Acoustic Guitar (steel) _ 1,80640,384
57.882324,0.2823528000000053,61,77,Guitar 2,Acoustic Guitar (steel) _ 1,Acoustic Guitar (steel) _ 1,80640,384
57.882324,0.2823528000000053,64,81,Guitar 2,Acoustic Guitar (steel) _ 1,Acoustic Guitar (steel) _ 1,80640,384
58.235265,0.1411763999999991,45,91,Guitar 2,Acoustic Guitar (steel) _ 1,Acoustic Guitar (steel) _ 1,81120,192
58.235265,0.1411763999999991,52,98,Guitar 2,Acoustic Guitar (steel) _ 1,Acoustic Guitar (steel) _ 1,81120,192
58.235265,0.1411763999999991,57,89,Guitar 2,Acoustic Guitar (steel) _ 1,Acoustic Guitar (steel) _ 1,81120,192
58.235265,0.1411763999999991,61,104,Guitar 2,Acoustic Guitar (steel) _ 1,Acoustic Guitar (steel) _ 1,81120,192
58.235265,0.1411763999999991,64,95,Guitar 2,Acoustic Guitar (steel) _ 1,Acoustic Guitar (steel) _ 1,81120,192
58.4117355,0.1411763999999991,45,103,Guitar 2,Acoustic Guitar (steel) _ 1,Acoustic Guitar (steel) _ 1,81360,192
58.4117355,0.1411763999999991,52,95,Guitar 2,Acoustic Guitar (steel) _ 1,Acoustic Guitar (steel) _ 1,81360,192
58.4117355,0.1411763999999991,57,89,Guitar 2,Acoustic Guitar (steel) _ 1,Acoustic Guitar (steel) _ 1,81360,192
58.4117355,0.1411763999999991,61,97,Guitar 2,Acoustic Guitar (steel) _ 1,Acoustic Guitar (steel) _ 1,81360,192
58.4117355,0.1411763999999991,64,88,Guitar 2,Acoustic Guitar (steel) _ 1,Acoustic Guitar (steel) _ 1,81360,192
58.588206,0.1411763999999991,45,83,Guitar 2,Acoustic Guitar (steel) _ 1,Acoustic Guitar (steel) _ 1,81600,192
58.588206,0.1411763999999991,52,93,Guitar 2,Acoustic Guitar (steel) _ 1,Acoustic Guitar (steel) _ 1,81600,192
58.588206,0.1411763999999991,64,77,Guitar 2,Acoustic Guitar (steel) _ 1,Acoustic Guitar (steel) _ 1,81600,192
58.588206,0.1411763999999991,61,87,Guitar 2,Acoustic Guitar (steel) _ 1,Acoustic Guitar (steel) _ 1,81600,192
58.588206,0.1411763999999991,57,76,Guitar 2,Acoustic Guitar (steel) _ 1,Acoustic Guitar (steel) _ 1,81600,192
58.7646765,0.1411763999999991,45,84,Guitar 2,Acoustic Guitar (steel) _ 1,Acoustic Guitar (steel) _ 1,81840,192
58.7646765,0.1411763999999991,52,90,Guitar 2,Acoustic Guitar (steel) _ 1,Acoustic Guitar (steel) _ 1,81840,192
58.7646765,0.1411763999999991,64,88,Guitar 2,Acoustic Guitar (steel) _ 1,Acoustic Guitar (steel) _ 1,81840,192
58.7646765,0.1411763999999991,61,79,Guitar 2,Acoustic Guitar (steel) _ 1,Acoustic Guitar (steel) _ 1,81840,192
58.7646765,0.1411763999999991,57,95,Guitar 2,Acoustic Guitar (steel) _ 1,Acoustic Guitar (steel) _ 1,81840,192
58.941147,0.1411763999999991,45,88,Guitar 2,Acoustic Guitar (steel) _ 1,Acoustic Guitar (steel) _ 1,82080,192
58.941147,0.1411763999999991,52,90,Guitar 2,Acoustic Guitar (steel) _ 1,Acoustic Guitar (steel) _ 1,82080,192
58.941147,0.1411763999999991,64,85,Guitar 2,Acoustic Guitar (steel) _ 1,Acoustic Guitar (steel) _ 1,82080,192
58.941147,0.1411763999999991,61,95,Guitar 2,Acoustic Guitar (steel) _ 1,Acoustic Guitar (steel) _ 1,82080,192
58.941147,0.1411763999999991,57,87,Guitar 2,Acoustic Guitar (steel) _ 1,Acoustic Guitar (steel) _ 1,82080,192
59.1176175,0.1411763999999991,45,90,Guitar 2,Acoustic Guitar (steel) _ 1,Acoustic Guitar (steel) _ 1,82320,192
59.1176175,0.1411763999999991,52,96,Guitar 2,Acoustic Guitar (steel) _ 1,Acoustic Guitar (steel) _ 1,82320,192
59.1176175,0.1411763999999991,64,83,Guitar 2,Acoustic Guitar (steel) _ 1,Acoustic Guitar (steel) _ 1,82320,192
59.1176175,0.1411763999999991,61,78,Guitar 2,Acoustic Guitar (steel) _ 1,Acoustic Guitar (steel) _ 1,82320,192
59.1176175,0.1411763999999991,57,92,Guitar 2,Acoustic Guitar (steel) _ 1,Acoustic Guitar (steel) _ 1,82320,192
59.294088,0.2823527999999982,49,85,Guitar 2,Acoustic Guitar (steel) _ 1,Acoustic Guitar (steel) _ 1,82560,384
59.294088,0.2823527999999982,56,90,Guitar 2,Acoustic Guitar (steel) _ 1,Acoustic Guitar (steel) _ 1,82560,384
59.294088,0.2823527999999982,61,81,Guitar 2,Acoustic Guitar (steel) _ 1,Acoustic Guitar (steel) _ 1,82560,384
59.294088,0.2823527999999982,64,95,Guitar 2,Acoustic Guitar (steel) _ 1,Acoustic Guitar (steel) _ 1,82560,384
59.294088,0.2823527999999982,68,86,Guitar 2,Acoustic Guitar (steel) _ 1,Acoustic Guitar (steel) _ 1,82560,384
59.647028999999996,0.2823528000000053,49,84,Guitar 2,Acoustic Guitar (steel) _ 1,Acoustic Guitar (steel) _ 1,83040,384
59.647028999999996,0.2823528000000053,56,84,Guitar 2,Acoustic Guitar (steel) _ 1,Acoustic Guitar (steel) _ 1,83040,384
59.647028999999996,0.2823528000000053,61,89,Guitar 2,Acoustic Guitar (steel) _ 1,Acoustic Guitar (steel) _ 1,83040,384
59.647028999999996,0.2823528000000053,64,99,Guitar 2,Acoustic Guitar (steel) _ 1,Acoustic Guitar (steel) _ 1,83040,384
59.647028999999996,0.2823528000000053,68,87,Guitar 2,Acoustic Guitar (steel) _ 1,Acoustic Guitar (steel) _ 1,83040,384
59.99997,0.1411763999999991,49,91,Guitar 2,Acoustic Guitar (steel) _ 1,Acoustic Guitar (steel) _ 1,83520,192
59.99997,0.1411763999999991,56,90,Guitar 2,Acoustic Guitar (steel) _ 1,Acoustic Guitar (steel) _ 1,83520,192
59.99997,0.1411763999999991,61,80,Guitar 2,Acoustic Guitar (steel) _ 1,Acoustic Guitar (steel) _ 1,83520,192
59.99997,0.1411763999999991,64,90,Guitar 2,Acoustic Guitar (steel) _ 1,Acoustic Guitar (steel) _ 1,83520,192
59.99997,0.1411763999999991,68,92,Guitar 2,Acoustic Guitar (steel) _ 1,Acoustic Guitar (steel) _ 1,83520,192
60.1764405,0.1411763999999991,49,95,Guitar 2,Acoustic Guitar (steel) _ 1,Acoustic Guitar (steel) _ 1,83760,192
60.1764405,0.1411763999999991,56,89,Guitar 2,Acoustic Guitar (steel) _ 1,Acoustic Guitar (steel) _ 1,83760,192
60.1764405,0.1411763999999991,61,89,Guitar 2,Acoustic Guitar (steel) _ 1,Acoustic Guitar (steel) _ 1,83760,192
60.1764405,0.1411763999999991,64,81,Guitar 2,Acoustic Guitar (steel) _ 1,Acoustic Guitar (steel) _ 1,83760,192
60.1764405,0.1411763999999991,68,79,Guitar 2,Acoustic Guitar (steel) _ 1,Acoustic Guitar (steel) _ 1,83760,192
60.352911,0.2823527999999982,49,86,Guitar 2,Acoustic Guitar (steel) _ 1,Acoustic Guitar (steel) _ 1,84000,384
60.352911,0.2823527999999982,56,90,Guitar 2,Acoustic Guitar (steel) _ 1,Acoustic Guitar (steel) _ 1,84000,384
60.352911,0.2823527999999982,61,97,Guitar 2,Acoustic Guitar (steel) _ 1,Acoustic Guitar (steel) _ 1,84000,384
60.352911,0.2823527999999982,64,95,Guitar 2,Acoustic Guitar (steel) _ 1,Acoustic Guitar (steel) _ 1,84000,384
60.352911,0.2823527999999982,68,88,Guitar 2,Acoustic Guitar (steel) _ 1,Acoustic Guitar (steel) _ 1,84000,384
60.705852,0.2823527999999982,49,86,Guitar 2,Acoustic Guitar (steel) _ 1,Acoustic Guitar (steel) _ 1,84480,384
60.705852,0.2823527999999982,56,99,Guitar 2,Acoustic Guitar (steel) _ 1,Acoustic Guitar (steel) _ 1,84480,384
60.705852,0.2823527999999982,61,89,Guitar 2,Acoustic Guitar (steel) _ 1,Acoustic Guitar (steel) _ 1,84480,384
60.705852,0.2823527999999982,64,92,Guitar 2,Acoustic Guitar (steel) _ 1,Acoustic Guitar (steel) _ 1,84480,384
60.705852,0.2823527999999982,68,89,Guitar 2,Acoustic Guitar (steel) _ 1,Acoustic Guitar (steel) _ 1,84480,384
61.058793,0.1411763999999991,49,93,Guitar 2,Acoustic Guitar (steel) _ 1,Acoustic Guitar (steel) _ 1,84960,192
61.058793,0.1411763999999991,56,88,Guitar 2,Acoustic Guitar (steel) _ 1,Acoustic Guitar (steel) _ 1,84960,192
61.058793,0.1411763999999991,61,90,Guitar 2,Acoustic Guitar (steel) _ 1,Acoustic Guitar (steel) _ 1,84960,192
61.058793,0.1411763999999991,64,103,Guitar 2,Acoustic Guitar (steel) _ 1,Acoustic Guitar (steel) _ 1,84960,192
61.058793,0.1411763999999991,68,89,Guitar 2,Acoustic Guitar (steel) _ 1,Acoustic Guitar (steel) _ 1,84960,192
61.2352635,0.1411763999999991,49,92,Guitar 2,Acoustic Guitar (steel) _ 1,Acoustic Guitar (steel) _ 1,85200,192
61.2352635,0.1411763999999991,56,102,Guitar 2,Acoustic Guitar (steel) _ 1,Acoustic Guitar (steel) _ 1,85200,192
61.2352635,0.1411763999999991,61,96,Guitar 2,Acoustic Guitar (steel) _ 1,Acoustic Guitar (steel) _ 1,85200,192
61.2352635,0.1411763999999991,64,90,Guitar 2,Acoustic Guitar (steel) _ 1,Acoustic Guitar (steel) _ 1,85200,192
61.2352635,0.1411763999999991,68,99,Guitar 2,Acoustic Guitar (steel) _ 1,Acoustic Guitar (steel) _ 1,85200,192
61.411733999999996,0.1411764000000062,49,92,Guitar 2,Acoustic Guitar (steel) _ 1,Acoustic Guitar (steel) _ 1,85440,192
61.411733999999996,0.1411764000000062,56,102,Guitar 2,Acoustic Guitar (steel) _ 1,Acoustic Guitar (steel) _ 1,85440,192
61.411733999999996,0.1411764000000062,61,94,Guitar 2,Acoustic Guitar (steel) _ 1,Acoustic Guitar (steel) _ 1,85440,192
61.411733999999996,0.1411764000000062,64,93,Guitar 2,Acoustic Guitar (steel) _ 1,Acoustic Guitar (steel) _ 1,85440,192
61.411733999999996,0.1411764000000062,68,90,Guitar 2,Acoustic Guitar (steel) _ 1,Acoustic Guitar (steel) _ 1,85440,192
61.588204499999996,0.1411764000000062,49,88,Guitar 2,Acoustic Guitar (steel) _ 1,Acoustic Guitar (steel) _ 1,85680,192
61.588204499999996,0.1411764000000062,56,89,Guitar 2,Acoustic Guitar (steel) _ 1,Acoustic Guitar (steel) _ 1,85680,192
61.588204499999996,0.1411764000000062,61,94,Guitar 2,Acoustic Guitar (steel) _ 1,Acoustic Guitar (steel) _ 1,85680,192
61.588204499999996,0.1411764000000062,64,96,Guitar 2,Acoustic Guitar (steel) _ 1,Acoustic Guitar (steel) _ 1,85680,192
61.588204499999996,0.1411764000000062,68,79,Guitar 2,Acoustic Guitar (steel) _ 1,Acoustic Guitar (steel) _ 1,85680,192
61.764675,0.1411763999999991,49,77,Guitar 2,Acoustic Guitar (steel) _ 1,Acoustic Guitar (steel) _ 1,85920,192
61.764675,0.1411763999999991,56,90,Guitar 2,Acoustic Guitar (steel) _ 1,Acoustic Guitar (steel) _ 1,85920,192
61.764675,0.1411763999999991,61,90,Guitar 2,Acoustic Guitar (steel) _ 1,Acoustic Guitar (steel) _ 1,85920,192
61.764675,0.1411763999999991,64,88,Guitar 2,Acoustic Guitar (steel) _ 1,Acoustic Guitar (steel) _ 1,85920,192
61.764675,0.1411763999999991,68,104,Guitar 2,Acoustic Guitar (steel) _ 1,Acoustic Guitar (steel) _ 1,85920,192
61.9411455,0.1411763999999991,49,92,Guitar 2,Acoustic Guitar (steel) _ 1,Acoustic Guitar (steel) _ 1,86160,192
61.9411455,0.1411763999999991,56,77,Guitar 2,Acoustic Guitar (steel) _ 1,Acoustic Guitar (steel) _ 1,86160,192
61.9411455,0.1411763999999991,61,90,Guitar 2,Acoustic Guitar (steel) _ 1,Acoustic Guitar (steel) _ 1,86160,192
61.9411455,0.1411763999999991,64,99,Guitar 2,Acoustic Guitar (steel) _ 1,Acoustic Guitar (steel) _ 1,86160,192
61.9411455,0.1411763999999991,68,84,Guitar 2,Acoustic Guitar (steel) _ 1,Acoustic Guitar (steel) _ 1,86160,192
62.117616,0.2823527999999982,42,80,Guitar 2,Acoustic Guitar (steel) _ 1,Acoustic Guitar (steel) _ 1,86400,384
62.117616,0.2823527999999982,49,91,Guitar 2,Acoustic Guitar (steel) _ 1,Acoustic Guitar (steel) _ 1,86400,384
62.117616,0.2823527999999982,54,90,Guitar 2,Acoustic Guitar (steel) _ 1,Acoustic Guitar (steel) _ 1,86400,384
62.117616,0.2823527999999982,57,85,Guitar 2,Acoustic Guitar (steel) _ 1,Acoustic Guitar (steel) _ 1,86400,384
62.117616,0.2823527999999982,61,90,Guitar 2,Acoustic Guitar (steel) _ 1,Acoustic Guitar (steel) _ 1,86400,384
62.117616,0.2823527999999982,66,100,Guitar 2,Acoustic Guitar (steel) _ 1,Acoustic Guitar (steel) _ 1,86400,384
62.470557,0.2823528000000053,42,78,Guitar 2,Acoustic Guitar (steel) _ 1,Acoustic Guitar (steel) _ 1,86880,384
62.470557,0.2823528000000053,49,105,Guitar 2,Acoustic Guitar (steel) _ 1,Acoustic Guitar (steel) _ 1,86880,384
62.470557,0.2823528000000053,54,102,Guitar 2,Acoustic Guitar (steel) _ 1,Acoustic Guitar (steel) _ 1,86880,384
62.470557,0.2823528000000053,57,90,Guitar 2,Acoustic Guitar (steel) _ 1,Acoustic Guitar (steel) _ 1,86880,384
62.470557,0.2823528000000053,61,94,Guitar 2,Acoustic Guitar (steel) _ 1,Acoustic Guitar (steel) _ 1,86880,384
62.470557,0.2823528000000053,66,84,Guitar 2,Acoustic Guitar (steel) _ 1,Acoustic Guitar (steel) _ 1,86880,384
62.823497999999994,0.1411764000000062,42,87,Guitar 2,Acoustic Guitar (steel) _ 1,Acoustic Guitar (steel) _ 1,87360,192
62.823497999999994,0.1411764000000062,49,86,Guitar 2,Acoustic Guitar (steel) _ 1,Acoustic Guitar (steel) _ 1,87360,192
62.823497999999994,0.1411764000000062,54,90,Guitar 2,Acoustic Guitar (steel) _ 1,Acoustic Guitar (steel) _ 1,87360,192
62.823497999999994,0.1411764000000062,57,81,Guitar 2,Acoustic Guitar (steel) _ 1,Acoustic Guitar (steel) _ 1,87360,192
62.823497999999994,0.1411764000000062,61,81,Guitar 2,Acoustic Guitar (steel) _ 1,Acoustic Guitar (steel) _ 1,87360,192
62.823497999999994,0.1411764000000062,66,89,Guitar 2,Acoustic Guitar (steel) _ 1,Acoustic Guitar (steel) _ 1,87360,192
62.9999685,0.14117639999999199,42,90,Guitar 2,Acoustic Guitar (steel) _ 1,Acoustic Guitar (steel) _ 1,87600,192
62.9999685,0.14117639999999199,49,86,Guitar 2,Acoustic Guitar (steel) _ 1,Acoustic Guitar (steel) _ 1,87600,192
62.9999685,0.14117639999999199,54,81,Guitar 2,Acoustic Guitar (steel) _ 1,Acoustic Guitar (steel) _ 1,87600,192
62.9999685,0.14117639999999199,57,89,Guitar 2,Acoustic Guitar (steel) _ 1,Acoustic Guitar (steel) _ 1,87600,192
62.9999685,0.14117639999999199,61,90,Guitar 2,Acoustic Guitar (steel) _ 1,Acoustic Guitar (steel) _ 1,87600,192
62.9999685,0.14117639999999199,66,86,Guitar 2,Acoustic Guitar (steel) _ 1,Acoustic Guitar (steel) _ 1,87600,192
63.176438999999995,0.2823527999999982,42,94,Guitar 2,Acoustic Guitar (steel) _ 1,Acoustic Guitar (steel) _ 1,87840,384
63.176438999999995,0.2823527999999982,49,90,Guitar 2,Acoustic Guitar (steel) _ 1,Acoustic Guitar (steel) _ 1,87840,384
63.176438999999995,0.2823527999999982,54,82,Guitar 2,Acoustic Guitar (steel) _ 1,Acoustic Guitar (steel) _ 1,87840,384
63.176438999999995,0.2823527999999982,57,91,Guitar 2,Acoustic Guitar (steel) _ 1,Acoustic Guitar (steel) _ 1,87840,384
63.176438999999995,0.2823527999999982,61,89,Guitar 2,Acoustic Guitar (steel) _ 1,Acoustic Guitar (steel) _ 1,87840,384
63.176438999999995,0.2823527999999982,66,91,Guitar 2,Acoustic Guitar (steel) _ 1,Acoustic Guitar (steel) _ 1,87840,384
63.529379999999996,0.2823527999999982,42,97,Guitar 2,Acoustic Guitar (steel) _ 1,Acoustic Guitar (steel) _ 1,88320,384
63.529379999999996,0.2823527999999982,49,102,Guitar 2,Acoustic Guitar (steel) _ 1,Acoustic Guitar (steel) _ 1,88320,384
63.529379999999996,0.2823527999999982,54,103,Guitar 2,Acoustic Guitar (steel) _ 1,Acoustic Guitar (steel) _ 1,88320,384
63.529379999999996,0.2823527999999982,57,88,Guitar 2,Acoustic Guitar (steel) _ 1,Acoustic Guitar (steel) _ 1,88320,384
63.529379999999996,0.2823527999999982,61,78,Guitar 2,Acoustic Guitar (steel) _ 1,Acoustic Guitar (steel) _ 1,88320,384
63.529379999999996,0.2823527999999982,66,99,Guitar 2,Acoustic Guitar (steel) _ 1,Acoustic Guitar (steel) _ 1,88320,384
63.882321,0.1411764000000062,42,93,Guitar 2,Acoustic Guitar (steel) _ 1,Acoustic Guitar (steel) _ 1,88800,192
63.882321,0.1411764000000062,49,101,Guitar 2,Acoustic Guitar (steel) _ 1,Acoustic Guitar (steel) _ 1,88800,192
63.882321,0.1411764000000062,54,90,Guitar 2,Acoustic Guitar (steel) _ 1,Acoustic Guitar (steel) _ 1,88800,192
63.882321,0.1411764000000062,57,96,Guitar 2,Acoustic Guitar (steel) _ 1,Acoustic Guitar (steel) _ 1,88800,192
63.882321,0.1411764000000062,61,92,Guitar 2,Acoustic Guitar (steel) _ 1,Acoustic Guitar (steel) _ 1,88800,192
63.882321,0.1411764000000062,66,100,Guitar 2,Acoustic Guitar (steel) _ 1,Acoustic Guitar (steel) _ 1,88800,192
64.0587915,0.14117639999999199,42,81,Guitar 2,Acoustic Guitar (steel) _ 1,Acoustic Guitar (steel) _ 1,89040,192
64.0587915,0.14117639999999199,49,90,Guitar 2,Acoustic Guitar (steel) _ 1,Acoustic Guitar (steel) _ 1,89040,192
64.0587915,0.14117639999999199,54,90,Guitar 2,Acoustic Guitar (steel) _ 1,Acoustic Guitar (steel) _ 1,89040,192
64.0587915,0.14117639999999199,57,105,Guitar 2,Acoustic Guitar (steel) _ 1,Acoustic Guitar (steel) _ 1,89040,192
64.0587915,0.14117639999999199,61,90,Guitar 2,Acoustic Guitar (steel) _ 1,Acoustic Guitar (steel) _ 1,89040,192
64.0587915,0.14117639999999199,66,89,Guitar 2,Acoustic Guitar (steel) _ 1,Acoustic Guitar (steel) _ 1,89040,192
64.23526199999999,0.1411764000000062,42,89,Guitar 2,Acoustic Guitar (steel) _ 1,Acoustic Guitar (steel) _ 1,89280,192
64.23526199999999,0.1411764000000062,49,91,Guitar 2,Acoustic Guitar (steel) _ 1,Acoustic Guitar (steel) _ 1,89280,192
64.23526199999999,0.1411764000000062,54,90,Guitar 2,Acoustic Guitar (steel) _ 1,Acoustic Guitar (steel) _ 1,89280,192
64.23526199999999,0.1411764000000062,57,90,Guitar 2,Acoustic Guitar (steel) _ 1,Acoustic Guitar (steel) _ 1,89280,192
64.23526199999999,0.1411764000000062,61,86,Guitar 2,Acoustic Guitar (steel) _ 1,Acoustic Guitar (steel) _ 1,89280,192
64.23526199999999,0.1411764000000062,66,93,Guitar 2,Acoustic Guitar (steel) _ 1,Acoustic Guitar (steel) _ 1,89280,192
64.41173249999999,0.1411764000000062,42,82,Guitar 2,Acoustic Guitar (steel) _ 1,Acoustic Guitar (steel) _ 1,89520,192
64.41173249999999,0.1411764000000062,49,90,Guitar 2,Acoustic Guitar (steel) _ 1,Acoustic Guitar (steel) _ 1,89520,192
64.41173249999999,0.1411764000000062,54,89,Guitar 2,Acoustic Guitar (steel) _ 1,Acoustic Guitar (steel) _ 1,89520,192
64.41173249999999,0.1411764000000062,57,90,Guitar 2,Acoustic Guitar (steel) _ 1,Acoustic Guitar (steel) _ 1,89520,192
64.41173249999999,0.1411764000000062,61,90,Guitar 2,Acoustic Guitar (steel) _ 1,Acoustic Guitar (steel) _ 1,89520,192
64.41173249999999,0.1411764000000062,66,87,Guitar 2,Acoustic Guitar (steel) _ 1,Acoustic Guitar (steel) _ 1,89520,192
64.588203,0.14117639999999199,42,92,Guitar 2,Acoustic Guitar (steel) _ 1,Acoustic Guitar (steel) _ 1,89760,192
64.588203,0.14117639999999199,49,94,Guitar 2,Acoustic Guitar (steel) _ 1,Acoustic Guitar (steel) _ 1,89760,192
64.588203,0.14117639999999199,54,101,Guitar 2,Acoustic Guitar (steel) _ 1,Acoustic Guitar (steel) _ 1,89760,192
64.588203,0.14117639999999199,57,89,Guitar 2,Acoustic Guitar (steel) _ 1,Acoustic Guitar (steel) _ 1,89760,192
64.588203,0.14117639999999199,61,91,Guitar 2,Acoustic Guitar (steel) _ 1,Acoustic Guitar (steel) _ 1,89760,192
64.588203,0.14117639999999199,66,90,Guitar 2,Acoustic Guitar (steel) _ 1,Acoustic Guitar (steel) _ 1,89760,192
64.76467349999999,0.1411764000000062,42,88,Guitar 2,Acoustic Guitar (steel) _ 1,Acoustic Guitar (steel) _ 1,90000,192
64.76467349999999,0.1411764000000062,49,90,Guitar 2,Acoustic Guitar (steel) _ 1,Acoustic Guitar (steel) _ 1,90000,192
64.76467349999999,0.1411764000000062,54,91,Guitar 2,Acoustic Guitar (steel) _ 1,Acoustic Guitar (steel) _ 1,90000,192
64.76467349999999,0.1411764000000062,57,78,Guitar 2,Acoustic Guitar (steel) _ 1,Acoustic Guitar (steel) _ 1,90000,192
64.76467349999999,0.1411764000000062,61,89,Guitar 2,Acoustic Guitar (steel) _ 1,Acoustic Guitar (steel) _ 1,90000,192
64.76467349999999,0.1411764000000062,66,90,Guitar 2,Acoustic Guitar (steel) _ 1,Acoustic Guitar (steel) _ 1,90000,192
64.941144,0.5647055999999964,50,91,Guitar 2,Acoustic Guitar (steel) _ 1,Acoustic Guitar (steel) _ 1,90240,768
64.941144,0.5647055999999964,57,90,Guitar 2,Acoustic Guitar (steel) _ 1,Acoustic Guitar (steel) _ 1,90240,768
64.941144,0.5647055999999964,62,92,Guitar 2,Acoustic Guitar (steel) _ 1,Acoustic Guitar (steel) _ 1,90240,768
64.941144,0.5647055999999964,66,99,Guitar 2,Acoustic Guitar (steel) _ 1,Acoustic Guitar (steel) _ 1,90240,768
65.647026,0.14117639999999199,43,90,Guitar 2,Acoustic Guitar (steel) _ 1,Acoustic Guitar (steel) _ 1,91200,192
65.647026,0.14117639999999199,47,90,Guitar 2,Acoustic Guitar (steel) _ 1,Acoustic Guitar (steel) _ 1,91200,192
65.647026,0.14117639999999199,50,90,Guitar 2,Acoustic Guitar (steel) _ 1,Acoustic Guitar (steel) _ 1,91200,192
65.647026,0.14117639999999199,55,90,Guitar 2,Acoustic Guitar (steel) _ 1,Acoustic Guitar (steel) _ 1,91200,192
65.647026,0.14117639999999199,59,88,Guitar 2,Acoustic Guitar (steel) _ 1,Acoustic Guitar (steel) _ 1,91200,192
65.647026,0.14117639999999199,67,91,Guitar 2,Acoustic Guitar (steel) _ 1,Acoustic Guitar (steel) _ 1,91200,192
65.82349649999999,0.2823527999999982,43,89,Guitar 2,Acoustic Guitar (steel) _ 1,Acoustic Guitar (steel) _ 1,91440,384
65.82349649999999,0.2823527999999982,55,98,Guitar 2,Acoustic Guitar (steel) _ 1,Acoustic Guitar (steel) _ 1,91440,384
65.82349649999999,0.2823527999999982,67,94,Guitar 2,Acoustic Guitar (steel) _ 1,Acoustic Guitar (steel) _ 1,91440,384
65.82349649999999,0.2823527999999982,47,90,Guitar 2,Acoustic Guitar (steel) _ 1,Acoustic Guitar (steel) _ 1,91440,384
65.82349649999999,0.2823527999999982,50,95,Guitar 2,Acoustic Guitar (steel) _ 1,Acoustic Guitar (steel) _ 1,91440,384
65.82349649999999,0.2823527999999982,59,94,Guitar 2,Acoustic Guitar (steel) _ 1,Acoustic Guitar (steel) _ 1,91440,384
66.17643749999999,0.2823527999999982,45,99,Guitar 2,Acoustic Guitar (steel) _ 1,Acoustic Guitar (steel) _ 1,91920,384
66.17643749999999,0.2823527999999982,52,84,Guitar 2,Acoustic Guitar (steel) _ 1,Acoustic Guitar (steel) _ 1,91920,384
66.17643749999999,0.2823527999999982,57,90,Guitar 2,Acoustic Guitar (steel) _ 1,Acoustic Guitar (steel) _ 1,91920,384
66.17643749999999,0.2823527999999982,61,98,Guitar 2,Acoustic Guitar (steel) _ 1,Acoustic Guitar (steel) _ 1,91920,384
66.17643749999999,0.2823527999999982,64,90,Guitar 2,Acoustic Guitar (steel) _ 1,Acoustic Guitar (steel) _ 1,91920,384
66.52937849999999,0.14117639999999199,45,91,Guitar 2,Acoustic Guitar (steel) _ 1,Acoustic Guitar (steel) _ 1,92400,192
66.52937849999999,0.14117639999999199,52,85,Guitar 2,Acoustic Guitar (steel) _ 1,Acoustic Guitar (steel) _ 1,92400,192
66.52937849999999,0.14117639999999199,57,89,Guitar 2,Acoustic Guitar (steel) _ 1,Acoustic Guitar (steel) _ 1,92400,192
66.52937849999999,0.14117639999999199,61,87,Guitar 2,Acoustic Guitar (steel) _ 1,Acoustic Guitar (steel) _ 1,92400,192
66.52937849999999,0.14117639999999199,64,100,Guitar 2,Acoustic Guitar (steel) _ 1,Acoustic Guitar (steel) _ 1,92400,192
66.70584899999999,0.2823528000000124,45,99,Guitar 2,Acoustic Guitar (steel) _ 1,Acoustic Guitar (steel) _ 1,92640,384
66.70584899999999,0.2823528000000124,52,91,Guitar 2,Acoustic Guitar (steel) _ 1,Acoustic Guitar (steel) _ 1,92640,384
66.70584899999999,0.2823528000000124,57,99,Guitar 2,Acoustic Guitar (steel) _ 1,Acoustic Guitar (steel) _ 1,92640,384
66.70584899999999,0.2823528000000124,61,90,Guitar 2,Acoustic Guitar (steel) _ 1,Acoustic Guitar (steel) _ 1,92640,384
66.70584899999999,0.2823528000000124,64,91,Guitar 2,Acoustic Guitar (steel) _ 1,Acoustic Guitar (steel) _ 1,92640,384
67.05878999999999,0.2823527999999982,45,96,Guitar 2,Acoustic Guitar (steel) _ 1,Acoustic Guitar (steel) _ 1,93120,384
67.05878999999999,0.2823527999999982,52,105,Guitar 2,Acoustic Guitar (steel) _ 1,Acoustic Guitar (steel) _ 1,93120,384
67.05878999999999,0.2823527999999982,57,100,Guitar 2,Acoustic Guitar (steel) _ 1,Acoustic Guitar (steel) _ 1,93120,384
67.05878999999999,0.2823527999999982,61,96,Guitar 2,Acoustic Guitar (steel) _ 1,Acoustic Guitar (steel) _ 1,93120,384
67.05878999999999,0.2823527999999982,64,82,Guitar 2,Acoustic Guitar (steel) _ 1,Acoustic Guitar (steel) _ 1,93120,384
67.41173099999999,0.1411764000000062,45,78,Guitar 2,Acoustic Guitar (steel) _ 1,Acoustic Guitar (steel) _ 1,93600,192
67.41173099999999,0.1411764000000062,52,89,Guitar 2,Acoustic Guitar (steel) _ 1,Acoustic Guitar (steel) _ 1,93600,192
67.41173099999999,0.1411764000000062,57,87,Guitar 2,Acoustic Guitar (steel) _ 1,Acoustic Guitar (steel) _ 1,93600,192
67.41173099999999,0.1411764000000062,61,91,Guitar 2,Acoustic Guitar (steel) _ 1,Acoustic Guitar (steel) _ 1,93600,192
67.41173099999999,0.1411764000000062,64,89,Guitar 2,Acoustic Guitar (steel) _ 1,Acoustic Guitar (steel) _ 1,93600,192
67.5882015,0.14117639999999199,45,97,Guitar 2,Acoustic Guitar (steel) _ 1,Acoustic Guitar (steel) _ 1,93840,192
67.5882015,0.14117639999999199,52,78,Guitar 2,Acoustic Guitar (steel) _ 1,Acoustic Guitar (steel) _ 1,93840,192
67.5882015,0.14117639999999199,57,82,Guitar 2,Acoustic Guitar (steel) _ 1,Acoustic Guitar (steel) _ 1,93840,192
67.5882015,0.14117639999999199,61,95,Guitar 2,Acoustic Guitar (steel) _ 1,Acoustic Guitar (steel) _ 1,93840,192
67.5882015,0.14117639999999199,64,86,Guitar 2,Acoustic Guitar (steel) _ 1,Acoustic Guitar (steel) _ 1,93840,192
67.76467199999999,0.2823527999999982,45,86,Guitar 2,Acoustic Guitar (steel) _ 1,Acoustic Guitar (steel) _ 1,94080,384
67.76467199999999,0.2823527999999982,52,91,Guitar 2,Acoustic Guitar (steel) _ 1,Acoustic Guitar (steel) _ 1,94080,384
67.76467199999999,0.2823527999999982,57,82,Guitar 2,Acoustic Guitar (steel) _ 1,Acoustic Guitar (steel) _ 1,94080,384
67.76467199999999,0.2823527999999982,61,79,Guitar 2,Acoustic Guitar (steel) _ 1,Acoustic Guitar (steel) _ 1,94080,384
67.76467199999999,0.2823527999999982,64,89,Guitar 2,Acoustic Guitar (steel) _ 1,Acoustic Guitar (steel) _ 1,94080,384
68.11761299999999,0.4235292000000044,45,89,Guitar 2,Acoustic Guitar (steel) _ 1,Acoustic Guitar (steel) _ 1,94560,576
68.11761299999999,0.4235292000000044,52,78,Guitar 2,Acoustic Guitar (steel) _ 1,Acoustic Guitar (steel) _ 1,94560,576
68.11761299999999,0.4235292000000044,57,89,Guitar 2,Acoustic Guitar (steel) _ 1,Acoustic Guitar (steel) _ 1,94560,576
68.11761299999999,0.4235292000000044,61,97,Guitar 2,Acoustic Guitar (steel) _ 1,Acoustic Guitar (steel) _ 1,94560,576
68.11761299999999,0.4235292000000044,64,90,Guitar 2,Acoustic Guitar (steel) _ 1,Acoustic Guitar (steel) _ 1,94560,576
68.64702449999999,0.1411764000000062,45,81,Guitar 2,Acoustic Guitar (steel) _ 1,Acoustic Guitar (steel) _ 1,95280,192
68.64702449999999,0.1411764000000062,52,98,Guitar 2,Acoustic Guitar (steel) _ 1,Acoustic Guitar (steel) _ 1,95280,192
68.64702449999999,0.1411764000000062,57,91,Guitar 2,Acoustic Guitar (steel) _ 1,Acoustic Guitar (steel) _ 1,95280,192
68.64702449999999,0.1411764000000062,61,81,Guitar 2,Acoustic Guitar (steel) _ 1,Acoustic Guitar (steel) _ 1,95280,192
68.64702449999999,0.1411764000000062,64,81,Guitar 2,Acoustic Guitar (steel) _ 1,Acoustic Guitar (steel) _ 1,95280,192
68.823495,0.2823527999999982,45,80,Guitar 2,Acoustic Guitar (steel) _ 1,Acoustic Guitar (steel) _ 1,95520,384
68.823495,0.2823527999999982,52,91,Guitar 2,Acoustic Guitar (steel) _ 1,Acoustic Guitar (steel) _ 1,95520,384
68.823495,0.2823527999999982,57,93,Guitar 2,Acoustic Guitar (steel) _ 1,Acoustic Guitar (steel) _ 1,95520,384
68.823495,0.2823527999999982,61,83,Guitar 2,Acoustic Guitar (steel) _ 1,Acoustic Guitar (steel) _ 1,95520,384
68.823495,0.2823527999999982,64,86,Guitar 2,Acoustic Guitar (steel) _ 1,Acoustic Guitar (steel) _ 1,95520,384
69.176436,0.2823527999999982,45,90,Guitar 2,Acoustic Guitar (steel) _ 1,Acoustic Guitar (steel) _ 1,96000,384
69.176436,0.2823527999999982,52,95,Guitar 2,Acoustic Guitar (steel) _ 1,Acoustic Guitar (steel) _ 1,96000,384
69.176436,0.2823527999999982,57,89,Guitar 2,Acoustic Guitar (steel) _ 1,Acoustic Guitar (steel) _ 1,96000,384
69.176436,0.2823527999999982,61,81,Guitar 2,Acoustic Guitar (steel) _ 1,Acoustic Guitar (steel) _ 1,96000,384
69.176436,0.2823527999999982,64,93,Guitar 2,Acoustic Guitar (steel) _ 1,Acoustic Guitar (steel) _ 1,96000,384
69.529377,0.14117639999999199,45,90,Guitar 2,Acoustic Guitar (steel) _ 1,Acoustic Guitar (steel) _ 1,96480,192
69.529377,0.14117639999999199,52,99,Guitar 2,Acoustic Guitar (steel) _ 1,Acoustic Guitar (steel) _ 1,96480,192
69.529377,0.14117639999999199,57,75,Guitar 2,Acoustic Guitar (steel) _ 1,Acoustic Guitar (steel) _ 1,96480,192
69.529377,0.14117639999999199,61,93,Guitar 2,Acoustic Guitar (steel) _ 1,Acoustic Guitar (steel) _ 1,96480,192
69.529377,0.14117639999999199,64,96,Guitar 2,Acoustic Guitar (steel) _ 1,Acoustic Guitar (steel) _ 1,96480,192
69.70584749999999,0.2823527999999982,45,93,Guitar 2,Acoustic Guitar (steel) _ 1,Acoustic Guitar (steel) _ 1,96720,384
69.70584749999999,0.2823527999999982,52,85,Guitar 2,Acoustic Guitar (steel) _ 1,Acoustic Guitar (steel) _ 1,96720,384
69.70584749999999,0.2823527999999982,57,101,Guitar 2,Acoustic Guitar (steel) _ 1,Acoustic Guitar (steel) _ 1,96720,384
69.70584749999999,0.2823527999999982,61,87,Guitar 2,Acoustic Guitar (steel) _ 1,Acoustic Guitar (steel) _ 1,96720,384
69.70584749999999,0.2823527999999982,64,90,Guitar 2,Acoustic Guitar (steel) _ 1,Acoustic Guitar (steel) _ 1,96720,384
70.05878849999999,0.1411764000000062,45,96,Guitar 2,Acoustic Guitar (steel) _ 1,Acoustic Guitar (steel) _ 1,97200,192
70.05878849999999,0.1411764000000062,52,88,Guitar 2,Acoustic Guitar (steel) _ 1,Acoustic Guitar (steel) _ 1,97200,192
70.05878849999999,0.1411764000000062,57,99,Guitar 2,Acoustic Guitar (steel) _ 1,Acoustic Guitar (steel) _ 1,97200,192
70.05878849999999,0.1411764000000062,61,95,Guitar 2,Acoustic Guitar (steel) _ 1,Acoustic Guitar (steel) _ 1,97200,192
70.05878849999999,0.1411764000000062,64,78,Guitar 2,Acoustic Guitar (steel) _ 1,Acoustic Guitar (steel) _ 1,97200,192
70.23525899999999,0.1411764000000062,45,93,Guitar 2,Acoustic Guitar (steel) _ 1,Acoustic Guitar (steel) _ 1,97440,192
70.23525899999999,0.1411764000000062,52,77,Guitar 2,Acoustic Guitar (steel) _ 1,Acoustic Guitar (steel) _ 1,97440,192
70.23525899999999,0.1411764000000062,57,87,Guitar 2,Acoustic Guitar (steel) _ 1,Acoustic Guitar (steel) _ 1,97440,192
70.23525899999999,0.1411764000000062,61,91,Guitar 2,Acoustic Guitar (steel) _ 1,Acoustic Guitar (steel) _ 1,97440,192
70.23525899999999,0.1411764000000062,64,95,Guitar 2,Acoustic Guitar (steel) _ 1,Acoustic Guitar (steel) _ 1,97440,192
70.41172949999999,0.14117639999999199,45,90,Guitar 2,Acoustic Guitar (steel) _ 1,Acoustic Guitar (steel) _ 1,97680,192
70.41172949999999,0.14117639999999199,52,85,Guitar 2,Acoustic Guitar (steel) _ 1,Acoustic Guitar (steel) _ 1,97680,192
70.41172949999999,0.14117639999999199,57,86,Guitar 2,Acoustic Guitar (steel) _ 1,Acoustic Guitar (steel) _ 1,97680,192
70.41172949999999,0.14117639999999199,61,87,Guitar 2,Acoustic Guitar (steel) _ 1,Acoustic Guitar (steel) _ 1,97680,192
70.41172949999999,0.14117639999999199,64,91,Guitar 2,Acoustic Guitar (steel) _ 1,Acoustic Guitar (steel) _ 1,97680,192
70.58819999999999,0.2823527999999982,49,90,Guitar 2,Acoustic Guitar (steel) _ 1,Acoustic Guitar (steel) _ 1,97920,384
70.58819999999999,0.2823527999999982,56,93,Guitar 2,Acoustic Guitar (steel) _ 1,Acoustic Guitar (steel) _ 1,97920,384
70.58819999999999,0.2823527999999982,61,90,Guitar 2,Acoustic Guitar (steel) _ 1,Acoustic Guitar (steel) _ 1,97920,384
70.58819999999999,0.2823527999999982,64,88,Guitar 2,Acoustic Guitar (steel) _ 1,Acoustic Guitar (steel) _ 1,97920,384
70.58819999999999,0.2823527999999982,68,92,Guitar 2,Acoustic Guitar (steel) _ 1,Acoustic Guitar (steel) _ 1,97920,384
70.94114099999999,0.4235292000000044,49,76,Guitar 2,Acoustic Guitar (steel) _ 1,Acoustic Guitar (steel) _ 1,98400,576
70.94114099999999,0.4235292000000044,56,105,Guitar 2,Acoustic Guitar (steel) _ 1,Acoustic Guitar (steel) _ 1,98400,576
70.94114099999999,0.4235292000000044,61,76,Guitar 2,Acoustic Guitar (steel) _ 1,Acoustic Guitar (steel) _ 1,98400,576
70.94114099999999,0.4235292000000044,64,90,Guitar 2,Acoustic Guitar (steel) _ 1,Acoustic Guitar (steel) _ 1,98400,576
70.94114099999999,0.4235292000000044,68,79,Guitar 2,Acoustic Guitar (steel) _ 1,Acoustic Guitar (steel) _ 1,98400,576
71.4705525,0.14117639999999199,49,85,Guitar 2,Acoustic Guitar (steel) _ 1,Acoustic Guitar (steel) _ 1,99120,192
71.4705525,0.14117639999999199,56,95,Guitar 2,Acoustic Guitar (steel) _ 1,Acoustic Guitar (steel) _ 1,99120,192
71.4705525,0.14117639999999199,61,80,Guitar 2,Acoustic Guitar (steel) _ 1,Acoustic Guitar (steel) _ 1,99120,192
71.4705525,0.14117639999999199,64,93,Guitar 2,Acoustic Guitar (steel) _ 1,Acoustic Guitar (steel) _ 1,99120,192
71.4705525,0.14117639999999199,68,90,Guitar 2,Acoustic Guitar (steel) _ 1,Acoustic Guitar (steel) _ 1,99120,192
71.64702299999999,0.2823527999999982,49,104,Guitar 2,Acoustic Guitar (steel) _ 1,Acoustic Guitar (steel) _ 1,99360,384
71.64702299999999,0.2823527999999982,56,95,Guitar 2,Acoustic Guitar (steel) _ 1,Acoustic Guitar (steel) _ 1,99360,384
71.64702299999999,0.2823527999999982,61,80,Guitar 2,Acoustic Guitar (steel) _ 1,Acoustic Guitar (steel) _ 1,99360,384
71.64702299999999,0.2823527999999982,64,92,Guitar 2,Acoustic Guitar (steel) _ 1,Acoustic Guitar (steel) _ 1,99360,384
71.64702299999999,0.2823527999999982,68,84,Guitar 2,Acoustic Guitar (steel) _ 1,Acoustic Guitar (steel) _ 1,99360,384
71.99996399999999,0.2823527999999982,49,101,Guitar 2,Acoustic Guitar (steel) _ 1,Acoustic Guitar (steel) _ 1,99840,384
71.99996399999999,0.2823527999999982,56,90,Guitar 2,Acoustic Guitar (steel) _ 1,Acoustic Guitar (steel) _ 1,99840,384
71.99996399999999,0.2823527999999982,61,87,Guitar 2,Acoustic Guitar (steel) _ 1,Acoustic Guitar (steel) _ 1,99840,384
71.99996399999999,0.2823527999999982,64,81,Guitar 2,Acoustic Guitar (steel) _ 1,Acoustic Guitar (steel) _ 1,99840,384
71.99996399999999,0.2823527999999982,68,87,Guitar 2,Acoustic Guitar (steel) _ 1,Acoustic Guitar (steel) _ 1,99840,384
72.35290499999999,0.14117639999999199,49,87,Guitar 2,Acoustic Guitar (steel) _ 1,Acoustic Guitar (steel) _ 1,100320,192
72.35290499999999,0.14117639999999199,56,101,Guitar 2,Acoustic Guitar (steel) _ 1,Acoustic Guitar (steel) _ 1,100320,192
72.35290499999999,0.14117639999999199,61,103,Guitar 2,Acoustic Guitar (steel) _ 1,Acoustic Guitar (steel) _ 1,100320,192
72.35290499999999,0.14117639999999199,64,89,Guitar 2,Acoustic Guitar (steel) _ 1,Acoustic Guitar (steel) _ 1,100320,192
72.35290499999999,0.14117639999999199,68,97,Guitar 2,Acoustic Guitar (steel) _ 1,Acoustic Guitar (steel) _ 1,100320,192
72.52937549999999,0.2823527999999982,49,92,Guitar 2,Acoustic Guitar (steel) _ 1,Acoustic Guitar (steel) _ 1,100560,384
72.52937549999999,0.2823527999999982,56,88,Guitar 2,Acoustic Guitar (steel) _ 1,Acoustic Guitar (steel) _ 1,100560,384
72.52937549999999,0.2823527999999982,61,91,Guitar 2,Acoustic Guitar (steel) _ 1,Acoustic Guitar (steel) _ 1,100560,384
72.52937549999999,0.2823527999999982,64,77,Guitar 2,Acoustic Guitar (steel) _ 1,Acoustic Guitar (steel) _ 1,100560,384
72.52937549999999,0.2823527999999982,68,91,Guitar 2,Acoustic Guitar (steel) _ 1,Acoustic Guitar (steel) _ 1,100560,384
72.88231649999999,0.1411764000000062,49,97,Guitar 2,Acoustic Guitar (steel) _ 1,Acoustic Guitar (steel) _ 1,101040,192
72.88231649999999,0.1411764000000062,56,91,Guitar 2,Acoustic Guitar (steel) _ 1,Acoustic Guitar (steel) _ 1,101040,192
72.88231649999999,0.1411764000000062,61,98,Guitar 2,Acoustic Guitar (steel) _ 1,Acoustic Guitar (steel) _ 1,101040,192
72.88231649999999,0.1411764000000062,64,90,Guitar 2,Acoustic Guitar (steel) _ 1,Acoustic Guitar (steel) _ 1,101040,192
72.88231649999999,0.1411764000000062,68,81,Guitar 2,Acoustic Guitar (steel) _ 1,Acoustic Guitar (steel) _ 1,101040,192
73.058787,0.14117639999999199,49,90,Guitar 2,Acoustic Guitar (steel) _ 1,Acoustic Guitar (steel) _ 1,101280,192
73.058787,0.14117639999999199,56,90,Guitar 2,Acoustic Guitar (steel) _ 1,Acoustic Guitar (steel) _ 1,101280,192
73.058787,0.14117639999999199,61,101,Guitar 2,Acoustic Guitar (steel) _ 1,Acoustic Guitar (steel) _ 1,101280,192
73.058787,0.14117639999999199,64,102,Guitar 2,Acoustic Guitar (steel) _ 1,Acoustic Guitar (steel) _ 1,101280,192
73.058787,0.14117639999999199,68,95,Guitar 2,Acoustic Guitar (steel) _ 1,Acoustic Guitar (steel) _ 1,101280,192
73.23525749999999,0.1411764000000062,49,84,Guitar 2,Acoustic Guitar (steel) _ 1,Acoustic Guitar (steel) _ 1,101520,192
73.23525749999999,0.1411764000000062,56,101,Guitar 2,Acoustic Guitar (steel) _ 1,Acoustic Guitar (steel) _ 1,101520,192
73.23525749999999,0.1411764000000062,61,84,Guitar 2,Acoustic Guitar (steel) _ 1,Acoustic Guitar (steel) _ 1,101520,192
73.23525749999999,0.1411764000000062,64,90,Guitar 2,Acoustic Guitar (steel) _ 1,Acoustic Guitar (steel) _ 1,101520,192
73.23525749999999,0.1411764000000062,68,82,Guitar 2,Acoustic Guitar (steel) _ 1,Acoustic Guitar (steel) _ 1,101520,192
73.411728,0.2823527999999982,42,90,Guitar 2,Acoustic Guitar (steel) _ 1,Acoustic Guitar (steel) _ 1,101760,384
73.411728,0.2823527999999982,49,100,Guitar 2,Acoustic Guitar (steel) _ 1,Acoustic Guitar (steel) _ 1,101760,384
73.411728,0.2823527999999982,54,79,Guitar 2,Acoustic Guitar (steel) _ 1,Acoustic Guitar (steel) _ 1,101760,384
73.411728,0.2823527999999982,57,90,Guitar 2,Acoustic Guitar (steel) _ 1,Acoustic Guitar (steel) _ 1,101760,384
73.411728,0.2823527999999982,61,103,Guitar 2,Acoustic Guitar (steel) _ 1,Acoustic Guitar (steel) _ 1,101760,384
73.411728,0.2823527999999982,66,99,Guitar 2,Acoustic Guitar (steel) _ 1,Acoustic Guitar (steel) _ 1,101760,384
73.764669,0.42352919999999017,42,83,Guitar 2,Acoustic Guitar (steel) _ 1,Acoustic Guitar (steel) _ 1,102240,576
73.764669,0.42352919999999017,49,90,Guitar 2,Acoustic Guitar (steel) _ 1,Acoustic Guitar (steel) _ 1,102240,576
73.764669,0.42352919999999017,54,90,Guitar 2,Acoustic Guitar (steel) _ 1,Acoustic Guitar (steel) _ 1,102240,576
73.764669,0.42352919999999017,57,84,Guitar 2,Acoustic Guitar (steel) _ 1,Acoustic Guitar (steel) _ 1,102240,576
73.764669,0.42352919999999017,61,90,Guitar 2,Acoustic Guitar (steel) _ 1,Acoustic Guitar (steel) _ 1,102240,576
73.764669,0.42352919999999017,66,93,Guitar 2,Acoustic Guitar (steel) _ 1,Acoustic Guitar (steel) _ 1,102240,576
74.29408049999999,0.14117639999999199,42,81,Guitar 2,Acoustic Guitar (steel) _ 1,Acoustic Guitar (steel) _ 1,102960,192
74.29408049999999,0.14117639999999199,49,87,Guitar 2,Acoustic Guitar (steel) _ 1,Acoustic Guitar (steel) _ 1,102960,192
74.29408049999999,0.14117639999999199,54,88,Guitar 2,Acoustic Guitar (steel) _ 1,Acoustic Guitar (steel) _ 1,102960,192
74.29408049999999,0.14117639999999199,57,90,Guitar 2,Acoustic Guitar (steel) _ 1,Acoustic Guitar (steel) _ 1,102960,192
74.29408049999999,0.14117639999999199,61,83,Guitar 2,Acoustic Guitar (steel) _ 1,Acoustic Guitar (steel) _ 1,102960,192
74.29408049999999,0.14117639999999199,66,90,Guitar 2,Acoustic Guitar (steel) _ 1,Acoustic Guitar (steel) _ 1,102960,192
74.47055099999999,0.2823527999999982,42,76,Guitar 2,Acoustic Guitar (steel) _ 1,Acoustic Guitar (steel) _ 1,103200,384
74.47055099999999,0.2823527999999982,49,90,Guitar 2,Acoustic Guitar (steel) _ 1,Acoustic Guitar (steel) _ 1,103200,384
74.47055099999999,0.2823527999999982,54,102,Guitar 2,Acoustic Guitar (steel) _ 1,Acoustic Guitar (steel) _ 1,103200,384
74.47055099999999,0.2823527999999982,57,89,Guitar 2,Acoustic Guitar (steel) _ 1,Acoustic Guitar (steel) _ 1,103200,384
74.47055099999999,0.2823527999999982,61,90,Guitar 2,Acoustic Guitar (steel) _ 1,Acoustic Guitar (steel) _ 1,103200,384
74.47055099999999,0.2823527999999982,66,88,Guitar 2,Acoustic Guitar (steel) _ 1,Acoustic Guitar (steel) _ 1,103200,384
74.82349199999999,0.2823527999999982,42,85,Guitar 2,Acoustic Guitar (steel) _ 1,Acoustic Guitar (steel) _ 1,103680,384
74.82349199999999,0.2823527999999982,49,81,Guitar 2,Acoustic Guitar (steel) _ 1,Acoustic Guitar (steel) _ 1,103680,384
74.82349199999999,0.2823527999999982,54,77,Guitar 2,Acoustic Guitar (steel) _ 1,Acoustic Guitar (steel) _ 1,103680,384
74.82349199999999,0.2823527999999982,57,94,Guitar 2,Acoustic Guitar (steel) _ 1,Acoustic Guitar (steel) _ 1,103680,384
74.82349199999999,0.2823527999999982,61,91,Guitar 2,Acoustic Guitar (steel) _ 1,Acoustic Guitar (steel) _ 1,103680,384
74.82349199999999,0.2823527999999982,66,77,Guitar 2,Acoustic Guitar (steel) _ 1,Acoustic Guitar (steel) _ 1,103680,384
75.17643299999999,0.1411764000000062,42,91,Guitar 2,Acoustic Guitar (steel) _ 1,Acoustic Guitar (steel) _ 1,104160,192
75.17643299999999,0.1411764000000062,49,91,Guitar 2,Acoustic Guitar (steel) _ 1,Acoustic Guitar (steel) _ 1,104160,192
75.17643299999999,0.1411764000000062,54,87,Guitar 2,Acoustic Guitar (steel) _ 1,Acoustic Guitar (steel) _ 1,104160,192
75.17643299999999,0.1411764000000062,57,100,Guitar 2,Acoustic Guitar (steel) _ 1,Acoustic Guitar (steel) _ 1,104160,192
75.17643299999999,0.1411764000000062,61,88,Guitar 2,Acoustic Guitar (steel) _ 1,Acoustic Guitar (steel) _ 1,104160,192
75.17643299999999,0.1411764000000062,66,95,Guitar 2,Acoustic Guitar (steel) _ 1,Acoustic Guitar (steel) _ 1,104160,192
75.3529035,0.2823527999999982,42,83,Guitar 2,Acoustic Guitar (steel) _ 1,Acoustic Guitar (steel) _ 1,104400,384
75.3529035,0.2823527999999982,49,99,Guitar 2,Acoustic Guitar (steel) _ 1,Acoustic Guitar (steel) _ 1,104400,384
75.3529035,0.2823527999999982,54,90,Guitar 2,Acoustic Guitar (steel) _ 1,Acoustic Guitar (steel) _ 1,104400,384
75.3529035,0.2823527999999982,57,93,Guitar 2,Acoustic Guitar (steel) _ 1,Acoustic Guitar (steel) _ 1,104400,384
75.3529035,0.2823527999999982,61,90,Guitar 2,Acoustic Guitar (steel) _ 1,Acoustic Guitar (steel) _ 1,104400,384
75.3529035,0.2823527999999982,66,95,Guitar 2,Acoustic Guitar (steel) _ 1,Acoustic Guitar (steel) _ 1,104400,384
75.7058445,0.14117639999999199,42,77,Guitar 2,Acoustic Guitar (steel) _ 1,Acoustic Guitar (steel) _ 1,104880,192
75.7058445,0.14117639999999199,49,78,Guitar 2,Acoustic Guitar (steel) _ 1,Acoustic Guitar (steel) _ 1,104880,192
75.7058445,0.14117639999999199,54,96,Guitar 2,Acoustic Guitar (steel) _ 1,Acoustic Guitar (steel) _ 1,104880,192
75.7058445,0.14117639999999199,57,100,Guitar 2,Acoustic Guitar (steel) _ 1,Acoustic Guitar (steel) _ 1,104880,192
75.7058445,0.14117639999999199,61,91,Guitar 2,Acoustic Guitar (steel) _ 1,Acoustic Guitar (steel) _ 1,104880,192
75.7058445,0.14117639999999199,66,82,Guitar 2,Acoustic Guitar (steel) _ 1,Acoustic Guitar (steel) _ 1,104880,192
75.88231499999999,0.1411764000000062,42,95,Guitar 2,Acoustic Guitar (steel) _ 1,Acoustic Guitar (steel) _ 1,105120,192
75.88231499999999,0.1411764000000062,49,88,Guitar 2,Acoustic Guitar (steel) _ 1,Acoustic Guitar (steel) _ 1,105120,192
75.88231499999999,0.1411764000000062,54,90,Guitar 2,Acoustic Guitar (steel) _ 1,Acoustic Guitar (steel) _ 1,105120,192
75.88231499999999,0.1411764000000062,57,90,Guitar 2,Acoustic Guitar (steel) _ 1,Acoustic Guitar (steel) _ 1,105120,192
75.88231499999999,0.1411764000000062,61,94,Guitar 2,Acoustic Guitar (steel) _ 1,Acoustic Guitar (steel) _ 1,105120,192
75.88231499999999,0.1411764000000062,66,95,Guitar 2,Acoustic Guitar (steel) _ 1,Acoustic Guitar (steel) _ 1,105120,192
76.05878549999998,0.1411764000000062,42,88,Guitar 2,Acoustic Guitar (steel) _ 1,Acoustic Guitar (steel) _ 1,105360,192
76.05878549999998,0.1411764000000062,49,90,Guitar 2,Acoustic Guitar (steel) _ 1,Acoustic Guitar (steel) _ 1,105360,192
76.05878549999998,0.1411764000000062,54,101,Guitar 2,Acoustic Guitar (steel) _ 1,Acoustic Guitar (steel) _ 1,105360,192
76.05878549999998,0.1411764000000062,57,90,Guitar 2,Acoustic Guitar (steel) _ 1,Acoustic Guitar (steel) _ 1,105360,192
76.05878549999998,0.1411764000000062,61,75,Guitar 2,Acoustic Guitar (steel) _ 1,Acoustic Guitar (steel) _ 1,105360,192
76.05878549999998,0.1411764000000062,66,92,Guitar 2,Acoustic Guitar (steel) _ 1,Acoustic Guitar (steel) _ 1,105360,192
76.23525599999999,0.2823527999999982,50,105,Guitar 2,Acoustic Guitar (steel) _ 1,Acoustic Guitar (steel) _ 1,105600,384
76.23525599999999,0.2823527999999982,57,102,Guitar 2,Acoustic Guitar (steel) _ 1,Acoustic Guitar (steel) _ 1,105600,384
76.23525599999999,0.2823527999999982,62,103,Guitar 2,Acoustic Guitar (steel) _ 1,Acoustic Guitar (steel) _ 1,105600,384
76.23525599999999,0.2823527999999982,66,90,Guitar 2,Acoustic Guitar (steel) _ 1,Acoustic Guitar (steel) _ 1,105600,384
76.588197,0.2823527999999982,50,91,Guitar 2,Acoustic Guitar (steel) _ 1,Acoustic Guitar (steel) _ 1,106080,384
76.588197,0.2823527999999982,57,89,Guitar 2,Acoustic Guitar (steel) _ 1,Acoustic Guitar (steel) _ 1,106080,384
76.588197,0.2823527999999982,62,91,Guitar 2,Acoustic Guitar (steel) _ 1,Acoustic Guitar (steel) _ 1,106080,384
76.588197,0.2823527999999982,66,98,Guitar 2,Acoustic Guitar (steel) _ 1,Acoustic Guitar (steel) _ 1,106080,384
76.941138,0.14117639999999199,43,104,Guitar 2,Acoustic Guitar (steel) _ 1,Acoustic Guitar (steel) _ 1,106560,192
76.941138,0.14117639999999199,47,89,Guitar 2,Acoustic Guitar (steel) _ 1,Acoustic Guitar (steel) _ 1,106560,192
76.941138,0.14117639999999199,50,98,Guitar 2,Acoustic Guitar (steel) _ 1,Acoustic Guitar (steel) _ 1,106560,192
76.941138,0.14117639999999199,55,89,Guitar 2,Acoustic Guitar (steel) _ 1,Acoustic Guitar (steel) _ 1,106560,192
76.941138,0.14117639999999199,59,87,Guitar 2,Acoustic Guitar (steel) _ 1,Acoustic Guitar (steel) _ 1,106560,192
76.941138,0.14117639999999199,67,91,Guitar 2,Acoustic Guitar (steel) _ 1,Acoustic Guitar (steel) _ 1,106560,192
77.11760849999999,0.2823527999999982,43,94,Guitar 2,Acoustic Guitar (steel) _ 1,Acoustic Guitar (steel) _ 1,106800,384
77.11760849999999,0.2823527999999982,55,75,Guitar 2,Acoustic Guitar (steel) _ 1,Acoustic Guitar (steel) _ 1,106800,384
77.11760849999999,0.2823527999999982,67,91,Guitar 2,Acoustic Guitar (steel) _ 1,Acoustic Guitar (steel) _ 1,106800,384
77.11760849999999,0.2823527999999982,47,85,Guitar 2,Acoustic Guitar (steel) _ 1,Acoustic Guitar (steel) _ 1,106800,384
77.11760849999999,0.2823527999999982,50,90,Guitar 2,Acoustic Guitar (steel) _ 1,Acoustic Guitar (steel) _ 1,106800,384
77.11760849999999,0.2823527999999982,59,87,Guitar 2,Acoustic Guitar (steel) _ 1,Acoustic Guitar (steel) _ 1,106800,384
77.47054949999999,0.2823527999999982,45,90,Guitar 2,Acoustic Guitar (steel) _ 1,Acoustic Guitar (steel) _ 1,107280,384
77.47054949999999,0.2823527999999982,52,84,Guitar 2,Acoustic Guitar (steel) _ 1,Acoustic Guitar (steel) _ 1,107280,384
77.47054949999999,0.2823527999999982,57,94,Guitar 2,Acoustic Guitar (steel) _ 1,Acoustic Guitar (steel) _ 1,107280,384
77.47054949999999,0.2823527999999982,61,89,Guitar 2,Acoustic Guitar (steel) _ 1,Acoustic Guitar (steel) _ 1,107280,384
77.47054949999999,0.2823527999999982,64,95,Guitar 2,Acoustic Guitar (steel) _ 1,Acoustic Guitar (steel) _ 1,107280,384
77.82349049999999,0.1411764000000062,45,93,Guitar 2,Acoustic Guitar (steel) _ 1,Acoustic Guitar (steel) _ 1,107760,192
77.82349049999999,0.1411764000000062,52,90,Guitar 2,Acoustic Guitar (steel) _ 1,Acoustic Guitar (steel) _ 1,107760,192
77.82349049999999,0.1411764000000062,57,84,Guitar 2,Acoustic Guitar (steel) _ 1,Acoustic Guitar (steel) _ 1,107760,192
77.82349049999999,0.1411764000000062,61,92,Guitar 2,Acoustic Guitar (steel) _ 1,Acoustic Guitar (steel) _ 1,107760,192
77.82349049999999,0.1411764000000062,64,90,Guitar 2,Acoustic Guitar (steel) _ 1,Acoustic Guitar (steel) _ 1,107760,192
77.99996099999998,0.2823528000000124,45,90,Guitar 2,Acoustic Guitar (steel) _ 1,Acoustic Guitar (steel) _ 1,108000,384
77.99996099999998,0.2823528000000124,52,78,Guitar 2,Acoustic Guitar (steel) _ 1,Acoustic Guitar (steel) _ 1,108000,384
77.99996099999998,0.2823528000000124,57,78,Guitar 2,Acoustic Guitar (steel) _ 1,Acoustic Guitar (steel) _ 1,108000,384
77.99996099999998,0.2823528000000124,61,94,Guitar 2,Acoustic Guitar (steel) _ 1,Acoustic Guitar (steel) _ 1,108000,384
77.99996099999998,0.2823528000000124,64,91,Guitar 2,Acoustic Guitar (steel) _ 1,Acoustic Guitar (steel) _ 1,108000,384
78.35290199999999,0.16176462500000355,45,83,Guitar 2,Acoustic Guitar (steel) _ 1,Acoustic Guitar (steel) _ 1,108480,220
78.35290199999999,0.16176462500000355,52,86,Guitar 2,Acoustic Guitar (steel) _ 1,Acoustic Guitar (steel) _ 1,108480,220
78.35290199999999,0.16176462500000355,57,105,Guitar 2,Acoustic Guitar (steel) _ 1,Acoustic Guitar (steel) _ 1,108480,220
78.35290199999999,0.16176462500000355,61,100,Guitar 2,Acoustic Guitar (steel) _ 1,Acoustic Guitar (steel) _ 1,108480,220
78.35290199999999,0.16176462500000355,64,87,Guitar 2,Acoustic Guitar (steel) _ 1,Acoustic Guitar (steel) _ 1,108480,220
78.70584299999999,0.16176462500000355,45,92,Guitar 2,Acoustic Guitar (steel) _ 1,Acoustic Guitar (steel) _ 1,108960,220
78.70584299999999,0.16176462500000355,52,83,Guitar 2,Acoustic Guitar (steel) _ 1,Acoustic Guitar (steel) _ 1,108960,220
78.70584299999999,0.16176462500000355,57,90,Guitar 2,Acoustic Guitar (steel) _ 1,Acoustic Guitar (steel) _ 1,108960,220
78.70584299999999,0.16176462500000355,61,90,Guitar 2,Acoustic Guitar (steel) _ 1,Acoustic Guitar (steel) _ 1,108960,220
78.70584299999999,0.16176462500000355,64,95,Guitar 2,Acoustic Guitar (steel) _ 1,Acoustic Guitar (steel) _ 1,108960,220
79.05878399999999,0.2823527999999982,47,80,Guitar 2,Acoustic Guitar (steel) _ 1,Acoustic Guitar (steel) _ 1,109440,384
79.05878399999999,0.2823527999999982,54,91,Guitar 2,Acoustic Guitar (steel) _ 1,Acoustic Guitar (steel) _ 1,109440,384
79.05878399999999,0.2823527999999982,59,90,Guitar 2,Acoustic Guitar (steel) _ 1,Acoustic Guitar (steel) _ 1,109440,384
79.05878399999999,0.2823527999999982,62,101,Guitar 2,Acoustic Guitar (steel) _ 1,Acoustic Guitar (steel) _ 1,109440,384
79.05878399999999,0.2823527999999982,66,90,Guitar 2,Acoustic Guitar (steel) _ 1,Acoustic Guitar (steel) _ 1,109440,384
79.41172499999999,0.2823527999999982,47,90,Guitar 2,Acoustic Guitar (steel) _ 1,Acoustic Guitar (steel) _ 1,109920,384
79.41172499999999,0.2823527999999982,54,90,Guitar 2,Acoustic Guitar (steel) _ 1,Acoustic Guitar (steel) _ 1,109920,384
79.41172499999999,0.2823527999999982,59,76,Guitar 2,Acoustic Guitar (steel) _ 1,Acoustic Guitar (steel) _ 1,109920,384
79.41172499999999,0.2823527999999982,62,88,Guitar 2,Acoustic Guitar (steel) _ 1,Acoustic Guitar (steel) _ 1,109920,384
79.41172499999999,0.2823527999999982,66,94,Guitar 2,Acoustic Guitar (steel) _ 1,Acoustic Guitar (steel) _ 1,109920,384
79.76466599999999,0.1411764000000062,47,89,Guitar 2,Acoustic Guitar (steel) _ 1,Acoustic Guitar (steel) _ 1,110400,192
79.76466599999999,0.1411764000000062,54,77,Guitar 2,Acoustic Guitar (steel) _ 1,Acoustic Guitar (steel) _ 1,110400,192
79.76466599999999,0.1411764000000062,59,86,Guitar 2,Acoustic Guitar (steel) _ 1,Acoustic Guitar (steel) _ 1,110400,192
79.76466599999999,0.1411764000000062,62,90,Guitar 2,Acoustic Guitar (steel) _ 1,Acoustic Guitar (steel) _ 1,110400,192
79.76466599999999,0.1411764000000062,66,79,Guitar 2,Acoustic Guitar (steel) _ 1,Acoustic Guitar (steel) _ 1,110400,192
79.94113649999998,0.1411764000000062,47,95,Guitar 2,Acoustic Guitar (steel) _ 1,Acoustic Guitar (steel) _ 1,110640,192
79.94113649999998,0.1411764000000062,54,87,Guitar 2,Acoustic Guitar (steel) _ 1,Acoustic Guitar (steel) _ 1,110640,192
79.94113649999998,0.1411764000000062,59,90,Guitar 2,Acoustic Guitar (steel) _ 1,Acoustic Guitar (steel) _ 1,110640,192
79.94113649999998,0.1411764000000062,62,91,Guitar 2,Acoustic Guitar (steel) _ 1,Acoustic Guitar (steel) _ 1,110640,192
79.94113649999998,0.1411764000000062,66,82,Guitar 2,Acoustic Guitar (steel) _ 1,Acoustic Guitar (steel) _ 1,110640,192
80.11760699999999,0.2823527999999982,47,91,Guitar 2,Acoustic Guitar (steel) _ 1,Acoustic Guitar (steel) _ 1,110880,384
80.11760699999999,0.2823527999999982,54,88,Guitar 2,Acoustic Guitar (steel) _ 1,Acoustic Guitar (steel) _ 1,110880,384
80.11760699999999,0.2823527999999982,59,94,Guitar 2,Acoustic Guitar (steel) _ 1,Acoustic Guitar (steel) _ 1,110880,384
80.11760699999999,0.2823527999999982,66,85,Guitar 2,Acoustic Guitar (steel) _ 1,Acoustic Guitar (steel) _ 1,110880,384
80.11760699999999,0.2823527999999982,62,93,Guitar 2,Acoustic Guitar (steel) _ 1,Acoustic Guitar (steel) _ 1,110880,384
80.470548,0.2823527999999982,47,88,Guitar 2,Acoustic Guitar (steel) _ 1,Acoustic Guitar (steel) _ 1,111360,384
80.470548,0.2823527999999982,54,92,Guitar 2,Acoustic Guitar (steel) _ 1,Acoustic Guitar (steel) _ 1,111360,384
80.470548,0.2823527999999982,59,88,Guitar 2,Acoustic Guitar (steel) _ 1,Acoustic Guitar (steel) _ 1,111360,384
80.470548,0.2823527999999982,62,82,Guitar 2,Acoustic Guitar (steel) _ 1,Acoustic Guitar (steel) _ 1,111360,384
80.470548,0.2823527999999982,66,91,Guitar 2,Acoustic Guitar (steel) _ 1,Acoustic Guitar (steel) _ 1,111360,384
80.823489,0.2823527999999982,47,94,Guitar 2,Acoustic Guitar (steel) _ 1,Acoustic Guitar (steel) _ 1,111840,384
80.823489,0.2823527999999982,54,83,Guitar 2,Acoustic Guitar (steel) _ 1,Acoustic Guitar (steel) _ 1,111840,384
80.823489,0.2823527999999982,59,87,Guitar 2,Acoustic Guitar (steel) _ 1,Acoustic Guitar (steel) _ 1,111840,384
80.823489,0.2823527999999982,62,81,Guitar 2,Acoustic Guitar (steel) _ 1,Acoustic Guitar (steel) _ 1,111840,384
80.823489,0.2823527999999982,66,90,Guitar 2,Acoustic Guitar (steel) _ 1,Acoustic Guitar (steel) _ 1,111840,384
81.17643,0.14117639999999199,47,88,Guitar 2,Acoustic Guitar (steel) _ 1,Acoustic Guitar (steel) _ 1,112320,192
81.17643,0.14117639999999199,54,78,Guitar 2,Acoustic Guitar (steel) _ 1,Acoustic Guitar (steel) _ 1,112320,192
81.17643,0.14117639999999199,59,78,Guitar 2,Acoustic Guitar (steel) _ 1,Acoustic Guitar (steel) _ 1,112320,192
81.17643,0.14117639999999199,62,89,Guitar 2,Acoustic Guitar (steel) _ 1,Acoustic Guitar (steel) _ 1,112320,192
81.17643,0.14117639999999199,66,101,Guitar 2,Acoustic Guitar (steel) _ 1,Acoustic Guitar (steel) _ 1,112320,192
81.35290049999999,0.1411764000000062,47,92,Guitar 2,Acoustic Guitar (steel) _ 1,Acoustic Guitar (steel) _ 1,112560,192
81.35290049999999,0.1411764000000062,54,95,Guitar 2,Acoustic Guitar (steel) _ 1,Acoustic Guitar (steel) _ 1,112560,192
81.35290049999999,0.1411764000000062,59,92,Guitar 2,Acoustic Guitar (steel) _ 1,Acoustic Guitar (steel) _ 1,112560,192
81.35290049999999,0.1411764000000062,62,101,Guitar 2,Acoustic Guitar (steel) _ 1,Acoustic Guitar (steel) _ 1,112560,192
81.35290049999999,0.1411764000000062,66,87,Guitar 2,Acoustic Guitar (steel) _ 1,Acoustic Guitar (steel) _ 1,112560,192
81.529371,0.2823527999999982,47,91,Guitar 2,Acoustic Guitar (steel) _ 1,Acoustic Guitar (steel) _ 1,112800,384
81.529371,0.2823527999999982,54,90,Guitar 2,Acoustic Guitar (steel) _ 1,Acoustic Guitar (steel) _ 1,112800,384
81.529371,0.2823527999999982,59,90,Guitar 2,Acoustic Guitar (steel) _ 1,Acoustic Guitar (steel) _ 1,112800,384
81.529371,0.2823527999999982,66,104,Guitar 2,Acoustic Guitar (steel) _ 1,Acoustic Guitar (steel) _ 1,112800,384
81.529371,0.2823527999999982,62,92,Guitar 2,Acoustic Guitar (steel) _ 1,Acoustic Guitar (steel) _ 1,112800,384
81.88231199999998,0.2823528000000124,47,90,Guitar 2,Acoustic Guitar (steel) _ 1,Acoustic Guitar (steel) _ 1,113280,384
81.88231199999998,0.2823528000000124,54,95,Guitar 2,Acoustic Guitar (steel) _ 1,Acoustic Guitar (steel) _ 1,113280,384
81.88231199999998,0.2823528000000124,59,82,Guitar 2,Acoustic Guitar (steel) _ 1,Acoustic Guitar (steel) _ 1,113280,384
81.88231199999998,0.2823528000000124,62,89,Guitar 2,Acoustic Guitar (steel) _ 1,Acoustic Guitar (steel) _ 1,113280,384
81.88231199999998,0.2823528000000124,66,93,Guitar 2,Acoustic Guitar (steel) _ 1,Acoustic Guitar (steel) _ 1,113280,384
82.23525299999999,0.2823527999999982,47,103,Guitar 2,Acoustic Guitar (steel) _ 1,Acoustic Guitar (steel) _ 1,113760,384
82.23525299999999,0.2823527999999982,54,90,Guitar 2,Acoustic Guitar (steel) _ 1,Acoustic Guitar (steel) _ 1,113760,384
82.23525299999999,0.2823527999999982,59,100,Guitar 2,Acoustic Guitar (steel) _ 1,Acoustic Guitar (steel) _ 1,113760,384
82.23525299999999,0.2823527999999982,62,77,Guitar 2,Acoustic Guitar (steel) _ 1,Acoustic Guitar (steel) _ 1,113760,384
82.23525299999999,0.2823527999999982,66,90,Guitar 2,Acoustic Guitar (steel) _ 1,Acoustic Guitar (steel) _ 1,113760,384
82.58819399999999,0.1411764000000062,47,90,Guitar 2,Acoustic Guitar (steel) _ 1,Acoustic Guitar (steel) _ 1,114240,192
82.58819399999999,0.1411764000000062,54,104,Guitar 2,Acoustic Guitar (steel) _ 1,Acoustic Guitar (steel) _ 1,114240,192
82.58819399999999,0.1411764000000062,59,88,Guitar 2,Acoustic Guitar (steel) _ 1,Acoustic Guitar (steel) _ 1,114240,192
82.58819399999999,0.1411764000000062,62,91,Guitar 2,Acoustic Guitar (steel) _ 1,Acoustic Guitar (steel) _ 1,114240,192
82.58819399999999,0.1411764000000062,66,97,Guitar 2,Acoustic Guitar (steel) _ 1,Acoustic Guitar (steel) _ 1,114240,192
82.7646645,0.14117639999999199,47,77,Guitar 2,Acoustic Guitar (steel) _ 1,Acoustic Guitar (steel) _ 1,114480,192
82.7646645,0.14117639999999199,54,90,Guitar 2,Acoustic Guitar (steel) _ 1,Acoustic Guitar (steel) _ 1,114480,192
82.7646645,0.14117639999999199,59,92,Guitar 2,Acoustic Guitar (steel) _ 1,Acoustic Guitar (steel) _ 1,114480,192
82.7646645,0.14117639999999199,62,105,Guitar 2,Acoustic Guitar (steel) _ 1,Acoustic Guitar (steel) _ 1,114480,192
82.7646645,0.14117639999999199,66,99,Guitar 2,Acoustic Guitar (steel) _ 1,Acoustic Guitar (steel) _ 1,114480,192
82.94113499999999,0.2823527999999982,47,90,Guitar 2,Acoustic Guitar (steel) _ 1,Acoustic Guitar (steel) _ 1,114720,384
82.94113499999999,0.2823527999999982,54,90,Guitar 2,Acoustic Guitar (steel) _ 1,Acoustic Guitar (steel) _ 1,114720,384
82.94113499999999,0.2823527999999982,59,92,Guitar 2,Acoustic Guitar (steel) _ 1,Acoustic Guitar (steel) _ 1,114720,384
82.94113499999999,0.2823527999999982,66,94,Guitar 2,Acoustic Guitar (steel) _ 1,Acoustic Guitar (steel) _ 1,114720,384
82.94113499999999,0.2823527999999982,62,96,Guitar 2,Acoustic Guitar (steel) _ 1,Acoustic Guitar (steel) _ 1,114720,384
83.29407599999999,0.2823527999999982,47,88,Guitar 2,Acoustic Guitar (steel) _ 1,Acoustic Guitar (steel) _ 1,115200,384
83.29407599999999,0.2823527999999982,54,96,Guitar 2,Acoustic Guitar (steel) _ 1,Acoustic Guitar (steel) _ 1,115200,384
83.29407599999999,0.2823527999999982,59,103,Guitar 2,Acoustic Guitar (steel) _ 1,Acoustic Guitar (steel) _ 1,115200,384
83.29407599999999,0.2823527999999982,62,89,Guitar 2,Acoustic Guitar (steel) _ 1,Acoustic Guitar (steel) _ 1,115200,384
83.29407599999999,0.2823527999999982,66,90,Guitar 2,Acoustic Guitar (steel) _ 1,Acoustic Guitar (steel) _ 1,115200,384
83.64701699999999,0.2823527999999982,47,83,Guitar 2,Acoustic Guitar (steel) _ 1,Acoustic Guitar (steel) _ 1,115680,384
83.64701699999999,0.2823527999999982,54,83,Guitar 2,Acoustic Guitar (steel) _ 1,Acoustic Guitar (steel) _ 1,115680,384
83.64701699999999,0.2823527999999982,59,76,Guitar 2,Acoustic Guitar (steel) _ 1,Acoustic Guitar (steel) _ 1,115680,384
83.64701699999999,0.2823527999999982,62,90,Guitar 2,Acoustic Guitar (steel) _ 1,Acoustic Guitar (steel) _ 1,115680,384
83.64701699999999,0.2823527999999982,66,88,Guitar 2,Acoustic Guitar (steel) _ 1,Acoustic Guitar (steel) _ 1,115680,384
83.99995799999999,0.14117639999999199,47,88,Guitar 2,Acoustic Guitar (steel) _ 1,Acoustic Guitar (steel) _ 1,116160,192
83.99995799999999,0.14117639999999199,54,79,Guitar 2,Acoustic Guitar (steel) _ 1,Acoustic Guitar (steel) _ 1,116160,192
83.99995799999999,0.14117639999999199,59,88,Guitar 2,Acoustic Guitar (steel) _ 1,Acoustic Guitar (steel) _ 1,116160,192
83.99995799999999,0.14117639999999199,62,86,Guitar 2,Acoustic Guitar (steel) _ 1,Acoustic Guitar (steel) _ 1,116160,192
83.99995799999999,0.14117639999999199,66,91,Guitar 2,Acoustic Guitar (steel) _ 1,Acoustic Guitar (steel) _ 1,116160,192
84.17642849999999,0.1411764000000062,47,76,Guitar 2,Acoustic Guitar (steel) _ 1,Acoustic Guitar (steel) _ 1,116400,192
84.17642849999999,0.1411764000000062,54,90,Guitar 2,Acoustic Guitar (steel) _ 1,Acoustic Guitar (steel) _ 1,116400,192
84.17642849999999,0.1411764000000062,59,104,Guitar 2,Acoustic Guitar (steel) _ 1,Acoustic Guitar (steel) _ 1,116400,192
84.17642849999999,0.1411764000000062,62,78,Guitar 2,Acoustic Guitar (steel) _ 1,Acoustic Guitar (steel) _ 1,116400,192
84.17642849999999,0.1411764000000062,66,90,Guitar 2,Acoustic Guitar (steel) _ 1,Acoustic Guitar (steel) _ 1,116400,192
84.352899,0.2823527999999982,47,76,Guitar 2,Acoustic Guitar (steel) _ 1,Acoustic Guitar (steel) _ 1,116640,384
84.352899,0.2823527999999982,54,83,Guitar 2,Acoustic Guitar (steel) _ 1,Acoustic Guitar (steel) _ 1,116640,384
84.352899,0.2823527999999982,59,104,Guitar 2,Acoustic Guitar (steel) _ 1,Acoustic Guitar (steel) _ 1,116640,384
84.352899,0.2823527999999982,66,84,Guitar 2,Acoustic Guitar (steel) _ 1,Acoustic Guitar (steel) _ 1,116640,384
84.352899,0.2823527999999982,62,96,Guitar 2,Acoustic Guitar (steel) _ 1,Acoustic Guitar (steel) _ 1,116640,384
84.70584,0.2823527999999982,43,90,Guitar 2,Acoustic Guitar (steel) _ 1,Acoustic Guitar (steel) _ 1,117120,384
84.70584,0.2823527999999982,50,86,Guitar 2,Acoustic Guitar (steel) _ 1,Acoustic Guitar (steel) _ 1,117120,384
84.70584,0.2823527999999982,55,90,Guitar 2,Acoustic Guitar (steel) _ 1,Acoustic Guitar (steel) _ 1,117120,384
84.70584,0.2823527999999982,59,78,Guitar 2,Acoustic Guitar (steel) _ 1,Acoustic Guitar (steel) _ 1,117120,384
84.70584,0.2823527999999982,62,87,Guitar 2,Acoustic Guitar (steel) _ 1,Acoustic Guitar (steel) _ 1,117120,384
84.70584,0.2823527999999982,67,81,Guitar 2,Acoustic Guitar (steel) _ 1,Acoustic Guitar (steel) _ 1,117120,384
85.058781,0.2823527999999982,43,105,Guitar 2,Acoustic Guitar (steel) _ 1,Acoustic Guitar (steel) _ 1,117600,384
85.058781,0.2823527999999982,50,88,Guitar 2,Acoustic Guitar (steel) _ 1,Acoustic Guitar (steel) _ 1,117600,384
85.058781,0.2823527999999982,55,92,Guitar 2,Acoustic Guitar (steel) _ 1,Acoustic Guitar (steel) _ 1,117600,384
85.058781,0.2823527999999982,59,91,Guitar 2,Acoustic Guitar (steel) _ 1,Acoustic Guitar (steel) _ 1,117600,384
85.058781,0.2823527999999982,62,77,Guitar 2,Acoustic Guitar (steel) _ 1,Acoustic Guitar (steel) _ 1,117600,384
85.058781,0.2823527999999982,67,84,Guitar 2,Acoustic Guitar (steel) _ 1,Acoustic Guitar (steel) _ 1,117600,384
85.411722,0.14117639999999199,43,90,Guitar 2,Acoustic Guitar (steel) _ 1,Acoustic Guitar (steel) _ 1,118080,192
85.411722,0.14117639999999199,50,90,Guitar 2,Acoustic Guitar (steel) _ 1,Acoustic Guitar (steel) _ 1,118080,192
85.411722,0.14117639999999199,55,79,Guitar 2,Acoustic Guitar (steel) _ 1,Acoustic Guitar (steel) _ 1,118080,192
85.411722,0.14117639999999199,59,81,Guitar 2,Acoustic Guitar (steel) _ 1,Acoustic Guitar (steel) _ 1,118080,192
85.411722,0.14117639999999199,62,87,Guitar 2,Acoustic Guitar (steel) _ 1,Acoustic Guitar (steel) _ 1,118080,192
85.411722,0.14117639999999199,67,91,Guitar 2,Acoustic Guitar (steel) _ 1,Acoustic Guitar (steel) _ 1,118080,192
85.58819249999999,0.1411764000000062,43,91,Guitar 2,Acoustic Guitar (steel) _ 1,Acoustic Guitar (steel) _ 1,118320,192
85.58819249999999,0.1411764000000062,50,80,Guitar 2,Acoustic Guitar (steel) _ 1,Acoustic Guitar (steel) _ 1,118320,192
85.58819249999999,0.1411764000000062,55,103,Guitar 2,Acoustic Guitar (steel) _ 1,Acoustic Guitar (steel) _ 1,118320,192
85.58819249999999,0.1411764000000062,59,98,Guitar 2,Acoustic Guitar (steel) _ 1,Acoustic Guitar (steel) _ 1,118320,192
85.58819249999999,0.1411764000000062,62,86,Guitar 2,Acoustic Guitar (steel) _ 1,Acoustic Guitar (steel) _ 1,118320,192
85.58819249999999,0.1411764000000062,67,77,Guitar 2,Acoustic Guitar (steel) _ 1,Acoustic Guitar (steel) _ 1,118320,192
85.76466299999998,0.2823528000000124,43,84,Guitar 2,Acoustic Guitar (steel) _ 1,Acoustic Guitar (steel) _ 1,118560,384
85.76466299999998,0.2823528000000124,50,79,Guitar 2,Acoustic Guitar (steel) _ 1,Acoustic Guitar (steel) _ 1,118560,384
85.76466299999998,0.2823528000000124,55,89,Guitar 2,Acoustic Guitar (steel) _ 1,Acoustic Guitar (steel) _ 1,118560,384
85.76466299999998,0.2823528000000124,59,83,Guitar 2,Acoustic Guitar (steel) _ 1,Acoustic Guitar (steel) _ 1,118560,384
85.76466299999998,0.2823528000000124,62,85,Guitar 2,Acoustic Guitar (steel) _ 1,Acoustic Guitar (steel) _ 1,118560,384
85.76466299999998,0.2823528000000124,67,96,Guitar 2,Acoustic Guitar (steel) _ 1,Acoustic Guitar (steel) _ 1,118560,384
86.11760399999999,0.2823527999999982,43,102,Guitar 2,Acoustic Guitar (steel) _ 1,Acoustic Guitar (steel) _ 1,119040,384
86.11760399999999,0.2823527999999982,50,92,Guitar 2,Acoustic Guitar (steel) _ 1,Acoustic Guitar (steel) _ 1,119040,384
86.11760399999999,0.2823527999999982,55,92,Guitar 2,Acoustic Guitar (steel) _ 1,Acoustic Guitar (steel) _ 1,119040,384
86.11760399999999,0.2823527999999982,59,100,Guitar 2,Acoustic Guitar (steel) _ 1,Acoustic Guitar (steel) _ 1,119040,384
86.11760399999999,0.2823527999999982,62,93,Guitar 2,Acoustic Guitar (steel) _ 1,Acoustic Guitar (steel) _ 1,119040,384
86.11760399999999,0.2823527999999982,67,86,Guitar 2,Acoustic Guitar (steel) _ 1,Acoustic Guitar (steel) _ 1,119040,384
86.47054499999999,0.2823527999999982,43,78,Guitar 2,Acoustic Guitar (steel) _ 1,Acoustic Guitar (steel) _ 1,119520,384
86.47054499999999,0.2823527999999982,50,93,Guitar 2,Acoustic Guitar (steel) _ 1,Acoustic Guitar (steel) _ 1,119520,384
86.47054499999999,0.2823527999999982,55,103,Guitar 2,Acoustic Guitar (steel) _ 1,Acoustic Guitar (steel) _ 1,119520,384
86.47054499999999,0.2823527999999982,59,86,Guitar 2,Acoustic Guitar (steel) _ 1,Acoustic Guitar (steel) _ 1,119520,384
86.47054499999999,0.2823527999999982,62,104,Guitar 2,Acoustic Guitar (steel) _ 1,Acoustic Guitar (steel) _ 1,119520,384
86.47054499999999,0.2823527999999982,67,92,Guitar 2,Acoustic Guitar (steel) _ 1,Acoustic Guitar (steel) _ 1,119520,384
86.82348599999999,0.1411764000000062,43,93,Guitar 2,Acoustic Guitar (steel) _ 1,Acoustic Guitar (steel) _ 1,120000,192
86.82348599999999,0.1411764000000062,50,105,Guitar 2,Acoustic Guitar (steel) _ 1,Acoustic Guitar (steel) _ 1,120000,192
86.82348599999999,0.1411764000000062,55,88,Guitar 2,Acoustic Guitar (steel) _ 1,Acoustic Guitar (steel) _ 1,120000,192
86.82348599999999,0.1411764000000062,59,80,Guitar 2,Acoustic Guitar (steel) _ 1,Acoustic Guitar (steel) _ 1,120000,192
86.82348599999999,0.1411764000000062,62,89,Guitar 2,Acoustic Guitar (steel) _ 1,Acoustic Guitar (steel) _ 1,120000,192
86.82348599999999,0.1411764000000062,67,90,Guitar 2,Acoustic Guitar (steel) _ 1,Acoustic Guitar (steel) _ 1,120000,192
86.9999565,0.14117639999999199,43,102,Guitar 2,Acoustic Guitar (steel) _ 1,Acoustic Guitar (steel) _ 1,120240,192
86.9999565,0.14117639999999199,50,94,Guitar 2,Acoustic Guitar (steel) _ 1,Acoustic Guitar (steel) _ 1,120240,192
86.9999565,0.14117639999999199,55,89,Guitar 2,Acoustic Guitar (steel) _ 1,Acoustic Guitar (steel) _ 1,120240,192
86.9999565,0.14117639999999199,59,92,Guitar 2,Acoustic Guitar (steel) _ 1,Acoustic Guitar (steel) _ 1,120240,192
86.9999565,0.14117639999999199,62,91,Guitar 2,Acoustic Guitar (steel) _ 1,Acoustic Guitar (steel) _ 1,120240,192
86.9999565,0.14117639999999199,67,89,Guitar 2,Acoustic Guitar (steel) _ 1,Acoustic Guitar (steel) _ 1,120240,192
87.17642699999999,0.2823527999999982,43,89,Guitar 2,Acoustic Guitar (steel) _ 1,Acoustic Guitar (steel) _ 1,120480,384
87.17642699999999,0.2823527999999982,50,102,Guitar 2,Acoustic Guitar (steel) _ 1,Acoustic Guitar (steel) _ 1,120480,384
87.17642699999999,0.2823527999999982,55,97,Guitar 2,Acoustic Guitar (steel) _ 1,Acoustic Guitar (steel) _ 1,120480,384
87.17642699999999,0.2823527999999982,59,98,Guitar 2,Acoustic Guitar (steel) _ 1,Acoustic Guitar (steel) _ 1,120480,384
87.17642699999999,0.2823527999999982,62,86,Guitar 2,Acoustic Guitar (steel) _ 1,Acoustic Guitar (steel) _ 1,120480,384
87.17642699999999,0.2823527999999982,67,89,Guitar 2,Acoustic Guitar (steel) _ 1,Acoustic Guitar (steel) _ 1,120480,384
87.52936799999999,0.2823527999999982,43,92,Guitar 2,Acoustic Guitar (steel) _ 1,Acoustic Guitar (steel) _ 1,120960,384
87.52936799999999,0.2823527999999982,50,84,Guitar 2,Acoustic Guitar (steel) _ 1,Acoustic Guitar (steel) _ 1,120960,384
87.52936799999999,0.2823527999999982,55,86,Guitar 2,Acoustic Guitar (steel) _ 1,Acoustic Guitar (steel) _ 1,120960,384
87.52936799999999,0.2823527999999982,59,86,Guitar 2,Acoustic Guitar (steel) _ 1,Acoustic Guitar (steel) _ 1,120960,384
87.52936799999999,0.2823527999999982,62,82,Guitar 2,Acoustic Guitar (steel) _ 1,Acoustic Guitar (steel) _ 1,120960,384
87.52936799999999,0.2823527999999982,67,101,Guitar 2,Acoustic Guitar (steel) _ 1,Acoustic Guitar (steel) _ 1,120960,384
87.88230899999999,0.2823527999999982,43,86,Guitar 2,Acoustic Guitar (steel) _ 1,Acoustic Guitar (steel) _ 1,121440,384
87.88230899999999,0.2823527999999982,50,89,Guitar 2,Acoustic Guitar (steel) _ 1,Acoustic Guitar (steel) _ 1,121440,384
87.88230899999999,0.2823527999999982,55,98,Guitar 2,Acoustic Guitar (steel) _ 1,Acoustic Guitar (steel) _ 1,121440,384
87.88230899999999,0.2823527999999982,59,76,Guitar 2,Acoustic Guitar (steel) _ 1,Acoustic Guitar (steel) _ 1,121440,384
87.88230899999999,0.2823527999999982,62,90,Guitar 2,Acoustic Guitar (steel) _ 1,Acoustic Guitar (steel) _ 1,121440,384
87.88230899999999,0.2823527999999982,67,84,Guitar 2,Acoustic Guitar (steel) _ 1,Acoustic Guitar (steel) _ 1,121440,384
88.23525,0.14117639999999199,43,92,Guitar 2,Acoustic Guitar (steel) _ 1,Acoustic Guitar (steel) _ 1,121920,192
88.23525,0.14117639999999199,50,92,Guitar 2,Acoustic Guitar (steel) _ 1,Acoustic Guitar (steel) _ 1,121920,192
88.23525,0.14117639999999199,55,89,Guitar 2,Acoustic Guitar (steel) _ 1,Acoustic Guitar (steel) _ 1,121920,192
88.23525,0.14117639999999199,59,91,Guitar 2,Acoustic Guitar (steel) _ 1,Acoustic Guitar (steel) _ 1,121920,192
88.23525,0.14117639999999199,62,91,Guitar 2,Acoustic Guitar (steel) _ 1,Acoustic Guitar (steel) _ 1,121920,192
88.23525,0.14117639999999199,67,89,Guitar 2,Acoustic Guitar (steel) _ 1,Acoustic Guitar (steel) _ 1,121920,192
88.41172049999999,0.1411764000000062,43,93,Guitar 2,Acoustic Guitar (steel) _ 1,Acoustic Guitar (steel) _ 1,122160,192
88.41172049999999,0.1411764000000062,50,88,Guitar 2,Acoustic Guitar (steel) _ 1,Acoustic Guitar (steel) _ 1,122160,192
88.41172049999999,0.1411764000000062,55,90,Guitar 2,Acoustic Guitar (steel) _ 1,Acoustic Guitar (steel) _ 1,122160,192
88.41172049999999,0.1411764000000062,59,88,Guitar 2,Acoustic Guitar (steel) _ 1,Acoustic Guitar (steel) _ 1,122160,192
88.41172049999999,0.1411764000000062,62,90,Guitar 2,Acoustic Guitar (steel) _ 1,Acoustic Guitar (steel) _ 1,122160,192
88.41172049999999,0.1411764000000062,67,92,Guitar 2,Acoustic Guitar (steel) _ 1,Acoustic Guitar (steel) _ 1,122160,192
88.588191,0.2823527999999982,43,92,Guitar 2,Acoustic Guitar (steel) _ 1,Acoustic Guitar (steel) _ 1,122400,384
88.588191,0.2823527999999982,50,90,Guitar 2,Acoustic Guitar (steel) _ 1,Acoustic Guitar (steel) _ 1,122400,384
88.588191,0.2823527999999982,55,89,Guitar 2,Acoustic Guitar (steel) _ 1,Acoustic Guitar (steel) _ 1,122400,384
88.588191,0.2823527999999982,59,90,Guitar 2,Acoustic Guitar (steel) _ 1,Acoustic Guitar (steel) _ 1,122400,384
88.588191,0.2823527999999982,62,86,Guitar 2,Acoustic Guitar (steel) _ 1,Acoustic Guitar (steel) _ 1,122400,384
88.588191,0.2823527999999982,67,90,Guitar 2,Acoustic Guitar (steel) _ 1,Acoustic Guitar (steel) _ 1,122400,384
88.941132,0.2823527999999982,43,93,Guitar 2,Acoustic Guitar (steel) _ 1,Acoustic Guitar (steel) _ 1,122880,384
88.941132,0.2823527999999982,50,84,Guitar 2,Acoustic Guitar (steel) _ 1,Acoustic Guitar (steel) _ 1,122880,384
88.941132,0.2823527999999982,55,90,Guitar 2,Acoustic Guitar (steel) _ 1,Acoustic Guitar (steel) _ 1,122880,384
88.941132,0.2823527999999982,59,99,Guitar 2,Acoustic Guitar (steel) _ 1,Acoustic Guitar (steel) _ 1,122880,384
88.941132,0.2823527999999982,62,100,Guitar 2,Acoustic Guitar (steel) _ 1,Acoustic Guitar (steel) _ 1,122880,384
88.941132,0.2823527999999982,67,82,Guitar 2,Acoustic Guitar (steel) _ 1,Acoustic Guitar (steel) _ 1,122880,384
89.294073,0.2823527999999982,43,80,Guitar 2,Acoustic Guitar (steel) _ 1,Acoustic Guitar (steel) _ 1,123360,384
89.294073,0.2823527999999982,50,90,Guitar 2,Acoustic Guitar (steel) _ 1,Acoustic Guitar (steel) _ 1,123360,384
89.294073,0.2823527999999982,55,77,Guitar 2,Acoustic Guitar (steel) _ 1,Acoustic Guitar (steel) _ 1,123360,384
89.294073,0.2823527999999982,59,90,Guitar 2,Acoustic Guitar (steel) _ 1,Acoustic Guitar (steel) _ 1,123360,384
89.294073,0.2823527999999982,62,104,Guitar 2,Acoustic Guitar (steel) _ 1,Acoustic Guitar (steel) _ 1,123360,384
89.294073,0.2823527999999982,67,78,Guitar 2,Acoustic Guitar (steel) _ 1,Acoustic Guitar (steel) _ 1,123360,384
89.64701399999998,0.1411764000000062,43,78,Guitar 2,Acoustic Guitar (steel) _ 1,Acoustic Guitar (steel) _ 1,123840,192
89.64701399999998,0.1411764000000062,50,103,Guitar 2,Acoustic Guitar (steel) _ 1,Acoustic Guitar (steel) _ 1,123840,192
89.64701399999998,0.1411764000000062,55,90,Guitar 2,Acoustic Guitar (steel) _ 1,Acoustic Guitar (steel) _ 1,123840,192
89.64701399999998,0.1411764000000062,59,90,Guitar 2,Acoustic Guitar (steel) _ 1,Acoustic Guitar (steel) _ 1,123840,192
89.64701399999998,0.1411764000000062,62,90,Guitar 2,Acoustic Guitar (steel) _ 1,Acoustic Guitar (steel) _ 1,123840,192
89.64701399999998,0.1411764000000062,67,84,Guitar 2,Acoustic Guitar (steel) _ 1,Acoustic Guitar (steel) _ 1,123840,192
89.82348449999999,0.14117639999999199,43,81,Guitar 2,Acoustic Guitar (steel) _ 1,Acoustic Guitar (steel) _ 1,124080,192
89.82348449999999,0.14117639999999199,50,83,Guitar 2,Acoustic Guitar (steel) _ 1,Acoustic Guitar (steel) _ 1,124080,192
89.82348449999999,0.14117639999999199,55,84,Guitar 2,Acoustic Guitar (steel) _ 1,Acoustic Guitar (steel) _ 1,124080,192
89.82348449999999,0.14117639999999199,59,84,Guitar 2,Acoustic Guitar (steel) _ 1,Acoustic Guitar (steel) _ 1,124080,192
89.82348449999999,0.14117639999999199,62,88,Guitar 2,Acoustic Guitar (steel) _ 1,Acoustic Guitar (steel) _ 1,124080,192
89.82348449999999,0.14117639999999199,67,92,Guitar 2,Acoustic Guitar (steel) _ 1,Acoustic Guitar (steel) _ 1,124080,192
89.99995499999999,0.2823527999999982,43,99,Guitar 2,Acoustic Guitar (steel) _ 1,Acoustic Guitar (steel) _ 1,124320,384
89.99995499999999,0.2823527999999982,50,94,Guitar 2,Acoustic Guitar (steel) _ 1,Acoustic Guitar (steel) _ 1,124320,384
89.99995499999999,0.2823527999999982,55,92,Guitar 2,Acoustic Guitar (steel) _ 1,Acoustic Guitar (steel) _ 1,124320,384
89.99995499999999,0.2823527999999982,59,98,Guitar 2,Acoustic Guitar (steel) _ 1,Acoustic Guitar (steel) _ 1,124320,384
89.99995499999999,0.2823527999999982,62,90,Guitar 2,Acoustic Guitar (steel) _ 1,Acoustic Guitar (steel) _ 1,124320,384
89.99995499999999,0.2823527999999982,67,96,Guitar 2,Acoustic Guitar (steel) _ 1,Acoustic Guitar (steel) _ 1,124320,384
90.35289599999999,0.2823527999999982,40,90,Guitar 2,Acoustic Guitar (steel) _ 1,Acoustic Guitar (steel) _ 1,124800,384
90.35289599999999,0.2823527999999982,47,88,Guitar 2,Acoustic Guitar (steel) _ 1,Acoustic Guitar (steel) _ 1,124800,384
90.35289599999999,0.2823527999999982,52,81,Guitar 2,Acoustic Guitar (steel) _ 1,Acoustic Guitar (steel) _ 1,124800,384
90.35289599999999,0.2823527999999982,56,77,Guitar 2,Acoustic Guitar (steel) _ 1,Acoustic Guitar (steel) _ 1,124800,384
90.35289599999999,0.2823527999999982,59,89,Guitar 2,Acoustic Guitar (steel) _ 1,Acoustic Guitar (steel) _ 1,124800,384
90.35289599999999,0.2823527999999982,64,91,Guitar 2,Acoustic Guitar (steel) _ 1,Acoustic Guitar (steel) _ 1,124800,384
90.70583699999999,0.2823527999999982,40,83,Guitar 2,Acoustic Guitar (steel) _ 1,Acoustic Guitar (steel) _ 1,125280,384
90.70583699999999,0.2823527999999982,47,87,Guitar 2,Acoustic Guitar (steel) _ 1,Acoustic Guitar (steel) _ 1,125280,384
90.70583699999999,0.2823527999999982,52,96,Guitar 2,Acoustic Guitar (steel) _ 1,Acoustic Guitar (steel) _ 1,125280,384
90.70583699999999,0.2823527999999982,56,89,Guitar 2,Acoustic Guitar (steel) _ 1,Acoustic Guitar (steel) _ 1,125280,384
90.70583699999999,0.2823527999999982,59,99,Guitar 2,Acoustic Guitar (steel) _ 1,Acoustic Guitar (steel) _ 1,125280,384
90.70583699999999,0.2823527999999982,64,81,Guitar 2,Acoustic Guitar (steel) _ 1,Acoustic Guitar (steel) _ 1,125280,384
91.05877799999999,0.1411764000000062,40,96,Guitar 2,Acoustic Guitar (steel) _ 1,Acoustic Guitar (steel) _ 1,125760,192
91.05877799999999,0.1411764000000062,47,86,Guitar 2,Acoustic Guitar (steel) _ 1,Acoustic Guitar (steel) _ 1,125760,192
91.05877799999999,0.1411764000000062,52,76,Guitar 2,Acoustic Guitar (steel) _ 1,Acoustic Guitar (steel) _ 1,125760,192
91.05877799999999,0.1411764000000062,56,89,Guitar 2,Acoustic Guitar (steel) _ 1,Acoustic Guitar (steel) _ 1,125760,192
91.05877799999999,0.1411764000000062,59,90,Guitar 2,Acoustic Guitar (steel) _ 1,Acoustic Guitar (steel) _ 1,125760,192
91.05877799999999,0.1411764000000062,64,103,Guitar 2,Acoustic Guitar (steel) _ 1,Acoustic Guitar (steel) _ 1,125760,192
91.2352485,0.14117639999999199,40,90,Guitar 2,Acoustic Guitar (steel) _ 1,Acoustic Guitar (steel) _ 1,126000,192
91.2352485,0.14117639999999199,47,91,Guitar 2,Acoustic Guitar (steel) _ 1,Acoustic Guitar (steel) _ 1,126000,192
91.2352485,0.14117639999999199,52,86,Guitar 2,Acoustic Guitar (steel) _ 1,Acoustic Guitar (steel) _ 1,126000,192
91.2352485,0.14117639999999199,56,90,Guitar 2,Acoustic Guitar (steel) _ 1,Acoustic Guitar (steel) _ 1,126000,192
91.2352485,0.14117639999999199,59,92,Guitar 2,Acoustic Guitar (steel) _ 1,Acoustic Guitar (steel) _ 1,126000,192
91.2352485,0.14117639999999199,64,101,Guitar 2,Acoustic Guitar (steel) _ 1,Acoustic Guitar (steel) _ 1,126000,192
91.41171899999999,0.2823527999999982,40,78,Guitar 2,Acoustic Guitar (steel) _ 1,Acoustic Guitar (steel) _ 1,126240,384
91.41171899999999,0.2823527999999982,47,86,Guitar 2,Acoustic Guitar (steel) _ 1,Acoustic Guitar (steel) _ 1,126240,384
91.41171899999999,0.2823527999999982,52,88,Guitar 2,Acoustic Guitar (steel) _ 1,Acoustic Guitar (steel) _ 1,126240,384
91.41171899999999,0.2823527999999982,56,89,Guitar 2,Acoustic Guitar (steel) _ 1,Acoustic Guitar (steel) _ 1,126240,384
91.41171899999999,0.2823527999999982,59,98,Guitar 2,Acoustic Guitar (steel) _ 1,Acoustic Guitar (steel) _ 1,126240,384
91.41171899999999,0.2823527999999982,64,94,Guitar 2,Acoustic Guitar (steel) _ 1,Acoustic Guitar (steel) _ 1,126240,384
91.76465999999999,0.2823527999999982,40,88,Guitar 2,Acoustic Guitar (steel) _ 1,Acoustic Guitar (steel) _ 1,126720,384
91.76465999999999,0.2823527999999982,47,89,Guitar 2,Acoustic Guitar (steel) _ 1,Acoustic Guitar (steel) _ 1,126720,384
91.76465999999999,0.2823527999999982,52,105,Guitar 2,Acoustic Guitar (steel) _ 1,Acoustic Guitar (steel) _ 1,126720,384
91.76465999999999,0.2823527999999982,56,85,Guitar 2,Acoustic Guitar (steel) _ 1,Acoustic Guitar (steel) _ 1,126720,384
91.76465999999999,0.2823527999999982,59,90,Guitar 2,Acoustic Guitar (steel) _ 1,Acoustic Guitar (steel) _ 1,126720,384
91.76465999999999,0.2823527999999982,64,84,Guitar 2,Acoustic Guitar (steel) _ 1,Acoustic Guitar (steel) _ 1,126720,384
92.117601,0.2823527999999982,40,94,Guitar 2,Acoustic Guitar (steel) _ 1,Acoustic Guitar (steel) _ 1,127200,384
92.117601,0.2823527999999982,47,100,Guitar 2,Acoustic Guitar (steel) _ 1,Acoustic Guitar (steel) _ 1,127200,384
92.117601,0.2823527999999982,52,84,Guitar 2,Acoustic Guitar (steel) _ 1,Acoustic Guitar (steel) _ 1,127200,384
92.117601,0.2823527999999982,56,82,Guitar 2,Acoustic Guitar (steel) _ 1,Acoustic Guitar (steel) _ 1,127200,384
92.117601,0.2823527999999982,59,95,Guitar 2,Acoustic Guitar (steel) _ 1,Acoustic Guitar (steel) _ 1,127200,384
92.117601,0.2823527999999982,64,101,Guitar 2,Acoustic Guitar (steel) _ 1,Acoustic Guitar (steel) _ 1,127200,384
92.470542,0.14117639999999199,40,95,Guitar 2,Acoustic Guitar (steel) _ 1,Acoustic Guitar (steel) _ 1,127680,192
92.470542,0.14117639999999199,47,92,Guitar 2,Acoustic Guitar (steel) _ 1,Acoustic Guitar (steel) _ 1,127680,192
92.470542,0.14117639999999199,52,96,Guitar 2,Acoustic Guitar (steel) _ 1,Acoustic Guitar (steel) _ 1,127680,192
92.470542,0.14117639999999199,56,77,Guitar 2,Acoustic Guitar (steel) _ 1,Acoustic Guitar (steel) _ 1,127680,192
92.470542,0.14117639999999199,59,102,Guitar 2,Acoustic Guitar (steel) _ 1,Acoustic Guitar (steel) _ 1,127680,192
92.470542,0.14117639999999199,64,90,Guitar 2,Acoustic Guitar (steel) _ 1,Acoustic Guitar (steel) _ 1,127680,192
92.64701249999999,0.1411764000000062,40,86,Guitar 2,Acoustic Guitar (steel) _ 1,Acoustic Guitar (steel) _ 1,127920,192
92.64701249999999,0.1411764000000062,47,84,Guitar 2,Acoustic Guitar (steel) _ 1,Acoustic Guitar (steel) _ 1,127920,192
92.64701249999999,0.1411764000000062,52,91,Guitar 2,Acoustic Guitar (steel) _ 1,Acoustic Guitar (steel) _ 1,127920,192
92.64701249999999,0.1411764000000062,56,91,Guitar 2,Acoustic Guitar (steel) _ 1,Acoustic Guitar (steel) _ 1,127920,192
92.64701249999999,0.1411764000000062,59,92,Guitar 2,Acoustic Guitar (steel) _ 1,Acoustic Guitar (steel) _ 1,127920,192
92.64701249999999,0.1411764000000062,64,82,Guitar 2,Acoustic Guitar (steel) _ 1,Acoustic Guitar (steel) _ 1,127920,192
92.823483,0.2823527999999982,40,90,Guitar 2,Acoustic Guitar (steel) _ 1,Acoustic Guitar (steel) _ 1,128160,384
92.823483,0.2823527999999982,47,101,Guitar 2,Acoustic Guitar (steel) _ 1,Acoustic Guitar (steel) _ 1,128160,384
92.823483,0.2823527999999982,52,90,Guitar 2,Acoustic Guitar (steel) _ 1,Acoustic Guitar (steel) _ 1,128160,384
92.823483,0.2823527999999982,56,91,Guitar 2,Acoustic Guitar (steel) _ 1,Acoustic Guitar (steel) _ 1,128160,384
92.823483,0.2823527999999982,59,91,Guitar 2,Acoustic Guitar (steel) _ 1,Acoustic Guitar (steel) _ 1,128160,384
92.823483,0.2823527999999982,64,79,Guitar 2,Acoustic Guitar (steel) _ 1,Acoustic Guitar (steel) _ 1,128160,384
93.176424,0.2823527999999982,40,82,Guitar 2,Acoustic Guitar (steel) _ 1,Acoustic Guitar (steel) _ 1,128640,384
93.176424,0.2823527999999982,47,101,Guitar 2,Acoustic Guitar (steel) _ 1,Acoustic Guitar (steel) _ 1,128640,384
93.176424,0.2823527999999982,52,89,Guitar 2,Acoustic Guitar (steel) _ 1,Acoustic Guitar (steel) _ 1,128640,384
93.176424,0.2823527999999982,56,82,Guitar 2,Acoustic Guitar (steel) _ 1,Acoustic Guitar (steel) _ 1,128640,384
93.176424,0.2823527999999982,59,78,Guitar 2,Acoustic Guitar (steel) _ 1,Acoustic Guitar (steel) _ 1,128640,384
93.176424,0.2823527999999982,64,80,Guitar 2,Acoustic Guitar (steel) _ 1,Acoustic Guitar (steel) _ 1,128640,384
93.52936499999998,0.2823528000000124,40,93,Guitar 2,Acoustic Guitar (steel) _ 1,Acoustic Guitar (steel) _ 1,129120,384
93.52936499999998,0.2823528000000124,47,89,Guitar 2,Acoustic Guitar (steel) _ 1,Acoustic Guitar (steel) _ 1,129120,384
93.52936499999998,0.2823528000000124,52,90,Guitar 2,Acoustic Guitar (steel) _ 1,Acoustic Guitar (steel) _ 1,129120,384
93.52936499999998,0.2823528000000124,56,91,Guitar 2,Acoustic Guitar (steel) _ 1,Acoustic Guitar (steel) _ 1,129120,384
93.52936499999998,0.2823528000000124,59,102,Guitar 2,Acoustic Guitar (steel) _ 1,Acoustic Guitar (steel) _ 1,129120,384
93.52936499999998,0.2823528000000124,64,90,Guitar 2,Acoustic Guitar (steel) _ 1,Acoustic Guitar (steel) _ 1,129120,384
93.88230599999999,0.1411764000000062,40,92,Guitar 2,Acoustic Guitar (steel) _ 1,Acoustic Guitar (steel) _ 1,129600,192
93.88230599999999,0.1411764000000062,47,101,Guitar 2,Acoustic Guitar (steel) _ 1,Acoustic Guitar (steel) _ 1,129600,192
93.88230599999999,0.1411764000000062,52,90,Guitar 2,Acoustic Guitar (steel) _ 1,Acoustic Guitar (steel) _ 1,129600,192
93.88230599999999,0.1411764000000062,56,93,Guitar 2,Acoustic Guitar (steel) _ 1,Acoustic Guitar (steel) _ 1,129600,192
93.88230599999999,0.1411764000000062,59,94,Guitar 2,Acoustic Guitar (steel) _ 1,Acoustic Guitar (steel) _ 1,129600,192
93.88230599999999,0.1411764000000062,64,77,Guitar 2,Acoustic Guitar (steel) _ 1,Acoustic Guitar (steel) _ 1,129600,192
94.0587765,0.14117639999999199,40,89,Guitar 2,Acoustic Guitar (steel) _ 1,Acoustic Guitar (steel) _ 1,129840,192
94.0587765,0.14117639999999199,47,91,Guitar 2,Acoustic Guitar (steel) _ 1,Acoustic Guitar (steel) _ 1,129840,192
94.0587765,0.14117639999999199,52,83,Guitar 2,Acoustic Guitar (steel) _ 1,Acoustic Guitar (steel) _ 1,129840,192
94.0587765,0.14117639999999199,56,80,Guitar 2,Acoustic Guitar (steel) _ 1,Acoustic Guitar (steel) _ 1,129840,192
94.0587765,0.14117639999999199,59,90,Guitar 2,Acoustic Guitar (steel) _ 1,Acoustic Guitar (steel) _ 1,129840,192
94.0587765,0.14117639999999199,64,99,Guitar 2,Acoustic Guitar (steel) _ 1,Acoustic Guitar (steel) _ 1,129840,192
94.23524699999999,0.1411764000000062,40,88,Guitar 2,Acoustic Guitar (steel) _ 1,Acoustic Guitar (steel) _ 1,130080,192
94.23524699999999,0.1411764000000062,47,82,Guitar 2,Acoustic Guitar (steel) _ 1,Acoustic Guitar (steel) _ 1,130080,192
94.23524699999999,0.1411764000000062,52,90,Guitar 2,Acoustic Guitar (steel) _ 1,Acoustic Guitar (steel) _ 1,130080,192
94.23524699999999,0.1411764000000062,56,92,Guitar 2,Acoustic Guitar (steel) _ 1,Acoustic Guitar (steel) _ 1,130080,192
94.23524699999999,0.1411764000000062,59,79,Guitar 2,Acoustic Guitar (steel) _ 1,Acoustic Guitar (steel) _ 1,130080,192
94.23524699999999,0.1411764000000062,64,91,Guitar 2,Acoustic Guitar (steel) _ 1,Acoustic Guitar (steel) _ 1,130080,192
94.4117175,0.14117639999999199,40,91,Guitar 2,Acoustic Guitar (steel) _ 1,Acoustic Guitar (steel) _ 1,130320,192
94.4117175,0.14117639999999199,47,97,Guitar 2,Acoustic Guitar (steel) _ 1,Acoustic Guitar (steel) _ 1,130320,192
94.4117175,0.14117639999999199,52,86,Guitar 2,Acoustic Guitar (steel) _ 1,Acoustic Guitar (steel) _ 1,130320,192
94.4117175,0.14117639999999199,56,85,Guitar 2,Acoustic Guitar (steel) _ 1,Acoustic Guitar (steel) _ 1,130320,192
94.4117175,0.14117639999999199,59,96,Guitar 2,Acoustic Guitar (steel) _ 1,Acoustic Guitar (steel) _ 1,130320,192
94.4117175,0.14117639999999199,64,94,Guitar 2,Acoustic Guitar (steel) _ 1,Acoustic Guitar (steel) _ 1,130320,192
94.58818799999999,0.2823527999999982,40,99,Guitar 2,Acoustic Guitar (steel) _ 1,Acoustic Guitar (steel) _ 1,130560,384
94.58818799999999,0.2823527999999982,47,92,Guitar 2,Acoustic Guitar (steel) _ 1,Acoustic Guitar (steel) _ 1,130560,384
94.58818799999999,0.2823527999999982,52,91,Guitar 2,Acoustic Guitar (steel) _ 1,Acoustic Guitar (steel) _ 1,130560,384
94.58818799999999,0.2823527999999982,56,90,Guitar 2,Acoustic Guitar (steel) _ 1,Acoustic Guitar (steel) _ 1,130560,384
94.58818799999999,0.2823527999999982,59,92,Guitar 2,Acoustic Guitar (steel) _ 1,Acoustic Guitar (steel) _ 1,130560,384
94.58818799999999,0.2823527999999982,64,82,Guitar 2,Acoustic Guitar (steel) _ 1,Acoustic Guitar (steel) _ 1,130560,384
94.94112899999999,0.2823527999999982,40,82,Guitar 2,Acoustic Guitar (steel) _ 1,Acoustic Guitar (steel) _ 1,131040,384
94.94112899999999,0.2823527999999982,47,83,Guitar 2,Acoustic Guitar (steel) _ 1,Acoustic Guitar (steel) _ 1,131040,384
94.94112899999999,0.2823527999999982,52,86,Guitar 2,Acoustic Guitar (steel) _ 1,Acoustic Guitar (steel) _ 1,131040,384
94.94112899999999,0.2823527999999982,56,77,Guitar 2,Acoustic Guitar (steel) _ 1,Acoustic Guitar (steel) _ 1,131040,384
94.94112899999999,0.2823527999999982,59,85,Guitar 2,Acoustic Guitar (steel) _ 1,Acoustic Guitar (steel) _ 1,131040,384
94.94112899999999,0.2823527999999982,64,103,Guitar 2,Acoustic Guitar (steel) _ 1,Acoustic Guitar (steel) _ 1,131040,384
95.29406999999999,0.1411764000000062,40,100,Guitar 2,Acoustic Guitar (steel) _ 1,Acoustic Guitar (steel) _ 1,131520,192
95.29406999999999,0.1411764000000062,47,101,Guitar 2,Acoustic Guitar (steel) _ 1,Acoustic Guitar (steel) _ 1,131520,192
95.29406999999999,0.1411764000000062,52,86,Guitar 2,Acoustic Guitar (steel) _ 1,Acoustic Guitar (steel) _ 1,131520,192
95.29406999999999,0.1411764000000062,56,94,Guitar 2,Acoustic Guitar (steel) _ 1,Acoustic Guitar (steel) _ 1,131520,192
95.29406999999999,0.1411764000000062,59,91,Guitar 2,Acoustic Guitar (steel) _ 1,Acoustic Guitar (steel) _ 1,131520,192
95.29406999999999,0.1411764000000062,64,80,Guitar 2,Acoustic Guitar (steel) _ 1,Acoustic Guitar (steel) _ 1,131520,192
95.47054049999998,0.1411764000000062,40,94,Guitar 2,Acoustic Guitar (steel) _ 1,Acoustic Guitar (steel) _ 1,131760,192
95.47054049999998,0.1411764000000062,47,91,Guitar 2,Acoustic Guitar (steel) _ 1,Acoustic Guitar (steel) _ 1,131760,192
95.47054049999998,0.1411764000000062,52,89,Guitar 2,Acoustic Guitar (steel) _ 1,Acoustic Guitar (steel) _ 1,131760,192
95.47054049999998,0.1411764000000062,56,86,Guitar 2,Acoustic Guitar (steel) _ 1,Acoustic Guitar (steel) _ 1,131760,192
95.47054049999998,0.1411764000000062,59,95,Guitar 2,Acoustic Guitar (steel) _ 1,Acoustic Guitar (steel) _ 1,131760,192
95.47054049999998,0.1411764000000062,64,77,Guitar 2,Acoustic Guitar (steel) _ 1,Acoustic Guitar (steel) _ 1,131760,192
95.64701099999999,0.2823527999999982,40,82,Guitar 2,Acoustic Guitar (steel) _ 1,Acoustic Guitar (steel) _ 1,132000,384
95.64701099999999,0.2823527999999982,47,92,Guitar 2,Acoustic Guitar (steel) _ 1,Acoustic Guitar (steel) _ 1,132000,384
95.64701099999999,0.2823527999999982,52,83,Guitar 2,Acoustic Guitar (steel) _ 1,Acoustic Guitar (steel) _ 1,132000,384
95.64701099999999,0.2823527999999982,56,94,Guitar 2,Acoustic Guitar (steel) _ 1,Acoustic Guitar (steel) _ 1,132000,384
95.64701099999999,0.2823527999999982,59,95,Guitar 2,Acoustic Guitar (steel) _ 1,Acoustic Guitar (steel) _ 1,132000,384
95.64701099999999,0.2823527999999982,64,90,Guitar 2,Acoustic Guitar (steel) _ 1,Acoustic Guitar (steel) _ 1,132000,384
95.999952,2.2588223999999997,45,90,Guitar 2,Acoustic Guitar (steel) _ 1,Acoustic Guitar (steel) _ 1,132480,3072
95.999952,2.2588223999999997,52,103,Guitar 2,Acoustic Guitar (steel) _ 1,Acoustic Guitar (steel) _ 1,132480,3072
95.999952,2.2588223999999997,55,79,Guitar 2,Acoustic Guitar (steel) _ 1,Acoustic Guitar (steel) _ 1,132480,3072
95.999952,2.2588223999999997,61,96,Guitar 2,Acoustic Guitar (steel) _ 1,Acoustic Guitar (steel) _ 1,132480,3072
95.999952,2.2588223999999997,64,91,Guitar 2,Acoustic Guitar (steel) _ 1,Acoustic Guitar (steel) _ 1,132480,3072
98.82347999999999,0.2823527999999982,45,78,Guitar 2,Acoustic Guitar (steel) _ 1,Acoustic Guitar (steel) _ 1,136320,384
98.82347999999999,0.2823527999999982,52,81,Guitar 2,Acoustic Guitar (steel) _ 1,Acoustic Guitar (steel) _ 1,136320,384
98.82347999999999,0.2823527999999982,57,76,Guitar 2,Acoustic Guitar (steel) _ 1,Acoustic Guitar (steel) _ 1,136320,384
98.82347999999999,0.2823527999999982,61,91,Guitar 2,Acoustic Guitar (steel) _ 1,Acoustic Guitar (steel) _ 1,136320,384
98.82347999999999,0.2823527999999982,64,85,Guitar 2,Acoustic Guitar (steel) _ 1,Acoustic Guitar (steel) _ 1,136320,384
99.17642099999999,0.4235292000000044,45,86,Guitar 2,Acoustic Guitar (steel) _ 1,Acoustic Guitar (steel) _ 1,136800,576
99.17642099999999,0.4235292000000044,52,87,Guitar 2,Acoustic Guitar (steel) _ 1,Acoustic Guitar (steel) _ 1,136800,576
99.17642099999999,0.4235292000000044,57,90,Guitar 2,Acoustic Guitar (steel) _ 1,Acoustic Guitar (steel) _ 1,136800,576
99.17642099999999,0.4235292000000044,61,77,Guitar 2,Acoustic Guitar (steel) _ 1,Acoustic Guitar (steel) _ 1,136800,576
99.17642099999999,0.4235292000000044,64,101,Guitar 2,Acoustic Guitar (steel) _ 1,Acoustic Guitar (steel) _ 1,136800,576
99.70583249999999,0.1411764000000062,45,103,Guitar 2,Acoustic Guitar (steel) _ 1,Acoustic Guitar (steel) _ 1,137520,192
99.70583249999999,0.1411764000000062,52,87,Guitar 2,Acoustic Guitar (steel) _ 1,Acoustic Guitar (steel) _ 1,137520,192
99.70583249999999,0.1411764000000062,57,82,Guitar 2,Acoustic Guitar (steel) _ 1,Acoustic Guitar (steel) _ 1,137520,192
99.70583249999999,0.1411764000000062,61,79,Guitar 2,Acoustic Guitar (steel) _ 1,Acoustic Guitar (steel) _ 1,137520,192
99.70583249999999,0.1411764000000062,64,82,Guitar 2,Acoustic Guitar (steel) _ 1,Acoustic Guitar (steel) _ 1,137520,192
99.882303,0.14117639999999199,45,80,Guitar 2,Acoustic Guitar (steel) _ 1,Acoustic Guitar (steel) _ 1,137760,192
99.882303,0.14117639999999199,52,91,Guitar 2,Acoustic Guitar (steel) _ 1,Acoustic Guitar (steel) _ 1,137760,192
99.882303,0.14117639999999199,57,93,Guitar 2,Acoustic Guitar (steel) _ 1,Acoustic Guitar (steel) _ 1,137760,192
99.882303,0.14117639999999199,61,90,Guitar 2,Acoustic Guitar (steel) _ 1,Acoustic Guitar (steel) _ 1,137760,192
99.882303,0.14117639999999199,64,90,Guitar 2,Acoustic Guitar (steel) _ 1,Acoustic Guitar (steel) _ 1,137760,192
100.05877349999999,0.1411764000000062,45,90,Guitar 2,Acoustic Guitar (steel) _ 1,Acoustic Guitar (steel) _ 1,138000,192
100.05877349999999,0.1411764000000062,52,89,Guitar 2,Acoustic Guitar (steel) _ 1,Acoustic Guitar (steel) _ 1,138000,192
100.05877349999999,0.1411764000000062,57,103,Guitar 2,Acoustic Guitar (steel) _ 1,Acoustic Guitar (steel) _ 1,138000,192
100.05877349999999,0.1411764000000062,61,90,Guitar 2,Acoustic Guitar (steel) _ 1,Acoustic Guitar (steel) _ 1,138000,192
100.05877349999999,0.1411764000000062,64,90,Guitar 2,Acoustic Guitar (steel) _ 1,Acoustic Guitar (steel) _ 1,138000,192
100.235244,0.2823527999999982,45,93,Guitar 2,Acoustic Guitar (steel) _ 1,Acoustic Guitar (steel) _ 1,138240,384
100.235244,0.2823527999999982,52,82,Guitar 2,Acoustic Guitar (steel) _ 1,Acoustic Guitar (steel) _ 1,138240,384
100.235244,0.2823527999999982,57,94,Guitar 2,Acoustic Guitar (steel) _ 1,Acoustic Guitar (steel) _ 1,138240,384
100.235244,0.2823527999999982,61,81,Guitar 2,Acoustic Guitar (steel) _ 1,Acoustic Guitar (steel) _ 1,138240,384
100.235244,0.2823527999999982,64,96,Guitar 2,Acoustic Guitar (steel) _ 1,Acoustic Guitar (steel) _ 1,138240,384
100.588185,0.42352919999999017,45,99,Guitar 2,Acoustic Guitar (steel) _ 1,Acoustic Guitar (steel) _ 1,138720,576
100.588185,0.42352919999999017,52,86,Guitar 2,Acoustic Guitar (steel) _ 1,Acoustic Guitar (steel) _ 1,138720,576
100.588185,0.42352919999999017,57,90,Guitar 2,Acoustic Guitar (steel) _ 1,Acoustic Guitar (steel) _ 1,138720,576
100.588185,0.42352919999999017,61,90,Guitar 2,Acoustic Guitar (steel) _ 1,Acoustic Guitar (steel) _ 1,138720,576
100.588185,0.42352919999999017,64,93,Guitar 2,Acoustic Guitar (steel) _ 1,Acoustic Guitar (steel) _ 1,138720,576
101.11759649999999,0.1411764000000062,45,93,Guitar 2,Acoustic Guitar (steel) _ 1,Acoustic Guitar (steel) _ 1,139440,192
101.11759649999999,0.1411764000000062,52,88,Guitar 2,Acoustic Guitar (steel) _ 1,Acoustic Guitar (steel) _ 1,139440,192
101.11759649999999,0.1411764000000062,57,90,Guitar 2,Acoustic Guitar (steel) _ 1,Acoustic Guitar (steel) _ 1,139440,192
101.11759649999999,0.1411764000000062,61,87,Guitar 2,Acoustic Guitar (steel) _ 1,Acoustic Guitar (steel) _ 1,139440,192
101.11759649999999,0.1411764000000062,64,76,Guitar 2,Acoustic Guitar (steel) _ 1,Acoustic Guitar (steel) _ 1,139440,192
101.29406699999998,0.1411764000000062,45,92,Guitar 2,Acoustic Guitar (steel) _ 1,Acoustic Guitar (steel) _ 1,139680,192
101.29406699999998,0.1411764000000062,52,93,Guitar 2,Acoustic Guitar (steel) _ 1,Acoustic Guitar (steel) _ 1,139680,192
101.29406699999998,0.1411764000000062,57,90,Guitar 2,Acoustic Guitar (steel) _ 1,Acoustic Guitar (steel) _ 1,139680,192
101.29406699999998,0.1411764000000062,61,89,Guitar 2,Acoustic Guitar (steel) _ 1,Acoustic Guitar (steel) _ 1,139680,192
101.29406699999998,0.1411764000000062,64,90,Guitar 2,Acoustic Guitar (steel) _ 1,Acoustic Guitar (steel) _ 1,139680,192
101.47053749999999,0.14117639999999199,45,76,Guitar 2,Acoustic Guitar (steel) _ 1,Acoustic Guitar (steel) _ 1,139920,192
101.47053749999999,0.14117639999999199,52,96,Guitar 2,Acoustic Guitar (steel) _ 1,Acoustic Guitar (steel) _ 1,139920,192
101.47053749999999,0.14117639999999199,57,90,Guitar 2,Acoustic Guitar (steel) _ 1,Acoustic Guitar (steel) _ 1,139920,192
101.47053749999999,0.14117639999999199,61,94,Guitar 2,Acoustic Guitar (steel) _ 1,Acoustic Guitar (steel) _ 1,139920,192
101.47053749999999,0.14117639999999199,64,90,Guitar 2,Acoustic Guitar (steel) _ 1,Acoustic Guitar (steel) _ 1,139920,192
101.64700799999999,0.2823527999999982,45,87,Guitar 2,Acoustic Guitar (steel) _ 1,Acoustic Guitar (steel) _ 1,140160,384
101.64700799999999,0.2823527999999982,52,95,Guitar 2,Acoustic Guitar (steel) _ 1,Acoustic Guitar (steel) _ 1,140160,384
101.64700799999999,0.2823527999999982,57,93,Guitar 2,Acoustic Guitar (steel) _ 1,Acoustic Guitar (steel) _ 1,140160,384
101.64700799999999,0.2823527999999982,61,88,Guitar 2,Acoustic Guitar (steel) _ 1,Acoustic Guitar (steel) _ 1,140160,384
101.64700799999999,0.2823527999999982,64,89,Guitar 2,Acoustic Guitar (steel) _ 1,Acoustic Guitar (steel) _ 1,140160,384
101.99994899999999,0.2823527999999982,45,92,Guitar 2,Acoustic Guitar (steel) _ 1,Acoustic Guitar (steel) _ 1,140640,384
101.99994899999999,0.2823527999999982,52,90,Guitar 2,Acoustic Guitar (steel) _ 1,Acoustic Guitar (steel) _ 1,140640,384
101.99994899999999,0.2823527999999982,57,87,Guitar 2,Acoustic Guitar (steel) _ 1,Acoustic Guitar (steel) _ 1,140640,384
101.99994899999999,0.2823527999999982,61,83,Guitar 2,Acoustic Guitar (steel) _ 1,Acoustic Guitar (steel) _ 1,140640,384
101.99994899999999,0.2823527999999982,64,91,Guitar 2,Acoustic Guitar (steel) _ 1,Acoustic Guitar (steel) _ 1,140640,384
102.35288999999999,0.1411764000000062,45,96,Guitar 2,Acoustic Guitar (steel) _ 1,Acoustic Guitar (steel) _ 1,141120,192
102.35288999999999,0.1411764000000062,52,100,Guitar 2,Acoustic Guitar (steel) _ 1,Acoustic Guitar (steel) _ 1,141120,192
102.35288999999999,0.1411764000000062,57,79,Guitar 2,Acoustic Guitar (steel) _ 1,Acoustic Guitar (steel) _ 1,141120,192
102.35288999999999,0.1411764000000062,61,95,Guitar 2,Acoustic Guitar (steel) _ 1,Acoustic Guitar (steel) _ 1,141120,192
102.35288999999999,0.1411764000000062,64,90,Guitar 2,Acoustic Guitar (steel) _ 1,Acoustic Guitar (steel) _ 1,141120,192
102.5293605,0.42352919999999017,45,89,Guitar 2,Acoustic Guitar (steel) _ 1,Acoustic Guitar (steel) _ 1,141360,576
102.5293605,0.42352919999999017,52,91,Guitar 2,Acoustic Guitar (steel) _ 1,Acoustic Guitar (steel) _ 1,141360,576
102.5293605,0.42352919999999017,57,102,Guitar 2,Acoustic Guitar (steel) _ 1,Acoustic Guitar (steel) _ 1,141360,576
102.5293605,0.42352919999999017,61,89,Guitar 2,Acoustic Guitar (steel) _ 1,Acoustic Guitar (steel) _ 1,141360,576
102.5293605,0.42352919999999017,64,90,Guitar 2,Acoustic Guitar (steel) _ 1,Acoustic Guitar (steel) _ 1,141360,576
103.05877199999999,0.2823527999999982,45,77,Guitar 2,Acoustic Guitar (steel) _ 1,Acoustic Guitar (steel) _ 1,142080,384
103.05877199999999,0.2823527999999982,52,93,Guitar 2,Acoustic Guitar (steel) _ 1,Acoustic Guitar (steel) _ 1,142080,384
103.05877199999999,0.2823527999999982,57,91,Guitar 2,Acoustic Guitar (steel) _ 1,Acoustic Guitar (steel) _ 1,142080,384
103.05877199999999,0.2823527999999982,61,94,Guitar 2,Acoustic Guitar (steel) _ 1,Acoustic Guitar (steel) _ 1,142080,384
103.05877199999999,0.2823527999999982,64,92,Guitar 2,Acoustic Guitar (steel) _ 1,Acoustic Guitar (steel) _ 1,142080,384
103.41171299999999,0.14117639999999199,45,89,Guitar 2,Acoustic Guitar (steel) _ 1,Acoustic Guitar (steel) _ 1,142560,192
103.41171299999999,0.14117639999999199,52,81,Guitar 2,Acoustic Guitar (steel) _ 1,Acoustic Guitar (steel) _ 1,142560,192
103.41171299999999,0.14117639999999199,57,91,Guitar 2,Acoustic Guitar (steel) _ 1,Acoustic Guitar (steel) _ 1,142560,192
103.41171299999999,0.14117639999999199,61,83,Guitar 2,Acoustic Guitar (steel) _ 1,Acoustic Guitar (steel) _ 1,142560,192
103.41171299999999,0.14117639999999199,64,90,Guitar 2,Acoustic Guitar (steel) _ 1,Acoustic Guitar (steel) _ 1,142560,192
103.58818349999999,0.1411764000000062,45,99,Guitar 2,Acoustic Guitar (steel) _ 1,Acoustic Guitar (steel) _ 1,142800,192
103.58818349999999,0.1411764000000062,52,90,Guitar 2,Acoustic Guitar (steel) _ 1,Acoustic Guitar (steel) _ 1,142800,192
103.58818349999999,0.1411764000000062,57,101,Guitar 2,Acoustic Guitar (steel) _ 1,Acoustic Guitar (steel) _ 1,142800,192
103.58818349999999,0.1411764000000062,61,88,Guitar 2,Acoustic Guitar (steel) _ 1,Acoustic Guitar (steel) _ 1,142800,192
103.58818349999999,0.1411764000000062,64,92,Guitar 2,Acoustic Guitar (steel) _ 1,Acoustic Guitar (steel) _ 1,142800,192
103.764654,0.14117639999999199,45,75,Guitar 2,Acoustic Guitar (steel) _ 1,Acoustic Guitar (steel) _ 1,143040,192
103.764654,0.14117639999999199,52,88,Guitar 2,Acoustic Guitar (steel) _ 1,Acoustic Guitar (steel) _ 1,143040,192
103.764654,0.14117639999999199,57,97,Guitar 2,Acoustic Guitar (steel) _ 1,Acoustic Guitar (steel) _ 1,143040,192
103.764654,0.14117639999999199,61,90,Guitar 2,Acoustic Guitar (steel) _ 1,Acoustic Guitar (steel) _ 1,143040,192
103.764654,0.14117639999999199,64,77,Guitar 2,Acoustic Guitar (steel) _ 1,Acoustic Guitar (steel) _ 1,143040,192
103.94112449999999,0.4235292000000044,45,90,Guitar 2,Acoustic Guitar (steel) _ 1,Acoustic Guitar (steel) _ 1,143280,576
103.94112449999999,0.4235292000000044,52,100,Guitar 2,Acoustic Guitar (steel) _ 1,Acoustic Guitar (steel) _ 1,143280,576
103.94112449999999,0.4235292000000044,57,91,Guitar 2,Acoustic Guitar (steel) _ 1,Acoustic Guitar (steel) _ 1,143280,576
103.94112449999999,0.4235292000000044,61,94,Guitar 2,Acoustic Guitar (steel) _ 1,Acoustic Guitar (steel) _ 1,143280,576
103.94112449999999,0.4235292000000044,64,90,Guitar 2,Acoustic Guitar (steel) _ 1,Acoustic Guitar (steel) _ 1,143280,576
104.470536,0.2823527999999982,49,83,Guitar 2,Acoustic Guitar (steel) _ 1,Acoustic Guitar (steel) _ 1,144000,384
104.470536,0.2823527999999982,56,89,Guitar 2,Acoustic Guitar (steel) _ 1,Acoustic Guitar (steel) _ 1,144000,384
104.470536,0.2823527999999982,61,77,Guitar 2,Acoustic Guitar (steel) _ 1,Acoustic Guitar (steel) _ 1,144000,384
104.470536,0.2823527999999982,64,84,Guitar 2,Acoustic Guitar (steel) _ 1,Acoustic Guitar (steel) _ 1,144000,384
104.470536,0.2823527999999982,68,98,Guitar 2,Acoustic Guitar (steel) _ 1,Acoustic Guitar (steel) _ 1,144000,384
104.823477,0.2823527999999982,49,90,Guitar 2,Acoustic Guitar (steel) _ 1,Acoustic Guitar (steel) _ 1,144480,384
104.823477,0.2823527999999982,56,95,Guitar 2,Acoustic Guitar (steel) _ 1,Acoustic Guitar (steel) _ 1,144480,384
104.823477,0.2823527999999982,61,84,Guitar 2,Acoustic Guitar (steel) _ 1,Acoustic Guitar (steel) _ 1,144480,384
104.823477,0.2823527999999982,64,97,Guitar 2,Acoustic Guitar (steel) _ 1,Acoustic Guitar (steel) _ 1,144480,384
104.823477,0.2823527999999982,68,90,Guitar 2,Acoustic Guitar (steel) _ 1,Acoustic Guitar (steel) _ 1,144480,384
105.17641799999998,0.1411764000000062,49,95,Guitar 2,Acoustic Guitar (steel) _ 1,Acoustic Guitar (steel) _ 1,144960,192
105.17641799999998,0.1411764000000062,56,90,Guitar 2,Acoustic Guitar (steel) _ 1,Acoustic Guitar (steel) _ 1,144960,192
105.17641799999998,0.1411764000000062,61,90,Guitar 2,Acoustic Guitar (steel) _ 1,Acoustic Guitar (steel) _ 1,144960,192
105.17641799999998,0.1411764000000062,64,98,Guitar 2,Acoustic Guitar (steel) _ 1,Acoustic Guitar (steel) _ 1,144960,192
105.17641799999998,0.1411764000000062,68,100,Guitar 2,Acoustic Guitar (steel) _ 1,Acoustic Guitar (steel) _ 1,144960,192
105.35288849999999,0.4235292000000044,49,90,Guitar 2,Acoustic Guitar (steel) _ 1,Acoustic Guitar (steel) _ 1,145200,576
105.35288849999999,0.4235292000000044,56,83,Guitar 2,Acoustic Guitar (steel) _ 1,Acoustic Guitar (steel) _ 1,145200,576
105.35288849999999,0.4235292000000044,61,90,Guitar 2,Acoustic Guitar (steel) _ 1,Acoustic Guitar (steel) _ 1,145200,576
105.35288849999999,0.4235292000000044,64,90,Guitar 2,Acoustic Guitar (steel) _ 1,Acoustic Guitar (steel) _ 1,145200,576
105.35288849999999,0.4235292000000044,68,88,Guitar 2,Acoustic Guitar (steel) _ 1,Acoustic Guitar (steel) _ 1,145200,576
105.88229999999999,0.2823527999999982,49,84,Guitar 2,Acoustic Guitar (steel) _ 1,Acoustic Guitar (steel) _ 1,145920,384
105.88229999999999,0.2823527999999982,56,103,Guitar 2,Acoustic Guitar (steel) _ 1,Acoustic Guitar (steel) _ 1,145920,384
105.88229999999999,0.2823527999999982,61,89,Guitar 2,Acoustic Guitar (steel) _ 1,Acoustic Guitar (steel) _ 1,145920,384
105.88229999999999,0.2823527999999982,64,84,Guitar 2,Acoustic Guitar (steel) _ 1,Acoustic Guitar (steel) _ 1,145920,384
105.88229999999999,0.2823527999999982,68,82,Guitar 2,Acoustic Guitar (steel) _ 1,Acoustic Guitar (steel) _ 1,145920,384
106.23524099999999,0.1411764000000062,49,90,Guitar 2,Acoustic Guitar (steel) _ 1,Acoustic Guitar (steel) _ 1,146400,192
106.23524099999999,0.1411764000000062,56,90,Guitar 2,Acoustic Guitar (steel) _ 1,Acoustic Guitar (steel) _ 1,146400,192
106.23524099999999,0.1411764000000062,61,87,Guitar 2,Acoustic Guitar (steel) _ 1,Acoustic Guitar (steel) _ 1,146400,192
106.23524099999999,0.1411764000000062,64,83,Guitar 2,Acoustic Guitar (steel) _ 1,Acoustic Guitar (steel) _ 1,146400,192
106.23524099999999,0.1411764000000062,68,90,Guitar 2,Acoustic Guitar (steel) _ 1,Acoustic Guitar (steel) _ 1,146400,192
106.4117115,0.14117639999999199,49,86,Guitar 2,Acoustic Guitar (steel) _ 1,Acoustic Guitar (steel) _ 1,146640,192
106.4117115,0.14117639999999199,56,81,Guitar 2,Acoustic Guitar (steel) _ 1,Acoustic Guitar (steel) _ 1,146640,192
106.4117115,0.14117639999999199,61,96,Guitar 2,Acoustic Guitar (steel) _ 1,Acoustic Guitar (steel) _ 1,146640,192
106.4117115,0.14117639999999199,64,84,Guitar 2,Acoustic Guitar (steel) _ 1,Acoustic Guitar (steel) _ 1,146640,192
106.4117115,0.14117639999999199,68,88,Guitar 2,Acoustic Guitar (steel) _ 1,Acoustic Guitar (steel) _ 1,146640,192
106.58818199999999,0.1411764000000062,49,86,Guitar 2,Acoustic Guitar (steel) _ 1,Acoustic Guitar (steel) _ 1,146880,192
106.58818199999999,0.1411764000000062,56,82,Guitar 2,Acoustic Guitar (steel) _ 1,Acoustic Guitar (steel) _ 1,146880,192
106.58818199999999,0.1411764000000062,61,93,Guitar 2,Acoustic Guitar (steel) _ 1,Acoustic Guitar (steel) _ 1,146880,192
106.58818199999999,0.1411764000000062,64,103,Guitar 2,Acoustic Guitar (steel) _ 1,Acoustic Guitar (steel) _ 1,146880,192
106.58818199999999,0.1411764000000062,68,90,Guitar 2,Acoustic Guitar (steel) _ 1,Acoustic Guitar (steel) _ 1,146880,192
106.7646525,0.42352919999999017,49,90,Guitar 2,Acoustic Guitar (steel) _ 1,Acoustic Guitar (steel) _ 1,147120,576
106.7646525,0.42352919999999017,56,80,Guitar 2,Acoustic Guitar (steel) _ 1,Acoustic Guitar (steel) _ 1,147120,576
106.7646525,0.42352919999999017,61,93,Guitar 2,Acoustic Guitar (steel) _ 1,Acoustic Guitar (steel) _ 1,147120,576
106.7646525,0.42352919999999017,64,88,Guitar 2,Acoustic Guitar (steel) _ 1,Acoustic Guitar (steel) _ 1,147120,576
106.7646525,0.42352919999999017,68,91,Guitar 2,Acoustic Guitar (steel) _ 1,Acoustic Guitar (steel) _ 1,147120,576
107.29406399999999,0.2823527999999982,42,87,Guitar 2,Acoustic Guitar (steel) _ 1,Acoustic Guitar (steel) _ 1,147840,384
107.29406399999999,0.2823527999999982,49,93,Guitar 2,Acoustic Guitar (steel) _ 1,Acoustic Guitar (steel) _ 1,147840,384
107.29406399999999,0.2823527999999982,54,96,Guitar 2,Acoustic Guitar (steel) _ 1,Acoustic Guitar (steel) _ 1,147840,384
107.29406399999999,0.2823527999999982,57,103,Guitar 2,Acoustic Guitar (steel) _ 1,Acoustic Guitar (steel) _ 1,147840,384
107.29406399999999,0.2823527999999982,61,91,Guitar 2,Acoustic Guitar (steel) _ 1,Acoustic Guitar (steel) _ 1,147840,384
107.29406399999999,0.2823527999999982,66,81,Guitar 2,Acoustic Guitar (steel) _ 1,Acoustic Guitar (steel) _ 1,147840,384
107.647005,0.14117639999999199,42,81,Guitar 2,Acoustic Guitar (steel) _ 1,Acoustic Guitar (steel) _ 1,148320,192
107.647005,0.14117639999999199,49,84,Guitar 2,Acoustic Guitar (steel) _ 1,Acoustic Guitar (steel) _ 1,148320,192
107.647005,0.14117639999999199,54,99,Guitar 2,Acoustic Guitar (steel) _ 1,Acoustic Guitar (steel) _ 1,148320,192
107.647005,0.14117639999999199,57,90,Guitar 2,Acoustic Guitar (steel) _ 1,Acoustic Guitar (steel) _ 1,148320,192
107.647005,0.14117639999999199,61,88,Guitar 2,Acoustic Guitar (steel) _ 1,Acoustic Guitar (steel) _ 1,148320,192
107.647005,0.14117639999999199,66,90,Guitar 2,Acoustic Guitar (steel) _ 1,Acoustic Guitar (steel) _ 1,148320,192
107.82347549999999,0.2823527999999982,42,85,Guitar 2,Acoustic Guitar (steel) _ 1,Acoustic Guitar (steel) _ 1,148560,384
107.82347549999999,0.2823527999999982,49,88,Guitar 2,Acoustic Guitar (steel) _ 1,Acoustic Guitar (steel) _ 1,148560,384
107.82347549999999,0.2823527999999982,54,81,Guitar 2,Acoustic Guitar (steel) _ 1,Acoustic Guitar (steel) _ 1,148560,384
107.82347549999999,0.2823527999999982,57,95,Guitar 2,Acoustic Guitar (steel) _ 1,Acoustic Guitar (steel) _ 1,148560,384
107.82347549999999,0.2823527999999982,61,86,Guitar 2,Acoustic Guitar (steel) _ 1,Acoustic Guitar (steel) _ 1,148560,384
107.82347549999999,0.2823527999999982,66,90,Guitar 2,Acoustic Guitar (steel) _ 1,Acoustic Guitar (steel) _ 1,148560,384
108.17641649999999,0.1411764000000062,42,92,Guitar 2,Acoustic Guitar (steel) _ 1,Acoustic Guitar (steel) _ 1,149040,192
108.17641649999999,0.1411764000000062,49,90,Guitar 2,Acoustic Guitar (steel) _ 1,Acoustic Guitar (steel) _ 1,149040,192
108.17641649999999,0.1411764000000062,54,82,Guitar 2,Acoustic Guitar (steel) _ 1,Acoustic Guitar (steel) _ 1,149040,192
108.17641649999999,0.1411764000000062,57,81,Guitar 2,Acoustic Guitar (steel) _ 1,Acoustic Guitar (steel) _ 1,149040,192
108.17641649999999,0.1411764000000062,61,96,Guitar 2,Acoustic Guitar (steel) _ 1,Acoustic Guitar (steel) _ 1,149040,192
108.17641649999999,0.1411764000000062,66,86,Guitar 2,Acoustic Guitar (steel) _ 1,Acoustic Guitar (steel) _ 1,149040,192
108.352887,0.2823527999999982,42,88,Guitar 2,Acoustic Guitar (steel) _ 1,Acoustic Guitar (steel) _ 1,149280,384
108.352887,0.2823527999999982,49,83,Guitar 2,Acoustic Guitar (steel) _ 1,Acoustic Guitar (steel) _ 1,149280,384
108.352887,0.2823527999999982,54,90,Guitar 2,Acoustic Guitar (steel) _ 1,Acoustic Guitar (steel) _ 1,149280,384
108.352887,0.2823527999999982,57,93,Guitar 2,Acoustic Guitar (steel) _ 1,Acoustic Guitar (steel) _ 1,149280,384
108.352887,0.2823527999999982,61,82,Guitar 2,Acoustic Guitar (steel) _ 1,Acoustic Guitar (steel) _ 1,149280,384
108.352887,0.2823527999999982,66,85,Guitar 2,Acoustic Guitar (steel) _ 1,Acoustic Guitar (steel) _ 1,149280,384
108.705828,0.2823527999999982,42,90,Guitar 2,Acoustic Guitar (steel) _ 1,Acoustic Guitar (steel) _ 1,149760,384
108.705828,0.2823527999999982,49,83,Guitar 2,Acoustic Guitar (steel) _ 1,Acoustic Guitar (steel) _ 1,149760,384
108.705828,0.2823527999999982,54,91,Guitar 2,Acoustic Guitar (steel) _ 1,Acoustic Guitar (steel) _ 1,149760,384
108.705828,0.2823527999999982,57,89,Guitar 2,Acoustic Guitar (steel) _ 1,Acoustic Guitar (steel) _ 1,149760,384
108.705828,0.2823527999999982,61,91,Guitar 2,Acoustic Guitar (steel) _ 1,Acoustic Guitar (steel) _ 1,149760,384
108.705828,0.2823527999999982,66,92,Guitar 2,Acoustic Guitar (steel) _ 1,Acoustic Guitar (steel) _ 1,149760,384
109.05876899999998,0.1411764000000062,42,89,Guitar 2,Acoustic Guitar (steel) _ 1,Acoustic Guitar (steel) _ 1,150240,192
109.05876899999998,0.1411764000000062,49,86,Guitar 2,Acoustic Guitar (steel) _ 1,Acoustic Guitar (steel) _ 1,150240,192
109.05876899999998,0.1411764000000062,54,90,Guitar 2,Acoustic Guitar (steel) _ 1,Acoustic Guitar (steel) _ 1,150240,192
109.05876899999998,0.1411764000000062,57,94,Guitar 2,Acoustic Guitar (steel) _ 1,Acoustic Guitar (steel) _ 1,150240,192
109.05876899999998,0.1411764000000062,61,95,Guitar 2,Acoustic Guitar (steel) _ 1,Acoustic Guitar (steel) _ 1,150240,192
109.05876899999998,0.1411764000000062,66,76,Guitar 2,Acoustic Guitar (steel) _ 1,Acoustic Guitar (steel) _ 1,150240,192
109.23523949999999,0.2823527999999982,42,88,Guitar 2,Acoustic Guitar (steel) _ 1,Acoustic Guitar (steel) _ 1,150480,384
109.23523949999999,0.2823527999999982,49,104,Guitar 2,Acoustic Guitar (steel) _ 1,Acoustic Guitar (steel) _ 1,150480,384
109.23523949999999,0.2823527999999982,54,76,Guitar 2,Acoustic Guitar (steel) _ 1,Acoustic Guitar (steel) _ 1,150480,384
109.23523949999999,0.2823527999999982,57,99,Guitar 2,Acoustic Guitar (steel) _ 1,Acoustic Guitar (steel) _ 1,150480,384
109.23523949999999,0.2823527999999982,61,93,Guitar 2,Acoustic Guitar (steel) _ 1,Acoustic Guitar (steel) _ 1,150480,384
109.23523949999999,0.2823527999999982,66,86,Guitar 2,Acoustic Guitar (steel) _ 1,Acoustic Guitar (steel) _ 1,150480,384
109.58818049999999,0.14117639999999199,42,100,Guitar 2,Acoustic Guitar (steel) _ 1,Acoustic Guitar (steel) _ 1,150960,192
109.58818049999999,0.14117639999999199,49,103,Guitar 2,Acoustic Guitar (steel) _ 1,Acoustic Guitar (steel) _ 1,150960,192
109.58818049999999,0.14117639999999199,54,90,Guitar 2,Acoustic Guitar (steel) _ 1,Acoustic Guitar (steel) _ 1,150960,192
109.58818049999999,0.14117639999999199,57,90,Guitar 2,Acoustic Guitar (steel) _ 1,Acoustic Guitar (steel) _ 1,150960,192
109.58818049999999,0.14117639999999199,61,90,Guitar 2,Acoustic Guitar (steel) _ 1,Acoustic Guitar (steel) _ 1,150960,192
109.58818049999999,0.14117639999999199,66,89,Guitar 2,Acoustic Guitar (steel) _ 1,Acoustic Guitar (steel) _ 1,150960,192
109.76465099999999,0.2823527999999982,42,88,Guitar 2,Acoustic Guitar (steel) _ 1,Acoustic Guitar (steel) _ 1,151200,384
109.76465099999999,0.2823527999999982,49,95,Guitar 2,Acoustic Guitar (steel) _ 1,Acoustic Guitar (steel) _ 1,151200,384
109.76465099999999,0.2823527999999982,54,90,Guitar 2,Acoustic Guitar (steel) _ 1,Acoustic Guitar (steel) _ 1,151200,384
109.76465099999999,0.2823527999999982,57,84,Guitar 2,Acoustic Guitar (steel) _ 1,Acoustic Guitar (steel) _ 1,151200,384
109.76465099999999,0.2823527999999982,61,94,Guitar 2,Acoustic Guitar (steel) _ 1,Acoustic Guitar (steel) _ 1,151200,384
109.76465099999999,0.2823527999999982,66,99,Guitar 2,Acoustic Guitar (steel) _ 1,Acoustic Guitar (steel) _ 1,151200,384
110.11759199999999,0.2823527999999982,50,92,Guitar 2,Acoustic Guitar (steel) _ 1,Acoustic Guitar (steel) _ 1,151680,384
110.11759199999999,0.2823527999999982,57,90,Guitar 2,Acoustic Guitar (steel) _ 1,Acoustic Guitar (steel) _ 1,151680,384
110.11759199999999,0.2823527999999982,62,80,Guitar 2,Acoustic Guitar (steel) _ 1,Acoustic Guitar (steel) _ 1,151680,384
110.11759199999999,0.2823527999999982,66,90,Guitar 2,Acoustic Guitar (steel) _ 1,Acoustic Guitar (steel) _ 1,151680,384
110.47053299999999,0.2823527999999982,50,90,Guitar 2,Acoustic Guitar (steel) _ 1,Acoustic Guitar (steel) _ 1,152160,384
110.47053299999999,0.2823527999999982,57,89,Guitar 2,Acoustic Guitar (steel) _ 1,Acoustic Guitar (steel) _ 1,152160,384
110.47053299999999,0.2823527999999982,62,76,Guitar 2,Acoustic Guitar (steel) _ 1,Acoustic Guitar (steel) _ 1,152160,384
110.47053299999999,0.2823527999999982,66,81,Guitar 2,Acoustic Guitar (steel) _ 1,Acoustic Guitar (steel) _ 1,152160,384
110.82347399999999,0.2823527999999982,43,90,Guitar 2,Acoustic Guitar (steel) _ 1,Acoustic Guitar (steel) _ 1,152640,384
110.82347399999999,0.2823527999999982,47,92,Guitar 2,Acoustic Guitar (steel) _ 1,Acoustic Guitar (steel) _ 1,152640,384
110.82347399999999,0.2823527999999982,50,81,Guitar 2,Acoustic Guitar (steel) _ 1,Acoustic Guitar (steel) _ 1,152640,384
110.82347399999999,0.2823527999999982,55,88,Guitar 2,Acoustic Guitar (steel) _ 1,Acoustic Guitar (steel) _ 1,152640,384
110.82347399999999,0.2823527999999982,59,77,Guitar 2,Acoustic Guitar (steel) _ 1,Acoustic Guitar (steel) _ 1,152640,384
110.82347399999999,0.2823527999999982,67,84,Guitar 2,Acoustic Guitar (steel) _ 1,Acoustic Guitar (steel) _ 1,152640,384
111.17641499999999,0.2823527999999982,43,90,Guitar 2,Acoustic Guitar (steel) _ 1,Acoustic Guitar (steel) _ 1,153120,384
111.17641499999999,0.2823527999999982,55,93,Guitar 2,Acoustic Guitar (steel) _ 1,Acoustic Guitar (steel) _ 1,153120,384
111.17641499999999,0.2823527999999982,67,90,Guitar 2,Acoustic Guitar (steel) _ 1,Acoustic Guitar (steel) _ 1,153120,384
111.17641499999999,0.2823527999999982,47,95,Guitar 2,Acoustic Guitar (steel) _ 1,Acoustic Guitar (steel) _ 1,153120,384
111.17641499999999,0.2823527999999982,59,92,Guitar 2,Acoustic Guitar (steel) _ 1,Acoustic Guitar (steel) _ 1,153120,384
111.17641499999999,0.2823527999999982,50,90,Guitar 2,Acoustic Guitar (steel) _ 1,Acoustic Guitar (steel) _ 1,153120,384
111.52935599999999,0.14117639999999199,45,90,Guitar 2,Acoustic Guitar (steel) _ 1,Acoustic Guitar (steel) _ 1,153600,192
111.52935599999999,0.14117639999999199,52,98,Guitar 2,Acoustic Guitar (steel) _ 1,Acoustic Guitar (steel) _ 1,153600,192
111.52935599999999,0.14117639999999199,57,83,Guitar 2,Acoustic Guitar (steel) _ 1,Acoustic Guitar (steel) _ 1,153600,192
111.52935599999999,0.14117639999999199,61,91,Guitar 2,Acoustic Guitar (steel) _ 1,Acoustic Guitar (steel) _ 1,153600,192
111.52935599999999,0.14117639999999199,64,103,Guitar 2,Acoustic Guitar (steel) _ 1,Acoustic Guitar (steel) _ 1,153600,192
111.70582649999999,0.1411764000000062,45,99,Guitar 2,Acoustic Guitar (steel) _ 1,Acoustic Guitar (steel) _ 1,153840,192
111.70582649999999,0.1411764000000062,52,91,Guitar 2,Acoustic Guitar (steel) _ 1,Acoustic Guitar (steel) _ 1,153840,192
111.70582649999999,0.1411764000000062,57,90,Guitar 2,Acoustic Guitar (steel) _ 1,Acoustic Guitar (steel) _ 1,153840,192
111.70582649999999,0.1411764000000062,61,76,Guitar 2,Acoustic Guitar (steel) _ 1,Acoustic Guitar (steel) _ 1,153840,192
111.70582649999999,0.1411764000000062,64,78,Guitar 2,Acoustic Guitar (steel) _ 1,Acoustic Guitar (steel) _ 1,153840,192
111.882297,0.2823527999999982,45,89,Guitar 2,Acoustic Guitar (steel) _ 1,Acoustic Guitar (steel) _ 1,154080,384
111.882297,0.2823527999999982,52,92,Guitar 2,Acoustic Guitar (steel) _ 1,Acoustic Guitar (steel) _ 1,154080,384
111.882297,0.2823527999999982,57,94,Guitar 2,Acoustic Guitar (steel) _ 1,Acoustic Guitar (steel) _ 1,154080,384
111.882297,0.2823527999999982,61,90,Guitar 2,Acoustic Guitar (steel) _ 1,Acoustic Guitar (steel) _ 1,154080,384
111.882297,0.2823527999999982,64,83,Guitar 2,Acoustic Guitar (steel) _ 1,Acoustic Guitar (steel) _ 1,154080,384
112.235238,0.2823527999999982,45,78,Guitar 2,Acoustic Guitar (steel) _ 1,Acoustic Guitar (steel) _ 1,154560,384
112.235238,0.2823527999999982,52,90,Guitar 2,Acoustic Guitar (steel) _ 1,Acoustic Guitar (steel) _ 1,154560,384
112.235238,0.2823527999999982,57,102,Guitar 2,Acoustic Guitar (steel) _ 1,Acoustic Guitar (steel) _ 1,154560,384
112.235238,0.2823527999999982,61,96,Guitar 2,Acoustic Guitar (steel) _ 1,Acoustic Guitar (steel) _ 1,154560,384
112.235238,0.2823527999999982,64,97,Guitar 2,Acoustic Guitar (steel) _ 1,Acoustic Guitar (steel) _ 1,154560,384
112.588179,0.2823527999999982,45,91,Guitar 2,Acoustic Guitar (steel) _ 1,Acoustic Guitar (steel) _ 1,155040,384
112.588179,0.2823527999999982,52,90,Guitar 2,Acoustic Guitar (steel) _ 1,Acoustic Guitar (steel) _ 1,155040,384
112.588179,0.2823527999999982,57,83,Guitar 2,Acoustic Guitar (steel) _ 1,Acoustic Guitar (steel) _ 1,155040,384
112.588179,0.2823527999999982,61,91,Guitar 2,Acoustic Guitar (steel) _ 1,Acoustic Guitar (steel) _ 1,155040,384
112.588179,0.2823527999999982,64,83,Guitar 2,Acoustic Guitar (steel) _ 1,Acoustic Guitar (steel) _ 1,155040,384
112.94111999999998,0.2823528000000124,45,77,Guitar 2,Acoustic Guitar (steel) _ 1,Acoustic Guitar (steel) _ 1,155520,384
112.94111999999998,0.2823528000000124,52,86,Guitar 2,Acoustic Guitar (steel) _ 1,Acoustic Guitar (steel) _ 1,155520,384
112.94111999999998,0.2823528000000124,57,78,Guitar 2,Acoustic Guitar (steel) _ 1,Acoustic Guitar (steel) _ 1,155520,384
112.94111999999998,0.2823528000000124,61,78,Guitar 2,Acoustic Guitar (steel) _ 1,Acoustic Guitar (steel) _ 1,155520,384
112.94111999999998,0.2823528000000124,64,90,Guitar 2,Acoustic Guitar (steel) _ 1,Acoustic Guitar (steel) _ 1,155520,384
113.29406099999999,0.4235292000000044,45,95,Guitar 2,Acoustic Guitar (steel) _ 1,Acoustic Guitar (steel) _ 1,156000,576
113.29406099999999,0.4235292000000044,52,88,Guitar 2,Acoustic Guitar (steel) _ 1,Acoustic Guitar (steel) _ 1,156000,576
113.29406099999999,0.4235292000000044,57,101,Guitar 2,Acoustic Guitar (steel) _ 1,Acoustic Guitar (steel) _ 1,156000,576
113.29406099999999,0.4235292000000044,61,90,Guitar 2,Acoustic Guitar (steel) _ 1,Acoustic Guitar (steel) _ 1,156000,576
113.29406099999999,0.4235292000000044,64,93,Guitar 2,Acoustic Guitar (steel) _ 1,Acoustic Guitar (steel) _ 1,156000,576
113.8234725,0.14117639999999199,45,90,Guitar 2,Acoustic Guitar (steel) _ 1,Acoustic Guitar (steel) _ 1,156720,192
113.8234725,0.14117639999999199,52,87,Guitar 2,Acoustic Guitar (steel) _ 1,Acoustic Guitar (steel) _ 1,156720,192
113.8234725,0.14117639999999199,57,89,Guitar 2,Acoustic Guitar (steel) _ 1,Acoustic Guitar (steel) _ 1,156720,192
113.8234725,0.14117639999999199,61,94,Guitar 2,Acoustic Guitar (steel) _ 1,Acoustic Guitar (steel) _ 1,156720,192
113.8234725,0.14117639999999199,64,92,Guitar 2,Acoustic Guitar (steel) _ 1,Acoustic Guitar (steel) _ 1,156720,192
113.99994299999999,0.2823527999999982,45,94,Guitar 2,Acoustic Guitar (steel) _ 1,Acoustic Guitar (steel) _ 1,156960,384
113.99994299999999,0.2823527999999982,52,96,Guitar 2,Acoustic Guitar (steel) _ 1,Acoustic Guitar (steel) _ 1,156960,384
113.99994299999999,0.2823527999999982,57,97,Guitar 2,Acoustic Guitar (steel) _ 1,Acoustic Guitar (steel) _ 1,156960,384
113.99994299999999,0.2823527999999982,61,90,Guitar 2,Acoustic Guitar (steel) _ 1,Acoustic Guitar (steel) _ 1,156960,384
113.99994299999999,0.2823527999999982,64,84,Guitar 2,Acoustic Guitar (steel) _ 1,Acoustic Guitar (steel) _ 1,156960,384
114.35288399999999,0.2823527999999982,45,85,Guitar 2,Acoustic Guitar (steel) _ 1,Acoustic Guitar (steel) _ 1,157440,384
114.35288399999999,0.2823527999999982,52,93,Guitar 2,Acoustic Guitar (steel) _ 1,Acoustic Guitar (steel) _ 1,157440,384
114.35288399999999,0.2823527999999982,57,81,Guitar 2,Acoustic Guitar (steel) _ 1,Acoustic Guitar (steel) _ 1,157440,384
114.35288399999999,0.2823527999999982,61,105,Guitar 2,Acoustic Guitar (steel) _ 1,Acoustic Guitar (steel) _ 1,157440,384
114.35288399999999,0.2823527999999982,64,81,Guitar 2,Acoustic Guitar (steel) _ 1,Acoustic Guitar (steel) _ 1,157440,384
114.70582499999999,0.1411764000000062,45,104,Guitar 2,Acoustic Guitar (steel) _ 1,Acoustic Guitar (steel) _ 1,157920,192
114.70582499999999,0.1411764000000062,52,90,Guitar 2,Acoustic Guitar (steel) _ 1,Acoustic Guitar (steel) _ 1,157920,192
114.70582499999999,0.1411764000000062,57,79,Guitar 2,Acoustic Guitar (steel) _ 1,Acoustic Guitar (steel) _ 1,157920,192
114.70582499999999,0.1411764000000062,61,84,Guitar 2,Acoustic Guitar (steel) _ 1,Acoustic Guitar (steel) _ 1,157920,192
114.70582499999999,0.1411764000000062,64,92,Guitar 2,Acoustic Guitar (steel) _ 1,Acoustic Guitar (steel) _ 1,157920,192
114.88229549999998,0.2823528000000124,45,90,Guitar 2,Acoustic Guitar (steel) _ 1,Acoustic Guitar (steel) _ 1,158160,384
114.88229549999998,0.2823528000000124,52,100,Guitar 2,Acoustic Guitar (steel) _ 1,Acoustic Guitar (steel) _ 1,158160,384
114.88229549999998,0.2823528000000124,57,90,Guitar 2,Acoustic Guitar (steel) _ 1,Acoustic Guitar (steel) _ 1,158160,384
114.88229549999998,0.2823528000000124,61,90,Guitar 2,Acoustic Guitar (steel) _ 1,Acoustic Guitar (steel) _ 1,158160,384
114.88229549999998,0.2823528000000124,64,82,Guitar 2,Acoustic Guitar (steel) _ 1,Acoustic Guitar (steel) _ 1,158160,384
115.23523649999998,0.1411764000000062,45,94,Guitar 2,Acoustic Guitar (steel) _ 1,Acoustic Guitar (steel) _ 1,158640,192
115.23523649999998,0.1411764000000062,52,90,Guitar 2,Acoustic Guitar (steel) _ 1,Acoustic Guitar (steel) _ 1,158640,192
115.23523649999998,0.1411764000000062,57,91,Guitar 2,Acoustic Guitar (steel) _ 1,Acoustic Guitar (steel) _ 1,158640,192
115.23523649999998,0.1411764000000062,61,85,Guitar 2,Acoustic Guitar (steel) _ 1,Acoustic Guitar (steel) _ 1,158640,192
115.23523649999998,0.1411764000000062,64,90,Guitar 2,Acoustic Guitar (steel) _ 1,Acoustic Guitar (steel) _ 1,158640,192
115.41170699999999,0.14117639999999199,45,96,Guitar 2,Acoustic Guitar (steel) _ 1,Acoustic Guitar (steel) _ 1,158880,192
115.41170699999999,0.14117639999999199,52,102,Guitar 2,Acoustic Guitar (steel) _ 1,Acoustic Guitar (steel) _ 1,158880,192
115.41170699999999,0.14117639999999199,57,80,Guitar 2,Acoustic Guitar (steel) _ 1,Acoustic Guitar (steel) _ 1,158880,192
115.41170699999999,0.14117639999999199,61,89,Guitar 2,Acoustic Guitar (steel) _ 1,Acoustic Guitar (steel) _ 1,158880,192
115.41170699999999,0.14117639999999199,64,92,Guitar 2,Acoustic Guitar (steel) _ 1,Acoustic Guitar (steel) _ 1,158880,192
115.58817749999999,0.1411764000000062,45,88,Guitar 2,Acoustic Guitar (steel) _ 1,Acoustic Guitar (steel) _ 1,159120,192
115.58817749999999,0.1411764000000062,52,84,Guitar 2,Acoustic Guitar (steel) _ 1,Acoustic Guitar (steel) _ 1,159120,192
115.58817749999999,0.1411764000000062,57,85,Guitar 2,Acoustic Guitar (steel) _ 1,Acoustic Guitar (steel) _ 1,159120,192
115.58817749999999,0.1411764000000062,61,104,Guitar 2,Acoustic Guitar (steel) _ 1,Acoustic Guitar (steel) _ 1,159120,192
115.58817749999999,0.1411764000000062,64,100,Guitar 2,Acoustic Guitar (steel) _ 1,Acoustic Guitar (steel) _ 1,159120,192
115.764648,0.2823527999999982,49,91,Guitar 2,Acoustic Guitar (steel) _ 1,Acoustic Guitar (steel) _ 1,159360,384
115.764648,0.2823527999999982,56,102,Guitar 2,Acoustic Guitar (steel) _ 1,Acoustic Guitar (steel) _ 1,159360,384
115.764648,0.2823527999999982,61,91,Guitar 2,Acoustic Guitar (steel) _ 1,Acoustic Guitar (steel) _ 1,159360,384
115.764648,0.2823527999999982,64,88,Guitar 2,Acoustic Guitar (steel) _ 1,Acoustic Guitar (steel) _ 1,159360,384
115.764648,0.2823527999999982,68,97,Guitar 2,Acoustic Guitar (steel) _ 1,Acoustic Guitar (steel) _ 1,159360,384
116.117589,0.42352919999999017,49,84,Guitar 2,Acoustic Guitar (steel) _ 1,Acoustic Guitar (steel) _ 1,159840,576
116.117589,0.42352919999999017,56,88,Guitar 2,Acoustic Guitar (steel) _ 1,Acoustic Guitar (steel) _ 1,159840,576
116.117589,0.42352919999999017,61,94,Guitar 2,Acoustic Guitar (steel) _ 1,Acoustic Guitar (steel) _ 1,159840,576
116.117589,0.42352919999999017,64,90,Guitar 2,Acoustic Guitar (steel) _ 1,Acoustic Guitar (steel) _ 1,159840,576
116.117589,0.42352919999999017,68,91,Guitar 2,Acoustic Guitar (steel) _ 1,Acoustic Guitar (steel) _ 1,159840,576
116.64700049999999,0.1411764000000062,49,94,Guitar 2,Acoustic Guitar (steel) _ 1,Acoustic Guitar (steel) _ 1,160560,192
116.64700049999999,0.1411764000000062,56,90,Guitar 2,Acoustic Guitar (steel) _ 1,Acoustic Guitar (steel) _ 1,160560,192
116.64700049999999,0.1411764000000062,61,90,Guitar 2,Acoustic Guitar (steel) _ 1,Acoustic Guitar (steel) _ 1,160560,192
116.64700049999999,0.1411764000000062,64,90,Guitar 2,Acoustic Guitar (steel) _ 1,Acoustic Guitar (steel) _ 1,160560,192
116.64700049999999,0.1411764000000062,68,92,Guitar 2,Acoustic Guitar (steel) _ 1,Acoustic Guitar (steel) _ 1,160560,192
116.82347099999998,0.2823528000000124,49,78,Guitar 2,Acoustic Guitar (steel) _ 1,Acoustic Guitar (steel) _ 1,160800,384
116.82347099999998,0.2823528000000124,56,102,Guitar 2,Acoustic Guitar (steel) _ 1,Acoustic Guitar (steel) _ 1,160800,384
116.82347099999998,0.2823528000000124,61,83,Guitar 2,Acoustic Guitar (steel) _ 1,Acoustic Guitar (steel) _ 1,160800,384
116.82347099999998,0.2823528000000124,64,89,Guitar 2,Acoustic Guitar (steel) _ 1,Acoustic Guitar (steel) _ 1,160800,384
116.82347099999998,0.2823528000000124,68,95,Guitar 2,Acoustic Guitar (steel) _ 1,Acoustic Guitar (steel) _ 1,160800,384
117.17641199999998,0.2823527999999982,49,95,Guitar 2,Acoustic Guitar (steel) _ 1,Acoustic Guitar (steel) _ 1,161280,384
117.17641199999998,0.2823527999999982,56,87,Guitar 2,Acoustic Guitar (steel) _ 1,Acoustic Guitar (steel) _ 1,161280,384
117.17641199999998,0.2823527999999982,61,93,Guitar 2,Acoustic Guitar (steel) _ 1,Acoustic Guitar (steel) _ 1,161280,384
117.17641199999998,0.2823527999999982,64,92,Guitar 2,Acoustic Guitar (steel) _ 1,Acoustic Guitar (steel) _ 1,161280,384
117.17641199999998,0.2823527999999982,68,89,Guitar 2,Acoustic Guitar (steel) _ 1,Acoustic Guitar (steel) _ 1,161280,384
117.52935299999999,0.1411764000000062,49,91,Guitar 2,Acoustic Guitar (steel) _ 1,Acoustic Guitar (steel) _ 1,161760,192
117.52935299999999,0.1411764000000062,56,91,Guitar 2,Acoustic Guitar (steel) _ 1,Acoustic Guitar (steel) _ 1,161760,192
117.52935299999999,0.1411764000000062,61,80,Guitar 2,Acoustic Guitar (steel) _ 1,Acoustic Guitar (steel) _ 1,161760,192
117.52935299999999,0.1411764000000062,64,96,Guitar 2,Acoustic Guitar (steel) _ 1,Acoustic Guitar (steel) _ 1,161760,192
117.52935299999999,0.1411764000000062,68,89,Guitar 2,Acoustic Guitar (steel) _ 1,Acoustic Guitar (steel) _ 1,161760,192
117.7058235,0.2823527999999982,49,92,Guitar 2,Acoustic Guitar (steel) _ 1,Acoustic Guitar (steel) _ 1,162000,384
117.7058235,0.2823527999999982,56,90,Guitar 2,Acoustic Guitar (steel) _ 1,Acoustic Guitar (steel) _ 1,162000,384
117.7058235,0.2823527999999982,61,90,Guitar 2,Acoustic Guitar (steel) _ 1,Acoustic Guitar (steel) _ 1,162000,384
117.7058235,0.2823527999999982,64,90,Guitar 2,Acoustic Guitar (steel) _ 1,Acoustic Guitar (steel) _ 1,162000,384
117.7058235,0.2823527999999982,68,78,Guitar 2,Acoustic Guitar (steel) _ 1,Acoustic Guitar (steel) _ 1,162000,384
118.0587645,0.14117639999999199,49,95,Guitar 2,Acoustic Guitar (steel) _ 1,Acoustic Guitar (steel) _ 1,162480,192
118.0587645,0.14117639999999199,56,80,Guitar 2,Acoustic Guitar (steel) _ 1,Acoustic Guitar (steel) _ 1,162480,192
118.0587645,0.14117639999999199,61,77,Guitar 2,Acoustic Guitar (steel) _ 1,Acoustic Guitar (steel) _ 1,162480,192
118.0587645,0.14117639999999199,64,90,Guitar 2,Acoustic Guitar (steel) _ 1,Acoustic Guitar (steel) _ 1,162480,192
118.0587645,0.14117639999999199,68,93,Guitar 2,Acoustic Guitar (steel) _ 1,Acoustic Guitar (steel) _ 1,162480,192
118.23523499999999,0.1411764000000062,49,81,Guitar 2,Acoustic Guitar (steel) _ 1,Acoustic Guitar (steel) _ 1,162720,192
118.23523499999999,0.1411764000000062,56,90,Guitar 2,Acoustic Guitar (steel) _ 1,Acoustic Guitar (steel) _ 1,162720,192
118.23523499999999,0.1411764000000062,61,99,Guitar 2,Acoustic Guitar (steel) _ 1,Acoustic Guitar (steel) _ 1,162720,192
118.23523499999999,0.1411764000000062,64,99,Guitar 2,Acoustic Guitar (steel) _ 1,Acoustic Guitar (steel) _ 1,162720,192
118.23523499999999,0.1411764000000062,68,90,Guitar 2,Acoustic Guitar (steel) _ 1,Acoustic Guitar (steel) _ 1,162720,192
118.4117055,0.14117639999999199,49,91,Guitar 2,Acoustic Guitar (steel) _ 1,Acoustic Guitar (steel) _ 1,162960,192
118.4117055,0.14117639999999199,56,87,Guitar 2,Acoustic Guitar (steel) _ 1,Acoustic Guitar (steel) _ 1,162960,192
118.4117055,0.14117639999999199,61,95,Guitar 2,Acoustic Guitar (steel) _ 1,Acoustic Guitar (steel) _ 1,162960,192
118.4117055,0.14117639999999199,64,93,Guitar 2,Acoustic Guitar (steel) _ 1,Acoustic Guitar (steel) _ 1,162960,192
118.4117055,0.14117639999999199,68,86,Guitar 2,Acoustic Guitar (steel) _ 1,Acoustic Guitar (steel) _ 1,162960,192
118.58817599999999,0.2823527999999982,42,88,Guitar 2,Acoustic Guitar (steel) _ 1,Acoustic Guitar (steel) _ 1,163200,384
118.58817599999999,0.2823527999999982,49,87,Guitar 2,Acoustic Guitar (steel) _ 1,Acoustic Guitar (steel) _ 1,163200,384
118.58817599999999,0.2823527999999982,54,90,Guitar 2,Acoustic Guitar (steel) _ 1,Acoustic Guitar (steel) _ 1,163200,384
118.58817599999999,0.2823527999999982,57,91,Guitar 2,Acoustic Guitar (steel) _ 1,Acoustic Guitar (steel) _ 1,163200,384
118.58817599999999,0.2823527999999982,61,89,Guitar 2,Acoustic Guitar (steel) _ 1,Acoustic Guitar (steel) _ 1,163200,384
118.58817599999999,0.2823527999999982,66,89,Guitar 2,Acoustic Guitar (steel) _ 1,Acoustic Guitar (steel) _ 1,163200,384
118.94111699999999,0.4235292000000044,42,104,Guitar 2,Acoustic Guitar (steel) _ 1,Acoustic Guitar (steel) _ 1,163680,576
118.94111699999999,0.4235292000000044,49,100,Guitar 2,Acoustic Guitar (steel) _ 1,Acoustic Guitar (steel) _ 1,163680,576
118.94111699999999,0.4235292000000044,54,99,Guitar 2,Acoustic Guitar (steel) _ 1,Acoustic Guitar (steel) _ 1,163680,576
118.94111699999999,0.4235292000000044,57,102,Guitar 2,Acoustic Guitar (steel) _ 1,Acoustic Guitar (steel) _ 1,163680,576
118.94111699999999,0.4235292000000044,61,90,Guitar 2,Acoustic Guitar (steel) _ 1,Acoustic Guitar (steel) _ 1,163680,576
118.94111699999999,0.4235292000000044,66,77,Guitar 2,Acoustic Guitar (steel) _ 1,Acoustic Guitar (steel) _ 1,163680,576
119.47052849999999,0.1411764000000062,42,95,Guitar 2,Acoustic Guitar (steel) _ 1,Acoustic Guitar (steel) _ 1,164400,192
119.47052849999999,0.1411764000000062,49,82,Guitar 2,Acoustic Guitar (steel) _ 1,Acoustic Guitar (steel) _ 1,164400,192
119.47052849999999,0.1411764000000062,54,86,Guitar 2,Acoustic Guitar (steel) _ 1,Acoustic Guitar (steel) _ 1,164400,192
119.47052849999999,0.1411764000000062,57,85,Guitar 2,Acoustic Guitar (steel) _ 1,Acoustic Guitar (steel) _ 1,164400,192
119.47052849999999,0.1411764000000062,61,90,Guitar 2,Acoustic Guitar (steel) _ 1,Acoustic Guitar (steel) _ 1,164400,192
119.47052849999999,0.1411764000000062,66,90,Guitar 2,Acoustic Guitar (steel) _ 1,Acoustic Guitar (steel) _ 1,164400,192
119.646999,0.2823527999999982,42,95,Guitar 2,Acoustic Guitar (steel) _ 1,Acoustic Guitar (steel) _ 1,164640,384
119.646999,0.2823527999999982,49,80,Guitar 2,Acoustic Guitar (steel) _ 1,Acoustic Guitar (steel) _ 1,164640,384
119.646999,0.2823527999999982,54,85,Guitar 2,Acoustic Guitar (steel) _ 1,Acoustic Guitar (steel) _ 1,164640,384
119.646999,0.2823527999999982,57,87,Guitar 2,Acoustic Guitar (steel) _ 1,Acoustic Guitar (steel) _ 1,164640,384
119.646999,0.2823527999999982,61,81,Guitar 2,Acoustic Guitar (steel) _ 1,Acoustic Guitar (steel) _ 1,164640,384
119.646999,0.2823527999999982,66,102,Guitar 2,Acoustic Guitar (steel) _ 1,Acoustic Guitar (steel) _ 1,164640,384
119.99994,0.2823527999999982,42,89,Guitar 2,Acoustic Guitar (steel) _ 1,Acoustic Guitar (steel) _ 1,165120,384
119.99994,0.2823527999999982,49,105,Guitar 2,Acoustic Guitar (steel) _ 1,Acoustic Guitar (steel) _ 1,165120,384
119.99994,0.2823527999999982,54,89,Guitar 2,Acoustic Guitar (steel) _ 1,Acoustic Guitar (steel) _ 1,165120,384
119.99994,0.2823527999999982,57,90,Guitar 2,Acoustic Guitar (steel) _ 1,Acoustic Guitar (steel) _ 1,165120,384
119.99994,0.2823527999999982,61,83,Guitar 2,Acoustic Guitar (steel) _ 1,Acoustic Guitar (steel) _ 1,165120,384
119.99994,0.2823527999999982,66,94,Guitar 2,Acoustic Guitar (steel) _ 1,Acoustic Guitar (steel) _ 1,165120,384
120.35288099999998,0.1411764000000062,42,90,Guitar 2,Acoustic Guitar (steel) _ 1,Acoustic Guitar (steel) _ 1,165600,192
120.35288099999998,0.1411764000000062,49,77,Guitar 2,Acoustic Guitar (steel) _ 1,Acoustic Guitar (steel) _ 1,165600,192
120.35288099999998,0.1411764000000062,54,78,Guitar 2,Acoustic Guitar (steel) _ 1,Acoustic Guitar (steel) _ 1,165600,192
120.35288099999998,0.1411764000000062,57,102,Guitar 2,Acoustic Guitar (steel) _ 1,Acoustic Guitar (steel) _ 1,165600,192
120.35288099999998,0.1411764000000062,61,92,Guitar 2,Acoustic Guitar (steel) _ 1,Acoustic Guitar (steel) _ 1,165600,192
120.35288099999998,0.1411764000000062,66,90,Guitar 2,Acoustic Guitar (steel) _ 1,Acoustic Guitar (steel) _ 1,165600,192
120.52935149999999,0.2823527999999982,42,86,Guitar 2,Acoustic Guitar (steel) _ 1,Acoustic Guitar (steel) _ 1,165840,384
120.52935149999999,0.2823527999999982,49,81,Guitar 2,Acoustic Guitar (steel) _ 1,Acoustic Guitar (steel) _ 1,165840,384
120.52935149999999,0.2823527999999982,54,84,Guitar 2,Acoustic Guitar (steel) _ 1,Acoustic Guitar (steel) _ 1,165840,384
120.52935149999999,0.2823527999999982,57,91,Guitar 2,Acoustic Guitar (steel) _ 1,Acoustic Guitar (steel) _ 1,165840,384
120.52935149999999,0.2823527999999982,61,93,Guitar 2,Acoustic Guitar (steel) _ 1,Acoustic Guitar (steel) _ 1,165840,384
120.52935149999999,0.2823527999999982,66,99,Guitar 2,Acoustic Guitar (steel) _ 1,Acoustic Guitar (steel) _ 1,165840,384
120.88229249999999,0.14117639999999199,42,81,Guitar 2,Acoustic Guitar (steel) _ 1,Acoustic Guitar (steel) _ 1,166320,192
120.88229249999999,0.14117639999999199,49,82,Guitar 2,Acoustic Guitar (steel) _ 1,Acoustic Guitar (steel) _ 1,166320,192
120.88229249999999,0.14117639999999199,54,83,Guitar 2,Acoustic Guitar (steel) _ 1,Acoustic Guitar (steel) _ 1,166320,192
120.88229249999999,0.14117639999999199,57,85,Guitar 2,Acoustic Guitar (steel) _ 1,Acoustic Guitar (steel) _ 1,166320,192
120.88229249999999,0.14117639999999199,61,91,Guitar 2,Acoustic Guitar (steel) _ 1,Acoustic Guitar (steel) _ 1,166320,192
120.88229249999999,0.14117639999999199,66,89,Guitar 2,Acoustic Guitar (steel) _ 1,Acoustic Guitar (steel) _ 1,166320,192
121.05876299999998,0.1411764000000062,42,75,Guitar 2,Acoustic Guitar (steel) _ 1,Acoustic Guitar (steel) _ 1,166560,192
121.05876299999998,0.1411764000000062,49,75,Guitar 2,Acoustic Guitar (steel) _ 1,Acoustic Guitar (steel) _ 1,166560,192
121.05876299999998,0.1411764000000062,54,91,Guitar 2,Acoustic Guitar (steel) _ 1,Acoustic Guitar (steel) _ 1,166560,192
121.05876299999998,0.1411764000000062,57,79,Guitar 2,Acoustic Guitar (steel) _ 1,Acoustic Guitar (steel) _ 1,166560,192
121.05876299999998,0.1411764000000062,61,90,Guitar 2,Acoustic Guitar (steel) _ 1,Acoustic Guitar (steel) _ 1,166560,192
121.05876299999998,0.1411764000000062,66,78,Guitar 2,Acoustic Guitar (steel) _ 1,Acoustic Guitar (steel) _ 1,166560,192
121.23523349999999,0.14117639999999199,42,98,Guitar 2,Acoustic Guitar (steel) _ 1,Acoustic Guitar (steel) _ 1,166800,192
121.23523349999999,0.14117639999999199,49,87,Guitar 2,Acoustic Guitar (steel) _ 1,Acoustic Guitar (steel) _ 1,166800,192
121.23523349999999,0.14117639999999199,54,84,Guitar 2,Acoustic Guitar (steel) _ 1,Acoustic Guitar (steel) _ 1,166800,192
121.23523349999999,0.14117639999999199,57,88,Guitar 2,Acoustic Guitar (steel) _ 1,Acoustic Guitar (steel) _ 1,166800,192
121.23523349999999,0.14117639999999199,61,91,Guitar 2,Acoustic Guitar (steel) _ 1,Acoustic Guitar (steel) _ 1,166800,192
121.23523349999999,0.14117639999999199,66,86,Guitar 2,Acoustic Guitar (steel) _ 1,Acoustic Guitar (steel) _ 1,166800,192
121.41170399999999,0.2823527999999982,50,87,Guitar 2,Acoustic Guitar (steel) _ 1,Acoustic Guitar (steel) _ 1,167040,384
121.41170399999999,0.2823527999999982,57,95,Guitar 2,Acoustic Guitar (steel) _ 1,Acoustic Guitar (steel) _ 1,167040,384
121.41170399999999,0.2823527999999982,62,90,Guitar 2,Acoustic Guitar (steel) _ 1,Acoustic Guitar (steel) _ 1,167040,384
121.41170399999999,0.2823527999999982,66,97,Guitar 2,Acoustic Guitar (steel) _ 1,Acoustic Guitar (steel) _ 1,167040,384
121.76464499999999,0.2823527999999982,50,85,Guitar 2,Acoustic Guitar (steel) _ 1,Acoustic Guitar (steel) _ 1,167520,384
121.76464499999999,0.2823527999999982,57,87,Guitar 2,Acoustic Guitar (steel) _ 1,Acoustic Guitar (steel) _ 1,167520,384
121.76464499999999,0.2823527999999982,62,88,Guitar 2,Acoustic Guitar (steel) _ 1,Acoustic Guitar (steel) _ 1,167520,384
121.76464499999999,0.2823527999999982,66,89,Guitar 2,Acoustic Guitar (steel) _ 1,Acoustic Guitar (steel) _ 1,167520,384
122.11758599999999,0.1411764000000062,43,78,Guitar 2,Acoustic Guitar (steel) _ 1,Acoustic Guitar (steel) _ 1,168000,192
122.11758599999999,0.1411764000000062,47,90,Guitar 2,Acoustic Guitar (steel) _ 1,Acoustic Guitar (steel) _ 1,168000,192
122.11758599999999,0.1411764000000062,50,76,Guitar 2,Acoustic Guitar (steel) _ 1,Acoustic Guitar (steel) _ 1,168000,192
122.11758599999999,0.1411764000000062,55,95,Guitar 2,Acoustic Guitar (steel) _ 1,Acoustic Guitar (steel) _ 1,168000,192
122.11758599999999,0.1411764000000062,59,77,Guitar 2,Acoustic Guitar (steel) _ 1,Acoustic Guitar (steel) _ 1,168000,192
122.11758599999999,0.1411764000000062,67,103,Guitar 2,Acoustic Guitar (steel) _ 1,Acoustic Guitar (steel) _ 1,168000,192
122.29405649999998,0.2823528000000124,43,90,Guitar 2,Acoustic Guitar (steel) _ 1,Acoustic Guitar (steel) _ 1,168240,384
122.29405649999998,0.2823528000000124,55,94,Guitar 2,Acoustic Guitar (steel) _ 1,Acoustic Guitar (steel) _ 1,168240,384
122.29405649999998,0.2823528000000124,67,90,Guitar 2,Acoustic Guitar (steel) _ 1,Acoustic Guitar (steel) _ 1,168240,384
122.29405649999998,0.2823528000000124,47,82,Guitar 2,Acoustic Guitar (steel) _ 1,Acoustic Guitar (steel) _ 1,168240,384
122.29405649999998,0.2823528000000124,50,90,Guitar 2,Acoustic Guitar (steel) _ 1,Acoustic Guitar (steel) _ 1,168240,384
122.29405649999998,0.2823528000000124,59,92,Guitar 2,Acoustic Guitar (steel) _ 1,Acoustic Guitar (steel) _ 1,168240,384
122.64699749999998,0.2823528000000124,45,75,Guitar 2,Acoustic Guitar (steel) _ 1,Acoustic Guitar (steel) _ 1,168720,384
122.64699749999998,0.2823528000000124,52,82,Guitar 2,Acoustic Guitar (steel) _ 1,Acoustic Guitar (steel) _ 1,168720,384
122.64699749999998,0.2823528000000124,57,83,Guitar 2,Acoustic Guitar (steel) _ 1,Acoustic Guitar (steel) _ 1,168720,384
122.64699749999998,0.2823528000000124,61,100,Guitar 2,Acoustic Guitar (steel) _ 1,Acoustic Guitar (steel) _ 1,168720,384
122.64699749999998,0.2823528000000124,64,97,Guitar 2,Acoustic Guitar (steel) _ 1,Acoustic Guitar (steel) _ 1,168720,384
122.99993849999998,0.1411764000000062,45,96,Guitar 2,Acoustic Guitar (steel) _ 1,Acoustic Guitar (steel) _ 1,169200,192
122.99993849999998,0.1411764000000062,52,99,Guitar 2,Acoustic Guitar (steel) _ 1,Acoustic Guitar (steel) _ 1,169200,192
122.99993849999998,0.1411764000000062,57,87,Guitar 2,Acoustic Guitar (steel) _ 1,Acoustic Guitar (steel) _ 1,169200,192
122.99993849999998,0.1411764000000062,61,90,Guitar 2,Acoustic Guitar (steel) _ 1,Acoustic Guitar (steel) _ 1,169200,192
122.99993849999998,0.1411764000000062,64,90,Guitar 2,Acoustic Guitar (steel) _ 1,Acoustic Guitar (steel) _ 1,169200,192
123.17640899999999,0.2823527999999982,45,90,Guitar 2,Acoustic Guitar (steel) _ 1,Acoustic Guitar (steel) _ 1,169440,384
123.17640899999999,0.2823527999999982,52,87,Guitar 2,Acoustic Guitar (steel) _ 1,Acoustic Guitar (steel) _ 1,169440,384
123.17640899999999,0.2823527999999982,57,89,Guitar 2,Acoustic Guitar (steel) _ 1,Acoustic Guitar (steel) _ 1,169440,384
123.17640899999999,0.2823527999999982,61,90,Guitar 2,Acoustic Guitar (steel) _ 1,Acoustic Guitar (steel) _ 1,169440,384
123.17640899999999,0.2823527999999982,64,77,Guitar 2,Acoustic Guitar (steel) _ 1,Acoustic Guitar (steel) _ 1,169440,384
123.52935,0.16176462499998934,45,82,Guitar 2,Acoustic Guitar (steel) _ 1,Acoustic Guitar (steel) _ 1,169920,220
123.52935,0.16176462499998934,52,78,Guitar 2,Acoustic Guitar (steel) _ 1,Acoustic Guitar (steel) _ 1,169920,220
123.52935,0.16176462499998934,57,88,Guitar 2,Acoustic Guitar (steel) _ 1,Acoustic Guitar (steel) _ 1,169920,220
123.52935,0.16176462499998934,61,93,Guitar 2,Acoustic Guitar (steel) _ 1,Acoustic Guitar (steel) _ 1,169920,220
123.52935,0.16176462499998934,64,90,Guitar 2,Acoustic Guitar (steel) _ 1,Acoustic Guitar (steel) _ 1,169920,220
123.882291,0.16176462499998934,45,90,Guitar 2,Acoustic Guitar (steel) _ 1,Acoustic Guitar (steel) _ 1,170400,220
123.882291,0.16176462499998934,52,78,Guitar 2,Acoustic Guitar (steel) _ 1,Acoustic Guitar (steel) _ 1,170400,220
123.882291,0.16176462499998934,57,90,Guitar 2,Acoustic Guitar (steel) _ 1,Acoustic Guitar (steel) _ 1,170400,220
123.882291,0.16176462499998934,61,88,Guitar 2,Acoustic Guitar (steel) _ 1,Acoustic Guitar (steel) _ 1,170400,220
123.882291,0.16176462499998934,64,91,Guitar 2,Acoustic Guitar (steel) _ 1,Acoustic Guitar (steel) _ 1,170400,220
124.23523199999998,0.2823528000000124,47,77,Guitar 2,Acoustic Guitar (steel) _ 1,Acoustic Guitar (steel) _ 1,170880,384
124.23523199999998,0.2823528000000124,54,87,Guitar 2,Acoustic Guitar (steel) _ 1,Acoustic Guitar (steel) _ 1,170880,384
124.23523199999998,0.2823528000000124,59,82,Guitar 2,Acoustic Guitar (steel) _ 1,Acoustic Guitar (steel) _ 1,170880,384
124.23523199999998,0.2823528000000124,62,88,Guitar 2,Acoustic Guitar (steel) _ 1,Acoustic Guitar (steel) _ 1,170880,384
124.23523199999998,0.2823528000000124,66,81,Guitar 2,Acoustic Guitar (steel) _ 1,Acoustic Guitar (steel) _ 1,170880,384
124.58817299999998,0.2823528000000124,47,90,Guitar 2,Acoustic Guitar (steel) _ 1,Acoustic Guitar (steel) _ 1,171360,384
124.58817299999998,0.2823528000000124,54,88,Guitar 2,Acoustic Guitar (steel) _ 1,Acoustic Guitar (steel) _ 1,171360,384
124.58817299999998,0.2823528000000124,59,82,Guitar 2,Acoustic Guitar (steel) _ 1,Acoustic Guitar (steel) _ 1,171360,384
124.58817299999998,0.2823528000000124,62,77,Guitar 2,Acoustic Guitar (steel) _ 1,Acoustic Guitar (steel) _ 1,171360,384
124.58817299999998,0.2823528000000124,66,85,Guitar 2,Acoustic Guitar (steel) _ 1,Acoustic Guitar (steel) _ 1,171360,384
124.94111399999998,0.1411764000000062,47,95,Guitar 2,Acoustic Guitar (steel) _ 1,Acoustic Guitar (steel) _ 1,171840,192
124.94111399999998,0.1411764000000062,54,101,Guitar 2,Acoustic Guitar (steel) _ 1,Acoustic Guitar (steel) _ 1,171840,192
124.94111399999998,0.1411764000000062,59,85,Guitar 2,Acoustic Guitar (steel) _ 1,Acoustic Guitar (steel) _ 1,171840,192
124.94111399999998,0.1411764000000062,62,96,Guitar 2,Acoustic Guitar (steel) _ 1,Acoustic Guitar (steel) _ 1,171840,192
124.94111399999998,0.1411764000000062,66,92,Guitar 2,Acoustic Guitar (steel) _ 1,Acoustic Guitar (steel) _ 1,171840,192
125.11758449999999,0.14117639999999199,47,89,Guitar 2,Acoustic Guitar (steel) _ 1,Acoustic Guitar (steel) _ 1,172080,192
125.11758449999999,0.14117639999999199,54,94,Guitar 2,Acoustic Guitar (steel) _ 1,Acoustic Guitar (steel) _ 1,172080,192
125.11758449999999,0.14117639999999199,59,89,Guitar 2,Acoustic Guitar (steel) _ 1,Acoustic Guitar (steel) _ 1,172080,192
125.11758449999999,0.14117639999999199,62,87,Guitar 2,Acoustic Guitar (steel) _ 1,Acoustic Guitar (steel) _ 1,172080,192
125.11758449999999,0.14117639999999199,66,79,Guitar 2,Acoustic Guitar (steel) _ 1,Acoustic Guitar (steel) _ 1,172080,192
125.29405499999999,0.2823527999999982,47,84,Guitar 2,Acoustic Guitar (steel) _ 1,Acoustic Guitar (steel) _ 1,172320,384
125.29405499999999,0.2823527999999982,54,87,Guitar 2,Acoustic Guitar (steel) _ 1,Acoustic Guitar (steel) _ 1,172320,384
125.29405499999999,0.2823527999999982,59,89,Guitar 2,Acoustic Guitar (steel) _ 1,Acoustic Guitar (steel) _ 1,172320,384
125.29405499999999,0.2823527999999982,66,92,Guitar 2,Acoustic Guitar (steel) _ 1,Acoustic Guitar (steel) _ 1,172320,384
125.29405499999999,0.2823527999999982,62,90,Guitar 2,Acoustic Guitar (steel) _ 1,Acoustic Guitar (steel) _ 1,172320,384
125.64699599999999,0.2823527999999982,47,100,Guitar 2,Acoustic Guitar (steel) _ 1,Acoustic Guitar (steel) _ 1,172800,384
125.64699599999999,0.2823527999999982,54,102,Guitar 2,Acoustic Guitar (steel) _ 1,Acoustic Guitar (steel) _ 1,172800,384
125.64699599999999,0.2823527999999982,59,93,Guitar 2,Acoustic Guitar (steel) _ 1,Acoustic Guitar (steel) _ 1,172800,384
125.64699599999999,0.2823527999999982,62,95,Guitar 2,Acoustic Guitar (steel) _ 1,Acoustic Guitar (steel) _ 1,172800,384
125.64699599999999,0.2823527999999982,66,84,Guitar 2,Acoustic Guitar (steel) _ 1,Acoustic Guitar (steel) _ 1,172800,384
125.99993699999999,0.2823527999999982,47,95,Guitar 2,Acoustic Guitar (steel) _ 1,Acoustic Guitar (steel) _ 1,173280,384
125.99993699999999,0.2823527999999982,54,80,Guitar 2,Acoustic Guitar (steel) _ 1,Acoustic Guitar (steel) _ 1,173280,384
125.99993699999999,0.2823527999999982,59,80,Guitar 2,Acoustic Guitar (steel) _ 1,Acoustic Guitar (steel) _ 1,173280,384
125.99993699999999,0.2823527999999982,62,99,Guitar 2,Acoustic Guitar (steel) _ 1,Acoustic Guitar (steel) _ 1,173280,384
125.99993699999999,0.2823527999999982,66,89,Guitar 2,Acoustic Guitar (steel) _ 1,Acoustic Guitar (steel) _ 1,173280,384
126.35287799999999,0.1411764000000062,47,98,Guitar 2,Acoustic Guitar (steel) _ 1,Acoustic Guitar (steel) _ 1,173760,192
126.35287799999999,0.1411764000000062,54,90,Guitar 2,Acoustic Guitar (steel) _ 1,Acoustic Guitar (steel) _ 1,173760,192
126.35287799999999,0.1411764000000062,59,81,Guitar 2,Acoustic Guitar (steel) _ 1,Acoustic Guitar (steel) _ 1,173760,192
126.35287799999999,0.1411764000000062,62,91,Guitar 2,Acoustic Guitar (steel) _ 1,Acoustic Guitar (steel) _ 1,173760,192
126.35287799999999,0.1411764000000062,66,89,Guitar 2,Acoustic Guitar (steel) _ 1,Acoustic Guitar (steel) _ 1,173760,192
126.52934849999998,0.14117639999999199,47,90,Guitar 2,Acoustic Guitar (steel) _ 1,Acoustic Guitar (steel) _ 1,174000,192
126.52934849999998,0.14117639999999199,54,93,Guitar 2,Acoustic Guitar (steel) _ 1,Acoustic Guitar (steel) _ 1,174000,192
126.52934849999998,0.14117639999999199,59,77,Guitar 2,Acoustic Guitar (steel) _ 1,Acoustic Guitar (steel) _ 1,174000,192
126.52934849999998,0.14117639999999199,62,83,Guitar 2,Acoustic Guitar (steel) _ 1,Acoustic Guitar (steel) _ 1,174000,192
126.52934849999998,0.14117639999999199,66,93,Guitar 2,Acoustic Guitar (steel) _ 1,Acoustic Guitar (steel) _ 1,174000,192
126.70581899999999,0.28235279999998397,47,105,Guitar 2,Acoustic Guitar (steel) _ 1,Acoustic Guitar (steel) _ 1,174240,384
126.70581899999999,0.28235279999998397,54,93,Guitar 2,Acoustic Guitar (steel) _ 1,Acoustic Guitar (steel) _ 1,174240,384
126.70581899999999,0.28235279999998397,59,94,Guitar 2,Acoustic Guitar (steel) _ 1,Acoustic Guitar (steel) _ 1,174240,384
126.70581899999999,0.28235279999998397,66,89,Guitar 2,Acoustic Guitar (steel) _ 1,Acoustic Guitar (steel) _ 1,174240,384
126.70581899999999,0.28235279999998397,62,85,Guitar 2,Acoustic Guitar (steel) _ 1,Acoustic Guitar (steel) _ 1,174240,384
127.05875999999998,0.2823528000000124,47,90,Guitar 2,Acoustic Guitar (steel) _ 1,Acoustic Guitar (steel) _ 1,174720,384
127.05875999999998,0.2823528000000124,54,90,Guitar 2,Acoustic Guitar (steel) _ 1,Acoustic Guitar (steel) _ 1,174720,384
127.05875999999998,0.2823528000000124,59,88,Guitar 2,Acoustic Guitar (steel) _ 1,Acoustic Guitar (steel) _ 1,174720,384
127.05875999999998,0.2823528000000124,62,90,Guitar 2,Acoustic Guitar (steel) _ 1,Acoustic Guitar (steel) _ 1,174720,384
127.05875999999998,0.2823528000000124,66,91,Guitar 2,Acoustic Guitar (steel) _ 1,Acoustic Guitar (steel) _ 1,174720,384
127.411701,0.28235279999998397,47,77,Guitar 2,Acoustic Guitar (steel) _ 1,Acoustic Guitar (steel) _ 1,175200,384
127.411701,0.28235279999998397,54,87,Guitar 2,Acoustic Guitar (steel) _ 1,Acoustic Guitar (steel) _ 1,175200,384
127.411701,0.28235279999998397,59,90,Guitar 2,Acoustic Guitar (steel) _ 1,Acoustic Guitar (steel) _ 1,175200,384
127.411701,0.28235279999998397,62,100,Guitar 2,Acoustic Guitar (steel) _ 1,Acoustic Guitar (steel) _ 1,175200,384
127.411701,0.28235279999998397,66,90,Guitar 2,Acoustic Guitar (steel) _ 1,Acoustic Guitar (steel) _ 1,175200,384
127.76464199999998,0.1411764000000062,47,91,Guitar 2,Acoustic Guitar (steel) _ 1,Acoustic Guitar (steel) _ 1,175680,192
127.76464199999998,0.1411764000000062,54,92,Guitar 2,Acoustic Guitar (steel) _ 1,Acoustic Guitar (steel) _ 1,175680,192
127.76464199999998,0.1411764000000062,59,89,Guitar 2,Acoustic Guitar (steel) _ 1,Acoustic Guitar (steel) _ 1,175680,192
127.76464199999998,0.1411764000000062,62,81,Guitar 2,Acoustic Guitar (steel) _ 1,Acoustic Guitar (steel) _ 1,175680,192
127.76464199999998,0.1411764000000062,66,95,Guitar 2,Acoustic Guitar (steel) _ 1,Acoustic Guitar (steel) _ 1,175680,192
127.9411125,0.14117639999997778,47,91,Guitar 2,Acoustic Guitar (steel) _ 1,Acoustic Guitar (steel) _ 1,175920,192
127.9411125,0.14117639999997778,54,90,Guitar 2,Acoustic Guitar (steel) _ 1,Acoustic Guitar (steel) _ 1,175920,192
127.9411125,0.14117639999997778,59,103,Guitar 2,Acoustic Guitar (steel) _ 1,Acoustic Guitar (steel) _ 1,175920,192
127.9411125,0.14117639999997778,62,88,Guitar 2,Acoustic Guitar (steel) _ 1,Acoustic Guitar (steel) _ 1,175920,192
127.9411125,0.14117639999997778,66,90,Guitar 2,Acoustic Guitar (steel) _ 1,Acoustic Guitar (steel) _ 1,175920,192
128.117583,0.28235279999998397,47,92,Guitar 2,Acoustic Guitar (steel) _ 1,Acoustic Guitar (steel) _ 1,176160,384
128.117583,0.28235279999998397,54,93,Guitar 2,Acoustic Guitar (steel) _ 1,Acoustic Guitar (steel) _ 1,176160,384
128.117583,0.28235279999998397,59,77,Guitar 2,Acoustic Guitar (steel) _ 1,Acoustic Guitar (steel) _ 1,176160,384
128.117583,0.28235279999998397,66,86,Guitar 2,Acoustic Guitar (steel) _ 1,Acoustic Guitar (steel) _ 1,176160,384
128.117583,0.28235279999998397,62,98,Guitar 2,Acoustic Guitar (steel) _ 1,Acoustic Guitar (steel) _ 1,176160,384
128.47052399999998,0.2823528000000124,47,80,Guitar 2,Acoustic Guitar (steel) _ 1,Acoustic Guitar (steel) _ 1,176640,384
128.47052399999998,0.2823528000000124,54,89,Guitar 2,Acoustic Guitar (steel) _ 1,Acoustic Guitar (steel) _ 1,176640,384
128.47052399999998,0.2823528000000124,59,90,Guitar 2,Acoustic Guitar (steel) _ 1,Acoustic Guitar (steel) _ 1,176640,384
128.47052399999998,0.2823528000000124,62,94,Guitar 2,Acoustic Guitar (steel) _ 1,Acoustic Guitar (steel) _ 1,176640,384
128.47052399999998,0.2823528000000124,66,99,Guitar 2,Acoustic Guitar (steel) _ 1,Acoustic Guitar (steel) _ 1,176640,384
128.823465,0.28235279999998397,47,84,Guitar 2,Acoustic Guitar (steel) _ 1,Acoustic Guitar (steel) _ 1,177120,384
128.823465,0.28235279999998397,54,84,Guitar 2,Acoustic Guitar (steel) _ 1,Acoustic Guitar (steel) _ 1,177120,384
128.823465,0.28235279999998397,59,95,Guitar 2,Acoustic Guitar (steel) _ 1,Acoustic Guitar (steel) _ 1,177120,384
128.823465,0.28235279999998397,62,91,Guitar 2,Acoustic Guitar (steel) _ 1,Acoustic Guitar (steel) _ 1,177120,384
128.823465,0.28235279999998397,66,85,Guitar 2,Acoustic Guitar (steel) _ 1,Acoustic Guitar (steel) _ 1,177120,384
129.176406,0.1411764000000062,47,92,Guitar 2,Acoustic Guitar (steel) _ 1,Acoustic Guitar (steel) _ 1,177600,192
129.176406,0.1411764000000062,54,89,Guitar 2,Acoustic Guitar (steel) _ 1,Acoustic Guitar (steel) _ 1,177600,192
129.176406,0.1411764000000062,59,90,Guitar 2,Acoustic Guitar (steel) _ 1,Acoustic Guitar (steel) _ 1,177600,192
129.176406,0.1411764000000062,62,83,Guitar 2,Acoustic Guitar (steel) _ 1,Acoustic Guitar (steel) _ 1,177600,192
129.176406,0.1411764000000062,66,98,Guitar 2,Acoustic Guitar (steel) _ 1,Acoustic Guitar (steel) _ 1,177600,192
129.35287649999998,0.1411764000000062,47,88,Guitar 2,Acoustic Guitar (steel) _ 1,Acoustic Guitar (steel) _ 1,177840,192
129.35287649999998,0.1411764000000062,54,90,Guitar 2,Acoustic Guitar (steel) _ 1,Acoustic Guitar (steel) _ 1,177840,192
129.35287649999998,0.1411764000000062,59,78,Guitar 2,Acoustic Guitar (steel) _ 1,Acoustic Guitar (steel) _ 1,177840,192
129.35287649999998,0.1411764000000062,62,77,Guitar 2,Acoustic Guitar (steel) _ 1,Acoustic Guitar (steel) _ 1,177840,192
129.35287649999998,0.1411764000000062,66,89,Guitar 2,Acoustic Guitar (steel) _ 1,Acoustic Guitar (steel) _ 1,177840,192
129.529347,0.28235279999998397,47,89,Guitar 2,Acoustic Guitar (steel) _ 1,Acoustic Guitar (steel) _ 1,178080,384
129.529347,0.28235279999998397,54,89,Guitar 2,Acoustic Guitar (steel) _ 1,Acoustic Guitar (steel) _ 1,178080,384
129.529347,0.28235279999998397,59,90,Guitar 2,Acoustic Guitar (steel) _ 1,Acoustic Guitar (steel) _ 1,178080,384
129.529347,0.28235279999998397,66,82,Guitar 2,Acoustic Guitar (steel) _ 1,Acoustic Guitar (steel) _ 1,178080,384
129.529347,0.28235279999998397,62,85,Guitar 2,Acoustic Guitar (steel) _ 1,Acoustic Guitar (steel) _ 1,178080,384
129.882288,0.2823528000000124,43,89,Guitar 2,Acoustic Guitar (steel) _ 1,Acoustic Guitar (steel) _ 1,178560,384
129.882288,0.2823528000000124,50,83,Guitar 2,Acoustic Guitar (steel) _ 1,Acoustic Guitar (steel) _ 1,178560,384
129.882288,0.2823528000000124,55,94,Guitar 2,Acoustic Guitar (steel) _ 1,Acoustic Guitar (steel) _ 1,178560,384
129.882288,0.2823528000000124,59,84,Guitar 2,Acoustic Guitar (steel) _ 1,Acoustic Guitar (steel) _ 1,178560,384
129.882288,0.2823528000000124,62,89,Guitar 2,Acoustic Guitar (steel) _ 1,Acoustic Guitar (steel) _ 1,178560,384
129.882288,0.2823528000000124,67,91,Guitar 2,Acoustic Guitar (steel) _ 1,Acoustic Guitar (steel) _ 1,178560,384
130.23522899999998,0.2823528000000124,43,90,Guitar 2,Acoustic Guitar (steel) _ 1,Acoustic Guitar (steel) _ 1,179040,384
130.23522899999998,0.2823528000000124,50,87,Guitar 2,Acoustic Guitar (steel) _ 1,Acoustic Guitar (steel) _ 1,179040,384
130.23522899999998,0.2823528000000124,55,90,Guitar 2,Acoustic Guitar (steel) _ 1,Acoustic Guitar (steel) _ 1,179040,384
130.23522899999998,0.2823528000000124,59,104,Guitar 2,Acoustic Guitar (steel) _ 1,Acoustic Guitar (steel) _ 1,179040,384
130.23522899999998,0.2823528000000124,62,81,Guitar 2,Acoustic Guitar (steel) _ 1,Acoustic Guitar (steel) _ 1,179040,384
130.23522899999998,0.2823528000000124,67,91,Guitar 2,Acoustic Guitar (steel) _ 1,Acoustic Guitar (steel) _ 1,179040,384
130.58817,0.1411764000000062,43,89,Guitar 2,Acoustic Guitar (steel) _ 1,Acoustic Guitar (steel) _ 1,179520,192
130.58817,0.1411764000000062,50,76,Guitar 2,Acoustic Guitar (steel) _ 1,Acoustic Guitar (steel) _ 1,179520,192
130.58817,0.1411764000000062,55,91,Guitar 2,Acoustic Guitar (steel) _ 1,Acoustic Guitar (steel) _ 1,179520,192
130.58817,0.1411764000000062,59,93,Guitar 2,Acoustic Guitar (steel) _ 1,Acoustic Guitar (steel) _ 1,179520,192
130.58817,0.1411764000000062,62,100,Guitar 2,Acoustic Guitar (steel) _ 1,Acoustic Guitar (steel) _ 1,179520,192
130.58817,0.1411764000000062,67,92,Guitar 2,Acoustic Guitar (steel) _ 1,Acoustic Guitar (steel) _ 1,179520,192
130.76464049999998,0.1411764000000062,43,104,Guitar 2,Acoustic Guitar (steel) _ 1,Acoustic Guitar (steel) _ 1,179760,192
130.76464049999998,0.1411764000000062,50,90,Guitar 2,Acoustic Guitar (steel) _ 1,Acoustic Guitar (steel) _ 1,179760,192
130.76464049999998,0.1411764000000062,55,93,Guitar 2,Acoustic Guitar (steel) _ 1,Acoustic Guitar (steel) _ 1,179760,192
130.76464049999998,0.1411764000000062,59,90,Guitar 2,Acoustic Guitar (steel) _ 1,Acoustic Guitar (steel) _ 1,179760,192
130.76464049999998,0.1411764000000062,62,80,Guitar 2,Acoustic Guitar (steel) _ 1,Acoustic Guitar (steel) _ 1,179760,192
130.76464049999998,0.1411764000000062,67,85,Guitar 2,Acoustic Guitar (steel) _ 1,Acoustic Guitar (steel) _ 1,179760,192
130.94111099999998,0.2823528000000124,43,92,Guitar 2,Acoustic Guitar (steel) _ 1,Acoustic Guitar (steel) _ 1,180000,384
130.94111099999998,0.2823528000000124,50,80,Guitar 2,Acoustic Guitar (steel) _ 1,Acoustic Guitar (steel) _ 1,180000,384
130.94111099999998,0.2823528000000124,55,77,Guitar 2,Acoustic Guitar (steel) _ 1,Acoustic Guitar (steel) _ 1,180000,384
130.94111099999998,0.2823528000000124,59,103,Guitar 2,Acoustic Guitar (steel) _ 1,Acoustic Guitar (steel) _ 1,180000,384
130.94111099999998,0.2823528000000124,62,102,Guitar 2,Acoustic Guitar (steel) _ 1,Acoustic Guitar (steel) _ 1,180000,384
130.94111099999998,0.2823528000000124,67,89,Guitar 2,Acoustic Guitar (steel) _ 1,Acoustic Guitar (steel) _ 1,180000,384
131.294052,0.28235279999998397,43,84,Guitar 2,Acoustic Guitar (steel) _ 1,Acoustic Guitar (steel) _ 1,180480,384
131.294052,0.28235279999998397,50,94,Guitar 2,Acoustic Guitar (steel) _ 1,Acoustic Guitar (steel) _ 1,180480,384
131.294052,0.28235279999998397,55,91,Guitar 2,Acoustic Guitar (steel) _ 1,Acoustic Guitar (steel) _ 1,180480,384
131.294052,0.28235279999998397,59,99,Guitar 2,Acoustic Guitar (steel) _ 1,Acoustic Guitar (steel) _ 1,180480,384
131.294052,0.28235279999998397,62,91,Guitar 2,Acoustic Guitar (steel) _ 1,Acoustic Guitar (steel) _ 1,180480,384
131.294052,0.28235279999998397,67,76,Guitar 2,Acoustic Guitar (steel) _ 1,Acoustic Guitar (steel) _ 1,180480,384
131.64699299999998,0.2823528000000124,43,89,Guitar 2,Acoustic Guitar (steel) _ 1,Acoustic Guitar (steel) _ 1,180960,384
131.64699299999998,0.2823528000000124,50,90,Guitar 2,Acoustic Guitar (steel) _ 1,Acoustic Guitar (steel) _ 1,180960,384
131.64699299999998,0.2823528000000124,55,80,Guitar 2,Acoustic Guitar (steel) _ 1,Acoustic Guitar (steel) _ 1,180960,384
131.64699299999998,0.2823528000000124,59,93,Guitar 2,Acoustic Guitar (steel) _ 1,Acoustic Guitar (steel) _ 1,180960,384
131.64699299999998,0.2823528000000124,62,91,Guitar 2,Acoustic Guitar (steel) _ 1,Acoustic Guitar (steel) _ 1,180960,384
131.64699299999998,0.2823528000000124,67,97,Guitar 2,Acoustic Guitar (steel) _ 1,Acoustic Guitar (steel) _ 1,180960,384
131.999934,0.1411764000000062,43,94,Guitar 2,Acoustic Guitar (steel) _ 1,Acoustic Guitar (steel) _ 1,181440,192
131.999934,0.1411764000000062,50,90,Guitar 2,Acoustic Guitar (steel) _ 1,Acoustic Guitar (steel) _ 1,181440,192
131.999934,0.1411764000000062,55,92,Guitar 2,Acoustic Guitar (steel) _ 1,Acoustic Guitar (steel) _ 1,181440,192
131.999934,0.1411764000000062,59,77,Guitar 2,Acoustic Guitar (steel) _ 1,Acoustic Guitar (steel) _ 1,181440,192
131.999934,0.1411764000000062,62,94,Guitar 2,Acoustic Guitar (steel) _ 1,Acoustic Guitar (steel) _ 1,181440,192
131.999934,0.1411764000000062,67,97,Guitar 2,Acoustic Guitar (steel) _ 1,Acoustic Guitar (steel) _ 1,181440,192
132.1764045,0.1411764000000062,43,90,Guitar 2,Acoustic Guitar (steel) _ 1,Acoustic Guitar (steel) _ 1,181680,192
132.1764045,0.1411764000000062,50,93,Guitar 2,Acoustic Guitar (steel) _ 1,Acoustic Guitar (steel) _ 1,181680,192
132.1764045,0.1411764000000062,55,99,Guitar 2,Acoustic Guitar (steel) _ 1,Acoustic Guitar (steel) _ 1,181680,192
132.1764045,0.1411764000000062,59,90,Guitar 2,Acoustic Guitar (steel) _ 1,Acoustic Guitar (steel) _ 1,181680,192
132.1764045,0.1411764000000062,62,101,Guitar 2,Acoustic Guitar (steel) _ 1,Acoustic Guitar (steel) _ 1,181680,192
132.1764045,0.1411764000000062,67,82,Guitar 2,Acoustic Guitar (steel) _ 1,Acoustic Guitar (steel) _ 1,181680,192
132.35287499999998,0.2823528000000124,43,76,Guitar 2,Acoustic Guitar (steel) _ 1,Acoustic Guitar (steel) _ 1,181920,384
132.35287499999998,0.2823528000000124,50,103,Guitar 2,Acoustic Guitar (steel) _ 1,Acoustic Guitar (steel) _ 1,181920,384
132.35287499999998,0.2823528000000124,55,77,Guitar 2,Acoustic Guitar (steel) _ 1,Acoustic Guitar (steel) _ 1,181920,384
132.35287499999998,0.2823528000000124,59,97,Guitar 2,Acoustic Guitar (steel) _ 1,Acoustic Guitar (steel) _ 1,181920,384
132.35287499999998,0.2823528000000124,62,100,Guitar 2,Acoustic Guitar (steel) _ 1,Acoustic Guitar (steel) _ 1,181920,384
132.35287499999998,0.2823528000000124,67,93,Guitar 2,Acoustic Guitar (steel) _ 1,Acoustic Guitar (steel) _ 1,181920,384
132.705816,0.28235279999998397,43,84,Guitar 2,Acoustic Guitar (steel) _ 1,Acoustic Guitar (steel) _ 1,182400,384
132.705816,0.28235279999998397,50,97,Guitar 2,Acoustic Guitar (steel) _ 1,Acoustic Guitar (steel) _ 1,182400,384
132.705816,0.28235279999998397,55,91,Guitar 2,Acoustic Guitar (steel) _ 1,Acoustic Guitar (steel) _ 1,182400,384
132.705816,0.28235279999998397,59,86,Guitar 2,Acoustic Guitar (steel) _ 1,Acoustic Guitar (steel) _ 1,182400,384
132.705816,0.28235279999998397,62,97,Guitar 2,Acoustic Guitar (steel) _ 1,Acoustic Guitar (steel) _ 1,182400,384
132.705816,0.28235279999998397,67,95,Guitar 2,Acoustic Guitar (steel) _ 1,Acoustic Guitar (steel) _ 1,182400,384
133.05875699999999,0.2823528000000124,43,86,Guitar 2,Acoustic Guitar (steel) _ 1,Acoustic Guitar (steel) _ 1,182880,384
133.05875699999999,0.2823528000000124,50,88,Guitar 2,Acoustic Guitar (steel) _ 1,Acoustic Guitar (steel) _ 1,182880,384
133.05875699999999,0.2823528000000124,55,95,Guitar 2,Acoustic Guitar (steel) _ 1,Acoustic Guitar (steel) _ 1,182880,384
133.05875699999999,0.2823528000000124,59,93,Guitar 2,Acoustic Guitar (steel) _ 1,Acoustic Guitar (steel) _ 1,182880,384
133.05875699999999,0.2823528000000124,62,91,Guitar 2,Acoustic Guitar (steel) _ 1,Acoustic Guitar (steel) _ 1,182880,384
133.05875699999999,0.2823528000000124,67,105,Guitar 2,Acoustic Guitar (steel) _ 1,Acoustic Guitar (steel) _ 1,182880,384
133.411698,0.14117639999997778,43,93,Guitar 2,Acoustic Guitar (steel) _ 1,Acoustic Guitar (steel) _ 1,183360,192
133.411698,0.14117639999997778,50,103,Guitar 2,Acoustic Guitar (steel) _ 1,Acoustic Guitar (steel) _ 1,183360,192
133.411698,0.14117639999997778,55,96,Guitar 2,Acoustic Guitar (steel) _ 1,Acoustic Guitar (steel) _ 1,183360,192
133.411698,0.14117639999997778,59,96,Guitar 2,Acoustic Guitar (steel) _ 1,Acoustic Guitar (steel) _ 1,183360,192
133.411698,0.14117639999997778,62,105,Guitar 2,Acoustic Guitar (steel) _ 1,Acoustic Guitar (steel) _ 1,183360,192
133.411698,0.14117639999997778,67,78,Guitar 2,Acoustic Guitar (steel) _ 1,Acoustic Guitar (steel) _ 1,183360,192
133.5881685,0.1411764000000062,43,90,Guitar 2,Acoustic Guitar (steel) _ 1,Acoustic Guitar (steel) _ 1,183600,192
133.5881685,0.1411764000000062,50,99,Guitar 2,Acoustic Guitar (steel) _ 1,Acoustic Guitar (steel) _ 1,183600,192
133.5881685,0.1411764000000062,55,79,Guitar 2,Acoustic Guitar (steel) _ 1,Acoustic Guitar (steel) _ 1,183600,192
133.5881685,0.1411764000000062,59,86,Guitar 2,Acoustic Guitar (steel) _ 1,Acoustic Guitar (steel) _ 1,183600,192
133.5881685,0.1411764000000062,62,89,Guitar 2,Acoustic Guitar (steel) _ 1,Acoustic Guitar (steel) _ 1,183600,192
133.5881685,0.1411764000000062,67,90,Guitar 2,Acoustic Guitar (steel) _ 1,Acoustic Guitar (steel) _ 1,183600,192
133.764639,0.2823528000000124,43,94,Guitar 2,Acoustic Guitar (steel) _ 1,Acoustic Guitar (steel) _ 1,183840,384
133.764639,0.2823528000000124,50,97,Guitar 2,Acoustic Guitar (steel) _ 1,Acoustic Guitar (steel) _ 1,183840,384
133.764639,0.2823528000000124,55,91,Guitar 2,Acoustic Guitar (steel) _ 1,Acoustic Guitar (steel) _ 1,183840,384
133.764639,0.2823528000000124,59,94,Guitar 2,Acoustic Guitar (steel) _ 1,Acoustic Guitar (steel) _ 1,183840,384
133.764639,0.2823528000000124,62,104,Guitar 2,Acoustic Guitar (steel) _ 1,Acoustic Guitar (steel) _ 1,183840,384
133.764639,0.2823528000000124,67,99,Guitar 2,Acoustic Guitar (steel) _ 1,Acoustic Guitar (steel) _ 1,183840,384
134.11757999999998,0.2823528000000124,43,78,Guitar 2,Acoustic Guitar (steel) _ 1,Acoustic Guitar (steel) _ 1,184320,384
134.11757999999998,0.2823528000000124,50,90,Guitar 2,Acoustic Guitar (steel) _ 1,Acoustic Guitar (steel) _ 1,184320,384
134.11757999999998,0.2823528000000124,55,95,Guitar 2,Acoustic Guitar (steel) _ 1,Acoustic Guitar (steel) _ 1,184320,384
134.11757999999998,0.2823528000000124,59,90,Guitar 2,Acoustic Guitar (steel) _ 1,Acoustic Guitar (steel) _ 1,184320,384
134.11757999999998,0.2823528000000124,62,87,Guitar 2,Acoustic Guitar (steel) _ 1,Acoustic Guitar (steel) _ 1,184320,384
134.11757999999998,0.2823528000000124,67,86,Guitar 2,Acoustic Guitar (steel) _ 1,Acoustic Guitar (steel) _ 1,184320,384
134.470521,0.28235279999998397,43,88,Guitar 2,Acoustic Guitar (steel) _ 1,Acoustic Guitar (steel) _ 1,184800,384
134.470521,0.28235279999998397,50,89,Guitar 2,Acoustic Guitar (steel) _ 1,Acoustic Guitar (steel) _ 1,184800,384
134.470521,0.28235279999998397,55,88,Guitar 2,Acoustic Guitar (steel) _ 1,Acoustic Guitar (steel) _ 1,184800,384
134.470521,0.28235279999998397,59,90,Guitar 2,Acoustic Guitar (steel) _ 1,Acoustic Guitar (steel) _ 1,184800,384
134.470521,0.28235279999998397,62,86,Guitar 2,Acoustic Guitar (steel) _ 1,Acoustic Guitar (steel) _ 1,184800,384
134.470521,0.28235279999998397,67,90,Guitar 2,Acoustic Guitar (steel) _ 1,Acoustic Guitar (steel) _ 1,184800,384
134.82346199999998,0.1411764000000062,43,104,Guitar 2,Acoustic Guitar (steel) _ 1,Acoustic Guitar (steel) _ 1,185280,192
134.82346199999998,0.1411764000000062,50,86,Guitar 2,Acoustic Guitar (steel) _ 1,Acoustic Guitar (steel) _ 1,185280,192
134.82346199999998,0.1411764000000062,55,90,Guitar 2,Acoustic Guitar (steel) _ 1,Acoustic Guitar (steel) _ 1,185280,192
134.82346199999998,0.1411764000000062,59,96,Guitar 2,Acoustic Guitar (steel) _ 1,Acoustic Guitar (steel) _ 1,185280,192
134.82346199999998,0.1411764000000062,62,95,Guitar 2,Acoustic Guitar (steel) _ 1,Acoustic Guitar (steel) _ 1,185280,192
134.82346199999998,0.1411764000000062,67,90,Guitar 2,Acoustic Guitar (steel) _ 1,Acoustic Guitar (steel) _ 1,185280,192
134.9999325,0.14117639999997778,43,97,Guitar 2,Acoustic Guitar (steel) _ 1,Acoustic Guitar (steel) _ 1,185520,192
134.9999325,0.14117639999997778,50,90,Guitar 2,Acoustic Guitar (steel) _ 1,Acoustic Guitar (steel) _ 1,185520,192
134.9999325,0.14117639999997778,55,76,Guitar 2,Acoustic Guitar (steel) _ 1,Acoustic Guitar (steel) _ 1,185520,192
134.9999325,0.14117639999997778,59,90,Guitar 2,Acoustic Guitar (steel) _ 1,Acoustic Guitar (steel) _ 1,185520,192
134.9999325,0.14117639999997778,62,97,Guitar 2,Acoustic Guitar (steel) _ 1,Acoustic Guitar (steel) _ 1,185520,192
134.9999325,0.14117639999997778,67,85,Guitar 2,Acoustic Guitar (steel) _ 1,Acoustic Guitar (steel) _ 1,185520,192
135.176403,0.28235279999998397,43,96,Guitar 2,Acoustic Guitar (steel) _ 1,Acoustic Guitar (steel) _ 1,185760,384
135.176403,0.28235279999998397,50,76,Guitar 2,Acoustic Guitar (steel) _ 1,Acoustic Guitar (steel) _ 1,185760,384
135.176403,0.28235279999998397,55,77,Guitar 2,Acoustic Guitar (steel) _ 1,Acoustic Guitar (steel) _ 1,185760,384
135.176403,0.28235279999998397,59,90,Guitar 2,Acoustic Guitar (steel) _ 1,Acoustic Guitar (steel) _ 1,185760,384
135.176403,0.28235279999998397,62,78,Guitar 2,Acoustic Guitar (steel) _ 1,Acoustic Guitar (steel) _ 1,185760,384
135.176403,0.28235279999998397,67,91,Guitar 2,Acoustic Guitar (steel) _ 1,Acoustic Guitar (steel) _ 1,185760,384
135.52934399999998,0.2823528000000124,40,89,Guitar 2,Acoustic Guitar (steel) _ 1,Acoustic Guitar (steel) _ 1,186240,384
135.52934399999998,0.2823528000000124,47,85,Guitar 2,Acoustic Guitar (steel) _ 1,Acoustic Guitar (steel) _ 1,186240,384
135.52934399999998,0.2823528000000124,52,87,Guitar 2,Acoustic Guitar (steel) _ 1,Acoustic Guitar (steel) _ 1,186240,384
135.52934399999998,0.2823528000000124,56,99,Guitar 2,Acoustic Guitar (steel) _ 1,Acoustic Guitar (steel) _ 1,186240,384
135.52934399999998,0.2823528000000124,59,92,Guitar 2,Acoustic Guitar (steel) _ 1,Acoustic Guitar (steel) _ 1,186240,384
135.52934399999998,0.2823528000000124,64,87,Guitar 2,Acoustic Guitar (steel) _ 1,Acoustic Guitar (steel) _ 1,186240,384
135.882285,0.28235279999998397,40,103,Guitar 2,Acoustic Guitar (steel) _ 1,Acoustic Guitar (steel) _ 1,186720,384
135.882285,0.28235279999998397,47,98,Guitar 2,Acoustic Guitar (steel) _ 1,Acoustic Guitar (steel) _ 1,186720,384
135.882285,0.28235279999998397,52,92,Guitar 2,Acoustic Guitar (steel) _ 1,Acoustic Guitar (steel) _ 1,186720,384
135.882285,0.28235279999998397,56,78,Guitar 2,Acoustic Guitar (steel) _ 1,Acoustic Guitar (steel) _ 1,186720,384
135.882285,0.28235279999998397,59,87,Guitar 2,Acoustic Guitar (steel) _ 1,Acoustic Guitar (steel) _ 1,186720,384
135.882285,0.28235279999998397,64,103,Guitar 2,Acoustic Guitar (steel) _ 1,Acoustic Guitar (steel) _ 1,186720,384
136.23522599999998,0.1411764000000062,40,100,Guitar 2,Acoustic Guitar (steel) _ 1,Acoustic Guitar (steel) _ 1,187200,192
136.23522599999998,0.1411764000000062,47,88,Guitar 2,Acoustic Guitar (steel) _ 1,Acoustic Guitar (steel) _ 1,187200,192
136.23522599999998,0.1411764000000062,52,93,Guitar 2,Acoustic Guitar (steel) _ 1,Acoustic Guitar (steel) _ 1,187200,192
136.23522599999998,0.1411764000000062,56,100,Guitar 2,Acoustic Guitar (steel) _ 1,Acoustic Guitar (steel) _ 1,187200,192
136.23522599999998,0.1411764000000062,59,93,Guitar 2,Acoustic Guitar (steel) _ 1,Acoustic Guitar (steel) _ 1,187200,192
136.23522599999998,0.1411764000000062,64,89,Guitar 2,Acoustic Guitar (steel) _ 1,Acoustic Guitar (steel) _ 1,187200,192
136.41169649999998,0.1411764000000062,40,103,Guitar 2,Acoustic Guitar (steel) _ 1,Acoustic Guitar (steel) _ 1,187440,192
136.41169649999998,0.1411764000000062,47,88,Guitar 2,Acoustic Guitar (steel) _ 1,Acoustic Guitar (steel) _ 1,187440,192
136.41169649999998,0.1411764000000062,52,101,Guitar 2,Acoustic Guitar (steel) _ 1,Acoustic Guitar (steel) _ 1,187440,192
136.41169649999998,0.1411764000000062,56,88,Guitar 2,Acoustic Guitar (steel) _ 1,Acoustic Guitar (steel) _ 1,187440,192
136.41169649999998,0.1411764000000062,59,95,Guitar 2,Acoustic Guitar (steel) _ 1,Acoustic Guitar (steel) _ 1,187440,192
136.41169649999998,0.1411764000000062,64,85,Guitar 2,Acoustic Guitar (steel) _ 1,Acoustic Guitar (steel) _ 1,187440,192
136.588167,0.28235279999998397,40,92,Guitar 2,Acoustic Guitar (steel) _ 1,Acoustic Guitar (steel) _ 1,187680,384
136.588167,0.28235279999998397,47,101,Guitar 2,Acoustic Guitar (steel) _ 1,Acoustic Guitar (steel) _ 1,187680,384
136.588167,0.28235279999998397,52,91,Guitar 2,Acoustic Guitar (steel) _ 1,Acoustic Guitar (steel) _ 1,187680,384
136.588167,0.28235279999998397,56,105,Guitar 2,Acoustic Guitar (steel) _ 1,Acoustic Guitar (steel) _ 1,187680,384
136.588167,0.28235279999998397,59,96,Guitar 2,Acoustic Guitar (steel) _ 1,Acoustic Guitar (steel) _ 1,187680,384
136.588167,0.28235279999998397,64,90,Guitar 2,Acoustic Guitar (steel) _ 1,Acoustic Guitar (steel) _ 1,187680,384
136.94110799999999,0.2823528000000124,40,92,Guitar 2,Acoustic Guitar (steel) _ 1,Acoustic Guitar (steel) _ 1,188160,384
136.94110799999999,0.2823528000000124,47,80,Guitar 2,Acoustic Guitar (steel) _ 1,Acoustic Guitar (steel) _ 1,188160,384
136.94110799999999,0.2823528000000124,52,99,Guitar 2,Acoustic Guitar (steel) _ 1,Acoustic Guitar (steel) _ 1,188160,384
136.94110799999999,0.2823528000000124,56,89,Guitar 2,Acoustic Guitar (steel) _ 1,Acoustic Guitar (steel) _ 1,188160,384
136.94110799999999,0.2823528000000124,59,95,Guitar 2,Acoustic Guitar (steel) _ 1,Acoustic Guitar (steel) _ 1,188160,384
136.94110799999999,0.2823528000000124,64,90,Guitar 2,Acoustic Guitar (steel) _ 1,Acoustic Guitar (steel) _ 1,188160,384
137.294049,0.28235279999998397,40,95,Guitar 2,Acoustic Guitar (steel) _ 1,Acoustic Guitar (steel) _ 1,188640,384
137.294049,0.28235279999998397,47,89,Guitar 2,Acoustic Guitar (steel) _ 1,Acoustic Guitar (steel) _ 1,188640,384
137.294049,0.28235279999998397,52,90,Guitar 2,Acoustic Guitar (steel) _ 1,Acoustic Guitar (steel) _ 1,188640,384
137.294049,0.28235279999998397,56,90,Guitar 2,Acoustic Guitar (steel) _ 1,Acoustic Guitar (steel) _ 1,188640,384
137.294049,0.28235279999998397,59,90,Guitar 2,Acoustic Guitar (steel) _ 1,Acoustic Guitar (steel) _ 1,188640,384
137.294049,0.28235279999998397,64,80,Guitar 2,Acoustic Guitar (steel) _ 1,Acoustic Guitar (steel) _ 1,188640,384
137.64699,0.1411764000000062,40,97,Guitar 2,Acoustic Guitar (steel) _ 1,Acoustic Guitar (steel) _ 1,189120,192
137.64699,0.1411764000000062,47,104,Guitar 2,Acoustic Guitar (steel) _ 1,Acoustic Guitar (steel) _ 1,189120,192
137.64699,0.1411764000000062,52,90,Guitar 2,Acoustic Guitar (steel) _ 1,Acoustic Guitar (steel) _ 1,189120,192
137.64699,0.1411764000000062,56,101,Guitar 2,Acoustic Guitar (steel) _ 1,Acoustic Guitar (steel) _ 1,189120,192
137.64699,0.1411764000000062,59,90,Guitar 2,Acoustic Guitar (steel) _ 1,Acoustic Guitar (steel) _ 1,189120,192
137.64699,0.1411764000000062,64,81,Guitar 2,Acoustic Guitar (steel) _ 1,Acoustic Guitar (steel) _ 1,189120,192
137.82346049999998,0.1411764000000062,40,97,Guitar 2,Acoustic Guitar (steel) _ 1,Acoustic Guitar (steel) _ 1,189360,192
137.82346049999998,0.1411764000000062,47,94,Guitar 2,Acoustic Guitar (steel) _ 1,Acoustic Guitar (steel) _ 1,189360,192
137.82346049999998,0.1411764000000062,52,82,Guitar 2,Acoustic Guitar (steel) _ 1,Acoustic Guitar (steel) _ 1,189360,192
137.82346049999998,0.1411764000000062,56,78,Guitar 2,Acoustic Guitar (steel) _ 1,Acoustic Guitar (steel) _ 1,189360,192
137.82346049999998,0.1411764000000062,59,90,Guitar 2,Acoustic Guitar (steel) _ 1,Acoustic Guitar (steel) _ 1,189360,192
137.82346049999998,0.1411764000000062,64,90,Guitar 2,Acoustic Guitar (steel) _ 1,Acoustic Guitar (steel) _ 1,189360,192
137.99993099999998,0.2823528000000124,40,100,Guitar 2,Acoustic Guitar (steel) _ 1,Acoustic Guitar (steel) _ 1,189600,384
137.99993099999998,0.2823528000000124,47,90,Guitar 2,Acoustic Guitar (steel) _ 1,Acoustic Guitar (steel) _ 1,189600,384
137.99993099999998,0.2823528000000124,52,80,Guitar 2,Acoustic Guitar (steel) _ 1,Acoustic Guitar (steel) _ 1,189600,384
137.99993099999998,0.2823528000000124,56,103,Guitar 2,Acoustic Guitar (steel) _ 1,Acoustic Guitar (steel) _ 1,189600,384
137.99993099999998,0.2823528000000124,59,89,Guitar 2,Acoustic Guitar (steel) _ 1,Acoustic Guitar (steel) _ 1,189600,384
137.99993099999998,0.2823528000000124,64,90,Guitar 2,Acoustic Guitar (steel) _ 1,Acoustic Guitar (steel) _ 1,189600,384
138.352872,0.28235279999998397,40,103,Guitar 2,Acoustic Guitar (steel) _ 1,Acoustic Guitar (steel) _ 1,190080,384
138.352872,0.28235279999998397,47,99,Guitar 2,Acoustic Guitar (steel) _ 1,Acoustic Guitar (steel) _ 1,190080,384
138.352872,0.28235279999998397,52,94,Guitar 2,Acoustic Guitar (steel) _ 1,Acoustic Guitar (steel) _ 1,190080,384
138.352872,0.28235279999998397,56,104,Guitar 2,Acoustic Guitar (steel) _ 1,Acoustic Guitar (steel) _ 1,190080,384
138.352872,0.28235279999998397,59,104,Guitar 2,Acoustic Guitar (steel) _ 1,Acoustic Guitar (steel) _ 1,190080,384
138.352872,0.28235279999998397,64,90,Guitar 2,Acoustic Guitar (steel) _ 1,Acoustic Guitar (steel) _ 1,190080,384
138.70581299999998,0.2823528000000124,40,97,Guitar 2,Acoustic Guitar (steel) _ 1,Acoustic Guitar (steel) _ 1,190560,384
138.70581299999998,0.2823528000000124,47,90,Guitar 2,Acoustic Guitar (steel) _ 1,Acoustic Guitar (steel) _ 1,190560,384
138.70581299999998,0.2823528000000124,52,104,Guitar 2,Acoustic Guitar (steel) _ 1,Acoustic Guitar (steel) _ 1,190560,384
138.70581299999998,0.2823528000000124,56,77,Guitar 2,Acoustic Guitar (steel) _ 1,Acoustic Guitar (steel) _ 1,190560,384
138.70581299999998,0.2823528000000124,59,90,Guitar 2,Acoustic Guitar (steel) _ 1,Acoustic Guitar (steel) _ 1,190560,384
138.70581299999998,0.2823528000000124,64,86,Guitar 2,Acoustic Guitar (steel) _ 1,Acoustic Guitar (steel) _ 1,190560,384
139.058754,0.1411764000000062,40,81,Guitar 2,Acoustic Guitar (steel) _ 1,Acoustic Guitar (steel) _ 1,191040,192
139.058754,0.1411764000000062,47,90,Guitar 2,Acoustic Guitar (steel) _ 1,Acoustic Guitar (steel) _ 1,191040,192
139.058754,0.1411764000000062,52,104,Guitar 2,Acoustic Guitar (steel) _ 1,Acoustic Guitar (steel) _ 1,191040,192
139.058754,0.1411764000000062,56,86,Guitar 2,Acoustic Guitar (steel) _ 1,Acoustic Guitar (steel) _ 1,191040,192
139.058754,0.1411764000000062,59,90,Guitar 2,Acoustic Guitar (steel) _ 1,Acoustic Guitar (steel) _ 1,191040,192
139.058754,0.1411764000000062,64,90,Guitar 2,Acoustic Guitar (steel) _ 1,Acoustic Guitar (steel) _ 1,191040,192
139.2352245,0.1411764000000062,40,80,Guitar 2,Acoustic Guitar (steel) _ 1,Acoustic Guitar (steel) _ 1,191280,192
139.2352245,0.1411764000000062,47,85,Guitar 2,Acoustic Guitar (steel) _ 1,Acoustic Guitar (steel) _ 1,191280,192
139.2352245,0.1411764000000062,52,102,Guitar 2,Acoustic Guitar (steel) _ 1,Acoustic Guitar (steel) _ 1,191280,192
139.2352245,0.1411764000000062,56,97,Guitar 2,Acoustic Guitar (steel) _ 1,Acoustic Guitar (steel) _ 1,191280,192
139.2352245,0.1411764000000062,59,93,Guitar 2,Acoustic Guitar (steel) _ 1,Acoustic Guitar (steel) _ 1,191280,192
139.2352245,0.1411764000000062,64,93,Guitar 2,Acoustic Guitar (steel) _ 1,Acoustic Guitar (steel) _ 1,191280,192
139.41169499999998,0.1411764000000062,40,89,Guitar 2,Acoustic Guitar (steel) _ 1,Acoustic Guitar (steel) _ 1,191520,192
139.41169499999998,0.1411764000000062,47,90,Guitar 2,Acoustic Guitar (steel) _ 1,Acoustic Guitar (steel) _ 1,191520,192
139.41169499999998,0.1411764000000062,52,78,Guitar 2,Acoustic Guitar (steel) _ 1,Acoustic Guitar (steel) _ 1,191520,192
139.41169499999998,0.1411764000000062,56,90,Guitar 2,Acoustic Guitar (steel) _ 1,Acoustic Guitar (steel) _ 1,191520,192
139.41169499999998,0.1411764000000062,59,90,Guitar 2,Acoustic Guitar (steel) _ 1,Acoustic Guitar (steel) _ 1,191520,192
139.41169499999998,0.1411764000000062,64,104,Guitar 2,Acoustic Guitar (steel) _ 1,Acoustic Guitar (steel) _ 1,191520,192
139.5881655,0.14117639999997778,40,91,Guitar 2,Acoustic Guitar (steel) _ 1,Acoustic Guitar (steel) _ 1,191760,192
139.5881655,0.14117639999997778,47,94,Guitar 2,Acoustic Guitar (steel) _ 1,Acoustic Guitar (steel) _ 1,191760,192
139.5881655,0.14117639999997778,52,102,Guitar 2,Acoustic Guitar (steel) _ 1,Acoustic Guitar (steel) _ 1,191760,192
139.5881655,0.14117639999997778,56,91,Guitar 2,Acoustic Guitar (steel) _ 1,Acoustic Guitar (steel) _ 1,191760,192
139.5881655,0.14117639999997778,59,91,Guitar 2,Acoustic Guitar (steel) _ 1,Acoustic Guitar (steel) _ 1,191760,192
139.5881655,0.14117639999997778,64,90,Guitar 2,Acoustic Guitar (steel) _ 1,Acoustic Guitar (steel) _ 1,191760,192
139.764636,0.28235279999998397,40,97,Guitar 2,Acoustic Guitar (steel) _ 1,Acoustic Guitar (steel) _ 1,192000,384
139.764636,0.28235279999998397,47,100,Guitar 2,Acoustic Guitar (steel) _ 1,Acoustic Guitar (steel) _ 1,192000,384
139.764636,0.28235279999998397,52,78,Guitar 2,Acoustic Guitar (steel) _ 1,Acoustic Guitar (steel) _ 1,192000,384
139.764636,0.28235279999998397,56,97,Guitar 2,Acoustic Guitar (steel) _ 1,Acoustic Guitar (steel) _ 1,192000,384
139.764636,0.28235279999998397,59,81,Guitar 2,Acoustic Guitar (steel) _ 1,Acoustic Guitar (steel) _ 1,192000,384
139.764636,0.28235279999998397,64,95,Guitar 2,Acoustic Guitar (steel) _ 1,Acoustic Guitar (steel) _ 1,192000,384
140.11757699999998,0.2823528000000124,40,103,Guitar 2,Acoustic Guitar (steel) _ 1,Acoustic Guitar (steel) _ 1,192480,384
140.11757699999998,0.2823528000000124,47,90,Guitar 2,Acoustic Guitar (steel) _ 1,Acoustic Guitar (steel) _ 1,192480,384
140.11757699999998,0.2823528000000124,52,82,Guitar 2,Acoustic Guitar (steel) _ 1,Acoustic Guitar (steel) _ 1,192480,384
140.11757699999998,0.2823528000000124,56,82,Guitar 2,Acoustic Guitar (steel) _ 1,Acoustic Guitar (steel) _ 1,192480,384
140.11757699999998,0.2823528000000124,59,101,Guitar 2,Acoustic Guitar (steel) _ 1,Acoustic Guitar (steel) _ 1,192480,384
140.11757699999998,0.2823528000000124,64,88,Guitar 2,Acoustic Guitar (steel) _ 1,Acoustic Guitar (steel) _ 1,192480,384
140.470518,0.14117639999997778,40,101,Guitar 2,Acoustic Guitar (steel) _ 1,Acoustic Guitar (steel) _ 1,192960,192
140.470518,0.14117639999997778,47,76,Guitar 2,Acoustic Guitar (steel) _ 1,Acoustic Guitar (steel) _ 1,192960,192
140.470518,0.14117639999997778,52,91,Guitar 2,Acoustic Guitar (steel) _ 1,Acoustic Guitar (steel) _ 1,192960,192
140.470518,0.14117639999997778,56,97,Guitar 2,Acoustic Guitar (steel) _ 1,Acoustic Guitar (steel) _ 1,192960,192
140.470518,0.14117639999997778,59,85,Guitar 2,Acoustic Guitar (steel) _ 1,Acoustic Guitar (steel) _ 1,192960,192
140.470518,0.14117639999997778,64,82,Guitar 2,Acoustic Guitar (steel) _ 1,Acoustic Guitar (steel) _ 1,192960,192
140.6469885,0.1411764000000062,40,93,Guitar 2,Acoustic Guitar (steel) _ 1,Acoustic Guitar (steel) _ 1,193200,192
140.6469885,0.1411764000000062,47,88,Guitar 2,Acoustic Guitar (steel) _ 1,Acoustic Guitar (steel) _ 1,193200,192
140.6469885,0.1411764000000062,52,97,Guitar 2,Acoustic Guitar (steel) _ 1,Acoustic Guitar (steel) _ 1,193200,192
140.6469885,0.1411764000000062,56,86,Guitar 2,Acoustic Guitar (steel) _ 1,Acoustic Guitar (steel) _ 1,193200,192
140.6469885,0.1411764000000062,59,81,Guitar 2,Acoustic Guitar (steel) _ 1,Acoustic Guitar (steel) _ 1,193200,192
140.6469885,0.1411764000000062,64,87,Guitar 2,Acoustic Guitar (steel) _ 1,Acoustic Guitar (steel) _ 1,193200,192
140.82345899999999,0.2823528000000124,40,91,Guitar 2,Acoustic Guitar (steel) _ 1,Acoustic Guitar (steel) _ 1,193440,384
140.82345899999999,0.2823528000000124,47,86,Guitar 2,Acoustic Guitar (steel) _ 1,Acoustic Guitar (steel) _ 1,193440,384
140.82345899999999,0.2823528000000124,52,99,Guitar 2,Acoustic Guitar (steel) _ 1,Acoustic Guitar (steel) _ 1,193440,384
140.82345899999999,0.2823528000000124,56,85,Guitar 2,Acoustic Guitar (steel) _ 1,Acoustic Guitar (steel) _ 1,193440,384
140.82345899999999,0.2823528000000124,59,93,Guitar 2,Acoustic Guitar (steel) _ 1,Acoustic Guitar (steel) _ 1,193440,384
140.82345899999999,0.2823528000000124,64,93,Guitar 2,Acoustic Guitar (steel) _ 1,Acoustic Guitar (steel) _ 1,193440,384
141.1764,2.2588223999999855,45,91,Guitar 2,Acoustic Guitar (steel) _ 1,Acoustic Guitar (steel) _ 1,193920,3072
141.1764,2.2588223999999855,52,103,Guitar 2,Acoustic Guitar (steel) _ 1,Acoustic Guitar (steel) _ 1,193920,3072
141.1764,2.2588223999999855,55,91,Guitar 2,Acoustic Guitar (steel) _ 1,Acoustic Guitar (steel) _ 1,193920,3072
141.1764,2.2588223999999855,61,85,Guitar 2,Acoustic Guitar (steel) _ 1,Acoustic Guitar (steel) _ 1,193920,3072
141.1764,2.2588223999999855,64,97,Guitar 2,Acoustic Guitar (steel) _ 1,Acoustic Guitar (steel) _ 1,193920,3072
143.99992799999998,0.2823528000000124,42,81,Guitar 2,Acoustic Guitar (steel) _ 1,Acoustic Guitar (steel) _ 1,197760,384
143.99992799999998,0.2823528000000124,49,89,Guitar 2,Acoustic Guitar (steel) _ 1,Acoustic Guitar (steel) _ 1,197760,384
143.99992799999998,0.2823528000000124,54,90,Guitar 2,Acoustic Guitar (steel) _ 1,Acoustic Guitar (steel) _ 1,197760,384
143.99992799999998,0.2823528000000124,57,76,Guitar 2,Acoustic Guitar (steel) _ 1,Acoustic Guitar (steel) _ 1,197760,384
143.99992799999998,0.2823528000000124,61,90,Guitar 2,Acoustic Guitar (steel) _ 1,Acoustic Guitar (steel) _ 1,197760,384
143.99992799999998,0.2823528000000124,66,96,Guitar 2,Acoustic Guitar (steel) _ 1,Acoustic Guitar (steel) _ 1,197760,384
144.352869,0.28235279999998397,42,91,Guitar 2,Acoustic Guitar (steel) _ 1,Acoustic Guitar (steel) _ 1,198240,384
144.352869,0.28235279999998397,49,89,Guitar 2,Acoustic Guitar (steel) _ 1,Acoustic Guitar (steel) _ 1,198240,384
144.352869,0.28235279999998397,54,78,Guitar 2,Acoustic Guitar (steel) _ 1,Acoustic Guitar (steel) _ 1,198240,384
144.352869,0.28235279999998397,57,84,Guitar 2,Acoustic Guitar (steel) _ 1,Acoustic Guitar (steel) _ 1,198240,384
144.352869,0.28235279999998397,61,76,Guitar 2,Acoustic Guitar (steel) _ 1,Acoustic Guitar (steel) _ 1,198240,384
144.352869,0.28235279999998397,66,93,Guitar 2,Acoustic Guitar (steel) _ 1,Acoustic Guitar (steel) _ 1,198240,384
144.70580999999999,0.1411764000000062,42,94,Guitar 2,Acoustic Guitar (steel) _ 1,Acoustic Guitar (steel) _ 1,198720,192
144.70580999999999,0.1411764000000062,49,98,Guitar 2,Acoustic Guitar (steel) _ 1,Acoustic Guitar (steel) _ 1,198720,192
144.70580999999999,0.1411764000000062,54,77,Guitar 2,Acoustic Guitar (steel) _ 1,Acoustic Guitar (steel) _ 1,198720,192
144.70580999999999,0.1411764000000062,57,87,Guitar 2,Acoustic Guitar (steel) _ 1,Acoustic Guitar (steel) _ 1,198720,192
144.70580999999999,0.1411764000000062,61,86,Guitar 2,Acoustic Guitar (steel) _ 1,Acoustic Guitar (steel) _ 1,198720,192
144.70580999999999,0.1411764000000062,66,95,Guitar 2,Acoustic Guitar (steel) _ 1,Acoustic Guitar (steel) _ 1,198720,192
144.88228049999998,0.1411764000000062,42,86,Guitar 2,Acoustic Guitar (steel) _ 1,Acoustic Guitar (steel) _ 1,198960,192
144.88228049999998,0.1411764000000062,49,101,Guitar 2,Acoustic Guitar (steel) _ 1,Acoustic Guitar (steel) _ 1,198960,192
144.88228049999998,0.1411764000000062,54,97,Guitar 2,Acoustic Guitar (steel) _ 1,Acoustic Guitar (steel) _ 1,198960,192
144.88228049999998,0.1411764000000062,57,96,Guitar 2,Acoustic Guitar (steel) _ 1,Acoustic Guitar (steel) _ 1,198960,192
144.88228049999998,0.1411764000000062,61,90,Guitar 2,Acoustic Guitar (steel) _ 1,Acoustic Guitar (steel) _ 1,198960,192
144.88228049999998,0.1411764000000062,66,99,Guitar 2,Acoustic Guitar (steel) _ 1,Acoustic Guitar (steel) _ 1,198960,192
145.058751,0.28235279999998397,42,85,Guitar 2,Acoustic Guitar (steel) _ 1,Acoustic Guitar (steel) _ 1,199200,384
145.058751,0.28235279999998397,49,103,Guitar 2,Acoustic Guitar (steel) _ 1,Acoustic Guitar (steel) _ 1,199200,384
145.058751,0.28235279999998397,54,101,Guitar 2,Acoustic Guitar (steel) _ 1,Acoustic Guitar (steel) _ 1,199200,384
145.058751,0.28235279999998397,57,86,Guitar 2,Acoustic Guitar (steel) _ 1,Acoustic Guitar (steel) _ 1,199200,384
145.058751,0.28235279999998397,61,90,Guitar 2,Acoustic Guitar (steel) _ 1,Acoustic Guitar (steel) _ 1,199200,384
145.058751,0.28235279999998397,66,81,Guitar 2,Acoustic Guitar (steel) _ 1,Acoustic Guitar (steel) _ 1,199200,384
145.411692,0.2823528000000124,42,95,Guitar 2,Acoustic Guitar (steel) _ 1,Acoustic Guitar (steel) _ 1,199680,384
145.411692,0.2823528000000124,49,90,Guitar 2,Acoustic Guitar (steel) _ 1,Acoustic Guitar (steel) _ 1,199680,384
145.411692,0.2823528000000124,54,86,Guitar 2,Acoustic Guitar (steel) _ 1,Acoustic Guitar (steel) _ 1,199680,384
145.411692,0.2823528000000124,57,91,Guitar 2,Acoustic Guitar (steel) _ 1,Acoustic Guitar (steel) _ 1,199680,384
145.411692,0.2823528000000124,61,90,Guitar 2,Acoustic Guitar (steel) _ 1,Acoustic Guitar (steel) _ 1,199680,384
145.411692,0.2823528000000124,66,94,Guitar 2,Acoustic Guitar (steel) _ 1,Acoustic Guitar (steel) _ 1,199680,384
145.76463299999998,0.1411764000000062,42,85,Guitar 2,Acoustic Guitar (steel) _ 1,Acoustic Guitar (steel) _ 1,200160,192
145.76463299999998,0.1411764000000062,49,92,Guitar 2,Acoustic Guitar (steel) _ 1,Acoustic Guitar (steel) _ 1,200160,192
145.76463299999998,0.1411764000000062,54,90,Guitar 2,Acoustic Guitar (steel) _ 1,Acoustic Guitar (steel) _ 1,200160,192
145.76463299999998,0.1411764000000062,57,92,Guitar 2,Acoustic Guitar (steel) _ 1,Acoustic Guitar (steel) _ 1,200160,192
145.76463299999998,0.1411764000000062,61,97,Guitar 2,Acoustic Guitar (steel) _ 1,Acoustic Guitar (steel) _ 1,200160,192
145.76463299999998,0.1411764000000062,66,90,Guitar 2,Acoustic Guitar (steel) _ 1,Acoustic Guitar (steel) _ 1,200160,192
145.9411035,0.14117639999997778,42,89,Guitar 2,Acoustic Guitar (steel) _ 1,Acoustic Guitar (steel) _ 1,200400,192
145.9411035,0.14117639999997778,49,90,Guitar 2,Acoustic Guitar (steel) _ 1,Acoustic Guitar (steel) _ 1,200400,192
145.9411035,0.14117639999997778,54,82,Guitar 2,Acoustic Guitar (steel) _ 1,Acoustic Guitar (steel) _ 1,200400,192
145.9411035,0.14117639999997778,57,76,Guitar 2,Acoustic Guitar (steel) _ 1,Acoustic Guitar (steel) _ 1,200400,192
145.9411035,0.14117639999997778,61,82,Guitar 2,Acoustic Guitar (steel) _ 1,Acoustic Guitar (steel) _ 1,200400,192
145.9411035,0.14117639999997778,66,85,Guitar 2,Acoustic Guitar (steel) _ 1,Acoustic Guitar (steel) _ 1,200400,192
146.117574,0.28235279999998397,42,89,Guitar 2,Acoustic Guitar (steel) _ 1,Acoustic Guitar (steel) _ 1,200640,384
146.117574,0.28235279999998397,49,90,Guitar 2,Acoustic Guitar (steel) _ 1,Acoustic Guitar (steel) _ 1,200640,384
146.117574,0.28235279999998397,54,88,Guitar 2,Acoustic Guitar (steel) _ 1,Acoustic Guitar (steel) _ 1,200640,384
146.117574,0.28235279999998397,57,91,Guitar 2,Acoustic Guitar (steel) _ 1,Acoustic Guitar (steel) _ 1,200640,384
146.117574,0.28235279999998397,61,91,Guitar 2,Acoustic Guitar (steel) _ 1,Acoustic Guitar (steel) _ 1,200640,384
146.117574,0.28235279999998397,66,88,Guitar 2,Acoustic Guitar (steel) _ 1,Acoustic Guitar (steel) _ 1,200640,384
146.47051499999998,0.2823528000000124,42,88,Guitar 2,Acoustic Guitar (steel) _ 1,Acoustic Guitar (steel) _ 1,201120,384
146.47051499999998,0.2823528000000124,49,97,Guitar 2,Acoustic Guitar (steel) _ 1,Acoustic Guitar (steel) _ 1,201120,384
146.47051499999998,0.2823528000000124,54,89,Guitar 2,Acoustic Guitar (steel) _ 1,Acoustic Guitar (steel) _ 1,201120,384
146.47051499999998,0.2823528000000124,57,103,Guitar 2,Acoustic Guitar (steel) _ 1,Acoustic Guitar (steel) _ 1,201120,384
146.47051499999998,0.2823528000000124,61,94,Guitar 2,Acoustic Guitar (steel) _ 1,Acoustic Guitar (steel) _ 1,201120,384
146.47051499999998,0.2823528000000124,66,85,Guitar 2,Acoustic Guitar (steel) _ 1,Acoustic Guitar (steel) _ 1,201120,384
146.823456,2.371764000000013,45,91,Guitar 2,Acoustic Guitar (steel) _ 1,Acoustic Guitar (steel) _ 1,201600,3072
146.823456,2.371764000000013,52,85,Guitar 2,Acoustic Guitar (steel) _ 1,Acoustic Guitar (steel) _ 1,201600,3072
146.823456,2.371764000000013,57,86,Guitar 2,Acoustic Guitar (steel) _ 1,Acoustic Guitar (steel) _ 1,201600,3072
146.823456,2.371764000000013,61,101,Guitar 2,Acoustic Guitar (steel) _ 1,Acoustic Guitar (steel) _ 1,201600,3072
146.823456,2.371764000000013,64,84,Guitar 2,Acoustic Guitar (steel) _ 1,Acoustic Guitar (steel) _ 1,201600,3072
0.0,0.28235279999999996,47,109,Bass,Electric Bass (finger) _ 1,Electric Bass (finger) _ 1,1920,384
0.35294099999999995,0.28235279999999974,47,120,Bass,Electric Bass (finger) _ 1,Electric Bass (finger) _ 1,2400,384
0.7058819999999997,0.2823528000000004,47,107,Bass,Electric Bass (finger) _ 1,Electric Bass (finger) _ 1,2880,384
1.058823,0.28235279999999996,47,119,Bass,Electric Bass (finger) _ 1,Electric Bass (finger) _ 1,3360,384
1.411764,0.28235279999999996,47,110,Bass,Electric Bass (finger) _ 1,Electric Bass (finger) _ 1,3840,384
1.764705,0.28235279999999996,47,117,Bass,Electric Bass (finger) _ 1,Electric Bass (finger) _ 1,4320,384
2.1176459999999997,0.28235279999999996,45,103,Bass,Electric Bass (finger) _ 1,Electric Bass (finger) _ 1,4800,384
2.470587,0.28235279999999996,45,119,Bass,Electric Bass (finger) _ 1,Electric Bass (finger) _ 1,5280,384
2.8235279999999996,0.28235279999999996,43,112,Bass,Electric Bass (finger) _ 1,Electric Bass (finger) _ 1,5760,384
3.176469,0.28235279999999996,43,106,Bass,Electric Bass (finger) _ 1,Electric Bass (finger) _ 1,6240,384
3.5294100000000004,0.28235279999999996,43,112,Bass,Electric Bass (finger) _ 1,Electric Bass (finger) _ 1,6720,384
3.882351,0.28235279999999996,43,108,Bass,Electric Bass (finger) _ 1,Electric Bass (finger) _ 1,7200,384
4.235292,0.28235279999999996,43,107,Bass,Electric Bass (finger) _ 1,Electric Bass (finger) _ 1,7680,384
4.588233,0.28235279999999996,43,117,Bass,Electric Bass (finger) _ 1,Electric Bass (finger) _ 1,8160,384
4.941174,0.28235279999999996,42,97,Bass,Electric Bass (finger) _ 1,Electric Bass (finger) _ 1,8640,384
5.294115,0.28235279999999996,42,111,Bass,Electric Bass (finger) _ 1,Electric Bass (finger) _ 1,9120,384
5.647056,0.28235279999999996,40,110,Bass,Electric Bass (finger) _ 1,Electric Bass (finger) _ 1,9600,384
5.999997,0.28235279999999996,40,110,Bass,Electric Bass (finger) _ 1,Electric Bass (finger) _ 1,10080,384
6.352938,0.28235279999999996,40,101,Bass,Electric Bass (finger) _ 1,Electric Bass (finger) _ 1,10560,384
6.7058789999999995,0.28235279999999996,40,110,Bass,Electric Bass (finger) _ 1,Electric Bass (finger) _ 1,11040,384
7.058819999999999,0.28235279999999996,40,117,Bass,Electric Bass (finger) _ 1,Electric Bass (finger) _ 1,11520,384
7.411761,0.28235279999999996,40,110,Bass,Electric Bass (finger) _ 1,Electric Bass (finger) _ 1,12000,384
7.764702,0.28235279999999996,40,97,Bass,Electric Bass (finger) _ 1,Electric Bass (finger) _ 1,12480,384
8.117643,0.33823512500000064,40,103,Bass,Electric Bass (finger) _ 1,Electric Bass (finger) _ 1,12960,460
11.294112,0.42352919999999905,45,114,Bass,Electric Bass (finger) _ 1,Electric Bass (finger) _ 1,17280,576
11.8235235,0.1411763999999991,45,124,Bass,Electric Bass (finger) _ 1,Electric Bass (finger) _ 1,18000,192
11.999994,0.5647055999999999,40,106,Bass,Electric Bass (finger) _ 1,Electric Bass (finger) _ 1,18240,768
12.705876,0.42352919999999905,45,105,Bass,Electric Bass (finger) _ 1,Electric Bass (finger) _ 1,19200,576
13.2352875,0.1411763999999991,45,110,Bass,Electric Bass (finger) _ 1,Electric Bass (finger) _ 1,19920,192
13.411757999999999,0.5647055999999999,40,110,Bass,Electric Bass (finger) _ 1,Electric Bass (finger) _ 1,20160,768
14.11764,0.42352919999999905,37,110,Bass,Electric Bass (finger) _ 1,Electric Bass (finger) _ 1,21120,576
14.647051499999998,0.14117640000000264,37,111,Bass,Electric Bass (finger) _ 1,Electric Bass (finger) _ 1,21840,192
14.823521999999999,0.5647055999999999,44,110,Bass,Electric Bass (finger) _ 1,Electric Bass (finger) _ 1,22080,768
15.529403999999998,0.4235292000000008,37,112,Bass,Electric Bass (finger) _ 1,Electric Bass (finger) _ 1,23040,576
16.058815499999998,0.1411763999999991,37,96,Bass,Electric Bass (finger) _ 1,Electric Bass (finger) _ 1,23760,192
16.235286,0.5647055999999999,44,105,Bass,Electric Bass (finger) _ 1,Electric Bass (finger) _ 1,24000,768
16.941167999999998,0.4235292000000008,42,110,Bass,Electric Bass (finger) _ 1,Electric Bass (finger) _ 1,24960,576
17.470579499999996,0.14117640000000264,42,120,Bass,Electric Bass (finger) _ 1,Electric Bass (finger) _ 1,25680,192
17.647049999999997,0.5647055999999999,37,106,Bass,Electric Bass (finger) _ 1,Electric Bass (finger) _ 1,25920,768
18.352932,0.4235291999999973,42,107,Bass,Electric Bass (finger) _ 1,Electric Bass (finger) _ 1,26880,576
18.882343499999998,0.1411763999999991,42,104,Bass,Electric Bass (finger) _ 1,Electric Bass (finger) _ 1,27600,192
19.058813999999998,0.5647055999999999,37,115,Bass,Electric Bass (finger) _ 1,Electric Bass (finger) _ 1,27840,768
19.764695999999997,0.4235292000000008,38,116,Bass,Electric Bass (finger) _ 1,Electric Bass (finger) _ 1,28800,576
20.2941075,0.1411763999999991,38,101,Bass,Electric Bass (finger) _ 1,Electric Bass (finger) _ 1,29520,192
20.470577999999996,0.5647055999999999,43,109,Bass,Electric Bass (finger) _ 1,Electric Bass (finger) _ 1,29760,768
21.17646,0.4235291999999973,45,112,Bass,Electric Bass (finger) _ 1,Electric Bass (finger) _ 1,30720,576
21.705871499999997,0.1411763999999991,45,114,Bass,Electric Bass (finger) _ 1,Electric Bass (finger) _ 1,31440,192
21.882341999999998,0.2823527999999982,40,110,Bass,Electric Bass (finger) _ 1,Electric Bass (finger) _ 1,31680,384
22.235283,0.2823527999999982,43,110,Bass,Electric Bass (finger) _ 1,Electric Bass (finger) _ 1,32160,384
22.588223999999997,0.4235292000000008,45,110,Bass,Electric Bass (finger) _ 1,Electric Bass (finger) _ 1,32640,576
23.1176355,0.1411763999999991,45,110,Bass,Electric Bass (finger) _ 1,Electric Bass (finger) _ 1,33360,192
23.294105999999996,0.5647055999999999,40,96,Bass,Electric Bass (finger) _ 1,Electric Bass (finger) _ 1,33600,768
23.999988,0.4235291999999973,45,119,Bass,Electric Bass (finger) _ 1,Electric Bass (finger) _ 1,34560,576
24.529399499999997,0.1411763999999991,45,111,Bass,Electric Bass (finger) _ 1,Electric Bass (finger) _ 1,35280,192
24.705869999999997,0.5647055999999999,40,120,Bass,Electric Bass (finger) _ 1,Electric Bass (finger) _ 1,35520,768
25.411751999999996,0.4235292000000008,37,123,Bass,Electric Bass (finger) _ 1,Electric Bass (finger) _ 1,36480,576
25.9411635,0.1411763999999991,37,110,Bass,Electric Bass (finger) _ 1,Electric Bass (finger) _ 1,37200,192
26.117634,0.5647055999999999,44,110,Bass,Electric Bass (finger) _ 1,Electric Bass (finger) _ 1,37440,768
26.823515999999998,0.4235292000000008,37,112,Bass,Electric Bass (finger) _ 1,Electric Bass (finger) _ 1,38400,576
27.352927499999996,0.1411763999999991,37,105,Bass,Electric Bass (finger) _ 1,Electric Bass (finger) _ 1,39120,192
27.529397999999997,0.5647055999999999,44,110,Bass,Electric Bass (finger) _ 1,Electric Bass (finger) _ 1,39360,768
28.235279999999996,0.4235292000000008,42,117,Bass,Electric Bass (finger) _ 1,Electric Bass (finger) _ 1,40320,576
28.764691499999998,0.1411763999999991,42,106,Bass,Electric Bass (finger) _ 1,Electric Bass (finger) _ 1,41040,192
28.941162,0.5647055999999999,37,110,Bass,Electric Bass (finger) _ 1,Electric Bass (finger) _ 1,41280,768
29.647043999999998,0.4235292000000008,42,109,Bass,Electric Bass (finger) _ 1,Electric Bass (finger) _ 1,42240,576
30.176455499999996,0.14117640000000264,42,110,Bass,Electric Bass (finger) _ 1,Electric Bass (finger) _ 1,42960,192
30.352925999999997,0.5647055999999999,37,110,Bass,Electric Bass (finger) _ 1,Electric Bass (finger) _ 1,43200,768
31.058807999999996,0.4235292000000044,38,115,Bass,Electric Bass (finger) _ 1,Electric Bass (finger) _ 1,44160,576
31.588219499999997,0.1411763999999991,38,111,Bass,Electric Bass (finger) _ 1,Electric Bass (finger) _ 1,44880,192
31.764689999999998,0.5647055999999964,43,116,Bass,Electric Bass (finger) _ 1,Electric Bass (finger) _ 1,45120,768
32.470572,0.1411764000000062,45,97,Bass,Electric Bass (finger) _ 1,Electric Bass (finger) _ 1,46080,192
32.6470425,0.1411764000000062,45,115,Bass,Electric Bass (finger) _ 1,Electric Bass (finger) _ 1,46320,192
32.823513,0.1411763999999991,45,110,Bass,Electric Bass (finger) _ 1,Electric Bass (finger) _ 1,46560,192
32.9999835,0.1411763999999991,45,98,Bass,Electric Bass (finger) _ 1,Electric Bass (finger) _ 1,46800,192
33.176454,0.1411763999999991,45,111,Bass,Electric Bass (finger) _ 1,Electric Bass (finger) _ 1,47040,192
33.3529245,0.1411763999999991,45,110,Bass,Electric Bass (finger) _ 1,Electric Bass (finger) _ 1,47280,192
33.529395,0.1411763999999991,45,116,Bass,Electric Bass (finger) _ 1,Electric Bass (finger) _ 1,47520,192
33.7058655,0.1411763999999991,45,107,Bass,Electric Bass (finger) _ 1,Electric Bass (finger) _ 1,47760,192
33.882336,0.2823527999999982,35,123,Bass,Electric Bass (finger) _ 1,Electric Bass (finger) _ 1,48000,384
34.235277,0.2823527999999982,35,109,Bass,Electric Bass (finger) _ 1,Electric Bass (finger) _ 1,48480,384
34.588218,0.2823528000000053,30,115,Bass,Electric Bass (finger) _ 1,Electric Bass (finger) _ 1,48960,384
34.941159,0.2823527999999982,30,110,Bass,Electric Bass (finger) _ 1,Electric Bass (finger) _ 1,49440,384
35.2941,0.2823527999999982,35,110,Bass,Electric Bass (finger) _ 1,Electric Bass (finger) _ 1,49920,384
35.647041,0.2823527999999982,35,124,Bass,Electric Bass (finger) _ 1,Electric Bass (finger) _ 1,50400,384
35.999982,0.2823527999999982,30,114,Bass,Electric Bass (finger) _ 1,Electric Bass (finger) _ 1,50880,384
36.352923,0.2823528000000053,30,110,Bass,Electric Bass (finger) _ 1,Electric Bass (finger) _ 1,51360,384
36.705864,0.2823528000000053,35,107,Bass,Electric Bass (finger) _ 1,Electric Bass (finger) _ 1,51840,384
37.058805,0.2823527999999982,35,109,Bass,Electric Bass (finger) _ 1,Electric Bass (finger) _ 1,52320,384
37.411746,0.2823527999999982,30,96,Bass,Electric Bass (finger) _ 1,Electric Bass (finger) _ 1,52800,384
37.764687,0.2823527999999982,30,105,Bass,Electric Bass (finger) _ 1,Electric Bass (finger) _ 1,53280,384
38.117628,0.2823527999999982,35,115,Bass,Electric Bass (finger) _ 1,Electric Bass (finger) _ 1,53760,384
38.470569,0.2823528000000053,35,109,Bass,Electric Bass (finger) _ 1,Electric Bass (finger) _ 1,54240,384
38.82351,0.2823527999999982,33,110,Bass,Electric Bass (finger) _ 1,Electric Bass (finger) _ 1,54720,384
39.176451,0.2823527999999982,33,103,Bass,Electric Bass (finger) _ 1,Electric Bass (finger) _ 1,55200,384
39.529392,0.2823527999999982,31,111,Bass,Electric Bass (finger) _ 1,Electric Bass (finger) _ 1,55680,384
39.882333,0.2823527999999982,31,109,Bass,Electric Bass (finger) _ 1,Electric Bass (finger) _ 1,56160,384
40.235274,0.2823528000000053,38,109,Bass,Electric Bass (finger) _ 1,Electric Bass (finger) _ 1,56640,384
40.588215,0.2823528000000053,38,102,Bass,Electric Bass (finger) _ 1,Electric Bass (finger) _ 1,57120,384
40.941156,0.2823527999999982,31,109,Bass,Electric Bass (finger) _ 1,Electric Bass (finger) _ 1,57600,384
41.294097,0.2823527999999982,31,96,Bass,Electric Bass (finger) _ 1,Electric Bass (finger) _ 1,58080,384
41.647038,0.2823527999999982,38,107,Bass,Electric Bass (finger) _ 1,Electric Bass (finger) _ 1,58560,384
41.999979,0.2823527999999982,38,110,Bass,Electric Bass (finger) _ 1,Electric Bass (finger) _ 1,59040,384
42.35292,0.2823528000000053,31,115,Bass,Electric Bass (finger) _ 1,Electric Bass (finger) _ 1,59520,384
42.705861,0.2823527999999982,31,118,Bass,Electric Bass (finger) _ 1,Electric Bass (finger) _ 1,60000,384
43.058802,0.2823527999999982,38,100,Bass,Electric Bass (finger) _ 1,Electric Bass (finger) _ 1,60480,384
43.411743,0.2823527999999982,38,110,Bass,Electric Bass (finger) _ 1,Electric Bass (finger) _ 1,60960,384
43.764684,0.2823527999999982,31,111,Bass,Electric Bass (finger) _ 1,Electric Bass (finger) _ 1,61440,384
44.117625,0.2823528000000053,31,110,Bass,Electric Bass (finger) _ 1,Electric Bass (finger) _ 1,61920,384
44.470566,0.2823528000000053,30,117,Bass,Electric Bass (finger) _ 1,Electric Bass (finger) _ 1,62400,384
44.823507,0.2823527999999982,30,95,Bass,Electric Bass (finger) _ 1,Electric Bass (finger) _ 1,62880,384
45.176448,0.2823527999999982,28,110,Bass,Electric Bass (finger) _ 1,Electric Bass (finger) _ 1,63360,384
45.529389,0.2823527999999982,28,109,Bass,Electric Bass (finger) _ 1,Electric Bass (finger) _ 1,63840,384
45.88233,0.2823527999999982,32,115,Bass,Electric Bass (finger) _ 1,Electric Bass (finger) _ 1,64320,384
46.235271,0.2823528000000053,32,96,Bass,Electric Bass (finger) _ 1,Electric Bass (finger) _ 1,64800,384
46.588212,0.2823527999999982,35,105,Bass,Electric Bass (finger) _ 1,Electric Bass (finger) _ 1,65280,384
46.941153,0.2823527999999982,35,110,Bass,Electric Bass (finger) _ 1,Electric Bass (finger) _ 1,65760,384
47.294094,0.2823527999999982,32,109,Bass,Electric Bass (finger) _ 1,Electric Bass (finger) _ 1,66240,384
47.647035,0.2823527999999982,35,110,Bass,Electric Bass (finger) _ 1,Electric Bass (finger) _ 1,66720,384
47.999976,0.2823528000000053,28,107,Bass,Electric Bass (finger) _ 1,Electric Bass (finger) _ 1,67200,384
48.352917,0.2823528000000053,28,107,Bass,Electric Bass (finger) _ 1,Electric Bass (finger) _ 1,67680,384
48.705858,0.2823527999999982,32,124,Bass,Electric Bass (finger) _ 1,Electric Bass (finger) _ 1,68160,384
49.058799,0.2823527999999982,32,104,Bass,Electric Bass (finger) _ 1,Electric Bass (finger) _ 1,68640,384
49.41174,0.2823527999999982,35,114,Bass,Electric Bass (finger) _ 1,Electric Bass (finger) _ 1,69120,384
49.764681,0.2823527999999982,35,124,Bass,Electric Bass (finger) _ 1,Electric Bass (finger) _ 1,69600,384
50.117622,0.2823528000000053,32,119,Bass,Electric Bass (finger) _ 1,Electric Bass (finger) _ 1,70080,384
50.470563,0.2823527999999982,35,96,Bass,Electric Bass (finger) _ 1,Electric Bass (finger) _ 1,70560,384
50.823504,2.2588223999999997,33,124,Bass,Electric Bass (finger) _ 1,Electric Bass (finger) _ 1,71040,3072
53.647032,0.5647055999999964,45,110,Bass,Electric Bass (finger) _ 1,Electric Bass (finger) _ 1,74880,768
54.352914,0.5647056000000035,40,112,Bass,Electric Bass (finger) _ 1,Electric Bass (finger) _ 1,75840,768
55.058796,0.4235291999999973,45,110,Bass,Electric Bass (finger) _ 1,Electric Bass (finger) _ 1,76800,576
55.5882075,0.1411763999999991,45,99,Bass,Electric Bass (finger) _ 1,Electric Bass (finger) _ 1,77520,192
55.764677999999996,0.2823528000000053,40,123,Bass,Electric Bass (finger) _ 1,Electric Bass (finger) _ 1,77760,384
56.117619,0.2823527999999982,43,121,Bass,Electric Bass (finger) _ 1,Electric Bass (finger) _ 1,78240,384
56.47056,0.4235291999999973,45,101,Bass,Electric Bass (finger) _ 1,Electric Bass (finger) _ 1,78720,576
56.9999715,0.1411763999999991,45,111,Bass,Electric Bass (finger) _ 1,Electric Bass (finger) _ 1,79440,192
57.176442,0.5647055999999964,40,119,Bass,Electric Bass (finger) _ 1,Electric Bass (finger) _ 1,79680,768
57.882324,0.4235292000000044,45,108,Bass,Electric Bass (finger) _ 1,Electric Bass (finger) _ 1,80640,576
58.4117355,0.1411763999999991,45,113,Bass,Electric Bass (finger) _ 1,Electric Bass (finger) _ 1,81360,192
58.588206,0.5647055999999964,40,116,Bass,Electric Bass (finger) _ 1,Electric Bass (finger) _ 1,81600,768
59.294088,0.4235291999999973,37,114,Bass,Electric Bass (finger) _ 1,Electric Bass (finger) _ 1,82560,576
59.8234995,0.1411763999999991,37,117,Bass,Electric Bass (finger) _ 1,Electric Bass (finger) _ 1,83280,192
59.99997,0.5647056000000035,32,110,Bass,Electric Bass (finger) _ 1,Electric Bass (finger) _ 1,83520,768
60.705852,0.4235291999999973,37,124,Bass,Electric Bass (finger) _ 1,Electric Bass (finger) _ 1,84480,576
61.2352635,0.1411763999999991,37,117,Bass,Electric Bass (finger) _ 1,Electric Bass (finger) _ 1,85200,192
61.411733999999996,0.5647056000000035,32,110,Bass,Electric Bass (finger) _ 1,Electric Bass (finger) _ 1,85440,768
62.117616,0.4235292000000044,42,125,Bass,Electric Bass (finger) _ 1,Electric Bass (finger) _ 1,86400,576
62.6470275,0.14117639999999199,42,99,Bass,Electric Bass (finger) _ 1,Electric Bass (finger) _ 1,87120,192
62.823497999999994,0.5647056000000106,37,110,Bass,Electric Bass (finger) _ 1,Electric Bass (finger) _ 1,87360,768
63.529379999999996,0.4235292000000044,42,114,Bass,Electric Bass (finger) _ 1,Electric Bass (finger) _ 1,88320,576
64.0587915,0.14117639999999199,42,118,Bass,Electric Bass (finger) _ 1,Electric Bass (finger) _ 1,89040,192
64.23526199999999,0.5647055999999964,37,123,Bass,Electric Bass (finger) _ 1,Electric Bass (finger) _ 1,89280,768
64.941144,0.4235292000000044,38,111,Bass,Electric Bass (finger) _ 1,Electric Bass (finger) _ 1,90240,576
65.47055549999999,0.1411764000000062,38,97,Bass,Electric Bass (finger) _ 1,Electric Bass (finger) _ 1,90960,192
65.647026,0.5647055999999964,43,99,Bass,Electric Bass (finger) _ 1,Electric Bass (finger) _ 1,91200,768
66.35290799999999,0.4235292000000044,45,108,Bass,Electric Bass (finger) _ 1,Electric Bass (finger) _ 1,92160,576
66.8823195,0.14117639999999199,45,116,Bass,Electric Bass (finger) _ 1,Electric Bass (finger) _ 1,92880,192
67.05878999999999,0.2823527999999982,40,104,Bass,Electric Bass (finger) _ 1,Electric Bass (finger) _ 1,93120,384
67.41173099999999,0.2823527999999982,43,104,Bass,Electric Bass (finger) _ 1,Electric Bass (finger) _ 1,93600,384
67.76467199999999,0.4235292000000044,45,109,Bass,Electric Bass (finger) _ 1,Electric Bass (finger) _ 1,94080,576
68.29408349999999,0.1411764000000062,45,96,Bass,Electric Bass (finger) _ 1,Electric Bass (finger) _ 1,94800,192
68.47055399999999,0.5647055999999964,40,105,Bass,Electric Bass (finger) _ 1,Electric Bass (finger) _ 1,95040,768
69.176436,0.42352919999999017,45,120,Bass,Electric Bass (finger) _ 1,Electric Bass (finger) _ 1,96000,576
69.70584749999999,0.1411764000000062,45,102,Bass,Electric Bass (finger) _ 1,Electric Bass (finger) _ 1,96720,192
69.882318,0.5647055999999964,40,104,Bass,Electric Bass (finger) _ 1,Electric Bass (finger) _ 1,96960,768
70.58819999999999,0.4235292000000044,37,106,Bass,Electric Bass (finger) _ 1,Electric Bass (finger) _ 1,97920,576
71.1176115,0.14117639999999199,37,104,Bass,Electric Bass (finger) _ 1,Electric Bass (finger) _ 1,98640,192
71.29408199999999,0.5647055999999964,44,110,Bass,Electric Bass (finger) _ 1,Electric Bass (finger) _ 1,98880,768
71.99996399999999,0.4235292000000044,37,109,Bass,Electric Bass (finger) _ 1,Electric Bass (finger) _ 1,99840,576
72.52937549999999,0.1411764000000062,37,99,Bass,Electric Bass (finger) _ 1,Electric Bass (finger) _ 1,100560,192
72.705846,0.5647055999999964,44,110,Bass,Electric Bass (finger) _ 1,Electric Bass (finger) _ 1,100800,768
73.411728,0.42352919999999017,42,110,Bass,Electric Bass (finger) _ 1,Electric Bass (finger) _ 1,101760,576
73.94113949999999,0.1411764000000062,42,102,Bass,Electric Bass (finger) _ 1,Electric Bass (finger) _ 1,102480,192
74.11760999999998,0.5647056000000106,37,110,Bass,Electric Bass (finger) _ 1,Electric Bass (finger) _ 1,102720,768
74.82349199999999,0.4235292000000044,42,112,Bass,Electric Bass (finger) _ 1,Electric Bass (finger) _ 1,103680,576
75.3529035,0.14117639999999199,42,102,Bass,Electric Bass (finger) _ 1,Electric Bass (finger) _ 1,104400,192
75.52937399999999,0.5647055999999964,37,102,Bass,Electric Bass (finger) _ 1,Electric Bass (finger) _ 1,104640,768
76.23525599999999,0.4235292000000044,38,110,Bass,Electric Bass (finger) _ 1,Electric Bass (finger) _ 1,105600,576
76.76466749999999,0.1411764000000062,38,110,Bass,Electric Bass (finger) _ 1,Electric Bass (finger) _ 1,106320,192
76.941138,0.5647055999999964,43,120,Bass,Electric Bass (finger) _ 1,Electric Bass (finger) _ 1,106560,768
77.64702,0.14117639999999199,45,108,Bass,Electric Bass (finger) _ 1,Electric Bass (finger) _ 1,107520,192
77.82349049999999,0.1411764000000062,45,105,Bass,Electric Bass (finger) _ 1,Electric Bass (finger) _ 1,107760,192
77.99996099999998,0.1411764000000062,45,110,Bass,Electric Bass (finger) _ 1,Electric Bass (finger) _ 1,108000,192
78.17643149999999,0.14117639999999199,45,109,Bass,Electric Bass (finger) _ 1,Electric Bass (finger) _ 1,108240,192
78.35290199999999,0.1411764000000062,45,109,Bass,Electric Bass (finger) _ 1,Electric Bass (finger) _ 1,108480,192
78.5293725,0.14117639999999199,45,109,Bass,Electric Bass (finger) _ 1,Electric Bass (finger) _ 1,108720,192
78.70584299999999,0.1411764000000062,45,109,Bass,Electric Bass (finger) _ 1,Electric Bass (finger) _ 1,108960,192
78.8823135,0.14117639999999199,45,110,Bass,Electric Bass (finger) _ 1,Electric Bass (finger) _ 1,109200,192
79.05878399999999,0.2823527999999982,35,104,Bass,Electric Bass (finger) _ 1,Electric Bass (finger) _ 1,109440,384
79.41172499999999,0.2823527999999982,35,96,Bass,Electric Bass (finger) _ 1,Electric Bass (finger) _ 1,109920,384
79.76466599999999,0.2823527999999982,30,114,Bass,Electric Bass (finger) _ 1,Electric Bass (finger) _ 1,110400,384
80.11760699999999,0.2823527999999982,30,124,Bass,Electric Bass (finger) _ 1,Electric Bass (finger) _ 1,110880,384
80.470548,0.2823527999999982,35,110,Bass,Electric Bass (finger) _ 1,Electric Bass (finger) _ 1,111360,384
80.823489,0.2823527999999982,35,110,Bass,Electric Bass (finger) _ 1,Electric Bass (finger) _ 1,111840,384
81.17643,0.2823527999999982,30,124,Bass,Electric Bass (finger) _ 1,Electric Bass (finger) _ 1,112320,384
81.529371,0.2823527999999982,30,111,Bass,Electric Bass (finger) _ 1,Electric Bass (finger) _ 1,112800,384
81.88231199999998,0.2823528000000124,35,113,Bass,Electric Bass (finger) _ 1,Electric Bass (finger) _ 1,113280,384
82.23525299999999,0.2823527999999982,35,124,Bass,Electric Bass (finger) _ 1,Electric Bass (finger) _ 1,113760,384
82.58819399999999,0.2823527999999982,30,110,Bass,Electric Bass (finger) _ 1,Electric Bass (finger) _ 1,114240,384
82.94113499999999,0.2823527999999982,30,110,Bass,Electric Bass (finger) _ 1,Electric Bass (finger) _ 1,114720,384
83.29407599999999,0.2823527999999982,35,114,Bass,Electric Bass (finger) _ 1,Electric Bass (finger) _ 1,115200,384
83.64701699999999,0.2823527999999982,35,116,Bass,Electric Bass (finger) _ 1,Electric Bass (finger) _ 1,115680,384
83.99995799999999,0.2823527999999982,33,96,Bass,Electric Bass (finger) _ 1,Electric Bass (finger) _ 1,116160,384
84.352899,0.2823527999999982,33,110,Bass,Electric Bass (finger) _ 1,Electric Bass (finger) _ 1,116640,384
84.70584,0.2823527999999982,31,108,Bass,Electric Bass (finger) _ 1,Electric Bass (finger) _ 1,117120,384
85.058781,0.2823527999999982,31,107,Bass,Electric Bass (finger) _ 1,Electric Bass (finger) _ 1,117600,384
85.411722,0.2823527999999982,38,115,Bass,Electric Bass (finger) _ 1,Electric Bass (finger) _ 1,118080,384
85.76466299999998,0.2823528000000124,38,110,Bass,Electric Bass (finger) _ 1,Electric Bass (finger) _ 1,118560,384
86.11760399999999,0.2823527999999982,31,111,Bass,Electric Bass (finger) _ 1,Electric Bass (finger) _ 1,119040,384
86.47054499999999,0.2823527999999982,31,108,Bass,Electric Bass (finger) _ 1,Electric Bass (finger) _ 1,119520,384
86.82348599999999,0.2823527999999982,38,102,Bass,Electric Bass (finger) _ 1,Electric Bass (finger) _ 1,120000,384
87.17642699999999,0.2823527999999982,38,123,Bass,Electric Bass (finger) _ 1,Electric Bass (finger) _ 1,120480,384
87.52936799999999,0.2823527999999982,31,111,Bass,Electric Bass (finger) _ 1,Electric Bass (finger) _ 1,120960,384
87.88230899999999,0.2823527999999982,31,99,Bass,Electric Bass (finger) _ 1,Electric Bass (finger) _ 1,121440,384
88.23525,0.2823527999999982,38,113,Bass,Electric Bass (finger) _ 1,Electric Bass (finger) _ 1,121920,384
88.588191,0.2823527999999982,38,109,Bass,Electric Bass (finger) _ 1,Electric Bass (finger) _ 1,122400,384
88.941132,0.2823527999999982,31,110,Bass,Electric Bass (finger) _ 1,Electric Bass (finger) _ 1,122880,384
89.294073,0.2823527999999982,31,119,Bass,Electric Bass (finger) _ 1,Electric Bass (finger) _ 1,123360,384
89.64701399999998,0.2823528000000124,30,110,Bass,Electric Bass (finger) _ 1,Electric Bass (finger) _ 1,123840,384
89.99995499999999,0.2823527999999982,30,113,Bass,Electric Bass (finger) _ 1,Electric Bass (finger) _ 1,124320,384
90.35289599999999,0.2823527999999982,28,124,Bass,Electric Bass (finger) _ 1,Electric Bass (finger) _ 1,124800,384
90.70583699999999,0.2823527999999982,28,103,Bass,Electric Bass (finger) _ 1,Electric Bass (finger) _ 1,125280,384
91.05877799999999,0.2823527999999982,32,98,Bass,Electric Bass (finger) _ 1,Electric Bass (finger) _ 1,125760,384
91.41171899999999,0.2823527999999982,32,113,Bass,Electric Bass (finger) _ 1,Electric Bass (finger) _ 1,126240,384
91.76465999999999,0.2823527999999982,35,104,Bass,Electric Bass (finger) _ 1,Electric Bass (finger) _ 1,126720,384
92.117601,0.2823527999999982,35,110,Bass,Electric Bass (finger) _ 1,Electric Bass (finger) _ 1,127200,384
92.470542,0.2823527999999982,32,109,Bass,Electric Bass (finger) _ 1,Electric Bass (finger) _ 1,127680,384
92.823483,0.2823527999999982,35,123,Bass,Electric Bass (finger) _ 1,Electric Bass (finger) _ 1,128160,384
93.176424,0.2823527999999982,28,105,Bass,Electric Bass (finger) _ 1,Electric Bass (finger) _ 1,128640,384
93.52936499999998,0.2823528000000124,28,102,Bass,Electric Bass (finger) _ 1,Electric Bass (finger) _ 1,129120,384
93.88230599999999,0.2823527999999982,32,122,Bass,Electric Bass (finger) _ 1,Electric Bass (finger) _ 1,129600,384
94.23524699999999,0.2823527999999982,32,106,Bass,Electric Bass (finger) _ 1,Electric Bass (finger) _ 1,130080,384
94.58818799999999,0.2823527999999982,35,110,Bass,Electric Bass (finger) _ 1,Electric Bass (finger) _ 1,130560,384
94.94112899999999,0.2823527999999982,35,115,Bass,Electric Bass (finger) _ 1,Electric Bass (finger) _ 1,131040,384
95.29406999999999,0.2823527999999982,32,113,Bass,Electric Bass (finger) _ 1,Electric Bass (finger) _ 1,131520,384
95.64701099999999,0.2823527999999982,35,100,Bass,Electric Bass (finger) _ 1,Electric Bass (finger) _ 1,132000,384
95.999952,2.2588223999999997,33,109,Bass,Electric Bass (finger) _ 1,Electric Bass (finger) _ 1,132480,3072
98.82347999999999,0.5647055999999964,45,107,Bass,Electric Bass (finger) _ 1,Electric Bass (finger) _ 1,136320,768
99.52936199999999,0.5647055999999964,40,106,Bass,Electric Bass (finger) _ 1,Electric Bass (finger) _ 1,137280,768
100.235244,0.42352919999999017,45,110,Bass,Electric Bass (finger) _ 1,Electric Bass (finger) _ 1,138240,576
100.76465549999999,0.1411764000000062,45,114,Bass,Electric Bass (finger) _ 1,Electric Bass (finger) _ 1,138960,192
100.941126,0.2823527999999982,40,114,Bass,Electric Bass (finger) _ 1,Electric Bass (finger) _ 1,139200,384
101.29406699999998,0.2823528000000124,40,110,Bass,Electric Bass (finger) _ 1,Electric Bass (finger) _ 1,139680,384
101.64700799999999,2.2588223999999997,33,118,Bass,Electric Bass (finger) _ 1,Electric Bass (finger) _ 1,140160,3072
104.470536,2.2588223999999997,37,120,Bass,Electric Bass (finger) _ 1,Electric Bass (finger) _ 1,144000,3072
107.29406399999999,2.541175199999998,42,119,Bass,Electric Bass (finger) _ 1,Electric Bass (finger) _ 1,147840,3456
110.11759199999999,0.5647055999999964,45,112,Bass,Electric Bass (finger) _ 1,Electric Bass (finger) _ 1,151680,768
110.11759199999999,0.5647055999999964,38,108,Bass,Electric Bass (finger) _ 1,Electric Bass (finger) _ 1,151680,768
110.82347399999999,0.5647055999999964,38,100,Bass,Electric Bass (finger) _ 1,Electric Bass (finger) _ 1,152640,768
110.82347399999999,0.5647055999999964,31,106,Bass,Electric Bass (finger) _ 1,Electric Bass (finger) _ 1,152640,768
111.52935599999999,1.1294111999999927,40,121,Bass,Electric Bass (finger) _ 1,Electric Bass (finger) _ 1,153600,1536
111.52935599999999,1.1294111999999927,33,107,Bass,Electric Bass (finger) _ 1,Electric Bass (finger) _ 1,153600,1536
112.94111999999998,0.4235292000000044,45,110,Bass,Electric Bass (finger) _ 1,Electric Bass (finger) _ 1,155520,576
113.47053149999999,0.14117639999999199,45,110,Bass,Electric Bass (finger) _ 1,Electric Bass (finger) _ 1,156240,192
113.64700199999999,0.5647055999999964,40,113,Bass,Electric Bass (finger) _ 1,Electric Bass (finger) _ 1,156480,768
114.35288399999999,0.4235292000000044,45,110,Bass,Electric Bass (finger) _ 1,Electric Bass (finger) _ 1,157440,576
114.88229549999998,0.1411764000000062,45,111,Bass,Electric Bass (finger) _ 1,Electric Bass (finger) _ 1,158160,192
115.05876599999999,0.5647055999999964,40,108,Bass,Electric Bass (finger) _ 1,Electric Bass (finger) _ 1,158400,768
115.764648,0.42352919999999017,37,110,Bass,Electric Bass (finger) _ 1,Electric Bass (finger) _ 1,159360,576
116.29405949999999,0.1411764000000062,37,95,Bass,Electric Bass (finger) _ 1,Electric Bass (finger) _ 1,160080,192
116.47053,0.5647055999999964,44,115,Bass,Electric Bass (finger) _ 1,Electric Bass (finger) _ 1,160320,768
117.17641199999998,0.4235292000000044,37,117,Bass,Electric Bass (finger) _ 1,Electric Bass (finger) _ 1,161280,576
117.7058235,0.14117639999999199,37,95,Bass,Electric Bass (finger) _ 1,Electric Bass (finger) _ 1,162000,192
117.88229399999999,0.5647055999999964,44,111,Bass,Electric Bass (finger) _ 1,Electric Bass (finger) _ 1,162240,768
118.58817599999999,0.4235292000000044,42,109,Bass,Electric Bass (finger) _ 1,Electric Bass (finger) _ 1,163200,576
119.11758749999998,0.1411764000000062,42,116,Bass,Electric Bass (finger) _ 1,Electric Bass (finger) _ 1,163920,192
119.29405799999999,0.5647055999999964,37,103,Bass,Electric Bass (finger) _ 1,Electric Bass (finger) _ 1,164160,768
119.99994,0.42352919999999017,42,111,Bass,Electric Bass (finger) _ 1,Electric Bass (finger) _ 1,165120,576
120.52935149999999,0.1411764000000062,42,123,Bass,Electric Bass (finger) _ 1,Electric Bass (finger) _ 1,165840,192
120.70582199999998,0.5647056000000106,37,110,Bass,Electric Bass (finger) _ 1,Electric Bass (finger) _ 1,166080,768
121.41170399999999,0.4235292000000044,38,119,Bass,Electric Bass (finger) _ 1,Electric Bass (finger) _ 1,167040,576
121.9411155,0.14117639999999199,38,108,Bass,Electric Bass (finger) _ 1,Electric Bass (finger) _ 1,167760,192
122.11758599999999,0.5647055999999964,43,121,Bass,Electric Bass (finger) _ 1,Electric Bass (finger) _ 1,168000,768
122.82346799999999,0.14117639999999199,45,110,Bass,Electric Bass (finger) _ 1,Electric Bass (finger) _ 1,168960,192
122.99993849999998,0.1411764000000062,45,115,Bass,Electric Bass (finger) _ 1,Electric Bass (finger) _ 1,169200,192
123.17640899999999,0.14117639999999199,45,112,Bass,Electric Bass (finger) _ 1,Electric Bass (finger) _ 1,169440,192
123.35287949999999,0.1411764000000062,45,97,Bass,Electric Bass (finger) _ 1,Electric Bass (finger) _ 1,169680,192
123.52935,0.14117639999999199,45,109,Bass,Electric Bass (finger) _ 1,Electric Bass (finger) _ 1,169920,192
123.70582049999999,0.1411764000000062,45,108,Bass,Electric Bass (finger) _ 1,Electric Bass (finger) _ 1,170160,192
123.882291,0.14117639999999199,45,100,Bass,Electric Bass (finger) _ 1,Electric Bass (finger) _ 1,170400,192
124.05876149999999,0.1411764000000062,45,110,Bass,Electric Bass (finger) _ 1,Electric Bass (finger) _ 1,170640,192
124.23523199999998,0.2823528000000124,35,104,Bass,Electric Bass (finger) _ 1,Electric Bass (finger) _ 1,170880,384
124.58817299999998,0.2823528000000124,35,112,Bass,Electric Bass (finger) _ 1,Electric Bass (finger) _ 1,171360,384
124.94111399999998,0.2823527999999982,30,109,Bass,Electric Bass (finger) _ 1,Electric Bass (finger) _ 1,171840,384
125.29405499999999,0.2823527999999982,30,115,Bass,Electric Bass (finger) _ 1,Electric Bass (finger) _ 1,172320,384
125.64699599999999,0.2823527999999982,35,109,Bass,Electric Bass (finger) _ 1,Electric Bass (finger) _ 1,172800,384
125.99993699999999,0.2823527999999982,35,111,Bass,Electric Bass (finger) _ 1,Electric Bass (finger) _ 1,173280,384
126.35287799999999,0.2823527999999982,30,104,Bass,Electric Bass (finger) _ 1,Electric Bass (finger) _ 1,173760,384
126.70581899999999,0.28235279999998397,30,104,Bass,Electric Bass (finger) _ 1,Electric Bass (finger) _ 1,174240,384
127.05875999999998,0.2823528000000124,35,106,Bass,Electric Bass (finger) _ 1,Electric Bass (finger) _ 1,174720,384
127.411701,0.28235279999998397,35,110,Bass,Electric Bass (finger) _ 1,Electric Bass (finger) _ 1,175200,384
127.76464199999998,0.2823528000000124,30,95,Bass,Electric Bass (finger) _ 1,Electric Bass (finger) _ 1,175680,384
128.117583,0.28235279999998397,30,102,Bass,Electric Bass (finger) _ 1,Electric Bass (finger) _ 1,176160,384
128.47052399999998,0.2823528000000124,35,109,Bass,Electric Bass (finger) _ 1,Electric Bass (finger) _ 1,176640,384
128.823465,0.28235279999998397,35,106,Bass,Electric Bass (finger) _ 1,Electric Bass (finger) _ 1,177120,384
129.176406,0.2823528000000124,33,106,Bass,Electric Bass (finger) _ 1,Electric Bass (finger) _ 1,177600,384
129.529347,0.28235279999998397,33,115,Bass,Electric Bass (finger) _ 1,Electric Bass (finger) _ 1,178080,384
129.882288,0.2823528000000124,31,110,Bass,Electric Bass (finger) _ 1,Electric Bass (finger) _ 1,178560,384
130.23522899999998,0.2823528000000124,31,110,Bass,Electric Bass (finger) _ 1,Electric Bass (finger) _ 1,179040,384
130.58817,0.28235279999998397,38,104,Bass,Electric Bass (finger) _ 1,Electric Bass (finger) _ 1,179520,384
130.94111099999998,0.2823528000000124,38,108,Bass,Electric Bass (finger) _ 1,Electric Bass (finger) _ 1,180000,384
131.294052,0.28235279999998397,31,124,Bass,Electric Bass (finger) _ 1,Electric Bass (finger) _ 1,180480,384
131.64699299999998,0.2823528000000124,31,113,Bass,Electric Bass (finger) _ 1,Electric Bass (finger) _ 1,180960,384
131.999934,0.28235279999998397,38,110,Bass,Electric Bass (finger) _ 1,Electric Bass (finger) _ 1,181440,384
132.35287499999998,0.2823528000000124,38,110,Bass,Electric Bass (finger) _ 1,Electric Bass (finger) _ 1,181920,384
132.705816,0.28235279999998397,31,121,Bass,Electric Bass (finger) _ 1,Electric Bass (finger) _ 1,182400,384
133.05875699999999,0.2823528000000124,31,100,Bass,Electric Bass (finger) _ 1,Electric Bass (finger) _ 1,182880,384
133.411698,0.28235279999998397,38,117,Bass,Electric Bass (finger) _ 1,Electric Bass (finger) _ 1,183360,384
133.764639,0.2823528000000124,38,110,Bass,Electric Bass (finger) _ 1,Electric Bass (finger) _ 1,183840,384
134.11757999999998,0.2823528000000124,31,108,Bass,Electric Bass (finger) _ 1,Electric Bass (finger) _ 1,184320,384
134.470521,0.28235279999998397,31,117,Bass,Electric Bass (finger) _ 1,Electric Bass (finger) _ 1,184800,384
134.82346199999998,0.2823528000000124,30,103,Bass,Electric Bass (finger) _ 1,Electric Bass (finger) _ 1,185280,384
135.176403,0.28235279999998397,30,106,Bass,Electric Bass (finger) _ 1,Electric Bass (finger) _ 1,185760,384
135.52934399999998,0.2823528000000124,28,123,Bass,Electric Bass (finger) _ 1,Electric Bass (finger) _ 1,186240,384
135.882285,0.28235279999998397,28,109,Bass,Electric Bass (finger) _ 1,Electric Bass (finger) _ 1,186720,384
136.23522599999998,0.2823528000000124,32,113,Bass,Electric Bass (finger) _ 1,Electric Bass (finger) _ 1,187200,384
136.588167,0.28235279999998397,32,105,Bass,Electric Bass (finger) _ 1,Electric Bass (finger) _ 1,187680,384
136.94110799999999,0.2823528000000124,35,116,Bass,Electric Bass (finger) _ 1,Electric Bass (finger) _ 1,188160,384
137.294049,0.28235279999998397,35,97,Bass,Electric Bass (finger) _ 1,Electric Bass (finger) _ 1,188640,384
137.64699,0.2823528000000124,32,109,Bass,Electric Bass (finger) _ 1,Electric Bass (finger) _ 1,189120,384
137.99993099999998,0.2823528000000124,35,109,Bass,Electric Bass (finger) _ 1,Electric Bass (finger) _ 1,189600,384
138.352872,0.28235279999998397,28,110,Bass,Electric Bass (finger) _ 1,Electric Bass (finger) _ 1,190080,384
138.70581299999998,0.2823528000000124,28,110,Bass,Electric Bass (finger) _ 1,Electric Bass (finger) _ 1,190560,384
139.058754,0.28235279999998397,32,111,Bass,Electric Bass (finger) _ 1,Electric Bass (finger) _ 1,191040,384
139.41169499999998,0.2823528000000124,32,110,Bass,Electric Bass (finger) _ 1,Electric Bass (finger) _ 1,191520,384
139.764636,0.28235279999998397,35,100,Bass,Electric Bass (finger) _ 1,Electric Bass (finger) _ 1,192000,384
140.11757699999998,0.2823528000000124,35,110,Bass,Electric Bass (finger) _ 1,Electric Bass (finger) _ 1,192480,384
140.470518,0.28235279999998397,32,113,Bass,Electric Bass (finger) _ 1,Electric Bass (finger) _ 1,192960,384
140.82345899999999,0.2823528000000124,35,109,Bass,Electric Bass (finger) _ 1,Electric Bass (finger) _ 1,193440,384
141.1764,2.2588223999999855,33,118,Bass,Electric Bass (finger) _ 1,Electric Bass (finger) _ 1,193920,3072
143.99992799999998,0.2823528000000124,30,120,Bass,Electric Bass (finger) _ 1,Electric Bass (finger) _ 1,197760,384
144.352869,0.28235279999998397,30,104,Bass,Electric Bass (finger) _ 1,Electric Bass (finger) _ 1,198240,384
144.70580999999999,0.2823528000000124,37,100,Bass,Electric Bass (finger) _ 1,Electric Bass (finger) _ 1,198720,384
145.058751,0.28235279999998397,37,106,Bass,Electric Bass (finger) _ 1,Electric Bass (finger) _ 1,199200,384
145.411692,0.2823528000000124,42,100,Bass,Electric Bass (finger) _ 1,Electric Bass (finger) _ 1,199680,384
145.76463299999998,0.2823528000000124,42,122,Bass,Electric Bass (finger) _ 1,Electric Bass (finger) _ 1,200160,384
146.117574,0.28235279999998397,37,106,Bass,Electric Bass (finger) _ 1,Electric Bass (finger) _ 1,200640,384
146.47051499999998,0.2823528000000124,42,122,Bass,Electric Bass (finger) _ 1,Electric Bass (finger) _ 1,201120,384
146.823456,2.371764000000013,33,106,Bass,Electric Bass (finger) _ 1,Electric Bass (finger) _ 1,201600,3072
0.0,0.02941174999999996,51,58,Drums,Drum Kit _ 1,Drum Kit _ 1,1920,40
0.0,0.05955879374999995,35,110,Drums,Drum Kit _ 1,Drum Kit _ 1,1920,81
0.04411762499999994,0.02941174999999996,51,67,Drums,Drum Kit _ 1,Drum Kit _ 1,1980,40
0.08823524999999988,0.02941174999999996,51,70,Drums,Drum Kit _ 1,Drum Kit _ 1,2040,40
0.13235287499999981,0.02941175000000018,51,71,Drums,Drum Kit _ 1,Drum Kit _ 1,2100,40
0.17647049999999997,0.02941174999999996,51,71,Drums,Drum Kit _ 1,Drum Kit _ 1,2160,40
0.2205881249999999,0.02941174999999996,51,67,Drums,Drum Kit _ 1,Drum Kit _ 1,2220,40
0.26470574999999985,0.02941174999999996,51,72,Drums,Drum Kit _ 1,Drum Kit _ 1,2280,40
0.308823375,0.02941174999999996,51,70,Drums,Drum Kit _ 1,Drum Kit _ 1,2340,40
0.35294099999999995,0.02941174999999996,51,65,Drums,Drum Kit _ 1,Drum Kit _ 1,2400,40
0.35294099999999995,0.05955879374999995,44,90,Drums,Drum Kit _ 1,Drum Kit _ 1,2400,81
0.3970586249999999,0.02941174999999996,51,74,Drums,Drum Kit _ 1,Drum Kit _ 1,2460,40
0.4411762499999998,0.02941175000000018,51,67,Drums,Drum Kit _ 1,Drum Kit _ 1,2520,40
0.485293875,0.02941174999999996,51,64,Drums,Drum Kit _ 1,Drum Kit _ 1,2580,40
0.5294114999999999,0.02941174999999996,51,70,Drums,Drum Kit _ 1,Drum Kit _ 1,2640,40
0.5735291249999999,0.02941175000000018,51,71,Drums,Drum Kit _ 1,Drum Kit _ 1,2700,40
0.6176467499999998,0.02941174999999996,51,78,Drums,Drum Kit _ 1,Drum Kit _ 1,2760,40
0.661764375,0.02941174999999996,51,69,Drums,Drum Kit _ 1,Drum Kit _ 1,2820,40
0.7058819999999997,0.029411750000000403,51,70,Drums,Drum Kit _ 1,Drum Kit _ 1,2880,40
0.7058819999999997,0.059558793750000394,44,90,Drums,Drum Kit _ 1,Drum Kit _ 1,2880,81
0.7499996249999998,0.02941174999999996,51,71,Drums,Drum Kit _ 1,Drum Kit _ 1,2940,40
0.79411725,0.02941174999999996,51,75,Drums,Drum Kit _ 1,Drum Kit _ 1,3000,40
0.8382348749999997,0.02941174999999996,51,76,Drums,Drum Kit _ 1,Drum Kit _ 1,3060,40
0.8823524999999999,0.02941174999999996,51,72,Drums,Drum Kit _ 1,Drum Kit _ 1,3120,40
0.926470125,0.02941174999999996,51,61,Drums,Drum Kit _ 1,Drum Kit _ 1,3180,40
0.9705877499999997,0.02941174999999996,51,65,Drums,Drum Kit _ 1,Drum Kit _ 1,3240,40
1.014705375,0.02941174999999996,51,70,Drums,Drum Kit _ 1,Drum Kit _ 1,3300,40
1.058823,0.02941174999999996,51,71,Drums,Drum Kit _ 1,Drum Kit _ 1,3360,40
1.058823,0.05955879374999995,44,90,Drums,Drum Kit _ 1,Drum Kit _ 1,3360,81
1.1029406249999998,0.02941174999999996,51,84,Drums,Drum Kit _ 1,Drum Kit _ 1,3420,40
1.14705825,0.02941174999999996,51,80,Drums,Drum Kit _ 1,Drum Kit _ 1,3480,40
1.1911758749999997,0.029411750000000403,51,69,Drums,Drum Kit _ 1,Drum Kit _ 1,3540,40
1.2352934999999998,0.02941174999999996,51,56,Drums,Drum Kit _ 1,Drum Kit _ 1,3600,40
1.279411125,0.02941174999999996,51,65,Drums,Drum Kit _ 1,Drum Kit _ 1,3660,40
1.3235287499999997,0.02941174999999996,51,78,Drums,Drum Kit _ 1,Drum Kit _ 1,3720,40
1.3676463749999999,0.02941174999999996,51,72,Drums,Drum Kit _ 1,Drum Kit _ 1,3780,40
1.411764,0.02941174999999996,51,70,Drums,Drum Kit _ 1,Drum Kit _ 1,3840,40
1.411764,0.05955879374999995,44,90,Drums,Drum Kit _ 1,Drum Kit _ 1,3840,81
1.4558816249999997,0.02941174999999996,51,80,Drums,Drum Kit _ 1,Drum Kit _ 1,3900,40
1.49999925,0.02941174999999996,51,63,Drums,Drum Kit _ 1,Drum Kit _ 1,3960,40
1.544116875,0.02941174999999996,51,59,Drums,Drum Kit _ 1,Drum Kit _ 1,4020,40
1.5882344999999998,0.02941174999999996,51,81,Drums,Drum Kit _ 1,Drum Kit _ 1,4080,40
1.632352125,0.02941174999999996,51,79,Drums,Drum Kit _ 1,Drum Kit _ 1,4140,40
1.6764697499999996,0.029411750000000403,51,74,Drums,Drum Kit _ 1,Drum Kit _ 1,4200,40
1.7205873749999998,0.02941174999999996,51,81,Drums,Drum Kit _ 1,Drum Kit _ 1,4260,40
1.764705,0.02941174999999996,51,71,Drums,Drum Kit _ 1,Drum Kit _ 1,4320,40
1.764705,0.05955879374999995,44,90,Drums,Drum Kit _ 1,Drum Kit _ 1,4320,81
1.8088226249999997,0.02941174999999996,51,73,Drums,Drum Kit _ 1,Drum Kit _ 1,4380,40
1.8529402499999998,0.02941174999999996,51,70,Drums,Drum Kit _ 1,Drum Kit _ 1,4440,40
1.897057875,0.02941174999999996,51,76,Drums,Drum Kit _ 1,Drum Kit _ 1,4500,40
1.9411754999999997,0.02941174999999996,51,75,Drums,Drum Kit _ 1,Drum Kit _ 1,4560,40
1.9852931249999999,0.02941174999999996,51,80,Drums,Drum Kit _ 1,Drum Kit _ 1,4620,40
2.0294107500000003,0.02941174999999996,51,70,Drums,Drum Kit _ 1,Drum Kit _ 1,4680,40
2.0735283749999995,0.02941174999999996,51,75,Drums,Drum Kit _ 1,Drum Kit _ 1,4740,40
2.1176459999999997,0.02941174999999996,51,62,Drums,Drum Kit _ 1,Drum Kit _ 1,4800,40
2.1176459999999997,0.05955879374999995,44,90,Drums,Drum Kit _ 1,Drum Kit _ 1,4800,81
2.161763625,0.029411750000000403,51,58,Drums,Drum Kit _ 1,Drum Kit _ 1,4860,40
2.20588125,0.02941174999999996,51,59,Drums,Drum Kit _ 1,Drum Kit _ 1,4920,40
2.249998875,0.02941174999999996,51,69,Drums,Drum Kit _ 1,Drum Kit _ 1,4980,40
2.2941164999999994,0.02941174999999996,51,68,Drums,Drum Kit _ 1,Drum Kit _ 1,5040,40
2.3382341249999996,0.02941174999999996,51,70,Drums,Drum Kit _ 1,Drum Kit _ 1,5100,40
2.3823517499999998,0.02941174999999996,51,70,Drums,Drum Kit _ 1,Drum Kit _ 1,5160,40
2.426469375,0.02941174999999996,51,70,Drums,Drum Kit _ 1,Drum Kit _ 1,5220,40
2.470587,0.02941174999999996,51,73,Drums,Drum Kit _ 1,Drum Kit _ 1,5280,40
2.470587,0.05955879374999995,44,90,Drums,Drum Kit _ 1,Drum Kit _ 1,5280,81
2.5147046249999994,0.029411750000000403,51,70,Drums,Drum Kit _ 1,Drum Kit _ 1,5340,40
2.5588222499999995,0.02941174999999996,51,61,Drums,Drum Kit _ 1,Drum Kit _ 1,5400,40
2.6029398749999997,0.029411750000000403,51,82,Drums,Drum Kit _ 1,Drum Kit _ 1,5460,40
2.6470575,0.029411750000000403,51,62,Drums,Drum Kit _ 1,Drum Kit _ 1,5520,40
2.691175125,0.029411750000000403,51,80,Drums,Drum Kit _ 1,Drum Kit _ 1,5580,40
2.8235279999999996,0.029411750000000403,51,57,Drums,Drum Kit _ 1,Drum Kit _ 1,5760,40
2.8235279999999996,0.05955879375000084,35,110,Drums,Drum Kit _ 1,Drum Kit _ 1,5760,81
2.8676456249999998,0.029411750000000403,51,78,Drums,Drum Kit _ 1,Drum Kit _ 1,5820,40
2.91176325,0.029411750000000403,51,81,Drums,Drum Kit _ 1,Drum Kit _ 1,5880,40
2.955880875,0.029411749999999515,51,71,Drums,Drum Kit _ 1,Drum Kit _ 1,5940,40
2.9999985000000002,0.029411749999999515,51,56,Drums,Drum Kit _ 1,Drum Kit _ 1,6000,40
3.0441161250000004,0.029411749999999515,51,70,Drums,Drum Kit _ 1,Drum Kit _ 1,6060,40
3.0882337499999997,0.029411750000000403,51,70,Drums,Drum Kit _ 1,Drum Kit _ 1,6120,40
3.132351375,0.029411750000000403,51,69,Drums,Drum Kit _ 1,Drum Kit _ 1,6180,40
3.176469,0.029411750000000403,51,71,Drums,Drum Kit _ 1,Drum Kit _ 1,6240,40
3.176469,0.05955879374999995,44,90,Drums,Drum Kit _ 1,Drum Kit _ 1,6240,81
3.220586625,0.029411749999999515,51,85,Drums,Drum Kit _ 1,Drum Kit _ 1,6300,40
3.2647042500000003,0.029411749999999515,51,66,Drums,Drum Kit _ 1,Drum Kit _ 1,6360,40
3.3088218749999996,0.029411750000000403,51,68,Drums,Drum Kit _ 1,Drum Kit _ 1,6420,40
3.3529394999999997,0.029411750000000403,51,70,Drums,Drum Kit _ 1,Drum Kit _ 1,6480,40
3.397057125,0.029411750000000403,51,70,Drums,Drum Kit _ 1,Drum Kit _ 1,6540,40
3.44117475,0.029411749999999515,51,63,Drums,Drum Kit _ 1,Drum Kit _ 1,6600,40
3.485292375,0.029411749999999515,51,73,Drums,Drum Kit _ 1,Drum Kit _ 1,6660,40
3.5294100000000004,0.029411749999999515,51,68,Drums,Drum Kit _ 1,Drum Kit _ 1,6720,40
3.5294100000000004,0.05955879374999995,44,90,Drums,Drum Kit _ 1,Drum Kit _ 1,6720,81
3.5735276249999997,0.029411750000000403,51,69,Drums,Drum Kit _ 1,Drum Kit _ 1,6780,40
3.61764525,0.029411750000000403,51,72,Drums,Drum Kit _ 1,Drum Kit _ 1,6840,40
3.661762875,0.029411750000000403,51,74,Drums,Drum Kit _ 1,Drum Kit _ 1,6900,40
3.7058805,0.029411749999999515,51,55,Drums,Drum Kit _ 1,Drum Kit _ 1,6960,40
3.7499981250000003,0.029411749999999515,51,76,Drums,Drum Kit _ 1,Drum Kit _ 1,7020,40
3.7941157499999996,0.029411750000000403,51,63,Drums,Drum Kit _ 1,Drum Kit _ 1,7080,40
3.8382333749999997,0.029411750000000403,51,85,Drums,Drum Kit _ 1,Drum Kit _ 1,7140,40
3.882351,0.029411750000000403,51,69,Drums,Drum Kit _ 1,Drum Kit _ 1,7200,40
3.882351,0.05955879374999995,44,90,Drums,Drum Kit _ 1,Drum Kit _ 1,7200,81
3.926468625,0.029411749999999515,51,73,Drums,Drum Kit _ 1,Drum Kit _ 1,7260,40
3.97058625,0.029411749999999515,51,85,Drums,Drum Kit _ 1,Drum Kit _ 1,7320,40
4.014703875,0.029411749999999515,51,79,Drums,Drum Kit _ 1,Drum Kit _ 1,7380,40
4.0588215,0.029411750000000403,51,76,Drums,Drum Kit _ 1,Drum Kit _ 1,7440,40
4.102939125,0.029411750000000403,51,68,Drums,Drum Kit _ 1,Drum Kit _ 1,7500,40
4.14705675,0.029411750000000403,51,60,Drums,Drum Kit _ 1,Drum Kit _ 1,7560,40
4.191174375,0.029411749999999515,51,58,Drums,Drum Kit _ 1,Drum Kit _ 1,7620,40
4.235292,0.029411749999999515,51,72,Drums,Drum Kit _ 1,Drum Kit _ 1,7680,40
4.235292,0.05955879374999995,44,90,Drums,Drum Kit _ 1,Drum Kit _ 1,7680,81
4.2794096249999996,0.029411750000000403,51,71,Drums,Drum Kit _ 1,Drum Kit _ 1,7740,40
4.32352725,0.029411750000000403,51,72,Drums,Drum Kit _ 1,Drum Kit _ 1,7800,40
4.367644875,0.029411750000000403,51,55,Drums,Drum Kit _ 1,Drum Kit _ 1,7860,40
4.4117625,0.029411749999999515,51,81,Drums,Drum Kit _ 1,Drum Kit _ 1,7920,40
4.455880125,0.029411749999999515,51,64,Drums,Drum Kit _ 1,Drum Kit _ 1,7980,40
4.49999775,0.029411749999999515,51,65,Drums,Drum Kit _ 1,Drum Kit _ 1,8040,40
4.544115375,0.029411750000000403,51,66,Drums,Drum Kit _ 1,Drum Kit _ 1,8100,40
4.588233,0.029411750000000403,51,70,Drums,Drum Kit _ 1,Drum Kit _ 1,8160,40
4.588233,0.05955879374999995,44,90,Drums,Drum Kit _ 1,Drum Kit _ 1,8160,81
4.632350625,0.029411750000000403,51,69,Drums,Drum Kit _ 1,Drum Kit _ 1,8220,40
4.67646825,0.029411749999999515,51,69,Drums,Drum Kit _ 1,Drum Kit _ 1,8280,40
4.720585875,0.029411749999999515,51,64,Drums,Drum Kit _ 1,Drum Kit _ 1,8340,40
4.7647034999999995,0.029411750000000403,51,70,Drums,Drum Kit _ 1,Drum Kit _ 1,8400,40
4.808821125,0.029411750000000403,51,84,Drums,Drum Kit _ 1,Drum Kit _ 1,8460,40
4.85293875,0.029411750000000403,51,74,Drums,Drum Kit _ 1,Drum Kit _ 1,8520,40
4.897056375,0.029411749999999515,51,72,Drums,Drum Kit _ 1,Drum Kit _ 1,8580,40
4.941174,0.029411749999999515,51,58,Drums,Drum Kit _ 1,Drum Kit _ 1,8640,40
4.941174,0.05955879374999995,44,90,Drums,Drum Kit _ 1,Drum Kit _ 1,8640,81
4.985291625,0.029411749999999515,51,81,Drums,Drum Kit _ 1,Drum Kit _ 1,8700,40
5.02940925,0.029411750000000403,51,61,Drums,Drum Kit _ 1,Drum Kit _ 1,8760,40
5.073526875,0.029411750000000403,51,65,Drums,Drum Kit _ 1,Drum Kit _ 1,8820,40
5.1176445,0.029411750000000403,51,79,Drums,Drum Kit _ 1,Drum Kit _ 1,8880,40
5.161762125,0.029411749999999515,51,76,Drums,Drum Kit _ 1,Drum Kit _ 1,8940,40
5.20587975,0.029411749999999515,51,70,Drums,Drum Kit _ 1,Drum Kit _ 1,9000,40
5.2499973749999995,0.029411750000000403,51,79,Drums,Drum Kit _ 1,Drum Kit _ 1,9060,40
5.294115,0.029411750000000403,51,69,Drums,Drum Kit _ 1,Drum Kit _ 1,9120,40
5.294115,0.05955879374999995,44,90,Drums,Drum Kit _ 1,Drum Kit _ 1,9120,81
5.338232625,0.029411750000000403,51,57,Drums,Drum Kit _ 1,Drum Kit _ 1,9180,40
5.38235025,0.029411749999999515,51,84,Drums,Drum Kit _ 1,Drum Kit _ 1,9240,40
5.426467875,0.029411749999999515,51,69,Drums,Drum Kit _ 1,Drum Kit _ 1,9300,40
5.4705855,0.029411749999999515,51,65,Drums,Drum Kit _ 1,Drum Kit _ 1,9360,40
5.514703125,0.029411750000000403,51,82,Drums,Drum Kit _ 1,Drum Kit _ 1,9420,40
5.647056,0.029411749999999515,51,79,Drums,Drum Kit _ 1,Drum Kit _ 1,9600,40
5.647056,0.05955879374999995,35,110,Drums,Drum Kit _ 1,Drum Kit _ 1,9600,81
5.691173625,0.029411749999999515,51,69,Drums,Drum Kit _ 1,Drum Kit _ 1,9660,40
5.7352912499999995,0.029411750000000403,51,70,Drums,Drum Kit _ 1,Drum Kit _ 1,9720,40
5.779408875,0.029411750000000403,51,69,Drums,Drum Kit _ 1,Drum Kit _ 1,9780,40
5.8235265,0.029411750000000403,51,70,Drums,Drum Kit _ 1,Drum Kit _ 1,9840,40
5.867644125,0.029411749999999515,51,70,Drums,Drum Kit _ 1,Drum Kit _ 1,9900,40
5.91176175,0.029411749999999515,51,72,Drums,Drum Kit _ 1,Drum Kit _ 1,9960,40
5.955879375,0.029411749999999515,51,60,Drums,Drum Kit _ 1,Drum Kit _ 1,10020,40
5.999997,0.029411750000000403,51,71,Drums,Drum Kit _ 1,Drum Kit _ 1,10080,40
5.999997,0.05955879374999995,44,90,Drums,Drum Kit _ 1,Drum Kit _ 1,10080,81
6.044114625,0.029411750000000403,51,71,Drums,Drum Kit _ 1,Drum Kit _ 1,10140,40
6.08823225,0.029411750000000403,51,55,Drums,Drum Kit _ 1,Drum Kit _ 1,10200,40
6.132349875,0.029411749999999515,51,81,Drums,Drum Kit _ 1,Drum Kit _ 1,10260,40
6.1764675,0.029411749999999515,51,73,Drums,Drum Kit _ 1,Drum Kit _ 1,10320,40
6.2205851249999995,0.029411750000000403,51,77,Drums,Drum Kit _ 1,Drum Kit _ 1,10380,40
6.26470275,0.029411750000000403,51,73,Drums,Drum Kit _ 1,Drum Kit _ 1,10440,40
6.308820375,0.029411750000000403,51,68,Drums,Drum Kit _ 1,Drum Kit _ 1,10500,40
6.352938,0.029411749999999515,51,70,Drums,Drum Kit _ 1,Drum Kit _ 1,10560,40
6.352938,0.05955879374999995,44,90,Drums,Drum Kit _ 1,Drum Kit _ 1,10560,81
6.397055625,0.029411749999999515,51,74,Drums,Drum Kit _ 1,Drum Kit _ 1,10620,40
6.441173249999999,0.029411750000000403,51,63,Drums,Drum Kit _ 1,Drum Kit _ 1,10680,40
6.485290875,0.029411750000000403,51,70,Drums,Drum Kit _ 1,Drum Kit _ 1,10740,40
6.5294085,0.029411750000000403,51,77,Drums,Drum Kit _ 1,Drum Kit _ 1,10800,40
6.573526125,0.029411750000000403,51,77,Drums,Drum Kit _ 1,Drum Kit _ 1,10860,40
6.617643749999999,0.02941175000000129,51,60,Drums,Drum Kit _ 1,Drum Kit _ 1,10920,40
6.661761374999999,0.02941175000000129,51,70,Drums,Drum Kit _ 1,Drum Kit _ 1,10980,40
6.7058789999999995,0.029411749999999515,51,60,Drums,Drum Kit _ 1,Drum Kit _ 1,11040,40
6.7058789999999995,0.05955879374999995,44,90,Drums,Drum Kit _ 1,Drum Kit _ 1,11040,81
6.749996625,0.029411749999999515,51,81,Drums,Drum Kit _ 1,Drum Kit _ 1,11100,40
6.79411425,0.029411749999999515,51,70,Drums,Drum Kit _ 1,Drum Kit _ 1,11160,40
6.838231875,0.029411749999999515,51,69,Drums,Drum Kit _ 1,Drum Kit _ 1,11220,40
6.8823495,0.029411749999999515,51,70,Drums,Drum Kit _ 1,Drum Kit _ 1,11280,40
6.926467125,0.029411749999999515,51,80,Drums,Drum Kit _ 1,Drum Kit _ 1,11340,40
6.97058475,0.029411749999999515,51,70,Drums,Drum Kit _ 1,Drum Kit _ 1,11400,40
7.014702375000001,0.029411749999999515,51,76,Drums,Drum Kit _ 1,Drum Kit _ 1,11460,40
7.058819999999999,0.02941175000000129,51,68,Drums,Drum Kit _ 1,Drum Kit _ 1,11520,40
7.058819999999999,0.05955879374999995,44,90,Drums,Drum Kit _ 1,Drum Kit _ 1,11520,81
7.102937624999999,0.02941175000000129,51,63,Drums,Drum Kit _ 1,Drum Kit _ 1,11580,40
7.147055249999999,0.02941175000000129,51,70,Drums,Drum Kit _ 1,Drum Kit _ 1,11640,40
7.1911728749999995,0.029411749999999515,51,72,Drums,Drum Kit _ 1,Drum Kit _ 1,11700,40
7.2352905,0.029411749999999515,51,69,Drums,Drum Kit _ 1,Drum Kit _ 1,11760,40
7.279408125,0.029411749999999515,51,69,Drums,Drum Kit _ 1,Drum Kit _ 1,11820,40
7.32352575,0.029411749999999515,51,65,Drums,Drum Kit _ 1,Drum Kit _ 1,11880,40
7.367643375,0.029411749999999515,51,75,Drums,Drum Kit _ 1,Drum Kit _ 1,11940,40
7.411761,0.029411749999999515,51,58,Drums,Drum Kit _ 1,Drum Kit _ 1,12000,40
7.411761,0.05955879374999995,44,90,Drums,Drum Kit _ 1,Drum Kit _ 1,12000,81
7.455878625,0.029411749999999515,51,81,Drums,Drum Kit _ 1,Drum Kit _ 1,12060,40
7.499996250000001,0.029411749999999515,51,68,Drums,Drum Kit _ 1,Drum Kit _ 1,12120,40
7.544113874999999,0.02941175000000129,51,72,Drums,Drum Kit _ 1,Drum Kit _ 1,12180,40
7.588231499999999,0.02941175000000129,51,64,Drums,Drum Kit _ 1,Drum Kit _ 1,12240,40
7.632349124999999,0.02941175000000129,51,75,Drums,Drum Kit _ 1,Drum Kit _ 1,12300,40
7.6764667499999995,0.029411749999999515,51,67,Drums,Drum Kit _ 1,Drum Kit _ 1,12360,40
7.720584375,0.029411749999999515,51,70,Drums,Drum Kit _ 1,Drum Kit _ 1,12420,40
7.764702,0.029411749999999515,51,61,Drums,Drum Kit _ 1,Drum Kit _ 1,12480,40
7.764702,0.05955879374999995,44,90,Drums,Drum Kit _ 1,Drum Kit _ 1,12480,81
7.808819625,0.029411749999999515,51,70,Drums,Drum Kit _ 1,Drum Kit _ 1,12540,40
7.85293725,0.029411749999999515,51,71,Drums,Drum Kit _ 1,Drum Kit _ 1,12600,40
7.897054875,0.029411749999999515,51,69,Drums,Drum Kit _ 1,Drum Kit _ 1,12660,40
7.9411725,0.029411749999999515,51,70,Drums,Drum Kit _ 1,Drum Kit _ 1,12720,40
7.985290125000001,0.029411749999999515,51,80,Drums,Drum Kit _ 1,Drum Kit _ 1,12780,40
8.029407749999999,0.02941175000000129,51,81,Drums,Drum Kit _ 1,Drum Kit _ 1,12840,40
8.073525375,0.02941175000000129,51,58,Drums,Drum Kit _ 1,Drum Kit _ 1,12900,40
8.117643,0.02941175000000129,51,81,Drums,Drum Kit _ 1,Drum Kit _ 1,12960,40
8.117643,0.05955879374999995,44,90,Drums,Drum Kit _ 1,Drum Kit _ 1,12960,81
8.161760625,0.029411749999999515,51,67,Drums,Drum Kit _ 1,Drum Kit _ 1,13020,40
8.20587825,0.029411749999999515,51,58,Drums,Drum Kit _ 1,Drum Kit _ 1,13080,40
8.249995875,0.029411749999999515,51,79,Drums,Drum Kit _ 1,Drum Kit _ 1,13140,40
8.2941135,0.029411749999999515,51,70,Drums,Drum Kit _ 1,Drum Kit _ 1,13200,40
8.338231125,0.029411749999999515,51,69,Drums,Drum Kit _ 1,Drum Kit _ 1,13260,40
8.470584,0.029411749999999515,51,56,Drums,Drum Kit _ 1,Drum Kit _ 1,13440,40
8.470584,0.05955879374999995,35,110,Drums,Drum Kit _ 1,Drum Kit _ 1,13440,81
8.514701624999999,0.02941175000000129,51,71,Drums,Drum Kit _ 1,Drum Kit _ 1,13500,40
8.558819249999999,0.02941175000000129,51,56,Drums,Drum Kit _ 1,Drum Kit _ 1,13560,40
8.602936875,0.02941175000000129,51,82,Drums,Drum Kit _ 1,Drum Kit _ 1,13620,40
8.6470545,0.029411749999999515,51,70,Drums,Drum Kit _ 1,Drum Kit _ 1,13680,40
8.691172125,0.029411749999999515,51,69,Drums,Drum Kit _ 1,Drum Kit _ 1,13740,40
8.73528975,0.029411749999999515,51,70,Drums,Drum Kit _ 1,Drum Kit _ 1,13800,40
8.779407375,0.029411749999999515,51,83,Drums,Drum Kit _ 1,Drum Kit _ 1,13860,40
8.823525,0.029411749999999515,51,68,Drums,Drum Kit _ 1,Drum Kit _ 1,13920,40
8.867642625,0.029411749999999515,51,70,Drums,Drum Kit _ 1,Drum Kit _ 1,13980,40
8.91176025,0.029411749999999515,51,73,Drums,Drum Kit _ 1,Drum Kit _ 1,14040,40
8.955877875,0.029411749999999515,51,84,Drums,Drum Kit _ 1,Drum Kit _ 1,14100,40
8.999995499999999,0.02941175000000129,51,66,Drums,Drum Kit _ 1,Drum Kit _ 1,14160,40
9.044113124999999,0.02941175000000129,51,75,Drums,Drum Kit _ 1,Drum Kit _ 1,14220,40
9.08823075,0.02941175000000129,51,56,Drums,Drum Kit _ 1,Drum Kit _ 1,14280,40
9.132348375,0.029411749999999515,51,68,Drums,Drum Kit _ 1,Drum Kit _ 1,14340,40
9.176466,0.029411749999999515,51,70,Drums,Drum Kit _ 1,Drum Kit _ 1,14400,40
9.220583625,0.029411749999999515,51,80,Drums,Drum Kit _ 1,Drum Kit _ 1,14460,40
9.26470125,0.029411749999999515,51,57,Drums,Drum Kit _ 1,Drum Kit _ 1,14520,40
9.308818875,0.029411749999999515,51,70,Drums,Drum Kit _ 1,Drum Kit _ 1,14580,40
9.3529365,0.029411749999999515,51,80,Drums,Drum Kit _ 1,Drum Kit _ 1,14640,40
9.397054125,0.029411749999999515,51,74,Drums,Drum Kit _ 1,Drum Kit _ 1,14700,40
9.44117175,0.029411749999999515,51,83,Drums,Drum Kit _ 1,Drum Kit _ 1,14760,40
9.485289374999999,0.02941175000000129,51,71,Drums,Drum Kit _ 1,Drum Kit _ 1,14820,40
9.529406999999999,0.02941175000000129,51,76,Drums,Drum Kit _ 1,Drum Kit _ 1,14880,40
9.573524625,0.02941175000000129,51,76,Drums,Drum Kit _ 1,Drum Kit _ 1,14940,40
9.61764225,0.029411749999999515,51,70,Drums,Drum Kit _ 1,Drum Kit _ 1,15000,40
9.661759875,0.029411749999999515,51,70,Drums,Drum Kit _ 1,Drum Kit _ 1,15060,40
9.7058775,0.029411749999999515,51,62,Drums,Drum Kit _ 1,Drum Kit _ 1,15120,40
9.749995125,0.029411749999999515,51,73,Drums,Drum Kit _ 1,Drum Kit _ 1,15180,40
9.79411275,0.029411749999999515,51,70,Drums,Drum Kit _ 1,Drum Kit _ 1,15240,40
9.838230375,0.029411749999999515,51,72,Drums,Drum Kit _ 1,Drum Kit _ 1,15300,40
9.882348,0.029411749999999515,51,81,Drums,Drum Kit _ 1,Drum Kit _ 1,15360,40
9.926465625,0.029411749999999515,51,76,Drums,Drum Kit _ 1,Drum Kit _ 1,15420,40
9.970583249999999,0.02941175000000129,51,68,Drums,Drum Kit _ 1,Drum Kit _ 1,15480,40
10.014700874999999,0.02941175000000129,51,76,Drums,Drum Kit _ 1,Drum Kit _ 1,15540,40
10.0588185,0.02941175000000129,51,77,Drums,Drum Kit _ 1,Drum Kit _ 1,15600,40
10.102936125,0.029411749999999515,51,69,Drums,Drum Kit _ 1,Drum Kit _ 1,15660,40
10.14705375,0.029411749999999515,51,71,Drums,Drum Kit _ 1,Drum Kit _ 1,15720,40
10.191171375,0.029411749999999515,51,70,Drums,Drum Kit _ 1,Drum Kit _ 1,15780,40
10.235289,0.029411749999999515,51,80,Drums,Drum Kit _ 1,Drum Kit _ 1,15840,40
10.279406625,0.029411749999999515,51,63,Drums,Drum Kit _ 1,Drum Kit _ 1,15900,40
10.32352425,0.029411749999999515,51,70,Drums,Drum Kit _ 1,Drum Kit _ 1,15960,40
10.367641875,0.029411749999999515,51,57,Drums,Drum Kit _ 1,Drum Kit _ 1,16020,40
10.4117595,0.029411749999999515,51,82,Drums,Drum Kit _ 1,Drum Kit _ 1,16080,40
10.455877124999999,0.02941175000000129,51,70,Drums,Drum Kit _ 1,Drum Kit _ 1,16140,40
10.499994749999999,0.02941175000000129,51,72,Drums,Drum Kit _ 1,Drum Kit _ 1,16200,40
10.544112375,0.02941175000000129,51,75,Drums,Drum Kit _ 1,Drum Kit _ 1,16260,40
10.58823,0.029411749999999515,51,74,Drums,Drum Kit _ 1,Drum Kit _ 1,16320,40
10.632347625,0.029411749999999515,51,79,Drums,Drum Kit _ 1,Drum Kit _ 1,16380,40
10.67646525,0.029411749999999515,51,70,Drums,Drum Kit _ 1,Drum Kit _ 1,16440,40
10.720582875,0.029411749999999515,51,59,Drums,Drum Kit _ 1,Drum Kit _ 1,16500,40
10.7647005,0.029411749999999515,51,57,Drums,Drum Kit _ 1,Drum Kit _ 1,16560,40
10.808818125,0.029411749999999515,51,63,Drums,Drum Kit _ 1,Drum Kit _ 1,16620,40
10.85293575,0.029411749999999515,51,70,Drums,Drum Kit _ 1,Drum Kit _ 1,16680,40
10.897053375,0.029411749999999515,51,64,Drums,Drum Kit _ 1,Drum Kit _ 1,16740,40
10.941170999999999,0.05955879374999995,43,90,Drums,Drum Kit _ 1,Drum Kit _ 1,16800,81
11.02940625,0.05955879374999995,43,90,Drums,Drum Kit _ 1,Drum Kit _ 1,16920,81
11.1176415,0.05955879374999995,43,90,Drums,Drum Kit _ 1,Drum Kit _ 1,17040,81
11.20587675,0.05955879374999995,43,90,Drums,Drum Kit _ 1,Drum Kit _ 1,17160,81
11.294112,0.05955879374999995,35,110,Drums,Drum Kit _ 1,Drum Kit _ 1,17280,81
11.294112,0.05955879374999995,42,90,Drums,Drum Kit _ 1,Drum Kit _ 1,17280,81
11.470582499999999,0.05955879374999995,42,90,Drums,Drum Kit _ 1,Drum Kit _ 1,17520,81
11.647053,0.05955879374999995,38,110,Drums,Drum Kit _ 1,Drum Kit _ 1,17760,81
11.647053,0.05955879374999995,42,90,Drums,Drum Kit _ 1,Drum Kit _ 1,17760,81
11.8235235,0.05955879374999995,42,90,Drums,Drum Kit _ 1,Drum Kit _ 1,18000,81
11.999994,0.05955879374999995,35,110,Drums,Drum Kit _ 1,Drum Kit _ 1,18240,81
11.999994,0.05955879374999995,42,90,Drums,Drum Kit _ 1,Drum Kit _ 1,18240,81
12.1764645,0.05955879374999995,42,90,Drums,Drum Kit _ 1,Drum Kit _ 1,18480,81
12.352935,0.05955879374999995,38,110,Drums,Drum Kit _ 1,Drum Kit _ 1,18720,81
12.352935,0.05955879374999995,42,90,Drums,Drum Kit _ 1,Drum Kit _ 1,18720,81
12.5294055,0.05955879374999995,42,90,Drums,Drum Kit _ 1,Drum Kit _ 1,18960,81
12.705876,0.05955879374999995,35,110,Drums,Drum Kit _ 1,Drum Kit _ 1,19200,81
12.705876,0.05955879374999995,42,90,Drums,Drum Kit _ 1,Drum Kit _ 1,19200,81
12.882346499999999,0.05955879374999995,42,90,Drums,Drum Kit _ 1,Drum Kit _ 1,19440,81
13.058817,0.05955879374999995,38,110,Drums,Drum Kit _ 1,Drum Kit _ 1,19680,81
13.058817,0.05955879374999995,42,90,Drums,Drum Kit _ 1,Drum Kit _ 1,19680,81
13.2352875,0.05955879374999995,42,90,Drums,Drum Kit _ 1,Drum Kit _ 1,19920,81
13.411757999999999,0.05955879374999995,35,110,Drums,Drum Kit _ 1,Drum Kit _ 1,20160,81
13.411757999999999,0.05955879374999995,42,90,Drums,Drum Kit _ 1,Drum Kit _ 1,20160,81
13.5882285,0.05955879374999995,42,90,Drums,Drum Kit _ 1,Drum Kit _ 1,20400,81
13.764699,0.05955879374999995,38,110,Drums,Drum Kit _ 1,Drum Kit _ 1,20640,81
13.764699,0.05955879374999995,42,90,Drums,Drum Kit _ 1,Drum Kit _ 1,20640,81
13.941169499999999,0.05955879374999995,42,90,Drums,Drum Kit _ 1,Drum Kit _ 1,20880,81
14.11764,0.05955879374999995,35,110,Drums,Drum Kit _ 1,Drum Kit _ 1,21120,81
14.11764,0.05955879374999995,42,90,Drums,Drum Kit _ 1,Drum Kit _ 1,21120,81
14.294110499999999,0.059558793750001726,42,90,Drums,Drum Kit _ 1,Drum Kit _ 1,21360,81
14.470581,0.05955879374999995,38,110,Drums,Drum Kit _ 1,Drum Kit _ 1,21600,81
14.470581,0.05955879374999995,42,90,Drums,Drum Kit _ 1,Drum Kit _ 1,21600,81
14.647051499999998,0.05955879374999995,42,90,Drums,Drum Kit _ 1,Drum Kit _ 1,21840,81
14.823521999999999,0.05955879374999995,35,110,Drums,Drum Kit _ 1,Drum Kit _ 1,22080,81
14.823521999999999,0.05955879374999995,42,90,Drums,Drum Kit _ 1,Drum Kit _ 1,22080,81
14.9999925,0.05955879374999995,42,90,Drums,Drum Kit _ 1,Drum Kit _ 1,22320,81
15.176463,0.05955879374999995,38,110,Drums,Drum Kit _ 1,Drum Kit _ 1,22560,81
15.176463,0.05955879374999995,42,90,Drums,Drum Kit _ 1,Drum Kit _ 1,22560,81
15.3529335,0.05955879374999995,42,90,Drums,Drum Kit _ 1,Drum Kit _ 1,22800,81
15.529403999999998,0.05955879374999995,35,110,Drums,Drum Kit _ 1,Drum Kit _ 1,23040,81
15.529403999999998,0.05955879374999995,42,90,Drums,Drum Kit _ 1,Drum Kit _ 1,23040,81
15.705874499999998,0.05955879374999995,42,90,Drums,Drum Kit _ 1,Drum Kit _ 1,23280,81
15.882344999999999,0.05955879374999995,38,110,Drums,Drum Kit _ 1,Drum Kit _ 1,23520,81
15.882344999999999,0.05955879374999995,42,90,Drums,Drum Kit _ 1,Drum Kit _ 1,23520,81
16.058815499999998,0.05955879374999995,42,90,Drums,Drum Kit _ 1,Drum Kit _ 1,23760,81
16.235286,0.05955879374999995,35,110,Drums,Drum Kit _ 1,Drum Kit _ 1,24000,81
16.235286,0.05955879374999995,42,90,Drums,Drum Kit _ 1,Drum Kit _ 1,24000,81
16.4117565,0.05955879374999995,42,90,Drums,Drum Kit _ 1,Drum Kit _ 1,24240,81
16.588226999999996,0.05955879374999995,38,110,Drums,Drum Kit _ 1,Drum Kit _ 1,24480,81
16.588226999999996,0.05955879374999995,42,90,Drums,Drum Kit _ 1,Drum Kit _ 1,24480,81
16.764697499999997,0.05955879374999995,42,90,Drums,Drum Kit _ 1,Drum Kit _ 1,24720,81
16.941167999999998,0.05955879374999995,35,110,Drums,Drum Kit _ 1,Drum Kit _ 1,24960,81
16.941167999999998,0.05955879374999995,42,90,Drums,Drum Kit _ 1,Drum Kit _ 1,24960,81
17.117638499999998,0.05955879374999995,42,90,Drums,Drum Kit _ 1,Drum Kit _ 1,25200,81
17.294109,0.05955879374999995,38,110,Drums,Drum Kit _ 1,Drum Kit _ 1,25440,81
17.294109,0.05955879374999995,42,90,Drums,Drum Kit _ 1,Drum Kit _ 1,25440,81
17.470579499999996,0.05955879374999995,42,90,Drums,Drum Kit _ 1,Drum Kit _ 1,25680,81
17.647049999999997,0.05955879374999995,35,110,Drums,Drum Kit _ 1,Drum Kit _ 1,25920,81
17.647049999999997,0.05955879374999995,42,90,Drums,Drum Kit _ 1,Drum Kit _ 1,25920,81
17.823520499999997,0.05955879374999995,42,90,Drums,Drum Kit _ 1,Drum Kit _ 1,26160,81
17.999990999999998,0.05955879374999995,38,110,Drums,Drum Kit _ 1,Drum Kit _ 1,26400,81
17.999990999999998,0.05955879374999995,42,90,Drums,Drum Kit _ 1,Drum Kit _ 1,26400,81
18.1764615,0.05955879374999995,42,90,Drums,Drum Kit _ 1,Drum Kit _ 1,26640,81
18.352932,0.05955879374999995,35,110,Drums,Drum Kit _ 1,Drum Kit _ 1,26880,81
18.352932,0.05955879374999995,42,90,Drums,Drum Kit _ 1,Drum Kit _ 1,26880,81
18.529402499999996,0.05955879374999995,42,90,Drums,Drum Kit _ 1,Drum Kit _ 1,27120,81
18.705872999999997,0.05955879374999995,38,110,Drums,Drum Kit _ 1,Drum Kit _ 1,27360,81
18.705872999999997,0.05955879374999995,42,90,Drums,Drum Kit _ 1,Drum Kit _ 1,27360,81
18.882343499999998,0.05955879374999995,42,90,Drums,Drum Kit _ 1,Drum Kit _ 1,27600,81
19.058813999999998,0.05955879374999995,35,110,Drums,Drum Kit _ 1,Drum Kit _ 1,27840,81
19.058813999999998,0.05955879374999995,42,90,Drums,Drum Kit _ 1,Drum Kit _ 1,27840,81
19.2352845,0.05955879374999995,42,90,Drums,Drum Kit _ 1,Drum Kit _ 1,28080,81
19.411754999999996,0.05955879374999995,38,110,Drums,Drum Kit _ 1,Drum Kit _ 1,28320,81
19.411754999999996,0.05955879374999995,42,90,Drums,Drum Kit _ 1,Drum Kit _ 1,28320,81
19.588225499999997,0.05955879374999995,42,90,Drums,Drum Kit _ 1,Drum Kit _ 1,28560,81
19.764695999999997,0.05955879374999995,35,110,Drums,Drum Kit _ 1,Drum Kit _ 1,28800,81
19.764695999999997,0.05955879374999995,42,90,Drums,Drum Kit _ 1,Drum Kit _ 1,28800,81
19.941166499999998,0.05955879374999995,42,90,Drums,Drum Kit _ 1,Drum Kit _ 1,29040,81
20.117637,0.05955879374999995,38,110,Drums,Drum Kit _ 1,Drum Kit _ 1,29280,81
20.117637,0.05955879374999995,42,90,Drums,Drum Kit _ 1,Drum Kit _ 1,29280,81
20.2941075,0.05955879374999995,42,90,Drums,Drum Kit _ 1,Drum Kit _ 1,29520,81
20.470577999999996,0.05955879374999995,35,110,Drums,Drum Kit _ 1,Drum Kit _ 1,29760,81
20.470577999999996,0.05955879374999995,42,90,Drums,Drum Kit _ 1,Drum Kit _ 1,29760,81
20.647048499999997,0.05955879374999995,42,90,Drums,Drum Kit _ 1,Drum Kit _ 1,30000,81
20.823518999999997,0.05955879374999995,38,110,Drums,Drum Kit _ 1,Drum Kit _ 1,30240,81
20.823518999999997,0.05955879374999995,42,90,Drums,Drum Kit _ 1,Drum Kit _ 1,30240,81
20.999989499999998,0.05955879374999995,42,90,Drums,Drum Kit _ 1,Drum Kit _ 1,30480,81
21.17646,0.05955879374999995,35,110,Drums,Drum Kit _ 1,Drum Kit _ 1,30720,81
21.17646,0.05955879374999995,42,90,Drums,Drum Kit _ 1,Drum Kit _ 1,30720,81
21.352930499999996,0.05955879374999995,42,90,Drums,Drum Kit _ 1,Drum Kit _ 1,30960,81
21.529400999999996,0.05955879374999995,38,110,Drums,Drum Kit _ 1,Drum Kit _ 1,31200,81
21.529400999999996,0.05955879374999995,42,90,Drums,Drum Kit _ 1,Drum Kit _ 1,31200,81
21.705871499999997,0.05955879374999995,42,90,Drums,Drum Kit _ 1,Drum Kit _ 1,31440,81
21.882341999999998,0.05955879374999995,35,110,Drums,Drum Kit _ 1,Drum Kit _ 1,31680,81
21.882341999999998,0.05955879374999995,42,90,Drums,Drum Kit _ 1,Drum Kit _ 1,31680,81
22.0588125,0.05955879374999995,42,90,Drums,Drum Kit _ 1,Drum Kit _ 1,31920,81
22.235283,0.05955879374999995,38,110,Drums,Drum Kit _ 1,Drum Kit _ 1,32160,81
22.235283,0.05955879374999995,42,90,Drums,Drum Kit _ 1,Drum Kit _ 1,32160,81
22.411753499999996,0.05955879374999995,42,90,Drums,Drum Kit _ 1,Drum Kit _ 1,32400,81
22.588223999999997,0.05955879374999995,35,110,Drums,Drum Kit _ 1,Drum Kit _ 1,32640,81
22.588223999999997,0.05955879374999995,54,90,Drums,Drum Kit _ 1,Drum Kit _ 1,32640,81
22.588223999999997,0.05955879374999995,42,90,Drums,Drum Kit _ 1,Drum Kit _ 1,32640,81
22.764694499999997,0.05955879374999995,42,90,Drums,Drum Kit _ 1,Drum Kit _ 1,32880,81
22.941164999999998,0.05955879374999995,38,110,Drums,Drum Kit _ 1,Drum Kit _ 1,33120,81
22.941164999999998,0.05955879374999995,42,90,Drums,Drum Kit _ 1,Drum Kit _ 1,33120,81
23.1176355,0.05955879374999995,42,90,Drums,Drum Kit _ 1,Drum Kit _ 1,33360,81
23.294105999999996,0.05955879374999995,35,110,Drums,Drum Kit _ 1,Drum Kit _ 1,33600,81
23.294105999999996,0.05955879374999995,42,90,Drums,Drum Kit _ 1,Drum Kit _ 1,33600,81
23.470576499999996,0.05955879374999995,42,90,Drums,Drum Kit _ 1,Drum Kit _ 1,33840,81
23.647046999999997,0.05955879374999995,38,110,Drums,Drum Kit _ 1,Drum Kit _ 1,34080,81
23.647046999999997,0.05955879374999995,42,90,Drums,Drum Kit _ 1,Drum Kit _ 1,34080,81
23.823517499999998,0.05955879374999995,42,90,Drums,Drum Kit _ 1,Drum Kit _ 1,34320,81
23.999988,0.05955879374999995,35,110,Drums,Drum Kit _ 1,Drum Kit _ 1,34560,81
23.999988,0.05955879374999995,42,90,Drums,Drum Kit _ 1,Drum Kit _ 1,34560,81
24.1764585,0.05955879374999995,42,90,Drums,Drum Kit _ 1,Drum Kit _ 1,34800,81
24.352928999999996,0.05955879374999995,38,110,Drums,Drum Kit _ 1,Drum Kit _ 1,35040,81
24.352928999999996,0.05955879374999995,42,90,Drums,Drum Kit _ 1,Drum Kit _ 1,35040,81
24.529399499999997,0.05955879374999995,42,90,Drums,Drum Kit _ 1,Drum Kit _ 1,35280,81
24.705869999999997,0.05955879374999995,35,110,Drums,Drum Kit _ 1,Drum Kit _ 1,35520,81
24.705869999999997,0.05955879374999995,42,90,Drums,Drum Kit _ 1,Drum Kit _ 1,35520,81
24.882340499999998,0.05955879374999995,42,90,Drums,Drum Kit _ 1,Drum Kit _ 1,35760,81
25.058811,0.05955879374999995,38,110,Drums,Drum Kit _ 1,Drum Kit _ 1,36000,81
25.058811,0.05955879374999995,42,90,Drums,Drum Kit _ 1,Drum Kit _ 1,36000,81
25.235281499999996,0.05955879374999995,42,90,Drums,Drum Kit _ 1,Drum Kit _ 1,36240,81
25.411751999999996,0.05955879374999995,35,110,Drums,Drum Kit _ 1,Drum Kit _ 1,36480,81
25.411751999999996,0.05955879374999995,54,90,Drums,Drum Kit _ 1,Drum Kit _ 1,36480,81
25.411751999999996,0.05955879374999995,42,90,Drums,Drum Kit _ 1,Drum Kit _ 1,36480,81
25.588222499999997,0.05955879374999995,42,90,Drums,Drum Kit _ 1,Drum Kit _ 1,36720,81
25.764692999999998,0.05955879374999995,38,110,Drums,Drum Kit _ 1,Drum Kit _ 1,36960,81
25.764692999999998,0.05955879374999995,42,90,Drums,Drum Kit _ 1,Drum Kit _ 1,36960,81
25.9411635,0.05955879374999995,42,90,Drums,Drum Kit _ 1,Drum Kit _ 1,37200,81
26.117634,0.05955879374999995,35,110,Drums,Drum Kit _ 1,Drum Kit _ 1,37440,81
26.117634,0.05955879374999995,42,90,Drums,Drum Kit _ 1,Drum Kit _ 1,37440,81
26.294104499999996,0.05955879374999995,42,90,Drums,Drum Kit _ 1,Drum Kit _ 1,37680,81
26.470574999999997,0.05955879374999995,38,110,Drums,Drum Kit _ 1,Drum Kit _ 1,37920,81
26.470574999999997,0.05955879374999995,42,90,Drums,Drum Kit _ 1,Drum Kit _ 1,37920,81
26.647045499999997,0.05955879374999995,42,90,Drums,Drum Kit _ 1,Drum Kit _ 1,38160,81
26.823515999999998,0.05955879374999995,35,110,Drums,Drum Kit _ 1,Drum Kit _ 1,38400,81
26.823515999999998,0.05955879374999995,42,90,Drums,Drum Kit _ 1,Drum Kit _ 1,38400,81
26.9999865,0.05955879374999995,42,90,Drums,Drum Kit _ 1,Drum Kit _ 1,38640,81
27.176456999999996,0.05955879374999995,38,110,Drums,Drum Kit _ 1,Drum Kit _ 1,38880,81
27.176456999999996,0.05955879374999995,42,90,Drums,Drum Kit _ 1,Drum Kit _ 1,38880,81
27.352927499999996,0.05955879374999995,42,90,Drums,Drum Kit _ 1,Drum Kit _ 1,39120,81
27.529397999999997,0.05955879374999995,35,110,Drums,Drum Kit _ 1,Drum Kit _ 1,39360,81
27.529397999999997,0.05955879374999995,42,90,Drums,Drum Kit _ 1,Drum Kit _ 1,39360,81
27.705868499999998,0.05955879374999995,42,90,Drums,Drum Kit _ 1,Drum Kit _ 1,39600,81
27.882338999999998,0.05955879374999995,38,110,Drums,Drum Kit _ 1,Drum Kit _ 1,39840,81
27.882338999999998,0.05955879374999995,42,90,Drums,Drum Kit _ 1,Drum Kit _ 1,39840,81
28.0588095,0.05955879374999995,42,90,Drums,Drum Kit _ 1,Drum Kit _ 1,40080,81
28.235279999999996,0.05955879374999995,35,110,Drums,Drum Kit _ 1,Drum Kit _ 1,40320,81
28.235279999999996,0.05955879374999995,54,90,Drums,Drum Kit _ 1,Drum Kit _ 1,40320,81
28.235279999999996,0.05955879374999995,42,90,Drums,Drum Kit _ 1,Drum Kit _ 1,40320,81
28.411750499999997,0.05955879374999995,42,90,Drums,Drum Kit _ 1,Drum Kit _ 1,40560,81
28.588220999999997,0.05955879374999995,38,110,Drums,Drum Kit _ 1,Drum Kit _ 1,40800,81
28.588220999999997,0.05955879374999995,42,90,Drums,Drum Kit _ 1,Drum Kit _ 1,40800,81
28.764691499999998,0.05955879374999995,42,90,Drums,Drum Kit _ 1,Drum Kit _ 1,41040,81
28.941162,0.05955879374999995,35,110,Drums,Drum Kit _ 1,Drum Kit _ 1,41280,81
28.941162,0.05955879374999995,42,90,Drums,Drum Kit _ 1,Drum Kit _ 1,41280,81
29.117632499999996,0.05955879374999995,42,90,Drums,Drum Kit _ 1,Drum Kit _ 1,41520,81
29.294102999999996,0.05955879374999995,38,110,Drums,Drum Kit _ 1,Drum Kit _ 1,41760,81
29.294102999999996,0.05955879374999995,42,90,Drums,Drum Kit _ 1,Drum Kit _ 1,41760,81
29.470573499999997,0.05955879374999995,42,90,Drums,Drum Kit _ 1,Drum Kit _ 1,42000,81
29.647043999999998,0.05955879374999995,35,110,Drums,Drum Kit _ 1,Drum Kit _ 1,42240,81
29.647043999999998,0.05955879374999995,42,90,Drums,Drum Kit _ 1,Drum Kit _ 1,42240,81
29.823514499999998,0.05955879374999995,42,90,Drums,Drum Kit _ 1,Drum Kit _ 1,42480,81
29.999984999999995,0.0595587937500035,38,110,Drums,Drum Kit _ 1,Drum Kit _ 1,42720,81
29.999984999999995,0.0595587937500035,42,90,Drums,Drum Kit _ 1,Drum Kit _ 1,42720,81
30.176455499999996,0.05955879374999995,42,90,Drums,Drum Kit _ 1,Drum Kit _ 1,42960,81
30.352925999999997,0.05955879374999995,35,110,Drums,Drum Kit _ 1,Drum Kit _ 1,43200,81
30.352925999999997,0.05955879374999995,42,90,Drums,Drum Kit _ 1,Drum Kit _ 1,43200,81
30.529396499999997,0.0595587937499964,42,90,Drums,Drum Kit _ 1,Drum Kit _ 1,43440,81
30.705866999999994,0.05955879374999995,38,110,Drums,Drum Kit _ 1,Drum Kit _ 1,43680,81
30.705866999999994,0.05955879374999995,42,90,Drums,Drum Kit _ 1,Drum Kit _ 1,43680,81
30.882337499999995,0.05955879374999995,42,90,Drums,Drum Kit _ 1,Drum Kit _ 1,43920,81
31.058807999999996,0.05955879374999995,35,110,Drums,Drum Kit _ 1,Drum Kit _ 1,44160,81
31.058807999999996,0.05955879374999995,54,90,Drums,Drum Kit _ 1,Drum Kit _ 1,44160,81
31.058807999999996,0.05955879374999995,42,90,Drums,Drum Kit _ 1,Drum Kit _ 1,44160,81
31.235278499999996,0.05955879374999995,42,90,Drums,Drum Kit _ 1,Drum Kit _ 1,44400,81
31.411748999999997,0.05955879374999995,38,110,Drums,Drum Kit _ 1,Drum Kit _ 1,44640,81
31.411748999999997,0.05955879374999995,42,90,Drums,Drum Kit _ 1,Drum Kit _ 1,44640,81
31.588219499999997,0.05955879374999995,42,90,Drums,Drum Kit _ 1,Drum Kit _ 1,44880,81
31.764689999999998,0.05955879374999995,35,110,Drums,Drum Kit _ 1,Drum Kit _ 1,45120,81
31.764689999999998,0.05955879374999995,42,90,Drums,Drum Kit _ 1,Drum Kit _ 1,45120,81
31.9411605,0.05955879374999995,42,90,Drums,Drum Kit _ 1,Drum Kit _ 1,45360,81
32.117631,0.05955879374999995,38,110,Drums,Drum Kit _ 1,Drum Kit _ 1,45600,81
32.117631,0.05955879374999995,42,90,Drums,Drum Kit _ 1,Drum Kit _ 1,45600,81
32.294101500000004,0.05955879374999995,42,90,Drums,Drum Kit _ 1,Drum Kit _ 1,45840,81
32.470572,0.05955879374999995,35,110,Drums,Drum Kit _ 1,Drum Kit _ 1,46080,81
32.470572,0.05955879374999995,42,90,Drums,Drum Kit _ 1,Drum Kit _ 1,46080,81
32.6470425,0.05955879374999995,38,110,Drums,Drum Kit _ 1,Drum Kit _ 1,46320,81
32.6470425,0.05955879374999995,45,90,Drums,Drum Kit _ 1,Drum Kit _ 1,46320,81
32.823513,0.05955879374999995,38,110,Drums,Drum Kit _ 1,Drum Kit _ 1,46560,81
32.823513,0.05955879374999995,45,90,Drums,Drum Kit _ 1,Drum Kit _ 1,46560,81
32.9999835,0.05955879374999995,38,110,Drums,Drum Kit _ 1,Drum Kit _ 1,46800,81
32.9999835,0.05955879374999995,45,90,Drums,Drum Kit _ 1,Drum Kit _ 1,46800,81
33.176454,0.05955879374999995,38,110,Drums,Drum Kit _ 1,Drum Kit _ 1,47040,81
33.176454,0.05955879374999995,45,90,Drums,Drum Kit _ 1,Drum Kit _ 1,47040,81
33.3529245,0.05955879374999995,38,110,Drums,Drum Kit _ 1,Drum Kit _ 1,47280,81
33.3529245,0.05955879374999995,45,90,Drums,Drum Kit _ 1,Drum Kit _ 1,47280,81
33.529395,0.05955879374999995,38,110,Drums,Drum Kit _ 1,Drum Kit _ 1,47520,81
33.529395,0.05955879374999995,45,90,Drums,Drum Kit _ 1,Drum Kit _ 1,47520,81
33.7058655,0.05955879374999995,38,110,Drums,Drum Kit _ 1,Drum Kit _ 1,47760,81
33.7058655,0.05955879374999995,45,90,Drums,Drum Kit _ 1,Drum Kit _ 1,47760,81
33.882336,0.05955879374999995,35,110,Drums,Drum Kit _ 1,Drum Kit _ 1,48000,81
33.882336,0.05955879374999995,42,90,Drums,Drum Kit _ 1,Drum Kit _ 1,48000,81
34.0588065,0.05955879374999995,42,90,Drums,Drum Kit _ 1,Drum Kit _ 1,48240,81
34.235277,0.05955879374999995,38,110,Drums,Drum Kit _ 1,Drum Kit _ 1,48480,81
34.235277,0.05955879374999995,42,90,Drums,Drum Kit _ 1,Drum Kit _ 1,48480,81
34.4117475,0.05955879374999995,42,90,Drums,Drum Kit _ 1,Drum Kit _ 1,48720,81
34.588218,0.05955879374999995,35,110,Drums,Drum Kit _ 1,Drum Kit _ 1,48960,81
34.588218,0.05955879374999995,42,90,Drums,Drum Kit _ 1,Drum Kit _ 1,48960,81
34.7646885,0.05955879374999995,42,90,Drums,Drum Kit _ 1,Drum Kit _ 1,49200,81
34.941159,0.05955879374999995,38,110,Drums,Drum Kit _ 1,Drum Kit _ 1,49440,81
34.941159,0.05955879374999995,42,90,Drums,Drum Kit _ 1,Drum Kit _ 1,49440,81
35.1176295,0.05955879374999995,42,90,Drums,Drum Kit _ 1,Drum Kit _ 1,49680,81
35.2941,0.05955879374999995,35,110,Drums,Drum Kit _ 1,Drum Kit _ 1,49920,81
35.2941,0.05955879374999995,42,90,Drums,Drum Kit _ 1,Drum Kit _ 1,49920,81
35.4705705,0.05955879374999995,42,90,Drums,Drum Kit _ 1,Drum Kit _ 1,50160,81
35.647041,0.05955879374999995,38,110,Drums,Drum Kit _ 1,Drum Kit _ 1,50400,81
35.647041,0.05955879374999995,42,90,Drums,Drum Kit _ 1,Drum Kit _ 1,50400,81
35.8235115,0.05955879374999995,42,90,Drums,Drum Kit _ 1,Drum Kit _ 1,50640,81
35.999982,0.05955879374999995,35,110,Drums,Drum Kit _ 1,Drum Kit _ 1,50880,81
35.999982,0.05955879374999995,42,90,Drums,Drum Kit _ 1,Drum Kit _ 1,50880,81
36.1764525,0.05955879374999995,42,90,Drums,Drum Kit _ 1,Drum Kit _ 1,51120,81
36.352923,0.05955879374999995,38,110,Drums,Drum Kit _ 1,Drum Kit _ 1,51360,81
36.352923,0.05955879374999995,42,90,Drums,Drum Kit _ 1,Drum Kit _ 1,51360,81
36.5293935,0.05955879374999995,42,90,Drums,Drum Kit _ 1,Drum Kit _ 1,51600,81
36.705864,0.05955879374999995,35,110,Drums,Drum Kit _ 1,Drum Kit _ 1,51840,81
36.705864,0.05955879374999995,42,90,Drums,Drum Kit _ 1,Drum Kit _ 1,51840,81
36.8823345,0.05955879374999995,42,90,Drums,Drum Kit _ 1,Drum Kit _ 1,52080,81
37.058805,0.05955879374999995,38,110,Drums,Drum Kit _ 1,Drum Kit _ 1,52320,81
37.058805,0.05955879374999995,42,90,Drums,Drum Kit _ 1,Drum Kit _ 1,52320,81
37.2352755,0.05955879374999995,42,90,Drums,Drum Kit _ 1,Drum Kit _ 1,52560,81
37.411746,0.05955879374999995,35,110,Drums,Drum Kit _ 1,Drum Kit _ 1,52800,81
37.411746,0.05955879374999995,42,90,Drums,Drum Kit _ 1,Drum Kit _ 1,52800,81
37.5882165,0.05955879374999995,42,90,Drums,Drum Kit _ 1,Drum Kit _ 1,53040,81
37.764687,0.05955879374999995,38,110,Drums,Drum Kit _ 1,Drum Kit _ 1,53280,81
37.764687,0.05955879374999995,42,90,Drums,Drum Kit _ 1,Drum Kit _ 1,53280,81
37.9411575,0.05955879374999995,42,90,Drums,Drum Kit _ 1,Drum Kit _ 1,53520,81
38.117628,0.05955879374999995,35,110,Drums,Drum Kit _ 1,Drum Kit _ 1,53760,81
38.117628,0.05955879374999995,42,90,Drums,Drum Kit _ 1,Drum Kit _ 1,53760,81
38.2940985,0.05955879374999995,42,90,Drums,Drum Kit _ 1,Drum Kit _ 1,54000,81
38.470569,0.05955879374999995,38,110,Drums,Drum Kit _ 1,Drum Kit _ 1,54240,81
38.470569,0.05955879374999995,42,90,Drums,Drum Kit _ 1,Drum Kit _ 1,54240,81
38.6470395,0.05955879374999995,42,90,Drums,Drum Kit _ 1,Drum Kit _ 1,54480,81
38.82351,0.05955879374999995,35,110,Drums,Drum Kit _ 1,Drum Kit _ 1,54720,81
38.82351,0.05955879374999995,42,90,Drums,Drum Kit _ 1,Drum Kit _ 1,54720,81
38.9999805,0.05955879374999995,42,90,Drums,Drum Kit _ 1,Drum Kit _ 1,54960,81
39.176451,0.05955879374999995,38,110,Drums,Drum Kit _ 1,Drum Kit _ 1,55200,81
39.176451,0.05955879374999995,42,90,Drums,Drum Kit _ 1,Drum Kit _ 1,55200,81
39.3529215,0.05955879374999995,42,90,Drums,Drum Kit _ 1,Drum Kit _ 1,55440,81
39.529392,0.05955879374999995,35,110,Drums,Drum Kit _ 1,Drum Kit _ 1,55680,81
39.529392,0.05955879374999995,42,90,Drums,Drum Kit _ 1,Drum Kit _ 1,55680,81
39.7058625,0.05955879374999995,42,90,Drums,Drum Kit _ 1,Drum Kit _ 1,55920,81
39.882333,0.05955879374999995,38,110,Drums,Drum Kit _ 1,Drum Kit _ 1,56160,81
39.882333,0.05955879374999995,42,90,Drums,Drum Kit _ 1,Drum Kit _ 1,56160,81
40.0588035,0.05955879374999995,42,90,Drums,Drum Kit _ 1,Drum Kit _ 1,56400,81
40.235274,0.05955879374999995,35,110,Drums,Drum Kit _ 1,Drum Kit _ 1,56640,81
40.235274,0.05955879374999995,42,90,Drums,Drum Kit _ 1,Drum Kit _ 1,56640,81
40.4117445,0.05955879374999995,42,90,Drums,Drum Kit _ 1,Drum Kit _ 1,56880,81
40.588215,0.05955879374999995,38,110,Drums,Drum Kit _ 1,Drum Kit _ 1,57120,81
40.588215,0.05955879374999995,42,90,Drums,Drum Kit _ 1,Drum Kit _ 1,57120,81
40.7646855,0.05955879374999995,42,90,Drums,Drum Kit _ 1,Drum Kit _ 1,57360,81
40.941156,0.05955879374999995,35,110,Drums,Drum Kit _ 1,Drum Kit _ 1,57600,81
40.941156,0.05955879374999995,42,90,Drums,Drum Kit _ 1,Drum Kit _ 1,57600,81
41.1176265,0.05955879374999995,42,90,Drums,Drum Kit _ 1,Drum Kit _ 1,57840,81
41.294097,0.05955879374999995,38,110,Drums,Drum Kit _ 1,Drum Kit _ 1,58080,81
41.294097,0.05955879374999995,42,90,Drums,Drum Kit _ 1,Drum Kit _ 1,58080,81
41.4705675,0.05955879374999995,42,90,Drums,Drum Kit _ 1,Drum Kit _ 1,58320,81
41.647038,0.05955879374999995,35,110,Drums,Drum Kit _ 1,Drum Kit _ 1,58560,81
41.647038,0.05955879374999995,42,90,Drums,Drum Kit _ 1,Drum Kit _ 1,58560,81
41.8235085,0.05955879374999995,42,90,Drums,Drum Kit _ 1,Drum Kit _ 1,58800,81
41.999979,0.05955879374999995,38,110,Drums,Drum Kit _ 1,Drum Kit _ 1,59040,81
41.999979,0.05955879374999995,42,90,Drums,Drum Kit _ 1,Drum Kit _ 1,59040,81
42.1764495,0.05955879374999995,42,90,Drums,Drum Kit _ 1,Drum Kit _ 1,59280,81
42.35292,0.05955879374999995,35,110,Drums,Drum Kit _ 1,Drum Kit _ 1,59520,81
42.35292,0.05955879374999995,42,90,Drums,Drum Kit _ 1,Drum Kit _ 1,59520,81
42.5293905,0.05955879374999995,42,90,Drums,Drum Kit _ 1,Drum Kit _ 1,59760,81
42.705861,0.05955879374999995,38,110,Drums,Drum Kit _ 1,Drum Kit _ 1,60000,81
42.705861,0.05955879374999995,42,90,Drums,Drum Kit _ 1,Drum Kit _ 1,60000,81
42.8823315,0.05955879374999995,42,90,Drums,Drum Kit _ 1,Drum Kit _ 1,60240,81
43.058802,0.05955879374999995,35,110,Drums,Drum Kit _ 1,Drum Kit _ 1,60480,81
43.058802,0.05955879374999995,42,90,Drums,Drum Kit _ 1,Drum Kit _ 1,60480,81
43.2352725,0.05955879374999995,42,90,Drums,Drum Kit _ 1,Drum Kit _ 1,60720,81
43.411743,0.05955879374999995,38,110,Drums,Drum Kit _ 1,Drum Kit _ 1,60960,81
43.411743,0.05955879374999995,42,90,Drums,Drum Kit _ 1,Drum Kit _ 1,60960,81
43.5882135,0.05955879374999995,42,90,Drums,Drum Kit _ 1,Drum Kit _ 1,61200,81
43.764684,0.05955879374999995,35,110,Drums,Drum Kit _ 1,Drum Kit _ 1,61440,81
43.764684,0.05955879374999995,42,90,Drums,Drum Kit _ 1,Drum Kit _ 1,61440,81
43.9411545,0.05955879374999995,42,90,Drums,Drum Kit _ 1,Drum Kit _ 1,61680,81
44.117625,0.05955879374999995,38,110,Drums,Drum Kit _ 1,Drum Kit _ 1,61920,81
44.117625,0.05955879374999995,42,90,Drums,Drum Kit _ 1,Drum Kit _ 1,61920,81
44.2940955,0.05955879374999995,42,90,Drums,Drum Kit _ 1,Drum Kit _ 1,62160,81
44.470566,0.05955879374999995,35,110,Drums,Drum Kit _ 1,Drum Kit _ 1,62400,81
44.470566,0.05955879374999995,42,90,Drums,Drum Kit _ 1,Drum Kit _ 1,62400,81
44.6470365,0.05955879374999995,42,90,Drums,Drum Kit _ 1,Drum Kit _ 1,62640,81
44.823507,0.05955879374999995,38,110,Drums,Drum Kit _ 1,Drum Kit _ 1,62880,81
44.823507,0.05955879374999995,42,90,Drums,Drum Kit _ 1,Drum Kit _ 1,62880,81
44.9999775,0.05955879374999995,42,90,Drums,Drum Kit _ 1,Drum Kit _ 1,63120,81
45.176448,0.05955879374999995,35,110,Drums,Drum Kit _ 1,Drum Kit _ 1,63360,81
45.176448,0.05955879374999995,42,90,Drums,Drum Kit _ 1,Drum Kit _ 1,63360,81
45.3529185,0.05955879374999995,42,90,Drums,Drum Kit _ 1,Drum Kit _ 1,63600,81
45.529389,0.05955879374999995,38,110,Drums,Drum Kit _ 1,Drum Kit _ 1,63840,81
45.529389,0.05955879374999995,42,90,Drums,Drum Kit _ 1,Drum Kit _ 1,63840,81
45.7058595,0.05955879374999995,42,90,Drums,Drum Kit _ 1,Drum Kit _ 1,64080,81
45.88233,0.05955879374999995,35,110,Drums,Drum Kit _ 1,Drum Kit _ 1,64320,81
45.88233,0.05955879374999995,42,90,Drums,Drum Kit _ 1,Drum Kit _ 1,64320,81
46.0588005,0.05955879374999995,42,90,Drums,Drum Kit _ 1,Drum Kit _ 1,64560,81
46.235271,0.05955879374999995,38,110,Drums,Drum Kit _ 1,Drum Kit _ 1,64800,81
46.235271,0.05955879374999995,42,90,Drums,Drum Kit _ 1,Drum Kit _ 1,64800,81
46.4117415,0.05955879374999995,42,90,Drums,Drum Kit _ 1,Drum Kit _ 1,65040,81
46.588212,0.05955879374999995,35,110,Drums,Drum Kit _ 1,Drum Kit _ 1,65280,81
46.588212,0.05955879374999995,42,90,Drums,Drum Kit _ 1,Drum Kit _ 1,65280,81
46.7646825,0.05955879374999995,42,90,Drums,Drum Kit _ 1,Drum Kit _ 1,65520,81
46.941153,0.05955879374999995,38,110,Drums,Drum Kit _ 1,Drum Kit _ 1,65760,81
46.941153,0.05955879374999995,42,90,Drums,Drum Kit _ 1,Drum Kit _ 1,65760,81
47.1176235,0.05955879374999995,42,90,Drums,Drum Kit _ 1,Drum Kit _ 1,66000,81
47.294094,0.05955879374999995,35,110,Drums,Drum Kit _ 1,Drum Kit _ 1,66240,81
47.294094,0.05955879374999995,42,90,Drums,Drum Kit _ 1,Drum Kit _ 1,66240,81
47.4705645,0.05955879374999995,42,90,Drums,Drum Kit _ 1,Drum Kit _ 1,66480,81
47.647035,0.05955879374999995,38,110,Drums,Drum Kit _ 1,Drum Kit _ 1,66720,81
47.647035,0.05955879374999995,42,90,Drums,Drum Kit _ 1,Drum Kit _ 1,66720,81
47.8235055,0.05955879374999995,42,90,Drums,Drum Kit _ 1,Drum Kit _ 1,66960,81
47.999976,0.05955879374999995,35,110,Drums,Drum Kit _ 1,Drum Kit _ 1,67200,81
47.999976,0.05955879374999995,42,90,Drums,Drum Kit _ 1,Drum Kit _ 1,67200,81
48.1764465,0.05955879374999995,42,90,Drums,Drum Kit _ 1,Drum Kit _ 1,67440,81
48.352917,0.05955879374999995,38,110,Drums,Drum Kit _ 1,Drum Kit _ 1,67680,81
48.352917,0.05955879374999995,42,90,Drums,Drum Kit _ 1,Drum Kit _ 1,67680,81
48.5293875,0.05955879374999995,42,90,Drums,Drum Kit _ 1,Drum Kit _ 1,67920,81
48.705858,0.05955879374999995,35,110,Drums,Drum Kit _ 1,Drum Kit _ 1,68160,81
48.705858,0.05955879374999995,42,90,Drums,Drum Kit _ 1,Drum Kit _ 1,68160,81
48.8823285,0.05955879374999995,42,90,Drums,Drum Kit _ 1,Drum Kit _ 1,68400,81
49.058799,0.05955879374999995,38,110,Drums,Drum Kit _ 1,Drum Kit _ 1,68640,81
49.058799,0.05955879374999995,42,90,Drums,Drum Kit _ 1,Drum Kit _ 1,68640,81
49.2352695,0.05955879374999995,42,90,Drums,Drum Kit _ 1,Drum Kit _ 1,68880,81
49.41174,0.05955879374999995,35,110,Drums,Drum Kit _ 1,Drum Kit _ 1,69120,81
49.41174,0.05955879374999995,42,90,Drums,Drum Kit _ 1,Drum Kit _ 1,69120,81
49.5882105,0.05955879374999995,42,90,Drums,Drum Kit _ 1,Drum Kit _ 1,69360,81
49.764681,0.05955879374999995,38,110,Drums,Drum Kit _ 1,Drum Kit _ 1,69600,81
49.764681,0.05955879374999995,42,90,Drums,Drum Kit _ 1,Drum Kit _ 1,69600,81
49.9411515,0.05955879374999995,42,90,Drums,Drum Kit _ 1,Drum Kit _ 1,69840,81
50.117622,0.05955879374999995,35,110,Drums,Drum Kit _ 1,Drum Kit _ 1,70080,81
50.117622,0.05955879374999995,42,90,Drums,Drum Kit _ 1,Drum Kit _ 1,70080,81
50.2940925,0.05955879374999995,42,90,Drums,Drum Kit _ 1,Drum Kit _ 1,70320,81
50.470563,0.05955879374999995,38,110,Drums,Drum Kit _ 1,Drum Kit _ 1,70560,81
50.470563,0.05955879374999995,42,90,Drums,Drum Kit _ 1,Drum Kit _ 1,70560,81
50.6470335,0.05955879374999995,42,90,Drums,Drum Kit _ 1,Drum Kit _ 1,70800,81
50.823504,0.02941175000000129,51,65,Drums,Drum Kit _ 1,Drum Kit _ 1,71040,40
50.823504,0.05955879374999995,35,110,Drums,Drum Kit _ 1,Drum Kit _ 1,71040,81
50.867621625,0.02941175000000129,51,59,Drums,Drum Kit _ 1,Drum Kit _ 1,71100,40
50.91173925,0.02941175000000129,51,60,Drums,Drum Kit _ 1,Drum Kit _ 1,71160,40
50.955856875,0.029411749999994186,51,68,Drums,Drum Kit _ 1,Drum Kit _ 1,71220,40
50.9999745,0.02941175000000129,51,66,Drums,Drum Kit _ 1,Drum Kit _ 1,71280,40
51.044092125,0.02941175000000129,51,69,Drums,Drum Kit _ 1,Drum Kit _ 1,71340,40
51.08820975,0.02941175000000129,51,63,Drums,Drum Kit _ 1,Drum Kit _ 1,71400,40
51.132327375,0.029411749999994186,51,70,Drums,Drum Kit _ 1,Drum Kit _ 1,71460,40
51.176445,0.02941175000000129,51,71,Drums,Drum Kit _ 1,Drum Kit _ 1,71520,40
51.220562625,0.02941175000000129,51,69,Drums,Drum Kit _ 1,Drum Kit _ 1,71580,40
51.26468025,0.02941175000000129,51,69,Drums,Drum Kit _ 1,Drum Kit _ 1,71640,40
51.308797874999996,0.02941175000000129,51,63,Drums,Drum Kit _ 1,Drum Kit _ 1,71700,40
51.3529155,0.02941175000000129,51,65,Drums,Drum Kit _ 1,Drum Kit _ 1,71760,40
51.397033125,0.02941175000000129,51,73,Drums,Drum Kit _ 1,Drum Kit _ 1,71820,40
51.44115075,0.02941175000000129,51,70,Drums,Drum Kit _ 1,Drum Kit _ 1,71880,40
51.485268375,0.02941175000000129,51,78,Drums,Drum Kit _ 1,Drum Kit _ 1,71940,40
51.529386,0.029411749999994186,51,84,Drums,Drum Kit _ 1,Drum Kit _ 1,72000,40
51.573503625,0.02941175000000129,51,68,Drums,Drum Kit _ 1,Drum Kit _ 1,72060,40
51.61762125,0.02941175000000129,51,67,Drums,Drum Kit _ 1,Drum Kit _ 1,72120,40
51.661738875,0.02941175000000129,51,73,Drums,Drum Kit _ 1,Drum Kit _ 1,72180,40
51.7058565,0.029411749999994186,51,67,Drums,Drum Kit _ 1,Drum Kit _ 1,72240,40
51.749974125,0.02941175000000129,51,70,Drums,Drum Kit _ 1,Drum Kit _ 1,72300,40
51.79409175,0.02941175000000129,51,56,Drums,Drum Kit _ 1,Drum Kit _ 1,72360,40
51.838209375,0.02941175000000129,51,68,Drums,Drum Kit _ 1,Drum Kit _ 1,72420,40
51.882327,0.02941175000000129,51,67,Drums,Drum Kit _ 1,Drum Kit _ 1,72480,40
51.926444625,0.029411749999994186,51,65,Drums,Drum Kit _ 1,Drum Kit _ 1,72540,40
51.97056225,0.02941175000000129,51,71,Drums,Drum Kit _ 1,Drum Kit _ 1,72600,40
52.014679875,0.02941175000000129,51,80,Drums,Drum Kit _ 1,Drum Kit _ 1,72660,40
52.0587975,0.02941175000000129,51,70,Drums,Drum Kit _ 1,Drum Kit _ 1,72720,40
52.102915125,0.029411749999994186,51,67,Drums,Drum Kit _ 1,Drum Kit _ 1,72780,40
52.14703275,0.02941175000000129,51,70,Drums,Drum Kit _ 1,Drum Kit _ 1,72840,40
52.191150375,0.02941175000000129,51,70,Drums,Drum Kit _ 1,Drum Kit _ 1,72900,40
52.235268,0.02941175000000129,51,70,Drums,Drum Kit _ 1,Drum Kit _ 1,72960,40
52.279385624999996,0.02941175000000129,51,73,Drums,Drum Kit _ 1,Drum Kit _ 1,73020,40
52.32350325,0.02941175000000129,51,78,Drums,Drum Kit _ 1,Drum Kit _ 1,73080,40
52.367620875,0.02941175000000129,51,69,Drums,Drum Kit _ 1,Drum Kit _ 1,73140,40
52.4117385,0.02941175000000129,51,70,Drums,Drum Kit _ 1,Drum Kit _ 1,73200,40
52.455856125,0.02941175000000129,51,69,Drums,Drum Kit _ 1,Drum Kit _ 1,73260,40
52.49997375,0.029411749999994186,51,67,Drums,Drum Kit _ 1,Drum Kit _ 1,73320,40
52.544091375,0.02941175000000129,51,67,Drums,Drum Kit _ 1,Drum Kit _ 1,73380,40
52.588209,0.02941175000000129,51,69,Drums,Drum Kit _ 1,Drum Kit _ 1,73440,40
52.632326625,0.02941175000000129,51,81,Drums,Drum Kit _ 1,Drum Kit _ 1,73500,40
52.67644425,0.029411749999994186,51,58,Drums,Drum Kit _ 1,Drum Kit _ 1,73560,40
52.720561875,0.02941175000000129,51,76,Drums,Drum Kit _ 1,Drum Kit _ 1,73620,40
52.7646795,0.02941175000000129,51,83,Drums,Drum Kit _ 1,Drum Kit _ 1,73680,40
52.808797125,0.02941175000000129,51,71,Drums,Drum Kit _ 1,Drum Kit _ 1,73740,40
52.85291475,0.02941175000000129,51,64,Drums,Drum Kit _ 1,Drum Kit _ 1,73800,40
52.897032375,0.029411749999994186,51,64,Drums,Drum Kit _ 1,Drum Kit _ 1,73860,40
52.94115,0.02941175000000129,51,70,Drums,Drum Kit _ 1,Drum Kit _ 1,73920,40
52.985267625,0.02941175000000129,51,63,Drums,Drum Kit _ 1,Drum Kit _ 1,73980,40
53.02938525,0.02941175000000129,51,69,Drums,Drum Kit _ 1,Drum Kit _ 1,74040,40
53.073502875,0.029411749999994186,51,63,Drums,Drum Kit _ 1,Drum Kit _ 1,74100,40
53.1176205,0.02941175000000129,51,70,Drums,Drum Kit _ 1,Drum Kit _ 1,74160,40
53.161738125,0.02941175000000129,51,67,Drums,Drum Kit _ 1,Drum Kit _ 1,74220,40
53.20585575,0.02941175000000129,51,58,Drums,Drum Kit _ 1,Drum Kit _ 1,74280,40
53.249973374999996,0.02941175000000129,51,84,Drums,Drum Kit _ 1,Drum Kit _ 1,74340,40
53.294091,0.02941175000000129,51,70,Drums,Drum Kit _ 1,Drum Kit _ 1,74400,40
53.338208625,0.02941175000000129,51,70,Drums,Drum Kit _ 1,Drum Kit _ 1,74460,40
53.38232625,0.02941175000000129,51,65,Drums,Drum Kit _ 1,Drum Kit _ 1,74520,40
53.426443875,0.02941175000000129,51,56,Drums,Drum Kit _ 1,Drum Kit _ 1,74580,40
53.4705615,0.029411749999994186,51,70,Drums,Drum Kit _ 1,Drum Kit _ 1,74640,40
53.514679125,0.02941175000000129,51,78,Drums,Drum Kit _ 1,Drum Kit _ 1,74700,40
53.55879675,0.02941175000000129,51,74,Drums,Drum Kit _ 1,Drum Kit _ 1,74760,40
53.602914375,0.02941175000000129,51,71,Drums,Drum Kit _ 1,Drum Kit _ 1,74820,40
53.647032,0.05955879374999995,35,110,Drums,Drum Kit _ 1,Drum Kit _ 1,74880,81
53.647032,0.05955879374999995,42,90,Drums,Drum Kit _ 1,Drum Kit _ 1,74880,81
53.8235025,0.05955879374999995,42,90,Drums,Drum Kit _ 1,Drum Kit _ 1,75120,81
53.999973,0.05955879374999995,38,110,Drums,Drum Kit _ 1,Drum Kit _ 1,75360,81
53.999973,0.05955879374999995,42,90,Drums,Drum Kit _ 1,Drum Kit _ 1,75360,81
54.1764435,0.05955879374999995,42,90,Drums,Drum Kit _ 1,Drum Kit _ 1,75600,81
54.352914,0.05955879374999995,35,110,Drums,Drum Kit _ 1,Drum Kit _ 1,75840,81
54.352914,0.05955879374999995,42,90,Drums,Drum Kit _ 1,Drum Kit _ 1,75840,81
54.5293845,0.05955879374999995,42,90,Drums,Drum Kit _ 1,Drum Kit _ 1,76080,81
54.705855,0.05955879374999995,38,110,Drums,Drum Kit _ 1,Drum Kit _ 1,76320,81
54.705855,0.05955879374999995,42,90,Drums,Drum Kit _ 1,Drum Kit _ 1,76320,81
54.8823255,0.05955879374999995,42,90,Drums,Drum Kit _ 1,Drum Kit _ 1,76560,81
55.058796,0.05955879374999995,35,110,Drums,Drum Kit _ 1,Drum Kit _ 1,76800,81
55.058796,0.05955879374999995,42,90,Drums,Drum Kit _ 1,Drum Kit _ 1,76800,81
55.2352665,0.05955879374999995,42,90,Drums,Drum Kit _ 1,Drum Kit _ 1,77040,81
55.411737,0.05955879374999995,38,110,Drums,Drum Kit _ 1,Drum Kit _ 1,77280,81
55.411737,0.05955879374999995,42,90,Drums,Drum Kit _ 1,Drum Kit _ 1,77280,81
55.5882075,0.05955879374999995,42,90,Drums,Drum Kit _ 1,Drum Kit _ 1,77520,81
55.764677999999996,0.05955879374999995,35,110,Drums,Drum Kit _ 1,Drum Kit _ 1,77760,81
55.764677999999996,0.05955879374999995,42,90,Drums,Drum Kit _ 1,Drum Kit _ 1,77760,81
55.9411485,0.05955879374999995,42,90,Drums,Drum Kit _ 1,Drum Kit _ 1,78000,81
56.117619,0.05955879374999995,38,110,Drums,Drum Kit _ 1,Drum Kit _ 1,78240,81
56.117619,0.05955879374999995,42,90,Drums,Drum Kit _ 1,Drum Kit _ 1,78240,81
56.2940895,0.05955879374999995,42,90,Drums,Drum Kit _ 1,Drum Kit _ 1,78480,81
56.47056,0.05955879374999995,35,110,Drums,Drum Kit _ 1,Drum Kit _ 1,78720,81
56.47056,0.05955879374999995,42,90,Drums,Drum Kit _ 1,Drum Kit _ 1,78720,81
56.6470305,0.05955879374999995,42,90,Drums,Drum Kit _ 1,Drum Kit _ 1,78960,81
56.823501,0.05955879374999995,38,110,Drums,Drum Kit _ 1,Drum Kit _ 1,79200,81
56.823501,0.05955879374999995,42,90,Drums,Drum Kit _ 1,Drum Kit _ 1,79200,81
56.9999715,0.05955879374999995,42,90,Drums,Drum Kit _ 1,Drum Kit _ 1,79440,81
57.176442,0.05955879374999995,35,110,Drums,Drum Kit _ 1,Drum Kit _ 1,79680,81
57.176442,0.05955879374999995,42,90,Drums,Drum Kit _ 1,Drum Kit _ 1,79680,81
57.3529125,0.05955879374999995,42,90,Drums,Drum Kit _ 1,Drum Kit _ 1,79920,81
57.529383,0.05955879374999995,38,110,Drums,Drum Kit _ 1,Drum Kit _ 1,80160,81
57.529383,0.05955879374999995,42,90,Drums,Drum Kit _ 1,Drum Kit _ 1,80160,81
57.705853499999996,0.05955879374999995,42,90,Drums,Drum Kit _ 1,Drum Kit _ 1,80400,81
57.882324,0.05955879374999995,35,110,Drums,Drum Kit _ 1,Drum Kit _ 1,80640,81
57.882324,0.05955879374999995,42,90,Drums,Drum Kit _ 1,Drum Kit _ 1,80640,81
58.0587945,0.05955879374999995,42,90,Drums,Drum Kit _ 1,Drum Kit _ 1,80880,81
58.235265,0.05955879374999995,38,110,Drums,Drum Kit _ 1,Drum Kit _ 1,81120,81
58.235265,0.05955879374999995,42,90,Drums,Drum Kit _ 1,Drum Kit _ 1,81120,81
58.4117355,0.05955879374999995,42,90,Drums,Drum Kit _ 1,Drum Kit _ 1,81360,81
58.588206,0.05955879374999995,35,110,Drums,Drum Kit _ 1,Drum Kit _ 1,81600,81
58.588206,0.05955879374999995,42,90,Drums,Drum Kit _ 1,Drum Kit _ 1,81600,81
58.7646765,0.05955879374999995,42,90,Drums,Drum Kit _ 1,Drum Kit _ 1,81840,81
58.941147,0.05955879374999995,38,110,Drums,Drum Kit _ 1,Drum Kit _ 1,82080,81
58.941147,0.05955879374999995,42,90,Drums,Drum Kit _ 1,Drum Kit _ 1,82080,81
59.1176175,0.05955879374999995,42,90,Drums,Drum Kit _ 1,Drum Kit _ 1,82320,81
59.294088,0.05955879374999995,35,110,Drums,Drum Kit _ 1,Drum Kit _ 1,82560,81
59.294088,0.05955879374999995,42,90,Drums,Drum Kit _ 1,Drum Kit _ 1,82560,81
59.470558499999996,0.059558793750007055,42,90,Drums,Drum Kit _ 1,Drum Kit _ 1,82800,81
59.647028999999996,0.05955879374999995,38,110,Drums,Drum Kit _ 1,Drum Kit _ 1,83040,81
59.647028999999996,0.05955879374999995,42,90,Drums,Drum Kit _ 1,Drum Kit _ 1,83040,81
59.8234995,0.05955879374999995,42,90,Drums,Drum Kit _ 1,Drum Kit _ 1,83280,81
59.99997,0.05955879374999995,35,110,Drums,Drum Kit _ 1,Drum Kit _ 1,83520,81
59.99997,0.05955879374999995,42,90,Drums,Drum Kit _ 1,Drum Kit _ 1,83520,81
60.1764405,0.05955879374999995,42,90,Drums,Drum Kit _ 1,Drum Kit _ 1,83760,81
60.352911,0.05955879374999995,38,110,Drums,Drum Kit _ 1,Drum Kit _ 1,84000,81
60.352911,0.05955879374999995,42,90,Drums,Drum Kit _ 1,Drum Kit _ 1,84000,81
60.5293815,0.05955879374999995,42,90,Drums,Drum Kit _ 1,Drum Kit _ 1,84240,81
60.705852,0.05955879374999995,35,110,Drums,Drum Kit _ 1,Drum Kit _ 1,84480,81
60.705852,0.05955879374999995,42,90,Drums,Drum Kit _ 1,Drum Kit _ 1,84480,81
60.8823225,0.05955879374999995,42,90,Drums,Drum Kit _ 1,Drum Kit _ 1,84720,81
61.058793,0.05955879374999995,38,110,Drums,Drum Kit _ 1,Drum Kit _ 1,84960,81
61.058793,0.05955879374999995,42,90,Drums,Drum Kit _ 1,Drum Kit _ 1,84960,81
61.2352635,0.05955879374999995,42,90,Drums,Drum Kit _ 1,Drum Kit _ 1,85200,81
61.411733999999996,0.059558793750007055,35,110,Drums,Drum Kit _ 1,Drum Kit _ 1,85440,81
61.411733999999996,0.059558793750007055,42,90,Drums,Drum Kit _ 1,Drum Kit _ 1,85440,81
61.588204499999996,0.05955879374999995,42,90,Drums,Drum Kit _ 1,Drum Kit _ 1,85680,81
61.764675,0.05955879374999995,38,110,Drums,Drum Kit _ 1,Drum Kit _ 1,85920,81
61.764675,0.05955879374999995,42,90,Drums,Drum Kit _ 1,Drum Kit _ 1,85920,81
61.9411455,0.05955879374999995,42,90,Drums,Drum Kit _ 1,Drum Kit _ 1,86160,81
62.117616,0.05955879374999995,35,110,Drums,Drum Kit _ 1,Drum Kit _ 1,86400,81
62.117616,0.05955879374999995,42,90,Drums,Drum Kit _ 1,Drum Kit _ 1,86400,81
62.2940865,0.05955879374999995,42,90,Drums,Drum Kit _ 1,Drum Kit _ 1,86640,81
62.470557,0.05955879374999995,38,110,Drums,Drum Kit _ 1,Drum Kit _ 1,86880,81
62.470557,0.05955879374999995,42,90,Drums,Drum Kit _ 1,Drum Kit _ 1,86880,81
62.6470275,0.05955879374999995,42,90,Drums,Drum Kit _ 1,Drum Kit _ 1,87120,81
62.823497999999994,0.05955879374999995,35,110,Drums,Drum Kit _ 1,Drum Kit _ 1,87360,81
62.823497999999994,0.05955879374999995,42,90,Drums,Drum Kit _ 1,Drum Kit _ 1,87360,81
62.9999685,0.05955879374999995,42,90,Drums,Drum Kit _ 1,Drum Kit _ 1,87600,81
63.176438999999995,0.05955879374999995,38,110,Drums,Drum Kit _ 1,Drum Kit _ 1,87840,81
63.176438999999995,0.05955879374999995,42,90,Drums,Drum Kit _ 1,Drum Kit _ 1,87840,81
63.3529095,0.05955879374999995,42,90,Drums,Drum Kit _ 1,Drum Kit _ 1,88080,81
63.529379999999996,0.05955879374999995,35,110,Drums,Drum Kit _ 1,Drum Kit _ 1,88320,81
63.529379999999996,0.05955879374999995,42,90,Drums,Drum Kit _ 1,Drum Kit _ 1,88320,81
63.705850500000004,0.05955879374999995,42,90,Drums,Drum Kit _ 1,Drum Kit _ 1,88560,81
63.882321,0.05955879374999995,38,110,Drums,Drum Kit _ 1,Drum Kit _ 1,88800,81
63.882321,0.05955879374999995,42,90,Drums,Drum Kit _ 1,Drum Kit _ 1,88800,81
64.0587915,0.05955879374999995,42,90,Drums,Drum Kit _ 1,Drum Kit _ 1,89040,81
64.23526199999999,0.05955879374999995,35,110,Drums,Drum Kit _ 1,Drum Kit _ 1,89280,81
64.23526199999999,0.05955879374999995,42,90,Drums,Drum Kit _ 1,Drum Kit _ 1,89280,81
64.41173249999999,0.05955879374999995,42,90,Drums,Drum Kit _ 1,Drum Kit _ 1,89520,81
64.588203,0.05955879374999995,38,110,Drums,Drum Kit _ 1,Drum Kit _ 1,89760,81
64.588203,0.05955879374999995,42,90,Drums,Drum Kit _ 1,Drum Kit _ 1,89760,81
64.76467349999999,0.05955879374999995,42,90,Drums,Drum Kit _ 1,Drum Kit _ 1,90000,81
64.941144,0.05955879374999995,35,110,Drums,Drum Kit _ 1,Drum Kit _ 1,90240,81
64.941144,0.05955879374999995,42,90,Drums,Drum Kit _ 1,Drum Kit _ 1,90240,81
65.11761449999999,0.05955879374999995,42,90,Drums,Drum Kit _ 1,Drum Kit _ 1,90480,81
65.294085,0.05955879374999995,38,110,Drums,Drum Kit _ 1,Drum Kit _ 1,90720,81
65.294085,0.05955879374999995,42,90,Drums,Drum Kit _ 1,Drum Kit _ 1,90720,81
65.47055549999999,0.05955879374999995,42,90,Drums,Drum Kit _ 1,Drum Kit _ 1,90960,81
65.647026,0.05955879374999995,35,110,Drums,Drum Kit _ 1,Drum Kit _ 1,91200,81
65.647026,0.05955879374999995,42,90,Drums,Drum Kit _ 1,Drum Kit _ 1,91200,81
65.82349649999999,0.05955879374999995,42,90,Drums,Drum Kit _ 1,Drum Kit _ 1,91440,81
65.999967,0.05955879374999995,38,110,Drums,Drum Kit _ 1,Drum Kit _ 1,91680,81
65.999967,0.05955879374999995,42,90,Drums,Drum Kit _ 1,Drum Kit _ 1,91680,81
66.17643749999999,0.05955879374999995,42,90,Drums,Drum Kit _ 1,Drum Kit _ 1,91920,81
66.35290799999999,0.05955879374999995,35,110,Drums,Drum Kit _ 1,Drum Kit _ 1,92160,81
66.35290799999999,0.05955879374999995,42,90,Drums,Drum Kit _ 1,Drum Kit _ 1,92160,81
66.52937849999999,0.05955879374999995,42,90,Drums,Drum Kit _ 1,Drum Kit _ 1,92400,81
66.70584899999999,0.05955879374999995,38,110,Drums,Drum Kit _ 1,Drum Kit _ 1,92640,81
66.70584899999999,0.05955879374999995,42,90,Drums,Drum Kit _ 1,Drum Kit _ 1,92640,81
66.8823195,0.05955879374999995,42,90,Drums,Drum Kit _ 1,Drum Kit _ 1,92880,81
67.05878999999999,0.05955879374999995,35,110,Drums,Drum Kit _ 1,Drum Kit _ 1,93120,81
67.05878999999999,0.05955879374999995,42,90,Drums,Drum Kit _ 1,Drum Kit _ 1,93120,81
67.2352605,0.05955879374999995,42,90,Drums,Drum Kit _ 1,Drum Kit _ 1,93360,81
67.41173099999999,0.05955879374999995,38,110,Drums,Drum Kit _ 1,Drum Kit _ 1,93600,81
67.41173099999999,0.05955879374999995,42,90,Drums,Drum Kit _ 1,Drum Kit _ 1,93600,81
67.5882015,0.05955879374999995,42,90,Drums,Drum Kit _ 1,Drum Kit _ 1,93840,81
67.76467199999999,0.05955879374999995,35,110,Drums,Drum Kit _ 1,Drum Kit _ 1,94080,81
67.76467199999999,0.05955879374999995,54,90,Drums,Drum Kit _ 1,Drum Kit _ 1,94080,81
67.76467199999999,0.05955879374999995,42,90,Drums,Drum Kit _ 1,Drum Kit _ 1,94080,81
67.9411425,0.05955879374999995,42,90,Drums,Drum Kit _ 1,Drum Kit _ 1,94320,81
68.11761299999999,0.05955879374999995,38,110,Drums,Drum Kit _ 1,Drum Kit _ 1,94560,81
68.11761299999999,0.05955879374999995,42,90,Drums,Drum Kit _ 1,Drum Kit _ 1,94560,81
68.29408349999999,0.05955879374999995,42,90,Drums,Drum Kit _ 1,Drum Kit _ 1,94800,81
68.47055399999999,0.05955879374999995,35,110,Drums,Drum Kit _ 1,Drum Kit _ 1,95040,81
68.47055399999999,0.05955879374999995,42,90,Drums,Drum Kit _ 1,Drum Kit _ 1,95040,81
68.64702449999999,0.05955879374999995,42,90,Drums,Drum Kit _ 1,Drum Kit _ 1,95280,81
68.823495,0.05955879374999995,38,110,Drums,Drum Kit _ 1,Drum Kit _ 1,95520,81
68.823495,0.05955879374999995,42,90,Drums,Drum Kit _ 1,Drum Kit _ 1,95520,81
68.99996549999999,0.05955879374999995,42,90,Drums,Drum Kit _ 1,Drum Kit _ 1,95760,81
69.176436,0.05955879374999995,35,110,Drums,Drum Kit _ 1,Drum Kit _ 1,96000,81
69.176436,0.05955879374999995,42,90,Drums,Drum Kit _ 1,Drum Kit _ 1,96000,81
69.35290649999999,0.05955879374999995,42,90,Drums,Drum Kit _ 1,Drum Kit _ 1,96240,81
69.529377,0.05955879374999995,38,110,Drums,Drum Kit _ 1,Drum Kit _ 1,96480,81
69.529377,0.05955879374999995,42,90,Drums,Drum Kit _ 1,Drum Kit _ 1,96480,81
69.70584749999999,0.05955879374999995,42,90,Drums,Drum Kit _ 1,Drum Kit _ 1,96720,81
69.882318,0.05955879374999995,35,110,Drums,Drum Kit _ 1,Drum Kit _ 1,96960,81
69.882318,0.05955879374999995,42,90,Drums,Drum Kit _ 1,Drum Kit _ 1,96960,81
70.05878849999999,0.05955879374999995,42,90,Drums,Drum Kit _ 1,Drum Kit _ 1,97200,81
70.23525899999999,0.05955879374999995,38,110,Drums,Drum Kit _ 1,Drum Kit _ 1,97440,81
70.23525899999999,0.05955879374999995,42,90,Drums,Drum Kit _ 1,Drum Kit _ 1,97440,81
70.41172949999999,0.05955879374999995,42,90,Drums,Drum Kit _ 1,Drum Kit _ 1,97680,81
70.58819999999999,0.05955879374999995,35,110,Drums,Drum Kit _ 1,Drum Kit _ 1,97920,81
70.58819999999999,0.05955879374999995,54,90,Drums,Drum Kit _ 1,Drum Kit _ 1,97920,81
70.58819999999999,0.05955879374999995,42,90,Drums,Drum Kit _ 1,Drum Kit _ 1,97920,81
70.7646705,0.05955879374999995,42,90,Drums,Drum Kit _ 1,Drum Kit _ 1,98160,81
70.94114099999999,0.05955879374999995,38,110,Drums,Drum Kit _ 1,Drum Kit _ 1,98400,81
70.94114099999999,0.05955879374999995,42,90,Drums,Drum Kit _ 1,Drum Kit _ 1,98400,81
71.1176115,0.05955879374999995,42,90,Drums,Drum Kit _ 1,Drum Kit _ 1,98640,81
71.29408199999999,0.05955879374999995,35,110,Drums,Drum Kit _ 1,Drum Kit _ 1,98880,81
71.29408199999999,0.05955879374999995,42,90,Drums,Drum Kit _ 1,Drum Kit _ 1,98880,81
71.4705525,0.05955879374999995,42,90,Drums,Drum Kit _ 1,Drum Kit _ 1,99120,81
71.64702299999999,0.05955879374999995,38,110,Drums,Drum Kit _ 1,Drum Kit _ 1,99360,81
71.64702299999999,0.05955879374999995,42,90,Drums,Drum Kit _ 1,Drum Kit _ 1,99360,81
71.8234935,0.05955879374999995,42,90,Drums,Drum Kit _ 1,Drum Kit _ 1,99600,81
71.99996399999999,0.05955879374999995,35,110,Drums,Drum Kit _ 1,Drum Kit _ 1,99840,81
71.99996399999999,0.05955879374999995,42,90,Drums,Drum Kit _ 1,Drum Kit _ 1,99840,81
72.17643449999998,0.05955879374999995,42,90,Drums,Drum Kit _ 1,Drum Kit _ 1,100080,81
72.35290499999999,0.05955879374999995,38,110,Drums,Drum Kit _ 1,Drum Kit _ 1,100320,81
72.35290499999999,0.05955879374999995,42,90,Drums,Drum Kit _ 1,Drum Kit _ 1,100320,81
72.52937549999999,0.05955879374999995,42,90,Drums,Drum Kit _ 1,Drum Kit _ 1,100560,81
72.705846,0.05955879374999995,35,110,Drums,Drum Kit _ 1,Drum Kit _ 1,100800,81
72.705846,0.05955879374999995,42,90,Drums,Drum Kit _ 1,Drum Kit _ 1,100800,81
72.88231649999999,0.05955879374999995,42,90,Drums,Drum Kit _ 1,Drum Kit _ 1,101040,81
73.058787,0.05955879374999995,38,110,Drums,Drum Kit _ 1,Drum Kit _ 1,101280,81
73.058787,0.05955879374999995,42,90,Drums,Drum Kit _ 1,Drum Kit _ 1,101280,81
73.23525749999999,0.05955879374999995,42,90,Drums,Drum Kit _ 1,Drum Kit _ 1,101520,81
73.411728,0.05955879374999995,35,110,Drums,Drum Kit _ 1,Drum Kit _ 1,101760,81
73.411728,0.05955879374999995,54,90,Drums,Drum Kit _ 1,Drum Kit _ 1,101760,81
73.411728,0.05955879374999995,42,90,Drums,Drum Kit _ 1,Drum Kit _ 1,101760,81
73.58819849999999,0.05955879374999995,42,90,Drums,Drum Kit _ 1,Drum Kit _ 1,102000,81
73.764669,0.05955879374999995,38,110,Drums,Drum Kit _ 1,Drum Kit _ 1,102240,81
73.764669,0.05955879374999995,42,90,Drums,Drum Kit _ 1,Drum Kit _ 1,102240,81
73.94113949999999,0.05955879374999995,42,90,Drums,Drum Kit _ 1,Drum Kit _ 1,102480,81
74.11760999999998,0.05955879374999995,35,110,Drums,Drum Kit _ 1,Drum Kit _ 1,102720,81
74.11760999999998,0.05955879374999995,42,90,Drums,Drum Kit _ 1,Drum Kit _ 1,102720,81
74.29408049999999,0.05955879374999995,42,90,Drums,Drum Kit _ 1,Drum Kit _ 1,102960,81
74.47055099999999,0.05955879374999995,38,110,Drums,Drum Kit _ 1,Drum Kit _ 1,103200,81
74.47055099999999,0.05955879374999995,42,90,Drums,Drum Kit _ 1,Drum Kit _ 1,103200,81
74.6470215,0.05955879374999995,42,90,Drums,Drum Kit _ 1,Drum Kit _ 1,103440,81
74.82349199999999,0.05955879374999995,35,110,Drums,Drum Kit _ 1,Drum Kit _ 1,103680,81
74.82349199999999,0.05955879374999995,42,90,Drums,Drum Kit _ 1,Drum Kit _ 1,103680,81
74.9999625,0.05955879374999995,42,90,Drums,Drum Kit _ 1,Drum Kit _ 1,103920,81
75.17643299999999,0.05955879374999995,38,110,Drums,Drum Kit _ 1,Drum Kit _ 1,104160,81
75.17643299999999,0.05955879374999995,42,90,Drums,Drum Kit _ 1,Drum Kit _ 1,104160,81
75.3529035,0.05955879374999995,42,90,Drums,Drum Kit _ 1,Drum Kit _ 1,104400,81
75.52937399999999,0.05955879374999995,35,110,Drums,Drum Kit _ 1,Drum Kit _ 1,104640,81
75.52937399999999,0.05955879374999995,42,90,Drums,Drum Kit _ 1,Drum Kit _ 1,104640,81
75.7058445,0.05955879374999995,42,90,Drums,Drum Kit _ 1,Drum Kit _ 1,104880,81
75.88231499999999,0.05955879374999995,38,110,Drums,Drum Kit _ 1,Drum Kit _ 1,105120,81
75.88231499999999,0.05955879374999995,42,90,Drums,Drum Kit _ 1,Drum Kit _ 1,105120,81
76.05878549999998,0.05955879374999995,42,90,Drums,Drum Kit _ 1,Drum Kit _ 1,105360,81
76.23525599999999,0.05955879374999995,35,110,Drums,Drum Kit _ 1,Drum Kit _ 1,105600,81
76.23525599999999,0.05955879374999995,54,90,Drums,Drum Kit _ 1,Drum Kit _ 1,105600,81
76.23525599999999,0.05955879374999995,42,90,Drums,Drum Kit _ 1,Drum Kit _ 1,105600,81
76.41172649999999,0.05955879374999995,42,90,Drums,Drum Kit _ 1,Drum Kit _ 1,105840,81
76.588197,0.05955879374999995,38,110,Drums,Drum Kit _ 1,Drum Kit _ 1,106080,81
76.588197,0.05955879374999995,42,90,Drums,Drum Kit _ 1,Drum Kit _ 1,106080,81
76.76466749999999,0.05955879374999995,42,90,Drums,Drum Kit _ 1,Drum Kit _ 1,106320,81
76.941138,0.05955879374999995,35,110,Drums,Drum Kit _ 1,Drum Kit _ 1,106560,81
76.941138,0.05955879374999995,42,90,Drums,Drum Kit _ 1,Drum Kit _ 1,106560,81
77.11760849999999,0.05955879374999995,42,90,Drums,Drum Kit _ 1,Drum Kit _ 1,106800,81
77.294079,0.05955879374999995,38,110,Drums,Drum Kit _ 1,Drum Kit _ 1,107040,81
77.294079,0.05955879374999995,42,90,Drums,Drum Kit _ 1,Drum Kit _ 1,107040,81
77.47054949999999,0.05955879374999995,42,90,Drums,Drum Kit _ 1,Drum Kit _ 1,107280,81
77.64702,0.05955879374999995,35,110,Drums,Drum Kit _ 1,Drum Kit _ 1,107520,81
77.64702,0.05955879374999995,42,90,Drums,Drum Kit _ 1,Drum Kit _ 1,107520,81
77.82349049999999,0.05955879374999995,38,110,Drums,Drum Kit _ 1,Drum Kit _ 1,107760,81
77.82349049999999,0.05955879374999995,45,90,Drums,Drum Kit _ 1,Drum Kit _ 1,107760,81
77.99996099999998,0.05955879374999995,38,110,Drums,Drum Kit _ 1,Drum Kit _ 1,108000,81
77.99996099999998,0.05955879374999995,45,90,Drums,Drum Kit _ 1,Drum Kit _ 1,108000,81
78.17643149999999,0.05955879374999995,38,110,Drums,Drum Kit _ 1,Drum Kit _ 1,108240,81
78.17643149999999,0.05955879374999995,45,90,Drums,Drum Kit _ 1,Drum Kit _ 1,108240,81
78.35290199999999,0.05955879374999995,38,110,Drums,Drum Kit _ 1,Drum Kit _ 1,108480,81
78.35290199999999,0.05955879374999995,45,90,Drums,Drum Kit _ 1,Drum Kit _ 1,108480,81
78.5293725,0.05955879374999995,38,110,Drums,Drum Kit _ 1,Drum Kit _ 1,108720,81
78.5293725,0.05955879374999995,45,90,Drums,Drum Kit _ 1,Drum Kit _ 1,108720,81
78.70584299999999,0.05955879374999995,38,110,Drums,Drum Kit _ 1,Drum Kit _ 1,108960,81
78.70584299999999,0.05955879374999995,45,90,Drums,Drum Kit _ 1,Drum Kit _ 1,108960,81
78.8823135,0.05955879374999995,38,110,Drums,Drum Kit _ 1,Drum Kit _ 1,109200,81
78.8823135,0.05955879374999995,45,90,Drums,Drum Kit _ 1,Drum Kit _ 1,109200,81
79.05878399999999,0.05955879374999995,35,110,Drums,Drum Kit _ 1,Drum Kit _ 1,109440,81
79.05878399999999,0.05955879374999995,42,90,Drums,Drum Kit _ 1,Drum Kit _ 1,109440,81
79.2352545,0.05955879374999995,42,90,Drums,Drum Kit _ 1,Drum Kit _ 1,109680,81
79.41172499999999,0.05955879374999995,38,110,Drums,Drum Kit _ 1,Drum Kit _ 1,109920,81
79.41172499999999,0.05955879374999995,42,90,Drums,Drum Kit _ 1,Drum Kit _ 1,109920,81
79.5881955,0.05955879374999995,42,90,Drums,Drum Kit _ 1,Drum Kit _ 1,110160,81
79.76466599999999,0.05955879374999995,35,110,Drums,Drum Kit _ 1,Drum Kit _ 1,110400,81
79.76466599999999,0.05955879374999995,42,90,Drums,Drum Kit _ 1,Drum Kit _ 1,110400,81
79.94113649999998,0.05955879374999995,42,90,Drums,Drum Kit _ 1,Drum Kit _ 1,110640,81
80.11760699999999,0.05955879374999995,38,110,Drums,Drum Kit _ 1,Drum Kit _ 1,110880,81
80.11760699999999,0.05955879374999995,42,90,Drums,Drum Kit _ 1,Drum Kit _ 1,110880,81
80.29407749999999,0.05955879374999995,42,90,Drums,Drum Kit _ 1,Drum Kit _ 1,111120,81
80.470548,0.05955879374999995,35,110,Drums,Drum Kit _ 1,Drum Kit _ 1,111360,81
80.470548,0.05955879374999995,42,90,Drums,Drum Kit _ 1,Drum Kit _ 1,111360,81
80.64701849999999,0.05955879374999995,42,90,Drums,Drum Kit _ 1,Drum Kit _ 1,111600,81
80.823489,0.05955879374999995,38,110,Drums,Drum Kit _ 1,Drum Kit _ 1,111840,81
80.823489,0.05955879374999995,42,90,Drums,Drum Kit _ 1,Drum Kit _ 1,111840,81
80.99995949999999,0.05955879374999995,42,90,Drums,Drum Kit _ 1,Drum Kit _ 1,112080,81
81.17643,0.05955879374999995,35,110,Drums,Drum Kit _ 1,Drum Kit _ 1,112320,81
81.17643,0.05955879374999995,42,90,Drums,Drum Kit _ 1,Drum Kit _ 1,112320,81
81.35290049999999,0.05955879374999995,42,90,Drums,Drum Kit _ 1,Drum Kit _ 1,112560,81
81.529371,0.05955879374999995,38,110,Drums,Drum Kit _ 1,Drum Kit _ 1,112800,81
81.529371,0.05955879374999995,42,90,Drums,Drum Kit _ 1,Drum Kit _ 1,112800,81
81.70584149999999,0.05955879374999995,42,90,Drums,Drum Kit _ 1,Drum Kit _ 1,113040,81
81.88231199999998,0.05955879374999995,35,110,Drums,Drum Kit _ 1,Drum Kit _ 1,113280,81
81.88231199999998,0.05955879374999995,42,90,Drums,Drum Kit _ 1,Drum Kit _ 1,113280,81
82.05878249999999,0.05955879374999995,42,90,Drums,Drum Kit _ 1,Drum Kit _ 1,113520,81
82.23525299999999,0.05955879374999995,38,110,Drums,Drum Kit _ 1,Drum Kit _ 1,113760,81
82.23525299999999,0.05955879374999995,42,90,Drums,Drum Kit _ 1,Drum Kit _ 1,113760,81
82.4117235,0.05955879374999995,42,90,Drums,Drum Kit _ 1,Drum Kit _ 1,114000,81
82.58819399999999,0.05955879374999995,35,110,Drums,Drum Kit _ 1,Drum Kit _ 1,114240,81
82.58819399999999,0.05955879374999995,42,90,Drums,Drum Kit _ 1,Drum Kit _ 1,114240,81
82.7646645,0.05955879374999995,42,90,Drums,Drum Kit _ 1,Drum Kit _ 1,114480,81
82.94113499999999,0.05955879374999995,38,110,Drums,Drum Kit _ 1,Drum Kit _ 1,114720,81
82.94113499999999,0.05955879374999995,42,90,Drums,Drum Kit _ 1,Drum Kit _ 1,114720,81
83.1176055,0.05955879374999995,42,90,Drums,Drum Kit _ 1,Drum Kit _ 1,114960,81
83.29407599999999,0.05955879374999995,35,110,Drums,Drum Kit _ 1,Drum Kit _ 1,115200,81
83.29407599999999,0.05955879374999995,42,90,Drums,Drum Kit _ 1,Drum Kit _ 1,115200,81
83.4705465,0.05955879374999995,42,90,Drums,Drum Kit _ 1,Drum Kit _ 1,115440,81
83.64701699999999,0.05955879374999995,38,110,Drums,Drum Kit _ 1,Drum Kit _ 1,115680,81
83.64701699999999,0.05955879374999995,42,90,Drums,Drum Kit _ 1,Drum Kit _ 1,115680,81
83.82348749999998,0.05955879374999995,42,90,Drums,Drum Kit _ 1,Drum Kit _ 1,115920,81
83.99995799999999,0.05955879374999995,35,110,Drums,Drum Kit _ 1,Drum Kit _ 1,116160,81
83.99995799999999,0.05955879374999995,42,90,Drums,Drum Kit _ 1,Drum Kit _ 1,116160,81
84.17642849999999,0.05955879374999995,42,90,Drums,Drum Kit _ 1,Drum Kit _ 1,116400,81
84.352899,0.05955879374999995,38,110,Drums,Drum Kit _ 1,Drum Kit _ 1,116640,81
84.352899,0.05955879374999995,42,90,Drums,Drum Kit _ 1,Drum Kit _ 1,116640,81
84.52936949999999,0.05955879374999995,42,90,Drums,Drum Kit _ 1,Drum Kit _ 1,116880,81
84.70584,0.05955879374999995,35,110,Drums,Drum Kit _ 1,Drum Kit _ 1,117120,81
84.70584,0.05955879374999995,42,90,Drums,Drum Kit _ 1,Drum Kit _ 1,117120,81
84.88231049999999,0.05955879374999995,42,90,Drums,Drum Kit _ 1,Drum Kit _ 1,117360,81
85.058781,0.05955879374999995,38,110,Drums,Drum Kit _ 1,Drum Kit _ 1,117600,81
85.058781,0.05955879374999995,42,90,Drums,Drum Kit _ 1,Drum Kit _ 1,117600,81
85.23525149999999,0.05955879374999995,42,90,Drums,Drum Kit _ 1,Drum Kit _ 1,117840,81
85.411722,0.05955879374999995,35,110,Drums,Drum Kit _ 1,Drum Kit _ 1,118080,81
85.411722,0.05955879374999995,42,90,Drums,Drum Kit _ 1,Drum Kit _ 1,118080,81
85.58819249999999,0.05955879374999995,42,90,Drums,Drum Kit _ 1,Drum Kit _ 1,118320,81
85.76466299999998,0.05955879374999995,38,110,Drums,Drum Kit _ 1,Drum Kit _ 1,118560,81
85.76466299999998,0.05955879374999995,42,90,Drums,Drum Kit _ 1,Drum Kit _ 1,118560,81
85.94113349999999,0.05955879374999995,42,90,Drums,Drum Kit _ 1,Drum Kit _ 1,118800,81
86.11760399999999,0.05955879374999995,35,110,Drums,Drum Kit _ 1,Drum Kit _ 1,119040,81
86.11760399999999,0.05955879374999995,42,90,Drums,Drum Kit _ 1,Drum Kit _ 1,119040,81
86.2940745,0.05955879374999995,42,90,Drums,Drum Kit _ 1,Drum Kit _ 1,119280,81
86.47054499999999,0.05955879374999995,38,110,Drums,Drum Kit _ 1,Drum Kit _ 1,119520,81
86.47054499999999,0.05955879374999995,42,90,Drums,Drum Kit _ 1,Drum Kit _ 1,119520,81
86.6470155,0.05955879374999995,42,90,Drums,Drum Kit _ 1,Drum Kit _ 1,119760,81
86.82348599999999,0.05955879374999995,35,110,Drums,Drum Kit _ 1,Drum Kit _ 1,120000,81
86.82348599999999,0.05955879374999995,42,90,Drums,Drum Kit _ 1,Drum Kit _ 1,120000,81
86.9999565,0.05955879374999995,42,90,Drums,Drum Kit _ 1,Drum Kit _ 1,120240,81
87.17642699999999,0.05955879374999995,38,110,Drums,Drum Kit _ 1,Drum Kit _ 1,120480,81
87.17642699999999,0.05955879374999995,42,90,Drums,Drum Kit _ 1,Drum Kit _ 1,120480,81
87.3528975,0.05955879374999995,42,90,Drums,Drum Kit _ 1,Drum Kit _ 1,120720,81
87.52936799999999,0.05955879374999995,35,110,Drums,Drum Kit _ 1,Drum Kit _ 1,120960,81
87.52936799999999,0.05955879374999995,42,90,Drums,Drum Kit _ 1,Drum Kit _ 1,120960,81
87.70583849999998,0.05955879374999995,42,90,Drums,Drum Kit _ 1,Drum Kit _ 1,121200,81
87.88230899999999,0.05955879374999995,38,110,Drums,Drum Kit _ 1,Drum Kit _ 1,121440,81
87.88230899999999,0.05955879374999995,42,90,Drums,Drum Kit _ 1,Drum Kit _ 1,121440,81
88.05877949999999,0.05955879374999995,42,90,Drums,Drum Kit _ 1,Drum Kit _ 1,121680,81
88.23525,0.05955879374999995,35,110,Drums,Drum Kit _ 1,Drum Kit _ 1,121920,81
88.23525,0.05955879374999995,42,90,Drums,Drum Kit _ 1,Drum Kit _ 1,121920,81
88.41172049999999,0.05955879374999995,42,90,Drums,Drum Kit _ 1,Drum Kit _ 1,122160,81
88.588191,0.05955879374999995,38,110,Drums,Drum Kit _ 1,Drum Kit _ 1,122400,81
88.588191,0.05955879374999995,42,90,Drums,Drum Kit _ 1,Drum Kit _ 1,122400,81
88.76466149999999,0.05955879374999995,42,90,Drums,Drum Kit _ 1,Drum Kit _ 1,122640,81
88.941132,0.05955879374999995,35,110,Drums,Drum Kit _ 1,Drum Kit _ 1,122880,81
88.941132,0.05955879374999995,42,90,Drums,Drum Kit _ 1,Drum Kit _ 1,122880,81
89.11760249999999,0.05955879374999995,42,90,Drums,Drum Kit _ 1,Drum Kit _ 1,123120,81
89.294073,0.05955879374999995,38,110,Drums,Drum Kit _ 1,Drum Kit _ 1,123360,81
89.294073,0.05955879374999995,42,90,Drums,Drum Kit _ 1,Drum Kit _ 1,123360,81
89.47054349999999,0.05955879374999995,42,90,Drums,Drum Kit _ 1,Drum Kit _ 1,123600,81
89.64701399999998,0.05955879374999995,35,110,Drums,Drum Kit _ 1,Drum Kit _ 1,123840,81
89.64701399999998,0.05955879374999995,42,90,Drums,Drum Kit _ 1,Drum Kit _ 1,123840,81
89.82348449999999,0.05955879374999995,42,90,Drums,Drum Kit _ 1,Drum Kit _ 1,124080,81
89.99995499999999,0.05955879374999995,38,110,Drums,Drum Kit _ 1,Drum Kit _ 1,124320,81
89.99995499999999,0.05955879374999995,42,90,Drums,Drum Kit _ 1,Drum Kit _ 1,124320,81
90.1764255,0.05955879374999995,42,90,Drums,Drum Kit _ 1,Drum Kit _ 1,124560,81
90.35289599999999,0.05955879374999995,35,110,Drums,Drum Kit _ 1,Drum Kit _ 1,124800,81
90.35289599999999,0.05955879374999995,42,90,Drums,Drum Kit _ 1,Drum Kit _ 1,124800,81
90.5293665,0.05955879374999995,42,90,Drums,Drum Kit _ 1,Drum Kit _ 1,125040,81
90.70583699999999,0.05955879374999995,38,110,Drums,Drum Kit _ 1,Drum Kit _ 1,125280,81
90.70583699999999,0.05955879374999995,42,90,Drums,Drum Kit _ 1,Drum Kit _ 1,125280,81
90.8823075,0.05955879374999995,42,90,Drums,Drum Kit _ 1,Drum Kit _ 1,125520,81
91.05877799999999,0.05955879374999995,35,110,Drums,Drum Kit _ 1,Drum Kit _ 1,125760,81
91.05877799999999,0.05955879374999995,42,90,Drums,Drum Kit _ 1,Drum Kit _ 1,125760,81
91.2352485,0.05955879374999995,42,90,Drums,Drum Kit _ 1,Drum Kit _ 1,126000,81
91.41171899999999,0.05955879374999995,38,110,Drums,Drum Kit _ 1,Drum Kit _ 1,126240,81
91.41171899999999,0.05955879374999995,42,90,Drums,Drum Kit _ 1,Drum Kit _ 1,126240,81
91.58818949999998,0.05955879374999995,42,90,Drums,Drum Kit _ 1,Drum Kit _ 1,126480,81
91.76465999999999,0.05955879374999995,35,110,Drums,Drum Kit _ 1,Drum Kit _ 1,126720,81
91.76465999999999,0.05955879374999995,42,90,Drums,Drum Kit _ 1,Drum Kit _ 1,126720,81
91.94113049999999,0.05955879374999995,42,90,Drums,Drum Kit _ 1,Drum Kit _ 1,126960,81
92.117601,0.05955879374999995,38,110,Drums,Drum Kit _ 1,Drum Kit _ 1,127200,81
92.117601,0.05955879374999995,42,90,Drums,Drum Kit _ 1,Drum Kit _ 1,127200,81
92.29407149999999,0.05955879374999995,42,90,Drums,Drum Kit _ 1,Drum Kit _ 1,127440,81
92.470542,0.05955879374999995,35,110,Drums,Drum Kit _ 1,Drum Kit _ 1,127680,81
92.470542,0.05955879374999995,42,90,Drums,Drum Kit _ 1,Drum Kit _ 1,127680,81
92.64701249999999,0.05955879374999995,42,90,Drums,Drum Kit _ 1,Drum Kit _ 1,127920,81
92.823483,0.05955879374999995,38,110,Drums,Drum Kit _ 1,Drum Kit _ 1,128160,81
92.823483,0.05955879374999995,42,90,Drums,Drum Kit _ 1,Drum Kit _ 1,128160,81
92.99995349999999,0.05955879374999995,42,90,Drums,Drum Kit _ 1,Drum Kit _ 1,128400,81
93.176424,0.05955879374999995,35,110,Drums,Drum Kit _ 1,Drum Kit _ 1,128640,81
93.176424,0.05955879374999995,42,90,Drums,Drum Kit _ 1,Drum Kit _ 1,128640,81
93.35289449999999,0.05955879374999995,42,90,Drums,Drum Kit _ 1,Drum Kit _ 1,128880,81
93.52936499999998,0.05955879374999995,38,110,Drums,Drum Kit _ 1,Drum Kit _ 1,129120,81
93.52936499999998,0.05955879374999995,42,90,Drums,Drum Kit _ 1,Drum Kit _ 1,129120,81
93.70583549999999,0.05955879374999995,42,90,Drums,Drum Kit _ 1,Drum Kit _ 1,129360,81
93.88230599999999,0.05955879374999995,35,110,Drums,Drum Kit _ 1,Drum Kit _ 1,129600,81
93.88230599999999,0.05955879374999995,42,90,Drums,Drum Kit _ 1,Drum Kit _ 1,129600,81
94.0587765,0.05955879374999995,42,90,Drums,Drum Kit _ 1,Drum Kit _ 1,129840,81
94.23524699999999,0.05955879374999995,38,110,Drums,Drum Kit _ 1,Drum Kit _ 1,130080,81
94.23524699999999,0.05955879374999995,42,90,Drums,Drum Kit _ 1,Drum Kit _ 1,130080,81
94.4117175,0.05955879374999995,42,90,Drums,Drum Kit _ 1,Drum Kit _ 1,130320,81
94.58818799999999,0.05955879374999995,35,110,Drums,Drum Kit _ 1,Drum Kit _ 1,130560,81
94.58818799999999,0.05955879374999995,42,90,Drums,Drum Kit _ 1,Drum Kit _ 1,130560,81
94.7646585,0.05955879374999995,42,90,Drums,Drum Kit _ 1,Drum Kit _ 1,130800,81
94.94112899999999,0.05955879374999995,38,110,Drums,Drum Kit _ 1,Drum Kit _ 1,131040,81
94.94112899999999,0.05955879374999995,42,90,Drums,Drum Kit _ 1,Drum Kit _ 1,131040,81
95.1175995,0.05955879374999995,42,90,Drums,Drum Kit _ 1,Drum Kit _ 1,131280,81
95.29406999999999,0.05955879374999995,35,110,Drums,Drum Kit _ 1,Drum Kit _ 1,131520,81
95.29406999999999,0.05955879374999995,42,90,Drums,Drum Kit _ 1,Drum Kit _ 1,131520,81
95.47054049999998,0.05955879374999995,42,90,Drums,Drum Kit _ 1,Drum Kit _ 1,131760,81
95.64701099999999,0.05955879374999995,38,110,Drums,Drum Kit _ 1,Drum Kit _ 1,132000,81
95.64701099999999,0.05955879374999995,42,90,Drums,Drum Kit _ 1,Drum Kit _ 1,132000,81
95.82348149999999,0.05955879374999995,42,90,Drums,Drum Kit _ 1,Drum Kit _ 1,132240,81
95.999952,0.029411749999994186,51,66,Drums,Drum Kit _ 1,Drum Kit _ 1,132480,40
95.999952,0.05955879374999995,35,110,Drums,Drum Kit _ 1,Drum Kit _ 1,132480,81
96.04406962499999,0.029411749999994186,51,68,Drums,Drum Kit _ 1,Drum Kit _ 1,132540,40
96.08818724999999,0.029411749999994186,51,72,Drums,Drum Kit _ 1,Drum Kit _ 1,132600,40
96.13230487499999,0.029411750000008396,51,69,Drums,Drum Kit _ 1,Drum Kit _ 1,132660,40
96.17642249999999,0.029411750000008396,51,67,Drums,Drum Kit _ 1,Drum Kit _ 1,132720,40
96.22054012499999,0.029411750000008396,51,70,Drums,Drum Kit _ 1,Drum Kit _ 1,132780,40
96.26465774999998,0.029411750000008396,51,61,Drums,Drum Kit _ 1,Drum Kit _ 1,132840,40
96.308775375,0.029411749999994186,51,76,Drums,Drum Kit _ 1,Drum Kit _ 1,132900,40
96.352893,0.029411749999994186,51,70,Drums,Drum Kit _ 1,Drum Kit _ 1,132960,40
96.397010625,0.029411749999994186,51,78,Drums,Drum Kit _ 1,Drum Kit _ 1,133020,40
96.44112824999999,0.029411749999994186,51,63,Drums,Drum Kit _ 1,Drum Kit _ 1,133080,40
96.48524587499999,0.029411749999994186,51,58,Drums,Drum Kit _ 1,Drum Kit _ 1,133140,40
96.52936349999999,0.029411750000008396,51,80,Drums,Drum Kit _ 1,Drum Kit _ 1,133200,40
96.57348112499999,0.029411750000008396,51,70,Drums,Drum Kit _ 1,Drum Kit _ 1,133260,40
96.61759874999998,0.029411750000008396,51,61,Drums,Drum Kit _ 1,Drum Kit _ 1,133320,40
96.661716375,0.029411749999994186,51,68,Drums,Drum Kit _ 1,Drum Kit _ 1,133380,40
96.705834,0.029411749999994186,51,69,Drums,Drum Kit _ 1,Drum Kit _ 1,133440,40
96.749951625,0.029411749999994186,51,71,Drums,Drum Kit _ 1,Drum Kit _ 1,133500,40
96.79406924999999,0.029411749999994186,51,62,Drums,Drum Kit _ 1,Drum Kit _ 1,133560,40
96.83818687499999,0.029411749999994186,51,75,Drums,Drum Kit _ 1,Drum Kit _ 1,133620,40
96.88230449999999,0.029411749999994186,51,70,Drums,Drum Kit _ 1,Drum Kit _ 1,133680,40
96.92642212499999,0.029411750000008396,51,71,Drums,Drum Kit _ 1,Drum Kit _ 1,133740,40
96.97053974999999,0.029411750000008396,51,62,Drums,Drum Kit _ 1,Drum Kit _ 1,133800,40
97.01465737499998,0.029411750000008396,51,75,Drums,Drum Kit _ 1,Drum Kit _ 1,133860,40
97.058775,0.029411749999994186,51,71,Drums,Drum Kit _ 1,Drum Kit _ 1,133920,40
97.102892625,0.029411749999994186,51,71,Drums,Drum Kit _ 1,Drum Kit _ 1,133980,40
97.14701025,0.029411749999994186,51,75,Drums,Drum Kit _ 1,Drum Kit _ 1,134040,40
97.19112787499999,0.029411749999994186,51,77,Drums,Drum Kit _ 1,Drum Kit _ 1,134100,40
97.23524549999999,0.029411749999994186,51,71,Drums,Drum Kit _ 1,Drum Kit _ 1,134160,40
97.27936312499999,0.029411750000008396,51,81,Drums,Drum Kit _ 1,Drum Kit _ 1,134220,40
97.32348074999999,0.029411750000008396,51,68,Drums,Drum Kit _ 1,Drum Kit _ 1,134280,40
97.36759837499999,0.029411750000008396,51,68,Drums,Drum Kit _ 1,Drum Kit _ 1,134340,40
97.41171599999998,0.029411750000008396,51,82,Drums,Drum Kit _ 1,Drum Kit _ 1,134400,40
97.455833625,0.029411749999994186,51,58,Drums,Drum Kit _ 1,Drum Kit _ 1,134460,40
97.49995125,0.029411749999994186,51,64,Drums,Drum Kit _ 1,Drum Kit _ 1,134520,40
97.544068875,0.029411749999994186,51,70,Drums,Drum Kit _ 1,Drum Kit _ 1,134580,40
97.58818649999999,0.029411749999994186,51,80,Drums,Drum Kit _ 1,Drum Kit _ 1,134640,40
97.63230412499999,0.029411749999994186,51,70,Drums,Drum Kit _ 1,Drum Kit _ 1,134700,40
97.67642174999999,0.029411750000008396,51,63,Drums,Drum Kit _ 1,Drum Kit _ 1,134760,40
97.72053937499999,0.029411750000008396,51,70,Drums,Drum Kit _ 1,Drum Kit _ 1,134820,40
97.76465699999999,0.029411750000008396,51,71,Drums,Drum Kit _ 1,Drum Kit _ 1,134880,40
97.80877462499998,0.029411750000008396,51,63,Drums,Drum Kit _ 1,Drum Kit _ 1,134940,40
97.85289225,0.029411749999994186,51,62,Drums,Drum Kit _ 1,Drum Kit _ 1,135000,40
97.897009875,0.029411749999994186,51,70,Drums,Drum Kit _ 1,Drum Kit _ 1,135060,40
97.9411275,0.029411749999994186,51,70,Drums,Drum Kit _ 1,Drum Kit _ 1,135120,40
97.98524512499999,0.029411749999994186,51,76,Drums,Drum Kit _ 1,Drum Kit _ 1,135180,40
98.02936274999999,0.029411749999994186,51,85,Drums,Drum Kit _ 1,Drum Kit _ 1,135240,40
98.07348037499999,0.029411750000008396,51,57,Drums,Drum Kit _ 1,Drum Kit _ 1,135300,40
98.11759799999999,0.029411750000008396,51,75,Drums,Drum Kit _ 1,Drum Kit _ 1,135360,40
98.16171562499999,0.029411750000008396,51,63,Drums,Drum Kit _ 1,Drum Kit _ 1,135420,40
98.20583324999998,0.029411750000008396,51,70,Drums,Drum Kit _ 1,Drum Kit _ 1,135480,40
98.249950875,0.029411749999994186,51,70,Drums,Drum Kit _ 1,Drum Kit _ 1,135540,40
98.2940685,0.029411749999994186,51,74,Drums,Drum Kit _ 1,Drum Kit _ 1,135600,40
98.338186125,0.029411749999994186,51,70,Drums,Drum Kit _ 1,Drum Kit _ 1,135660,40
98.38230374999999,0.029411749999994186,51,80,Drums,Drum Kit _ 1,Drum Kit _ 1,135720,40
98.42642137499999,0.029411749999994186,51,71,Drums,Drum Kit _ 1,Drum Kit _ 1,135780,40
98.47053899999999,0.029411750000008396,51,66,Drums,Drum Kit _ 1,Drum Kit _ 1,135840,40
98.51465662499999,0.029411750000008396,51,73,Drums,Drum Kit _ 1,Drum Kit _ 1,135900,40
98.55877424999998,0.029411750000008396,51,75,Drums,Drum Kit _ 1,Drum Kit _ 1,135960,40
98.602891875,0.029411749999994186,51,65,Drums,Drum Kit _ 1,Drum Kit _ 1,136020,40
98.6470095,0.029411749999994186,51,79,Drums,Drum Kit _ 1,Drum Kit _ 1,136080,40
98.691127125,0.029411749999994186,51,70,Drums,Drum Kit _ 1,Drum Kit _ 1,136140,40
98.73524474999999,0.029411749999994186,51,70,Drums,Drum Kit _ 1,Drum Kit _ 1,136200,40
98.77936237499999,0.029411749999994186,51,68,Drums,Drum Kit _ 1,Drum Kit _ 1,136260,40
98.82347999999999,0.05955879374999995,35,110,Drums,Drum Kit _ 1,Drum Kit _ 1,136320,81
98.82347999999999,0.05955879374999995,42,90,Drums,Drum Kit _ 1,Drum Kit _ 1,136320,81
98.9999505,0.05955879374999995,42,90,Drums,Drum Kit _ 1,Drum Kit _ 1,136560,81
99.17642099999999,0.05955879374999995,38,110,Drums,Drum Kit _ 1,Drum Kit _ 1,136800,81
99.17642099999999,0.05955879374999995,42,90,Drums,Drum Kit _ 1,Drum Kit _ 1,136800,81
99.35289149999998,0.05955879374999995,42,90,Drums,Drum Kit _ 1,Drum Kit _ 1,137040,81
99.52936199999999,0.05955879374999995,35,110,Drums,Drum Kit _ 1,Drum Kit _ 1,137280,81
99.52936199999999,0.05955879374999995,42,90,Drums,Drum Kit _ 1,Drum Kit _ 1,137280,81
99.70583249999999,0.05955879374999995,42,90,Drums,Drum Kit _ 1,Drum Kit _ 1,137520,81
99.882303,0.05955879374999995,38,110,Drums,Drum Kit _ 1,Drum Kit _ 1,137760,81
99.882303,0.05955879374999995,42,90,Drums,Drum Kit _ 1,Drum Kit _ 1,137760,81
100.05877349999999,0.05955879374999995,42,90,Drums,Drum Kit _ 1,Drum Kit _ 1,138000,81
100.235244,0.05955879374999995,35,110,Drums,Drum Kit _ 1,Drum Kit _ 1,138240,81
100.235244,0.05955879374999995,42,90,Drums,Drum Kit _ 1,Drum Kit _ 1,138240,81
100.41171449999999,0.05955879374999995,42,90,Drums,Drum Kit _ 1,Drum Kit _ 1,138480,81
100.588185,0.05955879374999995,38,110,Drums,Drum Kit _ 1,Drum Kit _ 1,138720,81
100.588185,0.05955879374999995,42,90,Drums,Drum Kit _ 1,Drum Kit _ 1,138720,81
100.76465549999999,0.05955879374999995,42,90,Drums,Drum Kit _ 1,Drum Kit _ 1,138960,81
100.941126,0.05955879374999995,35,110,Drums,Drum Kit _ 1,Drum Kit _ 1,139200,81
100.941126,0.05955879374999995,42,90,Drums,Drum Kit _ 1,Drum Kit _ 1,139200,81
101.11759649999999,0.05955879374999995,42,90,Drums,Drum Kit _ 1,Drum Kit _ 1,139440,81
101.29406699999998,0.05955879374999995,38,110,Drums,Drum Kit _ 1,Drum Kit _ 1,139680,81
101.29406699999998,0.05955879374999995,42,90,Drums,Drum Kit _ 1,Drum Kit _ 1,139680,81
101.47053749999999,0.05955879374999995,42,90,Drums,Drum Kit _ 1,Drum Kit _ 1,139920,81
101.64700799999999,0.029411750000008396,51,62,Drums,Drum Kit _ 1,Drum Kit _ 1,140160,40
101.64700799999999,0.05955879374999995,35,110,Drums,Drum Kit _ 1,Drum Kit _ 1,140160,81
101.69112562499998,0.029411750000008396,51,75,Drums,Drum Kit _ 1,Drum Kit _ 1,140220,40
101.73524325,0.029411749999994186,51,78,Drums,Drum Kit _ 1,Drum Kit _ 1,140280,40
101.779360875,0.029411749999994186,51,60,Drums,Drum Kit _ 1,Drum Kit _ 1,140340,40
101.8234785,0.029411749999994186,51,83,Drums,Drum Kit _ 1,Drum Kit _ 1,140400,40
101.86759612499999,0.029411749999994186,51,69,Drums,Drum Kit _ 1,Drum Kit _ 1,140460,40
101.91171374999999,0.029411749999994186,51,64,Drums,Drum Kit _ 1,Drum Kit _ 1,140520,40
101.95583137499999,0.029411750000008396,51,70,Drums,Drum Kit _ 1,Drum Kit _ 1,140580,40
101.99994899999999,0.029411750000008396,51,84,Drums,Drum Kit _ 1,Drum Kit _ 1,140640,40
102.04406662499999,0.029411750000008396,51,70,Drums,Drum Kit _ 1,Drum Kit _ 1,140700,40
102.08818424999998,0.029411750000008396,51,67,Drums,Drum Kit _ 1,Drum Kit _ 1,140760,40
102.132301875,0.029411749999994186,51,64,Drums,Drum Kit _ 1,Drum Kit _ 1,140820,40
102.1764195,0.029411749999994186,51,70,Drums,Drum Kit _ 1,Drum Kit _ 1,140880,40
102.22053712499999,0.029411749999994186,51,69,Drums,Drum Kit _ 1,Drum Kit _ 1,140940,40
102.26465474999999,0.029411749999994186,51,74,Drums,Drum Kit _ 1,Drum Kit _ 1,141000,40
102.30877237499999,0.029411749999994186,51,58,Drums,Drum Kit _ 1,Drum Kit _ 1,141060,40
102.35288999999999,0.029411750000008396,51,73,Drums,Drum Kit _ 1,Drum Kit _ 1,141120,40
102.39700762499999,0.029411750000008396,51,55,Drums,Drum Kit _ 1,Drum Kit _ 1,141180,40
102.44112524999998,0.029411750000008396,51,71,Drums,Drum Kit _ 1,Drum Kit _ 1,141240,40
102.48524287499998,0.029411750000008396,51,70,Drums,Drum Kit _ 1,Drum Kit _ 1,141300,40
102.5293605,0.029411749999994186,51,58,Drums,Drum Kit _ 1,Drum Kit _ 1,141360,40
102.573478125,0.029411749999994186,51,64,Drums,Drum Kit _ 1,Drum Kit _ 1,141420,40
102.61759574999999,0.029411749999994186,51,67,Drums,Drum Kit _ 1,Drum Kit _ 1,141480,40
102.66171337499999,0.029411749999994186,51,67,Drums,Drum Kit _ 1,Drum Kit _ 1,141540,40
102.70583099999999,0.029411749999994186,51,74,Drums,Drum Kit _ 1,Drum Kit _ 1,141600,40
102.74994862499999,0.029411750000008396,51,60,Drums,Drum Kit _ 1,Drum Kit _ 1,141660,40
102.79406624999999,0.029411750000008396,51,69,Drums,Drum Kit _ 1,Drum Kit _ 1,141720,40
102.83818387499998,0.029411750000008396,51,69,Drums,Drum Kit _ 1,Drum Kit _ 1,141780,40
102.8823015,0.029411749999994186,51,58,Drums,Drum Kit _ 1,Drum Kit _ 1,141840,40
102.926419125,0.029411749999994186,51,57,Drums,Drum Kit _ 1,Drum Kit _ 1,141900,40
102.97053675,0.029411749999994186,51,56,Drums,Drum Kit _ 1,Drum Kit _ 1,141960,40
103.01465437499999,0.029411749999994186,51,67,Drums,Drum Kit _ 1,Drum Kit _ 1,142020,40
103.05877199999999,0.029411749999994186,51,69,Drums,Drum Kit _ 1,Drum Kit _ 1,142080,40
103.10288962499999,0.029411749999994186,51,56,Drums,Drum Kit _ 1,Drum Kit _ 1,142140,40
103.14700724999999,0.029411750000008396,51,82,Drums,Drum Kit _ 1,Drum Kit _ 1,142200,40
103.19112487499999,0.029411750000008396,51,69,Drums,Drum Kit _ 1,Drum Kit _ 1,142260,40
103.23524249999998,0.029411750000008396,51,71,Drums,Drum Kit _ 1,Drum Kit _ 1,142320,40
103.279360125,0.029411749999994186,51,70,Drums,Drum Kit _ 1,Drum Kit _ 1,142380,40
103.32347775,0.029411749999994186,51,66,Drums,Drum Kit _ 1,Drum Kit _ 1,142440,40
103.367595375,0.029411749999994186,51,66,Drums,Drum Kit _ 1,Drum Kit _ 1,142500,40
103.41171299999999,0.029411749999994186,51,61,Drums,Drum Kit _ 1,Drum Kit _ 1,142560,40
103.45583062499999,0.029411749999994186,51,55,Drums,Drum Kit _ 1,Drum Kit _ 1,142620,40
103.49994824999999,0.029411750000008396,51,71,Drums,Drum Kit _ 1,Drum Kit _ 1,142680,40
103.54406587499999,0.029411750000008396,51,71,Drums,Drum Kit _ 1,Drum Kit _ 1,142740,40
103.58818349999999,0.029411750000008396,51,69,Drums,Drum Kit _ 1,Drum Kit _ 1,142800,40
103.63230112499998,0.029411750000008396,51,82,Drums,Drum Kit _ 1,Drum Kit _ 1,142860,40
103.67641875,0.029411749999994186,51,72,Drums,Drum Kit _ 1,Drum Kit _ 1,142920,40
103.720536375,0.029411749999994186,51,83,Drums,Drum Kit _ 1,Drum Kit _ 1,142980,40
103.764654,0.029411749999994186,51,67,Drums,Drum Kit _ 1,Drum Kit _ 1,143040,40
103.80877162499999,0.029411749999994186,51,84,Drums,Drum Kit _ 1,Drum Kit _ 1,143100,40
103.85288924999999,0.029411749999994186,51,76,Drums,Drum Kit _ 1,Drum Kit _ 1,143160,40
103.89700687499999,0.029411750000008396,51,70,Drums,Drum Kit _ 1,Drum Kit _ 1,143220,40
103.94112449999999,0.029411750000008396,51,78,Drums,Drum Kit _ 1,Drum Kit _ 1,143280,40
103.98524212499998,0.029411750000008396,51,73,Drums,Drum Kit _ 1,Drum Kit _ 1,143340,40
104.02935974999998,0.029411750000008396,51,69,Drums,Drum Kit _ 1,Drum Kit _ 1,143400,40
104.073477375,0.029411749999994186,51,70,Drums,Drum Kit _ 1,Drum Kit _ 1,143460,40
104.117595,0.029411749999994186,51,72,Drums,Drum Kit _ 1,Drum Kit _ 1,143520,40
104.16171262499999,0.029411749999994186,51,80,Drums,Drum Kit _ 1,Drum Kit _ 1,143580,40
104.20583024999999,0.029411749999994186,51,70,Drums,Drum Kit _ 1,Drum Kit _ 1,143640,40
104.24994787499999,0.029411749999994186,51,59,Drums,Drum Kit _ 1,Drum Kit _ 1,143700,40
104.29406549999999,0.029411750000008396,51,68,Drums,Drum Kit _ 1,Drum Kit _ 1,143760,40
104.33818312499999,0.029411750000008396,51,75,Drums,Drum Kit _ 1,Drum Kit _ 1,143820,40
104.38230074999998,0.029411750000008396,51,70,Drums,Drum Kit _ 1,Drum Kit _ 1,143880,40
104.470536,0.029411749999994186,51,76,Drums,Drum Kit _ 1,Drum Kit _ 1,144000,40
104.514653625,0.029411749999994186,51,69,Drums,Drum Kit _ 1,Drum Kit _ 1,144060,40
104.55877124999999,0.029411749999994186,51,80,Drums,Drum Kit _ 1,Drum Kit _ 1,144120,40
104.60288887499999,0.029411749999994186,51,70,Drums,Drum Kit _ 1,Drum Kit _ 1,144180,40
104.64700649999999,0.029411749999994186,51,73,Drums,Drum Kit _ 1,Drum Kit _ 1,144240,40
104.69112412499999,0.029411750000008396,51,71,Drums,Drum Kit _ 1,Drum Kit _ 1,144300,40
104.73524174999999,0.029411750000008396,51,61,Drums,Drum Kit _ 1,Drum Kit _ 1,144360,40
104.77935937499998,0.029411750000008396,51,71,Drums,Drum Kit _ 1,Drum Kit _ 1,144420,40
104.823477,0.029411749999994186,51,76,Drums,Drum Kit _ 1,Drum Kit _ 1,144480,40
104.867594625,0.029411749999994186,51,70,Drums,Drum Kit _ 1,Drum Kit _ 1,144540,40
104.91171225,0.029411749999994186,51,77,Drums,Drum Kit _ 1,Drum Kit _ 1,144600,40
104.95582987499999,0.029411749999994186,51,84,Drums,Drum Kit _ 1,Drum Kit _ 1,144660,40
104.99994749999999,0.029411749999994186,51,70,Drums,Drum Kit _ 1,Drum Kit _ 1,144720,40
105.04406512499999,0.029411749999994186,51,66,Drums,Drum Kit _ 1,Drum Kit _ 1,144780,40
105.08818274999999,0.029411750000008396,51,70,Drums,Drum Kit _ 1,Drum Kit _ 1,144840,40
105.13230037499999,0.029411750000008396,51,67,Drums,Drum Kit _ 1,Drum Kit _ 1,144900,40
105.17641799999998,0.029411750000008396,51,67,Drums,Drum Kit _ 1,Drum Kit _ 1,144960,40
105.220535625,0.029411749999994186,51,71,Drums,Drum Kit _ 1,Drum Kit _ 1,145020,40
105.26465325,0.029411749999994186,51,70,Drums,Drum Kit _ 1,Drum Kit _ 1,145080,40
105.308770875,0.029411749999994186,51,71,Drums,Drum Kit _ 1,Drum Kit _ 1,145140,40
105.35288849999999,0.029411749999994186,51,71,Drums,Drum Kit _ 1,Drum Kit _ 1,145200,40
105.39700612499999,0.029411749999994186,51,63,Drums,Drum Kit _ 1,Drum Kit _ 1,145260,40
105.44112374999999,0.029411750000008396,51,71,Drums,Drum Kit _ 1,Drum Kit _ 1,145320,40
105.48524137499999,0.029411750000008396,51,75,Drums,Drum Kit _ 1,Drum Kit _ 1,145380,40
105.52935899999999,0.029411750000008396,51,75,Drums,Drum Kit _ 1,Drum Kit _ 1,145440,40
105.57347662499998,0.029411750000008396,51,70,Drums,Drum Kit _ 1,Drum Kit _ 1,145500,40
105.61759425,0.029411749999994186,51,83,Drums,Drum Kit _ 1,Drum Kit _ 1,145560,40
105.661711875,0.029411749999994186,51,77,Drums,Drum Kit _ 1,Drum Kit _ 1,145620,40
105.7058295,0.029411749999994186,51,67,Drums,Drum Kit _ 1,Drum Kit _ 1,145680,40
105.74994712499999,0.029411749999994186,51,70,Drums,Drum Kit _ 1,Drum Kit _ 1,145740,40
105.79406474999999,0.029411749999994186,51,69,Drums,Drum Kit _ 1,Drum Kit _ 1,145800,40
105.83818237499999,0.029411750000008396,51,70,Drums,Drum Kit _ 1,Drum Kit _ 1,145860,40
105.88229999999999,0.029411750000008396,51,68,Drums,Drum Kit _ 1,Drum Kit _ 1,145920,40
105.92641762499998,0.029411750000008396,51,71,Drums,Drum Kit _ 1,Drum Kit _ 1,145980,40
105.97053524999998,0.029411750000008396,51,68,Drums,Drum Kit _ 1,Drum Kit _ 1,146040,40
106.014652875,0.029411749999994186,51,62,Drums,Drum Kit _ 1,Drum Kit _ 1,146100,40
106.0587705,0.029411749999994186,51,78,Drums,Drum Kit _ 1,Drum Kit _ 1,146160,40
106.10288812499999,0.029411749999994186,51,65,Drums,Drum Kit _ 1,Drum Kit _ 1,146220,40
106.14700574999999,0.029411749999994186,51,73,Drums,Drum Kit _ 1,Drum Kit _ 1,146280,40
106.19112337499999,0.029411749999994186,51,56,Drums,Drum Kit _ 1,Drum Kit _ 1,146340,40
106.23524099999999,0.029411750000008396,51,68,Drums,Drum Kit _ 1,Drum Kit _ 1,146400,40
106.27935862499999,0.029411750000008396,51,72,Drums,Drum Kit _ 1,Drum Kit _ 1,146460,40
106.32347624999998,0.029411750000008396,51,70,Drums,Drum Kit _ 1,Drum Kit _ 1,146520,40
106.36759387499998,0.029411750000008396,51,55,Drums,Drum Kit _ 1,Drum Kit _ 1,146580,40
106.4117115,0.029411749999994186,51,70,Drums,Drum Kit _ 1,Drum Kit _ 1,146640,40
106.455829125,0.029411749999994186,51,70,Drums,Drum Kit _ 1,Drum Kit _ 1,146700,40
106.49994674999999,0.029411749999994186,51,70,Drums,Drum Kit _ 1,Drum Kit _ 1,146760,40
106.54406437499999,0.029411749999994186,51,69,Drums,Drum Kit _ 1,Drum Kit _ 1,146820,40
106.58818199999999,0.029411749999994186,51,69,Drums,Drum Kit _ 1,Drum Kit _ 1,146880,40
106.63229962499999,0.029411750000008396,51,78,Drums,Drum Kit _ 1,Drum Kit _ 1,146940,40
106.67641724999999,0.029411750000008396,51,82,Drums,Drum Kit _ 1,Drum Kit _ 1,147000,40
106.72053487499998,0.029411750000008396,51,64,Drums,Drum Kit _ 1,Drum Kit _ 1,147060,40
106.7646525,0.029411749999994186,51,69,Drums,Drum Kit _ 1,Drum Kit _ 1,147120,40
106.808770125,0.029411749999994186,51,70,Drums,Drum Kit _ 1,Drum Kit _ 1,147180,40
106.85288775,0.029411749999994186,51,70,Drums,Drum Kit _ 1,Drum Kit _ 1,147240,40
106.89700537499999,0.029411749999994186,51,64,Drums,Drum Kit _ 1,Drum Kit _ 1,147300,40
106.94112299999999,0.029411749999994186,51,74,Drums,Drum Kit _ 1,Drum Kit _ 1,147360,40
106.98524062499999,0.029411749999994186,51,73,Drums,Drum Kit _ 1,Drum Kit _ 1,147420,40
107.02935824999999,0.029411750000008396,51,72,Drums,Drum Kit _ 1,Drum Kit _ 1,147480,40
107.07347587499999,0.029411750000008396,51,82,Drums,Drum Kit _ 1,Drum Kit _ 1,147540,40
107.11759349999998,0.029411750000008396,51,70,Drums,Drum Kit _ 1,Drum Kit _ 1,147600,40
107.161711125,0.029411749999994186,51,71,Drums,Drum Kit _ 1,Drum Kit _ 1,147660,40
107.20582875,0.029411749999994186,51,71,Drums,Drum Kit _ 1,Drum Kit _ 1,147720,40
107.29406399999999,0.029411749999994186,51,58,Drums,Drum Kit _ 1,Drum Kit _ 1,147840,40
107.33818162499999,0.029411749999994186,51,65,Drums,Drum Kit _ 1,Drum Kit _ 1,147900,40
107.38229924999999,0.029411750000008396,51,82,Drums,Drum Kit _ 1,Drum Kit _ 1,147960,40
107.42641687499999,0.029411750000008396,51,72,Drums,Drum Kit _ 1,Drum Kit _ 1,148020,40
107.47053449999999,0.029411750000008396,51,71,Drums,Drum Kit _ 1,Drum Kit _ 1,148080,40
107.51465212499998,0.029411750000008396,51,55,Drums,Drum Kit _ 1,Drum Kit _ 1,148140,40
107.55876975,0.029411749999994186,51,61,Drums,Drum Kit _ 1,Drum Kit _ 1,148200,40
107.602887375,0.029411749999994186,51,55,Drums,Drum Kit _ 1,Drum Kit _ 1,148260,40
107.647005,0.029411749999994186,51,66,Drums,Drum Kit _ 1,Drum Kit _ 1,148320,40
107.69112262499999,0.029411749999994186,51,73,Drums,Drum Kit _ 1,Drum Kit _ 1,148380,40
107.73524024999999,0.029411749999994186,51,65,Drums,Drum Kit _ 1,Drum Kit _ 1,148440,40
107.77935787499999,0.029411750000008396,51,69,Drums,Drum Kit _ 1,Drum Kit _ 1,148500,40
107.82347549999999,0.029411750000008396,51,60,Drums,Drum Kit _ 1,Drum Kit _ 1,148560,40
107.86759312499998,0.029411750000008396,51,76,Drums,Drum Kit _ 1,Drum Kit _ 1,148620,40
107.91171074999998,0.029411750000008396,51,62,Drums,Drum Kit _ 1,Drum Kit _ 1,148680,40
107.955828375,0.029411749999994186,51,75,Drums,Drum Kit _ 1,Drum Kit _ 1,148740,40
107.999946,0.029411749999994186,51,84,Drums,Drum Kit _ 1,Drum Kit _ 1,148800,40
108.04406362499999,0.029411749999994186,51,72,Drums,Drum Kit _ 1,Drum Kit _ 1,148860,40
108.08818124999999,0.029411749999994186,51,66,Drums,Drum Kit _ 1,Drum Kit _ 1,148920,40
108.13229887499999,0.029411749999994186,51,80,Drums,Drum Kit _ 1,Drum Kit _ 1,148980,40
108.17641649999999,0.029411750000008396,51,70,Drums,Drum Kit _ 1,Drum Kit _ 1,149040,40
108.22053412499999,0.029411750000008396,51,71,Drums,Drum Kit _ 1,Drum Kit _ 1,149100,40
108.26465174999998,0.029411750000008396,51,78,Drums,Drum Kit _ 1,Drum Kit _ 1,149160,40
108.30876937499998,0.029411750000008396,51,81,Drums,Drum Kit _ 1,Drum Kit _ 1,149220,40
108.352887,0.029411749999994186,51,71,Drums,Drum Kit _ 1,Drum Kit _ 1,149280,40
108.397004625,0.029411749999994186,51,77,Drums,Drum Kit _ 1,Drum Kit _ 1,149340,40
108.44112224999999,0.029411749999994186,51,84,Drums,Drum Kit _ 1,Drum Kit _ 1,149400,40
108.48523987499999,0.029411749999994186,51,64,Drums,Drum Kit _ 1,Drum Kit _ 1,149460,40
108.52935749999999,0.029411749999994186,51,61,Drums,Drum Kit _ 1,Drum Kit _ 1,149520,40
108.57347512499999,0.029411750000008396,51,71,Drums,Drum Kit _ 1,Drum Kit _ 1,149580,40
108.61759274999999,0.029411750000008396,51,73,Drums,Drum Kit _ 1,Drum Kit _ 1,149640,40
108.66171037499998,0.029411750000008396,51,68,Drums,Drum Kit _ 1,Drum Kit _ 1,149700,40
108.705828,0.029411749999994186,51,62,Drums,Drum Kit _ 1,Drum Kit _ 1,149760,40
108.749945625,0.029411749999994186,51,73,Drums,Drum Kit _ 1,Drum Kit _ 1,149820,40
108.79406325,0.029411749999994186,51,84,Drums,Drum Kit _ 1,Drum Kit _ 1,149880,40
108.83818087499999,0.029411749999994186,51,63,Drums,Drum Kit _ 1,Drum Kit _ 1,149940,40
108.88229849999999,0.029411749999994186,51,66,Drums,Drum Kit _ 1,Drum Kit _ 1,150000,40
108.92641612499999,0.029411749999994186,51,74,Drums,Drum Kit _ 1,Drum Kit _ 1,150060,40
108.97053374999999,0.029411750000008396,51,72,Drums,Drum Kit _ 1,Drum Kit _ 1,150120,40
109.01465137499999,0.029411750000008396,51,74,Drums,Drum Kit _ 1,Drum Kit _ 1,150180,40
109.05876899999998,0.029411750000008396,51,70,Drums,Drum Kit _ 1,Drum Kit _ 1,150240,40
109.102886625,0.029411749999994186,51,77,Drums,Drum Kit _ 1,Drum Kit _ 1,150300,40
109.14700425,0.029411749999994186,51,72,Drums,Drum Kit _ 1,Drum Kit _ 1,150360,40
109.191121875,0.029411749999994186,51,66,Drums,Drum Kit _ 1,Drum Kit _ 1,150420,40
109.23523949999999,0.029411749999994186,51,69,Drums,Drum Kit _ 1,Drum Kit _ 1,150480,40
109.27935712499999,0.029411749999994186,51,76,Drums,Drum Kit _ 1,Drum Kit _ 1,150540,40
109.32347474999999,0.029411750000008396,51,76,Drums,Drum Kit _ 1,Drum Kit _ 1,150600,40
109.36759237499999,0.029411750000008396,51,63,Drums,Drum Kit _ 1,Drum Kit _ 1,150660,40
109.41170999999999,0.029411750000008396,51,70,Drums,Drum Kit _ 1,Drum Kit _ 1,150720,40
109.45582762499998,0.029411750000008396,51,68,Drums,Drum Kit _ 1,Drum Kit _ 1,150780,40
109.49994525,0.029411749999994186,51,81,Drums,Drum Kit _ 1,Drum Kit _ 1,150840,40
109.544062875,0.029411749999994186,51,81,Drums,Drum Kit _ 1,Drum Kit _ 1,150900,40
109.58818049999999,0.029411749999994186,51,67,Drums,Drum Kit _ 1,Drum Kit _ 1,150960,40
109.63229812499999,0.029411749999994186,51,72,Drums,Drum Kit _ 1,Drum Kit _ 1,151020,40
109.67641574999999,0.029411749999994186,51,79,Drums,Drum Kit _ 1,Drum Kit _ 1,151080,40
109.72053337499999,0.029411750000008396,51,83,Drums,Drum Kit _ 1,Drum Kit _ 1,151140,40
109.76465099999999,0.029411750000008396,51,70,Drums,Drum Kit _ 1,Drum Kit _ 1,151200,40
109.80876862499998,0.029411750000008396,51,68,Drums,Drum Kit _ 1,Drum Kit _ 1,151260,40
109.85288624999998,0.029411750000008396,51,78,Drums,Drum Kit _ 1,Drum Kit _ 1,151320,40
109.897003875,0.029411749999994186,51,64,Drums,Drum Kit _ 1,Drum Kit _ 1,151380,40
109.9411215,0.029411749999994186,51,69,Drums,Drum Kit _ 1,Drum Kit _ 1,151440,40
109.98523912499999,0.029411749999994186,51,80,Drums,Drum Kit _ 1,Drum Kit _ 1,151500,40
110.02935674999999,0.029411749999994186,51,57,Drums,Drum Kit _ 1,Drum Kit _ 1,151560,40
110.11759199999999,0.029411750000008396,51,71,Drums,Drum Kit _ 1,Drum Kit _ 1,151680,40
110.16170962499999,0.029411750000008396,51,72,Drums,Drum Kit _ 1,Drum Kit _ 1,151740,40
110.20582724999998,0.029411750000008396,51,60,Drums,Drum Kit _ 1,Drum Kit _ 1,151800,40
110.24994487499998,0.029411750000008396,51,70,Drums,Drum Kit _ 1,Drum Kit _ 1,151860,40
110.2940625,0.029411749999994186,51,70,Drums,Drum Kit _ 1,Drum Kit _ 1,151920,40
110.338180125,0.029411749999994186,51,64,Drums,Drum Kit _ 1,Drum Kit _ 1,151980,40
110.38229774999999,0.029411749999994186,51,63,Drums,Drum Kit _ 1,Drum Kit _ 1,152040,40
110.42641537499999,0.029411749999994186,51,73,Drums,Drum Kit _ 1,Drum Kit _ 1,152100,40
110.47053299999999,0.029411749999994186,51,81,Drums,Drum Kit _ 1,Drum Kit _ 1,152160,40
110.51465062499999,0.029411750000008396,51,67,Drums,Drum Kit _ 1,Drum Kit _ 1,152220,40
110.55876824999999,0.029411750000008396,51,70,Drums,Drum Kit _ 1,Drum Kit _ 1,152280,40
110.60288587499998,0.029411750000008396,51,72,Drums,Drum Kit _ 1,Drum Kit _ 1,152340,40
110.82347399999999,0.029411749999994186,51,75,Drums,Drum Kit _ 1,Drum Kit _ 1,152640,40
110.86759162499999,0.029411749999994186,51,79,Drums,Drum Kit _ 1,Drum Kit _ 1,152700,40
110.91170924999999,0.029411750000008396,51,80,Drums,Drum Kit _ 1,Drum Kit _ 1,152760,40
110.95582687499999,0.029411750000008396,51,70,Drums,Drum Kit _ 1,Drum Kit _ 1,152820,40
110.99994449999998,0.029411750000008396,51,64,Drums,Drum Kit _ 1,Drum Kit _ 1,152880,40
111.044062125,0.029411749999994186,51,73,Drums,Drum Kit _ 1,Drum Kit _ 1,152940,40
111.08817975,0.029411749999994186,51,70,Drums,Drum Kit _ 1,Drum Kit _ 1,153000,40
111.132297375,0.029411749999994186,51,66,Drums,Drum Kit _ 1,Drum Kit _ 1,153060,40
111.17641499999999,0.029411749999994186,51,61,Drums,Drum Kit _ 1,Drum Kit _ 1,153120,40
111.22053262499999,0.029411749999994186,51,61,Drums,Drum Kit _ 1,Drum Kit _ 1,153180,40
111.26465024999999,0.029411750000008396,51,68,Drums,Drum Kit _ 1,Drum Kit _ 1,153240,40
111.30876787499999,0.029411750000008396,51,71,Drums,Drum Kit _ 1,Drum Kit _ 1,153300,40
111.35288549999999,0.029411750000008396,51,71,Drums,Drum Kit _ 1,Drum Kit _ 1,153360,40
111.39700312499998,0.029411750000008396,51,63,Drums,Drum Kit _ 1,Drum Kit _ 1,153420,40
111.52935599999999,0.029411749999994186,51,70,Drums,Drum Kit _ 1,Drum Kit _ 1,153600,40
111.57347362499999,0.029411749999994186,51,55,Drums,Drum Kit _ 1,Drum Kit _ 1,153660,40
111.61759124999999,0.029411749999994186,51,61,Drums,Drum Kit _ 1,Drum Kit _ 1,153720,40
111.66170887499999,0.029411750000008396,51,71,Drums,Drum Kit _ 1,Drum Kit _ 1,153780,40
111.70582649999999,0.029411750000008396,51,60,Drums,Drum Kit _ 1,Drum Kit _ 1,153840,40
111.74994412499998,0.029411750000008396,51,70,Drums,Drum Kit _ 1,Drum Kit _ 1,153900,40
111.79406174999998,0.029411750000008396,51,71,Drums,Drum Kit _ 1,Drum Kit _ 1,153960,40
111.838179375,0.029411749999994186,51,85,Drums,Drum Kit _ 1,Drum Kit _ 1,154020,40
111.882297,0.029411749999994186,51,69,Drums,Drum Kit _ 1,Drum Kit _ 1,154080,40
111.92641462499999,0.029411749999994186,51,65,Drums,Drum Kit _ 1,Drum Kit _ 1,154140,40
111.97053224999999,0.029411749999994186,51,68,Drums,Drum Kit _ 1,Drum Kit _ 1,154200,40
112.01464987499999,0.029411749999994186,51,67,Drums,Drum Kit _ 1,Drum Kit _ 1,154260,40
112.05876749999999,0.029411750000008396,51,71,Drums,Drum Kit _ 1,Drum Kit _ 1,154320,40
112.10288512499999,0.029411750000008396,51,71,Drums,Drum Kit _ 1,Drum Kit _ 1,154380,40
112.14700274999998,0.029411750000008396,51,72,Drums,Drum Kit _ 1,Drum Kit _ 1,154440,40
112.19112037499998,0.029411750000008396,51,67,Drums,Drum Kit _ 1,Drum Kit _ 1,154500,40
112.235238,0.029411749999994186,51,70,Drums,Drum Kit _ 1,Drum Kit _ 1,154560,40
112.279355625,0.029411749999994186,51,80,Drums,Drum Kit _ 1,Drum Kit _ 1,154620,40
112.32347324999999,0.029411749999994186,51,65,Drums,Drum Kit _ 1,Drum Kit _ 1,154680,40
112.36759087499999,0.029411749999994186,51,68,Drums,Drum Kit _ 1,Drum Kit _ 1,154740,40
112.41170849999999,0.029411749999994186,51,55,Drums,Drum Kit _ 1,Drum Kit _ 1,154800,40
112.45582612499999,0.029411750000008396,51,56,Drums,Drum Kit _ 1,Drum Kit _ 1,154860,40
112.49994374999999,0.029411750000008396,51,71,Drums,Drum Kit _ 1,Drum Kit _ 1,154920,40
112.54406137499998,0.029411750000008396,51,69,Drums,Drum Kit _ 1,Drum Kit _ 1,154980,40
112.588179,0.029411749999994186,51,62,Drums,Drum Kit _ 1,Drum Kit _ 1,155040,40
112.632296625,0.029411749999994186,51,70,Drums,Drum Kit _ 1,Drum Kit _ 1,155100,40
112.67641425,0.029411749999994186,51,66,Drums,Drum Kit _ 1,Drum Kit _ 1,155160,40
112.72053187499999,0.029411749999994186,51,67,Drums,Drum Kit _ 1,Drum Kit _ 1,155220,40
112.76464949999999,0.029411749999994186,51,71,Drums,Drum Kit _ 1,Drum Kit _ 1,155280,40
112.80876712499999,0.029411749999994186,51,72,Drums,Drum Kit _ 1,Drum Kit _ 1,155340,40
112.85288474999999,0.029411750000008396,51,60,Drums,Drum Kit _ 1,Drum Kit _ 1,155400,40
112.89700237499999,0.029411750000008396,51,73,Drums,Drum Kit _ 1,Drum Kit _ 1,155460,40
112.94111999999998,0.05955879374999995,35,110,Drums,Drum Kit _ 1,Drum Kit _ 1,155520,81
112.94111999999998,0.05955879374999995,54,90,Drums,Drum Kit _ 1,Drum Kit _ 1,155520,81
112.94111999999998,0.05955879374999995,42,90,Drums,Drum Kit _ 1,Drum Kit _ 1,155520,81
113.11759049999999,0.05955879374999995,42,90,Drums,Drum Kit _ 1,Drum Kit _ 1,155760,81
113.29406099999999,0.05955879374999995,38,110,Drums,Drum Kit _ 1,Drum Kit _ 1,156000,81
113.29406099999999,0.05955879374999995,42,90,Drums,Drum Kit _ 1,Drum Kit _ 1,156000,81
113.47053149999999,0.05955879374999995,42,90,Drums,Drum Kit _ 1,Drum Kit _ 1,156240,81
113.64700199999999,0.05955879374999995,35,110,Drums,Drum Kit _ 1,Drum Kit _ 1,156480,81
113.64700199999999,0.05955879374999995,42,90,Drums,Drum Kit _ 1,Drum Kit _ 1,156480,81
113.8234725,0.05955879374999995,42,90,Drums,Drum Kit _ 1,Drum Kit _ 1,156720,81
113.99994299999999,0.05955879374999995,38,110,Drums,Drum Kit _ 1,Drum Kit _ 1,156960,81
113.99994299999999,0.05955879374999995,42,90,Drums,Drum Kit _ 1,Drum Kit _ 1,156960,81
114.1764135,0.05955879374999995,42,90,Drums,Drum Kit _ 1,Drum Kit _ 1,157200,81
114.35288399999999,0.05955879374999995,35,110,Drums,Drum Kit _ 1,Drum Kit _ 1,157440,81
114.35288399999999,0.05955879374999995,42,90,Drums,Drum Kit _ 1,Drum Kit _ 1,157440,81
114.5293545,0.05955879374999995,42,90,Drums,Drum Kit _ 1,Drum Kit _ 1,157680,81
114.70582499999999,0.05955879374999995,38,110,Drums,Drum Kit _ 1,Drum Kit _ 1,157920,81
114.70582499999999,0.05955879374999995,42,90,Drums,Drum Kit _ 1,Drum Kit _ 1,157920,81
114.88229549999998,0.05955879374999995,42,90,Drums,Drum Kit _ 1,Drum Kit _ 1,158160,81
115.05876599999999,0.05955879374999995,35,110,Drums,Drum Kit _ 1,Drum Kit _ 1,158400,81
115.05876599999999,0.05955879374999995,42,90,Drums,Drum Kit _ 1,Drum Kit _ 1,158400,81
115.23523649999998,0.05955879374999995,42,90,Drums,Drum Kit _ 1,Drum Kit _ 1,158640,81
115.41170699999999,0.05955879374999995,38,110,Drums,Drum Kit _ 1,Drum Kit _ 1,158880,81
115.41170699999999,0.05955879374999995,42,90,Drums,Drum Kit _ 1,Drum Kit _ 1,158880,81
115.58817749999999,0.05955879374999995,42,90,Drums,Drum Kit _ 1,Drum Kit _ 1,159120,81
115.764648,0.05955879374999995,35,110,Drums,Drum Kit _ 1,Drum Kit _ 1,159360,81
115.764648,0.05955879374999995,54,90,Drums,Drum Kit _ 1,Drum Kit _ 1,159360,81
115.764648,0.05955879374999995,42,90,Drums,Drum Kit _ 1,Drum Kit _ 1,159360,81
115.94111849999999,0.05955879374999995,42,90,Drums,Drum Kit _ 1,Drum Kit _ 1,159600,81
116.117589,0.05955879374999995,38,110,Drums,Drum Kit _ 1,Drum Kit _ 1,159840,81
116.117589,0.05955879374999995,42,90,Drums,Drum Kit _ 1,Drum Kit _ 1,159840,81
116.29405949999999,0.05955879374999995,42,90,Drums,Drum Kit _ 1,Drum Kit _ 1,160080,81
116.47053,0.05955879374999995,35,110,Drums,Drum Kit _ 1,Drum Kit _ 1,160320,81
116.47053,0.05955879374999995,42,90,Drums,Drum Kit _ 1,Drum Kit _ 1,160320,81
116.64700049999999,0.05955879374999995,42,90,Drums,Drum Kit _ 1,Drum Kit _ 1,160560,81
116.82347099999998,0.05955879374999995,38,110,Drums,Drum Kit _ 1,Drum Kit _ 1,160800,81
116.82347099999998,0.05955879374999995,42,90,Drums,Drum Kit _ 1,Drum Kit _ 1,160800,81
116.99994149999999,0.05955879374999995,42,90,Drums,Drum Kit _ 1,Drum Kit _ 1,161040,81
117.17641199999998,0.05955879374999995,35,110,Drums,Drum Kit _ 1,Drum Kit _ 1,161280,81
117.17641199999998,0.05955879374999995,42,90,Drums,Drum Kit _ 1,Drum Kit _ 1,161280,81
117.35288249999999,0.05955879374999995,42,90,Drums,Drum Kit _ 1,Drum Kit _ 1,161520,81
117.52935299999999,0.05955879374999995,38,110,Drums,Drum Kit _ 1,Drum Kit _ 1,161760,81
117.52935299999999,0.05955879374999995,42,90,Drums,Drum Kit _ 1,Drum Kit _ 1,161760,81
117.7058235,0.05955879374999995,42,90,Drums,Drum Kit _ 1,Drum Kit _ 1,162000,81
117.88229399999999,0.05955879374999995,35,110,Drums,Drum Kit _ 1,Drum Kit _ 1,162240,81
117.88229399999999,0.05955879374999995,42,90,Drums,Drum Kit _ 1,Drum Kit _ 1,162240,81
118.0587645,0.05955879374999995,42,90,Drums,Drum Kit _ 1,Drum Kit _ 1,162480,81
118.23523499999999,0.05955879374999995,38,110,Drums,Drum Kit _ 1,Drum Kit _ 1,162720,81
118.23523499999999,0.05955879374999995,42,90,Drums,Drum Kit _ 1,Drum Kit _ 1,162720,81
118.4117055,0.05955879374999995,42,90,Drums,Drum Kit _ 1,Drum Kit _ 1,162960,81
118.58817599999999,0.05955879374999995,35,110,Drums,Drum Kit _ 1,Drum Kit _ 1,163200,81
118.58817599999999,0.05955879374999995,54,90,Drums,Drum Kit _ 1,Drum Kit _ 1,163200,81
118.58817599999999,0.05955879374999995,42,90,Drums,Drum Kit _ 1,Drum Kit _ 1,163200,81
118.76464649999998,0.05955879374999995,42,90,Drums,Drum Kit _ 1,Drum Kit _ 1,163440,81
118.94111699999999,0.05955879374999995,38,110,Drums,Drum Kit _ 1,Drum Kit _ 1,163680,81
118.94111699999999,0.05955879374999995,42,90,Drums,Drum Kit _ 1,Drum Kit _ 1,163680,81
119.11758749999998,0.05955879374999995,42,90,Drums,Drum Kit _ 1,Drum Kit _ 1,163920,81
119.29405799999999,0.05955879374999995,35,110,Drums,Drum Kit _ 1,Drum Kit _ 1,164160,81
119.29405799999999,0.05955879374999995,42,90,Drums,Drum Kit _ 1,Drum Kit _ 1,164160,81
119.47052849999999,0.05955879374999995,42,90,Drums,Drum Kit _ 1,Drum Kit _ 1,164400,81
119.646999,0.05955879374999995,38,110,Drums,Drum Kit _ 1,Drum Kit _ 1,164640,81
119.646999,0.05955879374999995,42,90,Drums,Drum Kit _ 1,Drum Kit _ 1,164640,81
119.82346949999999,0.05955879374999995,42,90,Drums,Drum Kit _ 1,Drum Kit _ 1,164880,81
119.99994,0.05955879374999995,35,110,Drums,Drum Kit _ 1,Drum Kit _ 1,165120,81
119.99994,0.05955879374999995,42,90,Drums,Drum Kit _ 1,Drum Kit _ 1,165120,81
120.17641049999999,0.05955879374999995,42,90,Drums,Drum Kit _ 1,Drum Kit _ 1,165360,81
120.35288099999998,0.05955879375001416,38,110,Drums,Drum Kit _ 1,Drum Kit _ 1,165600,81
120.35288099999998,0.05955879375001416,42,90,Drums,Drum Kit _ 1,Drum Kit _ 1,165600,81
120.52935149999999,0.05955879374999995,42,90,Drums,Drum Kit _ 1,Drum Kit _ 1,165840,81
120.70582199999998,0.05955879374999995,35,110,Drums,Drum Kit _ 1,Drum Kit _ 1,166080,81
120.70582199999998,0.05955879374999995,42,90,Drums,Drum Kit _ 1,Drum Kit _ 1,166080,81
120.88229249999999,0.05955879374999995,42,90,Drums,Drum Kit _ 1,Drum Kit _ 1,166320,81
121.05876299999998,0.05955879374999995,38,110,Drums,Drum Kit _ 1,Drum Kit _ 1,166560,81
121.05876299999998,0.05955879374999995,42,90,Drums,Drum Kit _ 1,Drum Kit _ 1,166560,81
121.23523349999999,0.05955879374999995,42,90,Drums,Drum Kit _ 1,Drum Kit _ 1,166800,81
121.41170399999999,0.05955879374999995,35,110,Drums,Drum Kit _ 1,Drum Kit _ 1,167040,81
121.41170399999999,0.05955879374999995,54,90,Drums,Drum Kit _ 1,Drum Kit _ 1,167040,81
121.41170399999999,0.05955879374999995,42,90,Drums,Drum Kit _ 1,Drum Kit _ 1,167040,81
121.5881745,0.05955879374999995,42,90,Drums,Drum Kit _ 1,Drum Kit _ 1,167280,81
121.76464499999999,0.05955879374999995,38,110,Drums,Drum Kit _ 1,Drum Kit _ 1,167520,81
121.76464499999999,0.05955879374999995,42,90,Drums,Drum Kit _ 1,Drum Kit _ 1,167520,81
121.9411155,0.05955879374999995,42,90,Drums,Drum Kit _ 1,Drum Kit _ 1,167760,81
122.11758599999999,0.05955879374999995,35,110,Drums,Drum Kit _ 1,Drum Kit _ 1,168000,81
122.11758599999999,0.05955879374999995,42,90,Drums,Drum Kit _ 1,Drum Kit _ 1,168000,81
122.29405649999998,0.05955879374999995,42,90,Drums,Drum Kit _ 1,Drum Kit _ 1,168240,81
122.47052699999999,0.05955879374999995,38,110,Drums,Drum Kit _ 1,Drum Kit _ 1,168480,81
122.47052699999999,0.05955879374999995,42,90,Drums,Drum Kit _ 1,Drum Kit _ 1,168480,81
122.64699749999998,0.05955879374999995,42,90,Drums,Drum Kit _ 1,Drum Kit _ 1,168720,81
122.82346799999999,0.05955879374999995,35,110,Drums,Drum Kit _ 1,Drum Kit _ 1,168960,81
122.82346799999999,0.05955879374999995,42,90,Drums,Drum Kit _ 1,Drum Kit _ 1,168960,81
122.99993849999998,0.05955879374999995,38,110,Drums,Drum Kit _ 1,Drum Kit _ 1,169200,81
122.99993849999998,0.05955879374999995,45,90,Drums,Drum Kit _ 1,Drum Kit _ 1,169200,81
123.17640899999999,0.05955879374999995,38,110,Drums,Drum Kit _ 1,Drum Kit _ 1,169440,81
123.17640899999999,0.05955879374999995,45,90,Drums,Drum Kit _ 1,Drum Kit _ 1,169440,81
123.35287949999999,0.05955879374999995,38,110,Drums,Drum Kit _ 1,Drum Kit _ 1,169680,81
123.35287949999999,0.05955879374999995,45,90,Drums,Drum Kit _ 1,Drum Kit _ 1,169680,81
123.52935,0.05955879374999995,38,110,Drums,Drum Kit _ 1,Drum Kit _ 1,169920,81
123.52935,0.05955879374999995,45,90,Drums,Drum Kit _ 1,Drum Kit _ 1,169920,81
123.70582049999999,0.05955879374999995,38,110,Drums,Drum Kit _ 1,Drum Kit _ 1,170160,81
123.70582049999999,0.05955879374999995,45,90,Drums,Drum Kit _ 1,Drum Kit _ 1,170160,81
123.882291,0.05955879374999995,38,110,Drums,Drum Kit _ 1,Drum Kit _ 1,170400,81
123.882291,0.05955879374999995,45,90,Drums,Drum Kit _ 1,Drum Kit _ 1,170400,81
124.05876149999999,0.05955879374999995,38,110,Drums,Drum Kit _ 1,Drum Kit _ 1,170640,81
124.05876149999999,0.05955879374999995,45,90,Drums,Drum Kit _ 1,Drum Kit _ 1,170640,81
124.23523199999998,0.05955879374999995,35,110,Drums,Drum Kit _ 1,Drum Kit _ 1,170880,81
124.23523199999998,0.05955879374999995,42,90,Drums,Drum Kit _ 1,Drum Kit _ 1,170880,81
124.41170249999999,0.05955879374999995,42,90,Drums,Drum Kit _ 1,Drum Kit _ 1,171120,81
124.58817299999998,0.05955879374999995,38,110,Drums,Drum Kit _ 1,Drum Kit _ 1,171360,81
124.58817299999998,0.05955879374999995,42,90,Drums,Drum Kit _ 1,Drum Kit _ 1,171360,81
124.76464349999999,0.05955879374999995,42,90,Drums,Drum Kit _ 1,Drum Kit _ 1,171600,81
124.94111399999998,0.05955879374999995,35,110,Drums,Drum Kit _ 1,Drum Kit _ 1,171840,81
124.94111399999998,0.05955879374999995,42,90,Drums,Drum Kit _ 1,Drum Kit _ 1,171840,81
125.11758449999999,0.05955879374999995,42,90,Drums,Drum Kit _ 1,Drum Kit _ 1,172080,81
125.29405499999999,0.05955879374999995,38,110,Drums,Drum Kit _ 1,Drum Kit _ 1,172320,81
125.29405499999999,0.05955879374999995,42,90,Drums,Drum Kit _ 1,Drum Kit _ 1,172320,81
125.4705255,0.05955879374999995,42,90,Drums,Drum Kit _ 1,Drum Kit _ 1,172560,81
125.64699599999999,0.05955879374999995,35,110,Drums,Drum Kit _ 1,Drum Kit _ 1,172800,81
125.64699599999999,0.05955879374999995,42,90,Drums,Drum Kit _ 1,Drum Kit _ 1,172800,81
125.8234665,0.05955879374999995,42,90,Drums,Drum Kit _ 1,Drum Kit _ 1,173040,81
125.99993699999999,0.05955879374999995,38,110,Drums,Drum Kit _ 1,Drum Kit _ 1,173280,81
125.99993699999999,0.05955879374999995,42,90,Drums,Drum Kit _ 1,Drum Kit _ 1,173280,81
126.17640749999998,0.05955879374999995,42,90,Drums,Drum Kit _ 1,Drum Kit _ 1,173520,81
126.35287799999999,0.05955879374999995,35,110,Drums,Drum Kit _ 1,Drum Kit _ 1,173760,81
126.35287799999999,0.05955879374999995,42,90,Drums,Drum Kit _ 1,Drum Kit _ 1,173760,81
126.52934849999998,0.05955879375001416,42,90,Drums,Drum Kit _ 1,Drum Kit _ 1,174000,81
126.70581899999999,0.05955879374999995,38,110,Drums,Drum Kit _ 1,Drum Kit _ 1,174240,81
126.70581899999999,0.05955879374999995,42,90,Drums,Drum Kit _ 1,Drum Kit _ 1,174240,81
126.88228949999998,0.05955879374999995,42,90,Drums,Drum Kit _ 1,Drum Kit _ 1,174480,81
127.05875999999998,0.05955879374999995,35,110,Drums,Drum Kit _ 1,Drum Kit _ 1,174720,81
127.05875999999998,0.05955879374999995,42,90,Drums,Drum Kit _ 1,Drum Kit _ 1,174720,81
127.2352305,0.05955879374999995,42,90,Drums,Drum Kit _ 1,Drum Kit _ 1,174960,81
127.411701,0.05955879374999995,38,110,Drums,Drum Kit _ 1,Drum Kit _ 1,175200,81
127.411701,0.05955879374999995,42,90,Drums,Drum Kit _ 1,Drum Kit _ 1,175200,81
127.58817149999999,0.05955879374999995,42,90,Drums,Drum Kit _ 1,Drum Kit _ 1,175440,81
127.76464199999998,0.05955879374999995,35,110,Drums,Drum Kit _ 1,Drum Kit _ 1,175680,81
127.76464199999998,0.05955879374999995,42,90,Drums,Drum Kit _ 1,Drum Kit _ 1,175680,81
127.9411125,0.05955879374999995,42,90,Drums,Drum Kit _ 1,Drum Kit _ 1,175920,81
128.117583,0.05955879374999995,38,110,Drums,Drum Kit _ 1,Drum Kit _ 1,176160,81
128.117583,0.05955879374999995,42,90,Drums,Drum Kit _ 1,Drum Kit _ 1,176160,81
128.2940535,0.05955879374999995,42,90,Drums,Drum Kit _ 1,Drum Kit _ 1,176400,81
128.47052399999998,0.05955879374999995,35,110,Drums,Drum Kit _ 1,Drum Kit _ 1,176640,81
128.47052399999998,0.05955879374999995,42,90,Drums,Drum Kit _ 1,Drum Kit _ 1,176640,81
128.64699449999998,0.05955879374999995,42,90,Drums,Drum Kit _ 1,Drum Kit _ 1,176880,81
128.823465,0.05955879374999995,38,110,Drums,Drum Kit _ 1,Drum Kit _ 1,177120,81
128.823465,0.05955879374999995,42,90,Drums,Drum Kit _ 1,Drum Kit _ 1,177120,81
128.9999355,0.05955879374999995,42,90,Drums,Drum Kit _ 1,Drum Kit _ 1,177360,81
129.176406,0.05955879374999995,35,110,Drums,Drum Kit _ 1,Drum Kit _ 1,177600,81
129.176406,0.05955879374999995,42,90,Drums,Drum Kit _ 1,Drum Kit _ 1,177600,81
129.35287649999998,0.05955879374999995,42,90,Drums,Drum Kit _ 1,Drum Kit _ 1,177840,81
129.529347,0.05955879374999995,38,110,Drums,Drum Kit _ 1,Drum Kit _ 1,178080,81
129.529347,0.05955879374999995,42,90,Drums,Drum Kit _ 1,Drum Kit _ 1,178080,81
129.7058175,0.05955879374999995,42,90,Drums,Drum Kit _ 1,Drum Kit _ 1,178320,81
129.882288,0.05955879374999995,35,110,Drums,Drum Kit _ 1,Drum Kit _ 1,178560,81
129.882288,0.05955879374999995,42,90,Drums,Drum Kit _ 1,Drum Kit _ 1,178560,81
130.05875849999998,0.05955879374999995,42,90,Drums,Drum Kit _ 1,Drum Kit _ 1,178800,81
130.23522899999998,0.05955879374999995,38,110,Drums,Drum Kit _ 1,Drum Kit _ 1,179040,81
130.23522899999998,0.05955879374999995,42,90,Drums,Drum Kit _ 1,Drum Kit _ 1,179040,81
130.4116995,0.05955879374999995,42,90,Drums,Drum Kit _ 1,Drum Kit _ 1,179280,81
130.58817,0.05955879374999995,35,110,Drums,Drum Kit _ 1,Drum Kit _ 1,179520,81
130.58817,0.05955879374999995,42,90,Drums,Drum Kit _ 1,Drum Kit _ 1,179520,81
130.76464049999998,0.05955879374999995,42,90,Drums,Drum Kit _ 1,Drum Kit _ 1,179760,81
130.94111099999998,0.05955879374999995,38,110,Drums,Drum Kit _ 1,Drum Kit _ 1,180000,81
130.94111099999998,0.05955879374999995,42,90,Drums,Drum Kit _ 1,Drum Kit _ 1,180000,81
131.1175815,0.05955879374999995,42,90,Drums,Drum Kit _ 1,Drum Kit _ 1,180240,81
131.294052,0.05955879374999995,35,110,Drums,Drum Kit _ 1,Drum Kit _ 1,180480,81
131.294052,0.05955879374999995,42,90,Drums,Drum Kit _ 1,Drum Kit _ 1,180480,81
131.4705225,0.05955879374999995,42,90,Drums,Drum Kit _ 1,Drum Kit _ 1,180720,81
131.64699299999998,0.05955879374999995,38,110,Drums,Drum Kit _ 1,Drum Kit _ 1,180960,81
131.64699299999998,0.05955879374999995,42,90,Drums,Drum Kit _ 1,Drum Kit _ 1,180960,81
131.8234635,0.05955879374999995,42,90,Drums,Drum Kit _ 1,Drum Kit _ 1,181200,81
131.999934,0.05955879374999995,35,110,Drums,Drum Kit _ 1,Drum Kit _ 1,181440,81
131.999934,0.05955879374999995,42,90,Drums,Drum Kit _ 1,Drum Kit _ 1,181440,81
132.1764045,0.05955879374999995,42,90,Drums,Drum Kit _ 1,Drum Kit _ 1,181680,81
132.35287499999998,0.05955879374999995,38,110,Drums,Drum Kit _ 1,Drum Kit _ 1,181920,81
132.35287499999998,0.05955879374999995,42,90,Drums,Drum Kit _ 1,Drum Kit _ 1,181920,81
132.52934549999998,0.05955879374999995,42,90,Drums,Drum Kit _ 1,Drum Kit _ 1,182160,81
132.705816,0.05955879374999995,35,110,Drums,Drum Kit _ 1,Drum Kit _ 1,182400,81
132.705816,0.05955879374999995,42,90,Drums,Drum Kit _ 1,Drum Kit _ 1,182400,81
132.8822865,0.05955879374999995,42,90,Drums,Drum Kit _ 1,Drum Kit _ 1,182640,81
133.05875699999999,0.05955879374999995,38,110,Drums,Drum Kit _ 1,Drum Kit _ 1,182880,81
133.05875699999999,0.05955879374999995,42,90,Drums,Drum Kit _ 1,Drum Kit _ 1,182880,81
133.23522749999998,0.05955879374999995,42,90,Drums,Drum Kit _ 1,Drum Kit _ 1,183120,81
133.411698,0.05955879374999995,35,110,Drums,Drum Kit _ 1,Drum Kit _ 1,183360,81
133.411698,0.05955879374999995,42,90,Drums,Drum Kit _ 1,Drum Kit _ 1,183360,81
133.5881685,0.05955879374999995,42,90,Drums,Drum Kit _ 1,Drum Kit _ 1,183600,81
133.764639,0.05955879374999995,38,110,Drums,Drum Kit _ 1,Drum Kit _ 1,183840,81
133.764639,0.05955879374999995,42,90,Drums,Drum Kit _ 1,Drum Kit _ 1,183840,81
133.94110949999998,0.05955879374999995,42,90,Drums,Drum Kit _ 1,Drum Kit _ 1,184080,81
134.11757999999998,0.05955879374999995,35,110,Drums,Drum Kit _ 1,Drum Kit _ 1,184320,81
134.11757999999998,0.05955879374999995,42,90,Drums,Drum Kit _ 1,Drum Kit _ 1,184320,81
134.2940505,0.05955879374999995,42,90,Drums,Drum Kit _ 1,Drum Kit _ 1,184560,81
134.470521,0.05955879374999995,38,110,Drums,Drum Kit _ 1,Drum Kit _ 1,184800,81
134.470521,0.05955879374999995,42,90,Drums,Drum Kit _ 1,Drum Kit _ 1,184800,81
134.64699149999998,0.05955879374999995,42,90,Drums,Drum Kit _ 1,Drum Kit _ 1,185040,81
134.82346199999998,0.05955879374999995,35,110,Drums,Drum Kit _ 1,Drum Kit _ 1,185280,81
134.82346199999998,0.05955879374999995,42,90,Drums,Drum Kit _ 1,Drum Kit _ 1,185280,81
134.9999325,0.05955879374999995,42,90,Drums,Drum Kit _ 1,Drum Kit _ 1,185520,81
135.176403,0.05955879374999995,38,110,Drums,Drum Kit _ 1,Drum Kit _ 1,185760,81
135.176403,0.05955879374999995,42,90,Drums,Drum Kit _ 1,Drum Kit _ 1,185760,81
135.3528735,0.05955879374999995,42,90,Drums,Drum Kit _ 1,Drum Kit _ 1,186000,81
135.52934399999998,0.05955879374999995,35,110,Drums,Drum Kit _ 1,Drum Kit _ 1,186240,81
135.52934399999998,0.05955879374999995,42,90,Drums,Drum Kit _ 1,Drum Kit _ 1,186240,81
135.7058145,0.05955879374999995,42,90,Drums,Drum Kit _ 1,Drum Kit _ 1,186480,81
135.882285,0.05955879374999995,38,110,Drums,Drum Kit _ 1,Drum Kit _ 1,186720,81
135.882285,0.05955879374999995,42,90,Drums,Drum Kit _ 1,Drum Kit _ 1,186720,81
136.0587555,0.05955879374999995,42,90,Drums,Drum Kit _ 1,Drum Kit _ 1,186960,81
136.23522599999998,0.05955879374999995,35,110,Drums,Drum Kit _ 1,Drum Kit _ 1,187200,81
136.23522599999998,0.05955879374999995,42,90,Drums,Drum Kit _ 1,Drum Kit _ 1,187200,81
136.41169649999998,0.05955879374999995,42,90,Drums,Drum Kit _ 1,Drum Kit _ 1,187440,81
136.588167,0.05955879374999995,38,110,Drums,Drum Kit _ 1,Drum Kit _ 1,187680,81
136.588167,0.05955879374999995,42,90,Drums,Drum Kit _ 1,Drum Kit _ 1,187680,81
136.7646375,0.05955879374999995,42,90,Drums,Drum Kit _ 1,Drum Kit _ 1,187920,81
136.94110799999999,0.05955879374999995,35,110,Drums,Drum Kit _ 1,Drum Kit _ 1,188160,81
136.94110799999999,0.05955879374999995,42,90,Drums,Drum Kit _ 1,Drum Kit _ 1,188160,81
137.11757849999998,0.05955879374999995,42,90,Drums,Drum Kit _ 1,Drum Kit _ 1,188400,81
137.294049,0.05955879374999995,38,110,Drums,Drum Kit _ 1,Drum Kit _ 1,188640,81
137.294049,0.05955879374999995,42,90,Drums,Drum Kit _ 1,Drum Kit _ 1,188640,81
137.4705195,0.05955879374999995,42,90,Drums,Drum Kit _ 1,Drum Kit _ 1,188880,81
137.64699,0.05955879374999995,35,110,Drums,Drum Kit _ 1,Drum Kit _ 1,189120,81
137.64699,0.05955879374999995,42,90,Drums,Drum Kit _ 1,Drum Kit _ 1,189120,81
137.82346049999998,0.05955879374999995,42,90,Drums,Drum Kit _ 1,Drum Kit _ 1,189360,81
137.99993099999998,0.05955879374999995,38,110,Drums,Drum Kit _ 1,Drum Kit _ 1,189600,81
137.99993099999998,0.05955879374999995,42,90,Drums,Drum Kit _ 1,Drum Kit _ 1,189600,81
138.1764015,0.05955879374999995,42,90,Drums,Drum Kit _ 1,Drum Kit _ 1,189840,81
138.352872,0.05955879374999995,35,110,Drums,Drum Kit _ 1,Drum Kit _ 1,190080,81
138.352872,0.05955879374999995,42,90,Drums,Drum Kit _ 1,Drum Kit _ 1,190080,81
138.52934249999998,0.05955879374999995,42,90,Drums,Drum Kit _ 1,Drum Kit _ 1,190320,81
138.70581299999998,0.05955879374999995,38,110,Drums,Drum Kit _ 1,Drum Kit _ 1,190560,81
138.70581299999998,0.05955879374999995,42,90,Drums,Drum Kit _ 1,Drum Kit _ 1,190560,81
138.8822835,0.05955879374999995,42,90,Drums,Drum Kit _ 1,Drum Kit _ 1,190800,81
139.058754,0.05955879374999995,35,110,Drums,Drum Kit _ 1,Drum Kit _ 1,191040,81
139.058754,0.05955879374999995,42,90,Drums,Drum Kit _ 1,Drum Kit _ 1,191040,81
139.2352245,0.05955879374999995,42,90,Drums,Drum Kit _ 1,Drum Kit _ 1,191280,81
139.41169499999998,0.05955879374999995,38,110,Drums,Drum Kit _ 1,Drum Kit _ 1,191520,81
139.41169499999998,0.05955879374999995,42,90,Drums,Drum Kit _ 1,Drum Kit _ 1,191520,81
139.5881655,0.05955879374999995,42,90,Drums,Drum Kit _ 1,Drum Kit _ 1,191760,81
139.764636,0.05955879374999995,35,110,Drums,Drum Kit _ 1,Drum Kit _ 1,192000,81
139.764636,0.05955879374999995,42,90,Drums,Drum Kit _ 1,Drum Kit _ 1,192000,81
139.9411065,0.05955879374999995,42,90,Drums,Drum Kit _ 1,Drum Kit _ 1,192240,81
140.11757699999998,0.05955879374999995,38,110,Drums,Drum Kit _ 1,Drum Kit _ 1,192480,81
140.11757699999998,0.05955879374999995,42,90,Drums,Drum Kit _ 1,Drum Kit _ 1,192480,81
140.29404749999998,0.05955879374999995,42,90,Drums,Drum Kit _ 1,Drum Kit _ 1,192720,81
140.470518,0.05955879374999995,35,110,Drums,Drum Kit _ 1,Drum Kit _ 1,192960,81
140.470518,0.05955879374999995,42,90,Drums,Drum Kit _ 1,Drum Kit _ 1,192960,81
140.6469885,0.05955879374999995,42,90,Drums,Drum Kit _ 1,Drum Kit _ 1,193200,81
140.82345899999999,0.05955879374999995,38,110,Drums,Drum Kit _ 1,Drum Kit _ 1,193440,81
140.82345899999999,0.05955879374999995,42,90,Drums,Drum Kit _ 1,Drum Kit _ 1,193440,81
140.99992949999998,0.05955879374999995,42,90,Drums,Drum Kit _ 1,Drum Kit _ 1,193680,81
141.1764,0.029411749999979975,51,69,Drums,Drum Kit _ 1,Drum Kit _ 1,193920,40
141.1764,0.05955879374999995,35,110,Drums,Drum Kit _ 1,Drum Kit _ 1,193920,81
141.22051762499999,0.029411750000008396,51,58,Drums,Drum Kit _ 1,Drum Kit _ 1,193980,40
141.26463525,0.029411749999979975,51,58,Drums,Drum Kit _ 1,Drum Kit _ 1,194040,40
141.30875287499998,0.029411750000008396,51,70,Drums,Drum Kit _ 1,Drum Kit _ 1,194100,40
141.3528705,0.029411749999979975,51,66,Drums,Drum Kit _ 1,Drum Kit _ 1,194160,40
141.39698812499998,0.029411750000008396,51,68,Drums,Drum Kit _ 1,Drum Kit _ 1,194220,40
141.44110575,0.029411750000008396,51,76,Drums,Drum Kit _ 1,Drum Kit _ 1,194280,40
141.48522337499998,0.029411750000008396,51,71,Drums,Drum Kit _ 1,Drum Kit _ 1,194340,40
141.529341,0.029411750000008396,51,70,Drums,Drum Kit _ 1,Drum Kit _ 1,194400,40
141.573458625,0.029411749999979975,51,84,Drums,Drum Kit _ 1,Drum Kit _ 1,194460,40
141.61757624999998,0.029411750000008396,51,70,Drums,Drum Kit _ 1,Drum Kit _ 1,194520,40
141.661693875,0.029411749999979975,51,68,Drums,Drum Kit _ 1,Drum Kit _ 1,194580,40
141.70581149999998,0.029411750000008396,51,82,Drums,Drum Kit _ 1,Drum Kit _ 1,194640,40
141.749929125,0.029411749999979975,51,66,Drums,Drum Kit _ 1,Drum Kit _ 1,194700,40
141.79404674999998,0.029411750000008396,51,66,Drums,Drum Kit _ 1,Drum Kit _ 1,194760,40
141.838164375,0.029411750000008396,51,70,Drums,Drum Kit _ 1,Drum Kit _ 1,194820,40
141.88228199999998,0.029411750000008396,51,64,Drums,Drum Kit _ 1,Drum Kit _ 1,194880,40
141.926399625,0.029411750000008396,51,57,Drums,Drum Kit _ 1,Drum Kit _ 1,194940,40
141.97051725,0.029411749999979975,51,69,Drums,Drum Kit _ 1,Drum Kit _ 1,195000,40
142.01463487499998,0.029411750000008396,51,65,Drums,Drum Kit _ 1,Drum Kit _ 1,195060,40
142.0587525,0.029411749999979975,51,69,Drums,Drum Kit _ 1,Drum Kit _ 1,195120,40
142.10287012499998,0.029411750000008396,51,69,Drums,Drum Kit _ 1,Drum Kit _ 1,195180,40
142.14698775,0.029411750000008396,51,70,Drums,Drum Kit _ 1,Drum Kit _ 1,195240,40
142.19110537499998,0.029411750000008396,51,75,Drums,Drum Kit _ 1,Drum Kit _ 1,195300,40
142.235223,0.029411750000008396,51,68,Drums,Drum Kit _ 1,Drum Kit _ 1,195360,40
142.27934062499997,0.029411750000008396,51,75,Drums,Drum Kit _ 1,Drum Kit _ 1,195420,40
142.32345825,0.029411750000008396,51,75,Drums,Drum Kit _ 1,Drum Kit _ 1,195480,40
142.367575875,0.029411749999979975,51,77,Drums,Drum Kit _ 1,Drum Kit _ 1,195540,40
142.41169349999998,0.029411750000008396,51,60,Drums,Drum Kit _ 1,Drum Kit _ 1,195600,40
142.455811125,0.029411749999979975,51,68,Drums,Drum Kit _ 1,Drum Kit _ 1,195660,40
142.49992874999998,0.029411750000008396,51,73,Drums,Drum Kit _ 1,Drum Kit _ 1,195720,40
142.544046375,0.029411750000008396,51,67,Drums,Drum Kit _ 1,Drum Kit _ 1,195780,40
142.58816399999998,0.029411750000008396,51,61,Drums,Drum Kit _ 1,Drum Kit _ 1,195840,40
142.632281625,0.029411750000008396,51,74,Drums,Drum Kit _ 1,Drum Kit _ 1,195900,40
142.67639924999997,0.029411750000008396,51,73,Drums,Drum Kit _ 1,Drum Kit _ 1,195960,40
142.720516875,0.029411750000008396,51,66,Drums,Drum Kit _ 1,Drum Kit _ 1,196020,40
142.7646345,0.029411749999979975,51,79,Drums,Drum Kit _ 1,Drum Kit _ 1,196080,40
142.80875212499998,0.029411750000008396,51,71,Drums,Drum Kit _ 1,Drum Kit _ 1,196140,40
142.85286975,0.029411749999979975,51,71,Drums,Drum Kit _ 1,Drum Kit _ 1,196200,40
142.89698737499998,0.029411750000008396,51,70,Drums,Drum Kit _ 1,Drum Kit _ 1,196260,40
142.941105,0.029411750000008396,51,70,Drums,Drum Kit _ 1,Drum Kit _ 1,196320,40
142.98522262499998,0.029411750000008396,51,71,Drums,Drum Kit _ 1,Drum Kit _ 1,196380,40
143.02934025,0.029411750000008396,51,81,Drums,Drum Kit _ 1,Drum Kit _ 1,196440,40
143.07345787499997,0.029411750000008396,51,73,Drums,Drum Kit _ 1,Drum Kit _ 1,196500,40
143.1175755,0.029411750000008396,51,69,Drums,Drum Kit _ 1,Drum Kit _ 1,196560,40
143.161693125,0.029411749999979975,51,58,Drums,Drum Kit _ 1,Drum Kit _ 1,196620,40
143.20581074999998,0.029411750000008396,51,61,Drums,Drum Kit _ 1,Drum Kit _ 1,196680,40
143.249928375,0.029411749999979975,51,68,Drums,Drum Kit _ 1,Drum Kit _ 1,196740,40
143.29404599999998,0.029411750000008396,51,66,Drums,Drum Kit _ 1,Drum Kit _ 1,196800,40
143.338163625,0.029411750000008396,51,74,Drums,Drum Kit _ 1,Drum Kit _ 1,196860,40
143.38228124999998,0.029411750000008396,51,81,Drums,Drum Kit _ 1,Drum Kit _ 1,196920,40
143.426398875,0.029411750000008396,51,77,Drums,Drum Kit _ 1,Drum Kit _ 1,196980,40
143.4705165,0.029411749999979975,51,76,Drums,Drum Kit _ 1,Drum Kit _ 1,197040,40
143.514634125,0.029411750000008396,51,66,Drums,Drum Kit _ 1,Drum Kit _ 1,197100,40
143.55875175,0.029411749999979975,51,75,Drums,Drum Kit _ 1,Drum Kit _ 1,197160,40
143.60286937499998,0.029411750000008396,51,70,Drums,Drum Kit _ 1,Drum Kit _ 1,197220,40
143.646987,0.029411749999979975,51,77,Drums,Drum Kit _ 1,Drum Kit _ 1,197280,40
143.69110462499998,0.029411750000008396,51,73,Drums,Drum Kit _ 1,Drum Kit _ 1,197340,40
143.73522225,0.029411750000008396,51,74,Drums,Drum Kit _ 1,Drum Kit _ 1,197400,40
143.77933987499998,0.029411750000008396,51,73,Drums,Drum Kit _ 1,Drum Kit _ 1,197460,40
143.8234575,0.029411750000008396,51,73,Drums,Drum Kit _ 1,Drum Kit _ 1,197520,40
143.867575125,0.029411749999979975,51,62,Drums,Drum Kit _ 1,Drum Kit _ 1,197580,40
143.91169275,0.029411750000008396,51,56,Drums,Drum Kit _ 1,Drum Kit _ 1,197640,40
143.955810375,0.029411749999979975,51,66,Drums,Drum Kit _ 1,Drum Kit _ 1,197700,40
143.99992799999998,0.05955879374999995,35,110,Drums,Drum Kit _ 1,Drum Kit _ 1,197760,81
143.99992799999998,0.05955879374999995,42,90,Drums,Drum Kit _ 1,Drum Kit _ 1,197760,81
144.17639849999998,0.05955879374999995,42,90,Drums,Drum Kit _ 1,Drum Kit _ 1,198000,81
144.352869,0.05955879374999995,38,110,Drums,Drum Kit _ 1,Drum Kit _ 1,198240,81
144.352869,0.05955879374999995,42,90,Drums,Drum Kit _ 1,Drum Kit _ 1,198240,81
144.5293395,0.05955879374999995,42,90,Drums,Drum Kit _ 1,Drum Kit _ 1,198480,81
144.70580999999999,0.05955879374999995,35,110,Drums,Drum Kit _ 1,Drum Kit _ 1,198720,81
144.70580999999999,0.05955879374999995,42,90,Drums,Drum Kit _ 1,Drum Kit _ 1,198720,81
144.88228049999998,0.05955879374999995,42,90,Drums,Drum Kit _ 1,Drum Kit _ 1,198960,81
145.058751,0.05955879374999995,38,110,Drums,Drum Kit _ 1,Drum Kit _ 1,199200,81
145.058751,0.05955879374999995,42,90,Drums,Drum Kit _ 1,Drum Kit _ 1,199200,81
145.2352215,0.05955879374999995,42,90,Drums,Drum Kit _ 1,Drum Kit _ 1,199440,81
145.411692,0.05955879374999995,35,110,Drums,Drum Kit _ 1,Drum Kit _ 1,199680,81
145.411692,0.05955879374999995,42,90,Drums,Drum Kit _ 1,Drum Kit _ 1,199680,81
145.58816249999998,0.05955879374999995,42,90,Drums,Drum Kit _ 1,Drum Kit _ 1,199920,81
145.76463299999998,0.05955879374999995,38,110,Drums,Drum Kit _ 1,Drum Kit _ 1,200160,81
145.76463299999998,0.05955879374999995,42,90,Drums,Drum Kit _ 1,Drum Kit _ 1,200160,81
145.9411035,0.05955879374999995,42,90,Drums,Drum Kit _ 1,Drum Kit _ 1,200400,81
146.117574,0.05955879374999995,35,110,Drums,Drum Kit _ 1,Drum Kit _ 1,200640,81
146.117574,0.05955879374999995,42,90,Drums,Drum Kit _ 1,Drum Kit _ 1,200640,81
146.29404449999998,0.05955879374999995,42,90,Drums,Drum Kit _ 1,Drum Kit _ 1,200880,81
146.47051499999998,0.05955879374999995,38,110,Drums,Drum Kit _ 1,Drum Kit _ 1,201120,81
146.47051499999998,0.05955879374999995,42,90,Drums,Drum Kit _ 1,Drum Kit _ 1,201120,81
146.6469855,0.05955879374999995,42,90,Drums,Drum Kit _ 1,Drum Kit _ 1,201360,81
146.823456,0.029411750000008396,51,71,Drums,Drum Kit _ 1,Drum Kit _ 1,201600,40
146.823456,0.05955879374999995,35,110,Drums,Drum Kit _ 1,Drum Kit _ 1,201600,81
146.86757362499998,0.029411750000008396,51,75,Drums,Drum Kit _ 1,Drum Kit _ 1,201660,40
146.91169125,0.029411750000008396,51,70,Drums,Drum Kit _ 1,Drum Kit _ 1,201720,40
146.95580887499997,0.029411750000008396,51,67,Drums,Drum Kit _ 1,Drum Kit _ 1,201780,40
146.9999265,0.029411750000008396,51,81,Drums,Drum Kit _ 1,Drum Kit _ 1,201840,40
147.044044125,0.029411749999979975,51,73,Drums,Drum Kit _ 1,Drum Kit _ 1,201900,40
147.08816174999998,0.029411750000008396,51,75,Drums,Drum Kit _ 1,Drum Kit _ 1,201960,40
147.132279375,0.029411749999979975,51,72,Drums,Drum Kit _ 1,Drum Kit _ 1,202020,40
147.17639699999998,0.029411750000008396,51,58,Drums,Drum Kit _ 1,Drum Kit _ 1,202080,40
147.220514625,0.029411750000008396,51,84,Drums,Drum Kit _ 1,Drum Kit _ 1,202140,40
147.26463224999998,0.029411750000008396,51,84,Drums,Drum Kit _ 1,Drum Kit _ 1,202200,40
147.308749875,0.029411750000008396,51,75,Drums,Drum Kit _ 1,Drum Kit _ 1,202260,40
147.3528675,0.029411749999979975,51,70,Drums,Drum Kit _ 1,Drum Kit _ 1,202320,40
147.396985125,0.029411750000008396,51,56,Drums,Drum Kit _ 1,Drum Kit _ 1,202380,40
147.44110275,0.029411749999979975,51,77,Drums,Drum Kit _ 1,Drum Kit _ 1,202440,40
147.48522037499998,0.029411750000008396,51,66,Drums,Drum Kit _ 1,Drum Kit _ 1,202500,40
147.529338,0.029411749999979975,51,58,Drums,Drum Kit _ 1,Drum Kit _ 1,202560,40
147.57345562499998,0.029411750000008396,51,78,Drums,Drum Kit _ 1,Drum Kit _ 1,202620,40
147.61757325,0.029411750000008396,51,84,Drums,Drum Kit _ 1,Drum Kit _ 1,202680,40
147.66169087499998,0.029411750000008396,51,68,Drums,Drum Kit _ 1,Drum Kit _ 1,202740,40
147.7058085,0.029411750000008396,51,69,Drums,Drum Kit _ 1,Drum Kit _ 1,202800,40
147.749926125,0.029411749999979975,51,81,Drums,Drum Kit _ 1,Drum Kit _ 1,202860,40
147.79404375,0.029411750000008396,51,76,Drums,Drum Kit _ 1,Drum Kit _ 1,202920,40
147.838161375,0.029411749999979975,51,60,Drums,Drum Kit _ 1,Drum Kit _ 1,202980,40
147.88227899999998,0.029411750000008396,51,70,Drums,Drum Kit _ 1,Drum Kit _ 1,203040,40
147.926396625,0.029411749999979975,51,70,Drums,Drum Kit _ 1,Drum Kit _ 1,203100,40
147.97051424999998,0.029411750000008396,51,84,Drums,Drum Kit _ 1,Drum Kit _ 1,203160,40
148.014631875,0.029411750000008396,51,70,Drums,Drum Kit _ 1,Drum Kit _ 1,203220,40
148.05874949999998,0.029411750000008396,51,75,Drums,Drum Kit _ 1,Drum Kit _ 1,203280,40
148.102867125,0.029411750000008396,51,70,Drums,Drum Kit _ 1,Drum Kit _ 1,203340,40
148.14698475,0.029411749999979975,51,72,Drums,Drum Kit _ 1,Drum Kit _ 1,203400,40
148.19110237499999,0.029411750000008396,51,69,Drums,Drum Kit _ 1,Drum Kit _ 1,203460,40
148.23522,0.03333333333333144,51,77,Drums,Drum Kit _ 1,Drum Kit _ 1,203520,40
148.28522,0.03333333333333144,51,82,Drums,Drum Kit _ 1,Drum Kit _ 1,203580,40
148.33522,0.03333333333333144,51,68,Drums,Drum Kit _ 1,Drum Kit _ 1,203640,40
148.38522,0.03333333333333144,51,70,Drums,Drum Kit _ 1,Drum Kit _ 1,203700,40
148.43522,0.03333333333333144,51,72,Drums,Drum Kit _ 1,Drum Kit _ 1,203760,40
148.48522,0.03333333333333144,51,72,Drums,Drum Kit _ 1,Drum Kit _ 1,203820,40
148.53522,0.03333333333333144,51,61,Drums,Drum Kit _ 1,Drum Kit _ 1,203880,40
148.58522,0.03333333333333144,51,71,Drums,Drum Kit _ 1,Drum Kit _ 1,203940,40
148.63522,0.03333333333333144,51,83,Drums,Drum Kit _ 1,Drum Kit _ 1,204000,40
148.68522,0.03333333333333144,51,84,Drums,Drum Kit _ 1,Drum Kit _ 1,204060,40
148.73522,0.03333333333333144,51,74,Drums,Drum Kit _ 1,Drum Kit _ 1,204120,40
148.78522,0.03333333333333144,51,70,Drums,Drum Kit _ 1,Drum Kit _ 1,204180,40
148.83522,0.03333333333333144,51,70,Drums,Drum Kit _ 1,Drum Kit _ 1,204240,40
148.88522,0.03333333333333144,51,71,Drums,Drum Kit _ 1,Drum Kit _ 1,204300,40
148.93522,0.03333333333333144,51,65,Drums,Drum Kit _ 1,Drum Kit _ 1,204360,40
148.98522,0.03333333333333144,51,62,Drums,Drum Kit _ 1,Drum Kit _ 1,204420,40
149.03522,0.03333333333333144,51,80,Drums,Drum Kit _ 1,Drum Kit _ 1,204480,40
149.08522,0.03333333333333144,51,60,Drums,Drum Kit _ 1,Drum Kit _ 1,204540,40
149.13522,0.03333333333333144,51,70,Drums,Drum Kit _ 1,Drum Kit _ 1,204600,40
149.18522,0.03333333333333144,51,70,Drums,Drum Kit _ 1,Drum Kit _ 1,204660,40
149.23522,0.03333333333333144,51,70,Drums,Drum Kit _ 1,Drum Kit _ 1,204720,40
149.28522,0.03333333333333144,51,62,Drums,Drum Kit _ 1,Drum Kit _ 1,204780,40
149.33522,0.03333333333333144,51,85,Drums,Drum Kit _ 1,Drum Kit _ 1,204840,40
149.38522,0.03333333333333144,51,75,Drums,Drum Kit _ 1,Drum Kit _ 1,204900,40
149.43522,0.03333333333333144,51,78,Drums,Drum Kit _ 1,Drum Kit _ 1,204960,40
149.48522,0.03333333333333144,51,73,Drums,Drum Kit _ 1,Drum Kit _ 1,205020,40
149.53522,0.03333333333333144,51,76,Drums,Drum Kit _ 1,Drum Kit _ 1,205080,40
149.58522,0.03333333333333144,51,74,Drums,Drum Kit _ 1,Drum Kit _ 1,205140,40
149.63522,0.03333333333333144,51,60,Drums,Drum Kit _ 1,Drum Kit _ 1,205200,40
149.68522,0.03333333333333144,51,79,Drums,Drum Kit _ 1,Drum Kit _ 1,205260,40
149.73522,0.03333333333333144,51,70,Drums,Drum Kit _ 1,Drum Kit _ 1,205320,40
149.78522,0.03333333333333144,51,72,Drums,Drum Kit _ 1,Drum Kit _ 1,205380,40
