time_start_sec,duration_sec,pitch,velocity,track,time_start_tick,duration_tick,instrument
0.0,0.37828962499999985,59,87,ZOMBIE                          Words and music by Dolores ORiordan,384,46,Clavinet _ 1
0.0,0.37828962499999985,52,85,ZOMBIE                          Words and music by Dolores ORiordan,384,46,Clavinet _ 1
0.0,0.37828962499999985,64,93,ZOMBIE                          Words and music by Dolores ORiordan,384,46,Electric Guitar (muted) _ 1
0.3865133125,0.008223687500000132,64,89,ZOMBIE                          Words and music by Dolores ORiordan,431,1,Electric Guitar (muted) _ 1
0.0,0.773026625,55,88,ZOMBIE                          Words and music by Dolores ORiordan,384,94,Clavinet _ 1
0.3865133125,0.3865133125,52,81,ZOMBIE                          Words and music by Dolores ORiordan,431,47,Clavinet _ 1
0.0,0.773026625,47,96,ZOMBIE                          Words and music by Dolores ORiordan,384,94,Clavinet _ 1
0.3865133125,0.3865133125,59,85,ZOMBIE                          Words and music by Dolores ORiordan,431,47,Clavinet _ 1
0.4029606874999998,0.37006593750000016,64,86,ZOMBIE                          Words and music by Dolores ORiordan,433,45,Clavinet _ 1
0.0,0.773026625,67,96,ZOMBIE                          Words and music by Dolores ORiordan,384,94,Electric Guitar (muted) _ 1
0.7812503125000001,0.3865133125,52,85,ZOMBIE                          Words and music by Dolores ORiordan,479,47,Clavinet _ 1
0.7812503125000001,0.3865133125,47,88,ZOMBIE                          Words and music by Dolores ORiordan,479,47,Clavinet _ 1
0.7894740000000002,0.37828962499999985,64,85,ZOMBIE                          Words and music by Dolores ORiordan,480,46,Clavinet _ 1
0.7812503125000001,0.3865133125,59,86,ZOMBIE                          Words and music by Dolores ORiordan,479,47,Clavinet _ 1
0.7812503125000001,0.3947370000000001,55,87,ZOMBIE                          Words and music by Dolores ORiordan,479,48,Clavinet _ 1
0.7812503125000001,0.3947370000000001,67,95,ZOMBIE                          Words and music by Dolores ORiordan,479,48,Electric Guitar (muted) _ 1
1.1759873125000002,0.008223687500000132,59,95,ZOMBIE                          Words and music by Dolores ORiordan,527,1,Electric Guitar (muted) _ 1
1.1759873125000002,0.008223687500000132,64,93,ZOMBIE                          Words and music by Dolores ORiordan,527,1,Electric Guitar (muted) _ 1
1.1924346874999996,0.1726974375000001,64,85,ZOMBIE                          Words and music by Dolores ORiordan,529,21,Clavinet _ 1
1.1924346874999996,0.1726974375000001,59,87,ZOMBIE                          Words and music by Dolores ORiordan,529,21,Clavinet _ 1
1.1759873125000002,0.20559218749999975,47,87,ZOMBIE                          Words and music by Dolores ORiordan,527,25,Clavinet _ 1
0.0,1.3815795,40,93,ZOMBIE                          Words and music by Dolores ORiordan,384,168,Clavinet _ 1
1.3733558124999998,0.008223687500000132,59,87,ZOMBIE                          Words and music by Dolores ORiordan,551,1,Clavinet _ 1
1.1759873125000002,0.20559218749999975,52,85,ZOMBIE                          Words and music by Dolores ORiordan,527,25,Clavinet _ 1
1.3733558124999998,0.3865133125,64,87,ZOMBIE                          Words and music by Dolores ORiordan,551,47,Clavinet _ 1
1.1842110000000003,0.5756581249999995,55,88,ZOMBIE                          Words and music by Dolores ORiordan,528,70,Clavinet _ 1
1.3898031875,0.3700659374999997,59,102,ZOMBIE                          Words and music by Dolores ORiordan,553,45,Electric Guitar (muted) _ 1
1.1842110000000003,0.5756581249999995,67,96,ZOMBIE                          Words and music by Dolores ORiordan,528,70,Electric Guitar (muted) _ 1
1.3898031875,0.37828962499999985,52,92,ZOMBIE                          Words and music by Dolores ORiordan,553,46,Electric Guitar (muted) _ 1
1.7680928125,0.18914481250000037,55,85,ZOMBIE                          Words and music by Dolores ORiordan,599,23,Clavinet _ 1
1.7680928125,0.18914481250000037,59,86,ZOMBIE                          Words and music by Dolores ORiordan,599,23,Clavinet _ 1
1.7680928125,0.18914481250000037,64,64,ZOMBIE                          Words and music by Dolores ORiordan,599,23,Electric Guitar (clean) _ 1
1.7680928125,0.18914481250000037,67,93,ZOMBIE                          Words and music by Dolores ORiordan,599,23,Electric Guitar (muted) _ 1
1.9654613125000004,0.3865133125,59,87,ZOMBIE                          Words and music by Dolores ORiordan,623,47,Clavinet _ 1
1.9654613125000004,0.3865133125,64,86,ZOMBIE                          Words and music by Dolores ORiordan,623,47,Clavinet _ 1
2.3601983124999997,0.18092112500000024,64,85,ZOMBIE                          Words and music by Dolores ORiordan,671,22,Clavinet _ 1
1.7763165,0.773026625,52,84,ZOMBIE                          Words and music by Dolores ORiordan,600,94,Clavinet _ 1
1.9654613125000004,0.5838818124999996,55,87,ZOMBIE                          Words and music by Dolores ORiordan,623,71,Clavinet _ 1
2.3601983124999997,0.18914481250000037,59,85,ZOMBIE                          Words and music by Dolores ORiordan,671,23,Clavinet _ 1
1.9654613125000004,0.5838818124999996,67,95,ZOMBIE                          Words and music by Dolores ORiordan,623,71,Electric Guitar (muted) _ 1
1.3898031875,1.1759873125000002,47,94,ZOMBIE                          Words and music by Dolores ORiordan,553,143,Clavinet _ 1
2.5575668125,0.008223687500000132,59,87,ZOMBIE                          Words and music by Dolores ORiordan,695,1,Clavinet _ 1
2.5740141875000004,0.1480263749999997,47,88,ZOMBIE                          Words and music by Dolores ORiordan,697,18,Clavinet _ 1
2.5575668125,0.16447374999999997,52,85,ZOMBIE                          Words and music by Dolores ORiordan,695,20,Clavinet _ 1
2.5740141875000004,0.1480263749999997,59,96,ZOMBIE                          Words and music by Dolores ORiordan,697,18,Electric Guitar (muted) _ 1
2.5575668125,0.16447374999999997,64,86,ZOMBIE                          Words and music by Dolores ORiordan,695,20,Clavinet _ 1
2.5575668125,0.1726974375000001,55,86,ZOMBIE                          Words and music by Dolores ORiordan,695,21,Clavinet _ 1
2.5575668125,0.1726974375000001,67,94,ZOMBIE                          Words and music by Dolores ORiordan,695,21,Electric Guitar (muted) _ 1
2.7549353125,0.1726974375000001,59,87,ZOMBIE                          Words and music by Dolores ORiordan,719,21,Clavinet _ 1
2.7549353125,0.27960537500000004,47,92,ZOMBIE                          Words and music by Dolores ORiordan,719,34,Clavinet _ 1
2.7549353125,0.3453948750000002,50,94,ZOMBIE                          Words and music by Dolores ORiordan,719,42,Clavinet _ 1
2.7549353125,0.3453948750000002,62,102,ZOMBIE                          Words and music by Dolores ORiordan,719,42,Electric Guitar (muted) _ 1
1.3898031875,1.7351980625000003,40,84,ZOMBIE                          Words and music by Dolores ORiordan,553,211,Clavinet _ 1
2.7549353125,0.3865133125,55,88,ZOMBIE                          Words and music by Dolores ORiordan,719,47,Clavinet _ 1
2.7549353125,0.3865133125,67,96,ZOMBIE                          Words and music by Dolores ORiordan,719,47,Electric Guitar (muted) _ 1
2.7549353125,0.3947370000000001,64,86,ZOMBIE                          Words and music by Dolores ORiordan,719,48,Clavinet _ 1
3.1661196875,0.3700659374999997,64,84,ZOMBIE                          Words and music by Dolores ORiordan,769,45,Clavinet _ 1
3.1332249374999996,0.40296068750000025,48,93,ZOMBIE                          Words and music by Dolores ORiordan,765,49,Clavinet _ 1
3.1414486249999998,0.3947370000000001,52,87,ZOMBIE                          Words and music by Dolores ORiordan,766,48,Clavinet _ 1
3.1496723125,0.3865133125,55,86,ZOMBIE                          Words and music by Dolores ORiordan,767,47,Clavinet _ 1
3.1496723125,0.3865133125,67,94,ZOMBIE                          Words and music by Dolores ORiordan,767,47,Electric Guitar (muted) _ 1
3.1332249374999996,0.40296068750000025,60,101,ZOMBIE                          Words and music by Dolores ORiordan,765,49,Electric Guitar (muted) _ 1
3.5444093125,0.3865133125,59,87,ZOMBIE                          Words and music by Dolores ORiordan,815,47,Clavinet _ 1
3.5444093125,0.3865133125,64,86,ZOMBIE                          Words and music by Dolores ORiordan,815,47,Clavinet _ 1
3.5444093125,0.3865133125,52,86,ZOMBIE                          Words and music by Dolores ORiordan,815,47,Clavinet _ 1
3.5444093125,0.3865133125,48,91,ZOMBIE                          Words and music by Dolores ORiordan,815,47,Clavinet _ 1
3.5444093125,0.3865133125,55,87,ZOMBIE                          Words and music by Dolores ORiordan,815,47,Clavinet _ 1
3.5444093125,0.3865133125,67,95,ZOMBIE                          Words and music by Dolores ORiordan,815,47,Electric Guitar (muted) _ 1
3.5444093125,0.3865133125,60,99,ZOMBIE                          Words and music by Dolores ORiordan,815,47,Electric Guitar (muted) _ 1
3.9391463125,0.3865133125,55,88,ZOMBIE                          Words and music by Dolores ORiordan,863,47,Clavinet _ 1
3.9391463125,0.3865133125,52,86,ZOMBIE                          Words and music by Dolores ORiordan,863,47,Clavinet _ 1
3.9391463125,0.3865133125,59,87,ZOMBIE                          Words and music by Dolores ORiordan,863,47,Clavinet _ 1
3.9391463125,0.3865133125,64,85,ZOMBIE                          Words and music by Dolores ORiordan,863,47,Clavinet _ 1
3.9391463125,0.3865133125,67,96,ZOMBIE                          Words and music by Dolores ORiordan,863,47,Electric Guitar (muted) _ 1
4.3338833125,0.16447374999999997,64,86,ZOMBIE                          Words and music by Dolores ORiordan,911,20,Clavinet _ 1
4.3338833125,0.18092112500000024,59,86,ZOMBIE                          Words and music by Dolores ORiordan,911,22,Clavinet _ 1
4.3338833125,0.18914481249999948,55,87,ZOMBIE                          Words and music by Dolores ORiordan,911,23,Clavinet _ 1
4.3338833125,0.18914481249999948,52,82,ZOMBIE                          Words and music by Dolores ORiordan,911,23,Clavinet _ 1
4.3338833125,0.18914481249999948,67,95,ZOMBIE                          Words and music by Dolores ORiordan,911,23,Electric Guitar (muted) _ 1
3.9391463125,0.6003291874999999,48,90,ZOMBIE                          Words and music by Dolores ORiordan,863,73,Clavinet _ 1
3.9391463125,0.6003291874999999,60,98,ZOMBIE                          Words and music by Dolores ORiordan,863,73,Electric Guitar (muted) _ 1
4.5312518125,0.3700659374999997,59,87,ZOMBIE                          Words and music by Dolores ORiordan,935,45,Clavinet _ 1
4.5312518125,0.3865133125,52,84,ZOMBIE                          Words and music by Dolores ORiordan,935,47,Clavinet _ 1
4.5312518125,0.3865133125,55,86,ZOMBIE                          Words and music by Dolores ORiordan,935,47,Clavinet _ 1
4.5312518125,0.3865133125,64,86,ZOMBIE                          Words and music by Dolores ORiordan,935,47,Clavinet _ 1
4.5476991875,0.5016449375,48,89,ZOMBIE                          Words and music by Dolores ORiordan,937,61,Clavinet _ 1
4.5476991875,0.5016449375,60,97,ZOMBIE                          Words and music by Dolores ORiordan,937,61,Electric Guitar (muted) _ 1
4.925988812500001,0.1891448124999986,59,86,ZOMBIE                          Words and music by Dolores ORiordan,983,23,Clavinet _ 1
4.925988812500001,0.1891448124999986,55,85,ZOMBIE                          Words and music by Dolores ORiordan,983,23,Clavinet _ 1
4.925988812500001,0.1891448124999986,64,86,ZOMBIE                          Words and music by Dolores ORiordan,983,23,Clavinet _ 1
4.9342125,0.18092112499999935,52,84,ZOMBIE                          Words and music by Dolores ORiordan,984,22,Clavinet _ 1
4.5312518125,0.5838818124999996,67,94,ZOMBIE                          Words and music by Dolores ORiordan,935,71,Electric Guitar (muted) _ 1
5.1233573125000005,0.35361856249999946,48,95,ZOMBIE                          Words and music by Dolores ORiordan,1007,43,Clavinet _ 1
5.1233573125000005,0.35361856249999946,60,103,ZOMBIE                          Words and music by Dolores ORiordan,1007,43,Electric Guitar (muted) _ 1
5.1233573125000005,0.3865133125,64,86,ZOMBIE                          Words and music by Dolores ORiordan,1007,47,Clavinet _ 1
5.1233573125000005,0.3865133125,59,87,ZOMBIE                          Words and music by Dolores ORiordan,1007,47,Clavinet _ 1
5.5180943125,0.18092112500000113,64,85,ZOMBIE                          Words and music by Dolores ORiordan,1055,22,Clavinet _ 1
5.1233573125000005,0.5838818124999996,55,87,ZOMBIE                          Words and music by Dolores ORiordan,1007,71,Clavinet _ 1
5.1233573125000005,0.5838818124999996,52,86,ZOMBIE                          Words and music by Dolores ORiordan,1007,71,Clavinet _ 1
5.5180943125,0.18914481250000037,59,85,ZOMBIE                          Words and music by Dolores ORiordan,1055,23,Clavinet _ 1
5.1233573125000005,0.5838818124999996,67,95,ZOMBIE                          Words and music by Dolores ORiordan,1007,71,Electric Guitar (muted) _ 1
5.5098706250000005,0.2631579999999989,48,90,ZOMBIE                          Words and music by Dolores ORiordan,1054,32,Clavinet _ 1
5.5098706250000005,0.2631579999999989,60,98,ZOMBIE                          Words and music by Dolores ORiordan,1054,32,Electric Guitar (muted) _ 1
5.715462812499999,0.18914481250000037,55,87,ZOMBIE                          Words and music by Dolores ORiordan,1079,23,Clavinet _ 1
5.715462812499999,0.18914481250000037,64,87,ZOMBIE                          Words and music by Dolores ORiordan,1079,23,Clavinet _ 1
5.715462812499999,0.18914481250000037,59,87,ZOMBIE                          Words and music by Dolores ORiordan,1079,23,Clavinet _ 1
5.715462812499999,0.18914481250000037,52,86,ZOMBIE                          Words and music by Dolores ORiordan,1079,23,Clavinet _ 1
5.715462812499999,0.18914481250000037,67,95,ZOMBIE                          Words and music by Dolores ORiordan,1079,23,Electric Guitar (muted) _ 1
5.912831312500001,0.3453948750000002,50,92,ZOMBIE                          Words and music by Dolores ORiordan,1103,42,Clavinet _ 1
5.912831312500001,0.3453948750000002,62,100,ZOMBIE                          Words and music by Dolores ORiordan,1103,42,Electric Guitar (muted) _ 1
5.912831312500001,0.3865133125,55,88,ZOMBIE                          Words and music by Dolores ORiordan,1103,47,Clavinet _ 1
5.912831312500001,0.3865133125,67,96,ZOMBIE                          Words and music by Dolores ORiordan,1103,47,Electric Guitar (muted) _ 1
5.912831312500001,0.40296068749999847,64,87,ZOMBIE                          Words and music by Dolores ORiordan,1103,49,Clavinet _ 1
5.912831312500001,0.40296068749999847,59,87,ZOMBIE                          Words and music by Dolores ORiordan,1103,49,Clavinet _ 1
6.299344625000001,0.3947369999999992,43,93,ZOMBIE                          Words and music by Dolores ORiordan,1150,48,Clavinet _ 1
6.299344625000001,0.3947369999999992,55,101,ZOMBIE                          Words and music by Dolores ORiordan,1150,48,Electric Guitar (muted) _ 1
6.3075683125,0.40296068750000025,50,87,ZOMBIE                          Words and music by Dolores ORiordan,1151,49,Clavinet _ 1
6.3240156875,0.3865133125,59,86,ZOMBIE                          Words and music by Dolores ORiordan,1153,47,Clavinet _ 1
6.702305312500001,0.008223687499999244,55,92,ZOMBIE                          Words and music by Dolores ORiordan,1199,1,Electric Guitar (muted) _ 1
6.3240156875,0.3865133125,64,85,ZOMBIE                          Words and music by Dolores ORiordan,1153,47,Clavinet _ 1
6.3075683125,0.40296068750000025,67,95,ZOMBIE                          Words and music by Dolores ORiordan,1151,49,Electric Guitar (muted) _ 1
6.3075683125,0.40296068750000025,62,95,ZOMBIE                          Words and music by Dolores ORiordan,1151,49,Electric Guitar (muted) _ 1
6.702305312500001,0.3865133125,43,84,ZOMBIE                          Words and music by Dolores ORiordan,1199,47,Clavinet _ 1
6.718752687499999,0.3700659375000015,55,87,ZOMBIE                          Words and music by Dolores ORiordan,1201,45,Clavinet _ 1
6.718752687499999,0.3865133125,50,88,ZOMBIE                          Words and music by Dolores ORiordan,1201,47,Clavinet _ 1
6.718752687499999,0.3865133125,59,86,ZOMBIE                          Words and music by Dolores ORiordan,1201,47,Clavinet _ 1
7.0970423125,0.008223687499999244,55,97,ZOMBIE                          Words and music by Dolores ORiordan,1247,1,Electric Guitar (muted) _ 1
6.718752687499999,0.3865133125,64,83,ZOMBIE                          Words and music by Dolores ORiordan,1201,47,Clavinet _ 1
6.718752687499999,0.3865133125,67,95,ZOMBIE                          Words and music by Dolores ORiordan,1201,47,Electric Guitar (muted) _ 1
6.718752687499999,0.3865133125,62,96,ZOMBIE                          Words and music by Dolores ORiordan,1201,47,Electric Guitar (muted) _ 1
7.1134896875,0.3865133125,64,85,ZOMBIE                          Words and music by Dolores ORiordan,1249,47,Clavinet _ 1
7.1134896875,0.3865133125,59,87,ZOMBIE                          Words and music by Dolores ORiordan,1249,47,Clavinet _ 1
7.5082266875,0.1480263750000006,64,83,ZOMBIE                          Words and music by Dolores ORiordan,1297,18,Clavinet _ 1
7.5082266875,0.1726974375000001,59,86,ZOMBIE                          Words and music by Dolores ORiordan,1297,21,Clavinet _ 1
7.1134896875,0.937500374999999,55,87,ZOMBIE                          Words and music by Dolores ORiordan,1249,114,Clavinet _ 1
7.6973715,0.3865133125,64,90,ZOMBIE                          Words and music by Dolores ORiordan,1320,47,Clavinet _ 1
6.299344625000001,1.7927638749999986,47,88,ZOMBIE                          Words and music by Dolores ORiordan,1150,218,Clavinet _ 1
7.1134896875,0.9786188124999988,50,89,ZOMBIE                          Words and music by Dolores ORiordan,1249,119,Clavinet _ 1
7.705595187499999,0.3865133125,59,90,ZOMBIE                          Words and music by Dolores ORiordan,1321,47,Clavinet _ 1
7.1134896875,0.9786188124999988,67,95,ZOMBIE                          Words and music by Dolores ORiordan,1249,119,Electric Guitar (muted) _ 1
7.1134896875,0.9786188124999988,62,97,ZOMBIE                          Words and music by Dolores ORiordan,1249,119,Electric Guitar (muted) _ 1
8.100332187500001,0.1480263750000006,47,86,ZOMBIE                          Words and music by Dolores ORiordan,1369,18,Clavinet _ 1
8.100332187500001,0.1480263750000006,59,87,ZOMBIE                          Words and music by Dolores ORiordan,1369,18,Clavinet _ 1
8.100332187500001,0.1726974375000001,50,81,ZOMBIE                          Words and music by Dolores ORiordan,1369,21,Clavinet _ 1
8.100332187500001,0.1726974375000001,62,96,ZOMBIE                          Words and music by Dolores ORiordan,1369,21,Electric Guitar (muted) _ 1
8.281253312499999,0.00822368750000102,59,100,ZOMBIE                          Words and music by Dolores ORiordan,1391,1,Electric Guitar (muted) _ 1
8.289477000000002,0.3947369999999992,50,90,ZOMBIE                          Words and music by Dolores ORiordan,1392,48,Clavinet _ 1
8.289477000000002,0.3947369999999992,62,98,ZOMBIE                          Words and music by Dolores ORiordan,1392,48,Electric Guitar (muted) _ 1
8.0838848125,0.773026625,55,85,ZOMBIE                          Words and music by Dolores ORiordan,1367,94,Clavinet _ 1
8.092108499999998,0.781250312500001,64,87,ZOMBIE                          Words and music by Dolores ORiordan,1368,95,Clavinet _ 1
8.2977006875,0.5838818124999996,59,86,ZOMBIE                          Words and music by Dolores ORiordan,1393,71,Clavinet _ 1
8.6924376875,0.1891448124999986,50,85,ZOMBIE                          Words and music by Dolores ORiordan,1441,23,Clavinet _ 1
8.6924376875,0.1891448124999986,62,93,ZOMBIE                          Words and music by Dolores ORiordan,1441,23,Electric Guitar (muted) _ 1
8.100332187500001,0.7812503124999992,67,95,ZOMBIE                          Words and music by Dolores ORiordan,1369,95,Electric Guitar (muted) _ 1
7.0970423125,1.9736849999999997,43,89,ZOMBIE                          Words and music by Dolores ORiordan,1247,240,Clavinet _ 1
8.8898061875,0.18092112499999935,55,87,ZOMBIE                          Words and music by Dolores ORiordan,1465,22,Clavinet _ 1
8.281253312499999,0.7976976875000013,47,92,ZOMBIE                          Words and music by Dolores ORiordan,1391,97,Clavinet _ 1
8.8898061875,0.18914481250000037,59,87,ZOMBIE                          Words and music by Dolores ORiordan,1465,23,Clavinet _ 1
8.8898061875,0.18914481250000037,67,95,ZOMBIE                          Words and music by Dolores ORiordan,1465,23,Electric Guitar (muted) _ 1
9.0871746875,0.16447375000000086,47,86,ZOMBIE                          Words and music by Dolores ORiordan,1489,20,Clavinet _ 1
9.0871746875,0.16447375000000086,59,94,ZOMBIE                          Words and music by Dolores ORiordan,1489,20,Electric Guitar (muted) _ 1
9.078951,0.1973684999999996,43,87,ZOMBIE                          Words and music by Dolores ORiordan,1488,24,Clavinet _ 1
9.078951,0.1973684999999996,55,95,ZOMBIE                          Words and music by Dolores ORiordan,1488,24,Electric Guitar (muted) _ 1
8.8815825,0.5921055000000006,64,87,ZOMBIE                          Words and music by Dolores ORiordan,1464,72,Clavinet _ 1
8.8898061875,0.5838818124999996,50,88,ZOMBIE                          Words and music by Dolores ORiordan,1465,71,Clavinet _ 1
8.8898061875,0.5838818124999996,62,96,ZOMBIE                          Words and music by Dolores ORiordan,1465,71,Electric Guitar (muted) _ 1
9.0871746875,0.3865133125,67,95,ZOMBIE                          Words and music by Dolores ORiordan,1489,47,Electric Guitar (muted) _ 1
9.490135375000001,0.3618422500000005,45,85,ZOMBIE                          Words and music by Dolores ORiordan,1538,44,Clavinet _ 1
9.481911687499998,0.3700659375000015,55,87,ZOMBIE                          Words and music by Dolores ORiordan,1537,45,Clavinet _ 1
9.481911687499998,0.3700659375000015,50,84,ZOMBIE                          Words and music by Dolores ORiordan,1537,45,Clavinet _ 1
9.490135375000001,0.3618422500000005,57,95,ZOMBIE                          Words and music by Dolores ORiordan,1538,44,Electric Guitar (muted) _ 1
9.481911687499998,0.3700659375000015,62,98,ZOMBIE                          Words and music by Dolores ORiordan,1537,45,Electric Guitar (muted) _ 1
9.481911687499998,0.3700659375000015,67,95,ZOMBIE                          Words and music by Dolores ORiordan,1537,45,Electric Guitar (muted) _ 1
9.473688,0.3865133125,59,87,ZOMBIE                          Words and music by Dolores ORiordan,1536,47,Clavinet _ 1
9.481911687499998,0.3865133125,64,87,ZOMBIE                          Words and music by Dolores ORiordan,1537,47,Clavinet _ 1
9.876648687500001,0.3700659374999997,64,85,ZOMBIE                          Words and music by Dolores ORiordan,1585,45,Clavinet _ 1
9.8602013125,0.3865133125,45,81,ZOMBIE                          Words and music by Dolores ORiordan,1583,47,Clavinet _ 1
9.8602013125,0.3865133125,50,88,ZOMBIE                          Words and music by Dolores ORiordan,1583,47,Clavinet _ 1
9.4654643125,0.7812503124999992,42,93,ZOMBIE                          Words and music by Dolores ORiordan,1535,95,Clavinet _ 1
9.8602013125,0.3865133125,55,87,ZOMBIE                          Words and music by Dolores ORiordan,1583,47,Clavinet _ 1
9.8602013125,0.3865133125,62,96,ZOMBIE                          Words and music by Dolores ORiordan,1583,47,Electric Guitar (muted) _ 1
9.4654643125,0.7812503124999992,54,101,ZOMBIE                          Words and music by Dolores ORiordan,1535,95,Electric Guitar (muted) _ 1
9.8602013125,0.3865133125,57,89,ZOMBIE                          Words and music by Dolores ORiordan,1583,47,Electric Guitar (muted) _ 1
9.8602013125,0.3865133125,67,95,ZOMBIE                          Words and music by Dolores ORiordan,1583,47,Electric Guitar (muted) _ 1
9.868424999999998,0.3865133125,59,87,ZOMBIE                          Words and music by Dolores ORiordan,1584,47,Clavinet _ 1
10.263162000000001,0.37828962499999896,59,87,ZOMBIE                          Words and music by Dolores ORiordan,1632,46,Clavinet _ 1
10.254938312499998,0.3865133125,64,87,ZOMBIE                          Words and music by Dolores ORiordan,1631,47,Clavinet _ 1
10.254938312499998,0.3865133125,55,87,ZOMBIE                          Words and music by Dolores ORiordan,1631,47,Clavinet _ 1
10.254938312499998,0.3865133125,67,95,ZOMBIE                          Words and music by Dolores ORiordan,1631,47,Electric Guitar (muted) _ 1
10.649675312500001,0.18914481250000037,59,87,ZOMBIE                          Words and music by Dolores ORiordan,1679,23,Clavinet _ 1
10.649675312500001,0.18914481250000037,64,86,ZOMBIE                          Words and music by Dolores ORiordan,1679,23,Clavinet _ 1
10.649675312500001,0.18914481250000037,55,87,ZOMBIE                          Words and music by Dolores ORiordan,1679,23,Clavinet _ 1
10.649675312500001,0.18914481250000037,67,95,ZOMBIE                          Words and music by Dolores ORiordan,1679,23,Electric Guitar (muted) _ 1
10.254938312499998,0.5921055000000006,50,90,ZOMBIE                          Words and music by Dolores ORiordan,1631,72,Clavinet _ 1
10.254938312499998,0.5921055000000006,62,98,ZOMBIE                          Words and music by Dolores ORiordan,1631,72,Electric Guitar (muted) _ 1
11.060859687499999,0.00822368750000102,46,106,ZOMBIE                          Words and music by Dolores ORiordan,1729,1,Drum Kit _ 1
10.8470438125,0.3865133125,55,88,ZOMBIE                          Words and music by Dolores ORiordan,1703,47,Clavinet _ 1
10.8470438125,0.3865133125,59,87,ZOMBIE                          Words and music by Dolores ORiordan,1703,47,Clavinet _ 1
10.8470438125,0.3865133125,64,87,ZOMBIE                          Words and music by Dolores ORiordan,1703,47,Clavinet _ 1
10.8470438125,0.3865133125,67,96,ZOMBIE                          Words and music by Dolores ORiordan,1703,47,Electric Guitar (muted) _ 1
11.2417808125,0.17269743749999833,55,86,ZOMBIE                          Words and music by Dolores ORiordan,1751,21,Clavinet _ 1
11.2417808125,0.17269743749999833,67,94,ZOMBIE                          Words and music by Dolores ORiordan,1751,21,Electric Guitar (muted) _ 1
11.2417808125,0.18092112499999935,59,86,ZOMBIE                          Words and music by Dolores ORiordan,1751,22,Clavinet _ 1
10.254938312499998,1.1759873125000002,42,88,ZOMBIE                          Words and music by Dolores ORiordan,1631,143,Clavinet _ 1
10.254938312499998,1.1759873125000002,45,91,ZOMBIE                          Words and music by Dolores ORiordan,1631,143,Clavinet _ 1
10.8552675,0.5756581249999986,50,89,ZOMBIE                          Words and music by Dolores ORiordan,1704,70,Clavinet _ 1
11.2417808125,0.1891448124999986,64,86,ZOMBIE                          Words and music by Dolores ORiordan,1751,23,Clavinet _ 1
10.8552675,0.5756581249999986,62,97,ZOMBIE                          Words and music by Dolores ORiordan,1704,70,Electric Guitar (muted) _ 1
10.254938312499998,1.1759873125000002,57,99,ZOMBIE                          Words and music by Dolores ORiordan,1631,143,Electric Guitar (muted) _ 1
10.254938312499998,1.1759873125000002,54,96,ZOMBIE                          Words and music by Dolores ORiordan,1631,143,Electric Guitar (muted) _ 1
11.447372999999999,0.00822368750000102,40,125,ZOMBIE                          Words and music by Dolores ORiordan,1776,1,Drum Kit _ 1
11.821082354166666,0.015822791666666447,40,127,ZOMBIE                          Words and music by Dolores ORiordan,1823,2,Electric Bass (finger) _ 1
11.4391493125,0.5638951458333334,64,87,ZOMBIE                          Words and music by Dolores ORiordan,1775,71,Clavinet _ 1
11.4391493125,0.5718065416666676,59,88,ZOMBIE                          Words and music by Dolores ORiordan,1775,72,Clavinet _ 1
12.010955854166667,0.007911395833332335,40,117,ZOMBIE                          Words and music by Dolores ORiordan,1847,1,Drum Kit _ 1
11.4391493125,0.5797179374999999,50,90,ZOMBIE                          Words and music by Dolores ORiordan,1775,73,Clavinet _ 1
11.4391493125,0.5797179374999999,45,87,ZOMBIE                          Words and music by Dolores ORiordan,1775,73,Clavinet _ 1
11.4391493125,0.5797179374999999,55,87,ZOMBIE                          Words and music by Dolores ORiordan,1775,73,Clavinet _ 1
11.4391493125,0.5797179374999999,67,95,ZOMBIE                          Words and music by Dolores ORiordan,1775,73,Electric Guitar (muted) _ 1
11.4391493125,0.5797179374999999,62,98,ZOMBIE                          Words and music by Dolores ORiordan,1775,73,Electric Guitar (muted) _ 1
11.4391493125,0.5797179374999999,57,101,ZOMBIE                          Words and music by Dolores ORiordan,1775,73,Electric Guitar (muted) _ 1
11.4391493125,0.587629333333334,42,81,ZOMBIE                          Words and music by Dolores ORiordan,1775,74,Clavinet _ 1
11.4391493125,0.587629333333334,54,89,ZOMBIE                          Words and music by Dolores ORiordan,1775,74,Electric Guitar (muted) _ 1
12.034690041666668,0.12658233333333335,42,82,ZOMBIE                          Words and music by Dolores ORiordan,1850,16,Clavinet _ 1
12.034690041666668,0.12658233333333335,54,90,ZOMBIE                          Words and music by Dolores ORiordan,1850,16,Electric Guitar (muted) _ 1
12.026778645833335,0.15031652083333213,45,88,ZOMBIE                          Words and music by Dolores ORiordan,1849,19,Clavinet _ 1
12.026778645833335,0.15031652083333213,57,96,ZOMBIE                          Words and music by Dolores ORiordan,1849,19,Electric Guitar (muted) _ 1
12.026778645833335,0.16613931249999858,55,85,ZOMBIE                          Words and music by Dolores ORiordan,1849,21,Clavinet _ 1
12.026778645833335,0.16613931249999858,67,93,ZOMBIE                          Words and music by Dolores ORiordan,1849,21,Electric Guitar (muted) _ 1
12.200829354166668,0.007911395833334112,40,126,ZOMBIE                          Words and music by Dolores ORiordan,1871,1,Drum Kit _ 1
12.200829354166668,0.11867093749999924,42,92,ZOMBIE                          Words and music by Dolores ORiordan,1871,15,Clavinet _ 1
12.200829354166668,0.11867093749999924,54,100,ZOMBIE                          Words and music by Dolores ORiordan,1871,15,Electric Guitar (muted) _ 1
12.390702854166666,0.007911395833334112,40,127,ZOMBIE                          Words and music by Dolores ORiordan,1895,1,Drum Kit _ 1
12.200829354166668,0.2136076874999997,45,94,ZOMBIE                          Words and music by Dolores ORiordan,1871,27,Clavinet _ 1
12.200829354166668,0.2136076874999997,57,102,ZOMBIE                          Words and music by Dolores ORiordan,1871,27,Electric Guitar (muted) _ 1
12.026778645833335,0.3955697916666665,50,87,ZOMBIE                          Words and music by Dolores ORiordan,1849,50,Clavinet _ 1
12.026778645833335,0.3955697916666665,62,95,ZOMBIE                          Words and music by Dolores ORiordan,1849,50,Electric Guitar (muted) _ 1
12.446082624999999,0.03164558333333467,40,91,ZOMBIE                          Words and music by Dolores ORiordan,1902,4,Clavinet _ 1
12.20874075,0.30063304166666605,55,87,ZOMBIE                          Words and music by Dolores ORiordan,1872,38,Clavinet _ 1
12.20874075,0.30063304166666605,67,95,ZOMBIE                          Words and music by Dolores ORiordan,1872,38,Electric Guitar (muted) _ 1
12.01886725,0.5221521249999999,59,87,ZOMBIE                          Words and music by Dolores ORiordan,1848,66,Clavinet _ 1
12.010955854166667,0.5696204999999992,64,86,ZOMBIE                          Words and music by Dolores ORiordan,1847,72,Clavinet _ 1
12.580576354166666,0.007911395833332335,36,116,ZOMBIE                          Words and music by Dolores ORiordan,1919,1,Drum Kit _ 1
12.580576354166666,0.007911395833332335,49,103,ZOMBIE                          Words and music by Dolores ORiordan,1919,1,Drum Kit _ 1
12.588487749999999,0.2610760625000026,28,109,ZOMBIE                          Words and music by Dolores ORiordan,1920,33,Electric Bass (finger) _ 1
12.588487749999999,0.3639242083333336,64,88,ZOMBIE                          Words and music by Dolores ORiordan,1920,46,Clavinet _ 1
12.572664958333334,0.37974700000000006,59,88,ZOMBIE                          Words and music by Dolores ORiordan,1918,48,Clavinet _ 1
12.548930770833334,0.40348118749999884,52,87,ZOMBIE                          Words and music by Dolores ORiordan,1915,51,Clavinet _ 1
12.564753562500002,0.3876583958333324,55,88,ZOMBIE                          Words and music by Dolores ORiordan,1917,49,Clavinet _ 1
12.422348437500002,0.5300635208333322,47,85,ZOMBIE                          Words and music by Dolores ORiordan,1899,67,Clavinet _ 1
12.960323354166665,0.007911395833335888,36,115,ZOMBIE                          Words and music by Dolores ORiordan,1967,1,Drum Kit _ 1
12.960323354166665,0.007911395833335888,46,73,ZOMBIE                          Words and music by Dolores ORiordan,1967,1,Drum Kit _ 1
12.960323354166665,0.015822791666668223,47,127,ZOMBIE                          Words and music by Dolores ORiordan,1967,2,Distortion Guitar _ 1
12.96823475,0.007911395833332335,52,119,ZOMBIE                          Words and music by Dolores ORiordan,1968,1,Distortion Guitar _ 1
12.960323354166665,0.2294304791666697,28,99,ZOMBIE                          Words and music by Dolores ORiordan,1967,29,Electric Bass (finger) _ 1
12.984057541666665,0.27689885416666726,47,127,ZOMBIE                          Words and music by Dolores ORiordan,1970,35,Distortion Guitar _ 1
12.960323354166665,0.3718356041666695,55,87,ZOMBIE                          Words and music by Dolores ORiordan,1967,47,Clavinet _ 1
12.984057541666665,0.34810141666666894,52,112,ZOMBIE                          Words and music by Dolores ORiordan,1970,44,Distortion Guitar _ 1
12.960323354166665,0.37974700000000183,64,84,ZOMBIE                          Words and music by Dolores ORiordan,1967,48,Clavinet _ 1
12.960323354166665,0.37974700000000183,59,86,ZOMBIE                          Words and music by Dolores ORiordan,1967,48,Clavinet _ 1
13.340070354166667,0.007911395833332335,46,96,ZOMBIE                          Words and music by Dolores ORiordan,2015,1,Drum Kit _ 1
13.340070354166667,0.007911395833332335,52,117,ZOMBIE                          Words and music by Dolores ORiordan,2015,1,Distortion Guitar _ 1
12.588487749999999,0.7594940000000001,40,127,ZOMBIE                          Words and music by Dolores ORiordan,1920,96,Distortion Guitar _ 1
13.355893145833335,0.22151908333333026,28,110,ZOMBIE                          Words and music by Dolores ORiordan,2017,28,Electric Bass (finger) _ 1
13.347981749999999,0.37183560416666595,59,65,ZOMBIE                          Words and music by Dolores ORiordan,2016,47,Electric Guitar (clean) _ 1
13.719817354166665,0.007911395833335888,36,109,ZOMBIE                          Words and music by Dolores ORiordan,2063,1,Drum Kit _ 1
13.719817354166665,0.007911395833335888,46,68,ZOMBIE                          Words and music by Dolores ORiordan,2063,1,Drum Kit _ 1
13.347981749999999,0.37974700000000183,64,65,ZOMBIE                          Words and music by Dolores ORiordan,2016,48,Electric Guitar (clean) _ 1
13.355893145833335,0.37183560416666595,52,127,ZOMBIE                          Words and music by Dolores ORiordan,2017,47,Distortion Guitar _ 1
13.735640145833333,0.16613931250000036,64,65,ZOMBIE                          Words and music by Dolores ORiordan,2065,21,Electric Guitar (clean) _ 1
13.72772875,0.1740507083333327,59,65,ZOMBIE                          Words and music by Dolores ORiordan,2064,22,Electric Guitar (clean) _ 1
13.719817354166665,0.20569629166666914,28,91,ZOMBIE                          Words and music by Dolores ORiordan,2063,26,Electric Bass (finger) _ 1
13.735640145833333,0.3634297291666648,52,119,ZOMBIE                          Words and music by Dolores ORiordan,2065,46,Distortion Guitar _ 1
13.347981749999999,0.751088124999999,47,127,ZOMBIE                          Words and music by Dolores ORiordan,2016,95,Distortion Guitar _ 1
14.099069874999998,0.0078125,36,114,ZOMBIE                          Words and music by Dolores ORiordan,2111,1,Drum Kit _ 1
14.099069874999998,0.0078125,46,90,ZOMBIE                          Words and music by Dolores ORiordan,2111,1,Drum Kit _ 1
13.909690854166666,0.36906652083333213,59,65,ZOMBIE                          Words and music by Dolores ORiordan,2087,47,Electric Guitar (clean) _ 1
13.909690854166666,0.36906652083333213,64,65,ZOMBIE                          Words and music by Dolores ORiordan,2087,47,Electric Guitar (clean) _ 1
14.099069874999998,0.234375,28,112,ZOMBIE                          Words and music by Dolores ORiordan,2111,30,Electric Bass (finger) _ 1
14.286569874999998,0.1796875,64,65,ZOMBIE                          Words and music by Dolores ORiordan,2135,23,Electric Guitar (clean) _ 1
14.106882374999998,0.359375,47,127,ZOMBIE                          Words and music by Dolores ORiordan,2112,46,Distortion Guitar _ 1
14.106882374999998,0.3671875,52,125,ZOMBIE                          Words and music by Dolores ORiordan,2112,47,Distortion Guitar _ 1
14.474069874999998,0.0078125,36,111,ZOMBIE                          Words and music by Dolores ORiordan,2159,1,Drum Kit _ 1
14.474069874999998,0.0078125,46,69,ZOMBIE                          Words and music by Dolores ORiordan,2159,1,Drum Kit _ 1
14.474069874999998,0.3671875,28,107,ZOMBIE                          Words and music by Dolores ORiordan,2159,47,Electric Bass (finger) _ 1
13.355893145833335,1.485364229166663,40,127,ZOMBIE                          Words and music by Dolores ORiordan,2017,189,Distortion Guitar _ 1
14.474069874999998,0.375,47,127,ZOMBIE                          Words and music by Dolores ORiordan,2159,48,Distortion Guitar _ 1
14.849069874999998,0.0078125,40,127,ZOMBIE                          Words and music by Dolores ORiordan,2207,1,Drum Kit _ 1
14.849069874999998,0.0078125,46,96,ZOMBIE                          Words and music by Dolores ORiordan,2207,1,Drum Kit _ 1
14.481882374999998,0.375,52,118,ZOMBIE                          Words and music by Dolores ORiordan,2160,48,Distortion Guitar _ 1
14.474069874999998,0.5546875,64,62,ZOMBIE                          Words and music by Dolores ORiordan,2159,71,Electric Guitar (clean) _ 1
14.286569874999998,0.7421875,59,64,ZOMBIE                          Words and music by Dolores ORiordan,2135,95,Electric Guitar (clean) _ 1
14.864694874999998,0.34375,43,127,ZOMBIE                          Words and music by Dolores ORiordan,2209,44,Distortion Guitar _ 1
14.849069874999998,0.3671875,31,103,ZOMBIE                          Words and music by Dolores ORiordan,2207,47,Electric Bass (finger) _ 1
15.036569874999998,0.1796875,64,65,ZOMBIE                          Words and music by Dolores ORiordan,2231,23,Electric Guitar (clean) _ 1
14.856882374999998,0.359375,47,127,ZOMBIE                          Words and music by Dolores ORiordan,2208,46,Distortion Guitar _ 1
14.864694874999998,0.359375,52,74,ZOMBIE                          Words and music by Dolores ORiordan,2209,46,Distortion Guitar _ 1
15.224069874999998,0.0078125,36,110,ZOMBIE                          Words and music by Dolores ORiordan,2255,1,Drum Kit _ 1
15.224069874999998,0.0078125,46,70,ZOMBIE                          Words and music by Dolores ORiordan,2255,1,Drum Kit _ 1
15.224069874999998,0.0078125,47,127,ZOMBIE                          Words and music by Dolores ORiordan,2255,1,Distortion Guitar _ 1
15.239694874999998,0.265625,47,127,ZOMBIE                          Words and music by Dolores ORiordan,2257,34,Distortion Guitar _ 1
15.231882374999998,0.28125,52,127,ZOMBIE                          Words and music by Dolores ORiordan,2256,36,Distortion Guitar _ 1
15.036569874999998,0.546875,59,66,ZOMBIE                          Words and music by Dolores ORiordan,2231,70,Electric Guitar (clean) _ 1
15.224069874999998,0.3671875,28,96,ZOMBIE                          Words and music by Dolores ORiordan,2255,47,Electric Bass (finger) _ 1
15.224069874999998,0.3671875,64,65,ZOMBIE                          Words and music by Dolores ORiordan,2255,47,Electric Guitar (clean) _ 1
15.231882374999998,0.359375,40,127,ZOMBIE                          Words and music by Dolores ORiordan,2256,46,Distortion Guitar _ 1
15.599069874999998,0.0078125,36,115,ZOMBIE                          Words and music by Dolores ORiordan,2303,1,Drum Kit _ 1
15.599069874999998,0.0078125,46,78,ZOMBIE                          Words and music by Dolores ORiordan,2303,1,Drum Kit _ 1
15.599069874999998,0.3671875,64,65,ZOMBIE                          Words and music by Dolores ORiordan,2303,47,Electric Guitar (clean) _ 1
15.591257374999998,0.375,59,65,ZOMBIE                          Words and music by Dolores ORiordan,2302,48,Electric Guitar (clean) _ 1
15.974069874999998,0.0078125,46,72,ZOMBIE                          Words and music by Dolores ORiordan,2351,1,Drum Kit _ 1
15.614694874999998,0.3671875,48,127,ZOMBIE                          Words and music by Dolores ORiordan,2305,47,Distortion Guitar _ 1
15.614694874999998,0.3671875,52,127,ZOMBIE                          Words and music by Dolores ORiordan,2305,47,Distortion Guitar _ 1
15.974069874999998,0.25,36,95,ZOMBIE                          Words and music by Dolores ORiordan,2351,32,Electric Bass (finger) _ 1
15.974069874999998,0.3671875,64,65,ZOMBIE                          Words and music by Dolores ORiordan,2351,47,Electric Guitar (clean) _ 1
15.974069874999998,0.3671875,59,66,ZOMBIE                          Words and music by Dolores ORiordan,2351,47,Electric Guitar (clean) _ 1
15.989694874999998,0.3515625,48,127,ZOMBIE                          Words and music by Dolores ORiordan,2353,45,Distortion Guitar _ 1
15.989694874999998,0.359375,52,127,ZOMBIE                          Words and music by Dolores ORiordan,2353,46,Distortion Guitar _ 1
16.349069874999998,0.0078125,40,127,ZOMBIE                          Words and music by Dolores ORiordan,2399,1,Drum Kit _ 1
16.349069874999998,0.0078125,46,97,ZOMBIE                          Words and music by Dolores ORiordan,2399,1,Drum Kit _ 1
15.622507374999998,0.734375,55,112,ZOMBIE                          Words and music by Dolores ORiordan,2306,94,Distortion Guitar _ 1
16.349069874999998,0.2578125,36,107,ZOMBIE                          Words and music by Dolores ORiordan,2399,33,Electric Bass (finger) _ 1
16.349069874999998,0.3671875,64,65,ZOMBIE                          Words and music by Dolores ORiordan,2399,47,Electric Guitar (clean) _ 1
16.349069874999998,0.3671875,59,66,ZOMBIE                          Words and music by Dolores ORiordan,2399,47,Electric Guitar (clean) _ 1
16.356882374999998,0.359375,52,127,ZOMBIE                          Words and music by Dolores ORiordan,2400,46,Distortion Guitar _ 1
16.349069874999998,0.3671875,48,127,ZOMBIE                          Words and music by Dolores ORiordan,2399,47,Distortion Guitar _ 1
16.364694874999998,0.359375,55,118,ZOMBIE                          Words and music by Dolores ORiordan,2401,46,Distortion Guitar _ 1
16.724069874999998,0.0078125,36,106,ZOMBIE                          Words and music by Dolores ORiordan,2447,1,Drum Kit _ 1
16.724069874999998,0.0078125,46,76,ZOMBIE                          Words and music by Dolores ORiordan,2447,1,Drum Kit _ 1
16.724069874999998,0.015625,52,127,ZOMBIE                          Words and music by Dolores ORiordan,2447,2,Distortion Guitar _ 1
16.731882374999998,0.015625,55,127,ZOMBIE                          Words and music by Dolores ORiordan,2448,2,Distortion Guitar _ 1
16.724069874999998,0.15625,64,64,ZOMBIE                          Words and music by Dolores ORiordan,2447,20,Electric Guitar (clean) _ 1
16.724069874999998,0.1796875,59,65,ZOMBIE                          Words and music by Dolores ORiordan,2447,23,Electric Guitar (clean) _ 1
16.911569874999998,0.0078125,40,109,ZOMBIE                          Words and music by Dolores ORiordan,2471,1,Drum Kit _ 1
16.724069874999998,0.3671875,48,127,ZOMBIE                          Words and music by Dolores ORiordan,2447,47,Distortion Guitar _ 1
16.747507374999998,0.34375,52,127,ZOMBIE                          Words and music by Dolores ORiordan,2450,44,Distortion Guitar _ 1
16.755319874999998,0.34375,55,124,ZOMBIE                          Words and music by Dolores ORiordan,2451,44,Distortion Guitar _ 1
17.099069874999998,0.0078125,36,108,ZOMBIE                          Words and music by Dolores ORiordan,2495,1,Drum Kit _ 1
17.099069874999998,0.0078125,46,66,ZOMBIE                          Words and music by Dolores ORiordan,2495,1,Drum Kit _ 1
16.911569874999998,0.3671875,59,65,ZOMBIE                          Words and music by Dolores ORiordan,2471,47,Electric Guitar (clean) _ 1
16.911569874999998,0.3671875,64,65,ZOMBIE                          Words and music by Dolores ORiordan,2471,47,Electric Guitar (clean) _ 1
17.286569874999998,0.0078125,40,111,ZOMBIE                          Words and music by Dolores ORiordan,2519,1,Drum Kit _ 1
17.286569874999998,0.1796875,59,65,ZOMBIE                          Words and music by Dolores ORiordan,2519,23,Electric Guitar (clean) _ 1
17.099069874999998,0.3671875,52,127,ZOMBIE                          Words and music by Dolores ORiordan,2495,47,Distortion Guitar _ 1
17.099069874999998,0.3671875,48,127,ZOMBIE                          Words and music by Dolores ORiordan,2495,47,Distortion Guitar _ 1
17.286569874999998,0.1875,64,65,ZOMBIE                          Words and music by Dolores ORiordan,2519,24,Electric Guitar (clean) _ 1
17.474069874999998,0.0078125,36,113,ZOMBIE                          Words and music by Dolores ORiordan,2543,1,Drum Kit _ 1
17.474069874999998,0.0078125,46,70,ZOMBIE                          Words and music by Dolores ORiordan,2543,1,Drum Kit _ 1
17.106882374999998,0.375,55,127,ZOMBIE                          Words and music by Dolores ORiordan,2496,48,Distortion Guitar _ 1
17.474069874999998,0.359375,48,127,ZOMBIE                          Words and music by Dolores ORiordan,2543,46,Distortion Guitar _ 1
17.474069874999998,0.3671875,59,65,ZOMBIE                          Words and music by Dolores ORiordan,2543,47,Electric Guitar (clean) _ 1
17.481882374999998,0.3671875,64,65,ZOMBIE                          Words and music by Dolores ORiordan,2544,47,Electric Guitar (clean) _ 1
17.849069874999998,0.0078125,40,127,ZOMBIE                          Words and music by Dolores ORiordan,2591,1,Drum Kit _ 1
17.849069874999998,0.0078125,46,90,ZOMBIE                          Words and music by Dolores ORiordan,2591,1,Drum Kit _ 1
17.489694874999998,0.3671875,55,127,ZOMBIE                          Words and music by Dolores ORiordan,2545,47,Distortion Guitar _ 1
17.481882374999998,0.3828125,52,127,ZOMBIE                          Words and music by Dolores ORiordan,2544,49,Distortion Guitar _ 1
17.864694874999998,0.0078125,55,113,ZOMBIE                          Words and music by Dolores ORiordan,2593,1,Distortion Guitar _ 1
17.856882374999998,0.171875,64,65,ZOMBIE                          Words and music by Dolores ORiordan,2592,22,Electric Guitar (clean) _ 1
17.849069874999998,0.1953125,59,65,ZOMBIE                          Words and music by Dolores ORiordan,2591,25,Electric Guitar (clean) _ 1
17.849069874999998,0.359375,38,107,ZOMBIE                          Words and music by Dolores ORiordan,2591,46,Electric Bass (finger) _ 1
17.880319874999998,0.3359375,55,108,ZOMBIE                          Words and music by Dolores ORiordan,2595,43,Distortion Guitar _ 1
17.849069874999998,0.375,50,127,ZOMBIE                          Words and music by Dolores ORiordan,2591,48,Distortion Guitar _ 1
17.872507374999998,0.3515625,52,127,ZOMBIE                          Words and music by Dolores ORiordan,2594,45,Distortion Guitar _ 1
18.224069874999998,0.0078125,40,127,ZOMBIE                          Words and music by Dolores ORiordan,2639,1,Drum Kit _ 1
18.052194874999998,0.1796875,59,64,ZOMBIE                          Words and music by Dolores ORiordan,2617,23,Electric Guitar (clean) _ 1
18.036569874999998,0.1953125,64,63,ZOMBIE                          Words and music by Dolores ORiordan,2615,25,Electric Guitar (clean) _ 1
18.224069874999998,0.015625,55,66,ZOMBIE                          Words and music by Dolores ORiordan,2639,2,Distortion Guitar _ 1
18.231882374999998,0.2421875,52,127,ZOMBIE                          Words and music by Dolores ORiordan,2640,31,Distortion Guitar _ 1
18.231882374999998,0.25,48,127,ZOMBIE                          Words and music by Dolores ORiordan,2640,32,Distortion Guitar _ 1
18.216257374999998,0.375,36,103,ZOMBIE                          Words and music by Dolores ORiordan,2638,48,Electric Bass (finger) _ 1
18.247507374999998,0.34375,55,65,ZOMBIE                          Words and music by Dolores ORiordan,2642,44,Distortion Guitar _ 1
18.239694874999998,0.359375,64,64,ZOMBIE                          Words and music by Dolores ORiordan,2641,46,Electric Guitar (clean) _ 1
18.599069874999998,0.0078125,36,115,ZOMBIE                          Words and music by Dolores ORiordan,2687,1,Drum Kit _ 1
18.599069874999998,0.0078125,46,71,ZOMBIE                          Words and music by Dolores ORiordan,2687,1,Drum Kit _ 1
18.239694874999998,0.3671875,59,66,ZOMBIE                          Words and music by Dolores ORiordan,2641,47,Electric Guitar (clean) _ 1
18.599069874999998,0.2265625,31,109,ZOMBIE                          Words and music by Dolores ORiordan,2687,29,Electric Bass (finger) _ 1
18.599069874999998,0.3515625,50,127,ZOMBIE                          Words and music by Dolores ORiordan,2687,45,Distortion Guitar _ 1
18.974069874999998,0.0078125,36,112,ZOMBIE                          Words and music by Dolores ORiordan,2735,1,Drum Kit _ 1
18.974069874999998,0.0078125,46,67,ZOMBIE                          Words and music by Dolores ORiordan,2735,1,Drum Kit _ 1
18.599069874999998,0.3828125,47,127,ZOMBIE                          Words and music by Dolores ORiordan,2687,49,Distortion Guitar _ 1
18.599069874999998,0.3828125,43,127,ZOMBIE                          Words and music by Dolores ORiordan,2687,49,Distortion Guitar _ 1
18.614694874999998,0.375,59,66,ZOMBIE                          Words and music by Dolores ORiordan,2689,48,Electric Guitar (clean) _ 1
18.606882374999998,0.3828125,64,62,ZOMBIE                          Words and music by Dolores ORiordan,2688,49,Electric Guitar (clean) _ 1
18.974069874999998,0.21875,31,101,ZOMBIE                          Words and music by Dolores ORiordan,2735,28,Electric Bass (finger) _ 1
18.997507374999998,0.34375,59,65,ZOMBIE                          Words and music by Dolores ORiordan,2738,44,Electric Guitar (clean) _ 1
18.989694874999998,0.3515625,47,127,ZOMBIE                          Words and music by Dolores ORiordan,2737,45,Distortion Guitar _ 1
18.997507374999998,0.3515625,64,63,ZOMBIE                          Words and music by Dolores ORiordan,2738,45,Electric Guitar (clean) _ 1
18.989694874999998,0.359375,43,127,ZOMBIE                          Words and music by Dolores ORiordan,2737,46,Distortion Guitar _ 1
18.989694874999998,0.359375,50,74,ZOMBIE                          Words and music by Dolores ORiordan,2737,46,Distortion Guitar _ 1
19.349069874999998,0.0078125,46,92,ZOMBIE                          Words and music by Dolores ORiordan,2783,1,Drum Kit _ 1
19.349069874999998,0.0078125,40,127,ZOMBIE                          Words and music by Dolores ORiordan,2783,1,Drum Kit _ 1
19.349069874999998,0.0078125,47,127,ZOMBIE                          Words and music by Dolores ORiordan,2783,1,Distortion Guitar _ 1
19.356882374999998,0.0078125,50,127,ZOMBIE                          Words and music by Dolores ORiordan,2784,1,Distortion Guitar _ 1
19.349069874999998,0.2890625,31,111,ZOMBIE                          Words and music by Dolores ORiordan,2783,37,Electric Bass (finger) _ 1
19.372507374999998,0.328125,50,84,ZOMBIE                          Words and music by Dolores ORiordan,2786,42,Distortion Guitar _ 1
19.364694874999998,0.3515625,47,127,ZOMBIE                          Words and music by Dolores ORiordan,2785,45,Distortion Guitar _ 1
19.356882374999998,0.359375,43,127,ZOMBIE                          Words and music by Dolores ORiordan,2784,46,Distortion Guitar _ 1
19.356882374999998,0.3671875,64,62,ZOMBIE                          Words and music by Dolores ORiordan,2784,47,Electric Guitar (clean) _ 1
19.349069874999998,0.375,59,65,ZOMBIE                          Words and music by Dolores ORiordan,2783,48,Electric Guitar (clean) _ 1
19.724069874999998,0.0078125,36,108,ZOMBIE                          Words and music by Dolores ORiordan,2831,1,Drum Kit _ 1
19.724069874999998,0.0078125,46,74,ZOMBIE                          Words and music by Dolores ORiordan,2831,1,Drum Kit _ 1
19.724069874999998,0.0078125,50,114,ZOMBIE                          Words and music by Dolores ORiordan,2831,1,Distortion Guitar _ 1
19.731882374999998,0.1640625,64,62,ZOMBIE                          Words and music by Dolores ORiordan,2832,21,Electric Guitar (clean) _ 1
19.731882374999998,0.171875,59,63,ZOMBIE                          Words and music by Dolores ORiordan,2832,22,Electric Guitar (clean) _ 1
19.731882374999998,0.2421875,31,93,ZOMBIE                          Words and music by Dolores ORiordan,2832,31,Electric Bass (finger) _ 1
19.724069874999998,0.3671875,47,127,ZOMBIE                          Words and music by Dolores ORiordan,2831,47,Distortion Guitar _ 1
19.731882374999998,0.359375,43,127,ZOMBIE                          Words and music by Dolores ORiordan,2832,46,Distortion Guitar _ 1
19.739694874999998,0.359375,50,127,ZOMBIE                          Words and music by Dolores ORiordan,2833,46,Distortion Guitar _ 1
20.099069874999998,0.0078125,36,112,ZOMBIE                          Words and music by Dolores ORiordan,2879,1,Drum Kit _ 1
20.099069874999998,0.0078125,46,66,ZOMBIE                          Words and music by Dolores ORiordan,2879,1,Drum Kit _ 1
19.903757374999998,0.3671875,64,65,ZOMBIE                          Words and music by Dolores ORiordan,2854,47,Electric Guitar (clean) _ 1
19.911569874999998,0.3671875,59,65,ZOMBIE                          Words and music by Dolores ORiordan,2855,47,Electric Guitar (clean) _ 1
20.099069874999998,0.2734375,31,106,ZOMBIE                          Words and music by Dolores ORiordan,2879,35,Electric Bass (finger) _ 1
20.106882374999998,0.359375,47,127,ZOMBIE                          Words and music by Dolores ORiordan,2880,46,Distortion Guitar _ 1
20.106882374999998,0.359375,43,127,ZOMBIE                          Words and music by Dolores ORiordan,2880,46,Distortion Guitar _ 1
20.286569874999998,0.1875,59,64,ZOMBIE                          Words and music by Dolores ORiordan,2903,24,Electric Guitar (clean) _ 1
20.114694874999998,0.359375,50,127,ZOMBIE                          Words and music by Dolores ORiordan,2881,46,Distortion Guitar _ 1
20.474069874999998,0.0078125,36,110,ZOMBIE                          Words and music by Dolores ORiordan,2927,1,Drum Kit _ 1
20.474069874999998,0.0078125,46,68,ZOMBIE                          Words and music by Dolores ORiordan,2927,1,Drum Kit _ 1
20.278757374999998,0.203125,64,64,ZOMBIE                          Words and music by Dolores ORiordan,2902,26,Electric Guitar (clean) _ 1
20.481882374999998,0.2265625,31,93,ZOMBIE                          Words and music by Dolores ORiordan,2928,29,Electric Bass (finger) _ 1
20.849069874999998,0.0078125,40,127,ZOMBIE                          Words and music by Dolores ORiordan,2975,1,Drum Kit _ 1
20.849069874999998,0.0078125,46,99,ZOMBIE                          Words and music by Dolores ORiordan,2975,1,Drum Kit _ 1
20.474069874999998,0.3828125,47,127,ZOMBIE                          Words and music by Dolores ORiordan,2927,49,Distortion Guitar _ 1
20.481882374999998,0.375,50,116,ZOMBIE                          Words and music by Dolores ORiordan,2928,48,Distortion Guitar _ 1
20.474069874999998,0.3984375,43,127,ZOMBIE                          Words and music by Dolores ORiordan,2927,51,Distortion Guitar _ 1
20.489694874999998,0.53125,64,65,ZOMBIE                          Words and music by Dolores ORiordan,2929,68,Electric Guitar (clean) _ 1
20.481882374999998,0.546875,59,65,ZOMBIE                          Words and music by Dolores ORiordan,2928,70,Electric Guitar (clean) _ 1
20.856882374999998,0.359375,33,110,ZOMBIE                          Words and music by Dolores ORiordan,2976,46,Electric Bass (finger) _ 1
20.864694874999998,0.3515625,47,127,ZOMBIE                          Words and music by Dolores ORiordan,2977,45,Distortion Guitar _ 1
20.864694874999998,0.3515625,45,127,ZOMBIE                          Words and music by Dolores ORiordan,2977,45,Distortion Guitar _ 1
21.028757374999998,0.1953125,64,64,ZOMBIE                          Words and music by Dolores ORiordan,2998,25,Electric Guitar (clean) _ 1
20.864694874999998,0.359375,50,127,ZOMBIE                          Words and music by Dolores ORiordan,2977,46,Distortion Guitar _ 1
21.224069874999998,0.0078125,36,106,ZOMBIE                          Words and music by Dolores ORiordan,3023,1,Drum Kit _ 1
21.224069874999998,0.0078125,46,63,ZOMBIE                          Words and music by Dolores ORiordan,3023,1,Drum Kit _ 1
21.224069874999998,0.2109375,47,127,ZOMBIE                          Words and music by Dolores ORiordan,3023,27,Distortion Guitar _ 1
21.224069874999998,0.2734375,31,103,ZOMBIE                          Words and music by Dolores ORiordan,3023,35,Electric Bass (finger) _ 1
21.224069874999998,0.2890625,43,127,ZOMBIE                          Words and music by Dolores ORiordan,3023,37,Distortion Guitar _ 1
21.036569874999998,0.5546875,59,64,ZOMBIE                          Words and music by Dolores ORiordan,2999,71,Electric Guitar (clean) _ 1
21.231882374999998,0.3671875,64,64,ZOMBIE                          Words and music by Dolores ORiordan,3024,47,Electric Guitar (clean) _ 1
21.231882374999998,0.3671875,50,127,ZOMBIE                          Words and music by Dolores ORiordan,3024,47,Distortion Guitar _ 1
21.599069874999998,0.0078125,36,116,ZOMBIE                          Words and music by Dolores ORiordan,3071,1,Drum Kit _ 1
21.599069874999998,0.0078125,46,82,ZOMBIE                          Words and music by Dolores ORiordan,3071,1,Drum Kit _ 1
21.599069874999998,0.2578125,30,110,ZOMBIE                          Words and music by Dolores ORiordan,3071,33,Electric Bass (finger) _ 1
21.599069874999998,0.359375,59,65,ZOMBIE                          Words and music by Dolores ORiordan,3071,46,Electric Guitar (clean) _ 1
21.606882374999998,0.359375,64,65,ZOMBIE                          Words and music by Dolores ORiordan,3072,46,Electric Guitar (clean) _ 1
21.575632374999998,0.390625,42,125,ZOMBIE                          Words and music by Dolores ORiordan,3068,50,Distortion Guitar _ 1
21.614694874999998,0.359375,45,127,ZOMBIE                          Words and music by Dolores ORiordan,3073,46,Distortion Guitar _ 1
21.974069874999998,0.0078125,46,60,ZOMBIE                          Words and music by Dolores ORiordan,3119,1,Drum Kit _ 1
21.606882374999998,0.375,50,123,ZOMBIE                          Words and music by Dolores ORiordan,3072,48,Distortion Guitar _ 1
21.974069874999998,0.2578125,30,95,ZOMBIE                          Words and music by Dolores ORiordan,3119,33,Electric Bass (finger) _ 1
21.974069874999998,0.3671875,64,65,ZOMBIE                          Words and music by Dolores ORiordan,3119,47,Electric Guitar (clean) _ 1
21.966257374999998,0.375,59,64,ZOMBIE                          Words and music by Dolores ORiordan,3118,48,Electric Guitar (clean) _ 1
21.981882374999998,0.3671875,42,127,ZOMBIE                          Words and music by Dolores ORiordan,3120,47,Distortion Guitar _ 1
21.989694874999998,0.359375,50,113,ZOMBIE                          Words and music by Dolores ORiordan,3121,46,Distortion Guitar _ 1
22.349069874999998,0.0078125,46,92,ZOMBIE                          Words and music by Dolores ORiordan,3167,1,Drum Kit _ 1
21.989694874999998,0.3671875,55,127,ZOMBIE                          Words and music by Dolores ORiordan,3121,47,Distortion Guitar _ 1
22.356882374999998,0.0078125,40,127,ZOMBIE                          Words and music by Dolores ORiordan,3168,1,Drum Kit _ 1
22.364694874999998,0.234375,30,101,ZOMBIE                          Words and music by Dolores ORiordan,3169,30,Electric Bass (finger) _ 1
22.349069874999998,0.3671875,64,63,ZOMBIE                          Words and music by Dolores ORiordan,3167,47,Electric Guitar (clean) _ 1
22.356882374999998,0.359375,42,127,ZOMBIE                          Words and music by Dolores ORiordan,3168,46,Distortion Guitar _ 1
22.349069874999998,0.375,59,65,ZOMBIE                          Words and music by Dolores ORiordan,3167,48,Electric Guitar (clean) _ 1
22.724069874999998,0.0078125,36,108,ZOMBIE                          Words and music by Dolores ORiordan,3215,1,Drum Kit _ 1
22.724069874999998,0.0078125,46,69,ZOMBIE                          Words and music by Dolores ORiordan,3215,1,Drum Kit _ 1
22.356882374999998,0.375,50,127,ZOMBIE                          Words and music by Dolores ORiordan,3168,48,Distortion Guitar _ 1
22.724069874999998,0.0078125,42,120,ZOMBIE                          Words and music by Dolores ORiordan,3215,1,Distortion Guitar _ 1
21.989694874999998,0.7421875,45,127,ZOMBIE                          Words and music by Dolores ORiordan,3121,95,Distortion Guitar _ 1
22.364694874999998,0.3671875,55,127,ZOMBIE                          Words and music by Dolores ORiordan,3169,47,Distortion Guitar _ 1
22.724069874999998,0.1796875,64,62,ZOMBIE                          Words and music by Dolores ORiordan,3215,23,Electric Guitar (clean) _ 1
22.731882374999998,0.1796875,59,64,ZOMBIE                          Words and music by Dolores ORiordan,3216,23,Electric Guitar (clean) _ 1
22.739694874999998,0.2265625,30,93,ZOMBIE                          Words and music by Dolores ORiordan,3217,29,Electric Bass (finger) _ 1
22.739694874999998,0.359375,50,127,ZOMBIE                          Words and music by Dolores ORiordan,3217,46,Distortion Guitar _ 1
23.099069874999998,0.0078125,36,111,ZOMBIE                          Words and music by Dolores ORiordan,3263,1,Drum Kit _ 1
23.099069874999998,0.0078125,46,78,ZOMBIE                          Words and music by Dolores ORiordan,3263,1,Drum Kit _ 1
22.739694874999998,0.3671875,45,127,ZOMBIE                          Words and music by Dolores ORiordan,3217,47,Distortion Guitar _ 1
22.739694874999998,0.3671875,42,127,ZOMBIE                          Words and music by Dolores ORiordan,3217,47,Distortion Guitar _ 1
23.106882374999998,0.0078125,50,79,ZOMBIE                          Words and music by Dolores ORiordan,3264,1,Distortion Guitar _ 1
22.739694874999998,0.375,55,127,ZOMBIE                          Words and music by Dolores ORiordan,3217,48,Distortion Guitar _ 1
22.919382374999998,0.359375,59,65,ZOMBIE                          Words and music by Dolores ORiordan,3240,46,Electric Guitar (clean) _ 1
22.911569874999998,0.3671875,64,64,ZOMBIE                          Words and music by Dolores ORiordan,3239,47,Electric Guitar (clean) _ 1
23.106882374999998,0.359375,30,107,ZOMBIE                          Words and music by Dolores ORiordan,3264,46,Electric Bass (finger) _ 1
23.114694874999998,0.3515625,42,127,ZOMBIE                          Words and music by Dolores ORiordan,3265,45,Distortion Guitar _ 1
23.122507374999998,0.3515625,50,118,ZOMBIE                          Words and music by Dolores ORiordan,3266,45,Distortion Guitar _ 1
23.474069874999998,0.0078125,40,127,ZOMBIE                          Words and music by Dolores ORiordan,3311,1,Drum Kit _ 1
23.474069874999998,0.0078125,49,73,ZOMBIE                          Words and music by Dolores ORiordan,3311,1,Drum Kit _ 1
23.286569874999998,0.1953125,64,65,ZOMBIE                          Words and music by Dolores ORiordan,3287,25,Electric Guitar (clean) _ 1
23.122507374999998,0.359375,55,126,ZOMBIE                          Words and music by Dolores ORiordan,3266,46,Distortion Guitar _ 1
23.474069874999998,0.3671875,31,98,ZOMBIE                          Words and music by Dolores ORiordan,3311,47,Electric Bass (finger) _ 1
23.474069874999998,0.3671875,43,127,ZOMBIE                          Words and music by Dolores ORiordan,3311,47,Distortion Guitar _ 1
23.849069874999998,0.0078125,40,99,ZOMBIE                          Words and music by Dolores ORiordan,3359,1,Drum Kit _ 1
23.849069874999998,0.0078125,44,92,ZOMBIE                          Words and music by Dolores ORiordan,3359,1,Drum Kit _ 1
23.489694874999998,0.3671875,64,65,ZOMBIE                          Words and music by Dolores ORiordan,3313,47,Electric Guitar (clean) _ 1
23.481882374999998,0.375,50,127,ZOMBIE                          Words and music by Dolores ORiordan,3312,48,Distortion Guitar _ 1
23.114694874999998,0.75,45,127,ZOMBIE                          Words and music by Dolores ORiordan,3265,96,Distortion Guitar _ 1
23.864694874999998,0.1640625,64,64,ZOMBIE                          Words and music by Dolores ORiordan,3361,21,Electric Guitar (clean) _ 1
23.286569874999998,0.75,59,65,ZOMBIE                          Words and music by Dolores ORiordan,3287,96,Electric Guitar (clean) _ 1
24.036569874999998,0.0078125,40,110,ZOMBIE                          Words and music by Dolores ORiordan,3383,1,Drum Kit _ 1
23.849069874999998,0.3671875,30,114,ZOMBIE                          Words and music by Dolores ORiordan,3359,47,Electric Bass (finger) _ 1
24.224069874999998,0.0078125,40,127,ZOMBIE                          Words and music by Dolores ORiordan,3407,1,Drum Kit _ 1
24.224069874999998,0.0078125,44,71,ZOMBIE                          Words and music by Dolores ORiordan,3407,1,Drum Kit _ 1
24.044382374999998,0.1875,59,64,ZOMBIE                          Words and music by Dolores ORiordan,3384,24,Electric Guitar (clean) _ 1
24.036569874999998,0.1953125,64,63,ZOMBIE                          Words and music by Dolores ORiordan,3383,25,Electric Guitar (clean) _ 1
23.872507374999998,0.359375,45,127,ZOMBIE                          Words and music by Dolores ORiordan,3362,46,Distortion Guitar _ 1
23.864694874999998,0.3671875,50,127,ZOMBIE                          Words and music by Dolores ORiordan,3361,47,Distortion Guitar _ 1
23.849069874999998,0.40625,42,127,ZOMBIE                          Words and music by Dolores ORiordan,3359,52,Distortion Guitar _ 1
24.411569874999998,0.0078125,40,127,ZOMBIE                          Words and music by Dolores ORiordan,3431,1,Drum Kit _ 1
24.239694874999998,0.3359375,50,109,ZOMBIE                          Words and music by Dolores ORiordan,3409,43,Distortion Guitar _ 1
24.239694874999998,0.34375,43,127,ZOMBIE                          Words and music by Dolores ORiordan,3409,44,Distortion Guitar _ 1
24.224069874999998,0.3671875,31,111,ZOMBIE                          Words and music by Dolores ORiordan,3407,47,Electric Bass (finger) _ 1
24.239694874999998,0.359375,59,65,ZOMBIE                          Words and music by Dolores ORiordan,3409,46,Electric Guitar (clean) _ 1
24.239694874999998,0.359375,45,127,ZOMBIE                          Words and music by Dolores ORiordan,3409,46,Distortion Guitar _ 1
24.599069874999998,0.0078125,36,115,ZOMBIE                          Words and music by Dolores ORiordan,3455,1,Drum Kit _ 1
24.599069874999998,0.0078125,57,68,ZOMBIE                          Words and music by Dolores ORiordan,3455,1,Drum Kit _ 1
24.239694874999998,0.3671875,64,64,ZOMBIE                          Words and music by Dolores ORiordan,3409,47,Electric Guitar (clean) _ 1
23.489694874999998,1.1484375,55,118,ZOMBIE                          Words and music by Dolores ORiordan,3313,147,Distortion Guitar _ 1
24.606882374999998,0.21875,28,113,ZOMBIE                          Words and music by Dolores ORiordan,3456,28,Electric Bass (finger) _ 1
24.599069874999998,0.328125,52,127,ZOMBIE                          Words and music by Dolores ORiordan,3455,42,Distortion Guitar _ 1
24.606882374999998,0.359375,47,127,ZOMBIE                          Words and music by Dolores ORiordan,3456,46,Distortion Guitar _ 1
24.599069874999998,0.3671875,40,127,ZOMBIE                          Words and music by Dolores ORiordan,3455,47,Distortion Guitar _ 1
24.974069874999998,0.0078125,36,112,ZOMBIE                          Words and music by Dolores ORiordan,3503,1,Drum Kit _ 1
24.974069874999998,0.0078125,46,89,ZOMBIE                          Words and music by Dolores ORiordan,3503,1,Drum Kit _ 1
24.974069874999998,0.234375,28,97,ZOMBIE                          Words and music by Dolores ORiordan,3503,30,Electric Bass (finger) _ 1
24.989694874999998,0.34375,47,125,ZOMBIE                          Words and music by Dolores ORiordan,3505,44,Distortion Guitar _ 1
25.349069874999998,0.0078125,46,90,ZOMBIE                          Words and music by Dolores ORiordan,3551,1,Drum Kit _ 1
24.974069874999998,0.3984375,40,127,ZOMBIE                          Words and music by Dolores ORiordan,3503,51,Distortion Guitar _ 1
25.349069874999998,0.25,28,107,ZOMBIE                          Words and music by Dolores ORiordan,3551,32,Electric Bass (finger) _ 1
24.958444874999998,0.6640625,59,106,ZOMBIE                          Words and music by Dolores ORiordan,3501,85,Electric Guitar (clean) _ 1
24.974069874999998,0.734375,52,107,ZOMBIE                          Words and music by Dolores ORiordan,3503,94,Distortion Guitar _ 1
25.341257374999998,0.375,47,127,ZOMBIE                          Words and music by Dolores ORiordan,3550,48,Distortion Guitar _ 1
25.724069874999998,0.0078125,36,111,ZOMBIE                          Words and music by Dolores ORiordan,3599,1,Drum Kit _ 1
25.731882374999998,0.0078125,46,88,ZOMBIE                          Words and music by Dolores ORiordan,3600,1,Drum Kit _ 1
25.341257374999998,0.578125,55,108,ZOMBIE                          Words and music by Dolores ORiordan,3550,74,Electric Guitar (clean) _ 1
25.739694874999998,0.1953125,28,97,ZOMBIE                          Words and music by Dolores ORiordan,3601,25,Electric Bass (finger) _ 1
24.606882374999998,1.40625,71,110,ZOMBIE                          Words and music by Dolores ORiordan,3456,180,Electric Guitar (clean) _ 1
25.716257374999998,0.3671875,40,127,ZOMBIE                          Words and music by Dolores ORiordan,3598,47,Distortion Guitar _ 1
25.716257374999998,0.3671875,52,85,ZOMBIE                          Words and music by Dolores ORiordan,3598,47,Distortion Guitar _ 1
26.099069874999998,0.0078125,36,112,ZOMBIE                          Words and music by Dolores ORiordan,3647,1,Drum Kit _ 1
26.114694874999998,0.0078125,46,73,ZOMBIE                          Words and music by Dolores ORiordan,3649,1,Drum Kit _ 1
26.099069874999998,0.234375,28,107,ZOMBIE                          Words and music by Dolores ORiordan,3647,30,Electric Bass (finger) _ 1
25.708444874999998,0.75,59,104,ZOMBIE                          Words and music by Dolores ORiordan,3597,96,Electric Guitar (clean) _ 1
26.091257374999998,0.375,52,127,ZOMBIE                          Words and music by Dolores ORiordan,3646,48,Distortion Guitar _ 1
26.091257374999998,0.375,40,127,ZOMBIE                          Words and music by Dolores ORiordan,3646,48,Distortion Guitar _ 1
26.474069874999998,0.0078125,36,110,ZOMBIE                          Words and music by Dolores ORiordan,3695,1,Drum Kit _ 1
25.724069874999998,0.7578125,47,127,ZOMBIE                          Words and music by Dolores ORiordan,3599,97,Distortion Guitar _ 1
26.481882374999998,0.0078125,46,89,ZOMBIE                          Words and music by Dolores ORiordan,3696,1,Drum Kit _ 1
26.474069874999998,0.3671875,28,103,ZOMBIE                          Words and music by Dolores ORiordan,3695,47,Electric Bass (finger) _ 1
26.474069874999998,0.3671875,40,127,ZOMBIE                          Words and music by Dolores ORiordan,3695,47,Distortion Guitar _ 1
26.849069874999998,0.0078125,40,127,ZOMBIE                          Words and music by Dolores ORiordan,3743,1,Drum Kit _ 1
26.849069874999998,0.0078125,46,89,ZOMBIE                          Words and music by Dolores ORiordan,3743,1,Drum Kit _ 1
26.489694874999998,0.3671875,47,127,ZOMBIE                          Words and music by Dolores ORiordan,3697,47,Distortion Guitar _ 1
26.849069874999998,0.3671875,31,110,ZOMBIE                          Words and music by Dolores ORiordan,3743,47,Electric Bass (finger) _ 1
26.864694874999998,0.3515625,43,127,ZOMBIE                          Words and music by Dolores ORiordan,3745,45,Distortion Guitar _ 1
26.864694874999998,0.3515625,47,127,ZOMBIE                          Words and music by Dolores ORiordan,3745,45,Distortion Guitar _ 1
26.474069874999998,0.7421875,52,127,ZOMBIE                          Words and music by Dolores ORiordan,3695,95,Distortion Guitar _ 1
27.224069874999998,0.0078125,36,110,ZOMBIE                          Words and music by Dolores ORiordan,3791,1,Drum Kit _ 1
27.224069874999998,0.0078125,46,82,ZOMBIE                          Words and music by Dolores ORiordan,3791,1,Drum Kit _ 1
26.099069874999998,1.1484375,71,109,ZOMBIE                          Words and music by Dolores ORiordan,3647,147,Electric Guitar (clean) _ 1
27.224069874999998,0.1875,52,127,ZOMBIE                          Words and music by Dolores ORiordan,3791,24,Distortion Guitar _ 1
26.849069874999998,0.5703125,55,116,ZOMBIE                          Words and music by Dolores ORiordan,3743,73,Electric Guitar (clean) _ 1
27.224069874999998,0.203125,47,127,ZOMBIE                          Words and music by Dolores ORiordan,3791,26,Distortion Guitar _ 1
27.224069874999998,0.3515625,28,104,ZOMBIE                          Words and music by Dolores ORiordan,3791,45,Electric Bass (finger) _ 1
27.224069874999998,0.3515625,40,127,ZOMBIE                          Words and music by Dolores ORiordan,3791,45,Distortion Guitar _ 1
27.591257374999998,0.015625,36,107,ZOMBIE                          Words and music by Dolores ORiordan,3838,2,Electric Bass (finger) _ 1
27.599069874999998,0.0078125,46,94,ZOMBIE                          Words and music by Dolores ORiordan,3839,1,Drum Kit _ 1
26.474069874999998,1.3984375,59,106,ZOMBIE                          Words and music by Dolores ORiordan,3695,179,Electric Guitar (clean) _ 1
27.599069874999998,0.359375,48,127,ZOMBIE                          Words and music by Dolores ORiordan,3839,46,Distortion Guitar _ 1
27.606882374999998,0.359375,55,127,ZOMBIE                          Words and music by Dolores ORiordan,3840,46,Distortion Guitar _ 1
27.599069874999998,0.3671875,52,127,ZOMBIE                          Words and music by Dolores ORiordan,3839,47,Distortion Guitar _ 1
27.974069874999998,0.0078125,46,82,ZOMBIE                          Words and music by Dolores ORiordan,3887,1,Drum Kit _ 1
27.974069874999998,0.2734375,36,100,ZOMBIE                          Words and music by Dolores ORiordan,3887,35,Electric Bass (finger) _ 1
27.981882374999998,0.328125,55,127,ZOMBIE                          Words and music by Dolores ORiordan,3888,42,Distortion Guitar _ 1
27.974069874999998,0.3515625,52,127,ZOMBIE                          Words and music by Dolores ORiordan,3887,45,Distortion Guitar _ 1
27.974069874999998,0.359375,48,127,ZOMBIE                          Words and music by Dolores ORiordan,3887,46,Distortion Guitar _ 1
28.349069874999998,0.0078125,46,93,ZOMBIE                          Words and music by Dolores ORiordan,3935,1,Drum Kit _ 1
28.356882374999998,0.0078125,40,127,ZOMBIE                          Words and music by Dolores ORiordan,3936,1,Drum Kit _ 1
28.349069874999998,0.2734375,36,103,ZOMBIE                          Words and music by Dolores ORiordan,3935,35,Electric Bass (finger) _ 1
27.966257374999998,0.71875,60,110,ZOMBIE                          Words and music by Dolores ORiordan,3886,92,Electric Guitar (clean) _ 1
28.341257374999998,0.359375,52,127,ZOMBIE                          Words and music by Dolores ORiordan,3934,46,Distortion Guitar _ 1
28.341257374999998,0.359375,48,127,ZOMBIE                          Words and music by Dolores ORiordan,3934,46,Distortion Guitar _ 1
28.349069874999998,0.3671875,55,127,ZOMBIE                          Words and music by Dolores ORiordan,3935,47,Distortion Guitar _ 1
28.724069874999998,0.0078125,36,105,ZOMBIE                          Words and music by Dolores ORiordan,3983,1,Drum Kit _ 1
28.724069874999998,0.0078125,46,78,ZOMBIE                          Words and music by Dolores ORiordan,3983,1,Drum Kit _ 1
28.724069874999998,0.1953125,55,127,ZOMBIE                          Words and music by Dolores ORiordan,3983,25,Distortion Guitar _ 1
28.919382374999998,0.0078125,40,96,ZOMBIE                          Words and music by Dolores ORiordan,4008,1,Drum Kit _ 1
27.599069874999998,1.4453125,67,117,ZOMBIE                          Words and music by Dolores ORiordan,3839,185,Electric Guitar (clean) _ 1
28.708444874999998,0.3671875,48,127,ZOMBIE                          Words and music by Dolores ORiordan,3981,47,Distortion Guitar _ 1
28.708444874999998,0.375,52,108,ZOMBIE                          Words and music by Dolores ORiordan,3981,48,Distortion Guitar _ 1
29.099069874999998,0.0078125,36,110,ZOMBIE                          Words and music by Dolores ORiordan,4031,1,Drum Kit _ 1
29.099069874999998,0.0078125,46,80,ZOMBIE                          Words and music by Dolores ORiordan,4031,1,Drum Kit _ 1
29.302194874999998,0.0078125,40,120,ZOMBIE                          Words and music by Dolores ORiordan,4057,1,Drum Kit _ 1
28.716257374999998,0.71875,60,108,ZOMBIE                          Words and music by Dolores ORiordan,3982,92,Electric Guitar (clean) _ 1
29.091257374999998,0.3671875,52,124,ZOMBIE                          Words and music by Dolores ORiordan,4030,47,Distortion Guitar _ 1
29.099069874999998,0.3671875,55,127,ZOMBIE                          Words and music by Dolores ORiordan,4031,47,Distortion Guitar _ 1
29.474069874999998,0.0078125,36,106,ZOMBIE                          Words and music by Dolores ORiordan,4079,1,Drum Kit _ 1
29.481882374999998,0.0078125,46,94,ZOMBIE                          Words and music by Dolores ORiordan,4080,1,Drum Kit _ 1
29.474069874999998,0.34375,55,127,ZOMBIE                          Words and music by Dolores ORiordan,4079,44,Distortion Guitar _ 1
29.466257374999998,0.3671875,52,127,ZOMBIE                          Words and music by Dolores ORiordan,4078,47,Distortion Guitar _ 1
29.481882374999998,0.359375,36,96,ZOMBIE                          Words and music by Dolores ORiordan,4080,46,Electric Bass (finger) _ 1
29.841257374999998,0.015625,55,111,ZOMBIE                          Words and music by Dolores ORiordan,4126,2,Electric Guitar (clean) _ 1
29.856882374999998,0.0078125,46,92,ZOMBIE                          Words and music by Dolores ORiordan,4128,1,Drum Kit _ 1
29.864694874999998,0.0078125,40,127,ZOMBIE                          Words and music by Dolores ORiordan,4129,1,Drum Kit _ 1
29.083444874999998,0.796875,48,127,ZOMBIE                          Words and music by Dolores ORiordan,4029,102,Distortion Guitar _ 1
29.849069874999998,0.3671875,38,109,ZOMBIE                          Words and music by Dolores ORiordan,4127,47,Electric Bass (finger) _ 1
29.849069874999998,0.3671875,52,127,ZOMBIE                          Words and music by Dolores ORiordan,4127,47,Distortion Guitar _ 1
29.833444874999998,0.390625,50,123,ZOMBIE                          Words and music by Dolores ORiordan,4125,50,Distortion Guitar _ 1
30.224069874999998,0.0078125,52,86,ZOMBIE                          Words and music by Dolores ORiordan,4175,1,Drum Kit _ 1
30.239694874999998,0.0078125,40,127,ZOMBIE                          Words and music by Dolores ORiordan,4177,1,Drum Kit _ 1
29.864694874999998,0.5546875,55,127,ZOMBIE                          Words and music by Dolores ORiordan,4129,71,Distortion Guitar _ 1
30.224069874999998,0.2265625,48,127,ZOMBIE                          Words and music by Dolores ORiordan,4175,29,Distortion Guitar _ 1
29.466257374999998,0.9921875,60,111,ZOMBIE                          Words and music by Dolores ORiordan,4078,127,Electric Guitar (clean) _ 1
30.224069874999998,0.265625,36,100,ZOMBIE                          Words and music by Dolores ORiordan,4175,34,Electric Bass (finger) _ 1
29.091257374999998,1.4140625,67,111,ZOMBIE                          Words and music by Dolores ORiordan,4030,181,Electric Guitar (clean) _ 1
30.599069874999998,0.0078125,36,116,ZOMBIE                          Words and music by Dolores ORiordan,4223,1,Drum Kit _ 1
30.599069874999998,0.0078125,46,94,ZOMBIE                          Words and music by Dolores ORiordan,4223,1,Drum Kit _ 1
30.599069874999998,0.2734375,31,109,ZOMBIE                          Words and music by Dolores ORiordan,4223,35,Electric Bass (finger) _ 1
30.614694874999998,0.3515625,50,117,ZOMBIE                          Words and music by Dolores ORiordan,4225,45,Distortion Guitar _ 1
30.599069874999998,0.3671875,43,127,ZOMBIE                          Words and music by Dolores ORiordan,4223,47,Distortion Guitar _ 1
30.974069874999998,0.0078125,36,112,ZOMBIE                          Words and music by Dolores ORiordan,4271,1,Drum Kit _ 1
30.981882374999998,0.0078125,46,88,ZOMBIE                          Words and music by Dolores ORiordan,4272,1,Drum Kit _ 1
30.614694874999998,0.375,47,127,ZOMBIE                          Words and music by Dolores ORiordan,4225,48,Distortion Guitar _ 1
30.989694874999998,0.2109375,31,102,ZOMBIE                          Words and music by Dolores ORiordan,4273,27,Electric Bass (finger) _ 1
31.349069874999998,0.0078125,40,121,ZOMBIE                          Words and music by Dolores ORiordan,4319,1,Drum Kit _ 1
31.349069874999998,0.0078125,46,86,ZOMBIE                          Words and music by Dolores ORiordan,4319,1,Drum Kit _ 1
30.997507374999998,0.359375,47,127,ZOMBIE                          Words and music by Dolores ORiordan,4274,46,Distortion Guitar _ 1
30.974069874999998,0.390625,43,127,ZOMBIE                          Words and music by Dolores ORiordan,4271,50,Distortion Guitar _ 1
31.349069874999998,0.2578125,31,97,ZOMBIE                          Words and music by Dolores ORiordan,4319,33,Electric Bass (finger) _ 1
30.989694874999998,0.6640625,62,105,ZOMBIE                          Words and music by Dolores ORiordan,4273,85,Electric Guitar (clean) _ 1
31.724069874999998,0.0078125,36,108,ZOMBIE                          Words and music by Dolores ORiordan,4367,1,Drum Kit _ 1
31.724069874999998,0.0078125,46,83,ZOMBIE                          Words and music by Dolores ORiordan,4367,1,Drum Kit _ 1
31.372507374999998,0.359375,43,127,ZOMBIE                          Words and music by Dolores ORiordan,4322,46,Distortion Guitar _ 1
31.364694874999998,0.375,47,127,ZOMBIE                          Words and music by Dolores ORiordan,4321,48,Distortion Guitar _ 1
31.349069874999998,0.5703125,55,110,ZOMBIE                          Words and music by Dolores ORiordan,4319,73,Electric Guitar (clean) _ 1
31.724069874999998,0.2265625,31,96,ZOMBIE                          Words and music by Dolores ORiordan,4367,29,Electric Bass (finger) _ 1
30.614694874999998,1.4296875,64,110,ZOMBIE                          Words and music by Dolores ORiordan,4225,183,Electric Guitar (clean) _ 1
31.747507374999998,0.34375,47,127,ZOMBIE                          Words and music by Dolores ORiordan,4370,44,Distortion Guitar _ 1
30.974069874999998,1.125,50,127,ZOMBIE                          Words and music by Dolores ORiordan,4271,144,Distortion Guitar _ 1
32.099069875,0.0078125,36,111,ZOMBIE                          Words and music by Dolores ORiordan,4415,1,Drum Kit _ 1
32.099069875,0.0078125,46,92,ZOMBIE                          Words and music by Dolores ORiordan,4415,1,Drum Kit _ 1
32.099069875,0.2265625,31,103,ZOMBIE                          Words and music by Dolores ORiordan,4415,29,Electric Bass (finger) _ 1
31.708444874999998,0.7265625,62,108,ZOMBIE                          Words and music by Dolores ORiordan,4365,93,Electric Guitar (clean) _ 1
32.106882375,0.359375,47,127,ZOMBIE                          Words and music by Dolores ORiordan,4416,46,Distortion Guitar _ 1
32.106882375,0.359375,50,127,ZOMBIE                          Words and music by Dolores ORiordan,4416,46,Distortion Guitar _ 1
31.739694874999998,0.7265625,43,127,ZOMBIE                          Words and music by Dolores ORiordan,4369,93,Distortion Guitar _ 1
32.474069875,0.0078125,36,107,ZOMBIE                          Words and music by Dolores ORiordan,4463,1,Drum Kit _ 1
32.474069875,0.0078125,46,82,ZOMBIE                          Words and music by Dolores ORiordan,4463,1,Drum Kit _ 1
32.474069875,0.3671875,31,103,ZOMBIE                          Words and music by Dolores ORiordan,4463,47,Electric Bass (finger) _ 1
32.849069875,0.0078125,40,121,ZOMBIE                          Words and music by Dolores ORiordan,4511,1,Drum Kit _ 1
32.849069875,0.0078125,49,77,ZOMBIE                          Words and music by Dolores ORiordan,4511,1,Drum Kit _ 1
32.474069875,0.3828125,47,127,ZOMBIE                          Words and music by Dolores ORiordan,4463,49,Distortion Guitar _ 1
32.474069875,0.3828125,50,127,ZOMBIE                          Words and music by Dolores ORiordan,4463,49,Distortion Guitar _ 1
32.474069875,0.40625,43,127,ZOMBIE                          Words and music by Dolores ORiordan,4463,52,Distortion Guitar _ 1
32.849069875,0.3671875,33,101,ZOMBIE                          Words and music by Dolores ORiordan,4511,47,Electric Bass (finger) _ 1
32.864694875,0.3515625,45,127,ZOMBIE                          Words and music by Dolores ORiordan,4513,45,Distortion Guitar _ 1
33.224069875,0.0078125,40,127,ZOMBIE                          Words and music by Dolores ORiordan,4559,1,Drum Kit _ 1
33.224069875,0.0078125,52,81,ZOMBIE                          Words and music by Dolores ORiordan,4559,1,Drum Kit _ 1
32.864694875,0.3671875,47,127,ZOMBIE                          Words and music by Dolores ORiordan,4513,47,Distortion Guitar _ 1
32.864694875,0.375,50,127,ZOMBIE                          Words and music by Dolores ORiordan,4513,48,Distortion Guitar _ 1
32.849069875,0.5703125,55,110,ZOMBIE                          Words and music by Dolores ORiordan,4511,73,Electric Guitar (clean) _ 1
33.224069875,0.2265625,31,99,ZOMBIE                          Words and music by Dolores ORiordan,4559,29,Electric Bass (finger) _ 1
33.239694875,0.21875,47,127,ZOMBIE                          Words and music by Dolores ORiordan,4561,28,Distortion Guitar _ 1
33.239694875,0.2890625,43,123,ZOMBIE                          Words and music by Dolores ORiordan,4561,37,Distortion Guitar _ 1
32.091257375,1.484375,64,108,ZOMBIE                          Words and music by Dolores ORiordan,4414,190,Electric Guitar (clean) _ 1
33.247507375,0.34375,50,127,ZOMBIE                          Words and music by Dolores ORiordan,4562,44,Distortion Guitar _ 1
33.599069875,0.0078125,36,115,ZOMBIE                          Words and music by Dolores ORiordan,4607,1,Drum Kit _ 1
33.599069875,0.0078125,46,86,ZOMBIE                          Words and music by Dolores ORiordan,4607,1,Drum Kit _ 1
33.599069875,0.2734375,30,110,ZOMBIE                          Words and music by Dolores ORiordan,4607,35,Electric Bass (finger) _ 1
32.474069875,1.484375,62,106,ZOMBIE                          Words and music by Dolores ORiordan,4463,190,Electric Guitar (clean) _ 1
33.591257375,0.375,42,127,ZOMBIE                          Words and music by Dolores ORiordan,4606,48,Distortion Guitar _ 1
33.599069875,0.375,45,127,ZOMBIE                          Words and music by Dolores ORiordan,4607,48,Distortion Guitar _ 1
33.599069875,0.375,50,127,ZOMBIE                          Words and music by Dolores ORiordan,4607,48,Distortion Guitar _ 1
33.974069875,0.0078125,36,110,ZOMBIE                          Words and music by Dolores ORiordan,4655,1,Drum Kit _ 1
33.974069875,0.0078125,46,93,ZOMBIE                          Words and music by Dolores ORiordan,4655,1,Drum Kit _ 1
33.974069875,0.21875,30,87,ZOMBIE                          Words and music by Dolores ORiordan,4655,28,Electric Bass (finger) _ 1
33.981882375,0.359375,50,127,ZOMBIE                          Words and music by Dolores ORiordan,4656,46,Distortion Guitar _ 1
34.349069875,0.0078125,40,123,ZOMBIE                          Words and music by Dolores ORiordan,4703,1,Drum Kit _ 1
34.349069875,0.0078125,49,71,ZOMBIE                          Words and music by Dolores ORiordan,4703,1,Drum Kit _ 1
34.349069875,0.25,30,97,ZOMBIE                          Words and music by Dolores ORiordan,4703,32,Electric Bass (finger) _ 1
33.989694875,0.6796875,62,108,ZOMBIE                          Words and music by Dolores ORiordan,4657,87,Electric Guitar (clean) _ 1
33.974069875,0.7421875,42,127,ZOMBIE                          Words and music by Dolores ORiordan,4655,95,Distortion Guitar _ 1
34.349069875,0.3671875,50,127,ZOMBIE                          Words and music by Dolores ORiordan,4703,47,Distortion Guitar _ 1
34.724069875,0.0078125,40,127,ZOMBIE                          Words and music by Dolores ORiordan,4751,1,Drum Kit _ 1
34.724069875,0.0078125,52,77,ZOMBIE                          Words and music by Dolores ORiordan,4751,1,Drum Kit _ 1
34.349069875,0.5703125,55,110,ZOMBIE                          Words and music by Dolores ORiordan,4703,73,Electric Guitar (clean) _ 1
34.731882375,0.1875,30,89,ZOMBIE                          Words and music by Dolores ORiordan,4752,24,Electric Bass (finger) _ 1
33.606882375,1.453125,64,110,ZOMBIE                          Words and music by Dolores ORiordan,4608,186,Electric Guitar (clean) _ 1
34.724069875,0.3671875,42,127,ZOMBIE                          Words and music by Dolores ORiordan,4751,47,Distortion Guitar _ 1
34.724069875,0.375,50,127,ZOMBIE                          Words and music by Dolores ORiordan,4751,48,Distortion Guitar _ 1
35.099069875,0.0078125,36,112,ZOMBIE                          Words and music by Dolores ORiordan,4799,1,Drum Kit _ 1
35.099069875,0.0078125,46,90,ZOMBIE                          Words and music by Dolores ORiordan,4799,1,Drum Kit _ 1
35.106882375,0.015625,50,127,ZOMBIE                          Words and music by Dolores ORiordan,4800,2,Distortion Guitar _ 1
34.724069875,0.71875,62,108,ZOMBIE                          Words and music by Dolores ORiordan,4751,92,Electric Guitar (clean) _ 1
35.099069875,0.3671875,30,98,ZOMBIE                          Words and music by Dolores ORiordan,4799,47,Electric Bass (finger) _ 1
35.099069875,0.3671875,45,127,ZOMBIE                          Words and music by Dolores ORiordan,4799,47,Distortion Guitar _ 1
35.099069875,0.3671875,42,126,ZOMBIE                          Words and music by Dolores ORiordan,4799,47,Distortion Guitar _ 1
35.474069875,0.0078125,40,127,ZOMBIE                          Words and music by Dolores ORiordan,4847,1,Drum Kit _ 1
35.489694875,0.0078125,46,90,ZOMBIE                          Words and music by Dolores ORiordan,4849,1,Drum Kit _ 1
35.474069875,0.359375,31,100,ZOMBIE                          Words and music by Dolores ORiordan,4847,46,Electric Bass (finger) _ 1
35.474069875,0.359375,45,127,ZOMBIE                          Words and music by Dolores ORiordan,4847,46,Distortion Guitar _ 1
35.474069875,0.3671875,50,127,ZOMBIE                          Words and music by Dolores ORiordan,4847,47,Distortion Guitar _ 1
35.849069875,0.0078125,40,87,ZOMBIE                          Words and music by Dolores ORiordan,4895,1,Drum Kit _ 1
35.849069875,0.0078125,46,97,ZOMBIE                          Words and music by Dolores ORiordan,4895,1,Drum Kit _ 1
35.474069875,0.3828125,43,127,ZOMBIE                          Words and music by Dolores ORiordan,4847,49,Distortion Guitar _ 1
36.036569875,0.0078125,40,125,ZOMBIE                          Words and music by Dolores ORiordan,4919,1,Drum Kit _ 1
35.849069875,0.3671875,30,110,ZOMBIE                          Words and music by Dolores ORiordan,4895,47,Electric Bass (finger) _ 1
35.841257375,0.375,45,127,ZOMBIE                          Words and music by Dolores ORiordan,4894,48,Distortion Guitar _ 1
35.849069875,0.3671875,50,127,ZOMBIE                          Words and music by Dolores ORiordan,4895,47,Distortion Guitar _ 1
35.849069875,0.3671875,42,127,ZOMBIE                          Words and music by Dolores ORiordan,4895,47,Distortion Guitar _ 1
36.224069875,0.0078125,44,89,ZOMBIE                          Words and music by Dolores ORiordan,4943,1,Drum Kit _ 1
36.224069875,0.0078125,43,114,ZOMBIE                          Words and music by Dolores ORiordan,4943,1,Drum Kit _ 1
35.099069875,1.21875,64,110,ZOMBIE                          Words and music by Dolores ORiordan,4799,156,Electric Guitar (clean) _ 1
35.489694875,0.8828125,62,105,ZOMBIE                          Words and music by Dolores ORiordan,4849,113,Electric Guitar (clean) _ 1
36.411569875,0.0078125,44,76,ZOMBIE                          Words and music by Dolores ORiordan,4967,1,Drum Kit _ 1
36.411569875,0.0078125,43,127,ZOMBIE                          Words and music by Dolores ORiordan,4967,1,Drum Kit _ 1
36.224069875,0.34375,50,127,ZOMBIE                          Words and music by Dolores ORiordan,4943,44,Distortion Guitar _ 1
36.224069875,0.3515625,45,127,ZOMBIE                          Words and music by Dolores ORiordan,4943,45,Distortion Guitar _ 1
35.841257375,0.7421875,55,110,ZOMBIE                          Words and music by Dolores ORiordan,4894,95,Electric Guitar (clean) _ 1
36.224069875,0.3671875,31,106,ZOMBIE                          Words and music by Dolores ORiordan,4943,47,Electric Bass (finger) _ 1
36.599069875,0.0078125,36,111,ZOMBIE                          Words and music by Dolores ORiordan,4991,1,Drum Kit _ 1
36.599069875,0.0078125,42,101,ZOMBIE                          Words and music by Dolores ORiordan,4991,1,Drum Kit _ 1
36.786569875,0.0078125,42,83,ZOMBIE                          Words and music by Dolores ORiordan,5015,1,Drum Kit _ 1
36.606882375,0.2109375,28,113,ZOMBIE                          Words and music by Dolores ORiordan,4992,27,Electric Bass (finger) _ 1
36.606882375,0.359375,64,88,ZOMBIE                          Words and music by Dolores ORiordan,4992,46,Clavinet _ 1
36.591257375,0.375,55,127,ZOMBIE                          Words and music by Dolores ORiordan,4990,48,Electric Guitar (clean) _ 1
36.591257375,0.375,59,88,ZOMBIE                          Words and music by Dolores ORiordan,4990,48,Clavinet _ 1
36.567819875,0.3984375,52,87,ZOMBIE                          Words and music by Dolores ORiordan,4987,51,Clavinet _ 1
36.974069875,0.0078125,36,111,ZOMBIE                          Words and music by Dolores ORiordan,5039,1,Drum Kit _ 1
36.974069875,0.0078125,42,68,ZOMBIE                          Words and music by Dolores ORiordan,5039,1,Drum Kit _ 1
37.161569875,0.0078125,42,76,ZOMBIE                          Words and music by Dolores ORiordan,5063,1,Drum Kit _ 1
36.974069875,0.2421875,28,93,ZOMBIE                          Words and music by Dolores ORiordan,5039,31,Electric Bass (finger) _ 1
36.974069875,0.2890625,52,85,ZOMBIE                          Words and music by Dolores ORiordan,5039,37,Clavinet _ 1
36.442819875,0.828125,47,85,ZOMBIE                          Words and music by Dolores ORiordan,4971,106,Clavinet _ 1
36.606882375,0.71875,40,127,ZOMBIE                          Words and music by Dolores ORiordan,4992,92,Distortion Guitar _ 1
36.974069875,0.3671875,55,87,ZOMBIE                          Words and music by Dolores ORiordan,5039,47,Clavinet _ 1
36.974069875,0.375,64,84,ZOMBIE                          Words and music by Dolores ORiordan,5039,48,Clavinet _ 1
36.974069875,0.375,59,86,ZOMBIE                          Words and music by Dolores ORiordan,5039,48,Clavinet _ 1
37.349069875,0.0078125,42,109,ZOMBIE                          Words and music by Dolores ORiordan,5087,1,Drum Kit _ 1
37.349069875,0.0078125,43,114,ZOMBIE                          Words and music by Dolores ORiordan,5087,1,Drum Kit _ 1
37.536569875,0.0078125,42,66,ZOMBIE                          Words and music by Dolores ORiordan,5111,1,Drum Kit _ 1
37.349069875,0.2421875,28,106,ZOMBIE                          Words and music by Dolores ORiordan,5087,31,Electric Bass (finger) _ 1
37.349069875,0.3671875,52,121,ZOMBIE                          Words and music by Dolores ORiordan,5087,47,Electric Guitar (muted) _ 1
37.349069875,0.3671875,55,87,ZOMBIE                          Words and music by Dolores ORiordan,5087,47,Clavinet _ 1
37.356882375,0.3671875,59,87,ZOMBIE                          Words and music by Dolores ORiordan,5088,47,Clavinet _ 1
37.724069875,0.0078125,54,61,ZOMBIE                          Words and music by Dolores ORiordan,5135,1,Drum Kit _ 1
37.724069875,0.0078125,36,107,ZOMBIE                          Words and music by Dolores ORiordan,5135,1,Drum Kit _ 1
37.356882375,0.375,64,87,ZOMBIE                          Words and music by Dolores ORiordan,5088,48,Clavinet _ 1
37.739694875,0.1640625,64,87,ZOMBIE                          Words and music by Dolores ORiordan,5137,21,Clavinet _ 1
37.731882375,0.171875,59,87,ZOMBIE                          Words and music by Dolores ORiordan,5136,22,Clavinet _ 1
37.724069875,0.2734375,28,91,ZOMBIE                          Words and music by Dolores ORiordan,5135,35,Electric Bass (finger) _ 1
37.349069875,0.6875,47,121,ZOMBIE                          Words and music by Dolores ORiordan,5087,88,Electric Guitar (muted) _ 1
37.349069875,0.6953125,40,121,ZOMBIE                          Words and music by Dolores ORiordan,5087,89,Electric Guitar (muted) _ 1
37.724069875,0.3359375,52,86,ZOMBIE                          Words and music by Dolores ORiordan,5135,43,Clavinet _ 1
38.099069875,0.0078125,54,107,ZOMBIE                          Words and music by Dolores ORiordan,5183,1,Drum Kit _ 1
38.099069875,0.0078125,36,112,ZOMBIE                          Words and music by Dolores ORiordan,5183,1,Drum Kit _ 1
37.911569875,0.3671875,59,87,ZOMBIE                          Words and music by Dolores ORiordan,5159,47,Clavinet _ 1
37.911569875,0.3671875,64,87,ZOMBIE                          Words and music by Dolores ORiordan,5159,47,Clavinet _ 1
37.724069875,0.5625,55,87,ZOMBIE                          Words and music by Dolores ORiordan,5135,72,Clavinet _ 1
38.099069875,0.2578125,28,105,ZOMBIE                          Words and music by Dolores ORiordan,5183,33,Electric Bass (finger) _ 1
38.294382375,0.1640625,55,86,ZOMBIE                          Words and music by Dolores ORiordan,5208,21,Clavinet _ 1
38.091257375,0.3671875,47,102,ZOMBIE                          Words and music by Dolores ORiordan,5182,47,Electric Guitar (muted) _ 1
38.286569875,0.1796875,64,87,ZOMBIE                          Words and music by Dolores ORiordan,5207,23,Clavinet _ 1
38.091257375,0.375,40,112,ZOMBIE                          Words and music by Dolores ORiordan,5182,48,Electric Guitar (muted) _ 1
38.091257375,0.375,52,81,ZOMBIE                          Words and music by Dolores ORiordan,5182,48,Electric Guitar (muted) _ 1
38.474069875,0.0078125,54,68,ZOMBIE                          Words and music by Dolores ORiordan,5231,1,Drum Kit _ 1
38.474069875,0.0078125,36,110,ZOMBIE                          Words and music by Dolores ORiordan,5231,1,Drum Kit _ 1
38.661569875,0.0078125,42,77,ZOMBIE                          Words and music by Dolores ORiordan,5255,1,Drum Kit _ 1
38.474069875,0.2890625,28,89,ZOMBIE                          Words and music by Dolores ORiordan,5231,37,Electric Bass (finger) _ 1
38.474069875,0.3125,55,87,ZOMBIE                          Words and music by Dolores ORiordan,5231,40,Clavinet _ 1
38.474069875,0.3203125,64,84,ZOMBIE                          Words and music by Dolores ORiordan,5231,41,Clavinet _ 1
38.286569875,0.5078125,59,86,ZOMBIE                          Words and music by Dolores ORiordan,5207,65,Clavinet _ 1
38.474069875,0.3203125,52,57,ZOMBIE                          Words and music by Dolores ORiordan,5231,41,Electric Guitar (muted) _ 1
38.833444875,0.0078125,55,112,ZOMBIE                          Words and music by Dolores ORiordan,5277,1,Electric Guitar (clean) _ 1
38.849069875,0.0078125,42,95,ZOMBIE                          Words and music by Dolores ORiordan,5279,1,Drum Kit _ 1
38.849069875,0.0078125,43,110,ZOMBIE                          Words and music by Dolores ORiordan,5279,1,Drum Kit _ 1
38.849069875,0.1796875,55,84,ZOMBIE                          Words and music by Dolores ORiordan,5279,23,Clavinet _ 1
38.841257375,0.1875,64,108,ZOMBIE                          Words and music by Dolores ORiordan,5278,24,Electric Guitar (clean) _ 1
38.841257375,0.1875,59,116,ZOMBIE                          Words and music by Dolores ORiordan,5278,24,Electric Guitar (clean) _ 1
38.841257375,0.1953125,52,114,ZOMBIE                          Words and music by Dolores ORiordan,5278,25,Electric Guitar (muted) _ 1
39.036569875,0.0078125,42,70,ZOMBIE                          Words and music by Dolores ORiordan,5303,1,Drum Kit _ 1
38.849069875,0.25,28,101,ZOMBIE                          Words and music by Dolores ORiordan,5279,32,Electric Bass (finger) _ 1
39.044382375,0.1640625,52,86,ZOMBIE                          Words and music by Dolores ORiordan,5304,21,Clavinet _ 1
39.036569875,0.1796875,55,87,ZOMBIE                          Words and music by Dolores ORiordan,5303,23,Clavinet _ 1
39.036569875,0.1796875,64,87,ZOMBIE                          Words and music by Dolores ORiordan,5303,23,Clavinet _ 1
39.224069875,0.0078125,36,107,ZOMBIE                          Words and music by Dolores ORiordan,5327,1,Drum Kit _ 1
39.224069875,0.0078125,42,66,ZOMBIE                          Words and music by Dolores ORiordan,5327,1,Drum Kit _ 1
38.474069875,0.7578125,47,103,ZOMBIE                          Words and music by Dolores ORiordan,5231,97,Electric Guitar (muted) _ 1
39.239694875,0.171875,47,76,ZOMBIE                          Words and music by Dolores ORiordan,5329,22,Electric Guitar (muted) _ 1
39.411569875,0.0078125,42,68,ZOMBIE                          Words and music by Dolores ORiordan,5351,1,Drum Kit _ 1
39.239694875,0.2265625,52,80,ZOMBIE                          Words and music by Dolores ORiordan,5329,29,Electric Guitar (muted) _ 1
39.231882375,0.296875,28,96,ZOMBIE                          Words and music by Dolores ORiordan,5328,38,Electric Bass (finger) _ 1
39.224069875,0.3515625,50,90,ZOMBIE                          Words and music by Dolores ORiordan,5327,45,Clavinet _ 1
39.224069875,0.359375,55,88,ZOMBIE                          Words and music by Dolores ORiordan,5327,46,Clavinet _ 1
39.036569875,0.546875,59,88,ZOMBIE                          Words and music by Dolores ORiordan,5303,70,Clavinet _ 1
39.224069875,0.3671875,64,87,ZOMBIE                          Words and music by Dolores ORiordan,5327,47,Clavinet _ 1
39.599069875,0.0078125,36,113,ZOMBIE                          Words and music by Dolores ORiordan,5375,1,Drum Kit _ 1
39.599069875,0.0078125,42,95,ZOMBIE                          Words and music by Dolores ORiordan,5375,1,Drum Kit _ 1
38.474069875,1.1484375,40,118,ZOMBIE                          Words and music by Dolores ORiordan,5231,147,Electric Guitar (muted) _ 1
39.786569875,0.0078125,42,61,ZOMBIE                          Words and music by Dolores ORiordan,5399,1,Drum Kit _ 1
39.591257375,0.328125,59,87,ZOMBIE                          Words and music by Dolores ORiordan,5374,42,Clavinet _ 1
39.591257375,0.3671875,48,89,ZOMBIE                          Words and music by Dolores ORiordan,5374,47,Clavinet _ 1
39.599069875,0.3671875,64,87,ZOMBIE                          Words and music by Dolores ORiordan,5375,47,Clavinet _ 1
39.591257375,0.375,55,87,ZOMBIE                          Words and music by Dolores ORiordan,5374,48,Clavinet _ 1
39.567819875,0.3984375,52,80,ZOMBIE                          Words and music by Dolores ORiordan,5371,51,Clavinet _ 1
39.974069875,0.0078125,42,68,ZOMBIE                          Words and music by Dolores ORiordan,5423,1,Drum Kit _ 1
39.974069875,0.1640625,52,86,ZOMBIE                          Words and music by Dolores ORiordan,5423,21,Clavinet _ 1
40.161569875,0.0078125,42,67,ZOMBIE                          Words and music by Dolores ORiordan,5447,1,Drum Kit _ 1
39.981882375,0.21875,36,89,ZOMBIE                          Words and music by Dolores ORiordan,5424,28,Electric Bass (finger) _ 1
39.974069875,0.3671875,64,87,ZOMBIE                          Words and music by Dolores ORiordan,5423,47,Clavinet _ 1
39.974069875,0.3671875,55,87,ZOMBIE                          Words and music by Dolores ORiordan,5423,47,Clavinet _ 1
39.974069875,0.3671875,59,88,ZOMBIE                          Words and music by Dolores ORiordan,5423,47,Clavinet _ 1
40.349069875,0.0078125,42,103,ZOMBIE                          Words and music by Dolores ORiordan,5471,1,Drum Kit _ 1
40.349069875,0.0078125,43,118,ZOMBIE                          Words and music by Dolores ORiordan,5471,1,Drum Kit _ 1
40.536569875,0.0078125,42,66,ZOMBIE                          Words and music by Dolores ORiordan,5495,1,Drum Kit _ 1
40.349069875,0.2734375,36,101,ZOMBIE                          Words and music by Dolores ORiordan,5471,35,Electric Bass (finger) _ 1
40.349069875,0.3671875,64,87,ZOMBIE                          Words and music by Dolores ORiordan,5471,47,Clavinet _ 1
40.349069875,0.3671875,55,88,ZOMBIE                          Words and music by Dolores ORiordan,5471,47,Clavinet _ 1
40.349069875,0.3671875,59,88,ZOMBIE                          Words and music by Dolores ORiordan,5471,47,Clavinet _ 1
40.349069875,0.3671875,52,87,ZOMBIE                          Words and music by Dolores ORiordan,5471,47,Clavinet _ 1
39.974069875,0.7421875,48,90,ZOMBIE                          Words and music by Dolores ORiordan,5423,95,Electric Guitar (muted) _ 1
40.724069875,0.0078125,54,60,ZOMBIE                          Words and music by Dolores ORiordan,5519,1,Drum Kit _ 1
40.724069875,0.0078125,36,107,ZOMBIE                          Words and music by Dolores ORiordan,5519,1,Drum Kit _ 1
40.724069875,0.15625,64,86,ZOMBIE                          Words and music by Dolores ORiordan,5519,20,Clavinet _ 1
40.724069875,0.1796875,55,87,ZOMBIE                          Words and music by Dolores ORiordan,5519,23,Clavinet _ 1
40.724069875,0.1796875,59,87,ZOMBIE                          Words and music by Dolores ORiordan,5519,23,Clavinet _ 1
40.731882375,0.3515625,52,64,ZOMBIE                          Words and music by Dolores ORiordan,5520,45,Electric Guitar (muted) _ 1
40.724069875,0.359375,48,107,ZOMBIE                          Words and music by Dolores ORiordan,5519,46,Electric Guitar (muted) _ 1
41.099069875,0.0078125,54,101,ZOMBIE                          Words and music by Dolores ORiordan,5567,1,Drum Kit _ 1
41.099069875,0.0078125,36,109,ZOMBIE                          Words and music by Dolores ORiordan,5567,1,Drum Kit _ 1
40.911569875,0.3671875,59,87,ZOMBIE                          Words and music by Dolores ORiordan,5543,47,Clavinet _ 1
40.911569875,0.3671875,64,87,ZOMBIE                          Words and music by Dolores ORiordan,5543,47,Clavinet _ 1
40.911569875,0.3828125,55,87,ZOMBIE                          Words and music by Dolores ORiordan,5543,49,Clavinet _ 1
41.099069875,0.3671875,48,122,ZOMBIE                          Words and music by Dolores ORiordan,5567,47,Electric Guitar (muted) _ 1
41.286569875,0.1796875,59,87,ZOMBIE                          Words and music by Dolores ORiordan,5591,23,Clavinet _ 1
41.099069875,0.3671875,52,76,ZOMBIE                          Words and music by Dolores ORiordan,5567,47,Electric Guitar (muted) _ 1
41.286569875,0.1875,64,87,ZOMBIE                          Words and music by Dolores ORiordan,5591,24,Clavinet _ 1
41.474069875,0.0078125,54,66,ZOMBIE                          Words and music by Dolores ORiordan,5615,1,Drum Kit _ 1
41.474069875,0.0078125,36,108,ZOMBIE                          Words and music by Dolores ORiordan,5615,1,Drum Kit _ 1
41.474069875,0.3125,59,87,ZOMBIE                          Words and music by Dolores ORiordan,5615,40,Clavinet _ 1
41.481882375,0.3203125,64,87,ZOMBIE                          Words and music by Dolores ORiordan,5616,41,Clavinet _ 1
41.302194875,0.5,55,87,ZOMBIE                          Words and music by Dolores ORiordan,5593,64,Clavinet _ 1
41.474069875,0.328125,52,87,ZOMBIE                          Words and music by Dolores ORiordan,5615,42,Clavinet _ 1
41.849069875,0.0078125,42,97,ZOMBIE                          Words and music by Dolores ORiordan,5663,1,Drum Kit _ 1
41.849069875,0.0078125,43,117,ZOMBIE                          Words and music by Dolores ORiordan,5663,1,Drum Kit _ 1
41.849069875,0.1796875,64,104,ZOMBIE                          Words and music by Dolores ORiordan,5663,23,Electric Guitar (clean) _ 1
42.036569875,0.0078125,42,64,ZOMBIE                          Words and music by Dolores ORiordan,5687,1,Drum Kit _ 1
41.849069875,0.1953125,59,87,ZOMBIE                          Words and music by Dolores ORiordan,5663,25,Clavinet _ 1
41.849069875,0.2890625,36,96,ZOMBIE                          Words and music by Dolores ORiordan,5663,37,Electric Bass (finger) _ 1
42.224069875,0.0078125,46,63,ZOMBIE                          Words and music by Dolores ORiordan,5711,1,Drum Kit _ 1
42.052194875,0.1796875,59,86,ZOMBIE                          Words and music by Dolores ORiordan,5689,23,Clavinet _ 1
42.036569875,0.1953125,64,85,ZOMBIE                          Words and music by Dolores ORiordan,5687,25,Clavinet _ 1
41.841257375,0.390625,55,112,ZOMBIE                          Words and music by Dolores ORiordan,5662,50,Electric Guitar (clean) _ 1
41.474069875,0.765625,48,94,ZOMBIE                          Words and music by Dolores ORiordan,5615,98,Clavinet _ 1
41.841257375,0.4140625,52,126,ZOMBIE                          Words and music by Dolores ORiordan,5662,53,Electric Guitar (muted) _ 1
42.239694875,0.3359375,50,89,ZOMBIE                          Words and music by Dolores ORiordan,5713,43,Clavinet _ 1
42.224069875,0.3671875,36,90,ZOMBIE                          Words and music by Dolores ORiordan,5711,47,Electric Bass (finger) _ 1
42.239694875,0.359375,55,88,ZOMBIE                          Words and music by Dolores ORiordan,5713,46,Clavinet _ 1
42.239694875,0.359375,64,86,ZOMBIE                          Words and music by Dolores ORiordan,5713,46,Clavinet _ 1
42.599069875,0.0078125,36,109,ZOMBIE                          Words and music by Dolores ORiordan,5759,1,Drum Kit _ 1
42.599069875,0.0078125,42,91,ZOMBIE                          Words and music by Dolores ORiordan,5759,1,Drum Kit _ 1
42.239694875,0.3671875,59,88,ZOMBIE                          Words and music by Dolores ORiordan,5713,47,Clavinet _ 1
42.786569875,0.0078125,42,67,ZOMBIE                          Words and music by Dolores ORiordan,5783,1,Drum Kit _ 1
42.599069875,0.2421875,31,103,ZOMBIE                          Words and music by Dolores ORiordan,5759,31,Electric Bass (finger) _ 1
42.599069875,0.3515625,43,90,ZOMBIE                          Words and music by Dolores ORiordan,5759,45,Clavinet _ 1
42.599069875,0.375,50,94,ZOMBIE                          Words and music by Dolores ORiordan,5759,48,Clavinet _ 1
42.599069875,0.375,47,94,ZOMBIE                          Words and music by Dolores ORiordan,5759,48,Clavinet _ 1
42.974069875,0.0078125,36,109,ZOMBIE                          Words and music by Dolores ORiordan,5807,1,Drum Kit _ 1
42.974069875,0.0078125,42,72,ZOMBIE                          Words and music by Dolores ORiordan,5807,1,Drum Kit _ 1
42.606882375,0.375,55,87,ZOMBIE                          Words and music by Dolores ORiordan,5760,48,Clavinet _ 1
42.606882375,0.3828125,64,84,ZOMBIE                          Words and music by Dolores ORiordan,5760,49,Clavinet _ 1
42.614694875,0.375,59,88,ZOMBIE                          Words and music by Dolores ORiordan,5761,48,Clavinet _ 1
43.161569875,0.0078125,42,61,ZOMBIE                          Words and music by Dolores ORiordan,5831,1,Drum Kit _ 1
42.974069875,0.234375,31,96,ZOMBIE                          Words and music by Dolores ORiordan,5807,30,Electric Bass (finger) _ 1
42.974069875,0.34375,43,93,ZOMBIE                          Words and music by Dolores ORiordan,5807,44,Electric Guitar (muted) _ 1
42.981882375,0.3515625,47,84,ZOMBIE                          Words and music by Dolores ORiordan,5808,45,Clavinet _ 1
42.997507375,0.34375,59,87,ZOMBIE                          Words and music by Dolores ORiordan,5810,44,Clavinet _ 1
42.989694875,0.359375,55,87,ZOMBIE                          Words and music by Dolores ORiordan,5809,46,Clavinet _ 1
42.997507375,0.3515625,64,85,ZOMBIE                          Words and music by Dolores ORiordan,5810,45,Clavinet _ 1
43.349069875,0.0078125,42,94,ZOMBIE                          Words and music by Dolores ORiordan,5855,1,Drum Kit _ 1
43.349069875,0.0078125,43,114,ZOMBIE                          Words and music by Dolores ORiordan,5855,1,Drum Kit _ 1
43.536569875,0.0078125,42,64,ZOMBIE                          Words and music by Dolores ORiordan,5879,1,Drum Kit _ 1
43.356882375,0.234375,55,87,ZOMBIE                          Words and music by Dolores ORiordan,5856,30,Clavinet _ 1
43.349069875,0.2578125,31,103,ZOMBIE                          Words and music by Dolores ORiordan,5855,33,Electric Bass (finger) _ 1
42.981882375,0.734375,50,88,ZOMBIE                          Words and music by Dolores ORiordan,5808,94,Clavinet _ 1
43.349069875,0.375,59,87,ZOMBIE                          Words and music by Dolores ORiordan,5855,48,Clavinet _ 1
43.356882375,0.3671875,64,84,ZOMBIE                          Words and music by Dolores ORiordan,5856,47,Clavinet _ 1
43.724069875,0.0078125,54,72,ZOMBIE                          Words and music by Dolores ORiordan,5903,1,Drum Kit _ 1
43.724069875,0.0078125,36,106,ZOMBIE                          Words and music by Dolores ORiordan,5903,1,Drum Kit _ 1
43.349069875,0.3828125,47,88,ZOMBIE                          Words and music by Dolores ORiordan,5855,49,Clavinet _ 1
43.724069875,0.0078125,50,81,ZOMBIE                          Words and music by Dolores ORiordan,5903,1,Clavinet _ 1
42.622507375,1.109375,71,127,ZOMBIE                          Words and music by Dolores ORiordan,5762,142,Distortion Guitar _ 1
43.731882375,0.1640625,64,84,ZOMBIE                          Words and music by Dolores ORiordan,5904,21,Clavinet _ 1
43.731882375,0.171875,59,85,ZOMBIE                          Words and music by Dolores ORiordan,5904,22,Clavinet _ 1
43.731882375,0.1796875,55,85,ZOMBIE                          Words and music by Dolores ORiordan,5904,23,Clavinet _ 1
43.739694875,0.1796875,47,105,ZOMBIE                          Words and music by Dolores ORiordan,5905,23,Electric Guitar (muted) _ 1
43.731882375,0.1953125,43,89,ZOMBIE                          Words and music by Dolores ORiordan,5904,25,Electric Guitar (muted) _ 1
43.724069875,0.2578125,31,93,ZOMBIE                          Words and music by Dolores ORiordan,5903,33,Electric Bass (finger) _ 1
43.739694875,0.34375,50,65,ZOMBIE                          Words and music by Dolores ORiordan,5905,44,Electric Guitar (muted) _ 1
43.935007375,0.1484375,43,86,ZOMBIE                          Words and music by Dolores ORiordan,5930,19,Clavinet _ 1
43.927194875,0.171875,47,87,ZOMBIE                          Words and music by Dolores ORiordan,5929,22,Clavinet _ 1
44.099069875,0.0078125,54,92,ZOMBIE                          Words and music by Dolores ORiordan,5951,1,Drum Kit _ 1
44.099069875,0.0078125,36,110,ZOMBIE                          Words and music by Dolores ORiordan,5951,1,Drum Kit _ 1
43.911569875,0.3515625,59,87,ZOMBIE                          Words and music by Dolores ORiordan,5927,45,Clavinet _ 1
43.903757375,0.3671875,64,87,ZOMBIE                          Words and music by Dolores ORiordan,5926,47,Clavinet _ 1
43.919382375,0.375,55,87,ZOMBIE                          Words and music by Dolores ORiordan,5928,48,Clavinet _ 1
44.099069875,0.2734375,31,99,ZOMBIE                          Words and music by Dolores ORiordan,5951,35,Electric Bass (finger) _ 1
44.106882375,0.34375,47,105,ZOMBIE                          Words and music by Dolores ORiordan,5952,44,Electric Guitar (muted) _ 1
44.106882375,0.34375,43,91,ZOMBIE                          Words and music by Dolores ORiordan,5952,44,Electric Guitar (muted) _ 1
44.099069875,0.359375,50,61,ZOMBIE                          Words and music by Dolores ORiordan,5951,46,Electric Guitar (muted) _ 1
44.302194875,0.1640625,55,85,ZOMBIE                          Words and music by Dolores ORiordan,5977,21,Clavinet _ 1
44.286569875,0.1875,59,86,ZOMBIE                          Words and music by Dolores ORiordan,5975,24,Clavinet _ 1
44.474069875,0.0078125,54,75,ZOMBIE                          Words and music by Dolores ORiordan,5999,1,Drum Kit _ 1
44.474069875,0.0078125,36,108,ZOMBIE                          Words and music by Dolores ORiordan,5999,1,Drum Kit _ 1
44.278757375,0.203125,64,86,ZOMBIE                          Words and music by Dolores ORiordan,5974,26,Clavinet _ 1
43.731882375,0.9296875,69,124,ZOMBIE                          Words and music by Dolores ORiordan,5904,119,Distortion Guitar _ 1
44.661569875,0.0078125,42,70,ZOMBIE                          Words and music by Dolores ORiordan,6023,1,Drum Kit _ 1
44.481882375,0.2265625,31,91,ZOMBIE                          Words and music by Dolores ORiordan,6000,29,Electric Bass (finger) _ 1
44.489694875,0.328125,64,87,ZOMBIE                          Words and music by Dolores ORiordan,6001,42,Clavinet _ 1
44.474069875,0.359375,43,84,ZOMBIE                          Words and music by Dolores ORiordan,5999,46,Electric Guitar (muted) _ 1
44.474069875,0.359375,47,105,ZOMBIE                          Words and music by Dolores ORiordan,5999,46,Electric Guitar (muted) _ 1
44.474069875,0.3671875,55,87,ZOMBIE                          Words and music by Dolores ORiordan,5999,47,Clavinet _ 1
44.849069875,0.0078125,42,95,ZOMBIE                          Words and music by Dolores ORiordan,6047,1,Drum Kit _ 1
44.849069875,0.0078125,43,110,ZOMBIE                          Words and music by Dolores ORiordan,6047,1,Drum Kit _ 1
44.481882375,0.546875,59,87,ZOMBIE                          Words and music by Dolores ORiordan,6000,70,Clavinet _ 1
45.036569875,0.0078125,42,69,ZOMBIE                          Words and music by Dolores ORiordan,6071,1,Drum Kit _ 1
44.849069875,0.2421875,31,98,ZOMBIE                          Words and music by Dolores ORiordan,6047,31,Electric Bass (finger) _ 1
44.849069875,0.359375,47,105,ZOMBIE                          Words and music by Dolores ORiordan,6047,46,Electric Guitar (muted) _ 1
44.474069875,0.7421875,50,89,ZOMBIE                          Words and music by Dolores ORiordan,5999,95,Clavinet _ 1
44.849069875,0.3671875,55,85,ZOMBIE                          Words and music by Dolores ORiordan,6047,47,Clavinet _ 1
45.028757375,0.1953125,64,86,ZOMBIE                          Words and music by Dolores ORiordan,6070,25,Clavinet _ 1
45.224069875,0.0078125,36,107,ZOMBIE                          Words and music by Dolores ORiordan,6095,1,Drum Kit _ 1
45.224069875,0.0078125,42,64,ZOMBIE                          Words and music by Dolores ORiordan,6095,1,Drum Kit _ 1
45.224069875,0.1640625,47,90,ZOMBIE                          Words and music by Dolores ORiordan,6095,21,Clavinet _ 1
45.411569875,0.0078125,42,66,ZOMBIE                          Words and music by Dolores ORiordan,6119,1,Drum Kit _ 1
45.231882375,0.2265625,31,98,ZOMBIE                          Words and music by Dolores ORiordan,6096,29,Electric Bass (finger) _ 1
45.224069875,0.2890625,43,90,ZOMBIE                          Words and music by Dolores ORiordan,6095,37,Electric Guitar (muted) _ 1
45.224069875,0.3359375,50,87,ZOMBIE                          Words and music by Dolores ORiordan,6095,43,Clavinet _ 1
45.224069875,0.359375,55,88,ZOMBIE                          Words and music by Dolores ORiordan,6095,46,Clavinet _ 1
45.036569875,0.5546875,59,86,ZOMBIE                          Words and music by Dolores ORiordan,6071,71,Clavinet _ 1
45.231882375,0.3671875,64,86,ZOMBIE                          Words and music by Dolores ORiordan,6096,47,Clavinet _ 1
45.599069875,0.0078125,36,111,ZOMBIE                          Words and music by Dolores ORiordan,6143,1,Drum Kit _ 1
45.560007375,0.046875,42,91,ZOMBIE                          Words and music by Dolores ORiordan,6138,6,Clavinet _ 1
44.849069875,0.8828125,67,118,ZOMBIE                          Words and music by Dolores ORiordan,6047,113,Distortion Guitar _ 1
45.786569875,0.0078125,42,67,ZOMBIE                          Words and music by Dolores ORiordan,6167,1,Drum Kit _ 1
45.599069875,0.2578125,30,100,ZOMBIE                          Words and music by Dolores ORiordan,6143,33,Electric Bass (finger) _ 1
45.575632375,0.3515625,50,90,ZOMBIE                          Words and music by Dolores ORiordan,6140,45,Clavinet _ 1
45.567819875,0.375,45,87,ZOMBIE                          Words and music by Dolores ORiordan,6139,48,Clavinet _ 1
45.599069875,0.359375,59,87,ZOMBIE                          Words and music by Dolores ORiordan,6143,46,Clavinet _ 1
45.599069875,0.3671875,64,122,ZOMBIE                          Words and music by Dolores ORiordan,6143,47,Electric Guitar (clean) _ 1
45.974069875,0.0078125,42,68,ZOMBIE                          Words and music by Dolores ORiordan,6191,1,Drum Kit _ 1
45.989694875,0.1796875,42,94,ZOMBIE                          Words and music by Dolores ORiordan,6193,23,Electric Guitar (muted) _ 1
45.974069875,0.234375,30,84,ZOMBIE                          Words and music by Dolores ORiordan,6191,30,Electric Bass (finger) _ 1
45.966257375,0.359375,45,86,ZOMBIE                          Words and music by Dolores ORiordan,6190,46,Clavinet _ 1
45.974069875,0.3671875,64,87,ZOMBIE                          Words and music by Dolores ORiordan,6191,47,Clavinet _ 1
45.966257375,0.375,59,86,ZOMBIE                          Words and music by Dolores ORiordan,6190,48,Clavinet _ 1
45.591257375,0.75,55,88,ZOMBIE                          Words and music by Dolores ORiordan,6142,96,Clavinet _ 1
45.974069875,0.3671875,50,88,ZOMBIE                          Words and music by Dolores ORiordan,6191,47,Clavinet _ 1
46.349069875,0.0078125,42,99,ZOMBIE                          Words and music by Dolores ORiordan,6239,1,Drum Kit _ 1
46.349069875,0.0078125,43,111,ZOMBIE                          Words and music by Dolores ORiordan,6239,1,Drum Kit _ 1
46.356882375,0.1875,42,107,ZOMBIE                          Words and music by Dolores ORiordan,6240,24,Electric Guitar (muted) _ 1
46.349069875,0.265625,30,102,ZOMBIE                          Words and music by Dolores ORiordan,6239,34,Electric Bass (finger) _ 1
46.341257375,0.375,55,119,ZOMBIE                          Words and music by Dolores ORiordan,6238,48,Electric Guitar (clean) _ 1
46.349069875,0.3671875,64,85,ZOMBIE                          Words and music by Dolores ORiordan,6239,47,Clavinet _ 1
46.349069875,0.375,59,87,ZOMBIE                          Words and music by Dolores ORiordan,6239,48,Clavinet _ 1
46.349069875,0.375,45,87,ZOMBIE                          Words and music by Dolores ORiordan,6239,48,Clavinet _ 1
46.724069875,0.0078125,54,71,ZOMBIE                          Words and music by Dolores ORiordan,6287,1,Drum Kit _ 1
46.724069875,0.0078125,36,108,ZOMBIE                          Words and music by Dolores ORiordan,6287,1,Drum Kit _ 1
46.724069875,0.1796875,64,84,ZOMBIE                          Words and music by Dolores ORiordan,6287,23,Clavinet _ 1
46.731882375,0.1796875,59,86,ZOMBIE                          Words and music by Dolores ORiordan,6288,23,Clavinet _ 1
46.747507375,0.171875,45,102,ZOMBIE                          Words and music by Dolores ORiordan,6290,22,Electric Guitar (muted) _ 1
46.724069875,0.21875,30,85,ZOMBIE                          Words and music by Dolores ORiordan,6287,28,Electric Bass (finger) _ 1
45.966257375,1.046875,66,122,ZOMBIE                          Words and music by Dolores ORiordan,6190,134,Distortion Guitar _ 1
46.927194875,0.171875,45,80,ZOMBIE                          Words and music by Dolores ORiordan,6313,22,Clavinet _ 1
47.099069875,0.0078125,54,101,ZOMBIE                          Words and music by Dolores ORiordan,6335,1,Drum Kit _ 1
47.099069875,0.0078125,36,109,ZOMBIE                          Words and music by Dolores ORiordan,6335,1,Drum Kit _ 1
46.755319875,0.3515625,42,102,ZOMBIE                          Words and music by Dolores ORiordan,6291,45,Electric Guitar (muted) _ 1
46.919382375,0.359375,59,87,ZOMBIE                          Words and music by Dolores ORiordan,6312,46,Clavinet _ 1
46.911569875,0.3671875,64,86,ZOMBIE                          Words and music by Dolores ORiordan,6311,47,Clavinet _ 1
47.114694875,0.3125,42,102,ZOMBIE                          Words and music by Dolores ORiordan,6337,40,Electric Guitar (muted) _ 1
47.099069875,0.3671875,30,101,ZOMBIE                          Words and music by Dolores ORiordan,6335,47,Electric Bass (finger) _ 1
46.349069875,1.1171875,50,86,ZOMBIE                          Words and music by Dolores ORiordan,6239,143,Clavinet _ 1
47.114694875,0.3515625,45,102,ZOMBIE                          Words and music by Dolores ORiordan,6337,45,Electric Guitar (muted) _ 1
47.474069875,0.0078125,54,64,ZOMBIE                          Words and music by Dolores ORiordan,6383,1,Drum Kit _ 1
47.474069875,0.0078125,36,108,ZOMBIE                          Words and music by Dolores ORiordan,6383,1,Drum Kit _ 1
47.286569875,0.1953125,64,87,ZOMBIE                          Words and music by Dolores ORiordan,6359,25,Clavinet _ 1
47.474069875,0.0078125,50,88,ZOMBIE                          Words and music by Dolores ORiordan,6383,1,Clavinet _ 1
47.661569875,0.0078125,42,66,ZOMBIE                          Words and music by Dolores ORiordan,6407,1,Drum Kit _ 1
47.489694875,0.3125,43,110,ZOMBIE                          Words and music by Dolores ORiordan,6385,40,Electric Guitar (muted) _ 1
45.966257375,1.8515625,62,112,ZOMBIE                          Words and music by Dolores ORiordan,6190,237,Electric Guitar (clean) _ 1
47.474069875,0.3671875,31,108,ZOMBIE                          Words and music by Dolores ORiordan,6383,47,Electric Bass (finger) _ 1
47.489694875,0.3515625,45,84,ZOMBIE                          Words and music by Dolores ORiordan,6385,45,Clavinet _ 1
46.724069875,1.1171875,55,87,ZOMBIE                          Words and music by Dolores ORiordan,6287,143,Clavinet _ 1
47.849069875,0.0078125,42,103,ZOMBIE                          Words and music by Dolores ORiordan,6431,1,Drum Kit _ 1
47.849069875,0.0078125,43,111,ZOMBIE                          Words and music by Dolores ORiordan,6431,1,Drum Kit _ 1
47.489694875,0.3671875,64,87,ZOMBIE                          Words and music by Dolores ORiordan,6385,47,Clavinet _ 1
47.489694875,0.3671875,50,110,ZOMBIE                          Words and music by Dolores ORiordan,6385,47,Electric Guitar (muted) _ 1
47.864694875,0.1640625,64,86,ZOMBIE                          Words and music by Dolores ORiordan,6433,21,Clavinet _ 1
47.286569875,0.75,59,87,ZOMBIE                          Words and music by Dolores ORiordan,6359,96,Clavinet _ 1
47.856882375,0.1875,42,112,ZOMBIE                          Words and music by Dolores ORiordan,6432,24,Electric Guitar (muted) _ 1
47.864694875,0.1796875,50,112,ZOMBIE                          Words and music by Dolores ORiordan,6433,23,Electric Guitar (muted) _ 1
48.052194875,0.015625,50,81,ZOMBIE                          Words and music by Dolores ORiordan,6457,2,Clavinet _ 1
47.849069875,0.3671875,30,98,ZOMBIE                          Words and music by Dolores ORiordan,6431,47,Electric Bass (finger) _ 1
48.224069875,0.0078125,47,115,ZOMBIE                          Words and music by Dolores ORiordan,6479,1,Drum Kit _ 1
47.849069875,0.3828125,45,87,ZOMBIE                          Words and music by Dolores ORiordan,6431,49,Clavinet _ 1
48.036569875,0.1953125,64,85,ZOMBIE                          Words and music by Dolores ORiordan,6455,25,Clavinet _ 1
48.044382375,0.1875,59,86,ZOMBIE                          Words and music by Dolores ORiordan,6456,24,Clavinet _ 1
47.849069875,0.3828125,55,87,ZOMBIE                          Words and music by Dolores ORiordan,6431,49,Clavinet _ 1
47.849069875,0.53125,62,111,ZOMBIE                          Words and music by Dolores ORiordan,6431,68,Distortion Guitar _ 1
48.411569875,0.0078125,52,99,ZOMBIE                          Words and music by Dolores ORiordan,6503,1,Drum Kit _ 1
48.239694875,0.2578125,64,86,ZOMBIE                          Words and music by Dolores ORiordan,6481,33,Clavinet _ 1
48.239694875,0.2734375,45,86,ZOMBIE                          Words and music by Dolores ORiordan,6481,35,Clavinet _ 1
48.224069875,0.3203125,31,106,ZOMBIE                          Words and music by Dolores ORiordan,6479,41,Electric Bass (finger) _ 1
48.239694875,0.3046875,55,84,ZOMBIE                          Words and music by Dolores ORiordan,6481,39,Clavinet _ 1
48.231882375,0.3203125,43,97,ZOMBIE                          Words and music by Dolores ORiordan,6480,41,Electric Guitar (muted) _ 1
48.239694875,0.3203125,50,84,ZOMBIE                          Words and music by Dolores ORiordan,6481,41,Clavinet _ 1
48.239694875,0.3359375,59,83,ZOMBIE                          Words and music by Dolores ORiordan,6481,43,Clavinet _ 1
48.599069875,0.0078125,36,111,ZOMBIE                          Words and music by Dolores ORiordan,6527,1,Drum Kit _ 1
48.239694875,0.3671875,42,83,ZOMBIE                          Words and music by Dolores ORiordan,6481,47,Clavinet _ 1
48.786569875,0.0078125,42,83,ZOMBIE                          Words and music by Dolores ORiordan,6551,1,Drum Kit _ 1
48.606882375,0.2109375,28,113,ZOMBIE                          Words and music by Dolores ORiordan,6528,27,Electric Bass (finger) _ 1
48.974069875,0.0078125,36,111,ZOMBIE                          Words and music by Dolores ORiordan,6575,1,Drum Kit _ 1
48.974069875,0.0078125,42,57,ZOMBIE                          Words and music by Dolores ORiordan,6575,1,Drum Kit _ 1
49.161569875,0.0078125,42,73,ZOMBIE                          Words and music by Dolores ORiordan,6599,1,Drum Kit _ 1
48.974069875,0.2421875,28,93,ZOMBIE                          Words and music by Dolores ORiordan,6575,31,Electric Bass (finger) _ 1
48.989694875,0.3359375,40,78,ZOMBIE                          Words and music by Dolores ORiordan,6577,43,Electric Guitar (muted) _ 1
48.981882375,0.359375,47,78,ZOMBIE                          Words and music by Dolores ORiordan,6576,46,Electric Guitar (muted) _ 1
48.583444875,0.7578125,52,121,ZOMBIE                          Words and music by Dolores ORiordan,6525,97,Electric Guitar (muted) _ 1
49.349069875,0.0078125,42,107,ZOMBIE                          Words and music by Dolores ORiordan,6623,1,Drum Kit _ 1
49.349069875,0.0078125,43,114,ZOMBIE                          Words and music by Dolores ORiordan,6623,1,Drum Kit _ 1
49.536569875,0.0078125,42,69,ZOMBIE                          Words and music by Dolores ORiordan,6647,1,Drum Kit _ 1
49.349069875,0.2421875,28,106,ZOMBIE                          Words and music by Dolores ORiordan,6623,31,Electric Bass (finger) _ 1
49.341257375,0.375,76,107,ZOMBIE                          Words and music by Dolores ORiordan,6622,48,Shakuhachi _ 1
49.349069875,0.3671875,52,121,ZOMBIE                          Words and music by Dolores ORiordan,6623,47,Electric Guitar (muted) _ 1
49.724069875,0.0078125,36,107,ZOMBIE                          Words and music by Dolores ORiordan,6671,1,Drum Kit _ 1
49.724069875,0.0078125,42,57,ZOMBIE                          Words and music by Dolores ORiordan,6671,1,Drum Kit _ 1
49.911569875,0.0078125,42,65,ZOMBIE                          Words and music by Dolores ORiordan,6695,1,Drum Kit _ 1
49.724069875,0.2734375,28,91,ZOMBIE                          Words and music by Dolores ORiordan,6671,35,Electric Bass (finger) _ 1
49.349069875,0.6875,47,121,ZOMBIE                          Words and music by Dolores ORiordan,6623,88,Electric Guitar (muted) _ 1
49.349069875,0.6953125,40,121,ZOMBIE                          Words and music by Dolores ORiordan,6623,89,Electric Guitar (muted) _ 1
49.724069875,0.3359375,52,88,ZOMBIE                          Words and music by Dolores ORiordan,6671,43,Electric Guitar (muted) _ 1
50.099069875,0.0078125,36,112,ZOMBIE                          Words and music by Dolores ORiordan,6719,1,Drum Kit _ 1
50.099069875,0.0078125,42,87,ZOMBIE                          Words and music by Dolores ORiordan,6719,1,Drum Kit _ 1
50.286569875,0.0078125,42,69,ZOMBIE                          Words and music by Dolores ORiordan,6743,1,Drum Kit _ 1
50.099069875,0.2578125,28,105,ZOMBIE                          Words and music by Dolores ORiordan,6719,33,Electric Bass (finger) _ 1
49.716257375,0.734375,74,108,ZOMBIE                          Words and music by Dolores ORiordan,6670,94,Shakuhachi _ 1
50.091257375,0.3671875,47,102,ZOMBIE                          Words and music by Dolores ORiordan,6718,47,Electric Guitar (muted) _ 1
50.091257375,0.375,40,112,ZOMBIE                          Words and music by Dolores ORiordan,6718,48,Electric Guitar (muted) _ 1
50.091257375,0.375,52,81,ZOMBIE                          Words and music by Dolores ORiordan,6718,48,Electric Guitar (muted) _ 1
50.474069875,0.0078125,36,110,ZOMBIE                          Words and music by Dolores ORiordan,6767,1,Drum Kit _ 1
50.474069875,0.0078125,42,67,ZOMBIE                          Words and music by Dolores ORiordan,6767,1,Drum Kit _ 1
50.661569875,0.0078125,42,82,ZOMBIE                          Words and music by Dolores ORiordan,6791,1,Drum Kit _ 1
50.474069875,0.2890625,28,89,ZOMBIE                          Words and music by Dolores ORiordan,6767,37,Electric Bass (finger) _ 1
48.591257375,2.1953125,55,127,ZOMBIE                          Words and music by Dolores ORiordan,6526,281,Electric Guitar (clean) _ 1
48.614694875,2.1796875,64,103,ZOMBIE                          Words and music by Dolores ORiordan,6529,279,Electric Guitar (clean) _ 1
48.599069875,2.1953125,59,101,ZOMBIE                          Words and music by Dolores ORiordan,6527,281,Electric Guitar (clean) _ 1
50.474069875,0.3203125,52,57,ZOMBIE                          Words and music by Dolores ORiordan,6767,41,Electric Guitar (muted) _ 1
50.849069875,0.0078125,42,111,ZOMBIE                          Words and music by Dolores ORiordan,6815,1,Drum Kit _ 1
50.849069875,0.0078125,43,110,ZOMBIE                          Words and music by Dolores ORiordan,6815,1,Drum Kit _ 1
50.841257375,0.015625,59,115,ZOMBIE                          Words and music by Dolores ORiordan,6814,2,Electric Guitar (clean) _ 1
50.466257375,0.578125,71,103,ZOMBIE                          Words and music by Dolores ORiordan,6766,74,Shakuhachi _ 1
51.036569875,0.0078125,42,77,ZOMBIE                          Words and music by Dolores ORiordan,6839,1,Drum Kit _ 1
50.849069875,0.25,28,101,ZOMBIE                          Words and music by Dolores ORiordan,6815,32,Electric Bass (finger) _ 1
51.224069875,0.0078125,36,107,ZOMBIE                          Words and music by Dolores ORiordan,6863,1,Drum Kit _ 1
51.224069875,0.0078125,42,50,ZOMBIE                          Words and music by Dolores ORiordan,6863,1,Drum Kit _ 1
50.841257375,0.390625,52,114,ZOMBIE                          Words and music by Dolores ORiordan,6814,50,Electric Guitar (muted) _ 1
50.474069875,0.7578125,47,103,ZOMBIE                          Words and music by Dolores ORiordan,6767,97,Electric Guitar (muted) _ 1
51.411569875,0.0078125,42,76,ZOMBIE                          Words and music by Dolores ORiordan,6887,1,Drum Kit _ 1
51.239694875,0.2265625,52,80,ZOMBIE                          Words and music by Dolores ORiordan,6865,29,Electric Guitar (muted) _ 1
51.239694875,0.25,47,76,ZOMBIE                          Words and music by Dolores ORiordan,6865,32,Electric Guitar (muted) _ 1
51.231882375,0.296875,28,96,ZOMBIE                          Words and music by Dolores ORiordan,6864,38,Electric Bass (finger) _ 1
51.216257375,0.375,71,102,ZOMBIE                          Words and music by Dolores ORiordan,6862,48,Shakuhachi _ 1
51.599069875,0.0078125,36,113,ZOMBIE                          Words and music by Dolores ORiordan,6911,1,Drum Kit _ 1
51.599069875,0.0078125,42,85,ZOMBIE                          Words and music by Dolores ORiordan,6911,1,Drum Kit _ 1
50.474069875,1.1484375,40,118,ZOMBIE                          Words and music by Dolores ORiordan,6767,147,Electric Guitar (muted) _ 1
51.786569875,0.0078125,42,68,ZOMBIE                          Words and music by Dolores ORiordan,6935,1,Drum Kit _ 1
51.614694875,0.34375,48,112,ZOMBIE                          Words and music by Dolores ORiordan,6913,44,Electric Guitar (muted) _ 1
51.614694875,0.3515625,52,84,ZOMBIE                          Words and music by Dolores ORiordan,6913,45,Electric Guitar (muted) _ 1
51.591257375,0.3828125,74,108,ZOMBIE                          Words and music by Dolores ORiordan,6910,49,Shakuhachi _ 1
51.974069875,0.0078125,42,51,ZOMBIE                          Words and music by Dolores ORiordan,6959,1,Drum Kit _ 1
52.161569875,0.0078125,42,69,ZOMBIE                          Words and music by Dolores ORiordan,6983,1,Drum Kit _ 1
51.981882375,0.21875,36,89,ZOMBIE                          Words and music by Dolores ORiordan,6960,28,Electric Bass (finger) _ 1
51.974069875,0.3515625,52,62,ZOMBIE                          Words and music by Dolores ORiordan,6959,45,Electric Guitar (muted) _ 1
52.349069875,0.0078125,42,105,ZOMBIE                          Words and music by Dolores ORiordan,7007,1,Drum Kit _ 1
52.349069875,0.0078125,43,118,ZOMBIE                          Words and music by Dolores ORiordan,7007,1,Drum Kit _ 1
51.974069875,0.515625,72,93,ZOMBIE                          Words and music by Dolores ORiordan,6959,66,Shakuhachi _ 1
52.536569875,0.0078125,42,73,ZOMBIE                          Words and music by Dolores ORiordan,7031,1,Drum Kit _ 1
52.349069875,0.2734375,36,101,ZOMBIE                          Words and music by Dolores ORiordan,7007,35,Electric Bass (finger) _ 1
51.974069875,0.7421875,48,90,ZOMBIE                          Words and music by Dolores ORiordan,6959,95,Electric Guitar (muted) _ 1
52.349069875,0.375,52,81,ZOMBIE                          Words and music by Dolores ORiordan,7007,48,Electric Guitar (muted) _ 1
52.724069875,0.0078125,36,107,ZOMBIE                          Words and music by Dolores ORiordan,7055,1,Drum Kit _ 1
52.724069875,0.0078125,42,62,ZOMBIE                          Words and music by Dolores ORiordan,7055,1,Drum Kit _ 1
52.911569875,0.0078125,42,69,ZOMBIE                          Words and music by Dolores ORiordan,7079,1,Drum Kit _ 1
52.731882375,0.3515625,52,64,ZOMBIE                          Words and music by Dolores ORiordan,7056,45,Electric Guitar (muted) _ 1
52.724069875,0.359375,48,107,ZOMBIE                          Words and music by Dolores ORiordan,7055,46,Electric Guitar (muted) _ 1
52.716257375,0.375,71,99,ZOMBIE                          Words and music by Dolores ORiordan,7054,48,Shakuhachi _ 1
53.099069875,0.0078125,36,109,ZOMBIE                          Words and music by Dolores ORiordan,7103,1,Drum Kit _ 1
53.099069875,0.0078125,42,72,ZOMBIE                          Words and music by Dolores ORiordan,7103,1,Drum Kit _ 1
53.286569875,0.0078125,42,64,ZOMBIE                          Words and music by Dolores ORiordan,7127,1,Drum Kit _ 1
53.091257375,0.328125,69,99,ZOMBIE                          Words and music by Dolores ORiordan,7102,42,Shakuhachi _ 1
53.099069875,0.3671875,52,76,ZOMBIE                          Words and music by Dolores ORiordan,7103,47,Electric Guitar (muted) _ 1
53.099069875,0.3671875,48,122,ZOMBIE                          Words and music by Dolores ORiordan,7103,47,Electric Guitar (muted) _ 1
53.474069875,0.0078125,36,108,ZOMBIE                          Words and music by Dolores ORiordan,7151,1,Drum Kit _ 1
53.474069875,0.0078125,42,61,ZOMBIE                          Words and music by Dolores ORiordan,7151,1,Drum Kit _ 1
53.661569875,0.0078125,42,64,ZOMBIE                          Words and music by Dolores ORiordan,7175,1,Drum Kit _ 1
50.833444875,2.9375,55,112,ZOMBIE                          Words and music by Dolores ORiordan,6813,376,Electric Guitar (clean) _ 1
50.841257375,2.953125,64,106,ZOMBIE                          Words and music by Dolores ORiordan,6814,378,Electric Guitar (clean) _ 1
53.474069875,0.328125,52,72,ZOMBIE                          Words and music by Dolores ORiordan,7151,42,Electric Guitar (muted) _ 1
53.849069875,0.0078125,42,105,ZOMBIE                          Words and music by Dolores ORiordan,7199,1,Drum Kit _ 1
53.849069875,0.0078125,43,117,ZOMBIE                          Words and music by Dolores ORiordan,7199,1,Drum Kit _ 1
54.036569875,0.0078125,42,66,ZOMBIE                          Words and music by Dolores ORiordan,7223,1,Drum Kit _ 1
53.466257375,0.59375,69,101,ZOMBIE                          Words and music by Dolores ORiordan,7150,76,Shakuhachi _ 1
53.849069875,0.2890625,36,96,ZOMBIE                          Words and music by Dolores ORiordan,7199,37,Electric Bass (finger) _ 1
54.224069875,0.0078125,46,60,ZOMBIE                          Words and music by Dolores ORiordan,7247,1,Drum Kit _ 1
53.474069875,1.0234375,48,117,ZOMBIE                          Words and music by Dolores ORiordan,7151,131,Electric Guitar (muted) _ 1
53.841257375,0.6875,52,126,ZOMBIE                          Words and music by Dolores ORiordan,7198,88,Electric Guitar (muted) _ 1
54.224069875,0.3671875,36,90,ZOMBIE                          Words and music by Dolores ORiordan,7247,47,Electric Bass (finger) _ 1
54.216257375,0.3828125,69,90,ZOMBIE                          Words and music by Dolores ORiordan,7246,49,Shakuhachi _ 1
54.599069875,0.0078125,36,109,ZOMBIE                          Words and music by Dolores ORiordan,7295,1,Drum Kit _ 1
54.599069875,0.0078125,42,77,ZOMBIE                          Words and music by Dolores ORiordan,7295,1,Drum Kit _ 1
54.786569875,0.0078125,42,66,ZOMBIE                          Words and music by Dolores ORiordan,7319,1,Drum Kit _ 1
54.599069875,0.2421875,31,103,ZOMBIE                          Words and music by Dolores ORiordan,7295,31,Electric Bass (finger) _ 1
54.599069875,0.3515625,43,89,ZOMBIE                          Words and music by Dolores ORiordan,7295,45,Electric Guitar (muted) _ 1
54.599069875,0.3671875,72,101,ZOMBIE                          Words and music by Dolores ORiordan,7295,47,Shakuhachi _ 1
54.974069875,0.0078125,36,109,ZOMBIE                          Words and music by Dolores ORiordan,7343,1,Drum Kit _ 1
54.974069875,0.0078125,42,56,ZOMBIE                          Words and music by Dolores ORiordan,7343,1,Drum Kit _ 1
55.161569875,0.0078125,42,62,ZOMBIE                          Words and music by Dolores ORiordan,7367,1,Drum Kit _ 1
54.974069875,0.234375,31,96,ZOMBIE                          Words and music by Dolores ORiordan,7343,30,Electric Bass (finger) _ 1
54.974069875,0.34375,43,93,ZOMBIE                          Words and music by Dolores ORiordan,7343,44,Electric Guitar (muted) _ 1
54.606882375,0.7265625,47,105,ZOMBIE                          Words and music by Dolores ORiordan,7296,93,Electric Guitar (muted) _ 1
55.349069875,0.0078125,42,103,ZOMBIE                          Words and music by Dolores ORiordan,7391,1,Drum Kit _ 1
55.349069875,0.0078125,43,114,ZOMBIE                          Words and music by Dolores ORiordan,7391,1,Drum Kit _ 1
54.966257375,0.578125,71,96,ZOMBIE                          Words and music by Dolores ORiordan,7342,74,Shakuhachi _ 1
55.536569875,0.0078125,42,61,ZOMBIE                          Words and music by Dolores ORiordan,7415,1,Drum Kit _ 1
55.349069875,0.2578125,31,103,ZOMBIE                          Words and music by Dolores ORiordan,7391,33,Electric Bass (finger) _ 1
55.724069875,0.0078125,36,106,ZOMBIE                          Words and music by Dolores ORiordan,7439,1,Drum Kit _ 1
55.724069875,0.0078125,42,62,ZOMBIE                          Words and music by Dolores ORiordan,7439,1,Drum Kit _ 1
55.349069875,0.3828125,47,105,ZOMBIE                          Words and music by Dolores ORiordan,7391,49,Electric Guitar (muted) _ 1
54.981882375,0.75,50,61,ZOMBIE                          Words and music by Dolores ORiordan,7344,96,Electric Guitar (muted) _ 1
53.841257375,1.9921875,55,112,ZOMBIE                          Words and music by Dolores ORiordan,7198,255,Electric Guitar (clean) _ 1
55.911569875,0.0078125,42,66,ZOMBIE                          Words and music by Dolores ORiordan,7463,1,Drum Kit _ 1
55.724069875,0.2578125,31,93,ZOMBIE                          Words and music by Dolores ORiordan,7439,33,Electric Bass (finger) _ 1
55.739694875,0.34375,50,65,ZOMBIE                          Words and music by Dolores ORiordan,7441,44,Electric Guitar (muted) _ 1
55.731882375,0.3515625,43,89,ZOMBIE                          Words and music by Dolores ORiordan,7440,45,Electric Guitar (muted) _ 1
55.739694875,0.359375,47,105,ZOMBIE                          Words and music by Dolores ORiordan,7441,46,Electric Guitar (muted) _ 1
56.099069875,0.0078125,36,110,ZOMBIE                          Words and music by Dolores ORiordan,7487,1,Drum Kit _ 1
56.099069875,0.0078125,42,77,ZOMBIE                          Words and music by Dolores ORiordan,7487,1,Drum Kit _ 1
53.849069875,2.3203125,59,115,ZOMBIE                          Words and music by Dolores ORiordan,7199,297,Electric Guitar (clean) _ 1
56.286569875,0.0078125,42,65,ZOMBIE                          Words and music by Dolores ORiordan,7511,1,Drum Kit _ 1
56.099069875,0.2734375,31,99,ZOMBIE                          Words and music by Dolores ORiordan,7487,35,Electric Bass (finger) _ 1
55.724069875,0.71875,69,112,ZOMBIE                          Words and music by Dolores ORiordan,7439,92,Shakuhachi _ 1
56.106882375,0.34375,47,105,ZOMBIE                          Words and music by Dolores ORiordan,7488,44,Electric Guitar (muted) _ 1
56.106882375,0.34375,43,91,ZOMBIE                          Words and music by Dolores ORiordan,7488,44,Electric Guitar (muted) _ 1
56.099069875,0.359375,50,61,ZOMBIE                          Words and music by Dolores ORiordan,7487,46,Electric Guitar (muted) _ 1
56.474069875,0.0078125,36,108,ZOMBIE                          Words and music by Dolores ORiordan,7535,1,Drum Kit _ 1
56.474069875,0.0078125,42,63,ZOMBIE                          Words and music by Dolores ORiordan,7535,1,Drum Kit _ 1
56.661569875,0.0078125,42,64,ZOMBIE                          Words and music by Dolores ORiordan,7559,1,Drum Kit _ 1
56.481882375,0.2265625,31,91,ZOMBIE                          Words and music by Dolores ORiordan,7536,29,Electric Bass (finger) _ 1
53.849069875,2.8984375,64,104,ZOMBIE                          Words and music by Dolores ORiordan,7199,371,Electric Guitar (clean) _ 1
56.474069875,0.3671875,47,105,ZOMBIE                          Words and music by Dolores ORiordan,7535,47,Electric Guitar (muted) _ 1
56.474069875,0.3671875,43,84,ZOMBIE                          Words and music by Dolores ORiordan,7535,47,Electric Guitar (muted) _ 1
56.849069875,0.0078125,42,103,ZOMBIE                          Words and music by Dolores ORiordan,7583,1,Drum Kit _ 1
56.849069875,0.0078125,43,110,ZOMBIE                          Words and music by Dolores ORiordan,7583,1,Drum Kit _ 1
56.466257375,0.5234375,67,92,ZOMBIE                          Words and music by Dolores ORiordan,7534,67,Shakuhachi _ 1
57.036569875,0.0078125,42,58,ZOMBIE                          Words and music by Dolores ORiordan,7607,1,Drum Kit _ 1
56.849069875,0.2421875,31,98,ZOMBIE                          Words and music by Dolores ORiordan,7583,31,Electric Bass (finger) _ 1
56.849069875,0.359375,47,105,ZOMBIE                          Words and music by Dolores ORiordan,7583,46,Electric Guitar (muted) _ 1
57.224069875,0.0078125,36,107,ZOMBIE                          Words and music by Dolores ORiordan,7631,1,Drum Kit _ 1
57.224069875,0.0078125,42,59,ZOMBIE                          Words and music by Dolores ORiordan,7631,1,Drum Kit _ 1
57.411569875,0.0078125,42,68,ZOMBIE                          Words and music by Dolores ORiordan,7655,1,Drum Kit _ 1
57.231882375,0.2265625,31,98,ZOMBIE                          Words and music by Dolores ORiordan,7632,29,Electric Bass (finger) _ 1
57.224069875,0.3046875,43,90,ZOMBIE                          Words and music by Dolores ORiordan,7631,39,Electric Guitar (muted) _ 1
57.224069875,0.3203125,47,113,ZOMBIE                          Words and music by Dolores ORiordan,7631,41,Electric Guitar (muted) _ 1
56.474069875,1.0859375,50,80,ZOMBIE                          Words and music by Dolores ORiordan,7535,139,Electric Guitar (muted) _ 1
57.216257375,0.375,69,99,ZOMBIE                          Words and music by Dolores ORiordan,7630,48,Shakuhachi _ 1
57.599069875,0.0078125,36,111,ZOMBIE                          Words and music by Dolores ORiordan,7679,1,Drum Kit _ 1
57.599069875,0.0078125,42,75,ZOMBIE                          Words and music by Dolores ORiordan,7679,1,Drum Kit _ 1
57.606882375,0.1875,42,102,ZOMBIE                          Words and music by Dolores ORiordan,7680,24,Electric Guitar (muted) _ 1
57.630319875,0.21875,50,80,ZOMBIE                          Words and music by Dolores ORiordan,7683,28,Electric Guitar (muted) _ 1
57.599069875,0.2578125,30,100,ZOMBIE                          Words and music by Dolores ORiordan,7679,33,Electric Bass (finger) _ 1
57.606882375,0.3515625,45,102,ZOMBIE                          Words and music by Dolores ORiordan,7680,45,Electric Guitar (muted) _ 1
57.974069875,0.0078125,42,69,ZOMBIE                          Words and music by Dolores ORiordan,7727,1,Drum Kit _ 1
57.989694875,0.1796875,42,90,ZOMBIE                          Words and music by Dolores ORiordan,7729,23,Electric Guitar (muted) _ 1
57.974069875,0.234375,30,84,ZOMBIE                          Words and music by Dolores ORiordan,7727,30,Electric Bass (finger) _ 1
57.974069875,0.3515625,45,90,ZOMBIE                          Words and music by Dolores ORiordan,7727,45,Electric Guitar (muted) _ 1
58.349069875,0.0078125,42,95,ZOMBIE                          Words and music by Dolores ORiordan,7775,1,Drum Kit _ 1
58.349069875,0.0078125,43,111,ZOMBIE                          Words and music by Dolores ORiordan,7775,1,Drum Kit _ 1
58.364694875,0.1796875,42,108,ZOMBIE                          Words and music by Dolores ORiordan,7777,23,Electric Guitar (muted) _ 1
58.349069875,0.265625,30,102,ZOMBIE                          Words and music by Dolores ORiordan,7775,34,Electric Bass (finger) _ 1
58.364694875,0.3515625,45,108,ZOMBIE                          Words and music by Dolores ORiordan,7777,45,Electric Guitar (muted) _ 1
58.724069875,0.0078125,36,108,ZOMBIE                          Words and music by Dolores ORiordan,7823,1,Drum Kit _ 1
58.724069875,0.0078125,42,69,ZOMBIE                          Words and music by Dolores ORiordan,7823,1,Drum Kit _ 1
58.747507375,0.171875,42,84,ZOMBIE                          Words and music by Dolores ORiordan,7826,22,Electric Guitar (muted) _ 1
58.724069875,0.21875,30,85,ZOMBIE                          Words and music by Dolores ORiordan,7823,28,Electric Bass (finger) _ 1
58.747507375,0.3515625,45,84,ZOMBIE                          Words and music by Dolores ORiordan,7826,45,Electric Guitar (muted) _ 1
59.099069875,0.0078125,36,109,ZOMBIE                          Words and music by Dolores ORiordan,7871,1,Drum Kit _ 1
59.114694875,0.1796875,42,102,ZOMBIE                          Words and music by Dolores ORiordan,7873,23,Electric Guitar (muted) _ 1
59.099069875,0.3671875,30,101,ZOMBIE                          Words and music by Dolores ORiordan,7871,47,Electric Bass (finger) _ 1
59.114694875,0.3515625,45,102,ZOMBIE                          Words and music by Dolores ORiordan,7873,45,Electric Guitar (muted) _ 1
59.474069875,0.0078125,36,108,ZOMBIE                          Words and music by Dolores ORiordan,7919,1,Drum Kit _ 1
59.474069875,0.0078125,42,66,ZOMBIE                          Words and music by Dolores ORiordan,7919,1,Drum Kit _ 1
58.716257375,0.765625,50,87,ZOMBIE                          Words and music by Dolores ORiordan,7822,98,Electric Guitar (muted) _ 1
57.591257375,2.0,66,95,ZOMBIE                          Words and music by Dolores ORiordan,7678,256,Shakuhachi _ 1
59.661569875,0.0078125,42,72,ZOMBIE                          Words and music by Dolores ORiordan,7943,1,Drum Kit _ 1
59.489694875,0.3125,43,110,ZOMBIE                          Words and music by Dolores ORiordan,7921,40,Electric Guitar (muted) _ 1
59.474069875,0.3671875,31,108,ZOMBIE                          Words and music by Dolores ORiordan,7919,47,Electric Bass (finger) _ 1
59.849069875,0.0078125,42,94,ZOMBIE                          Words and music by Dolores ORiordan,7967,1,Drum Kit _ 1
59.849069875,0.0078125,43,111,ZOMBIE                          Words and music by Dolores ORiordan,7967,1,Drum Kit _ 1
59.489694875,0.3671875,50,110,ZOMBIE                          Words and music by Dolores ORiordan,7921,47,Electric Guitar (muted) _ 1
59.864694875,0.1171875,50,112,ZOMBIE                          Words and music by Dolores ORiordan,7969,15,Electric Guitar (muted) _ 1
59.856882375,0.1875,42,112,ZOMBIE                          Words and music by Dolores ORiordan,7968,24,Electric Guitar (muted) _ 1
59.849069875,0.3671875,30,98,ZOMBIE                          Words and music by Dolores ORiordan,7967,47,Electric Bass (finger) _ 1
60.224069875,0.0078125,47,115,ZOMBIE                          Words and music by Dolores ORiordan,8015,1,Drum Kit _ 1
60.411569875,0.0078125,46,95,ZOMBIE                          Words and music by Dolores ORiordan,8039,1,Drum Kit _ 1
57.599069875,2.8984375,64,122,ZOMBIE                          Words and music by Dolores ORiordan,7679,371,Electric Guitar (clean) _ 1
58.341257375,2.171875,55,119,ZOMBIE                          Words and music by Dolores ORiordan,7774,278,Electric Guitar (clean) _ 1
60.224069875,0.3203125,31,106,ZOMBIE                          Words and music by Dolores ORiordan,8015,41,Electric Bass (finger) _ 1
57.966257375,2.578125,62,112,ZOMBIE                          Words and music by Dolores ORiordan,7726,330,Electric Guitar (clean) _ 1
60.231882375,0.3203125,43,97,ZOMBIE                          Words and music by Dolores ORiordan,8016,41,Electric Guitar (muted) _ 1
59.864694875,0.6953125,45,112,ZOMBIE                          Words and music by Dolores ORiordan,7969,89,Electric Guitar (muted) _ 1
60.239694875,0.3515625,50,75,ZOMBIE                          Words and music by Dolores ORiordan,8017,45,Electric Guitar (muted) _ 1
60.599069875,0.0078125,36,111,ZOMBIE                          Words and music by Dolores ORiordan,8063,1,Drum Kit _ 1
60.599069875,0.0078125,42,89,ZOMBIE                          Words and music by Dolores ORiordan,8063,1,Drum Kit _ 1
60.786569875,0.0078125,42,83,ZOMBIE                          Words and music by Dolores ORiordan,8087,1,Drum Kit _ 1
60.606882375,0.2109375,28,113,ZOMBIE                          Words and music by Dolores ORiordan,8064,27,Electric Bass (finger) _ 1
60.97406987499999,0.0078125,36,111,ZOMBIE                          Words and music by Dolores ORiordan,8111,1,Drum Kit _ 1
60.97406987499999,0.0078125,42,57,ZOMBIE                          Words and music by Dolores ORiordan,8111,1,Drum Kit _ 1
61.16156987499999,0.0078125,42,73,ZOMBIE                          Words and music by Dolores ORiordan,8135,1,Drum Kit _ 1
60.97406987499999,0.2421875,28,93,ZOMBIE                          Words and music by Dolores ORiordan,8111,31,Electric Bass (finger) _ 1
60.98969487499999,0.3359375,40,78,ZOMBIE                          Words and music by Dolores ORiordan,8113,43,Electric Guitar (muted) _ 1
60.614694875,0.7265624999999929,64,103,ZOMBIE                          Words and music by Dolores ORiordan,8065,93,Electric Guitar (clean) _ 1
60.98188237499999,0.359375,47,78,ZOMBIE                          Words and music by Dolores ORiordan,8112,46,Electric Guitar (muted) _ 1
60.583444875,0.7578124999999929,52,121,ZOMBIE                          Words and music by Dolores ORiordan,8061,97,Electric Guitar (muted) _ 1
61.34906987499999,0.0078125,42,107,ZOMBIE                          Words and music by Dolores ORiordan,8159,1,Drum Kit _ 1
61.34906987499999,0.0078125,43,114,ZOMBIE                          Words and music by Dolores ORiordan,8159,1,Drum Kit _ 1
61.53656987499999,0.0078125,42,69,ZOMBIE                          Words and music by Dolores ORiordan,8183,1,Drum Kit _ 1
61.34906987499999,0.2421875,28,106,ZOMBIE                          Words and music by Dolores ORiordan,8159,31,Electric Bass (finger) _ 1
61.34125737499999,0.375,76,111,ZOMBIE                          Words and music by Dolores ORiordan,8158,48,Shakuhachi _ 1
61.34906987499999,0.3671875,52,121,ZOMBIE                          Words and music by Dolores ORiordan,8159,47,Electric Guitar (muted) _ 1
61.72406987499999,0.0078125,36,107,ZOMBIE                          Words and music by Dolores ORiordan,8207,1,Drum Kit _ 1
61.72406987499999,0.0078125,42,57,ZOMBIE                          Words and music by Dolores ORiordan,8207,1,Drum Kit _ 1
61.91156987499999,0.0078125,42,65,ZOMBIE                          Words and music by Dolores ORiordan,8231,1,Drum Kit _ 1
61.72406987499999,0.2734375,28,91,ZOMBIE                          Words and music by Dolores ORiordan,8207,35,Electric Bass (finger) _ 1
61.34906987499999,0.6875,47,121,ZOMBIE                          Words and music by Dolores ORiordan,8159,88,Electric Guitar (muted) _ 1
61.34906987499999,0.6953125,40,121,ZOMBIE                          Words and music by Dolores ORiordan,8159,89,Electric Guitar (muted) _ 1
61.72406987499999,0.3359375,52,88,ZOMBIE                          Words and music by Dolores ORiordan,8207,43,Electric Guitar (muted) _ 1
62.09906987499999,0.0078125,36,112,ZOMBIE                          Words and music by Dolores ORiordan,8255,1,Drum Kit _ 1
62.09906987499999,0.0078125,42,87,ZOMBIE                          Words and music by Dolores ORiordan,8255,1,Drum Kit _ 1
62.28656987499999,0.0078125,42,69,ZOMBIE                          Words and music by Dolores ORiordan,8279,1,Drum Kit _ 1
62.09906987499999,0.2578125,28,105,ZOMBIE                          Words and music by Dolores ORiordan,8255,33,Electric Bass (finger) _ 1
61.71625737499999,0.6953125,74,100,ZOMBIE                          Words and music by Dolores ORiordan,8206,89,Shakuhachi _ 1
62.09125737499999,0.3671875,47,102,ZOMBIE                          Words and music by Dolores ORiordan,8254,47,Electric Guitar (muted) _ 1
62.09125737499999,0.375,40,112,ZOMBIE                          Words and music by Dolores ORiordan,8254,48,Electric Guitar (muted) _ 1
62.09125737499999,0.375,52,81,ZOMBIE                          Words and music by Dolores ORiordan,8254,48,Electric Guitar (muted) _ 1
62.47406987499999,0.0078125,36,110,ZOMBIE                          Words and music by Dolores ORiordan,8303,1,Drum Kit _ 1
62.47406987499999,0.0078125,42,67,ZOMBIE                          Words and music by Dolores ORiordan,8303,1,Drum Kit _ 1
62.66156987499999,0.0078125,42,82,ZOMBIE                          Words and music by Dolores ORiordan,8327,1,Drum Kit _ 1
62.47406987499999,0.2890625,28,89,ZOMBIE                          Words and music by Dolores ORiordan,8303,37,Electric Bass (finger) _ 1
60.591257375,2.195312499999993,55,127,ZOMBIE                          Words and music by Dolores ORiordan,8062,281,Electric Guitar (clean) _ 1
60.599069875,2.195312499999993,59,101,ZOMBIE                          Words and music by Dolores ORiordan,8063,281,Electric Guitar (clean) _ 1
62.47406987499999,0.3203125,52,57,ZOMBIE                          Words and music by Dolores ORiordan,8303,41,Electric Guitar (muted) _ 1
62.84906987499999,0.0078125,42,111,ZOMBIE                          Words and music by Dolores ORiordan,8351,1,Drum Kit _ 1
62.84906987499999,0.0078125,43,110,ZOMBIE                          Words and music by Dolores ORiordan,8351,1,Drum Kit _ 1
62.45844487499999,0.5546875,71,101,ZOMBIE                          Words and music by Dolores ORiordan,8301,71,Shakuhachi _ 1
63.03656987499999,0.0078125,42,77,ZOMBIE                          Words and music by Dolores ORiordan,8375,1,Drum Kit _ 1
62.84906987499999,0.25,28,101,ZOMBIE                          Words and music by Dolores ORiordan,8351,32,Electric Bass (finger) _ 1
63.22406987499999,0.0078125,36,107,ZOMBIE                          Words and music by Dolores ORiordan,8399,1,Drum Kit _ 1
63.22406987499999,0.0078125,42,50,ZOMBIE                          Words and music by Dolores ORiordan,8399,1,Drum Kit _ 1
62.84125737499999,0.390625,52,114,ZOMBIE                          Words and music by Dolores ORiordan,8350,50,Electric Guitar (muted) _ 1
62.47406987499999,0.7578125,47,103,ZOMBIE                          Words and music by Dolores ORiordan,8303,97,Electric Guitar (muted) _ 1
63.41156987499999,0.0078125,42,76,ZOMBIE                          Words and music by Dolores ORiordan,8423,1,Drum Kit _ 1
63.23969487499999,0.2265625,52,80,ZOMBIE                          Words and music by Dolores ORiordan,8401,29,Electric Guitar (muted) _ 1
63.23969487499999,0.25,47,76,ZOMBIE                          Words and music by Dolores ORiordan,8401,32,Electric Guitar (muted) _ 1
63.23188237499999,0.296875,28,96,ZOMBIE                          Words and music by Dolores ORiordan,8400,38,Electric Bass (finger) _ 1
63.21625737499999,0.375,71,93,ZOMBIE                          Words and music by Dolores ORiordan,8398,48,Shakuhachi _ 1
63.59906987499999,0.0078125,36,113,ZOMBIE                          Words and music by Dolores ORiordan,8447,1,Drum Kit _ 1
63.59906987499999,0.0078125,42,85,ZOMBIE                          Words and music by Dolores ORiordan,8447,1,Drum Kit _ 1
62.47406987499999,1.1484375,40,118,ZOMBIE                          Words and music by Dolores ORiordan,8303,147,Electric Guitar (muted) _ 1
63.78656987499999,0.0078125,42,68,ZOMBIE                          Words and music by Dolores ORiordan,8471,1,Drum Kit _ 1
63.61469487499999,0.34375,48,112,ZOMBIE                          Words and music by Dolores ORiordan,8449,44,Electric Guitar (muted) _ 1
63.61469487499999,0.3515625,52,84,ZOMBIE                          Words and music by Dolores ORiordan,8449,45,Electric Guitar (muted) _ 1
63.59125737499999,0.3828125,74,97,ZOMBIE                          Words and music by Dolores ORiordan,8446,49,Shakuhachi _ 1
63.97406987499999,0.0078125,42,51,ZOMBIE                          Words and music by Dolores ORiordan,8495,1,Drum Kit _ 1
64.161569875,0.0078125,42,69,ZOMBIE                          Words and music by Dolores ORiordan,8519,1,Drum Kit _ 1
63.98188237499999,0.21875,36,89,ZOMBIE                          Words and music by Dolores ORiordan,8496,28,Electric Bass (finger) _ 1
63.97406987499999,0.3515625,52,62,ZOMBIE                          Words and music by Dolores ORiordan,8495,45,Electric Guitar (muted) _ 1
64.349069875,0.0078125,42,105,ZOMBIE                          Words and music by Dolores ORiordan,8543,1,Drum Kit _ 1
64.349069875,0.0078125,43,118,ZOMBIE                          Words and music by Dolores ORiordan,8543,1,Drum Kit _ 1
63.97406987499999,0.5625,72,101,ZOMBIE                          Words and music by Dolores ORiordan,8495,72,Shakuhachi _ 1
64.536569875,0.0078125,42,73,ZOMBIE                          Words and music by Dolores ORiordan,8567,1,Drum Kit _ 1
64.349069875,0.2734375,36,101,ZOMBIE                          Words and music by Dolores ORiordan,8543,35,Electric Bass (finger) _ 1
63.97406987499999,0.7421875,48,90,ZOMBIE                          Words and music by Dolores ORiordan,8495,95,Electric Guitar (muted) _ 1
64.349069875,0.375,52,81,ZOMBIE                          Words and music by Dolores ORiordan,8543,48,Electric Guitar (muted) _ 1
64.724069875,0.0078125,36,107,ZOMBIE                          Words and music by Dolores ORiordan,8591,1,Drum Kit _ 1
64.724069875,0.0078125,42,62,ZOMBIE                          Words and music by Dolores ORiordan,8591,1,Drum Kit _ 1
64.911569875,0.0078125,42,69,ZOMBIE                          Words and music by Dolores ORiordan,8615,1,Drum Kit _ 1
64.731882375,0.3515625,52,64,ZOMBIE                          Words and music by Dolores ORiordan,8592,45,Electric Guitar (muted) _ 1
64.724069875,0.359375,48,107,ZOMBIE                          Words and music by Dolores ORiordan,8591,46,Electric Guitar (muted) _ 1
65.099069875,0.0078125,36,109,ZOMBIE                          Words and music by Dolores ORiordan,8639,1,Drum Kit _ 1
65.099069875,0.0078125,42,72,ZOMBIE                          Words and music by Dolores ORiordan,8639,1,Drum Kit _ 1
65.286569875,0.0078125,42,64,ZOMBIE                          Words and music by Dolores ORiordan,8663,1,Drum Kit _ 1
64.716257375,0.7421875,71,99,ZOMBIE                          Words and music by Dolores ORiordan,8590,95,Shakuhachi _ 1
65.099069875,0.3671875,52,76,ZOMBIE                          Words and music by Dolores ORiordan,8639,47,Electric Guitar (muted) _ 1
65.099069875,0.3671875,48,122,ZOMBIE                          Words and music by Dolores ORiordan,8639,47,Electric Guitar (muted) _ 1
65.474069875,0.0078125,36,108,ZOMBIE                          Words and music by Dolores ORiordan,8687,1,Drum Kit _ 1
65.474069875,0.0078125,42,61,ZOMBIE                          Words and music by Dolores ORiordan,8687,1,Drum Kit _ 1
65.661569875,0.0078125,42,64,ZOMBIE                          Words and music by Dolores ORiordan,8711,1,Drum Kit _ 1
62.83344487499999,2.890625,55,112,ZOMBIE                          Words and music by Dolores ORiordan,8349,370,Electric Guitar (clean) _ 1
62.84125737499999,2.9375,64,106,ZOMBIE                          Words and music by Dolores ORiordan,8350,376,Electric Guitar (clean) _ 1
62.84125737499999,2.9375,59,115,ZOMBIE                          Words and music by Dolores ORiordan,8350,376,Electric Guitar (clean) _ 1
65.474069875,0.328125,52,72,ZOMBIE                          Words and music by Dolores ORiordan,8687,42,Electric Guitar (muted) _ 1
65.849069875,0.0078125,42,105,ZOMBIE                          Words and music by Dolores ORiordan,8735,1,Drum Kit _ 1
65.849069875,0.0078125,43,117,ZOMBIE                          Words and music by Dolores ORiordan,8735,1,Drum Kit _ 1
66.036569875,0.0078125,42,66,ZOMBIE                          Words and music by Dolores ORiordan,8759,1,Drum Kit _ 1
65.458444875,0.609375,69,93,ZOMBIE                          Words and music by Dolores ORiordan,8685,78,Shakuhachi _ 1
65.849069875,0.2890625,36,96,ZOMBIE                          Words and music by Dolores ORiordan,8735,37,Electric Bass (finger) _ 1
66.224069875,0.0078125,46,60,ZOMBIE                          Words and music by Dolores ORiordan,8783,1,Drum Kit _ 1
65.474069875,1.0234375,48,117,ZOMBIE                          Words and music by Dolores ORiordan,8687,131,Electric Guitar (muted) _ 1
65.841257375,0.6875,52,126,ZOMBIE                          Words and music by Dolores ORiordan,8734,88,Electric Guitar (muted) _ 1
66.224069875,0.3671875,36,90,ZOMBIE                          Words and music by Dolores ORiordan,8783,47,Electric Bass (finger) _ 1
66.599069875,0.0078125,36,109,ZOMBIE                          Words and music by Dolores ORiordan,8831,1,Drum Kit _ 1
66.599069875,0.0078125,42,77,ZOMBIE                          Words and music by Dolores ORiordan,8831,1,Drum Kit _ 1
66.786569875,0.0078125,42,66,ZOMBIE                          Words and music by Dolores ORiordan,8855,1,Drum Kit _ 1
66.599069875,0.2421875,31,103,ZOMBIE                          Words and music by Dolores ORiordan,8831,31,Electric Bass (finger) _ 1
66.599069875,0.3515625,43,89,ZOMBIE                          Words and music by Dolores ORiordan,8831,45,Electric Guitar (muted) _ 1
66.208444875,0.75,72,102,ZOMBIE                          Words and music by Dolores ORiordan,8781,96,Shakuhachi _ 1
66.974069875,0.0078125,36,109,ZOMBIE                          Words and music by Dolores ORiordan,8879,1,Drum Kit _ 1
66.974069875,0.0078125,42,56,ZOMBIE                          Words and music by Dolores ORiordan,8879,1,Drum Kit _ 1
67.161569875,0.0078125,42,62,ZOMBIE                          Words and music by Dolores ORiordan,8903,1,Drum Kit _ 1
66.974069875,0.234375,31,96,ZOMBIE                          Words and music by Dolores ORiordan,8879,30,Electric Bass (finger) _ 1
66.974069875,0.34375,43,93,ZOMBIE                          Words and music by Dolores ORiordan,8879,44,Electric Guitar (muted) _ 1
66.606882375,0.7265625,47,105,ZOMBIE                          Words and music by Dolores ORiordan,8832,93,Electric Guitar (muted) _ 1
67.349069875,0.0078125,42,103,ZOMBIE                          Words and music by Dolores ORiordan,8927,1,Drum Kit _ 1
67.349069875,0.0078125,43,114,ZOMBIE                          Words and music by Dolores ORiordan,8927,1,Drum Kit _ 1
67.536569875,0.0078125,42,61,ZOMBIE                          Words and music by Dolores ORiordan,8951,1,Drum Kit _ 1
67.349069875,0.2578125,31,103,ZOMBIE                          Words and music by Dolores ORiordan,8927,33,Electric Bass (finger) _ 1
66.966257375,0.6484375,71,97,ZOMBIE                          Words and music by Dolores ORiordan,8878,83,Shakuhachi _ 1
67.724069875,0.0078125,36,106,ZOMBIE                          Words and music by Dolores ORiordan,8975,1,Drum Kit _ 1
67.724069875,0.0078125,42,62,ZOMBIE                          Words and music by Dolores ORiordan,8975,1,Drum Kit _ 1
67.349069875,0.3828125,47,105,ZOMBIE                          Words and music by Dolores ORiordan,8927,49,Electric Guitar (muted) _ 1
66.981882375,0.75,50,61,ZOMBIE                          Words and music by Dolores ORiordan,8880,96,Electric Guitar (muted) _ 1
67.911569875,0.0078125,42,66,ZOMBIE                          Words and music by Dolores ORiordan,8999,1,Drum Kit _ 1
67.724069875,0.2578125,31,93,ZOMBIE                          Words and music by Dolores ORiordan,8975,33,Electric Bass (finger) _ 1
67.739694875,0.34375,50,65,ZOMBIE                          Words and music by Dolores ORiordan,8977,44,Electric Guitar (muted) _ 1
67.731882375,0.3515625,43,89,ZOMBIE                          Words and music by Dolores ORiordan,8976,45,Electric Guitar (muted) _ 1
67.739694875,0.359375,47,105,ZOMBIE                          Words and music by Dolores ORiordan,8977,46,Electric Guitar (muted) _ 1
68.099069875,0.0078125,36,110,ZOMBIE                          Words and music by Dolores ORiordan,9023,1,Drum Kit _ 1
68.099069875,0.0078125,42,77,ZOMBIE                          Words and music by Dolores ORiordan,9023,1,Drum Kit _ 1
65.849069875,2.4375,59,115,ZOMBIE                          Words and music by Dolores ORiordan,8735,312,Electric Guitar (clean) _ 1
68.286569875,0.0078125,42,65,ZOMBIE                          Words and music by Dolores ORiordan,9047,1,Drum Kit _ 1
65.841257375,2.4609375,55,112,ZOMBIE                          Words and music by Dolores ORiordan,8734,315,Electric Guitar (clean) _ 1
68.099069875,0.2734375,31,99,ZOMBIE                          Words and music by Dolores ORiordan,9023,35,Electric Bass (finger) _ 1
67.724069875,0.71875,69,90,ZOMBIE                          Words and music by Dolores ORiordan,8975,92,Shakuhachi _ 1
68.106882375,0.34375,47,105,ZOMBIE                          Words and music by Dolores ORiordan,9024,44,Electric Guitar (muted) _ 1
68.106882375,0.34375,43,91,ZOMBIE                          Words and music by Dolores ORiordan,9024,44,Electric Guitar (muted) _ 1
68.099069875,0.359375,50,61,ZOMBIE                          Words and music by Dolores ORiordan,9023,46,Electric Guitar (muted) _ 1
68.474069875,0.0078125,36,108,ZOMBIE                          Words and music by Dolores ORiordan,9071,1,Drum Kit _ 1
68.474069875,0.0078125,42,63,ZOMBIE                          Words and music by Dolores ORiordan,9071,1,Drum Kit _ 1
68.661569875,0.0078125,42,64,ZOMBIE                          Words and music by Dolores ORiordan,9095,1,Drum Kit _ 1
68.481882375,0.2265625,31,91,ZOMBIE                          Words and music by Dolores ORiordan,9072,29,Electric Bass (finger) _ 1
65.849069875,2.875,64,104,ZOMBIE                          Words and music by Dolores ORiordan,8735,368,Electric Guitar (clean) _ 1
68.474069875,0.3671875,47,105,ZOMBIE                          Words and music by Dolores ORiordan,9071,47,Electric Guitar (muted) _ 1
68.474069875,0.3671875,43,84,ZOMBIE                          Words and music by Dolores ORiordan,9071,47,Electric Guitar (muted) _ 1
68.849069875,0.0078125,42,103,ZOMBIE                          Words and music by Dolores ORiordan,9119,1,Drum Kit _ 1
68.849069875,0.0078125,43,110,ZOMBIE                          Words and music by Dolores ORiordan,9119,1,Drum Kit _ 1
69.036569875,0.0078125,42,58,ZOMBIE                          Words and music by Dolores ORiordan,9143,1,Drum Kit _ 1
68.849069875,0.2421875,31,98,ZOMBIE                          Words and music by Dolores ORiordan,9119,31,Electric Bass (finger) _ 1
68.489694875,0.6875,67,98,ZOMBIE                          Words and music by Dolores ORiordan,9073,88,Shakuhachi _ 1
68.849069875,0.359375,47,105,ZOMBIE                          Words and music by Dolores ORiordan,9119,46,Electric Guitar (muted) _ 1
69.224069875,0.0078125,36,107,ZOMBIE                          Words and music by Dolores ORiordan,9167,1,Drum Kit _ 1
69.224069875,0.0078125,42,59,ZOMBIE                          Words and music by Dolores ORiordan,9167,1,Drum Kit _ 1
69.411569875,0.0078125,42,68,ZOMBIE                          Words and music by Dolores ORiordan,9191,1,Drum Kit _ 1
69.231882375,0.2265625,31,98,ZOMBIE                          Words and music by Dolores ORiordan,9168,29,Electric Bass (finger) _ 1
69.208444875,0.3671875,69,99,ZOMBIE                          Words and music by Dolores ORiordan,9165,47,Shakuhachi _ 1
69.224069875,0.3515625,43,90,ZOMBIE                          Words and music by Dolores ORiordan,9167,45,Electric Guitar (muted) _ 1
69.224069875,0.3515625,47,113,ZOMBIE                          Words and music by Dolores ORiordan,9167,45,Electric Guitar (muted) _ 1
68.474069875,1.1015625,50,80,ZOMBIE                          Words and music by Dolores ORiordan,9071,141,Electric Guitar (muted) _ 1
69.599069875,0.0078125,36,111,ZOMBIE                          Words and music by Dolores ORiordan,9215,1,Drum Kit _ 1
69.599069875,0.0078125,42,75,ZOMBIE                          Words and music by Dolores ORiordan,9215,1,Drum Kit _ 1
69.786569875,0.0078125,42,65,ZOMBIE                          Words and music by Dolores ORiordan,9239,1,Drum Kit _ 1
69.599069875,0.2578125,30,100,ZOMBIE                          Words and music by Dolores ORiordan,9215,33,Electric Bass (finger) _ 1
69.599069875,0.3515625,45,108,ZOMBIE                          Words and music by Dolores ORiordan,9215,45,Electric Guitar (muted) _ 1
69.966257375,0.015625,42,102,ZOMBIE                          Words and music by Dolores ORiordan,9262,2,Electric Guitar (muted) _ 1
70.161569875,0.0078125,42,66,ZOMBIE                          Words and music by Dolores ORiordan,9287,1,Drum Kit _ 1
69.974069875,0.234375,30,84,ZOMBIE                          Words and music by Dolores ORiordan,9263,30,Electric Bass (finger) _ 1
69.966257375,0.3515625,45,102,ZOMBIE                          Words and music by Dolores ORiordan,9262,45,Electric Guitar (muted) _ 1
70.349069875,0.0078125,42,95,ZOMBIE                          Words and music by Dolores ORiordan,9311,1,Drum Kit _ 1
70.349069875,0.0078125,43,111,ZOMBIE                          Words and music by Dolores ORiordan,9311,1,Drum Kit _ 1
70.364694875,0.1796875,42,109,ZOMBIE                          Words and music by Dolores ORiordan,9313,23,Electric Guitar (muted) _ 1
70.349069875,0.265625,30,102,ZOMBIE                          Words and music by Dolores ORiordan,9311,34,Electric Bass (finger) _ 1
69.583444875,1.09375,66,87,ZOMBIE                          Words and music by Dolores ORiordan,9213,140,Shakuhachi _ 1
70.372507375,0.3515625,45,109,ZOMBIE                          Words and music by Dolores ORiordan,9314,45,Electric Guitar (muted) _ 1
70.724069875,0.0078125,36,108,ZOMBIE                          Words and music by Dolores ORiordan,9359,1,Drum Kit _ 1
70.724069875,0.0078125,42,69,ZOMBIE                          Words and music by Dolores ORiordan,9359,1,Drum Kit _ 1
70.739694875,0.1796875,42,102,ZOMBIE                          Words and music by Dolores ORiordan,9361,23,Electric Guitar (muted) _ 1
70.724069875,0.21875,30,85,ZOMBIE                          Words and music by Dolores ORiordan,9359,28,Electric Bass (finger) _ 1
70.747507375,0.3515625,45,102,ZOMBIE                          Words and music by Dolores ORiordan,9362,45,Electric Guitar (muted) _ 1
71.099069875,0.0078125,36,109,ZOMBIE                          Words and music by Dolores ORiordan,9407,1,Drum Kit _ 1
71.099069875,0.0078125,42,95,ZOMBIE                          Words and music by Dolores ORiordan,9407,1,Drum Kit _ 1
71.114694875,0.1796875,42,102,ZOMBIE                          Words and music by Dolores ORiordan,9409,23,Electric Guitar (muted) _ 1
71.099069875,0.3671875,30,101,ZOMBIE                          Words and music by Dolores ORiordan,9407,47,Electric Bass (finger) _ 1
71.114694875,0.3515625,45,102,ZOMBIE                          Words and music by Dolores ORiordan,9409,45,Electric Guitar (muted) _ 1
71.474069875,0.0078125,36,108,ZOMBIE                          Words and music by Dolores ORiordan,9455,1,Drum Kit _ 1
71.474069875,0.0078125,42,66,ZOMBIE                          Words and music by Dolores ORiordan,9455,1,Drum Kit _ 1
70.716257375,0.765625,50,113,ZOMBIE                          Words and music by Dolores ORiordan,9358,98,Electric Guitar (muted) _ 1
71.661569875,0.0078125,42,72,ZOMBIE                          Words and music by Dolores ORiordan,9479,1,Drum Kit _ 1
71.466257375,0.25,78,104,ZOMBIE                          Words and music by Dolores ORiordan,9454,32,Shakuhachi _ 1
71.489694875,0.3125,43,110,ZOMBIE                          Words and music by Dolores ORiordan,9457,40,Electric Guitar (muted) _ 1
71.474069875,0.3671875,31,108,ZOMBIE                          Words and music by Dolores ORiordan,9455,47,Electric Bass (finger) _ 1
71.849069875,0.0078125,42,94,ZOMBIE                          Words and music by Dolores ORiordan,9503,1,Drum Kit _ 1
71.849069875,0.0078125,43,111,ZOMBIE                          Words and music by Dolores ORiordan,9503,1,Drum Kit _ 1
71.489694875,0.3671875,50,110,ZOMBIE                          Words and music by Dolores ORiordan,9457,47,Electric Guitar (muted) _ 1
71.856882375,0.1875,42,112,ZOMBIE                          Words and music by Dolores ORiordan,9504,24,Electric Guitar (muted) _ 1
71.841257375,0.375,78,98,ZOMBIE                          Words and music by Dolores ORiordan,9502,48,Shakuhachi _ 1
71.849069875,0.3671875,30,98,ZOMBIE                          Words and music by Dolores ORiordan,9503,47,Electric Bass (finger) _ 1
72.224069875,0.0078125,47,115,ZOMBIE                          Words and music by Dolores ORiordan,9551,1,Drum Kit _ 1
71.864694875,0.3671875,50,112,ZOMBIE                          Words and music by Dolores ORiordan,9505,47,Electric Guitar (muted) _ 1
72.411569875,0.0078125,46,95,ZOMBIE                          Words and music by Dolores ORiordan,9575,1,Drum Kit _ 1
72.411569875,0.0078125,47,109,ZOMBIE                          Words and music by Dolores ORiordan,9575,1,Drum Kit _ 1
69.599069875,2.8984375,64,122,ZOMBIE                          Words and music by Dolores ORiordan,9215,371,Electric Guitar (clean) _ 1
69.966257375,2.5703125,62,112,ZOMBIE                          Words and music by Dolores ORiordan,9262,329,Electric Guitar (clean) _ 1
72.224069875,0.3203125,31,106,ZOMBIE                          Words and music by Dolores ORiordan,9551,41,Electric Bass (finger) _ 1
72.231882375,0.3203125,43,97,ZOMBIE                          Words and music by Dolores ORiordan,9552,41,Electric Guitar (muted) _ 1
70.341257375,2.2421875,55,119,ZOMBIE                          Words and music by Dolores ORiordan,9310,287,Electric Guitar (clean) _ 1
72.599069875,0.0078125,36,111,ZOMBIE                          Words and music by Dolores ORiordan,9599,1,Drum Kit _ 1
72.599069875,0.0078125,42,89,ZOMBIE                          Words and music by Dolores ORiordan,9599,1,Drum Kit _ 1
72.239694875,0.390625,50,75,ZOMBIE                          Words and music by Dolores ORiordan,9553,50,Electric Guitar (muted) _ 1
71.864694875,0.78125,45,112,ZOMBIE                          Words and music by Dolores ORiordan,9505,100,Electric Guitar (muted) _ 1
72.786569875,0.0078125,42,83,ZOMBIE                          Words and music by Dolores ORiordan,9623,1,Drum Kit _ 1
72.216257375,0.6015625,76,101,ZOMBIE                          Words and music by Dolores ORiordan,9550,77,Shakuhachi _ 1
72.606882375,0.2109375,28,113,ZOMBIE                          Words and music by Dolores ORiordan,9600,27,Electric Bass (finger) _ 1
72.606882375,0.359375,64,88,ZOMBIE                          Words and music by Dolores ORiordan,9600,46,Clavinet _ 1
72.591257375,0.375,59,88,ZOMBIE                          Words and music by Dolores ORiordan,9598,48,Clavinet _ 1
72.591257375,0.375,55,127,ZOMBIE                          Words and music by Dolores ORiordan,9598,48,Electric Guitar (clean) _ 1
72.974069875,0.0078125,36,111,ZOMBIE                          Words and music by Dolores ORiordan,9647,1,Drum Kit _ 1
72.974069875,0.0078125,42,57,ZOMBIE                          Words and music by Dolores ORiordan,9647,1,Drum Kit _ 1
73.161569875,0.0078125,42,73,ZOMBIE                          Words and music by Dolores ORiordan,9671,1,Drum Kit _ 1
72.974069875,0.2421875,28,93,ZOMBIE                          Words and music by Dolores ORiordan,9647,31,Electric Bass (finger) _ 1
72.989694875,0.3359375,40,78,ZOMBIE                          Words and music by Dolores ORiordan,9649,43,Electric Guitar (muted) _ 1
72.966257375,0.3671875,76,97,ZOMBIE                          Words and music by Dolores ORiordan,9646,47,Shakuhachi _ 1
72.974069875,0.3671875,55,87,ZOMBIE                          Words and music by Dolores ORiordan,9647,47,Clavinet _ 1
72.981882375,0.359375,47,78,ZOMBIE                          Words and music by Dolores ORiordan,9648,46,Electric Guitar (muted) _ 1
72.583444875,0.7578125,52,121,ZOMBIE                          Words and music by Dolores ORiordan,9597,97,Electric Guitar (muted) _ 1
72.974069875,0.375,59,86,ZOMBIE                          Words and music by Dolores ORiordan,9647,48,Clavinet _ 1
72.974069875,0.375,64,84,ZOMBIE                          Words and music by Dolores ORiordan,9647,48,Clavinet _ 1
73.349069875,0.0078125,42,107,ZOMBIE                          Words and music by Dolores ORiordan,9695,1,Drum Kit _ 1
73.349069875,0.0078125,43,114,ZOMBIE                          Words and music by Dolores ORiordan,9695,1,Drum Kit _ 1
73.536569875,0.0078125,42,69,ZOMBIE                          Words and music by Dolores ORiordan,9719,1,Drum Kit _ 1
73.349069875,0.2421875,28,106,ZOMBIE                          Words and music by Dolores ORiordan,9695,31,Electric Bass (finger) _ 1
73.341257375,0.359375,78,97,ZOMBIE                          Words and music by Dolores ORiordan,9694,46,Shakuhachi _ 1
73.349069875,0.3671875,55,87,ZOMBIE                          Words and music by Dolores ORiordan,9695,47,Clavinet _ 1
73.349069875,0.3671875,52,121,ZOMBIE                          Words and music by Dolores ORiordan,9695,47,Electric Guitar (muted) _ 1
73.356882375,0.3671875,59,87,ZOMBIE                          Words and music by Dolores ORiordan,9696,47,Clavinet _ 1
73.724069875,0.0078125,36,107,ZOMBIE                          Words and music by Dolores ORiordan,9743,1,Drum Kit _ 1
73.724069875,0.0078125,42,57,ZOMBIE                          Words and music by Dolores ORiordan,9743,1,Drum Kit _ 1
73.356882375,0.375,64,87,ZOMBIE                          Words and music by Dolores ORiordan,9696,48,Clavinet _ 1
73.739694875,0.1640625,64,87,ZOMBIE                          Words and music by Dolores ORiordan,9745,21,Clavinet _ 1
73.731882375,0.171875,59,87,ZOMBIE                          Words and music by Dolores ORiordan,9744,22,Clavinet _ 1
73.911569875,0.0078125,42,65,ZOMBIE                          Words and music by Dolores ORiordan,9767,1,Drum Kit _ 1
73.724069875,0.2734375,28,91,ZOMBIE                          Words and music by Dolores ORiordan,9743,35,Electric Bass (finger) _ 1
73.349069875,0.6875,47,121,ZOMBIE                          Words and music by Dolores ORiordan,9695,88,Electric Guitar (muted) _ 1
73.349069875,0.6953125,40,121,ZOMBIE                          Words and music by Dolores ORiordan,9695,89,Electric Guitar (muted) _ 1
73.724069875,0.3359375,52,88,ZOMBIE                          Words and music by Dolores ORiordan,9743,43,Electric Guitar (muted) _ 1
74.099069875,0.0078125,36,112,ZOMBIE                          Words and music by Dolores ORiordan,9791,1,Drum Kit _ 1
74.099069875,0.0078125,42,87,ZOMBIE                          Words and music by Dolores ORiordan,9791,1,Drum Kit _ 1
73.716257375,0.5,76,95,ZOMBIE                          Words and music by Dolores ORiordan,9742,64,Shakuhachi _ 1
73.911569875,0.3671875,59,87,ZOMBIE                          Words and music by Dolores ORiordan,9767,47,Clavinet _ 1
73.911569875,0.3671875,64,87,ZOMBIE                          Words and music by Dolores ORiordan,9767,47,Clavinet _ 1
73.724069875,0.5625,55,87,ZOMBIE                          Words and music by Dolores ORiordan,9743,72,Clavinet _ 1
74.286569875,0.0078125,42,69,ZOMBIE                          Words and music by Dolores ORiordan,9815,1,Drum Kit _ 1
74.099069875,0.2578125,28,105,ZOMBIE                          Words and music by Dolores ORiordan,9791,33,Electric Bass (finger) _ 1
74.294382375,0.1640625,55,86,ZOMBIE                          Words and music by Dolores ORiordan,9816,21,Clavinet _ 1
74.091257375,0.3671875,47,102,ZOMBIE                          Words and music by Dolores ORiordan,9790,47,Electric Guitar (muted) _ 1
74.286569875,0.1796875,64,87,ZOMBIE                          Words and music by Dolores ORiordan,9815,23,Clavinet _ 1
74.091257375,0.375,40,112,ZOMBIE                          Words and music by Dolores ORiordan,9790,48,Electric Guitar (muted) _ 1
74.091257375,0.375,52,81,ZOMBIE                          Words and music by Dolores ORiordan,9790,48,Electric Guitar (muted) _ 1
74.474069875,0.0078125,36,110,ZOMBIE                          Words and music by Dolores ORiordan,9839,1,Drum Kit _ 1
74.474069875,0.0078125,42,67,ZOMBIE                          Words and music by Dolores ORiordan,9839,1,Drum Kit _ 1
74.661569875,0.0078125,42,82,ZOMBIE                          Words and music by Dolores ORiordan,9863,1,Drum Kit _ 1
74.474069875,0.2890625,28,89,ZOMBIE                          Words and music by Dolores ORiordan,9839,37,Electric Bass (finger) _ 1
74.474069875,0.3125,55,87,ZOMBIE                          Words and music by Dolores ORiordan,9839,40,Clavinet _ 1
74.474069875,0.3203125,64,84,ZOMBIE                          Words and music by Dolores ORiordan,9839,41,Clavinet _ 1
74.286569875,0.5078125,59,86,ZOMBIE                          Words and music by Dolores ORiordan,9815,65,Clavinet _ 1
74.474069875,0.3203125,52,57,ZOMBIE                          Words and music by Dolores ORiordan,9839,41,Electric Guitar (muted) _ 1
74.466257375,0.3671875,76,97,ZOMBIE                          Words and music by Dolores ORiordan,9838,47,Shakuhachi _ 1
74.833444875,0.0078125,55,112,ZOMBIE                          Words and music by Dolores ORiordan,9885,1,Electric Guitar (clean) _ 1
74.849069875,0.0078125,42,111,ZOMBIE                          Words and music by Dolores ORiordan,9887,1,Drum Kit _ 1
74.849069875,0.0078125,43,110,ZOMBIE                          Words and music by Dolores ORiordan,9887,1,Drum Kit _ 1
74.849069875,0.1796875,55,84,ZOMBIE                          Words and music by Dolores ORiordan,9887,23,Clavinet _ 1
74.841257375,0.1875,64,106,ZOMBIE                          Words and music by Dolores ORiordan,9886,24,Electric Guitar (clean) _ 1
74.841257375,0.1875,59,116,ZOMBIE                          Words and music by Dolores ORiordan,9886,24,Electric Guitar (clean) _ 1
75.036569875,0.0078125,42,77,ZOMBIE                          Words and music by Dolores ORiordan,9911,1,Drum Kit _ 1
74.849069875,0.25,28,101,ZOMBIE                          Words and music by Dolores ORiordan,9887,32,Electric Bass (finger) _ 1
74.833444875,0.3828125,78,91,ZOMBIE                          Words and music by Dolores ORiordan,9885,49,Shakuhachi _ 1
75.036569875,0.1796875,55,87,ZOMBIE                          Words and music by Dolores ORiordan,9911,23,Clavinet _ 1
75.036569875,0.1796875,64,87,ZOMBIE                          Words and music by Dolores ORiordan,9911,23,Clavinet _ 1
75.224069875,0.0078125,36,107,ZOMBIE                          Words and music by Dolores ORiordan,9935,1,Drum Kit _ 1
75.224069875,0.0078125,42,50,ZOMBIE                          Words and music by Dolores ORiordan,9935,1,Drum Kit _ 1
74.841257375,0.390625,52,114,ZOMBIE                          Words and music by Dolores ORiordan,9886,50,Electric Guitar (muted) _ 1
74.474069875,0.7578125,47,103,ZOMBIE                          Words and music by Dolores ORiordan,9839,97,Electric Guitar (muted) _ 1
75.411569875,0.0078125,42,76,ZOMBIE                          Words and music by Dolores ORiordan,9959,1,Drum Kit _ 1
75.239694875,0.2265625,52,80,ZOMBIE                          Words and music by Dolores ORiordan,9937,29,Electric Guitar (muted) _ 1
75.239694875,0.25,47,76,ZOMBIE                          Words and music by Dolores ORiordan,9937,32,Electric Guitar (muted) _ 1
75.231882375,0.296875,28,96,ZOMBIE                          Words and music by Dolores ORiordan,9936,38,Electric Bass (finger) _ 1
75.224069875,0.359375,55,88,ZOMBIE                          Words and music by Dolores ORiordan,9935,46,Clavinet _ 1
75.036569875,0.546875,59,88,ZOMBIE                          Words and music by Dolores ORiordan,9911,70,Clavinet _ 1
75.224069875,0.3671875,64,87,ZOMBIE                          Words and music by Dolores ORiordan,9935,47,Clavinet _ 1
75.599069875,0.0078125,36,113,ZOMBIE                          Words and music by Dolores ORiordan,9983,1,Drum Kit _ 1
75.599069875,0.0078125,42,85,ZOMBIE                          Words and music by Dolores ORiordan,9983,1,Drum Kit _ 1
74.474069875,1.1484375,40,118,ZOMBIE                          Words and music by Dolores ORiordan,9839,147,Electric Guitar (muted) _ 1
75.216257375,0.5234375,79,91,ZOMBIE                          Words and music by Dolores ORiordan,9934,67,Shakuhachi _ 1
75.786569875,0.0078125,42,68,ZOMBIE                          Words and music by Dolores ORiordan,10007,1,Drum Kit _ 1
75.614694875,0.34375,48,112,ZOMBIE                          Words and music by Dolores ORiordan,9985,44,Electric Guitar (muted) _ 1
75.599069875,0.3671875,64,87,ZOMBIE                          Words and music by Dolores ORiordan,9983,47,Clavinet _ 1
75.591257375,0.375,59,87,ZOMBIE                          Words and music by Dolores ORiordan,9982,48,Clavinet _ 1
75.591257375,0.375,55,87,ZOMBIE                          Words and music by Dolores ORiordan,9982,48,Clavinet _ 1
75.614694875,0.3515625,52,84,ZOMBIE                          Words and music by Dolores ORiordan,9985,45,Electric Guitar (muted) _ 1
75.974069875,0.0078125,42,51,ZOMBIE                          Words and music by Dolores ORiordan,10031,1,Drum Kit _ 1
76.161569875,0.0078125,42,69,ZOMBIE                          Words and music by Dolores ORiordan,10055,1,Drum Kit _ 1
75.981882375,0.21875,36,89,ZOMBIE                          Words and music by Dolores ORiordan,10032,28,Electric Bass (finger) _ 1
75.974069875,0.3515625,52,62,ZOMBIE                          Words and music by Dolores ORiordan,10031,45,Electric Guitar (muted) _ 1
75.966257375,0.375,76,89,ZOMBIE                          Words and music by Dolores ORiordan,10030,48,Shakuhachi _ 1
75.974069875,0.3671875,64,87,ZOMBIE                          Words and music by Dolores ORiordan,10031,47,Clavinet _ 1
75.974069875,0.3671875,59,88,ZOMBIE                          Words and music by Dolores ORiordan,10031,47,Clavinet _ 1
75.974069875,0.3671875,55,87,ZOMBIE                          Words and music by Dolores ORiordan,10031,47,Clavinet _ 1
76.349069875,0.0078125,42,105,ZOMBIE                          Words and music by Dolores ORiordan,10079,1,Drum Kit _ 1
76.349069875,0.0078125,43,118,ZOMBIE                          Words and music by Dolores ORiordan,10079,1,Drum Kit _ 1
76.536569875,0.0078125,42,73,ZOMBIE                          Words and music by Dolores ORiordan,10103,1,Drum Kit _ 1
76.349069875,0.2734375,36,101,ZOMBIE                          Words and music by Dolores ORiordan,10079,35,Electric Bass (finger) _ 1
76.341257375,0.375,78,98,ZOMBIE                          Words and music by Dolores ORiordan,10078,48,Shakuhachi _ 1
76.349069875,0.3671875,64,87,ZOMBIE                          Words and music by Dolores ORiordan,10079,47,Clavinet _ 1
76.349069875,0.3671875,59,88,ZOMBIE                          Words and music by Dolores ORiordan,10079,47,Clavinet _ 1
76.349069875,0.3671875,55,88,ZOMBIE                          Words and music by Dolores ORiordan,10079,47,Clavinet _ 1
75.974069875,0.7421875,48,90,ZOMBIE                          Words and music by Dolores ORiordan,10031,95,Electric Guitar (muted) _ 1
76.349069875,0.375,52,81,ZOMBIE                          Words and music by Dolores ORiordan,10079,48,Electric Guitar (muted) _ 1
76.724069875,0.0078125,36,107,ZOMBIE                          Words and music by Dolores ORiordan,10127,1,Drum Kit _ 1
76.724069875,0.0078125,42,62,ZOMBIE                          Words and music by Dolores ORiordan,10127,1,Drum Kit _ 1
76.724069875,0.15625,64,86,ZOMBIE                          Words and music by Dolores ORiordan,10127,20,Clavinet _ 1
76.724069875,0.1796875,59,87,ZOMBIE                          Words and music by Dolores ORiordan,10127,23,Clavinet _ 1
76.724069875,0.1796875,55,87,ZOMBIE                          Words and music by Dolores ORiordan,10127,23,Clavinet _ 1
76.911569875,0.0078125,42,69,ZOMBIE                          Words and music by Dolores ORiordan,10151,1,Drum Kit _ 1
76.731882375,0.3515625,52,64,ZOMBIE                          Words and music by Dolores ORiordan,10128,45,Electric Guitar (muted) _ 1
76.724069875,0.359375,48,107,ZOMBIE                          Words and music by Dolores ORiordan,10127,46,Electric Guitar (muted) _ 1
77.099069875,0.0078125,36,109,ZOMBIE                          Words and music by Dolores ORiordan,10175,1,Drum Kit _ 1
77.099069875,0.0078125,42,72,ZOMBIE                          Words and music by Dolores ORiordan,10175,1,Drum Kit _ 1
76.716257375,0.4609375,79,99,ZOMBIE                          Words and music by Dolores ORiordan,10126,59,Shakuhachi _ 1
76.911569875,0.3671875,59,87,ZOMBIE                          Words and music by Dolores ORiordan,10151,47,Clavinet _ 1
76.911569875,0.3671875,64,87,ZOMBIE                          Words and music by Dolores ORiordan,10151,47,Clavinet _ 1
77.286569875,0.0078125,42,64,ZOMBIE                          Words and music by Dolores ORiordan,10199,1,Drum Kit _ 1
76.911569875,0.3828125,55,87,ZOMBIE                          Words and music by Dolores ORiordan,10151,49,Clavinet _ 1
77.286569875,0.1796875,59,87,ZOMBIE                          Words and music by Dolores ORiordan,10199,23,Clavinet _ 1
77.099069875,0.3671875,52,76,ZOMBIE                          Words and music by Dolores ORiordan,10175,47,Electric Guitar (muted) _ 1
77.099069875,0.3671875,48,122,ZOMBIE                          Words and music by Dolores ORiordan,10175,47,Electric Guitar (muted) _ 1
77.286569875,0.1875,64,87,ZOMBIE                          Words and music by Dolores ORiordan,10199,24,Clavinet _ 1
77.474069875,0.0078125,36,108,ZOMBIE                          Words and music by Dolores ORiordan,10223,1,Drum Kit _ 1
77.474069875,0.0078125,42,61,ZOMBIE                          Words and music by Dolores ORiordan,10223,1,Drum Kit _ 1
77.661569875,0.0078125,42,64,ZOMBIE                          Words and music by Dolores ORiordan,10247,1,Drum Kit _ 1
77.481882375,0.296875,64,87,ZOMBIE                          Words and music by Dolores ORiordan,10224,38,Clavinet _ 1
77.474069875,0.3125,59,87,ZOMBIE                          Words and music by Dolores ORiordan,10223,40,Clavinet _ 1
77.474069875,0.328125,52,72,ZOMBIE                          Words and music by Dolores ORiordan,10223,42,Electric Guitar (muted) _ 1
77.302194875,0.5234375,55,87,ZOMBIE                          Words and music by Dolores ORiordan,10201,67,Clavinet _ 1
77.466257375,0.375,79,99,ZOMBIE                          Words and music by Dolores ORiordan,10222,48,Shakuhachi _ 1
77.849069875,0.0078125,42,105,ZOMBIE                          Words and music by Dolores ORiordan,10271,1,Drum Kit _ 1
77.849069875,0.0078125,43,117,ZOMBIE                          Words and music by Dolores ORiordan,10271,1,Drum Kit _ 1
77.849069875,0.1796875,64,104,ZOMBIE                          Words and music by Dolores ORiordan,10271,23,Electric Guitar (clean) _ 1
78.036569875,0.0078125,42,66,ZOMBIE                          Words and music by Dolores ORiordan,10295,1,Drum Kit _ 1
77.849069875,0.1953125,59,87,ZOMBIE                          Words and music by Dolores ORiordan,10271,25,Clavinet _ 1
77.849069875,0.2890625,36,96,ZOMBIE                          Words and music by Dolores ORiordan,10271,37,Electric Bass (finger) _ 1
77.841257375,0.375,78,102,ZOMBIE                          Words and music by Dolores ORiordan,10270,48,Shakuhachi _ 1
78.224069875,0.0078125,46,60,ZOMBIE                          Words and music by Dolores ORiordan,10319,1,Drum Kit _ 1
78.052194875,0.1796875,59,86,ZOMBIE                          Words and music by Dolores ORiordan,10297,23,Clavinet _ 1
78.036569875,0.1953125,64,85,ZOMBIE                          Words and music by Dolores ORiordan,10295,25,Clavinet _ 1
77.841257375,0.390625,55,112,ZOMBIE                          Words and music by Dolores ORiordan,10270,50,Electric Guitar (clean) _ 1
77.474069875,1.0234375,48,117,ZOMBIE                          Words and music by Dolores ORiordan,10223,131,Electric Guitar (muted) _ 1
77.841257375,0.6875,52,126,ZOMBIE                          Words and music by Dolores ORiordan,10270,88,Electric Guitar (muted) _ 1
78.216257375,0.3515625,74,98,ZOMBIE                          Words and music by Dolores ORiordan,10318,45,Shakuhachi _ 1
78.224069875,0.3671875,36,90,ZOMBIE                          Words and music by Dolores ORiordan,10319,47,Electric Bass (finger) _ 1
78.239694875,0.359375,55,88,ZOMBIE                          Words and music by Dolores ORiordan,10321,46,Clavinet _ 1
78.239694875,0.359375,64,86,ZOMBIE                          Words and music by Dolores ORiordan,10321,46,Clavinet _ 1
78.599069875,0.0078125,36,109,ZOMBIE                          Words and music by Dolores ORiordan,10367,1,Drum Kit _ 1
78.599069875,0.0078125,42,77,ZOMBIE                          Words and music by Dolores ORiordan,10367,1,Drum Kit _ 1
78.239694875,0.3671875,59,88,ZOMBIE                          Words and music by Dolores ORiordan,10321,47,Clavinet _ 1
78.786569875,0.0078125,42,66,ZOMBIE                          Words and music by Dolores ORiordan,10391,1,Drum Kit _ 1
78.599069875,0.2421875,31,103,ZOMBIE                          Words and music by Dolores ORiordan,10367,31,Electric Bass (finger) _ 1
78.599069875,0.3515625,43,89,ZOMBIE                          Words and music by Dolores ORiordan,10367,45,Electric Guitar (muted) _ 1
78.591257375,0.3671875,71,87,ZOMBIE                          Words and music by Dolores ORiordan,10366,47,Shakuhachi _ 1
78.974069875,0.0078125,36,109,ZOMBIE                          Words and music by Dolores ORiordan,10415,1,Drum Kit _ 1
78.974069875,0.0078125,42,56,ZOMBIE                          Words and music by Dolores ORiordan,10415,1,Drum Kit _ 1
78.606882375,0.375,55,87,ZOMBIE                          Words and music by Dolores ORiordan,10368,48,Clavinet _ 1
78.614694875,0.375,59,88,ZOMBIE                          Words and music by Dolores ORiordan,10369,48,Clavinet _ 1
78.606882375,0.3828125,64,84,ZOMBIE                          Words and music by Dolores ORiordan,10368,49,Clavinet _ 1
79.161569875,0.0078125,42,62,ZOMBIE                          Words and music by Dolores ORiordan,10439,1,Drum Kit _ 1
78.974069875,0.234375,31,96,ZOMBIE                          Words and music by Dolores ORiordan,10415,30,Electric Bass (finger) _ 1
78.958444875,0.359375,79,101,ZOMBIE                          Words and music by Dolores ORiordan,10413,46,Shakuhachi _ 1
78.974069875,0.34375,43,93,ZOMBIE                          Words and music by Dolores ORiordan,10415,44,Electric Guitar (muted) _ 1
78.606882375,0.7265625,47,105,ZOMBIE                          Words and music by Dolores ORiordan,10368,93,Electric Guitar (muted) _ 1
78.997507375,0.34375,59,87,ZOMBIE                          Words and music by Dolores ORiordan,10418,44,Clavinet _ 1
78.997507375,0.3515625,64,85,ZOMBIE                          Words and music by Dolores ORiordan,10418,45,Clavinet _ 1
78.989694875,0.359375,55,87,ZOMBIE                          Words and music by Dolores ORiordan,10417,46,Clavinet _ 1
79.349069875,0.0078125,42,103,ZOMBIE                          Words and music by Dolores ORiordan,10463,1,Drum Kit _ 1
79.349069875,0.0078125,43,114,ZOMBIE                          Words and music by Dolores ORiordan,10463,1,Drum Kit _ 1
79.536569875,0.0078125,42,61,ZOMBIE                          Words and music by Dolores ORiordan,10487,1,Drum Kit _ 1
79.349069875,0.2578125,31,103,ZOMBIE                          Words and music by Dolores ORiordan,10463,33,Electric Bass (finger) _ 1
79.349069875,0.3671875,78,97,ZOMBIE                          Words and music by Dolores ORiordan,10463,47,Shakuhachi _ 1
79.356882375,0.3671875,55,87,ZOMBIE                          Words and music by Dolores ORiordan,10464,47,Clavinet _ 1
79.356882375,0.3671875,64,84,ZOMBIE                          Words and music by Dolores ORiordan,10464,47,Clavinet _ 1
79.349069875,0.375,59,87,ZOMBIE                          Words and music by Dolores ORiordan,10463,48,Clavinet _ 1
79.724069875,0.0078125,36,106,ZOMBIE                          Words and music by Dolores ORiordan,10511,1,Drum Kit _ 1
79.724069875,0.0078125,42,62,ZOMBIE                          Words and music by Dolores ORiordan,10511,1,Drum Kit _ 1
79.349069875,0.3828125,47,105,ZOMBIE                          Words and music by Dolores ORiordan,10463,49,Electric Guitar (muted) _ 1
78.981882375,0.75,50,61,ZOMBIE                          Words and music by Dolores ORiordan,10416,96,Electric Guitar (muted) _ 1
79.731882375,0.1640625,64,84,ZOMBIE                          Words and music by Dolores ORiordan,10512,21,Clavinet _ 1
79.731882375,0.171875,59,85,ZOMBIE                          Words and music by Dolores ORiordan,10512,22,Clavinet _ 1
79.731882375,0.1796875,55,85,ZOMBIE                          Words and music by Dolores ORiordan,10512,23,Clavinet _ 1
79.911569875,0.0078125,42,66,ZOMBIE                          Words and music by Dolores ORiordan,10535,1,Drum Kit _ 1
79.724069875,0.2578125,31,93,ZOMBIE                          Words and music by Dolores ORiordan,10511,33,Electric Bass (finger) _ 1
79.739694875,0.34375,50,65,ZOMBIE                          Words and music by Dolores ORiordan,10513,44,Electric Guitar (muted) _ 1
79.731882375,0.3515625,43,89,ZOMBIE                          Words and music by Dolores ORiordan,10512,45,Electric Guitar (muted) _ 1
79.919382375,0.171875,55,87,ZOMBIE                          Words and music by Dolores ORiordan,10536,22,Clavinet _ 1
79.739694875,0.359375,47,105,ZOMBIE                          Words and music by Dolores ORiordan,10513,46,Electric Guitar (muted) _ 1
80.099069875,0.0078125,36,110,ZOMBIE                          Words and music by Dolores ORiordan,10559,1,Drum Kit _ 1
80.099069875,0.0078125,42,77,ZOMBIE                          Words and music by Dolores ORiordan,10559,1,Drum Kit _ 1
79.716257375,0.4140625,74,92,ZOMBIE                          Words and music by Dolores ORiordan,10510,53,Shakuhachi _ 1
79.903757375,0.3671875,64,87,ZOMBIE                          Words and music by Dolores ORiordan,10534,47,Clavinet _ 1
79.911569875,0.3671875,59,87,ZOMBIE                          Words and music by Dolores ORiordan,10535,47,Clavinet _ 1
80.286569875,0.0078125,42,65,ZOMBIE                          Words and music by Dolores ORiordan,10583,1,Drum Kit _ 1
80.099069875,0.2734375,31,99,ZOMBIE                          Words and music by Dolores ORiordan,10559,35,Electric Bass (finger) _ 1
80.286569875,0.140625,59,86,ZOMBIE                          Words and music by Dolores ORiordan,10583,18,Clavinet _ 1
80.106882375,0.34375,47,105,ZOMBIE                          Words and music by Dolores ORiordan,10560,44,Electric Guitar (muted) _ 1
80.106882375,0.34375,43,91,ZOMBIE                          Words and music by Dolores ORiordan,10560,44,Electric Guitar (muted) _ 1
80.099069875,0.359375,50,61,ZOMBIE                          Words and music by Dolores ORiordan,10559,46,Electric Guitar (muted) _ 1
80.302194875,0.1640625,55,85,ZOMBIE                          Words and music by Dolores ORiordan,10585,21,Clavinet _ 1
80.474069875,0.0078125,36,108,ZOMBIE                          Words and music by Dolores ORiordan,10607,1,Drum Kit _ 1
80.474069875,0.0078125,42,63,ZOMBIE                          Words and music by Dolores ORiordan,10607,1,Drum Kit _ 1
80.278757375,0.203125,64,86,ZOMBIE                          Words and music by Dolores ORiordan,10582,26,Clavinet _ 1
80.661569875,0.0078125,42,64,ZOMBIE                          Words and music by Dolores ORiordan,10631,1,Drum Kit _ 1
80.481882375,0.2265625,31,91,ZOMBIE                          Words and music by Dolores ORiordan,10608,29,Electric Bass (finger) _ 1
80.474069875,0.265625,79,100,ZOMBIE                          Words and music by Dolores ORiordan,10607,34,Shakuhachi _ 1
80.474069875,0.3671875,55,87,ZOMBIE                          Words and music by Dolores ORiordan,10607,47,Clavinet _ 1
80.474069875,0.3671875,47,105,ZOMBIE                          Words and music by Dolores ORiordan,10607,47,Electric Guitar (muted) _ 1
80.474069875,0.3671875,43,84,ZOMBIE                          Words and music by Dolores ORiordan,10607,47,Electric Guitar (muted) _ 1
80.849069875,0.0078125,42,103,ZOMBIE                          Words and music by Dolores ORiordan,10655,1,Drum Kit _ 1
80.849069875,0.0078125,43,110,ZOMBIE                          Words and music by Dolores ORiordan,10655,1,Drum Kit _ 1
80.489694875,0.4375,64,87,ZOMBIE                          Words and music by Dolores ORiordan,10609,56,Clavinet _ 1
80.481882375,0.546875,59,87,ZOMBIE                          Words and music by Dolores ORiordan,10608,70,Clavinet _ 1
81.036569875,0.0078125,42,58,ZOMBIE                          Words and music by Dolores ORiordan,10679,1,Drum Kit _ 1
80.849069875,0.2421875,31,98,ZOMBIE                          Words and music by Dolores ORiordan,10655,31,Electric Bass (finger) _ 1
80.849069875,0.359375,47,105,ZOMBIE                          Words and music by Dolores ORiordan,10655,46,Electric Guitar (muted) _ 1
80.864694875,0.3515625,79,99,ZOMBIE                          Words and music by Dolores ORiordan,10657,45,Shakuhachi _ 1
80.849069875,0.3671875,55,85,ZOMBIE                          Words and music by Dolores ORiordan,10655,47,Clavinet _ 1
81.028757375,0.1953125,64,86,ZOMBIE                          Words and music by Dolores ORiordan,10678,25,Clavinet _ 1
81.224069875,0.0078125,36,107,ZOMBIE                          Words and music by Dolores ORiordan,10703,1,Drum Kit _ 1
81.224069875,0.0078125,42,59,ZOMBIE                          Words and music by Dolores ORiordan,10703,1,Drum Kit _ 1
81.411569875,0.0078125,42,68,ZOMBIE                          Words and music by Dolores ORiordan,10727,1,Drum Kit _ 1
81.231882375,0.2265625,31,98,ZOMBIE                          Words and music by Dolores ORiordan,10704,29,Electric Bass (finger) _ 1
81.224069875,0.3515625,47,113,ZOMBIE                          Words and music by Dolores ORiordan,10703,45,Electric Guitar (muted) _ 1
81.224069875,0.359375,55,88,ZOMBIE                          Words and music by Dolores ORiordan,10703,46,Clavinet _ 1
81.036569875,0.5546875,59,86,ZOMBIE                          Words and music by Dolores ORiordan,10679,71,Clavinet _ 1
81.224069875,0.3671875,43,90,ZOMBIE                          Words and music by Dolores ORiordan,10703,47,Electric Guitar (muted) _ 1
80.474069875,1.1171875,50,80,ZOMBIE                          Words and music by Dolores ORiordan,10607,143,Electric Guitar (muted) _ 1
81.231882375,0.3671875,64,86,ZOMBIE                          Words and music by Dolores ORiordan,10704,47,Clavinet _ 1
81.224069875,0.3828125,81,99,ZOMBIE                          Words and music by Dolores ORiordan,10703,49,Shakuhachi _ 1
81.599069875,0.0078125,36,111,ZOMBIE                          Words and music by Dolores ORiordan,10751,1,Drum Kit _ 1
81.591257375,0.015625,42,109,ZOMBIE                          Words and music by Dolores ORiordan,10750,2,Electric Guitar (muted) _ 1
81.786569875,0.0078125,42,65,ZOMBIE                          Words and music by Dolores ORiordan,10775,1,Drum Kit _ 1
81.599069875,0.2578125,30,100,ZOMBIE                          Words and music by Dolores ORiordan,10751,33,Electric Bass (finger) _ 1
81.224069875,0.6640625,52,90,ZOMBIE                          Words and music by Dolores ORiordan,10703,85,Electric Guitar (clean) _ 1
81.599069875,0.3515625,45,109,ZOMBIE                          Words and music by Dolores ORiordan,10751,45,Electric Guitar (muted) _ 1
81.599069875,0.359375,59,87,ZOMBIE                          Words and music by Dolores ORiordan,10751,46,Clavinet _ 1
81.599069875,0.3671875,64,122,ZOMBIE                          Words and music by Dolores ORiordan,10751,47,Electric Guitar (clean) _ 1
81.974069875,0.0078125,42,69,ZOMBIE                          Words and music by Dolores ORiordan,10799,1,Drum Kit _ 1
81.981882375,0.1875,42,95,ZOMBIE                          Words and music by Dolores ORiordan,10800,24,Electric Guitar (muted) _ 1
81.974069875,0.234375,30,84,ZOMBIE                          Words and music by Dolores ORiordan,10799,30,Electric Bass (finger) _ 1
81.981882375,0.3515625,45,95,ZOMBIE                          Words and music by Dolores ORiordan,10800,45,Electric Guitar (muted) _ 1
81.974069875,0.3671875,64,87,ZOMBIE                          Words and music by Dolores ORiordan,10799,47,Clavinet _ 1
81.966257375,0.375,59,86,ZOMBIE                          Words and music by Dolores ORiordan,10798,48,Clavinet _ 1
81.591257375,0.75,55,88,ZOMBIE                          Words and music by Dolores ORiordan,10750,96,Clavinet _ 1
82.349069875,0.0078125,42,95,ZOMBIE                          Words and music by Dolores ORiordan,10847,1,Drum Kit _ 1
82.349069875,0.0078125,43,111,ZOMBIE                          Words and music by Dolores ORiordan,10847,1,Drum Kit _ 1
82.536569875,0.0078125,42,73,ZOMBIE                          Words and music by Dolores ORiordan,10871,1,Drum Kit _ 1
82.349069875,0.265625,30,102,ZOMBIE                          Words and music by Dolores ORiordan,10847,34,Electric Bass (finger) _ 1
81.606882375,1.09375,78,103,ZOMBIE                          Words and music by Dolores ORiordan,10752,140,Shakuhachi _ 1
82.349069875,0.3515625,45,102,ZOMBIE                          Words and music by Dolores ORiordan,10847,45,Electric Guitar (muted) _ 1
82.341257375,0.375,55,119,ZOMBIE                          Words and music by Dolores ORiordan,10846,48,Electric Guitar (clean) _ 1
82.349069875,0.3671875,64,85,ZOMBIE                          Words and music by Dolores ORiordan,10847,47,Clavinet _ 1
82.349069875,0.375,59,87,ZOMBIE                          Words and music by Dolores ORiordan,10847,48,Clavinet _ 1
82.724069875,0.0078125,36,108,ZOMBIE                          Words and music by Dolores ORiordan,10895,1,Drum Kit _ 1
82.724069875,0.0078125,42,69,ZOMBIE                          Words and music by Dolores ORiordan,10895,1,Drum Kit _ 1
82.724069875,0.1796875,64,84,ZOMBIE                          Words and music by Dolores ORiordan,10895,23,Clavinet _ 1
82.731882375,0.1796875,59,86,ZOMBIE                          Words and music by Dolores ORiordan,10896,23,Clavinet _ 1
82.739694875,0.1796875,42,102,ZOMBIE                          Words and music by Dolores ORiordan,10897,23,Electric Guitar (muted) _ 1
82.724069875,0.21875,30,85,ZOMBIE                          Words and music by Dolores ORiordan,10895,28,Electric Bass (finger) _ 1
82.724069875,0.3515625,45,102,ZOMBIE                          Words and music by Dolores ORiordan,10895,45,Electric Guitar (muted) _ 1
83.099069875,0.0078125,36,109,ZOMBIE                          Words and music by Dolores ORiordan,10943,1,Drum Kit _ 1
83.099069875,0.0078125,42,95,ZOMBIE                          Words and music by Dolores ORiordan,10943,1,Drum Kit _ 1
82.716257375,0.484375,81,96,ZOMBIE                          Words and music by Dolores ORiordan,10894,62,Shakuhachi _ 1
82.919382375,0.359375,59,87,ZOMBIE                          Words and music by Dolores ORiordan,10920,46,Clavinet _ 1
82.911569875,0.3671875,64,86,ZOMBIE                          Words and music by Dolores ORiordan,10919,47,Clavinet _ 1
83.114694875,0.1796875,42,102,ZOMBIE                          Words and music by Dolores ORiordan,10945,23,Electric Guitar (muted) _ 1
83.099069875,0.3671875,30,101,ZOMBIE                          Words and music by Dolores ORiordan,10943,47,Electric Bass (finger) _ 1
83.114694875,0.3515625,45,102,ZOMBIE                          Words and music by Dolores ORiordan,10945,45,Electric Guitar (muted) _ 1
83.474069875,0.0078125,36,108,ZOMBIE                          Words and music by Dolores ORiordan,10991,1,Drum Kit _ 1
83.474069875,0.0078125,42,66,ZOMBIE                          Words and music by Dolores ORiordan,10991,1,Drum Kit _ 1
83.286569875,0.1953125,64,87,ZOMBIE                          Words and music by Dolores ORiordan,10967,25,Clavinet _ 1
82.716257375,0.765625,50,113,ZOMBIE                          Words and music by Dolores ORiordan,10894,98,Electric Guitar (muted) _ 1
83.661569875,0.0078125,42,72,ZOMBIE                          Words and music by Dolores ORiordan,11015,1,Drum Kit _ 1
83.489694875,0.3125,43,110,ZOMBIE                          Words and music by Dolores ORiordan,10993,40,Electric Guitar (muted) _ 1
83.474069875,0.3671875,79,99,ZOMBIE                          Words and music by Dolores ORiordan,10991,47,Shakuhachi _ 1
83.474069875,0.3671875,31,108,ZOMBIE                          Words and music by Dolores ORiordan,10991,47,Electric Bass (finger) _ 1
82.724069875,1.1171875,55,87,ZOMBIE                          Words and music by Dolores ORiordan,10895,143,Clavinet _ 1
83.849069875,0.0078125,42,94,ZOMBIE                          Words and music by Dolores ORiordan,11039,1,Drum Kit _ 1
83.849069875,0.0078125,43,111,ZOMBIE                          Words and music by Dolores ORiordan,11039,1,Drum Kit _ 1
83.489694875,0.3671875,64,87,ZOMBIE                          Words and music by Dolores ORiordan,10993,47,Clavinet _ 1
83.489694875,0.3671875,50,110,ZOMBIE                          Words and music by Dolores ORiordan,10993,47,Electric Guitar (muted) _ 1
83.864694875,0.1640625,64,86,ZOMBIE                          Words and music by Dolores ORiordan,11041,21,Clavinet _ 1
83.864694875,0.1640625,50,112,ZOMBIE                          Words and music by Dolores ORiordan,11041,21,Electric Guitar (muted) _ 1
83.286569875,0.75,59,87,ZOMBIE                          Words and music by Dolores ORiordan,10967,96,Clavinet _ 1
83.856882375,0.1875,42,112,ZOMBIE                          Words and music by Dolores ORiordan,11040,24,Electric Guitar (muted) _ 1
83.841257375,0.375,78,97,ZOMBIE                          Words and music by Dolores ORiordan,11038,48,Shakuhachi _ 1
83.849069875,0.3671875,30,98,ZOMBIE                          Words and music by Dolores ORiordan,11039,47,Electric Bass (finger) _ 1
84.224069875,0.0078125,47,115,ZOMBIE                          Words and music by Dolores ORiordan,11087,1,Drum Kit _ 1
84.044382375,0.1875,59,86,ZOMBIE                          Words and music by Dolores ORiordan,11064,24,Clavinet _ 1
84.036569875,0.1953125,64,85,ZOMBIE                          Words and music by Dolores ORiordan,11063,25,Clavinet _ 1
83.849069875,0.3828125,55,87,ZOMBIE                          Words and music by Dolores ORiordan,11039,49,Clavinet _ 1
84.411569875,0.0078125,46,95,ZOMBIE                          Words and music by Dolores ORiordan,11111,1,Drum Kit _ 1
84.239694875,0.2578125,64,86,ZOMBIE                          Words and music by Dolores ORiordan,11089,33,Clavinet _ 1
84.224069875,0.3203125,31,106,ZOMBIE                          Words and music by Dolores ORiordan,11087,41,Electric Bass (finger) _ 1
84.231882375,0.3203125,43,97,ZOMBIE                          Words and music by Dolores ORiordan,11088,41,Electric Guitar (muted) _ 1
84.239694875,0.3203125,55,84,ZOMBIE                          Words and music by Dolores ORiordan,11089,41,Clavinet _ 1
81.966257375,2.6015625,62,112,ZOMBIE                          Words and music by Dolores ORiordan,10798,333,Electric Guitar (clean) _ 1
84.239694875,0.3359375,59,83,ZOMBIE                          Words and music by Dolores ORiordan,11089,43,Clavinet _ 1
84.599069875,0.0078125,36,111,ZOMBIE                          Words and music by Dolores ORiordan,11135,1,Drum Kit _ 1
84.599069875,0.0078125,42,89,ZOMBIE                          Words and music by Dolores ORiordan,11135,1,Drum Kit _ 1
84.239694875,0.390625,50,75,ZOMBIE                          Words and music by Dolores ORiordan,11089,50,Electric Guitar (muted) _ 1
83.864694875,0.78125,45,112,ZOMBIE                          Words and music by Dolores ORiordan,11041,100,Electric Guitar (muted) _ 1
84.216257375,0.4453125,76,94,ZOMBIE                          Words and music by Dolores ORiordan,11086,57,Shakuhachi _ 1
84.786569875,0.0078125,42,83,ZOMBIE                          Words and music by Dolores ORiordan,11159,1,Drum Kit _ 1
84.606882375,0.2109375,28,113,ZOMBIE                          Words and music by Dolores ORiordan,11136,27,Electric Bass (finger) _ 1
84.606882375,0.359375,64,88,ZOMBIE                          Words and music by Dolores ORiordan,11136,46,Clavinet _ 1
84.591257375,0.375,59,88,ZOMBIE                          Words and music by Dolores ORiordan,11134,48,Clavinet _ 1
84.583444875,0.3828125,55,88,ZOMBIE                          Words and music by Dolores ORiordan,11133,49,Clavinet _ 1
84.974069875,0.0078125,36,111,ZOMBIE                          Words and music by Dolores ORiordan,11183,1,Drum Kit _ 1
84.974069875,0.0078125,42,57,ZOMBIE                          Words and music by Dolores ORiordan,11183,1,Drum Kit _ 1
85.161569875,0.0078125,42,73,ZOMBIE                          Words and music by Dolores ORiordan,11207,1,Drum Kit _ 1
84.974069875,0.2421875,28,93,ZOMBIE                          Words and music by Dolores ORiordan,11183,31,Electric Bass (finger) _ 1
84.989694875,0.3359375,40,78,ZOMBIE                          Words and music by Dolores ORiordan,11185,43,Electric Guitar (muted) _ 1
84.966257375,0.3671875,76,93,ZOMBIE                          Words and music by Dolores ORiordan,11182,47,Shakuhachi _ 1
84.974069875,0.3671875,55,87,ZOMBIE                          Words and music by Dolores ORiordan,11183,47,Clavinet _ 1
84.981882375,0.359375,47,78,ZOMBIE                          Words and music by Dolores ORiordan,11184,46,Electric Guitar (muted) _ 1
84.583444875,0.7578125,52,121,ZOMBIE                          Words and music by Dolores ORiordan,11133,97,Electric Guitar (muted) _ 1
84.974069875,0.375,59,86,ZOMBIE                          Words and music by Dolores ORiordan,11183,48,Clavinet _ 1
84.974069875,0.375,64,84,ZOMBIE                          Words and music by Dolores ORiordan,11183,48,Clavinet _ 1
85.349069875,0.0078125,42,107,ZOMBIE                          Words and music by Dolores ORiordan,11231,1,Drum Kit _ 1
85.349069875,0.0078125,43,114,ZOMBIE                          Words and music by Dolores ORiordan,11231,1,Drum Kit _ 1
85.536569875,0.0078125,42,69,ZOMBIE                          Words and music by Dolores ORiordan,11255,1,Drum Kit _ 1
85.349069875,0.2421875,28,106,ZOMBIE                          Words and music by Dolores ORiordan,11231,31,Electric Bass (finger) _ 1
85.333444875,0.3828125,78,92,ZOMBIE                          Words and music by Dolores ORiordan,11229,49,Shakuhachi _ 1
85.349069875,0.3671875,55,87,ZOMBIE                          Words and music by Dolores ORiordan,11231,47,Clavinet _ 1
85.349069875,0.3671875,52,121,ZOMBIE                          Words and music by Dolores ORiordan,11231,47,Electric Guitar (muted) _ 1
85.356882375,0.3671875,59,87,ZOMBIE                          Words and music by Dolores ORiordan,11232,47,Clavinet _ 1
85.724069875,0.0078125,36,107,ZOMBIE                          Words and music by Dolores ORiordan,11279,1,Drum Kit _ 1
85.724069875,0.0078125,42,57,ZOMBIE                          Words and music by Dolores ORiordan,11279,1,Drum Kit _ 1
85.356882375,0.375,64,87,ZOMBIE                          Words and music by Dolores ORiordan,11232,48,Clavinet _ 1
85.739694875,0.1640625,64,87,ZOMBIE                          Words and music by Dolores ORiordan,11281,21,Clavinet _ 1
85.731882375,0.171875,59,87,ZOMBIE                          Words and music by Dolores ORiordan,11280,22,Clavinet _ 1
85.911569875,0.0078125,42,65,ZOMBIE                          Words and music by Dolores ORiordan,11303,1,Drum Kit _ 1
85.724069875,0.2734375,28,91,ZOMBIE                          Words and music by Dolores ORiordan,11279,35,Electric Bass (finger) _ 1
85.349069875,0.6875,47,121,ZOMBIE                          Words and music by Dolores ORiordan,11231,88,Electric Guitar (muted) _ 1
85.349069875,0.6953125,40,121,ZOMBIE                          Words and music by Dolores ORiordan,11231,89,Electric Guitar (muted) _ 1
85.724069875,0.3359375,52,88,ZOMBIE                          Words and music by Dolores ORiordan,11279,43,Electric Guitar (muted) _ 1
86.099069875,0.0078125,36,112,ZOMBIE                          Words and music by Dolores ORiordan,11327,1,Drum Kit _ 1
86.099069875,0.0078125,42,87,ZOMBIE                          Words and music by Dolores ORiordan,11327,1,Drum Kit _ 1
85.716257375,0.4296875,76,90,ZOMBIE                          Words and music by Dolores ORiordan,11278,55,Shakuhachi _ 1
85.911569875,0.3671875,59,87,ZOMBIE                          Words and music by Dolores ORiordan,11303,47,Clavinet _ 1
85.911569875,0.3671875,64,87,ZOMBIE                          Words and music by Dolores ORiordan,11303,47,Clavinet _ 1
85.724069875,0.5625,55,87,ZOMBIE                          Words and music by Dolores ORiordan,11279,72,Clavinet _ 1
86.286569875,0.0078125,42,69,ZOMBIE                          Words and music by Dolores ORiordan,11351,1,Drum Kit _ 1
86.099069875,0.2578125,28,105,ZOMBIE                          Words and music by Dolores ORiordan,11327,33,Electric Bass (finger) _ 1
86.294382375,0.1640625,55,86,ZOMBIE                          Words and music by Dolores ORiordan,11352,21,Clavinet _ 1
86.091257375,0.3671875,47,102,ZOMBIE                          Words and music by Dolores ORiordan,11326,47,Electric Guitar (muted) _ 1
86.286569875,0.1796875,64,87,ZOMBIE                          Words and music by Dolores ORiordan,11351,23,Clavinet _ 1
86.091257375,0.375,40,112,ZOMBIE                          Words and music by Dolores ORiordan,11326,48,Electric Guitar (muted) _ 1
86.091257375,0.375,52,81,ZOMBIE                          Words and music by Dolores ORiordan,11326,48,Electric Guitar (muted) _ 1
86.474069875,0.0078125,36,110,ZOMBIE                          Words and music by Dolores ORiordan,11375,1,Drum Kit _ 1
86.474069875,0.0078125,42,67,ZOMBIE                          Words and music by Dolores ORiordan,11375,1,Drum Kit _ 1
86.661569875,0.0078125,42,82,ZOMBIE                          Words and music by Dolores ORiordan,11399,1,Drum Kit _ 1
86.474069875,0.2890625,28,89,ZOMBIE                          Words and music by Dolores ORiordan,11375,37,Electric Bass (finger) _ 1
86.474069875,0.3125,55,87,ZOMBIE                          Words and music by Dolores ORiordan,11375,40,Clavinet _ 1
86.474069875,0.3203125,64,84,ZOMBIE                          Words and music by Dolores ORiordan,11375,41,Clavinet _ 1
86.286569875,0.5078125,59,86,ZOMBIE                          Words and music by Dolores ORiordan,11351,65,Clavinet _ 1
86.474069875,0.3203125,52,57,ZOMBIE                          Words and music by Dolores ORiordan,11375,41,Electric Guitar (muted) _ 1
86.458444875,0.375,76,96,ZOMBIE                          Words and music by Dolores ORiordan,11373,48,Shakuhachi _ 1
86.833444875,0.0078125,55,112,ZOMBIE                          Words and music by Dolores ORiordan,11421,1,Electric Guitar (clean) _ 1
86.849069875,0.0078125,42,111,ZOMBIE                          Words and music by Dolores ORiordan,11423,1,Drum Kit _ 1
86.849069875,0.0078125,43,110,ZOMBIE                          Words and music by Dolores ORiordan,11423,1,Drum Kit _ 1
86.849069875,0.1796875,55,84,ZOMBIE                          Words and music by Dolores ORiordan,11423,23,Clavinet _ 1
86.841257375,0.1875,64,106,ZOMBIE                          Words and music by Dolores ORiordan,11422,24,Electric Guitar (clean) _ 1
86.841257375,0.1875,59,115,ZOMBIE                          Words and music by Dolores ORiordan,11422,24,Electric Guitar (clean) _ 1
87.036569875,0.0078125,42,77,ZOMBIE                          Words and music by Dolores ORiordan,11447,1,Drum Kit _ 1
86.849069875,0.25,28,101,ZOMBIE                          Words and music by Dolores ORiordan,11423,32,Electric Bass (finger) _ 1
86.833444875,0.3828125,78,93,ZOMBIE                          Words and music by Dolores ORiordan,11421,49,Shakuhachi _ 1
87.036569875,0.1796875,55,87,ZOMBIE                          Words and music by Dolores ORiordan,11447,23,Clavinet _ 1
87.036569875,0.1796875,64,87,ZOMBIE                          Words and music by Dolores ORiordan,11447,23,Clavinet _ 1
87.224069875,0.0078125,36,107,ZOMBIE                          Words and music by Dolores ORiordan,11471,1,Drum Kit _ 1
87.224069875,0.0078125,42,50,ZOMBIE                          Words and music by Dolores ORiordan,11471,1,Drum Kit _ 1
86.841257375,0.390625,52,114,ZOMBIE                          Words and music by Dolores ORiordan,11422,50,Electric Guitar (muted) _ 1
86.474069875,0.7578125,47,103,ZOMBIE                          Words and music by Dolores ORiordan,11375,97,Electric Guitar (muted) _ 1
87.411569875,0.0078125,42,76,ZOMBIE                          Words and music by Dolores ORiordan,11495,1,Drum Kit _ 1
87.239694875,0.2265625,52,80,ZOMBIE                          Words and music by Dolores ORiordan,11473,29,Electric Guitar (muted) _ 1
87.239694875,0.25,47,76,ZOMBIE                          Words and music by Dolores ORiordan,11473,32,Electric Guitar (muted) _ 1
87.231882375,0.296875,28,96,ZOMBIE                          Words and music by Dolores ORiordan,11472,38,Electric Bass (finger) _ 1
87.224069875,0.359375,55,88,ZOMBIE                          Words and music by Dolores ORiordan,11471,46,Clavinet _ 1
87.036569875,0.546875,59,88,ZOMBIE                          Words and music by Dolores ORiordan,11447,70,Clavinet _ 1
87.224069875,0.3671875,64,87,ZOMBIE                          Words and music by Dolores ORiordan,11471,47,Clavinet _ 1
87.599069875,0.0078125,36,113,ZOMBIE                          Words and music by Dolores ORiordan,11519,1,Drum Kit _ 1
87.599069875,0.0078125,42,85,ZOMBIE                          Words and music by Dolores ORiordan,11519,1,Drum Kit _ 1
86.474069875,1.1484375,40,118,ZOMBIE                          Words and music by Dolores ORiordan,11375,147,Electric Guitar (muted) _ 1
87.216257375,0.4921875,76,93,ZOMBIE                          Words and music by Dolores ORiordan,11470,63,Shakuhachi _ 1
87.786569875,0.0078125,42,68,ZOMBIE                          Words and music by Dolores ORiordan,11543,1,Drum Kit _ 1
87.614694875,0.34375,48,112,ZOMBIE                          Words and music by Dolores ORiordan,11521,44,Electric Guitar (muted) _ 1
87.599069875,0.3671875,64,87,ZOMBIE                          Words and music by Dolores ORiordan,11519,47,Clavinet _ 1
87.591257375,0.375,59,87,ZOMBIE                          Words and music by Dolores ORiordan,11518,48,Clavinet _ 1
87.591257375,0.375,55,87,ZOMBIE                          Words and music by Dolores ORiordan,11518,48,Clavinet _ 1
87.614694875,0.3515625,52,84,ZOMBIE                          Words and music by Dolores ORiordan,11521,45,Electric Guitar (muted) _ 1
87.974069875,0.0078125,42,51,ZOMBIE                          Words and music by Dolores ORiordan,11567,1,Drum Kit _ 1
88.161569875,0.0078125,42,69,ZOMBIE                          Words and music by Dolores ORiordan,11591,1,Drum Kit _ 1
87.981882375,0.21875,36,89,ZOMBIE                          Words and music by Dolores ORiordan,11568,28,Electric Bass (finger) _ 1
87.974069875,0.3515625,52,62,ZOMBIE                          Words and music by Dolores ORiordan,11567,45,Electric Guitar (muted) _ 1
87.966257375,0.375,76,96,ZOMBIE                          Words and music by Dolores ORiordan,11566,48,Shakuhachi _ 1
87.974069875,0.3671875,64,87,ZOMBIE                          Words and music by Dolores ORiordan,11567,47,Clavinet _ 1
87.974069875,0.3671875,59,88,ZOMBIE                          Words and music by Dolores ORiordan,11567,47,Clavinet _ 1
87.974069875,0.3671875,55,87,ZOMBIE                          Words and music by Dolores ORiordan,11567,47,Clavinet _ 1
88.349069875,0.0078125,42,105,ZOMBIE                          Words and music by Dolores ORiordan,11615,1,Drum Kit _ 1
88.349069875,0.0078125,43,118,ZOMBIE                          Words and music by Dolores ORiordan,11615,1,Drum Kit _ 1
88.536569875,0.0078125,42,73,ZOMBIE                          Words and music by Dolores ORiordan,11639,1,Drum Kit _ 1
88.349069875,0.2734375,36,101,ZOMBIE                          Words and music by Dolores ORiordan,11615,35,Electric Bass (finger) _ 1
88.341257375,0.375,78,92,ZOMBIE                          Words and music by Dolores ORiordan,11614,48,Shakuhachi _ 1
88.349069875,0.3671875,64,87,ZOMBIE                          Words and music by Dolores ORiordan,11615,47,Clavinet _ 1
88.349069875,0.3671875,59,88,ZOMBIE                          Words and music by Dolores ORiordan,11615,47,Clavinet _ 1
88.349069875,0.3671875,55,88,ZOMBIE                          Words and music by Dolores ORiordan,11615,47,Clavinet _ 1
87.974069875,0.7421875,48,90,ZOMBIE                          Words and music by Dolores ORiordan,11567,95,Electric Guitar (muted) _ 1
88.349069875,0.375,52,81,ZOMBIE                          Words and music by Dolores ORiordan,11615,48,Electric Guitar (muted) _ 1
88.724069875,0.0078125,36,107,ZOMBIE                          Words and music by Dolores ORiordan,11663,1,Drum Kit _ 1
88.724069875,0.0078125,42,62,ZOMBIE                          Words and music by Dolores ORiordan,11663,1,Drum Kit _ 1
88.724069875,0.15625,64,86,ZOMBIE                          Words and music by Dolores ORiordan,11663,20,Clavinet _ 1
88.724069875,0.1796875,59,87,ZOMBIE                          Words and music by Dolores ORiordan,11663,23,Clavinet _ 1
88.724069875,0.1796875,55,87,ZOMBIE                          Words and music by Dolores ORiordan,11663,23,Clavinet _ 1
88.911569875,0.0078125,42,69,ZOMBIE                          Words and music by Dolores ORiordan,11687,1,Drum Kit _ 1
88.731882375,0.3515625,52,64,ZOMBIE                          Words and music by Dolores ORiordan,11664,45,Electric Guitar (muted) _ 1
88.724069875,0.359375,48,107,ZOMBIE                          Words and music by Dolores ORiordan,11663,46,Electric Guitar (muted) _ 1
88.716257375,0.375,76,99,ZOMBIE                          Words and music by Dolores ORiordan,11662,48,Shakuhachi _ 1
89.099069875,0.0078125,36,109,ZOMBIE                          Words and music by Dolores ORiordan,11711,1,Drum Kit _ 1
89.099069875,0.0078125,42,72,ZOMBIE                          Words and music by Dolores ORiordan,11711,1,Drum Kit _ 1
88.911569875,0.3671875,59,87,ZOMBIE                          Words and music by Dolores ORiordan,11687,47,Clavinet _ 1
88.911569875,0.3671875,64,87,ZOMBIE                          Words and music by Dolores ORiordan,11687,47,Clavinet _ 1
89.286569875,0.0078125,42,64,ZOMBIE                          Words and music by Dolores ORiordan,11735,1,Drum Kit _ 1
88.911569875,0.3828125,55,87,ZOMBIE                          Words and music by Dolores ORiordan,11687,49,Clavinet _ 1
89.286569875,0.1796875,59,87,ZOMBIE                          Words and music by Dolores ORiordan,11735,23,Clavinet _ 1
89.099069875,0.3671875,52,76,ZOMBIE                          Words and music by Dolores ORiordan,11711,47,Electric Guitar (muted) _ 1
89.099069875,0.3671875,48,122,ZOMBIE                          Words and music by Dolores ORiordan,11711,47,Electric Guitar (muted) _ 1
89.286569875,0.1875,64,87,ZOMBIE                          Words and music by Dolores ORiordan,11735,24,Clavinet _ 1
89.474069875,0.0078125,36,108,ZOMBIE                          Words and music by Dolores ORiordan,11759,1,Drum Kit _ 1
89.474069875,0.0078125,42,61,ZOMBIE                          Words and music by Dolores ORiordan,11759,1,Drum Kit _ 1
89.661569875,0.0078125,42,64,ZOMBIE                          Words and music by Dolores ORiordan,11783,1,Drum Kit _ 1
89.474069875,0.265625,59,87,ZOMBIE                          Words and music by Dolores ORiordan,11759,34,Clavinet _ 1
89.481882375,0.296875,64,87,ZOMBIE                          Words and music by Dolores ORiordan,11760,38,Clavinet _ 1
89.302194875,0.5,55,87,ZOMBIE                          Words and music by Dolores ORiordan,11737,64,Clavinet _ 1
89.474069875,0.328125,52,72,ZOMBIE                          Words and music by Dolores ORiordan,11759,42,Electric Guitar (muted) _ 1
89.466257375,0.359375,79,98,ZOMBIE                          Words and music by Dolores ORiordan,11758,46,Shakuhachi _ 1
89.849069875,0.0078125,42,105,ZOMBIE                          Words and music by Dolores ORiordan,11807,1,Drum Kit _ 1
89.849069875,0.0078125,43,117,ZOMBIE                          Words and music by Dolores ORiordan,11807,1,Drum Kit _ 1
89.849069875,0.1796875,64,104,ZOMBIE                          Words and music by Dolores ORiordan,11807,23,Electric Guitar (clean) _ 1
90.036569875,0.0078125,42,66,ZOMBIE                          Words and music by Dolores ORiordan,11831,1,Drum Kit _ 1
89.849069875,0.1953125,59,87,ZOMBIE                          Words and music by Dolores ORiordan,11807,25,Clavinet _ 1
89.849069875,0.2890625,36,96,ZOMBIE                          Words and music by Dolores ORiordan,11807,37,Electric Bass (finger) _ 1
89.833444875,0.3828125,78,103,ZOMBIE                          Words and music by Dolores ORiordan,11805,49,Shakuhachi _ 1
90.224069875,0.0078125,46,60,ZOMBIE                          Words and music by Dolores ORiordan,11855,1,Drum Kit _ 1
90.052194875,0.1796875,59,86,ZOMBIE                          Words and music by Dolores ORiordan,11833,23,Clavinet _ 1
90.036569875,0.1953125,64,85,ZOMBIE                          Words and music by Dolores ORiordan,11831,25,Clavinet _ 1
89.841257375,0.390625,55,112,ZOMBIE                          Words and music by Dolores ORiordan,11806,50,Electric Guitar (clean) _ 1
89.474069875,1.0234375,48,117,ZOMBIE                          Words and music by Dolores ORiordan,11759,131,Electric Guitar (muted) _ 1
89.841257375,0.6875,52,126,ZOMBIE                          Words and music by Dolores ORiordan,11806,88,Electric Guitar (muted) _ 1
90.216257375,0.375,74,100,ZOMBIE                          Words and music by Dolores ORiordan,11854,48,Shakuhachi _ 1
90.224069875,0.3671875,36,90,ZOMBIE                          Words and music by Dolores ORiordan,11855,47,Electric Bass (finger) _ 1
90.239694875,0.359375,55,88,ZOMBIE                          Words and music by Dolores ORiordan,11857,46,Clavinet _ 1
90.239694875,0.359375,64,86,ZOMBIE                          Words and music by Dolores ORiordan,11857,46,Clavinet _ 1
90.599069875,0.0078125,36,109,ZOMBIE                          Words and music by Dolores ORiordan,11903,1,Drum Kit _ 1
90.599069875,0.0078125,42,77,ZOMBIE                          Words and music by Dolores ORiordan,11903,1,Drum Kit _ 1
90.239694875,0.3671875,59,88,ZOMBIE                          Words and music by Dolores ORiordan,11857,47,Clavinet _ 1
90.786569875,0.0078125,42,66,ZOMBIE                          Words and music by Dolores ORiordan,11927,1,Drum Kit _ 1
90.599069875,0.2421875,31,103,ZOMBIE                          Words and music by Dolores ORiordan,11903,31,Electric Bass (finger) _ 1
90.599069875,0.3515625,43,89,ZOMBIE                          Words and music by Dolores ORiordan,11903,45,Electric Guitar (muted) _ 1
90.591257375,0.3828125,71,93,ZOMBIE                          Words and music by Dolores ORiordan,11902,49,Shakuhachi _ 1
90.974069875,0.0078125,36,109,ZOMBIE                          Words and music by Dolores ORiordan,11951,1,Drum Kit _ 1
90.974069875,0.0078125,42,56,ZOMBIE                          Words and music by Dolores ORiordan,11951,1,Drum Kit _ 1
90.606882375,0.375,55,87,ZOMBIE                          Words and music by Dolores ORiordan,11904,48,Clavinet _ 1
90.614694875,0.375,59,88,ZOMBIE                          Words and music by Dolores ORiordan,11905,48,Clavinet _ 1
90.606882375,0.3828125,64,84,ZOMBIE                          Words and music by Dolores ORiordan,11904,49,Clavinet _ 1
91.161569875,0.0078125,42,62,ZOMBIE                          Words and music by Dolores ORiordan,11975,1,Drum Kit _ 1
90.974069875,0.234375,31,96,ZOMBIE                          Words and music by Dolores ORiordan,11951,30,Electric Bass (finger) _ 1
90.974069875,0.34375,43,93,ZOMBIE                          Words and music by Dolores ORiordan,11951,44,Electric Guitar (muted) _ 1
90.606882375,0.7265625,47,105,ZOMBIE                          Words and music by Dolores ORiordan,11904,93,Electric Guitar (muted) _ 1
90.997507375,0.34375,59,87,ZOMBIE                          Words and music by Dolores ORiordan,11954,44,Clavinet _ 1
90.974069875,0.375,79,99,ZOMBIE                          Words and music by Dolores ORiordan,11951,48,Shakuhachi _ 1
90.997507375,0.3515625,64,85,ZOMBIE                          Words and music by Dolores ORiordan,11954,45,Clavinet _ 1
90.989694875,0.359375,55,87,ZOMBIE                          Words and music by Dolores ORiordan,11953,46,Clavinet _ 1
91.349069875,0.0078125,42,103,ZOMBIE                          Words and music by Dolores ORiordan,11999,1,Drum Kit _ 1
91.349069875,0.0078125,43,114,ZOMBIE                          Words and music by Dolores ORiordan,11999,1,Drum Kit _ 1
91.536569875,0.0078125,42,61,ZOMBIE                          Words and music by Dolores ORiordan,12023,1,Drum Kit _ 1
91.349069875,0.2578125,31,103,ZOMBIE                          Words and music by Dolores ORiordan,11999,33,Electric Bass (finger) _ 1
91.356882375,0.328125,55,87,ZOMBIE                          Words and music by Dolores ORiordan,12000,42,Clavinet _ 1
91.349069875,0.375,78,95,ZOMBIE                          Words and music by Dolores ORiordan,11999,48,Shakuhachi _ 1
91.356882375,0.3671875,64,84,ZOMBIE                          Words and music by Dolores ORiordan,12000,47,Clavinet _ 1
91.349069875,0.375,59,87,ZOMBIE                          Words and music by Dolores ORiordan,11999,48,Clavinet _ 1
91.724069875,0.0078125,36,106,ZOMBIE                          Words and music by Dolores ORiordan,12047,1,Drum Kit _ 1
91.724069875,0.0078125,42,62,ZOMBIE                          Words and music by Dolores ORiordan,12047,1,Drum Kit _ 1
91.349069875,0.3828125,47,105,ZOMBIE                          Words and music by Dolores ORiordan,11999,49,Electric Guitar (muted) _ 1
90.981882375,0.75,50,61,ZOMBIE                          Words and music by Dolores ORiordan,11952,96,Electric Guitar (muted) _ 1
91.731882375,0.1640625,64,84,ZOMBIE                          Words and music by Dolores ORiordan,12048,21,Clavinet _ 1
91.731882375,0.171875,59,85,ZOMBIE                          Words and music by Dolores ORiordan,12048,22,Clavinet _ 1
91.731882375,0.1796875,55,85,ZOMBIE                          Words and music by Dolores ORiordan,12048,23,Clavinet _ 1
91.911569875,0.0078125,42,66,ZOMBIE                          Words and music by Dolores ORiordan,12071,1,Drum Kit _ 1
91.724069875,0.2578125,31,93,ZOMBIE                          Words and music by Dolores ORiordan,12047,33,Electric Bass (finger) _ 1
91.739694875,0.34375,50,65,ZOMBIE                          Words and music by Dolores ORiordan,12049,44,Electric Guitar (muted) _ 1
91.731882375,0.3515625,43,89,ZOMBIE                          Words and music by Dolores ORiordan,12048,45,Electric Guitar (muted) _ 1
91.739694875,0.359375,47,105,ZOMBIE                          Words and music by Dolores ORiordan,12049,46,Electric Guitar (muted) _ 1
92.099069875,0.0078125,36,110,ZOMBIE                          Words and music by Dolores ORiordan,12095,1,Drum Kit _ 1
92.099069875,0.0078125,42,77,ZOMBIE                          Words and music by Dolores ORiordan,12095,1,Drum Kit _ 1
91.724069875,0.484375,74,89,ZOMBIE                          Words and music by Dolores ORiordan,12047,62,Shakuhachi _ 1
91.903757375,0.3671875,64,87,ZOMBIE                          Words and music by Dolores ORiordan,12070,47,Clavinet _ 1
91.911569875,0.3671875,59,87,ZOMBIE                          Words and music by Dolores ORiordan,12071,47,Clavinet _ 1
92.286569875,0.0078125,42,65,ZOMBIE                          Words and music by Dolores ORiordan,12119,1,Drum Kit _ 1
91.919382375,0.375,55,87,ZOMBIE                          Words and music by Dolores ORiordan,12072,48,Clavinet _ 1
92.286569875,0.03125,59,86,ZOMBIE                          Words and music by Dolores ORiordan,12119,4,Clavinet _ 1
92.099069875,0.2734375,31,99,ZOMBIE                          Words and music by Dolores ORiordan,12095,35,Electric Bass (finger) _ 1
92.106882375,0.34375,47,105,ZOMBIE                          Words and music by Dolores ORiordan,12096,44,Electric Guitar (muted) _ 1
92.106882375,0.34375,43,91,ZOMBIE                          Words and music by Dolores ORiordan,12096,44,Electric Guitar (muted) _ 1
92.099069875,0.359375,50,61,ZOMBIE                          Words and music by Dolores ORiordan,12095,46,Electric Guitar (muted) _ 1
92.302194875,0.1640625,55,85,ZOMBIE                          Words and music by Dolores ORiordan,12121,21,Clavinet _ 1
92.474069875,0.0078125,36,108,ZOMBIE                          Words and music by Dolores ORiordan,12143,1,Drum Kit _ 1
92.474069875,0.0078125,42,63,ZOMBIE                          Words and music by Dolores ORiordan,12143,1,Drum Kit _ 1
92.278757375,0.203125,64,86,ZOMBIE                          Words and music by Dolores ORiordan,12118,26,Clavinet _ 1
92.661569875,0.0078125,42,64,ZOMBIE                          Words and music by Dolores ORiordan,12167,1,Drum Kit _ 1
92.474069875,0.2109375,79,92,ZOMBIE                          Words and music by Dolores ORiordan,12143,27,Shakuhachi _ 1
92.481882375,0.2265625,31,91,ZOMBIE                          Words and music by Dolores ORiordan,12144,29,Electric Bass (finger) _ 1
92.489694875,0.265625,64,87,ZOMBIE                          Words and music by Dolores ORiordan,12145,34,Clavinet _ 1
92.474069875,0.3671875,55,87,ZOMBIE                          Words and music by Dolores ORiordan,12143,47,Clavinet _ 1
92.474069875,0.3671875,47,105,ZOMBIE                          Words and music by Dolores ORiordan,12143,47,Electric Guitar (muted) _ 1
92.474069875,0.3671875,43,84,ZOMBIE                          Words and music by Dolores ORiordan,12143,47,Electric Guitar (muted) _ 1
92.849069875,0.0078125,42,103,ZOMBIE                          Words and music by Dolores ORiordan,12191,1,Drum Kit _ 1
92.849069875,0.0078125,43,110,ZOMBIE                          Words and music by Dolores ORiordan,12191,1,Drum Kit _ 1
92.481882375,0.546875,59,87,ZOMBIE                          Words and music by Dolores ORiordan,12144,70,Clavinet _ 1
93.036569875,0.0078125,42,58,ZOMBIE                          Words and music by Dolores ORiordan,12215,1,Drum Kit _ 1
92.849069875,0.2421875,31,98,ZOMBIE                          Words and music by Dolores ORiordan,12191,31,Electric Bass (finger) _ 1
92.849069875,0.359375,47,105,ZOMBIE                          Words and music by Dolores ORiordan,12191,46,Electric Guitar (muted) _ 1
92.849069875,0.3671875,55,85,ZOMBIE                          Words and music by Dolores ORiordan,12191,47,Clavinet _ 1
92.849069875,0.375,79,102,ZOMBIE                          Words and music by Dolores ORiordan,12191,48,Shakuhachi _ 1
93.028757375,0.1953125,64,86,ZOMBIE                          Words and music by Dolores ORiordan,12214,25,Clavinet _ 1
93.224069875,0.0078125,36,107,ZOMBIE                          Words and music by Dolores ORiordan,12239,1,Drum Kit _ 1
93.224069875,0.0078125,42,59,ZOMBIE                          Words and music by Dolores ORiordan,12239,1,Drum Kit _ 1
93.411569875,0.0078125,42,68,ZOMBIE                          Words and music by Dolores ORiordan,12263,1,Drum Kit _ 1
93.231882375,0.2265625,31,98,ZOMBIE                          Words and music by Dolores ORiordan,12240,29,Electric Bass (finger) _ 1
92.474069875,1.0703125,50,80,ZOMBIE                          Words and music by Dolores ORiordan,12143,137,Electric Guitar (muted) _ 1
93.224069875,0.3515625,43,90,ZOMBIE                          Words and music by Dolores ORiordan,12239,45,Electric Guitar (muted) _ 1
93.224069875,0.3515625,47,113,ZOMBIE                          Words and music by Dolores ORiordan,12239,45,Electric Guitar (muted) _ 1
93.224069875,0.359375,55,88,ZOMBIE                          Words and music by Dolores ORiordan,12239,46,Clavinet _ 1
93.036569875,0.5546875,59,86,ZOMBIE                          Words and music by Dolores ORiordan,12215,71,Clavinet _ 1
93.224069875,0.375,81,96,ZOMBIE                          Words and music by Dolores ORiordan,12239,48,Shakuhachi _ 1
93.231882375,0.3671875,64,86,ZOMBIE                          Words and music by Dolores ORiordan,12240,47,Clavinet _ 1
93.599069875,0.0078125,36,111,ZOMBIE                          Words and music by Dolores ORiordan,12287,1,Drum Kit _ 1
93.591257375,0.015625,42,108,ZOMBIE                          Words and music by Dolores ORiordan,12286,2,Electric Guitar (muted) _ 1
93.599069875,0.2578125,30,100,ZOMBIE                          Words and music by Dolores ORiordan,12287,33,Electric Bass (finger) _ 1
93.599069875,0.3359375,45,108,ZOMBIE                          Words and music by Dolores ORiordan,12287,43,Electric Guitar (muted) _ 1
93.599069875,0.359375,59,87,ZOMBIE                          Words and music by Dolores ORiordan,12287,46,Clavinet _ 1
93.599069875,0.3671875,64,122,ZOMBIE                          Words and music by Dolores ORiordan,12287,47,Electric Guitar (clean) _ 1
93.974069875,0.0078125,46,59,ZOMBIE                          Words and music by Dolores ORiordan,12335,1,Drum Kit _ 1
93.974069875,0.234375,30,84,ZOMBIE                          Words and music by Dolores ORiordan,12335,30,Electric Bass (finger) _ 1
93.974069875,0.3515625,45,102,ZOMBIE                          Words and music by Dolores ORiordan,12335,45,Electric Guitar (muted) _ 1
93.981882375,0.3515625,42,102,ZOMBIE                          Words and music by Dolores ORiordan,12336,45,Electric Guitar (muted) _ 1
93.974069875,0.3671875,64,87,ZOMBIE                          Words and music by Dolores ORiordan,12335,47,Clavinet _ 1
93.966257375,0.375,59,86,ZOMBIE                          Words and music by Dolores ORiordan,12334,48,Clavinet _ 1
93.591257375,0.75,55,88,ZOMBIE                          Words and music by Dolores ORiordan,12286,96,Clavinet _ 1
94.349069875,0.0078125,46,80,ZOMBIE                          Words and music by Dolores ORiordan,12383,1,Drum Kit _ 1
94.349069875,0.0078125,43,111,ZOMBIE                          Words and music by Dolores ORiordan,12383,1,Drum Kit _ 1
94.349069875,0.265625,30,102,ZOMBIE                          Words and music by Dolores ORiordan,12383,34,Electric Bass (finger) _ 1
94.341257375,0.3515625,42,102,ZOMBIE                          Words and music by Dolores ORiordan,12382,45,Electric Guitar (muted) _ 1
94.356882375,0.3515625,45,102,ZOMBIE                          Words and music by Dolores ORiordan,12384,45,Electric Guitar (muted) _ 1
94.341257375,0.375,55,119,ZOMBIE                          Words and music by Dolores ORiordan,12382,48,Electric Guitar (clean) _ 1
94.349069875,0.3671875,64,85,ZOMBIE                          Words and music by Dolores ORiordan,12383,47,Clavinet _ 1
93.599069875,1.125,78,87,ZOMBIE                          Words and music by Dolores ORiordan,12287,144,Shakuhachi _ 1
94.349069875,0.375,59,87,ZOMBIE                          Words and music by Dolores ORiordan,12383,48,Clavinet _ 1
94.724069875,0.0078125,36,108,ZOMBIE                          Words and music by Dolores ORiordan,12431,1,Drum Kit _ 1
94.724069875,0.0078125,46,64,ZOMBIE                          Words and music by Dolores ORiordan,12431,1,Drum Kit _ 1
94.724069875,0.1796875,64,84,ZOMBIE                          Words and music by Dolores ORiordan,12431,23,Clavinet _ 1
94.731882375,0.1796875,59,86,ZOMBIE                          Words and music by Dolores ORiordan,12432,23,Clavinet _ 1
94.724069875,0.21875,30,85,ZOMBIE                          Words and music by Dolores ORiordan,12431,28,Electric Bass (finger) _ 1
94.731882375,0.3515625,42,102,ZOMBIE                          Words and music by Dolores ORiordan,12432,45,Electric Guitar (muted) _ 1
94.731882375,0.3515625,45,102,ZOMBIE                          Words and music by Dolores ORiordan,12432,45,Electric Guitar (muted) _ 1
95.099069875,0.0078125,36,109,ZOMBIE                          Words and music by Dolores ORiordan,12479,1,Drum Kit _ 1
95.099069875,0.0078125,46,86,ZOMBIE                          Words and music by Dolores ORiordan,12479,1,Drum Kit _ 1
94.724069875,0.4296875,81,76,ZOMBIE                          Words and music by Dolores ORiordan,12431,55,Shakuhachi _ 1
94.919382375,0.359375,59,87,ZOMBIE                          Words and music by Dolores ORiordan,12456,46,Clavinet _ 1
94.911569875,0.3671875,64,86,ZOMBIE                          Words and music by Dolores ORiordan,12455,47,Clavinet _ 1
95.114694875,0.3125,42,102,ZOMBIE                          Words and music by Dolores ORiordan,12481,40,Electric Guitar (muted) _ 1
95.099069875,0.3671875,30,101,ZOMBIE                          Words and music by Dolores ORiordan,12479,47,Electric Bass (finger) _ 1
95.114694875,0.3515625,45,102,ZOMBIE                          Words and music by Dolores ORiordan,12481,45,Electric Guitar (muted) _ 1
95.474069875,0.0078125,40,121,ZOMBIE                          Words and music by Dolores ORiordan,12527,1,Drum Kit _ 1
95.474069875,0.0078125,36,108,ZOMBIE                          Words and music by Dolores ORiordan,12527,1,Drum Kit _ 1
95.474069875,0.0078125,46,66,ZOMBIE                          Words and music by Dolores ORiordan,12527,1,Drum Kit _ 1
95.286569875,0.1953125,64,87,ZOMBIE                          Words and music by Dolores ORiordan,12503,25,Clavinet _ 1
94.716257375,0.765625,50,113,ZOMBIE                          Words and music by Dolores ORiordan,12430,98,Electric Guitar (muted) _ 1
95.489694875,0.3125,43,110,ZOMBIE                          Words and music by Dolores ORiordan,12529,40,Electric Guitar (muted) _ 1
95.474069875,0.3671875,31,108,ZOMBIE                          Words and music by Dolores ORiordan,12527,47,Electric Bass (finger) _ 1
94.724069875,1.1171875,55,87,ZOMBIE                          Words and music by Dolores ORiordan,12431,143,Clavinet _ 1
95.849069875,0.0078125,40,127,ZOMBIE                          Words and music by Dolores ORiordan,12575,1,Drum Kit _ 1
95.849069875,0.0078125,44,94,ZOMBIE                          Words and music by Dolores ORiordan,12575,1,Drum Kit _ 1
95.489694875,0.3671875,64,87,ZOMBIE                          Words and music by Dolores ORiordan,12529,47,Clavinet _ 1
95.489694875,0.3671875,50,110,ZOMBIE                          Words and music by Dolores ORiordan,12529,47,Electric Guitar (muted) _ 1
95.841257375,0.1796875,78,90,ZOMBIE                          Words and music by Dolores ORiordan,12574,23,Shakuhachi _ 1
95.864694875,0.1640625,64,86,ZOMBIE                          Words and music by Dolores ORiordan,12577,21,Clavinet _ 1
95.286569875,0.75,59,87,ZOMBIE                          Words and music by Dolores ORiordan,12503,96,Clavinet _ 1
95.864694875,0.1875,50,112,ZOMBIE                          Words and music by Dolores ORiordan,12577,24,Electric Guitar (muted) _ 1
95.849069875,0.3671875,30,98,ZOMBIE                          Words and music by Dolores ORiordan,12575,47,Electric Bass (finger) _ 1
95.856882375,0.3671875,66,90,ZOMBIE                          Words and music by Dolores ORiordan,12576,47,Flute _ 1
95.856882375,0.3671875,42,112,ZOMBIE                          Words and music by Dolores ORiordan,12576,47,Electric Guitar (muted) _ 1
96.224069875,0.0078125,40,91,ZOMBIE                          Words and music by Dolores ORiordan,12623,1,Drum Kit _ 1
96.224069875,0.0078125,44,75,ZOMBIE                          Words and music by Dolores ORiordan,12623,1,Drum Kit _ 1
96.044382375,0.1875,59,86,ZOMBIE                          Words and music by Dolores ORiordan,12600,24,Clavinet _ 1
96.036569875,0.1953125,64,85,ZOMBIE                          Words and music by Dolores ORiordan,12599,25,Clavinet _ 1
95.849069875,0.3828125,55,87,ZOMBIE                          Words and music by Dolores ORiordan,12575,49,Clavinet _ 1
96.411569875,0.0078125,40,127,ZOMBIE                          Words and music by Dolores ORiordan,12647,1,Drum Kit _ 1
96.239694875,0.2578125,64,86,ZOMBIE                          Words and music by Dolores ORiordan,12625,33,Clavinet _ 1
96.239694875,0.296875,55,84,ZOMBIE                          Words and music by Dolores ORiordan,12625,38,Clavinet _ 1
96.224069875,0.3203125,31,106,ZOMBIE                          Words and music by Dolores ORiordan,12623,41,Electric Bass (finger) _ 1
93.966257375,2.578125,62,112,ZOMBIE                          Words and music by Dolores ORiordan,12334,330,Electric Guitar (clean) _ 1
96.231882375,0.3203125,43,97,ZOMBIE                          Words and music by Dolores ORiordan,12624,41,Electric Guitar (muted) _ 1
96.239694875,0.3359375,59,83,ZOMBIE                          Words and music by Dolores ORiordan,12625,43,Clavinet _ 1
96.216257375,0.3828125,78,101,ZOMBIE                          Words and music by Dolores ORiordan,12622,49,Shakuhachi _ 1
96.231882375,0.3671875,66,101,ZOMBIE                          Words and music by Dolores ORiordan,12624,47,Flute _ 1
96.599069875,0.0078125,36,116,ZOMBIE                          Words and music by Dolores ORiordan,12671,1,Drum Kit _ 1
96.599069875,0.0078125,49,103,ZOMBIE                          Words and music by Dolores ORiordan,12671,1,Drum Kit _ 1
96.239694875,0.390625,50,75,ZOMBIE                          Words and music by Dolores ORiordan,12625,50,Electric Guitar (muted) _ 1
95.864694875,0.78125,45,112,ZOMBIE                          Words and music by Dolores ORiordan,12577,100,Electric Guitar (muted) _ 1
96.606882375,0.2578125,28,109,ZOMBIE                          Words and music by Dolores ORiordan,12672,33,Electric Bass (finger) _ 1
96.606882375,0.359375,64,66,ZOMBIE                          Words and music by Dolores ORiordan,12672,46,Electric Guitar (clean) _ 1
96.591257375,0.375,59,66,ZOMBIE                          Words and music by Dolores ORiordan,12670,48,Electric Guitar (clean) _ 1
96.606882375,0.359375,47,127,ZOMBIE                          Words and music by Dolores ORiordan,12672,46,Distortion Guitar _ 1
96.606882375,0.3671875,52,127,ZOMBIE                          Words and music by Dolores ORiordan,12672,47,Distortion Guitar _ 1
96.974069875,0.0078125,36,115,ZOMBIE                          Words and music by Dolores ORiordan,12719,1,Drum Kit _ 1
96.974069875,0.0078125,46,73,ZOMBIE                          Words and music by Dolores ORiordan,12719,1,Drum Kit _ 1
96.974069875,0.015625,47,127,ZOMBIE                          Words and music by Dolores ORiordan,12719,2,Distortion Guitar _ 1
96.981882375,0.0078125,52,119,ZOMBIE                          Words and music by Dolores ORiordan,12720,1,Distortion Guitar _ 1
96.974069875,0.2265625,28,99,ZOMBIE                          Words and music by Dolores ORiordan,12719,29,Electric Bass (finger) _ 1
96.997507375,0.34375,52,112,ZOMBIE                          Words and music by Dolores ORiordan,12722,44,Distortion Guitar _ 1
96.997507375,0.34375,47,127,ZOMBIE                          Words and music by Dolores ORiordan,12722,44,Distortion Guitar _ 1
96.974069875,0.375,59,64,ZOMBIE                          Words and music by Dolores ORiordan,12719,48,Electric Guitar (clean) _ 1
96.974069875,0.375,64,62,ZOMBIE                          Words and music by Dolores ORiordan,12719,48,Electric Guitar (clean) _ 1
96.606882375,0.75,40,127,ZOMBIE                          Words and music by Dolores ORiordan,12672,96,Distortion Guitar _ 1
97.349069875,0.0078125,46,96,ZOMBIE                          Words and music by Dolores ORiordan,12767,1,Drum Kit _ 1
97.349069875,0.0078125,52,117,ZOMBIE                          Words and music by Dolores ORiordan,12767,1,Distortion Guitar _ 1
97.364694875,0.21875,28,110,ZOMBIE                          Words and music by Dolores ORiordan,12769,28,Electric Bass (finger) _ 1
96.599069875,1.109375,79,98,ZOMBIE                          Words and music by Dolores ORiordan,12671,142,Shakuhachi _ 1
96.606882375,1.1171875,67,98,ZOMBIE                          Words and music by Dolores ORiordan,12672,143,Flute _ 1
97.356882375,0.3671875,59,65,ZOMBIE                          Words and music by Dolores ORiordan,12768,47,Electric Guitar (clean) _ 1
97.724069875,0.0078125,36,109,ZOMBIE                          Words and music by Dolores ORiordan,12815,1,Drum Kit _ 1
97.724069875,0.0078125,46,68,ZOMBIE                          Words and music by Dolores ORiordan,12815,1,Drum Kit _ 1
97.356882375,0.375,64,65,ZOMBIE                          Words and music by Dolores ORiordan,12768,48,Electric Guitar (clean) _ 1
97.364694875,0.3671875,52,127,ZOMBIE                          Words and music by Dolores ORiordan,12769,47,Distortion Guitar _ 1
97.739694875,0.1640625,64,65,ZOMBIE                          Words and music by Dolores ORiordan,12817,21,Electric Guitar (clean) _ 1
97.731882375,0.171875,59,65,ZOMBIE                          Words and music by Dolores ORiordan,12816,22,Electric Guitar (clean) _ 1
97.724069875,0.203125,28,91,ZOMBIE                          Words and music by Dolores ORiordan,12815,26,Electric Bass (finger) _ 1
97.739694875,0.359375,52,119,ZOMBIE                          Words and music by Dolores ORiordan,12817,46,Distortion Guitar _ 1
97.356882375,0.7421875,47,127,ZOMBIE                          Words and music by Dolores ORiordan,12768,95,Distortion Guitar _ 1
98.099069875,0.0078125,36,114,ZOMBIE                          Words and music by Dolores ORiordan,12863,1,Drum Kit _ 1
98.099069875,0.0078125,46,90,ZOMBIE                          Words and music by Dolores ORiordan,12863,1,Drum Kit _ 1
97.911569875,0.3671875,59,65,ZOMBIE                          Words and music by Dolores ORiordan,12839,47,Electric Guitar (clean) _ 1
97.911569875,0.3671875,64,65,ZOMBIE                          Words and music by Dolores ORiordan,12839,47,Electric Guitar (clean) _ 1
98.099069875,0.234375,28,112,ZOMBIE                          Words and music by Dolores ORiordan,12863,30,Electric Bass (finger) _ 1
98.286569875,0.1796875,64,65,ZOMBIE                          Words and music by Dolores ORiordan,12887,23,Electric Guitar (clean) _ 1
98.106882375,0.359375,47,127,ZOMBIE                          Words and music by Dolores ORiordan,12864,46,Distortion Guitar _ 1
98.106882375,0.3671875,52,125,ZOMBIE                          Words and music by Dolores ORiordan,12864,47,Distortion Guitar _ 1
98.474069875,0.0078125,36,111,ZOMBIE                          Words and music by Dolores ORiordan,12911,1,Drum Kit _ 1
98.474069875,0.0078125,46,69,ZOMBIE                          Words and music by Dolores ORiordan,12911,1,Drum Kit _ 1
97.716257375,1.109375,76,97,ZOMBIE                          Words and music by Dolores ORiordan,12814,142,Shakuhachi _ 1
98.474069875,0.3671875,28,107,ZOMBIE                          Words and music by Dolores ORiordan,12911,47,Electric Bass (finger) _ 1
98.474069875,0.375,64,62,ZOMBIE                          Words and music by Dolores ORiordan,12911,48,Electric Guitar (clean) _ 1
98.474069875,0.375,47,127,ZOMBIE                          Words and music by Dolores ORiordan,12911,48,Distortion Guitar _ 1
97.364694875,1.4921875,40,127,ZOMBIE                          Words and music by Dolores ORiordan,12769,191,Distortion Guitar _ 1
98.849069875,0.0078125,46,96,ZOMBIE                          Words and music by Dolores ORiordan,12959,1,Drum Kit _ 1
98.481882375,0.375,52,118,ZOMBIE                          Words and music by Dolores ORiordan,12912,48,Distortion Guitar _ 1
98.286569875,0.7421875,59,64,ZOMBIE                          Words and music by Dolores ORiordan,12887,95,Electric Guitar (clean) _ 1
98.841257375,0.34375,78,91,ZOMBIE                          Words and music by Dolores ORiordan,12958,44,Shakuhachi _ 1
98.864694875,0.34375,43,127,ZOMBIE                          Words and music by Dolores ORiordan,12961,44,Distortion Guitar _ 1
98.849069875,0.3671875,31,103,ZOMBIE                          Words and music by Dolores ORiordan,12959,47,Electric Bass (finger) _ 1
99.036569875,0.1796875,64,65,ZOMBIE                          Words and music by Dolores ORiordan,12983,23,Electric Guitar (clean) _ 1
98.856882375,0.359375,47,127,ZOMBIE                          Words and music by Dolores ORiordan,12960,46,Distortion Guitar _ 1
98.856882375,0.3671875,66,91,ZOMBIE                          Words and music by Dolores ORiordan,12960,47,Flute _ 1
98.864694875,0.359375,52,74,ZOMBIE                          Words and music by Dolores ORiordan,12961,46,Distortion Guitar _ 1
99.224069875,0.0078125,36,110,ZOMBIE                          Words and music by Dolores ORiordan,13007,1,Drum Kit _ 1
99.224069875,0.0078125,46,70,ZOMBIE                          Words and music by Dolores ORiordan,13007,1,Drum Kit _ 1
99.224069875,0.0078125,47,127,ZOMBIE                          Words and music by Dolores ORiordan,13007,1,Distortion Guitar _ 1
99.239694875,0.265625,47,127,ZOMBIE                          Words and music by Dolores ORiordan,13009,34,Distortion Guitar _ 1
99.231882375,0.28125,52,127,ZOMBIE                          Words and music by Dolores ORiordan,13008,36,Distortion Guitar _ 1
99.036569875,0.546875,59,66,ZOMBIE                          Words and music by Dolores ORiordan,12983,70,Electric Guitar (clean) _ 1
99.224069875,0.3671875,28,96,ZOMBIE                          Words and music by Dolores ORiordan,13007,47,Electric Bass (finger) _ 1
99.224069875,0.3671875,64,65,ZOMBIE                          Words and music by Dolores ORiordan,13007,47,Electric Guitar (clean) _ 1
99.231882375,0.359375,40,127,ZOMBIE                          Words and music by Dolores ORiordan,13008,46,Distortion Guitar _ 1
99.208444875,0.390625,81,97,ZOMBIE                          Words and music by Dolores ORiordan,13005,50,Shakuhachi _ 1
99.231882375,0.3671875,69,97,ZOMBIE                          Words and music by Dolores ORiordan,13008,47,Flute _ 1
99.599069875,0.0078125,36,115,ZOMBIE                          Words and music by Dolores ORiordan,13055,1,Drum Kit _ 1
99.599069875,0.0078125,46,78,ZOMBIE                          Words and music by Dolores ORiordan,13055,1,Drum Kit _ 1
99.599069875,0.3671875,64,65,ZOMBIE                          Words and music by Dolores ORiordan,13055,47,Electric Guitar (clean) _ 1
99.591257375,0.375,59,65,ZOMBIE                          Words and music by Dolores ORiordan,13054,48,Electric Guitar (clean) _ 1
99.974069875,0.0078125,46,72,ZOMBIE                          Words and music by Dolores ORiordan,13103,1,Drum Kit _ 1
99.614694875,0.3671875,48,127,ZOMBIE                          Words and music by Dolores ORiordan,13057,47,Distortion Guitar _ 1
99.614694875,0.3671875,52,127,ZOMBIE                          Words and music by Dolores ORiordan,13057,47,Distortion Guitar _ 1
99.606882375,0.5546875,67,96,ZOMBIE                          Words and music by Dolores ORiordan,13056,71,Flute _ 1
99.599069875,0.578125,79,96,ZOMBIE                          Words and music by Dolores ORiordan,13055,74,Shakuhachi _ 1
99.974069875,0.25,36,95,ZOMBIE                          Words and music by Dolores ORiordan,13103,32,Electric Bass (finger) _ 1
99.974069875,0.3671875,64,65,ZOMBIE                          Words and music by Dolores ORiordan,13103,47,Electric Guitar (clean) _ 1
99.974069875,0.3671875,59,66,ZOMBIE                          Words and music by Dolores ORiordan,13103,47,Electric Guitar (clean) _ 1
99.989694875,0.3515625,48,127,ZOMBIE                          Words and music by Dolores ORiordan,13105,45,Distortion Guitar _ 1
100.169382375,0.1796875,69,96,ZOMBIE                          Words and music by Dolores ORiordan,13128,23,Flute _ 1
99.989694875,0.359375,52,127,ZOMBIE                          Words and music by Dolores ORiordan,13105,46,Distortion Guitar _ 1
100.177194875,0.1796875,81,96,ZOMBIE                          Words and music by Dolores ORiordan,13129,23,Shakuhachi _ 1
100.349069875,0.0078125,40,127,ZOMBIE                          Words and music by Dolores ORiordan,13151,1,Drum Kit _ 1
100.349069875,0.0078125,46,97,ZOMBIE                          Words and music by Dolores ORiordan,13151,1,Drum Kit _ 1
96.614694875,3.7421875,55,112,ZOMBIE                          Words and music by Dolores ORiordan,12673,479,Distortion Guitar _ 1
100.349069875,0.2578125,36,107,ZOMBIE                          Words and music by Dolores ORiordan,13151,33,Electric Bass (finger) _ 1
100.356882375,0.3515625,79,103,ZOMBIE                          Words and music by Dolores ORiordan,13152,45,Shakuhachi _ 1
100.349069875,0.3671875,64,65,ZOMBIE                          Words and music by Dolores ORiordan,13151,47,Electric Guitar (clean) _ 1
100.349069875,0.3671875,59,66,ZOMBIE                          Words and music by Dolores ORiordan,13151,47,Electric Guitar (clean) _ 1
100.356882375,0.359375,52,127,ZOMBIE                          Words and music by Dolores ORiordan,13152,46,Distortion Guitar _ 1
100.349069875,0.3671875,48,127,ZOMBIE                          Words and music by Dolores ORiordan,13151,47,Distortion Guitar _ 1
100.356882375,0.3671875,67,103,ZOMBIE                          Words and music by Dolores ORiordan,13152,47,Flute _ 1
100.364694875,0.359375,55,118,ZOMBIE                          Words and music by Dolores ORiordan,13153,46,Distortion Guitar _ 1
100.724069875,0.0078125,36,106,ZOMBIE                          Words and music by Dolores ORiordan,13199,1,Drum Kit _ 1
100.724069875,0.0078125,46,76,ZOMBIE                          Words and music by Dolores ORiordan,13199,1,Drum Kit _ 1
100.724069875,0.015625,52,127,ZOMBIE                          Words and music by Dolores ORiordan,13199,2,Distortion Guitar _ 1
100.731882375,0.015625,55,127,ZOMBIE                          Words and music by Dolores ORiordan,13200,2,Distortion Guitar _ 1
100.724069875,0.15625,64,64,ZOMBIE                          Words and music by Dolores ORiordan,13199,20,Electric Guitar (clean) _ 1
100.724069875,0.1796875,59,65,ZOMBIE                          Words and music by Dolores ORiordan,13199,23,Electric Guitar (clean) _ 1
100.911569875,0.0078125,40,109,ZOMBIE                          Words and music by Dolores ORiordan,13223,1,Drum Kit _ 1
100.724069875,0.3671875,48,127,ZOMBIE                          Words and music by Dolores ORiordan,13199,47,Distortion Guitar _ 1
100.747507375,0.34375,52,127,ZOMBIE                          Words and music by Dolores ORiordan,13202,44,Distortion Guitar _ 1
100.755319875,0.34375,55,124,ZOMBIE                          Words and music by Dolores ORiordan,13203,44,Distortion Guitar _ 1
101.099069875,0.0078125,36,108,ZOMBIE                          Words and music by Dolores ORiordan,13247,1,Drum Kit _ 1
101.099069875,0.0078125,46,66,ZOMBIE                          Words and music by Dolores ORiordan,13247,1,Drum Kit _ 1
100.911569875,0.3671875,59,65,ZOMBIE                          Words and music by Dolores ORiordan,13223,47,Electric Guitar (clean) _ 1
100.911569875,0.3671875,64,65,ZOMBIE                          Words and music by Dolores ORiordan,13223,47,Electric Guitar (clean) _ 1
101.286569875,0.0078125,40,111,ZOMBIE                          Words and music by Dolores ORiordan,13271,1,Drum Kit _ 1
100.724069875,0.703125,76,97,ZOMBIE                          Words and music by Dolores ORiordan,13199,90,Shakuhachi _ 1
101.286569875,0.1796875,59,65,ZOMBIE                          Words and music by Dolores ORiordan,13271,23,Electric Guitar (clean) _ 1
101.099069875,0.3671875,52,127,ZOMBIE                          Words and music by Dolores ORiordan,13247,47,Distortion Guitar _ 1
101.099069875,0.3671875,48,127,ZOMBIE                          Words and music by Dolores ORiordan,13247,47,Distortion Guitar _ 1
101.286569875,0.1875,64,65,ZOMBIE                          Words and music by Dolores ORiordan,13271,24,Electric Guitar (clean) _ 1
101.474069875,0.0078125,36,113,ZOMBIE                          Words and music by Dolores ORiordan,13295,1,Drum Kit _ 1
101.474069875,0.0078125,46,70,ZOMBIE                          Words and music by Dolores ORiordan,13295,1,Drum Kit _ 1
101.106882375,0.375,55,127,ZOMBIE                          Words and music by Dolores ORiordan,13248,48,Distortion Guitar _ 1
101.474069875,0.359375,48,127,ZOMBIE                          Words and music by Dolores ORiordan,13295,46,Distortion Guitar _ 1
101.466257375,0.375,76,104,ZOMBIE                          Words and music by Dolores ORiordan,13294,48,Shakuhachi _ 1
101.474069875,0.3671875,59,65,ZOMBIE                          Words and music by Dolores ORiordan,13295,47,Electric Guitar (clean) _ 1
101.481882375,0.3671875,57,104,ZOMBIE                          Words and music by Dolores ORiordan,13296,47,Flute _ 1
101.481882375,0.3671875,64,104,ZOMBIE                          Words and music by Dolores ORiordan,13296,47,Flute _ 1
101.849069875,0.0078125,40,127,ZOMBIE                          Words and music by Dolores ORiordan,13343,1,Drum Kit _ 1
101.849069875,0.0078125,46,90,ZOMBIE                          Words and music by Dolores ORiordan,13343,1,Drum Kit _ 1
101.489694875,0.3671875,55,127,ZOMBIE                          Words and music by Dolores ORiordan,13297,47,Distortion Guitar _ 1
101.481882375,0.3828125,52,127,ZOMBIE                          Words and music by Dolores ORiordan,13296,49,Distortion Guitar _ 1
101.864694875,0.0078125,55,113,ZOMBIE                          Words and music by Dolores ORiordan,13345,1,Distortion Guitar _ 1
101.856882375,0.171875,64,65,ZOMBIE                          Words and music by Dolores ORiordan,13344,22,Electric Guitar (clean) _ 1
101.849069875,0.1953125,59,65,ZOMBIE                          Words and music by Dolores ORiordan,13343,25,Electric Guitar (clean) _ 1
101.841257375,0.359375,78,92,ZOMBIE                          Words and music by Dolores ORiordan,13342,46,Shakuhachi _ 1
101.849069875,0.359375,38,107,ZOMBIE                          Words and music by Dolores ORiordan,13343,46,Electric Bass (finger) _ 1
101.880319875,0.3359375,55,108,ZOMBIE                          Words and music by Dolores ORiordan,13347,43,Distortion Guitar _ 1
101.856882375,0.3671875,57,92,ZOMBIE                          Words and music by Dolores ORiordan,13344,47,Flute _ 1
101.856882375,0.3671875,66,92,ZOMBIE                          Words and music by Dolores ORiordan,13344,47,Flute _ 1
101.849069875,0.375,50,127,ZOMBIE                          Words and music by Dolores ORiordan,13343,48,Distortion Guitar _ 1
101.872507375,0.3515625,52,127,ZOMBIE                          Words and music by Dolores ORiordan,13346,45,Distortion Guitar _ 1
102.224069875,0.0078125,40,127,ZOMBIE                          Words and music by Dolores ORiordan,13391,1,Drum Kit _ 1
102.052194875,0.1796875,59,64,ZOMBIE                          Words and music by Dolores ORiordan,13369,23,Electric Guitar (clean) _ 1
102.036569875,0.1953125,64,63,ZOMBIE                          Words and music by Dolores ORiordan,13367,25,Electric Guitar (clean) _ 1
102.224069875,0.015625,55,66,ZOMBIE                          Words and music by Dolores ORiordan,13391,2,Distortion Guitar _ 1
102.231882375,0.2421875,52,127,ZOMBIE                          Words and music by Dolores ORiordan,13392,31,Distortion Guitar _ 1
102.231882375,0.25,48,127,ZOMBIE                          Words and music by Dolores ORiordan,13392,32,Distortion Guitar _ 1
102.216257375,0.375,36,103,ZOMBIE                          Words and music by Dolores ORiordan,13390,48,Electric Bass (finger) _ 1
102.247507375,0.34375,55,65,ZOMBIE                          Words and music by Dolores ORiordan,13394,44,Distortion Guitar _ 1
102.239694875,0.359375,64,64,ZOMBIE                          Words and music by Dolores ORiordan,13393,46,Electric Guitar (clean) _ 1
102.599069875,0.0078125,36,115,ZOMBIE                          Words and music by Dolores ORiordan,13439,1,Drum Kit _ 1
102.599069875,0.0078125,46,71,ZOMBIE                          Words and music by Dolores ORiordan,13439,1,Drum Kit _ 1
102.239694875,0.3671875,59,66,ZOMBIE                          Words and music by Dolores ORiordan,13393,47,Electric Guitar (clean) _ 1
102.216257375,0.53125,74,97,ZOMBIE                          Words and music by Dolores ORiordan,13390,68,Shakuhachi _ 1
102.599069875,0.2265625,31,109,ZOMBIE                          Words and music by Dolores ORiordan,13439,29,Electric Bass (finger) _ 1
102.599069875,0.3515625,50,127,ZOMBIE                          Words and music by Dolores ORiordan,13439,45,Distortion Guitar _ 1
102.614694875,0.359375,59,66,ZOMBIE                          Words and music by Dolores ORiordan,13441,46,Electric Guitar (clean) _ 1
102.231882375,0.7421875,62,97,ZOMBIE                          Words and music by Dolores ORiordan,13392,95,Flute _ 1
102.974069875,0.0078125,36,112,ZOMBIE                          Words and music by Dolores ORiordan,13487,1,Drum Kit _ 1
102.974069875,0.0078125,46,67,ZOMBIE                          Words and music by Dolores ORiordan,13487,1,Drum Kit _ 1
102.599069875,0.3828125,47,127,ZOMBIE                          Words and music by Dolores ORiordan,13439,49,Distortion Guitar _ 1
102.599069875,0.3828125,43,127,ZOMBIE                          Words and music by Dolores ORiordan,13439,49,Distortion Guitar _ 1
102.606882375,0.3828125,64,62,ZOMBIE                          Words and music by Dolores ORiordan,13440,49,Electric Guitar (clean) _ 1
102.974069875,0.21875,31,101,ZOMBIE                          Words and music by Dolores ORiordan,13487,28,Electric Bass (finger) _ 1
102.966257375,0.375,76,98,ZOMBIE                          Words and music by Dolores ORiordan,13486,48,Shakuhachi _ 1
102.997507375,0.34375,59,65,ZOMBIE                          Words and music by Dolores ORiordan,13490,44,Electric Guitar (clean) _ 1
102.989694875,0.3515625,47,127,ZOMBIE                          Words and music by Dolores ORiordan,13489,45,Distortion Guitar _ 1
102.981882375,0.3671875,57,98,ZOMBIE                          Words and music by Dolores ORiordan,13488,47,Flute _ 1
102.997507375,0.3515625,64,63,ZOMBIE                          Words and music by Dolores ORiordan,13490,45,Electric Guitar (clean) _ 1
102.989694875,0.359375,43,127,ZOMBIE                          Words and music by Dolores ORiordan,13489,46,Distortion Guitar _ 1
102.989694875,0.359375,50,74,ZOMBIE                          Words and music by Dolores ORiordan,13489,46,Distortion Guitar _ 1
103.349069875,0.0078125,46,92,ZOMBIE                          Words and music by Dolores ORiordan,13535,1,Drum Kit _ 1
103.349069875,0.0078125,47,127,ZOMBIE                          Words and music by Dolores ORiordan,13535,1,Distortion Guitar _ 1
103.356882375,0.0078125,50,127,ZOMBIE                          Words and music by Dolores ORiordan,13536,1,Distortion Guitar _ 1
103.364694875,0.0078125,40,123,ZOMBIE                          Words and music by Dolores ORiordan,13537,1,Drum Kit _ 1
103.349069875,0.2890625,31,111,ZOMBIE                          Words and music by Dolores ORiordan,13535,37,Electric Bass (finger) _ 1
103.372507375,0.328125,50,84,ZOMBIE                          Words and music by Dolores ORiordan,13538,42,Distortion Guitar _ 1
103.341257375,0.375,78,92,ZOMBIE                          Words and music by Dolores ORiordan,13534,48,Shakuhachi _ 1
103.364694875,0.3515625,47,127,ZOMBIE                          Words and music by Dolores ORiordan,13537,45,Distortion Guitar _ 1
103.356882375,0.359375,43,127,ZOMBIE                          Words and music by Dolores ORiordan,13536,46,Distortion Guitar _ 1
103.356882375,0.3671875,57,92,ZOMBIE                          Words and music by Dolores ORiordan,13536,47,Flute _ 1
103.356882375,0.3671875,66,92,ZOMBIE                          Words and music by Dolores ORiordan,13536,47,Flute _ 1
103.356882375,0.3671875,64,62,ZOMBIE                          Words and music by Dolores ORiordan,13536,47,Electric Guitar (clean) _ 1
103.349069875,0.375,59,65,ZOMBIE                          Words and music by Dolores ORiordan,13535,48,Electric Guitar (clean) _ 1
103.724069875,0.0078125,36,108,ZOMBIE                          Words and music by Dolores ORiordan,13583,1,Drum Kit _ 1
103.724069875,0.0078125,46,74,ZOMBIE                          Words and music by Dolores ORiordan,13583,1,Drum Kit _ 1
103.724069875,0.0078125,50,114,ZOMBIE                          Words and music by Dolores ORiordan,13583,1,Distortion Guitar _ 1
103.731882375,0.1640625,64,62,ZOMBIE                          Words and music by Dolores ORiordan,13584,21,Electric Guitar (clean) _ 1
103.731882375,0.171875,59,95,ZOMBIE                          Words and music by Dolores ORiordan,13584,22,Flute _ 1
103.731882375,0.2421875,31,93,ZOMBIE                          Words and music by Dolores ORiordan,13584,31,Electric Bass (finger) _ 1
103.716257375,0.375,74,95,ZOMBIE                          Words and music by Dolores ORiordan,13582,48,Shakuhachi _ 1
103.724069875,0.3671875,47,127,ZOMBIE                          Words and music by Dolores ORiordan,13583,47,Distortion Guitar _ 1
103.731882375,0.359375,43,127,ZOMBIE                          Words and music by Dolores ORiordan,13584,46,Distortion Guitar _ 1
103.739694875,0.359375,50,127,ZOMBIE                          Words and music by Dolores ORiordan,13585,46,Distortion Guitar _ 1
104.099069875,0.0078125,36,112,ZOMBIE                          Words and music by Dolores ORiordan,13631,1,Drum Kit _ 1
104.099069875,0.0078125,46,66,ZOMBIE                          Words and music by Dolores ORiordan,13631,1,Drum Kit _ 1
103.903757375,0.3671875,64,65,ZOMBIE                          Words and music by Dolores ORiordan,13606,47,Electric Guitar (clean) _ 1
103.911569875,0.3671875,59,65,ZOMBIE                          Words and music by Dolores ORiordan,13607,47,Electric Guitar (clean) _ 1
104.099069875,0.2734375,31,106,ZOMBIE                          Words and music by Dolores ORiordan,13631,35,Electric Bass (finger) _ 1
104.106882375,0.359375,47,127,ZOMBIE                          Words and music by Dolores ORiordan,13632,46,Distortion Guitar _ 1
104.106882375,0.359375,43,127,ZOMBIE                          Words and music by Dolores ORiordan,13632,46,Distortion Guitar _ 1
104.286569875,0.1875,59,64,ZOMBIE                          Words and music by Dolores ORiordan,13655,24,Electric Guitar (clean) _ 1
103.731882375,0.7421875,62,95,ZOMBIE                          Words and music by Dolores ORiordan,13584,95,Flute _ 1
104.114694875,0.359375,50,127,ZOMBIE                          Words and music by Dolores ORiordan,13633,46,Distortion Guitar _ 1
104.474069875,0.0078125,36,110,ZOMBIE                          Words and music by Dolores ORiordan,13679,1,Drum Kit _ 1
104.474069875,0.0078125,46,68,ZOMBIE                          Words and music by Dolores ORiordan,13679,1,Drum Kit _ 1
104.278757375,0.203125,64,64,ZOMBIE                          Words and music by Dolores ORiordan,13654,26,Electric Guitar (clean) _ 1
104.481882375,0.2265625,31,93,ZOMBIE                          Words and music by Dolores ORiordan,13680,29,Electric Bass (finger) _ 1
104.466257375,0.375,76,97,ZOMBIE                          Words and music by Dolores ORiordan,13678,48,Shakuhachi _ 1
104.489694875,0.359375,64,65,ZOMBIE                          Words and music by Dolores ORiordan,13681,46,Electric Guitar (clean) _ 1
104.849069875,0.0078125,40,127,ZOMBIE                          Words and music by Dolores ORiordan,13727,1,Drum Kit _ 1
104.849069875,0.0078125,46,99,ZOMBIE                          Words and music by Dolores ORiordan,13727,1,Drum Kit _ 1
104.474069875,0.3828125,47,127,ZOMBIE                          Words and music by Dolores ORiordan,13679,49,Distortion Guitar _ 1
104.481882375,0.375,50,116,ZOMBIE                          Words and music by Dolores ORiordan,13680,48,Distortion Guitar _ 1
104.474069875,0.3984375,43,127,ZOMBIE                          Words and music by Dolores ORiordan,13679,51,Distortion Guitar _ 1
104.481882375,0.546875,59,65,ZOMBIE                          Words and music by Dolores ORiordan,13680,70,Electric Guitar (clean) _ 1
104.841257375,0.28125,78,101,ZOMBIE                          Words and music by Dolores ORiordan,13726,36,Shakuhachi _ 1
104.856882375,0.359375,33,110,ZOMBIE                          Words and music by Dolores ORiordan,13728,46,Electric Bass (finger) _ 1
104.864694875,0.3515625,47,127,ZOMBIE                          Words and music by Dolores ORiordan,13729,45,Distortion Guitar _ 1
104.864694875,0.3515625,45,127,ZOMBIE                          Words and music by Dolores ORiordan,13729,45,Distortion Guitar _ 1
104.856882375,0.3671875,66,101,ZOMBIE                          Words and music by Dolores ORiordan,13728,47,Flute _ 1
105.028757375,0.1953125,64,64,ZOMBIE                          Words and music by Dolores ORiordan,13750,25,Electric Guitar (clean) _ 1
104.864694875,0.359375,50,127,ZOMBIE                          Words and music by Dolores ORiordan,13729,46,Distortion Guitar _ 1
105.224069875,0.0078125,36,106,ZOMBIE                          Words and music by Dolores ORiordan,13775,1,Drum Kit _ 1
105.224069875,0.0078125,46,63,ZOMBIE                          Words and music by Dolores ORiordan,13775,1,Drum Kit _ 1
105.224069875,0.2109375,47,127,ZOMBIE                          Words and music by Dolores ORiordan,13775,27,Distortion Guitar _ 1
105.224069875,0.2734375,31,103,ZOMBIE                          Words and music by Dolores ORiordan,13775,35,Electric Bass (finger) _ 1
105.224069875,0.2890625,43,127,ZOMBIE                          Words and music by Dolores ORiordan,13775,37,Distortion Guitar _ 1
105.036569875,0.5546875,59,64,ZOMBIE                          Words and music by Dolores ORiordan,13751,71,Electric Guitar (clean) _ 1
105.216257375,0.3828125,78,89,ZOMBIE                          Words and music by Dolores ORiordan,13774,49,Shakuhachi _ 1
105.231882375,0.3671875,66,89,ZOMBIE                          Words and music by Dolores ORiordan,13776,47,Flute _ 1
105.231882375,0.3671875,64,64,ZOMBIE                          Words and music by Dolores ORiordan,13776,47,Electric Guitar (clean) _ 1
105.231882375,0.3671875,50,127,ZOMBIE                          Words and music by Dolores ORiordan,13776,47,Distortion Guitar _ 1
105.599069875,0.0078125,36,116,ZOMBIE                          Words and music by Dolores ORiordan,13823,1,Drum Kit _ 1
105.599069875,0.0078125,46,82,ZOMBIE                          Words and music by Dolores ORiordan,13823,1,Drum Kit _ 1
105.599069875,0.1953125,81,97,ZOMBIE                          Words and music by Dolores ORiordan,13823,25,Shakuhachi _ 1
105.599069875,0.2578125,30,110,ZOMBIE                          Words and music by Dolores ORiordan,13823,33,Electric Bass (finger) _ 1
105.599069875,0.359375,59,65,ZOMBIE                          Words and music by Dolores ORiordan,13823,46,Electric Guitar (clean) _ 1
105.606882375,0.359375,64,65,ZOMBIE                          Words and music by Dolores ORiordan,13824,46,Electric Guitar (clean) _ 1
105.575632375,0.390625,42,125,ZOMBIE                          Words and music by Dolores ORiordan,13820,50,Distortion Guitar _ 1
105.606882375,0.3671875,69,97,ZOMBIE                          Words and music by Dolores ORiordan,13824,47,Flute _ 1
105.614694875,0.359375,45,127,ZOMBIE                          Words and music by Dolores ORiordan,13825,46,Distortion Guitar _ 1
105.974069875,0.0078125,46,60,ZOMBIE                          Words and music by Dolores ORiordan,13871,1,Drum Kit _ 1
105.606882375,0.375,50,123,ZOMBIE                          Words and music by Dolores ORiordan,13824,48,Distortion Guitar _ 1
105.974069875,0.2578125,30,95,ZOMBIE                          Words and music by Dolores ORiordan,13871,33,Electric Bass (finger) _ 1
105.966257375,0.3515625,78,93,ZOMBIE                          Words and music by Dolores ORiordan,13870,45,Shakuhachi _ 1
105.974069875,0.3671875,64,65,ZOMBIE                          Words and music by Dolores ORiordan,13871,47,Electric Guitar (clean) _ 1
105.966257375,0.375,59,64,ZOMBIE                          Words and music by Dolores ORiordan,13870,48,Electric Guitar (clean) _ 1
105.981882375,0.3671875,66,93,ZOMBIE                          Words and music by Dolores ORiordan,13872,47,Flute _ 1
105.981882375,0.3671875,42,127,ZOMBIE                          Words and music by Dolores ORiordan,13872,47,Distortion Guitar _ 1
105.989694875,0.359375,50,113,ZOMBIE                          Words and music by Dolores ORiordan,13873,46,Distortion Guitar _ 1
106.349069875,0.0078125,46,92,ZOMBIE                          Words and music by Dolores ORiordan,13919,1,Drum Kit _ 1
105.989694875,0.3671875,55,127,ZOMBIE                          Words and music by Dolores ORiordan,13873,47,Distortion Guitar _ 1
106.364694875,0.0078125,40,127,ZOMBIE                          Words and music by Dolores ORiordan,13921,1,Drum Kit _ 1
106.349069875,0.1953125,81,99,ZOMBIE                          Words and music by Dolores ORiordan,13919,25,Shakuhachi _ 1
106.364694875,0.234375,30,101,ZOMBIE                          Words and music by Dolores ORiordan,13921,30,Electric Bass (finger) _ 1
106.349069875,0.3671875,64,63,ZOMBIE                          Words and music by Dolores ORiordan,13919,47,Electric Guitar (clean) _ 1
106.356882375,0.359375,42,127,ZOMBIE                          Words and music by Dolores ORiordan,13920,46,Distortion Guitar _ 1
106.356882375,0.3671875,69,99,ZOMBIE                          Words and music by Dolores ORiordan,13920,47,Flute _ 1
106.349069875,0.375,59,65,ZOMBIE                          Words and music by Dolores ORiordan,13919,48,Electric Guitar (clean) _ 1
106.724069875,0.0078125,36,108,ZOMBIE                          Words and music by Dolores ORiordan,13967,1,Drum Kit _ 1
106.724069875,0.0078125,46,69,ZOMBIE                          Words and music by Dolores ORiordan,13967,1,Drum Kit _ 1
106.356882375,0.375,50,127,ZOMBIE                          Words and music by Dolores ORiordan,13920,48,Distortion Guitar _ 1
106.724069875,0.0078125,42,120,ZOMBIE                          Words and music by Dolores ORiordan,13967,1,Distortion Guitar _ 1
105.989694875,0.7421875,45,127,ZOMBIE                          Words and music by Dolores ORiordan,13873,95,Distortion Guitar _ 1
106.364694875,0.3671875,55,127,ZOMBIE                          Words and music by Dolores ORiordan,13921,47,Distortion Guitar _ 1
106.724069875,0.1796875,64,62,ZOMBIE                          Words and music by Dolores ORiordan,13967,23,Electric Guitar (clean) _ 1
106.731882375,0.1796875,59,64,ZOMBIE                          Words and music by Dolores ORiordan,13968,23,Electric Guitar (clean) _ 1
106.739694875,0.2265625,30,93,ZOMBIE                          Words and music by Dolores ORiordan,13969,29,Electric Bass (finger) _ 1
106.716257375,0.3515625,78,89,ZOMBIE                          Words and music by Dolores ORiordan,13966,45,Shakuhachi _ 1
106.731882375,0.3671875,66,89,ZOMBIE                          Words and music by Dolores ORiordan,13968,47,Flute _ 1
106.739694875,0.359375,50,127,ZOMBIE                          Words and music by Dolores ORiordan,13969,46,Distortion Guitar _ 1
107.099069875,0.0078125,36,111,ZOMBIE                          Words and music by Dolores ORiordan,14015,1,Drum Kit _ 1
107.099069875,0.0078125,46,78,ZOMBIE                          Words and music by Dolores ORiordan,14015,1,Drum Kit _ 1
106.739694875,0.3671875,45,127,ZOMBIE                          Words and music by Dolores ORiordan,13969,47,Distortion Guitar _ 1
106.739694875,0.3671875,42,127,ZOMBIE                          Words and music by Dolores ORiordan,13969,47,Distortion Guitar _ 1
107.106882375,0.0078125,50,79,ZOMBIE                          Words and music by Dolores ORiordan,14016,1,Distortion Guitar _ 1
106.739694875,0.375,55,127,ZOMBIE                          Words and music by Dolores ORiordan,13969,48,Distortion Guitar _ 1
107.091257375,0.171875,81,109,ZOMBIE                          Words and music by Dolores ORiordan,14014,22,Shakuhachi _ 1
106.919382375,0.359375,59,65,ZOMBIE                          Words and music by Dolores ORiordan,13992,46,Electric Guitar (clean) _ 1
106.911569875,0.3671875,64,64,ZOMBIE                          Words and music by Dolores ORiordan,13991,47,Electric Guitar (clean) _ 1
107.106882375,0.359375,30,107,ZOMBIE                          Words and music by Dolores ORiordan,14016,46,Electric Bass (finger) _ 1
107.114694875,0.3515625,42,127,ZOMBIE                          Words and music by Dolores ORiordan,14017,45,Distortion Guitar _ 1
107.106882375,0.3671875,69,109,ZOMBIE                          Words and music by Dolores ORiordan,14016,47,Flute _ 1
107.122507375,0.3515625,50,118,ZOMBIE                          Words and music by Dolores ORiordan,14018,45,Distortion Guitar _ 1
107.474069875,0.0078125,40,127,ZOMBIE                          Words and music by Dolores ORiordan,14063,1,Drum Kit _ 1
107.474069875,0.0078125,49,73,ZOMBIE                          Words and music by Dolores ORiordan,14063,1,Drum Kit _ 1
107.286569875,0.1953125,64,65,ZOMBIE                          Words and music by Dolores ORiordan,14039,25,Electric Guitar (clean) _ 1
107.122507375,0.359375,55,126,ZOMBIE                          Words and music by Dolores ORiordan,14018,46,Distortion Guitar _ 1
107.466257375,0.265625,78,89,ZOMBIE                          Words and music by Dolores ORiordan,14062,34,Shakuhachi _ 1
107.474069875,0.3671875,31,98,ZOMBIE                          Words and music by Dolores ORiordan,14063,47,Electric Bass (finger) _ 1
107.474069875,0.3671875,43,127,ZOMBIE                          Words and music by Dolores ORiordan,14063,47,Distortion Guitar _ 1
107.481882375,0.3671875,66,89,ZOMBIE                          Words and music by Dolores ORiordan,14064,47,Flute _ 1
107.849069875,0.0078125,40,99,ZOMBIE                          Words and music by Dolores ORiordan,14111,1,Drum Kit _ 1
107.849069875,0.0078125,44,92,ZOMBIE                          Words and music by Dolores ORiordan,14111,1,Drum Kit _ 1
107.489694875,0.3671875,64,65,ZOMBIE                          Words and music by Dolores ORiordan,14065,47,Electric Guitar (clean) _ 1
107.481882375,0.375,50,127,ZOMBIE                          Words and music by Dolores ORiordan,14064,48,Distortion Guitar _ 1
107.114694875,0.75,45,127,ZOMBIE                          Words and music by Dolores ORiordan,14017,96,Distortion Guitar _ 1
107.864694875,0.1640625,64,64,ZOMBIE                          Words and music by Dolores ORiordan,14113,21,Electric Guitar (clean) _ 1
107.286569875,0.75,59,65,ZOMBIE                          Words and music by Dolores ORiordan,14039,96,Electric Guitar (clean) _ 1
108.036569875,0.0078125,40,110,ZOMBIE                          Words and music by Dolores ORiordan,14135,1,Drum Kit _ 1
107.841257375,0.2734375,78,88,ZOMBIE                          Words and music by Dolores ORiordan,14110,35,Shakuhachi _ 1
107.849069875,0.3671875,30,114,ZOMBIE                          Words and music by Dolores ORiordan,14111,47,Electric Bass (finger) _ 1
107.856882375,0.3671875,66,88,ZOMBIE                          Words and music by Dolores ORiordan,14112,47,Flute _ 1
108.224069875,0.0078125,40,127,ZOMBIE                          Words and music by Dolores ORiordan,14159,1,Drum Kit _ 1
108.224069875,0.0078125,44,71,ZOMBIE                          Words and music by Dolores ORiordan,14159,1,Drum Kit _ 1
108.044382375,0.1875,59,64,ZOMBIE                          Words and music by Dolores ORiordan,14136,24,Electric Guitar (clean) _ 1
108.036569875,0.1953125,64,63,ZOMBIE                          Words and music by Dolores ORiordan,14135,25,Electric Guitar (clean) _ 1
107.872507375,0.359375,45,127,ZOMBIE                          Words and music by Dolores ORiordan,14114,46,Distortion Guitar _ 1
107.864694875,0.3671875,50,127,ZOMBIE                          Words and music by Dolores ORiordan,14113,47,Distortion Guitar _ 1
107.849069875,0.40625,42,127,ZOMBIE                          Words and music by Dolores ORiordan,14111,52,Distortion Guitar _ 1
108.411569875,0.0078125,40,127,ZOMBIE                          Words and music by Dolores ORiordan,14183,1,Drum Kit _ 1
108.239694875,0.3359375,50,109,ZOMBIE                          Words and music by Dolores ORiordan,14161,43,Distortion Guitar _ 1
108.239694875,0.34375,59,65,ZOMBIE                          Words and music by Dolores ORiordan,14161,44,Electric Guitar (clean) _ 1
108.239694875,0.34375,43,127,ZOMBIE                          Words and music by Dolores ORiordan,14161,44,Distortion Guitar _ 1
108.216257375,0.375,78,91,ZOMBIE                          Words and music by Dolores ORiordan,14158,48,Shakuhachi _ 1
108.224069875,0.3671875,31,111,ZOMBIE                          Words and music by Dolores ORiordan,14159,47,Electric Bass (finger) _ 1
108.231882375,0.3671875,66,91,ZOMBIE                          Words and music by Dolores ORiordan,14160,47,Flute _ 1
108.239694875,0.359375,64,64,ZOMBIE                          Words and music by Dolores ORiordan,14161,46,Electric Guitar (clean) _ 1
108.239694875,0.359375,45,127,ZOMBIE                          Words and music by Dolores ORiordan,14161,46,Distortion Guitar _ 1
108.599069875,0.0078125,36,115,ZOMBIE                          Words and music by Dolores ORiordan,14207,1,Drum Kit _ 1
108.599069875,0.0078125,57,68,ZOMBIE                          Words and music by Dolores ORiordan,14207,1,Drum Kit _ 1
107.489694875,1.1484375,55,118,ZOMBIE                          Words and music by Dolores ORiordan,14065,147,Distortion Guitar _ 1
108.606882375,0.2578125,28,109,ZOMBIE                          Words and music by Dolores ORiordan,14208,33,Electric Bass (finger) _ 1
108.606882375,0.359375,64,66,ZOMBIE                          Words and music by Dolores ORiordan,14208,46,Electric Guitar (clean) _ 1
108.591257375,0.375,59,66,ZOMBIE                          Words and music by Dolores ORiordan,14206,48,Electric Guitar (clean) _ 1
108.606882375,0.359375,47,127,ZOMBIE                          Words and music by Dolores ORiordan,14208,46,Distortion Guitar _ 1
108.606882375,0.3671875,52,127,ZOMBIE                          Words and music by Dolores ORiordan,14208,47,Distortion Guitar _ 1
108.974069875,0.0078125,36,112,ZOMBIE                          Words and music by Dolores ORiordan,14255,1,Drum Kit _ 1
108.974069875,0.0078125,46,89,ZOMBIE                          Words and music by Dolores ORiordan,14255,1,Drum Kit _ 1
108.974069875,0.015625,47,127,ZOMBIE                          Words and music by Dolores ORiordan,14255,2,Distortion Guitar _ 1
108.981882375,0.0078125,52,119,ZOMBIE                          Words and music by Dolores ORiordan,14256,1,Distortion Guitar _ 1
108.974069875,0.2265625,28,99,ZOMBIE                          Words and music by Dolores ORiordan,14255,29,Electric Bass (finger) _ 1
108.997507375,0.34375,52,112,ZOMBIE                          Words and music by Dolores ORiordan,14258,44,Distortion Guitar _ 1
108.997507375,0.34375,47,127,ZOMBIE                          Words and music by Dolores ORiordan,14258,44,Distortion Guitar _ 1
108.974069875,0.375,59,64,ZOMBIE                          Words and music by Dolores ORiordan,14255,48,Electric Guitar (clean) _ 1
108.974069875,0.375,64,62,ZOMBIE                          Words and music by Dolores ORiordan,14255,48,Electric Guitar (clean) _ 1
109.349069875,0.0078125,46,90,ZOMBIE                          Words and music by Dolores ORiordan,14303,1,Drum Kit _ 1
109.349069875,0.0078125,52,117,ZOMBIE                          Words and music by Dolores ORiordan,14303,1,Distortion Guitar _ 1
108.606882375,0.75,40,127,ZOMBIE                          Words and music by Dolores ORiordan,14208,96,Distortion Guitar _ 1
109.364694875,0.0078125,40,127,ZOMBIE                          Words and music by Dolores ORiordan,14305,1,Drum Kit _ 1
109.364694875,0.21875,28,110,ZOMBIE                          Words and music by Dolores ORiordan,14305,28,Electric Bass (finger) _ 1
108.591257375,1.09375,79,107,ZOMBIE                          Words and music by Dolores ORiordan,14206,140,Shakuhachi _ 1
108.606882375,1.1171875,67,107,ZOMBIE                          Words and music by Dolores ORiordan,14208,143,Flute _ 1
109.356882375,0.3671875,59,65,ZOMBIE                          Words and music by Dolores ORiordan,14304,47,Electric Guitar (clean) _ 1
109.724069875,0.0078125,36,111,ZOMBIE                          Words and music by Dolores ORiordan,14351,1,Drum Kit _ 1
109.356882375,0.375,64,65,ZOMBIE                          Words and music by Dolores ORiordan,14304,48,Electric Guitar (clean) _ 1
109.364694875,0.3671875,52,127,ZOMBIE                          Words and music by Dolores ORiordan,14305,47,Distortion Guitar _ 1
109.731882375,0.0078125,46,88,ZOMBIE                          Words and music by Dolores ORiordan,14352,1,Drum Kit _ 1
109.739694875,0.1640625,64,65,ZOMBIE                          Words and music by Dolores ORiordan,14353,21,Electric Guitar (clean) _ 1
109.731882375,0.171875,59,65,ZOMBIE                          Words and music by Dolores ORiordan,14352,22,Electric Guitar (clean) _ 1
109.911569875,0.0078125,55,69,ZOMBIE                          Words and music by Dolores ORiordan,14375,1,Drum Kit _ 1
109.724069875,0.203125,28,91,ZOMBIE                          Words and music by Dolores ORiordan,14351,26,Electric Bass (finger) _ 1
109.739694875,0.359375,52,119,ZOMBIE                          Words and music by Dolores ORiordan,14353,46,Distortion Guitar _ 1
109.356882375,0.7421875,47,127,ZOMBIE                          Words and music by Dolores ORiordan,14304,95,Distortion Guitar _ 1
110.099069875,0.0078125,36,112,ZOMBIE                          Words and music by Dolores ORiordan,14399,1,Drum Kit _ 1
110.114694875,0.0078125,46,73,ZOMBIE                          Words and music by Dolores ORiordan,14401,1,Drum Kit _ 1
109.911569875,0.3671875,59,65,ZOMBIE                          Words and music by Dolores ORiordan,14375,47,Electric Guitar (clean) _ 1
109.911569875,0.3671875,64,65,ZOMBIE                          Words and music by Dolores ORiordan,14375,47,Electric Guitar (clean) _ 1
110.099069875,0.234375,28,112,ZOMBIE                          Words and music by Dolores ORiordan,14399,30,Electric Bass (finger) _ 1
110.286569875,0.1796875,64,65,ZOMBIE                          Words and music by Dolores ORiordan,14423,23,Electric Guitar (clean) _ 1
110.106882375,0.359375,47,127,ZOMBIE                          Words and music by Dolores ORiordan,14400,46,Distortion Guitar _ 1
110.106882375,0.3671875,52,125,ZOMBIE                          Words and music by Dolores ORiordan,14400,47,Distortion Guitar _ 1
110.474069875,0.0078125,36,110,ZOMBIE                          Words and music by Dolores ORiordan,14447,1,Drum Kit _ 1
110.481882375,0.0078125,46,89,ZOMBIE                          Words and music by Dolores ORiordan,14448,1,Drum Kit _ 1
109.716257375,1.125,76,97,ZOMBIE                          Words and music by Dolores ORiordan,14350,144,Shakuhachi _ 1
110.474069875,0.3671875,28,107,ZOMBIE                          Words and music by Dolores ORiordan,14447,47,Electric Bass (finger) _ 1
110.474069875,0.375,64,62,ZOMBIE                          Words and music by Dolores ORiordan,14447,48,Electric Guitar (clean) _ 1
110.474069875,0.375,47,127,ZOMBIE                          Words and music by Dolores ORiordan,14447,48,Distortion Guitar _ 1
110.849069875,0.0078125,40,127,ZOMBIE                          Words and music by Dolores ORiordan,14495,1,Drum Kit _ 1
110.849069875,0.0078125,46,89,ZOMBIE                          Words and music by Dolores ORiordan,14495,1,Drum Kit _ 1
110.481882375,0.375,52,118,ZOMBIE                          Words and music by Dolores ORiordan,14448,48,Distortion Guitar _ 1
110.286569875,0.7421875,59,64,ZOMBIE                          Words and music by Dolores ORiordan,14423,95,Electric Guitar (clean) _ 1
110.841257375,0.3671875,78,98,ZOMBIE                          Words and music by Dolores ORiordan,14494,47,Shakuhachi _ 1
110.864694875,0.34375,43,127,ZOMBIE                          Words and music by Dolores ORiordan,14497,44,Distortion Guitar _ 1
110.849069875,0.3671875,31,103,ZOMBIE                          Words and music by Dolores ORiordan,14495,47,Electric Bass (finger) _ 1
111.036569875,0.1796875,64,65,ZOMBIE                          Words and music by Dolores ORiordan,14519,23,Electric Guitar (clean) _ 1
110.856882375,0.359375,47,127,ZOMBIE                          Words and music by Dolores ORiordan,14496,46,Distortion Guitar _ 1
110.856882375,0.3671875,66,98,ZOMBIE                          Words and music by Dolores ORiordan,14496,47,Flute _ 1
110.864694875,0.359375,52,74,ZOMBIE                          Words and music by Dolores ORiordan,14497,46,Distortion Guitar _ 1
111.224069875,0.0078125,36,110,ZOMBIE                          Words and music by Dolores ORiordan,14543,1,Drum Kit _ 1
111.224069875,0.0078125,46,82,ZOMBIE                          Words and music by Dolores ORiordan,14543,1,Drum Kit _ 1
111.224069875,0.0078125,47,127,ZOMBIE                          Words and music by Dolores ORiordan,14543,1,Distortion Guitar _ 1
111.411569875,0.0078125,55,70,ZOMBIE                          Words and music by Dolores ORiordan,14567,1,Drum Kit _ 1
111.239694875,0.265625,47,127,ZOMBIE                          Words and music by Dolores ORiordan,14545,34,Distortion Guitar _ 1
111.231882375,0.28125,52,127,ZOMBIE                          Words and music by Dolores ORiordan,14544,36,Distortion Guitar _ 1
111.036569875,0.546875,59,66,ZOMBIE                          Words and music by Dolores ORiordan,14519,70,Electric Guitar (clean) _ 1
111.224069875,0.3671875,28,96,ZOMBIE                          Words and music by Dolores ORiordan,14543,47,Electric Bass (finger) _ 1
111.224069875,0.3671875,64,65,ZOMBIE                          Words and music by Dolores ORiordan,14543,47,Electric Guitar (clean) _ 1
111.231882375,0.359375,40,127,ZOMBIE                          Words and music by Dolores ORiordan,14544,46,Distortion Guitar _ 1
111.216257375,0.3828125,81,102,ZOMBIE                          Words and music by Dolores ORiordan,14542,49,Shakuhachi _ 1
111.231882375,0.3671875,69,102,ZOMBIE                          Words and music by Dolores ORiordan,14544,47,Flute _ 1
111.599069875,0.0078125,36,115,ZOMBIE                          Words and music by Dolores ORiordan,14591,1,Drum Kit _ 1
111.599069875,0.0078125,46,94,ZOMBIE                          Words and music by Dolores ORiordan,14591,1,Drum Kit _ 1
111.599069875,0.3671875,64,65,ZOMBIE                          Words and music by Dolores ORiordan,14591,47,Electric Guitar (clean) _ 1
111.591257375,0.375,59,65,ZOMBIE                          Words and music by Dolores ORiordan,14590,48,Electric Guitar (clean) _ 1
111.974069875,0.0078125,46,82,ZOMBIE                          Words and music by Dolores ORiordan,14639,1,Drum Kit _ 1
111.614694875,0.3671875,48,127,ZOMBIE                          Words and music by Dolores ORiordan,14593,47,Distortion Guitar _ 1
111.614694875,0.3671875,52,127,ZOMBIE                          Words and music by Dolores ORiordan,14593,47,Distortion Guitar _ 1
111.599069875,0.546875,79,110,ZOMBIE                          Words and music by Dolores ORiordan,14591,70,Shakuhachi _ 1
111.606882375,0.5546875,67,110,ZOMBIE                          Words and music by Dolores ORiordan,14592,71,Flute _ 1
111.974069875,0.25,36,95,ZOMBIE                          Words and music by Dolores ORiordan,14639,32,Electric Bass (finger) _ 1
112.153757375,0.1875,81,101,ZOMBIE                          Words and music by Dolores ORiordan,14662,24,Shakuhachi _ 1
111.974069875,0.3671875,64,65,ZOMBIE                          Words and music by Dolores ORiordan,14639,47,Electric Guitar (clean) _ 1
111.974069875,0.3671875,59,66,ZOMBIE                          Words and music by Dolores ORiordan,14639,47,Electric Guitar (clean) _ 1
111.989694875,0.3515625,48,127,ZOMBIE                          Words and music by Dolores ORiordan,14641,45,Distortion Guitar _ 1
112.169382375,0.1796875,69,101,ZOMBIE                          Words and music by Dolores ORiordan,14664,23,Flute _ 1
111.989694875,0.359375,52,127,ZOMBIE                          Words and music by Dolores ORiordan,14641,46,Distortion Guitar _ 1
112.349069875,0.0078125,46,93,ZOMBIE                          Words and music by Dolores ORiordan,14687,1,Drum Kit _ 1
111.622507375,0.734375,55,112,ZOMBIE                          Words and music by Dolores ORiordan,14594,94,Distortion Guitar _ 1
112.356882375,0.0078125,40,127,ZOMBIE                          Words and music by Dolores ORiordan,14688,1,Drum Kit _ 1
112.349069875,0.2578125,36,107,ZOMBIE                          Words and music by Dolores ORiordan,14687,33,Electric Bass (finger) _ 1
112.341257375,0.3359375,79,112,ZOMBIE                          Words and music by Dolores ORiordan,14686,43,Shakuhachi _ 1
112.349069875,0.3671875,64,65,ZOMBIE                          Words and music by Dolores ORiordan,14687,47,Electric Guitar (clean) _ 1
112.349069875,0.3671875,59,66,ZOMBIE                          Words and music by Dolores ORiordan,14687,47,Electric Guitar (clean) _ 1
112.356882375,0.359375,52,127,ZOMBIE                          Words and music by Dolores ORiordan,14688,46,Distortion Guitar _ 1
112.349069875,0.3671875,48,127,ZOMBIE                          Words and music by Dolores ORiordan,14687,47,Distortion Guitar _ 1
112.356882375,0.3671875,67,112,ZOMBIE                          Words and music by Dolores ORiordan,14688,47,Flute _ 1
112.364694875,0.359375,55,118,ZOMBIE                          Words and music by Dolores ORiordan,14689,46,Distortion Guitar _ 1
112.724069875,0.0078125,36,105,ZOMBIE                          Words and music by Dolores ORiordan,14735,1,Drum Kit _ 1
112.724069875,0.0078125,46,78,ZOMBIE                          Words and music by Dolores ORiordan,14735,1,Drum Kit _ 1
112.724069875,0.015625,52,127,ZOMBIE                          Words and music by Dolores ORiordan,14735,2,Distortion Guitar _ 1
112.731882375,0.015625,55,127,ZOMBIE                          Words and music by Dolores ORiordan,14736,2,Distortion Guitar _ 1
112.724069875,0.15625,64,64,ZOMBIE                          Words and music by Dolores ORiordan,14735,20,Electric Guitar (clean) _ 1
112.724069875,0.1796875,59,65,ZOMBIE                          Words and music by Dolores ORiordan,14735,23,Electric Guitar (clean) _ 1
112.755319875,0.1640625,55,124,ZOMBIE                          Words and music by Dolores ORiordan,14739,21,Distortion Guitar _ 1
112.919382375,0.0078125,40,96,ZOMBIE                          Words and music by Dolores ORiordan,14760,1,Drum Kit _ 1
112.724069875,0.3671875,48,127,ZOMBIE                          Words and music by Dolores ORiordan,14735,47,Distortion Guitar _ 1
112.747507375,0.34375,52,127,ZOMBIE                          Words and music by Dolores ORiordan,14738,44,Distortion Guitar _ 1
113.099069875,0.0078125,36,110,ZOMBIE                          Words and music by Dolores ORiordan,14783,1,Drum Kit _ 1
113.099069875,0.0078125,46,80,ZOMBIE                          Words and music by Dolores ORiordan,14783,1,Drum Kit _ 1
112.911569875,0.3671875,59,65,ZOMBIE                          Words and music by Dolores ORiordan,14759,47,Electric Guitar (clean) _ 1
112.911569875,0.3671875,64,65,ZOMBIE                          Words and music by Dolores ORiordan,14759,47,Electric Guitar (clean) _ 1
113.302194875,0.0078125,40,120,ZOMBIE                          Words and music by Dolores ORiordan,14809,1,Drum Kit _ 1
112.724069875,0.640625,76,101,ZOMBIE                          Words and music by Dolores ORiordan,14735,82,Shakuhachi _ 1
113.286569875,0.1796875,59,65,ZOMBIE                          Words and music by Dolores ORiordan,14807,23,Electric Guitar (clean) _ 1
113.099069875,0.3671875,52,127,ZOMBIE                          Words and music by Dolores ORiordan,14783,47,Distortion Guitar _ 1
113.099069875,0.3671875,48,127,ZOMBIE                          Words and music by Dolores ORiordan,14783,47,Distortion Guitar _ 1
113.286569875,0.1875,64,65,ZOMBIE                          Words and music by Dolores ORiordan,14807,24,Electric Guitar (clean) _ 1
113.474069875,0.0078125,36,106,ZOMBIE                          Words and music by Dolores ORiordan,14831,1,Drum Kit _ 1
113.106882375,0.375,55,127,ZOMBIE                          Words and music by Dolores ORiordan,14784,48,Distortion Guitar _ 1
113.481882375,0.0078125,46,94,ZOMBIE                          Words and music by Dolores ORiordan,14832,1,Drum Kit _ 1
113.474069875,0.359375,48,127,ZOMBIE                          Words and music by Dolores ORiordan,14831,46,Distortion Guitar _ 1
113.458444875,0.3828125,76,91,ZOMBIE                          Words and music by Dolores ORiordan,14829,49,Shakuhachi _ 1
113.474069875,0.3671875,59,65,ZOMBIE                          Words and music by Dolores ORiordan,14831,47,Electric Guitar (clean) _ 1
113.481882375,0.3671875,57,104,ZOMBIE                          Words and music by Dolores ORiordan,14832,47,Flute _ 1
113.481882375,0.3671875,64,91,ZOMBIE                          Words and music by Dolores ORiordan,14832,47,Flute _ 1
113.489694875,0.3671875,55,127,ZOMBIE                          Words and music by Dolores ORiordan,14833,47,Distortion Guitar _ 1
113.856882375,0.0078125,46,92,ZOMBIE                          Words and music by Dolores ORiordan,14880,1,Drum Kit _ 1
113.481882375,0.3828125,52,127,ZOMBIE                          Words and music by Dolores ORiordan,14832,49,Distortion Guitar _ 1
113.864694875,0.0078125,40,127,ZOMBIE                          Words and music by Dolores ORiordan,14881,1,Drum Kit _ 1
113.864694875,0.0078125,55,113,ZOMBIE                          Words and music by Dolores ORiordan,14881,1,Distortion Guitar _ 1
113.856882375,0.171875,64,65,ZOMBIE                          Words and music by Dolores ORiordan,14880,22,Electric Guitar (clean) _ 1
113.849069875,0.1953125,59,65,ZOMBIE                          Words and music by Dolores ORiordan,14879,25,Electric Guitar (clean) _ 1
113.849069875,0.359375,38,107,ZOMBIE                          Words and music by Dolores ORiordan,14879,46,Electric Bass (finger) _ 1
113.841257375,0.375,78,94,ZOMBIE                          Words and music by Dolores ORiordan,14878,48,Shakuhachi _ 1
113.880319875,0.3359375,55,108,ZOMBIE                          Words and music by Dolores ORiordan,14883,43,Distortion Guitar _ 1
113.856882375,0.3671875,57,92,ZOMBIE                          Words and music by Dolores ORiordan,14880,47,Flute _ 1
113.856882375,0.3671875,66,94,ZOMBIE                          Words and music by Dolores ORiordan,14880,47,Flute _ 1
113.849069875,0.375,50,127,ZOMBIE                          Words and music by Dolores ORiordan,14879,48,Distortion Guitar _ 1
113.872507375,0.3515625,52,127,ZOMBIE                          Words and music by Dolores ORiordan,14882,45,Distortion Guitar _ 1
114.052194875,0.1796875,59,64,ZOMBIE                          Words and music by Dolores ORiordan,14905,23,Electric Guitar (clean) _ 1
114.036569875,0.1953125,64,63,ZOMBIE                          Words and music by Dolores ORiordan,14903,25,Electric Guitar (clean) _ 1
114.224069875,0.015625,55,66,ZOMBIE                          Words and music by Dolores ORiordan,14927,2,Distortion Guitar _ 1
114.239694875,0.0078125,40,127,ZOMBIE                          Words and music by Dolores ORiordan,14929,1,Drum Kit _ 1
114.247507375,0.171875,55,65,ZOMBIE                          Words and music by Dolores ORiordan,14930,22,Distortion Guitar _ 1
114.231882375,0.2421875,52,127,ZOMBIE                          Words and music by Dolores ORiordan,14928,31,Distortion Guitar _ 1
114.231882375,0.25,48,127,ZOMBIE                          Words and music by Dolores ORiordan,14928,32,Distortion Guitar _ 1
114.216257375,0.375,36,103,ZOMBIE                          Words and music by Dolores ORiordan,14926,48,Electric Bass (finger) _ 1
114.239694875,0.359375,64,64,ZOMBIE                          Words and music by Dolores ORiordan,14929,46,Electric Guitar (clean) _ 1
114.599069875,0.0078125,36,116,ZOMBIE                          Words and music by Dolores ORiordan,14975,1,Drum Kit _ 1
114.599069875,0.0078125,46,94,ZOMBIE                          Words and music by Dolores ORiordan,14975,1,Drum Kit _ 1
114.239694875,0.3671875,59,66,ZOMBIE                          Words and music by Dolores ORiordan,14929,47,Electric Guitar (clean) _ 1
114.216257375,0.546875,74,95,ZOMBIE                          Words and music by Dolores ORiordan,14926,70,Shakuhachi _ 1
114.599069875,0.2265625,31,109,ZOMBIE                          Words and music by Dolores ORiordan,14975,29,Electric Bass (finger) _ 1
114.599069875,0.3515625,50,127,ZOMBIE                          Words and music by Dolores ORiordan,14975,45,Distortion Guitar _ 1
114.614694875,0.359375,59,66,ZOMBIE                          Words and music by Dolores ORiordan,14977,46,Electric Guitar (clean) _ 1
114.231882375,0.7421875,62,95,ZOMBIE                          Words and music by Dolores ORiordan,14928,95,Flute _ 1
114.974069875,0.0078125,36,112,ZOMBIE                          Words and music by Dolores ORiordan,15023,1,Drum Kit _ 1
114.599069875,0.3828125,47,127,ZOMBIE                          Words and music by Dolores ORiordan,14975,49,Distortion Guitar _ 1
114.599069875,0.3828125,43,127,ZOMBIE                          Words and music by Dolores ORiordan,14975,49,Distortion Guitar _ 1
114.981882375,0.0078125,46,88,ZOMBIE                          Words and music by Dolores ORiordan,15024,1,Drum Kit _ 1
114.606882375,0.3828125,64,62,ZOMBIE                          Words and music by Dolores ORiordan,14976,49,Electric Guitar (clean) _ 1
114.974069875,0.21875,31,101,ZOMBIE                          Words and music by Dolores ORiordan,15023,28,Electric Bass (finger) _ 1
114.966257375,0.375,76,105,ZOMBIE                          Words and music by Dolores ORiordan,15022,48,Shakuhachi _ 1
114.997507375,0.34375,59,65,ZOMBIE                          Words and music by Dolores ORiordan,15026,44,Electric Guitar (clean) _ 1
114.989694875,0.3515625,47,127,ZOMBIE                          Words and music by Dolores ORiordan,15025,45,Distortion Guitar _ 1
114.981882375,0.3671875,57,98,ZOMBIE                          Words and music by Dolores ORiordan,15024,47,Flute _ 1
114.997507375,0.3515625,64,63,ZOMBIE                          Words and music by Dolores ORiordan,15026,45,Electric Guitar (clean) _ 1
114.989694875,0.359375,43,127,ZOMBIE                          Words and music by Dolores ORiordan,15025,46,Distortion Guitar _ 1
114.989694875,0.359375,50,74,ZOMBIE                          Words and music by Dolores ORiordan,15025,46,Distortion Guitar _ 1
115.349069875,0.0078125,40,121,ZOMBIE                          Words and music by Dolores ORiordan,15071,1,Drum Kit _ 1
115.349069875,0.0078125,46,86,ZOMBIE                          Words and music by Dolores ORiordan,15071,1,Drum Kit _ 1
115.349069875,0.0078125,47,127,ZOMBIE                          Words and music by Dolores ORiordan,15071,1,Distortion Guitar _ 1
115.356882375,0.0078125,50,127,ZOMBIE                          Words and music by Dolores ORiordan,15072,1,Distortion Guitar _ 1
115.349069875,0.2890625,31,111,ZOMBIE                          Words and music by Dolores ORiordan,15071,37,Electric Bass (finger) _ 1
115.372507375,0.328125,50,84,ZOMBIE                          Words and music by Dolores ORiordan,15074,42,Distortion Guitar _ 1
115.341257375,0.375,78,92,ZOMBIE                          Words and music by Dolores ORiordan,15070,48,Shakuhachi _ 1
115.364694875,0.3515625,47,127,ZOMBIE                          Words and music by Dolores ORiordan,15073,45,Distortion Guitar _ 1
115.356882375,0.359375,43,127,ZOMBIE                          Words and music by Dolores ORiordan,15072,46,Distortion Guitar _ 1
115.356882375,0.3671875,57,92,ZOMBIE                          Words and music by Dolores ORiordan,15072,47,Flute _ 1
115.356882375,0.3671875,66,92,ZOMBIE                          Words and music by Dolores ORiordan,15072,47,Flute _ 1
115.356882375,0.3671875,64,62,ZOMBIE                          Words and music by Dolores ORiordan,15072,47,Electric Guitar (clean) _ 1
115.349069875,0.375,59,65,ZOMBIE                          Words and music by Dolores ORiordan,15071,48,Electric Guitar (clean) _ 1
115.724069875,0.0078125,40,127,ZOMBIE                          Words and music by Dolores ORiordan,15119,1,Drum Kit _ 1
115.724069875,0.0078125,52,83,ZOMBIE                          Words and music by Dolores ORiordan,15119,1,Drum Kit _ 1
115.724069875,0.0078125,50,114,ZOMBIE                          Words and music by Dolores ORiordan,15119,1,Distortion Guitar _ 1
115.731882375,0.1640625,64,62,ZOMBIE                          Words and music by Dolores ORiordan,15120,21,Electric Guitar (clean) _ 1
115.731882375,0.171875,59,95,ZOMBIE                          Words and music by Dolores ORiordan,15120,22,Flute _ 1
115.911569875,0.0078125,55,76,ZOMBIE                          Words and music by Dolores ORiordan,15143,1,Drum Kit _ 1
115.731882375,0.2421875,31,93,ZOMBIE                          Words and music by Dolores ORiordan,15120,31,Electric Bass (finger) _ 1
115.724069875,0.3671875,47,127,ZOMBIE                          Words and music by Dolores ORiordan,15119,47,Distortion Guitar _ 1
115.731882375,0.359375,43,127,ZOMBIE                          Words and music by Dolores ORiordan,15120,46,Distortion Guitar _ 1
115.739694875,0.359375,50,127,ZOMBIE                          Words and music by Dolores ORiordan,15121,46,Distortion Guitar _ 1
116.099069875,0.0078125,36,111,ZOMBIE                          Words and music by Dolores ORiordan,15167,1,Drum Kit _ 1
116.099069875,0.0078125,46,92,ZOMBIE                          Words and music by Dolores ORiordan,15167,1,Drum Kit _ 1
115.903757375,0.3671875,64,65,ZOMBIE                          Words and music by Dolores ORiordan,15142,47,Electric Guitar (clean) _ 1
115.911569875,0.3671875,59,65,ZOMBIE                          Words and music by Dolores ORiordan,15143,47,Electric Guitar (clean) _ 1
116.099069875,0.2734375,31,106,ZOMBIE                          Words and music by Dolores ORiordan,15167,35,Electric Bass (finger) _ 1
115.716257375,0.7265625,74,97,ZOMBIE                          Words and music by Dolores ORiordan,15118,93,Shakuhachi _ 1
116.106882375,0.359375,47,127,ZOMBIE                          Words and music by Dolores ORiordan,15168,46,Distortion Guitar _ 1
116.106882375,0.359375,43,127,ZOMBIE                          Words and music by Dolores ORiordan,15168,46,Distortion Guitar _ 1
116.286569875,0.1875,59,64,ZOMBIE                          Words and music by Dolores ORiordan,15191,24,Electric Guitar (clean) _ 1
115.731882375,0.7421875,62,97,ZOMBIE                          Words and music by Dolores ORiordan,15120,95,Flute _ 1
116.114694875,0.359375,50,127,ZOMBIE                          Words and music by Dolores ORiordan,15169,46,Distortion Guitar _ 1
116.474069875,0.0078125,36,107,ZOMBIE                          Words and music by Dolores ORiordan,15215,1,Drum Kit _ 1
116.474069875,0.0078125,46,82,ZOMBIE                          Words and music by Dolores ORiordan,15215,1,Drum Kit _ 1
116.278757375,0.203125,64,64,ZOMBIE                          Words and music by Dolores ORiordan,15190,26,Electric Guitar (clean) _ 1
116.481882375,0.2265625,31,93,ZOMBIE                          Words and music by Dolores ORiordan,15216,29,Electric Bass (finger) _ 1
116.466257375,0.3671875,76,101,ZOMBIE                          Words and music by Dolores ORiordan,15214,47,Shakuhachi _ 1
116.489694875,0.359375,64,65,ZOMBIE                          Words and music by Dolores ORiordan,15217,46,Electric Guitar (clean) _ 1
116.849069875,0.0078125,40,121,ZOMBIE                          Words and music by Dolores ORiordan,15263,1,Drum Kit _ 1
116.849069875,0.0078125,49,77,ZOMBIE                          Words and music by Dolores ORiordan,15263,1,Drum Kit _ 1
116.474069875,0.3828125,47,127,ZOMBIE                          Words and music by Dolores ORiordan,15215,49,Distortion Guitar _ 1
116.481882375,0.375,50,116,ZOMBIE                          Words and music by Dolores ORiordan,15216,48,Distortion Guitar _ 1
116.474069875,0.3984375,43,127,ZOMBIE                          Words and music by Dolores ORiordan,15215,51,Distortion Guitar _ 1
116.833444875,0.1796875,78,93,ZOMBIE                          Words and music by Dolores ORiordan,15261,23,Shakuhachi _ 1
116.481882375,0.546875,59,65,ZOMBIE                          Words and music by Dolores ORiordan,15216,70,Electric Guitar (clean) _ 1
116.856882375,0.359375,33,110,ZOMBIE                          Words and music by Dolores ORiordan,15264,46,Electric Bass (finger) _ 1
116.864694875,0.3515625,47,127,ZOMBIE                          Words and music by Dolores ORiordan,15265,45,Distortion Guitar _ 1
116.864694875,0.3515625,45,127,ZOMBIE                          Words and music by Dolores ORiordan,15265,45,Distortion Guitar _ 1
116.856882375,0.3671875,66,93,ZOMBIE                          Words and music by Dolores ORiordan,15264,47,Flute _ 1
117.028757375,0.1953125,64,64,ZOMBIE                          Words and music by Dolores ORiordan,15286,25,Electric Guitar (clean) _ 1
116.864694875,0.359375,50,127,ZOMBIE                          Words and music by Dolores ORiordan,15265,46,Distortion Guitar _ 1
117.224069875,0.0078125,40,127,ZOMBIE                          Words and music by Dolores ORiordan,15311,1,Drum Kit _ 1
117.224069875,0.0078125,52,81,ZOMBIE                          Words and music by Dolores ORiordan,15311,1,Drum Kit _ 1
117.411569875,0.0078125,55,87,ZOMBIE                          Words and music by Dolores ORiordan,15335,1,Drum Kit _ 1
117.224069875,0.2109375,47,127,ZOMBIE                          Words and music by Dolores ORiordan,15311,27,Distortion Guitar _ 1
117.224069875,0.2734375,31,103,ZOMBIE                          Words and music by Dolores ORiordan,15311,35,Electric Bass (finger) _ 1
117.224069875,0.2890625,43,127,ZOMBIE                          Words and music by Dolores ORiordan,15311,37,Distortion Guitar _ 1
117.208444875,0.3828125,78,101,ZOMBIE                          Words and music by Dolores ORiordan,15309,49,Shakuhachi _ 1
117.036569875,0.5546875,59,64,ZOMBIE                          Words and music by Dolores ORiordan,15287,71,Electric Guitar (clean) _ 1
117.231882375,0.3671875,66,101,ZOMBIE                          Words and music by Dolores ORiordan,15312,47,Flute _ 1
117.231882375,0.3671875,64,64,ZOMBIE                          Words and music by Dolores ORiordan,15312,47,Electric Guitar (clean) _ 1
117.231882375,0.3671875,50,127,ZOMBIE                          Words and music by Dolores ORiordan,15312,47,Distortion Guitar _ 1
117.599069875,0.0078125,36,115,ZOMBIE                          Words and music by Dolores ORiordan,15359,1,Drum Kit _ 1
117.599069875,0.0078125,46,86,ZOMBIE                          Words and music by Dolores ORiordan,15359,1,Drum Kit _ 1
117.591257375,0.203125,81,97,ZOMBIE                          Words and music by Dolores ORiordan,15358,26,Shakuhachi _ 1
117.599069875,0.2578125,30,110,ZOMBIE                          Words and music by Dolores ORiordan,15359,33,Electric Bass (finger) _ 1
117.599069875,0.359375,59,65,ZOMBIE                          Words and music by Dolores ORiordan,15359,46,Electric Guitar (clean) _ 1
117.606882375,0.359375,64,65,ZOMBIE                          Words and music by Dolores ORiordan,15360,46,Electric Guitar (clean) _ 1
117.575632375,0.390625,42,125,ZOMBIE                          Words and music by Dolores ORiordan,15356,50,Distortion Guitar _ 1
117.606882375,0.3671875,69,97,ZOMBIE                          Words and music by Dolores ORiordan,15360,47,Flute _ 1
117.614694875,0.359375,45,127,ZOMBIE                          Words and music by Dolores ORiordan,15361,46,Distortion Guitar _ 1
117.974069875,0.0078125,36,110,ZOMBIE                          Words and music by Dolores ORiordan,15407,1,Drum Kit _ 1
117.974069875,0.0078125,46,93,ZOMBIE                          Words and music by Dolores ORiordan,15407,1,Drum Kit _ 1
117.606882375,0.375,50,123,ZOMBIE                          Words and music by Dolores ORiordan,15360,48,Distortion Guitar _ 1
117.974069875,0.2578125,30,95,ZOMBIE                          Words and music by Dolores ORiordan,15407,33,Electric Bass (finger) _ 1
117.958444875,0.359375,78,82,ZOMBIE                          Words and music by Dolores ORiordan,15405,46,Shakuhachi _ 1
117.974069875,0.3671875,64,65,ZOMBIE                          Words and music by Dolores ORiordan,15407,47,Electric Guitar (clean) _ 1
117.966257375,0.375,59,64,ZOMBIE                          Words and music by Dolores ORiordan,15406,48,Electric Guitar (clean) _ 1
117.981882375,0.3671875,66,82,ZOMBIE                          Words and music by Dolores ORiordan,15408,47,Flute _ 1
117.981882375,0.3671875,42,127,ZOMBIE                          Words and music by Dolores ORiordan,15408,47,Distortion Guitar _ 1
117.989694875,0.359375,50,113,ZOMBIE                          Words and music by Dolores ORiordan,15409,46,Distortion Guitar _ 1
118.349069875,0.0078125,40,123,ZOMBIE                          Words and music by Dolores ORiordan,15455,1,Drum Kit _ 1
118.349069875,0.0078125,49,71,ZOMBIE                          Words and music by Dolores ORiordan,15455,1,Drum Kit _ 1
117.989694875,0.3671875,55,127,ZOMBIE                          Words and music by Dolores ORiordan,15409,47,Distortion Guitar _ 1
118.333444875,0.1953125,81,98,ZOMBIE                          Words and music by Dolores ORiordan,15453,25,Shakuhachi _ 1
118.364694875,0.234375,30,101,ZOMBIE                          Words and music by Dolores ORiordan,15457,30,Electric Bass (finger) _ 1
118.349069875,0.3671875,64,63,ZOMBIE                          Words and music by Dolores ORiordan,15455,47,Electric Guitar (clean) _ 1
118.356882375,0.359375,42,127,ZOMBIE                          Words and music by Dolores ORiordan,15456,46,Distortion Guitar _ 1
118.356882375,0.3671875,69,98,ZOMBIE                          Words and music by Dolores ORiordan,15456,47,Flute _ 1
118.349069875,0.375,59,65,ZOMBIE                          Words and music by Dolores ORiordan,15455,48,Electric Guitar (clean) _ 1
118.724069875,0.0078125,40,127,ZOMBIE                          Words and music by Dolores ORiordan,15503,1,Drum Kit _ 1
118.724069875,0.0078125,52,77,ZOMBIE                          Words and music by Dolores ORiordan,15503,1,Drum Kit _ 1
118.356882375,0.375,50,127,ZOMBIE                          Words and music by Dolores ORiordan,15456,48,Distortion Guitar _ 1
118.724069875,0.0078125,42,120,ZOMBIE                          Words and music by Dolores ORiordan,15503,1,Distortion Guitar _ 1
117.989694875,0.7421875,45,127,ZOMBIE                          Words and music by Dolores ORiordan,15409,95,Distortion Guitar _ 1
118.364694875,0.3671875,55,127,ZOMBIE                          Words and music by Dolores ORiordan,15457,47,Distortion Guitar _ 1
118.724069875,0.1796875,64,62,ZOMBIE                          Words and music by Dolores ORiordan,15503,23,Electric Guitar (clean) _ 1
118.731882375,0.1796875,59,64,ZOMBIE                          Words and music by Dolores ORiordan,15504,23,Electric Guitar (clean) _ 1
118.739694875,0.1796875,55,127,ZOMBIE                          Words and music by Dolores ORiordan,15505,23,Distortion Guitar _ 1
118.739694875,0.2265625,30,93,ZOMBIE                          Words and music by Dolores ORiordan,15505,29,Electric Bass (finger) _ 1
118.716257375,0.375,78,88,ZOMBIE                          Words and music by Dolores ORiordan,15502,48,Shakuhachi _ 1
118.731882375,0.3671875,66,88,ZOMBIE                          Words and music by Dolores ORiordan,15504,47,Flute _ 1
118.739694875,0.359375,50,127,ZOMBIE                          Words and music by Dolores ORiordan,15505,46,Distortion Guitar _ 1
119.099069875,0.0078125,36,112,ZOMBIE                          Words and music by Dolores ORiordan,15551,1,Drum Kit _ 1
119.099069875,0.0078125,46,90,ZOMBIE                          Words and music by Dolores ORiordan,15551,1,Drum Kit _ 1
118.739694875,0.3671875,45,127,ZOMBIE                          Words and music by Dolores ORiordan,15505,47,Distortion Guitar _ 1
118.739694875,0.3671875,42,127,ZOMBIE                          Words and music by Dolores ORiordan,15505,47,Distortion Guitar _ 1
119.106882375,0.0078125,50,79,ZOMBIE                          Words and music by Dolores ORiordan,15552,1,Distortion Guitar _ 1
118.919382375,0.359375,59,65,ZOMBIE                          Words and music by Dolores ORiordan,15528,46,Electric Guitar (clean) _ 1
118.911569875,0.3671875,64,64,ZOMBIE                          Words and music by Dolores ORiordan,15527,47,Electric Guitar (clean) _ 1
119.091257375,0.203125,81,104,ZOMBIE                          Words and music by Dolores ORiordan,15550,26,Shakuhachi _ 1
119.106882375,0.359375,30,107,ZOMBIE                          Words and music by Dolores ORiordan,15552,46,Electric Bass (finger) _ 1
119.114694875,0.3515625,42,127,ZOMBIE                          Words and music by Dolores ORiordan,15553,45,Distortion Guitar _ 1
119.106882375,0.3671875,69,104,ZOMBIE                          Words and music by Dolores ORiordan,15552,47,Flute _ 1
119.122507375,0.3515625,50,118,ZOMBIE                          Words and music by Dolores ORiordan,15554,45,Distortion Guitar _ 1
119.474069875,0.0078125,40,127,ZOMBIE                          Words and music by Dolores ORiordan,15599,1,Drum Kit _ 1
119.286569875,0.1953125,64,65,ZOMBIE                          Words and music by Dolores ORiordan,15575,25,Electric Guitar (clean) _ 1
119.122507375,0.359375,55,126,ZOMBIE                          Words and music by Dolores ORiordan,15554,46,Distortion Guitar _ 1
119.489694875,0.0078125,46,90,ZOMBIE                          Words and music by Dolores ORiordan,15601,1,Drum Kit _ 1
119.466257375,0.375,78,92,ZOMBIE                          Words and music by Dolores ORiordan,15598,48,Shakuhachi _ 1
119.474069875,0.3671875,31,98,ZOMBIE                          Words and music by Dolores ORiordan,15599,47,Electric Bass (finger) _ 1
119.474069875,0.3671875,43,127,ZOMBIE                          Words and music by Dolores ORiordan,15599,47,Distortion Guitar _ 1
119.481882375,0.3671875,66,92,ZOMBIE                          Words and music by Dolores ORiordan,15600,47,Flute _ 1
119.849069875,0.0078125,40,87,ZOMBIE                          Words and music by Dolores ORiordan,15647,1,Drum Kit _ 1
119.849069875,0.0078125,46,97,ZOMBIE                          Words and music by Dolores ORiordan,15647,1,Drum Kit _ 1
119.489694875,0.3671875,64,65,ZOMBIE                          Words and music by Dolores ORiordan,15601,47,Electric Guitar (clean) _ 1
119.481882375,0.375,50,127,ZOMBIE                          Words and music by Dolores ORiordan,15600,48,Distortion Guitar _ 1
119.114694875,0.75,45,127,ZOMBIE                          Words and music by Dolores ORiordan,15553,96,Distortion Guitar _ 1
119.841257375,0.171875,81,104,ZOMBIE                          Words and music by Dolores ORiordan,15646,22,Shakuhachi _ 1
119.864694875,0.1640625,64,64,ZOMBIE                          Words and music by Dolores ORiordan,15649,21,Electric Guitar (clean) _ 1
119.286569875,0.75,59,65,ZOMBIE                          Words and music by Dolores ORiordan,15575,96,Electric Guitar (clean) _ 1
120.036569875,0.0078125,40,125,ZOMBIE                          Words and music by Dolores ORiordan,15671,1,Drum Kit _ 1
119.849069875,0.3671875,30,114,ZOMBIE                          Words and music by Dolores ORiordan,15647,47,Electric Bass (finger) _ 1
119.856882375,0.3671875,69,104,ZOMBIE                          Words and music by Dolores ORiordan,15648,47,Flute _ 1
120.224069875,0.0078125,44,89,ZOMBIE                          Words and music by Dolores ORiordan,15695,1,Drum Kit _ 1
120.224069875,0.0078125,43,114,ZOMBIE                          Words and music by Dolores ORiordan,15695,1,Drum Kit _ 1
120.044382375,0.1875,59,64,ZOMBIE                          Words and music by Dolores ORiordan,15672,24,Electric Guitar (clean) _ 1
120.036569875,0.1953125,64,63,ZOMBIE                          Words and music by Dolores ORiordan,15671,25,Electric Guitar (clean) _ 1
119.872507375,0.359375,45,127,ZOMBIE                          Words and music by Dolores ORiordan,15650,46,Distortion Guitar _ 1
119.864694875,0.3671875,50,127,ZOMBIE                          Words and music by Dolores ORiordan,15649,47,Distortion Guitar _ 1
119.849069875,0.40625,42,127,ZOMBIE                          Words and music by Dolores ORiordan,15647,52,Distortion Guitar _ 1
120.411569875,0.0078125,44,76,ZOMBIE                          Words and music by Dolores ORiordan,15719,1,Drum Kit _ 1
120.239694875,0.1796875,43,127,ZOMBIE                          Words and music by Dolores ORiordan,15697,23,Distortion Guitar _ 1
120.224069875,0.3359375,76,100,ZOMBIE                          Words and music by Dolores ORiordan,15695,43,Shakuhachi _ 1
120.239694875,0.3359375,50,109,ZOMBIE                          Words and music by Dolores ORiordan,15697,43,Distortion Guitar _ 1
120.239694875,0.34375,59,65,ZOMBIE                          Words and music by Dolores ORiordan,15697,44,Electric Guitar (clean) _ 1
120.224069875,0.3671875,31,111,ZOMBIE                          Words and music by Dolores ORiordan,15695,47,Electric Bass (finger) _ 1
120.239694875,0.359375,64,64,ZOMBIE                          Words and music by Dolores ORiordan,15697,46,Electric Guitar (clean) _ 1
120.239694875,0.359375,45,127,ZOMBIE                          Words and music by Dolores ORiordan,15697,46,Distortion Guitar _ 1
120.599069875,0.0078125,36,115,ZOMBIE                          Words and music by Dolores ORiordan,15743,1,Drum Kit _ 1
120.599069875,0.0078125,57,68,ZOMBIE                          Words and music by Dolores ORiordan,15743,1,Drum Kit _ 1
119.489694875,1.1484375,55,118,ZOMBIE                          Words and music by Dolores ORiordan,15601,147,Distortion Guitar _ 1
120.599069875,0.234375,79,101,ZOMBIE                          Words and music by Dolores ORiordan,15743,30,Shakuhachi _ 1
120.606882375,0.2578125,28,109,ZOMBIE                          Words and music by Dolores ORiordan,15744,33,Electric Bass (finger) _ 1
120.599069875,0.328125,52,127,ZOMBIE                          Words and music by Dolores ORiordan,15743,42,Distortion Guitar _ 1
120.606882375,0.359375,64,66,ZOMBIE                          Words and music by Dolores ORiordan,15744,46,Electric Guitar (clean) _ 1
120.591257375,0.375,59,66,ZOMBIE                          Words and music by Dolores ORiordan,15742,48,Electric Guitar (clean) _ 1
120.606882375,0.359375,47,127,ZOMBIE                          Words and music by Dolores ORiordan,15744,46,Distortion Guitar _ 1
120.599069875,0.3671875,40,127,ZOMBIE                          Words and music by Dolores ORiordan,15743,47,Distortion Guitar _ 1
120.606882375,0.3671875,67,101,ZOMBIE                          Words and music by Dolores ORiordan,15744,47,Flute _ 1
120.974069875,0.0078125,36,112,ZOMBIE                          Words and music by Dolores ORiordan,15791,1,Drum Kit _ 1
120.974069875,0.0078125,46,89,ZOMBIE                          Words and music by Dolores ORiordan,15791,1,Drum Kit _ 1
120.974069875,0.2265625,28,99,ZOMBIE                          Words and music by Dolores ORiordan,15791,29,Electric Bass (finger) _ 1
120.989694875,0.34375,47,125,ZOMBIE                          Words and music by Dolores ORiordan,15793,44,Distortion Guitar _ 1
120.974069875,0.375,59,64,ZOMBIE                          Words and music by Dolores ORiordan,15791,48,Electric Guitar (clean) _ 1
120.974069875,0.375,64,62,ZOMBIE                          Words and music by Dolores ORiordan,15791,48,Electric Guitar (clean) _ 1
121.349069875,0.0078125,46,90,ZOMBIE                          Words and music by Dolores ORiordan,15839,1,Drum Kit _ 1
120.974069875,0.3984375,40,127,ZOMBIE                          Words and music by Dolores ORiordan,15791,51,Distortion Guitar _ 1
121.364694875,0.21875,28,110,ZOMBIE                          Words and music by Dolores ORiordan,15841,28,Electric Bass (finger) _ 1
120.974069875,0.6328125,79,107,ZOMBIE                          Words and music by Dolores ORiordan,15791,81,Shakuhachi _ 1
120.974069875,0.734375,52,107,ZOMBIE                          Words and music by Dolores ORiordan,15791,94,Distortion Guitar _ 1
121.341257375,0.375,47,127,ZOMBIE                          Words and music by Dolores ORiordan,15838,48,Distortion Guitar _ 1
120.981882375,0.7421875,67,107,ZOMBIE                          Words and music by Dolores ORiordan,15792,95,Flute _ 1
121.356882375,0.3671875,59,65,ZOMBIE                          Words and music by Dolores ORiordan,15840,47,Electric Guitar (clean) _ 1
121.724069875,0.0078125,36,111,ZOMBIE                          Words and music by Dolores ORiordan,15887,1,Drum Kit _ 1
121.356882375,0.375,64,65,ZOMBIE                          Words and music by Dolores ORiordan,15840,48,Electric Guitar (clean) _ 1
121.731882375,0.0078125,46,88,ZOMBIE                          Words and music by Dolores ORiordan,15888,1,Drum Kit _ 1
121.739694875,0.1640625,64,65,ZOMBIE                          Words and music by Dolores ORiordan,15889,21,Electric Guitar (clean) _ 1
121.731882375,0.171875,59,65,ZOMBIE                          Words and music by Dolores ORiordan,15888,22,Electric Guitar (clean) _ 1
121.911569875,0.0078125,55,69,ZOMBIE                          Words and music by Dolores ORiordan,15911,1,Drum Kit _ 1
121.724069875,0.203125,28,91,ZOMBIE                          Words and music by Dolores ORiordan,15887,26,Electric Bass (finger) _ 1
121.716257375,0.3671875,40,127,ZOMBIE                          Words and music by Dolores ORiordan,15886,47,Distortion Guitar _ 1
121.716257375,0.3671875,52,85,ZOMBIE                          Words and music by Dolores ORiordan,15886,47,Distortion Guitar _ 1
122.099069875,0.0078125,36,112,ZOMBIE                          Words and music by Dolores ORiordan,15935,1,Drum Kit _ 1
122.114694875,0.0078125,46,73,ZOMBIE                          Words and music by Dolores ORiordan,15937,1,Drum Kit _ 1
121.911569875,0.3671875,59,65,ZOMBIE                          Words and music by Dolores ORiordan,15911,47,Electric Guitar (clean) _ 1
121.911569875,0.3671875,64,65,ZOMBIE                          Words and music by Dolores ORiordan,15911,47,Electric Guitar (clean) _ 1
122.099069875,0.234375,28,112,ZOMBIE                          Words and music by Dolores ORiordan,15935,30,Electric Bass (finger) _ 1
121.724069875,0.640625,78,109,ZOMBIE                          Words and music by Dolores ORiordan,15887,82,Shakuhachi _ 1
122.286569875,0.1796875,64,65,ZOMBIE                          Words and music by Dolores ORiordan,15959,23,Electric Guitar (clean) _ 1
122.091257375,0.375,52,127,ZOMBIE                          Words and music by Dolores ORiordan,15934,48,Distortion Guitar _ 1
122.091257375,0.375,40,127,ZOMBIE                          Words and music by Dolores ORiordan,15934,48,Distortion Guitar _ 1
121.731882375,0.7421875,66,109,ZOMBIE                          Words and music by Dolores ORiordan,15888,95,Flute _ 1
122.474069875,0.0078125,36,110,ZOMBIE                          Words and music by Dolores ORiordan,15983,1,Drum Kit _ 1
121.724069875,0.7578125,47,127,ZOMBIE                          Words and music by Dolores ORiordan,15887,97,Distortion Guitar _ 1
122.481882375,0.0078125,46,89,ZOMBIE                          Words and music by Dolores ORiordan,15984,1,Drum Kit _ 1
122.474069875,0.3671875,28,107,ZOMBIE                          Words and music by Dolores ORiordan,15983,47,Electric Bass (finger) _ 1
122.474069875,0.3671875,40,127,ZOMBIE                          Words and music by Dolores ORiordan,15983,47,Distortion Guitar _ 1
122.849069875,0.0078125,40,127,ZOMBIE                          Words and music by Dolores ORiordan,16031,1,Drum Kit _ 1
122.849069875,0.0078125,46,89,ZOMBIE                          Words and music by Dolores ORiordan,16031,1,Drum Kit _ 1
122.489694875,0.3671875,47,127,ZOMBIE                          Words and music by Dolores ORiordan,15985,47,Distortion Guitar _ 1
122.474069875,0.5546875,64,62,ZOMBIE                          Words and music by Dolores ORiordan,15983,71,Electric Guitar (clean) _ 1
122.286569875,0.7421875,59,64,ZOMBIE                          Words and music by Dolores ORiordan,15959,95,Electric Guitar (clean) _ 1
122.474069875,0.71875,71,95,ZOMBIE                          Words and music by Dolores ORiordan,15983,92,Shakuhachi _ 1
122.849069875,0.3671875,31,103,ZOMBIE                          Words and music by Dolores ORiordan,16031,47,Electric Bass (finger) _ 1
123.036569875,0.1796875,64,65,ZOMBIE                          Words and music by Dolores ORiordan,16055,23,Electric Guitar (clean) _ 1
122.864694875,0.3515625,43,127,ZOMBIE                          Words and music by Dolores ORiordan,16033,45,Distortion Guitar _ 1
122.864694875,0.3515625,47,127,ZOMBIE                          Words and music by Dolores ORiordan,16033,45,Distortion Guitar _ 1
122.474069875,0.7421875,52,127,ZOMBIE                          Words and music by Dolores ORiordan,15983,95,Distortion Guitar _ 1
123.036569875,0.1875,59,66,ZOMBIE                          Words and music by Dolores ORiordan,16055,24,Electric Guitar (clean) _ 1
123.224069875,0.0078125,36,110,ZOMBIE                          Words and music by Dolores ORiordan,16079,1,Drum Kit _ 1
123.224069875,0.0078125,46,82,ZOMBIE                          Words and music by Dolores ORiordan,16079,1,Drum Kit _ 1
123.224069875,0.1875,52,127,ZOMBIE                          Words and music by Dolores ORiordan,16079,24,Distortion Guitar _ 1
123.411569875,0.0078125,55,70,ZOMBIE                          Words and music by Dolores ORiordan,16103,1,Drum Kit _ 1
123.224069875,0.203125,47,127,ZOMBIE                          Words and music by Dolores ORiordan,16079,26,Distortion Guitar _ 1
123.224069875,0.3515625,40,127,ZOMBIE                          Words and music by Dolores ORiordan,16079,45,Distortion Guitar _ 1
123.224069875,0.3671875,28,96,ZOMBIE                          Words and music by Dolores ORiordan,16079,47,Electric Bass (finger) _ 1
123.224069875,0.3671875,64,65,ZOMBIE                          Words and music by Dolores ORiordan,16079,47,Electric Guitar (clean) _ 1
123.599069875,0.0078125,36,115,ZOMBIE                          Words and music by Dolores ORiordan,16127,1,Drum Kit _ 1
123.599069875,0.0078125,46,94,ZOMBIE                          Words and music by Dolores ORiordan,16127,1,Drum Kit _ 1
123.216257375,0.703125,72,101,ZOMBIE                          Words and music by Dolores ORiordan,16078,90,Shakuhachi _ 1
123.599069875,0.359375,48,127,ZOMBIE                          Words and music by Dolores ORiordan,16127,46,Distortion Guitar _ 1
123.599069875,0.3671875,64,65,ZOMBIE                          Words and music by Dolores ORiordan,16127,47,Electric Guitar (clean) _ 1
123.591257375,0.375,59,65,ZOMBIE                          Words and music by Dolores ORiordan,16126,48,Electric Guitar (clean) _ 1
123.606882375,0.359375,55,127,ZOMBIE                          Words and music by Dolores ORiordan,16128,46,Distortion Guitar _ 1
123.599069875,0.3671875,52,127,ZOMBIE                          Words and music by Dolores ORiordan,16127,47,Distortion Guitar _ 1
123.231882375,0.7421875,60,101,ZOMBIE                          Words and music by Dolores ORiordan,16080,95,Flute _ 1
123.974069875,0.0078125,46,82,ZOMBIE                          Words and music by Dolores ORiordan,16175,1,Drum Kit _ 1
123.974069875,0.25,36,95,ZOMBIE                          Words and music by Dolores ORiordan,16175,32,Electric Bass (finger) _ 1
123.974069875,0.3515625,52,127,ZOMBIE                          Words and music by Dolores ORiordan,16175,45,Distortion Guitar _ 1
123.974069875,0.359375,48,127,ZOMBIE                          Words and music by Dolores ORiordan,16175,46,Distortion Guitar _ 1
123.974069875,0.3671875,64,65,ZOMBIE                          Words and music by Dolores ORiordan,16175,47,Electric Guitar (clean) _ 1
123.974069875,0.3671875,59,66,ZOMBIE                          Words and music by Dolores ORiordan,16175,47,Electric Guitar (clean) _ 1
123.981882375,0.359375,55,127,ZOMBIE                          Words and music by Dolores ORiordan,16176,46,Distortion Guitar _ 1
124.349069875,0.0078125,46,93,ZOMBIE                          Words and music by Dolores ORiordan,16223,1,Drum Kit _ 1
124.356882375,0.0078125,40,127,ZOMBIE                          Words and music by Dolores ORiordan,16224,1,Drum Kit _ 1
123.966257375,0.59375,79,98,ZOMBIE                          Words and music by Dolores ORiordan,16174,76,Shakuhachi _ 1
124.349069875,0.2578125,36,107,ZOMBIE                          Words and music by Dolores ORiordan,16223,33,Electric Bass (finger) _ 1
124.341257375,0.359375,52,127,ZOMBIE                          Words and music by Dolores ORiordan,16222,46,Distortion Guitar _ 1
124.341257375,0.359375,48,127,ZOMBIE                          Words and music by Dolores ORiordan,16222,46,Distortion Guitar _ 1
124.349069875,0.3671875,64,65,ZOMBIE                          Words and music by Dolores ORiordan,16223,47,Electric Guitar (clean) _ 1
124.349069875,0.3671875,59,66,ZOMBIE                          Words and music by Dolores ORiordan,16223,47,Electric Guitar (clean) _ 1
124.349069875,0.3671875,55,127,ZOMBIE                          Words and music by Dolores ORiordan,16223,47,Distortion Guitar _ 1
123.981882375,0.7421875,67,98,ZOMBIE                          Words and music by Dolores ORiordan,16176,95,Flute _ 1
124.724069875,0.0078125,36,105,ZOMBIE                          Words and music by Dolores ORiordan,16271,1,Drum Kit _ 1
124.724069875,0.0078125,46,78,ZOMBIE                          Words and music by Dolores ORiordan,16271,1,Drum Kit _ 1
124.724069875,0.15625,64,64,ZOMBIE                          Words and music by Dolores ORiordan,16271,20,Electric Guitar (clean) _ 1
124.724069875,0.1796875,59,65,ZOMBIE                          Words and music by Dolores ORiordan,16271,23,Electric Guitar (clean) _ 1
124.724069875,0.1953125,55,127,ZOMBIE                          Words and music by Dolores ORiordan,16271,25,Distortion Guitar _ 1
124.919382375,0.0078125,40,96,ZOMBIE                          Words and music by Dolores ORiordan,16296,1,Drum Kit _ 1
124.708444875,0.3671875,48,127,ZOMBIE                          Words and music by Dolores ORiordan,16269,47,Distortion Guitar _ 1
124.708444875,0.375,52,108,ZOMBIE                          Words and music by Dolores ORiordan,16269,48,Distortion Guitar _ 1
125.099069875,0.0078125,36,110,ZOMBIE                          Words and music by Dolores ORiordan,16319,1,Drum Kit _ 1
125.099069875,0.0078125,46,80,ZOMBIE                          Words and music by Dolores ORiordan,16319,1,Drum Kit _ 1
124.911569875,0.3671875,59,65,ZOMBIE                          Words and music by Dolores ORiordan,16295,47,Electric Guitar (clean) _ 1
124.911569875,0.3671875,64,65,ZOMBIE                          Words and music by Dolores ORiordan,16295,47,Electric Guitar (clean) _ 1
125.302194875,0.0078125,40,120,ZOMBIE                          Words and music by Dolores ORiordan,16345,1,Drum Kit _ 1
124.716257375,0.6640625,78,98,ZOMBIE                          Words and music by Dolores ORiordan,16270,85,Shakuhachi _ 1
125.091257375,0.3671875,52,124,ZOMBIE                          Words and music by Dolores ORiordan,16318,47,Distortion Guitar _ 1
125.286569875,0.1796875,59,65,ZOMBIE                          Words and music by Dolores ORiordan,16343,23,Electric Guitar (clean) _ 1
125.099069875,0.3671875,55,127,ZOMBIE                          Words and music by Dolores ORiordan,16319,47,Distortion Guitar _ 1
124.731882375,0.7421875,66,98,ZOMBIE                          Words and music by Dolores ORiordan,16272,95,Flute _ 1
125.286569875,0.1875,64,65,ZOMBIE                          Words and music by Dolores ORiordan,16343,24,Electric Guitar (clean) _ 1
125.474069875,0.0078125,36,106,ZOMBIE                          Words and music by Dolores ORiordan,16367,1,Drum Kit _ 1
125.481882375,0.0078125,46,94,ZOMBIE                          Words and music by Dolores ORiordan,16368,1,Drum Kit _ 1
125.466257375,0.3671875,52,127,ZOMBIE                          Words and music by Dolores ORiordan,16366,47,Distortion Guitar _ 1
125.474069875,0.3671875,59,65,ZOMBIE                          Words and music by Dolores ORiordan,16367,47,Electric Guitar (clean) _ 1
125.481882375,0.3671875,64,65,ZOMBIE                          Words and music by Dolores ORiordan,16368,47,Electric Guitar (clean) _ 1
125.474069875,0.3828125,55,127,ZOMBIE                          Words and music by Dolores ORiordan,16367,49,Distortion Guitar _ 1
125.856882375,0.0078125,46,92,ZOMBIE                          Words and music by Dolores ORiordan,16416,1,Drum Kit _ 1
125.864694875,0.0078125,40,127,ZOMBIE                          Words and music by Dolores ORiordan,16417,1,Drum Kit _ 1
125.083444875,0.796875,48,127,ZOMBIE                          Words and music by Dolores ORiordan,16317,102,Distortion Guitar _ 1
125.474069875,0.546875,72,97,ZOMBIE                          Words and music by Dolores ORiordan,16367,70,Shakuhachi _ 1
125.856882375,0.171875,64,65,ZOMBIE                          Words and music by Dolores ORiordan,16416,22,Electric Guitar (clean) _ 1
125.849069875,0.1953125,59,65,ZOMBIE                          Words and music by Dolores ORiordan,16415,25,Electric Guitar (clean) _ 1
125.849069875,0.359375,38,107,ZOMBIE                          Words and music by Dolores ORiordan,16415,46,Electric Bass (finger) _ 1
125.849069875,0.3671875,52,127,ZOMBIE                          Words and music by Dolores ORiordan,16415,47,Distortion Guitar _ 1
125.481882375,0.7421875,60,97,ZOMBIE                          Words and music by Dolores ORiordan,16368,95,Flute _ 1
125.833444875,0.390625,50,123,ZOMBIE                          Words and music by Dolores ORiordan,16413,50,Distortion Guitar _ 1
126.224069875,0.0078125,52,86,ZOMBIE                          Words and music by Dolores ORiordan,16463,1,Drum Kit _ 1
126.052194875,0.1796875,59,64,ZOMBIE                          Words and music by Dolores ORiordan,16441,23,Electric Guitar (clean) _ 1
126.036569875,0.1953125,64,63,ZOMBIE                          Words and music by Dolores ORiordan,16439,25,Electric Guitar (clean) _ 1
126.239694875,0.0078125,40,127,ZOMBIE                          Words and music by Dolores ORiordan,16465,1,Drum Kit _ 1
125.864694875,0.5546875,55,127,ZOMBIE                          Words and music by Dolores ORiordan,16417,71,Distortion Guitar _ 1
126.224069875,0.2265625,48,127,ZOMBIE                          Words and music by Dolores ORiordan,16463,29,Distortion Guitar _ 1
126.216257375,0.375,36,103,ZOMBIE                          Words and music by Dolores ORiordan,16462,48,Electric Bass (finger) _ 1
126.239694875,0.359375,64,64,ZOMBIE                          Words and music by Dolores ORiordan,16465,46,Electric Guitar (clean) _ 1
126.599069875,0.0078125,36,116,ZOMBIE                          Words and music by Dolores ORiordan,16511,1,Drum Kit _ 1
126.599069875,0.0078125,46,94,ZOMBIE                          Words and music by Dolores ORiordan,16511,1,Drum Kit _ 1
126.239694875,0.3671875,59,66,ZOMBIE                          Words and music by Dolores ORiordan,16465,47,Electric Guitar (clean) _ 1
126.599069875,0.2265625,31,109,ZOMBIE                          Words and music by Dolores ORiordan,16511,29,Electric Bass (finger) _ 1
126.216257375,0.625,71,99,ZOMBIE                          Words and music by Dolores ORiordan,16462,80,Shakuhachi _ 1
126.614694875,0.3515625,50,117,ZOMBIE                          Words and music by Dolores ORiordan,16513,45,Distortion Guitar _ 1
126.599069875,0.3671875,43,127,ZOMBIE                          Words and music by Dolores ORiordan,16511,47,Distortion Guitar _ 1
126.614694875,0.359375,59,66,ZOMBIE                          Words and music by Dolores ORiordan,16513,46,Electric Guitar (clean) _ 1
126.974069875,0.0078125,36,112,ZOMBIE                          Words and music by Dolores ORiordan,16559,1,Drum Kit _ 1
126.981882375,0.0078125,46,88,ZOMBIE                          Words and music by Dolores ORiordan,16560,1,Drum Kit _ 1
126.606882375,0.3828125,64,62,ZOMBIE                          Words and music by Dolores ORiordan,16512,49,Electric Guitar (clean) _ 1
126.614694875,0.375,47,127,ZOMBIE                          Words and music by Dolores ORiordan,16513,48,Distortion Guitar _ 1
126.974069875,0.21875,31,101,ZOMBIE                          Words and music by Dolores ORiordan,16559,28,Electric Bass (finger) _ 1
126.997507375,0.34375,59,65,ZOMBIE                          Words and music by Dolores ORiordan,16562,44,Electric Guitar (clean) _ 1
126.997507375,0.3515625,64,63,ZOMBIE                          Words and music by Dolores ORiordan,16562,45,Electric Guitar (clean) _ 1
127.349069875,0.0078125,40,121,ZOMBIE                          Words and music by Dolores ORiordan,16607,1,Drum Kit _ 1
127.349069875,0.0078125,46,86,ZOMBIE                          Words and music by Dolores ORiordan,16607,1,Drum Kit _ 1
126.997507375,0.359375,47,127,ZOMBIE                          Words and music by Dolores ORiordan,16562,46,Distortion Guitar _ 1
126.974069875,0.390625,43,127,ZOMBIE                          Words and music by Dolores ORiordan,16559,50,Distortion Guitar _ 1
126.974069875,0.578125,79,96,ZOMBIE                          Words and music by Dolores ORiordan,16559,74,Shakuhachi _ 1
127.349069875,0.2890625,31,111,ZOMBIE                          Words and music by Dolores ORiordan,16607,37,Electric Bass (finger) _ 1
126.981882375,0.7421875,67,96,ZOMBIE                          Words and music by Dolores ORiordan,16560,95,Flute _ 1
127.356882375,0.3671875,64,62,ZOMBIE                          Words and music by Dolores ORiordan,16608,47,Electric Guitar (clean) _ 1
127.349069875,0.375,59,65,ZOMBIE                          Words and music by Dolores ORiordan,16607,48,Electric Guitar (clean) _ 1
127.724069875,0.0078125,36,108,ZOMBIE                          Words and music by Dolores ORiordan,16655,1,Drum Kit _ 1
127.724069875,0.0078125,46,83,ZOMBIE                          Words and music by Dolores ORiordan,16655,1,Drum Kit _ 1
127.372507375,0.359375,43,127,ZOMBIE                          Words and music by Dolores ORiordan,16610,46,Distortion Guitar _ 1
127.364694875,0.375,47,127,ZOMBIE                          Words and music by Dolores ORiordan,16609,48,Distortion Guitar _ 1
127.731882375,0.1640625,64,62,ZOMBIE                          Words and music by Dolores ORiordan,16656,21,Electric Guitar (clean) _ 1
127.731882375,0.171875,59,63,ZOMBIE                          Words and music by Dolores ORiordan,16656,22,Electric Guitar (clean) _ 1
127.911569875,0.0078125,55,76,ZOMBIE                          Words and music by Dolores ORiordan,16679,1,Drum Kit _ 1
127.731882375,0.2421875,31,93,ZOMBIE                          Words and music by Dolores ORiordan,16656,31,Electric Bass (finger) _ 1
127.747507375,0.34375,47,127,ZOMBIE                          Words and music by Dolores ORiordan,16658,44,Distortion Guitar _ 1
126.974069875,1.125,50,127,ZOMBIE                          Words and music by Dolores ORiordan,16559,144,Distortion Guitar _ 1
128.099069875,0.0078125,36,111,ZOMBIE                          Words and music by Dolores ORiordan,16703,1,Drum Kit _ 1
128.099069875,0.0078125,46,92,ZOMBIE                          Words and music by Dolores ORiordan,16703,1,Drum Kit _ 1
127.903757375,0.3671875,64,65,ZOMBIE                          Words and music by Dolores ORiordan,16678,47,Electric Guitar (clean) _ 1
127.911569875,0.3671875,59,65,ZOMBIE                          Words and music by Dolores ORiordan,16679,47,Electric Guitar (clean) _ 1
128.099069875,0.2734375,31,106,ZOMBIE                          Words and music by Dolores ORiordan,16703,35,Electric Bass (finger) _ 1
127.716257375,0.671875,78,88,ZOMBIE                          Words and music by Dolores ORiordan,16654,86,Shakuhachi _ 1
128.106882375,0.359375,47,127,ZOMBIE                          Words and music by Dolores ORiordan,16704,46,Distortion Guitar _ 1
128.106882375,0.359375,50,127,ZOMBIE                          Words and music by Dolores ORiordan,16704,46,Distortion Guitar _ 1
127.739694875,0.7265625,43,127,ZOMBIE                          Words and music by Dolores ORiordan,16657,93,Distortion Guitar _ 1
127.731882375,0.7421875,66,88,ZOMBIE                          Words and music by Dolores ORiordan,16656,95,Flute _ 1
128.286569875,0.1875,59,64,ZOMBIE                          Words and music by Dolores ORiordan,16727,24,Electric Guitar (clean) _ 1
128.474069875,0.0078125,36,107,ZOMBIE                          Words and music by Dolores ORiordan,16751,1,Drum Kit _ 1
128.474069875,0.0078125,46,82,ZOMBIE                          Words and music by Dolores ORiordan,16751,1,Drum Kit _ 1
128.278757375,0.203125,64,64,ZOMBIE                          Words and music by Dolores ORiordan,16726,26,Electric Guitar (clean) _ 1
128.481882375,0.2265625,31,93,ZOMBIE                          Words and music by Dolores ORiordan,16752,29,Electric Bass (finger) _ 1
128.849069875,0.0078125,40,121,ZOMBIE                          Words and music by Dolores ORiordan,16799,1,Drum Kit _ 1
128.849069875,0.0078125,49,77,ZOMBIE                          Words and music by Dolores ORiordan,16799,1,Drum Kit _ 1
128.474069875,0.3828125,47,127,ZOMBIE                          Words and music by Dolores ORiordan,16751,49,Distortion Guitar _ 1
128.474069875,0.3828125,50,127,ZOMBIE                          Words and music by Dolores ORiordan,16751,49,Distortion Guitar _ 1
128.474069875,0.40625,43,127,ZOMBIE                          Words and music by Dolores ORiordan,16751,52,Distortion Guitar _ 1
128.489694875,0.53125,64,65,ZOMBIE                          Words and music by Dolores ORiordan,16753,68,Electric Guitar (clean) _ 1
128.481882375,0.546875,59,88,ZOMBIE                          Words and music by Dolores ORiordan,16752,70,Flute _ 1
128.466257375,0.578125,71,88,ZOMBIE                          Words and music by Dolores ORiordan,16750,74,Shakuhachi _ 1
128.856882375,0.359375,33,110,ZOMBIE                          Words and music by Dolores ORiordan,16800,46,Electric Bass (finger) _ 1
128.864694875,0.3515625,45,127,ZOMBIE                          Words and music by Dolores ORiordan,16801,45,Distortion Guitar _ 1
129.036569875,0.1875,59,64,ZOMBIE                          Words and music by Dolores ORiordan,16823,24,Electric Guitar (clean) _ 1
129.028757375,0.1953125,64,64,ZOMBIE                          Words and music by Dolores ORiordan,16822,25,Electric Guitar (clean) _ 1
129.224069875,0.0078125,40,127,ZOMBIE                          Words and music by Dolores ORiordan,16847,1,Drum Kit _ 1
129.224069875,0.0078125,52,81,ZOMBIE                          Words and music by Dolores ORiordan,16847,1,Drum Kit _ 1
128.864694875,0.3671875,47,127,ZOMBIE                          Words and music by Dolores ORiordan,16801,47,Distortion Guitar _ 1
128.864694875,0.375,50,127,ZOMBIE                          Words and music by Dolores ORiordan,16801,48,Distortion Guitar _ 1
129.411569875,0.0078125,55,87,ZOMBIE                          Words and music by Dolores ORiordan,16871,1,Drum Kit _ 1
129.239694875,0.21875,47,127,ZOMBIE                          Words and music by Dolores ORiordan,16849,28,Distortion Guitar _ 1
129.224069875,0.2734375,31,103,ZOMBIE                          Words and music by Dolores ORiordan,16847,35,Electric Bass (finger) _ 1
129.239694875,0.2890625,43,123,ZOMBIE                          Words and music by Dolores ORiordan,16849,37,Distortion Guitar _ 1
129.247507375,0.34375,50,127,ZOMBIE                          Words and music by Dolores ORiordan,16850,44,Distortion Guitar _ 1
129.231882375,0.3671875,64,64,ZOMBIE                          Words and music by Dolores ORiordan,16848,47,Electric Guitar (clean) _ 1
129.599069875,0.0078125,36,115,ZOMBIE                          Words and music by Dolores ORiordan,16895,1,Drum Kit _ 1
129.599069875,0.0078125,46,86,ZOMBIE                          Words and music by Dolores ORiordan,16895,1,Drum Kit _ 1
129.216257375,0.59375,69,88,ZOMBIE                          Words and music by Dolores ORiordan,16846,76,Shakuhachi _ 1
129.599069875,0.2578125,30,110,ZOMBIE                          Words and music by Dolores ORiordan,16895,33,Electric Bass (finger) _ 1
129.599069875,0.359375,59,65,ZOMBIE                          Words and music by Dolores ORiordan,16895,46,Electric Guitar (clean) _ 1
129.606882375,0.359375,64,65,ZOMBIE                          Words and music by Dolores ORiordan,16896,46,Electric Guitar (clean) _ 1
129.591257375,0.375,42,127,ZOMBIE                          Words and music by Dolores ORiordan,16894,48,Distortion Guitar _ 1
129.231882375,0.7421875,57,88,ZOMBIE                          Words and music by Dolores ORiordan,16848,95,Flute _ 1
129.599069875,0.375,45,127,ZOMBIE                          Words and music by Dolores ORiordan,16895,48,Distortion Guitar _ 1
129.599069875,0.375,50,127,ZOMBIE                          Words and music by Dolores ORiordan,16895,48,Distortion Guitar _ 1
129.974069875,0.0078125,36,110,ZOMBIE                          Words and music by Dolores ORiordan,16943,1,Drum Kit _ 1
129.974069875,0.0078125,46,93,ZOMBIE                          Words and music by Dolores ORiordan,16943,1,Drum Kit _ 1
129.974069875,0.2578125,30,95,ZOMBIE                          Words and music by Dolores ORiordan,16943,33,Electric Bass (finger) _ 1
129.974069875,0.3671875,64,65,ZOMBIE                          Words and music by Dolores ORiordan,16943,47,Electric Guitar (clean) _ 1
129.966257375,0.375,59,64,ZOMBIE                          Words and music by Dolores ORiordan,16942,48,Electric Guitar (clean) _ 1
129.981882375,0.359375,50,127,ZOMBIE                          Words and music by Dolores ORiordan,16944,46,Distortion Guitar _ 1
130.349069875,0.0078125,40,123,ZOMBIE                          Words and music by Dolores ORiordan,16991,1,Drum Kit _ 1
130.349069875,0.0078125,49,71,ZOMBIE                          Words and music by Dolores ORiordan,16991,1,Drum Kit _ 1
129.981882375,0.5859375,79,101,ZOMBIE                          Words and music by Dolores ORiordan,16944,75,Shakuhachi _ 1
130.364694875,0.234375,30,101,ZOMBIE                          Words and music by Dolores ORiordan,16993,30,Electric Bass (finger) _ 1
130.349069875,0.3671875,64,63,ZOMBIE                          Words and music by Dolores ORiordan,16991,47,Electric Guitar (clean) _ 1
129.974069875,0.7421875,42,127,ZOMBIE                          Words and music by Dolores ORiordan,16943,95,Distortion Guitar _ 1
130.349069875,0.3671875,50,127,ZOMBIE                          Words and music by Dolores ORiordan,16991,47,Distortion Guitar _ 1
129.981882375,0.7421875,67,101,ZOMBIE                          Words and music by Dolores ORiordan,16944,95,Flute _ 1
130.349069875,0.375,59,65,ZOMBIE                          Words and music by Dolores ORiordan,16991,48,Electric Guitar (clean) _ 1
130.724069875,0.0078125,40,127,ZOMBIE                          Words and music by Dolores ORiordan,17039,1,Drum Kit _ 1
130.724069875,0.0078125,52,77,ZOMBIE                          Words and music by Dolores ORiordan,17039,1,Drum Kit _ 1
130.724069875,0.1796875,64,62,ZOMBIE                          Words and music by Dolores ORiordan,17039,23,Electric Guitar (clean) _ 1
130.731882375,0.1796875,59,64,ZOMBIE                          Words and music by Dolores ORiordan,17040,23,Electric Guitar (clean) _ 1
130.911569875,0.0078125,55,78,ZOMBIE                          Words and music by Dolores ORiordan,17063,1,Drum Kit _ 1
130.739694875,0.2265625,30,93,ZOMBIE                          Words and music by Dolores ORiordan,17041,29,Electric Bass (finger) _ 1
130.724069875,0.3671875,42,127,ZOMBIE                          Words and music by Dolores ORiordan,17039,47,Distortion Guitar _ 1
130.724069875,0.375,50,127,ZOMBIE                          Words and music by Dolores ORiordan,17039,48,Distortion Guitar _ 1
131.099069875,0.0078125,36,112,ZOMBIE                          Words and music by Dolores ORiordan,17087,1,Drum Kit _ 1
131.099069875,0.0078125,46,90,ZOMBIE                          Words and music by Dolores ORiordan,17087,1,Drum Kit _ 1
131.106882375,0.015625,50,127,ZOMBIE                          Words and music by Dolores ORiordan,17088,2,Distortion Guitar _ 1
130.919382375,0.359375,59,65,ZOMBIE                          Words and music by Dolores ORiordan,17064,46,Electric Guitar (clean) _ 1
130.911569875,0.3671875,64,64,ZOMBIE                          Words and music by Dolores ORiordan,17063,47,Electric Guitar (clean) _ 1
130.716257375,0.65625,78,94,ZOMBIE                          Words and music by Dolores ORiordan,17038,84,Shakuhachi _ 1
131.106882375,0.359375,30,107,ZOMBIE                          Words and music by Dolores ORiordan,17088,46,Electric Bass (finger) _ 1
131.099069875,0.3671875,45,127,ZOMBIE                          Words and music by Dolores ORiordan,17087,47,Distortion Guitar _ 1
131.099069875,0.3671875,42,126,ZOMBIE                          Words and music by Dolores ORiordan,17087,47,Distortion Guitar _ 1
130.731882375,0.7421875,66,94,ZOMBIE                          Words and music by Dolores ORiordan,17040,95,Flute _ 1
131.474069875,0.0078125,40,127,ZOMBIE                          Words and music by Dolores ORiordan,17135,1,Drum Kit _ 1
131.286569875,0.1953125,64,65,ZOMBIE                          Words and music by Dolores ORiordan,17111,25,Electric Guitar (clean) _ 1
131.489694875,0.0078125,46,90,ZOMBIE                          Words and music by Dolores ORiordan,17137,1,Drum Kit _ 1
131.474069875,0.359375,45,127,ZOMBIE                          Words and music by Dolores ORiordan,17135,46,Distortion Guitar _ 1
131.474069875,0.3671875,31,98,ZOMBIE                          Words and music by Dolores ORiordan,17135,47,Electric Bass (finger) _ 1
131.474069875,0.3671875,50,127,ZOMBIE                          Words and music by Dolores ORiordan,17135,47,Distortion Guitar _ 1
131.849069875,0.0078125,40,87,ZOMBIE                          Words and music by Dolores ORiordan,17183,1,Drum Kit _ 1
131.849069875,0.0078125,46,97,ZOMBIE                          Words and music by Dolores ORiordan,17183,1,Drum Kit _ 1
131.489694875,0.3671875,64,65,ZOMBIE                          Words and music by Dolores ORiordan,17137,47,Electric Guitar (clean) _ 1
131.474069875,0.3828125,43,127,ZOMBIE                          Words and music by Dolores ORiordan,17135,49,Distortion Guitar _ 1
131.466257375,0.5234375,69,95,ZOMBIE                          Words and music by Dolores ORiordan,17134,67,Shakuhachi _ 1
131.864694875,0.1640625,64,64,ZOMBIE                          Words and music by Dolores ORiordan,17185,21,Electric Guitar (clean) _ 1
131.286569875,0.75,59,65,ZOMBIE                          Words and music by Dolores ORiordan,17111,96,Electric Guitar (clean) _ 1
132.036569875,0.0078125,40,125,ZOMBIE                          Words and music by Dolores ORiordan,17207,1,Drum Kit _ 1
131.849069875,0.3671875,30,114,ZOMBIE                          Words and music by Dolores ORiordan,17183,47,Electric Bass (finger) _ 1
131.841257375,0.375,45,127,ZOMBIE                          Words and music by Dolores ORiordan,17182,48,Distortion Guitar _ 1
131.849069875,0.3671875,50,127,ZOMBIE                          Words and music by Dolores ORiordan,17183,47,Distortion Guitar _ 1
131.849069875,0.3671875,42,127,ZOMBIE                          Words and music by Dolores ORiordan,17183,47,Distortion Guitar _ 1
131.481882375,0.7421875,57,95,ZOMBIE                          Words and music by Dolores ORiordan,17136,95,Flute _ 1
132.224069875,0.0078125,44,89,ZOMBIE                          Words and music by Dolores ORiordan,17231,1,Drum Kit _ 1
132.224069875,0.0078125,43,114,ZOMBIE                          Words and music by Dolores ORiordan,17231,1,Drum Kit _ 1
132.044382375,0.1875,59,64,ZOMBIE                          Words and music by Dolores ORiordan,17208,24,Electric Guitar (clean) _ 1
132.036569875,0.1953125,64,63,ZOMBIE                          Words and music by Dolores ORiordan,17207,25,Electric Guitar (clean) _ 1
132.411569875,0.0078125,44,76,ZOMBIE                          Words and music by Dolores ORiordan,17255,1,Drum Kit _ 1
132.411569875,0.0078125,43,127,ZOMBIE                          Words and music by Dolores ORiordan,17255,1,Drum Kit _ 1
132.239694875,0.296875,59,65,ZOMBIE                          Words and music by Dolores ORiordan,17233,38,Electric Guitar (clean) _ 1
132.239694875,0.3203125,64,64,ZOMBIE                          Words and music by Dolores ORiordan,17233,41,Electric Guitar (clean) _ 1
132.224069875,0.34375,50,127,ZOMBIE                          Words and music by Dolores ORiordan,17231,44,Distortion Guitar _ 1
132.224069875,0.3515625,45,127,ZOMBIE                          Words and music by Dolores ORiordan,17231,45,Distortion Guitar _ 1
132.224069875,0.3671875,31,111,ZOMBIE                          Words and music by Dolores ORiordan,17231,47,Electric Bass (finger) _ 1
132.599069875,0.0078125,36,111,ZOMBIE                          Words and music by Dolores ORiordan,17279,1,Drum Kit _ 1
132.599069875,0.0078125,42,101,ZOMBIE                          Words and music by Dolores ORiordan,17279,1,Drum Kit _ 1
132.786569875,0.0078125,42,83,ZOMBIE                          Words and music by Dolores ORiordan,17303,1,Drum Kit _ 1
132.606882375,0.2109375,28,113,ZOMBIE                          Words and music by Dolores ORiordan,17280,27,Electric Bass (finger) _ 1
132.606882375,0.359375,64,88,ZOMBIE                          Words and music by Dolores ORiordan,17280,46,Clavinet _ 1
132.591257375,0.375,59,88,ZOMBIE                          Words and music by Dolores ORiordan,17278,48,Clavinet _ 1
132.583444875,0.3828125,55,88,ZOMBIE                          Words and music by Dolores ORiordan,17277,49,Clavinet _ 1
132.974069875,0.0078125,36,111,ZOMBIE                          Words and music by Dolores ORiordan,17327,1,Drum Kit _ 1
132.974069875,0.0078125,42,68,ZOMBIE                          Words and music by Dolores ORiordan,17327,1,Drum Kit _ 1
133.161569875,0.0078125,42,76,ZOMBIE                          Words and music by Dolores ORiordan,17351,1,Drum Kit _ 1
132.974069875,0.2421875,28,93,ZOMBIE                          Words and music by Dolores ORiordan,17327,31,Electric Bass (finger) _ 1
132.606882375,0.71875,40,127,ZOMBIE                          Words and music by Dolores ORiordan,17280,92,Distortion Guitar _ 1
132.974069875,0.3671875,55,87,ZOMBIE                          Words and music by Dolores ORiordan,17327,47,Clavinet _ 1
132.599069875,0.7421875,47,127,ZOMBIE                          Words and music by Dolores ORiordan,17279,95,Distortion Guitar _ 1
132.583444875,0.7578125,52,121,ZOMBIE                          Words and music by Dolores ORiordan,17277,97,Electric Guitar (muted) _ 1
132.974069875,0.375,59,86,ZOMBIE                          Words and music by Dolores ORiordan,17327,48,Clavinet _ 1
132.974069875,0.375,64,84,ZOMBIE                          Words and music by Dolores ORiordan,17327,48,Clavinet _ 1
133.349069875,0.0078125,42,109,ZOMBIE                          Words and music by Dolores ORiordan,17375,1,Drum Kit _ 1
133.349069875,0.0078125,43,114,ZOMBIE                          Words and music by Dolores ORiordan,17375,1,Drum Kit _ 1
133.536569875,0.0078125,42,66,ZOMBIE                          Words and music by Dolores ORiordan,17399,1,Drum Kit _ 1
133.349069875,0.2421875,28,106,ZOMBIE                          Words and music by Dolores ORiordan,17375,31,Electric Bass (finger) _ 1
133.349069875,0.3671875,55,87,ZOMBIE                          Words and music by Dolores ORiordan,17375,47,Clavinet _ 1
133.349069875,0.3671875,52,121,ZOMBIE                          Words and music by Dolores ORiordan,17375,47,Electric Guitar (muted) _ 1
133.356882375,0.3671875,59,87,ZOMBIE                          Words and music by Dolores ORiordan,17376,47,Clavinet _ 1
133.724069875,0.0078125,54,61,ZOMBIE                          Words and music by Dolores ORiordan,17423,1,Drum Kit _ 1
133.724069875,0.0078125,36,107,ZOMBIE                          Words and music by Dolores ORiordan,17423,1,Drum Kit _ 1
133.356882375,0.375,64,87,ZOMBIE                          Words and music by Dolores ORiordan,17376,48,Clavinet _ 1
133.739694875,0.1640625,64,87,ZOMBIE                          Words and music by Dolores ORiordan,17425,21,Clavinet _ 1
133.731882375,0.171875,59,87,ZOMBIE                          Words and music by Dolores ORiordan,17424,22,Clavinet _ 1
133.724069875,0.2734375,28,91,ZOMBIE                          Words and music by Dolores ORiordan,17423,35,Electric Bass (finger) _ 1
133.349069875,0.6875,47,121,ZOMBIE                          Words and music by Dolores ORiordan,17375,88,Electric Guitar (muted) _ 1
133.349069875,0.6953125,40,121,ZOMBIE                          Words and music by Dolores ORiordan,17375,89,Electric Guitar (muted) _ 1
133.724069875,0.3359375,52,88,ZOMBIE                          Words and music by Dolores ORiordan,17423,43,Electric Guitar (muted) _ 1
134.099069875,0.0078125,54,107,ZOMBIE                          Words and music by Dolores ORiordan,17471,1,Drum Kit _ 1
134.099069875,0.0078125,36,112,ZOMBIE                          Words and music by Dolores ORiordan,17471,1,Drum Kit _ 1
133.911569875,0.3671875,59,87,ZOMBIE                          Words and music by Dolores ORiordan,17447,47,Clavinet _ 1
133.911569875,0.3671875,64,87,ZOMBIE                          Words and music by Dolores ORiordan,17447,47,Clavinet _ 1
133.724069875,0.5625,55,87,ZOMBIE                          Words and music by Dolores ORiordan,17423,72,Clavinet _ 1
134.099069875,0.2578125,28,105,ZOMBIE                          Words and music by Dolores ORiordan,17471,33,Electric Bass (finger) _ 1
134.294382375,0.1640625,55,86,ZOMBIE                          Words and music by Dolores ORiordan,17496,21,Clavinet _ 1
134.091257375,0.3671875,47,102,ZOMBIE                          Words and music by Dolores ORiordan,17470,47,Electric Guitar (muted) _ 1
134.286569875,0.1796875,64,87,ZOMBIE                          Words and music by Dolores ORiordan,17495,23,Clavinet _ 1
134.091257375,0.375,40,112,ZOMBIE                          Words and music by Dolores ORiordan,17470,48,Electric Guitar (muted) _ 1
134.091257375,0.375,52,81,ZOMBIE                          Words and music by Dolores ORiordan,17470,48,Electric Guitar (muted) _ 1
134.474069875,0.0078125,54,68,ZOMBIE                          Words and music by Dolores ORiordan,17519,1,Drum Kit _ 1
134.474069875,0.0078125,36,110,ZOMBIE                          Words and music by Dolores ORiordan,17519,1,Drum Kit _ 1
134.661569875,0.0078125,42,77,ZOMBIE                          Words and music by Dolores ORiordan,17543,1,Drum Kit _ 1
134.474069875,0.2890625,28,89,ZOMBIE                          Words and music by Dolores ORiordan,17519,37,Electric Bass (finger) _ 1
134.474069875,0.3125,55,87,ZOMBIE                          Words and music by Dolores ORiordan,17519,40,Clavinet _ 1
134.474069875,0.3203125,64,84,ZOMBIE                          Words and music by Dolores ORiordan,17519,41,Clavinet _ 1
134.286569875,0.5078125,59,86,ZOMBIE                          Words and music by Dolores ORiordan,17495,65,Clavinet _ 1
134.474069875,0.3203125,52,57,ZOMBIE                          Words and music by Dolores ORiordan,17519,41,Electric Guitar (muted) _ 1
132.216257375,2.625,71,92,ZOMBIE                          Words and music by Dolores ORiordan,17230,336,Shakuhachi _ 1
134.833444875,0.0078125,55,112,ZOMBIE                          Words and music by Dolores ORiordan,17565,1,Electric Guitar (clean) _ 1
134.849069875,0.0078125,42,95,ZOMBIE                          Words and music by Dolores ORiordan,17567,1,Drum Kit _ 1
134.849069875,0.0078125,43,110,ZOMBIE                          Words and music by Dolores ORiordan,17567,1,Drum Kit _ 1
134.849069875,0.1796875,55,84,ZOMBIE                          Words and music by Dolores ORiordan,17567,23,Clavinet _ 1
134.841257375,0.1875,64,108,ZOMBIE                          Words and music by Dolores ORiordan,17566,24,Electric Guitar (clean) _ 1
134.841257375,0.1875,59,116,ZOMBIE                          Words and music by Dolores ORiordan,17566,24,Electric Guitar (clean) _ 1
135.036569875,0.0078125,42,70,ZOMBIE                          Words and music by Dolores ORiordan,17591,1,Drum Kit _ 1
134.849069875,0.25,28,101,ZOMBIE                          Words and music by Dolores ORiordan,17567,32,Electric Bass (finger) _ 1
135.036569875,0.1796875,55,87,ZOMBIE                          Words and music by Dolores ORiordan,17591,23,Clavinet _ 1
135.036569875,0.1796875,64,87,ZOMBIE                          Words and music by Dolores ORiordan,17591,23,Clavinet _ 1
135.224069875,0.0078125,36,107,ZOMBIE                          Words and music by Dolores ORiordan,17615,1,Drum Kit _ 1
135.224069875,0.0078125,42,66,ZOMBIE                          Words and music by Dolores ORiordan,17615,1,Drum Kit _ 1
134.841257375,0.390625,52,114,ZOMBIE                          Words and music by Dolores ORiordan,17566,50,Electric Guitar (muted) _ 1
134.474069875,0.7578125,47,103,ZOMBIE                          Words and music by Dolores ORiordan,17519,97,Electric Guitar (muted) _ 1
135.411569875,0.0078125,42,68,ZOMBIE                          Words and music by Dolores ORiordan,17639,1,Drum Kit _ 1
135.239694875,0.2265625,52,80,ZOMBIE                          Words and music by Dolores ORiordan,17617,29,Electric Guitar (muted) _ 1
135.239694875,0.25,47,76,ZOMBIE                          Words and music by Dolores ORiordan,17617,32,Electric Guitar (muted) _ 1
135.231882375,0.296875,28,96,ZOMBIE                          Words and music by Dolores ORiordan,17616,38,Electric Bass (finger) _ 1
135.224069875,0.359375,55,88,ZOMBIE                          Words and music by Dolores ORiordan,17615,46,Clavinet _ 1
135.036569875,0.546875,59,88,ZOMBIE                          Words and music by Dolores ORiordan,17591,70,Clavinet _ 1
135.224069875,0.3671875,64,87,ZOMBIE                          Words and music by Dolores ORiordan,17615,47,Clavinet _ 1
135.599069875,0.0078125,36,113,ZOMBIE                          Words and music by Dolores ORiordan,17663,1,Drum Kit _ 1
135.599069875,0.0078125,42,95,ZOMBIE                          Words and music by Dolores ORiordan,17663,1,Drum Kit _ 1
134.474069875,1.1484375,40,118,ZOMBIE                          Words and music by Dolores ORiordan,17519,147,Electric Guitar (muted) _ 1
135.786569875,0.0078125,42,61,ZOMBIE                          Words and music by Dolores ORiordan,17687,1,Drum Kit _ 1
135.591257375,0.328125,59,87,ZOMBIE                          Words and music by Dolores ORiordan,17662,42,Clavinet _ 1
135.614694875,0.34375,48,112,ZOMBIE                          Words and music by Dolores ORiordan,17665,44,Electric Guitar (muted) _ 1
135.599069875,0.3671875,64,87,ZOMBIE                          Words and music by Dolores ORiordan,17663,47,Clavinet _ 1
135.591257375,0.375,55,87,ZOMBIE                          Words and music by Dolores ORiordan,17662,48,Clavinet _ 1
135.614694875,0.3515625,52,84,ZOMBIE                          Words and music by Dolores ORiordan,17665,45,Electric Guitar (muted) _ 1
135.974069875,0.0078125,42,68,ZOMBIE                          Words and music by Dolores ORiordan,17711,1,Drum Kit _ 1
135.974069875,0.1640625,52,62,ZOMBIE                          Words and music by Dolores ORiordan,17711,21,Electric Guitar (muted) _ 1
136.161569875,0.0078125,42,67,ZOMBIE                          Words and music by Dolores ORiordan,17735,1,Drum Kit _ 1
135.981882375,0.21875,36,89,ZOMBIE                          Words and music by Dolores ORiordan,17712,28,Electric Bass (finger) _ 1
135.974069875,0.3671875,64,87,ZOMBIE                          Words and music by Dolores ORiordan,17711,47,Clavinet _ 1
135.974069875,0.3671875,59,88,ZOMBIE                          Words and music by Dolores ORiordan,17711,47,Clavinet _ 1
135.974069875,0.3671875,55,87,ZOMBIE                          Words and music by Dolores ORiordan,17711,47,Clavinet _ 1
136.349069875,0.0078125,42,103,ZOMBIE                          Words and music by Dolores ORiordan,17759,1,Drum Kit _ 1
136.349069875,0.0078125,43,118,ZOMBIE                          Words and music by Dolores ORiordan,17759,1,Drum Kit _ 1
136.536569875,0.0078125,42,66,ZOMBIE                          Words and music by Dolores ORiordan,17783,1,Drum Kit _ 1
136.349069875,0.2734375,36,101,ZOMBIE                          Words and music by Dolores ORiordan,17759,35,Electric Bass (finger) _ 1
136.349069875,0.3671875,64,87,ZOMBIE                          Words and music by Dolores ORiordan,17759,47,Clavinet _ 1
136.349069875,0.3671875,59,88,ZOMBIE                          Words and music by Dolores ORiordan,17759,47,Clavinet _ 1
136.349069875,0.3671875,55,88,ZOMBIE                          Words and music by Dolores ORiordan,17759,47,Clavinet _ 1
135.974069875,0.7421875,48,90,ZOMBIE                          Words and music by Dolores ORiordan,17711,95,Electric Guitar (muted) _ 1
136.349069875,0.375,52,81,ZOMBIE                          Words and music by Dolores ORiordan,17759,48,Electric Guitar (muted) _ 1
136.724069875,0.0078125,54,60,ZOMBIE                          Words and music by Dolores ORiordan,17807,1,Drum Kit _ 1
136.724069875,0.0078125,36,107,ZOMBIE                          Words and music by Dolores ORiordan,17807,1,Drum Kit _ 1
136.724069875,0.15625,64,86,ZOMBIE                          Words and music by Dolores ORiordan,17807,20,Clavinet _ 1
136.724069875,0.1796875,59,87,ZOMBIE                          Words and music by Dolores ORiordan,17807,23,Clavinet _ 1
136.724069875,0.1796875,55,87,ZOMBIE                          Words and music by Dolores ORiordan,17807,23,Clavinet _ 1
136.731882375,0.3515625,52,64,ZOMBIE                          Words and music by Dolores ORiordan,17808,45,Electric Guitar (muted) _ 1
136.724069875,0.359375,48,107,ZOMBIE                          Words and music by Dolores ORiordan,17807,46,Electric Guitar (muted) _ 1
137.099069875,0.0078125,54,101,ZOMBIE                          Words and music by Dolores ORiordan,17855,1,Drum Kit _ 1
137.099069875,0.0078125,36,109,ZOMBIE                          Words and music by Dolores ORiordan,17855,1,Drum Kit _ 1
136.911569875,0.3671875,59,87,ZOMBIE                          Words and music by Dolores ORiordan,17831,47,Clavinet _ 1
136.911569875,0.3671875,64,87,ZOMBIE                          Words and music by Dolores ORiordan,17831,47,Clavinet _ 1
136.911569875,0.3828125,55,87,ZOMBIE                          Words and music by Dolores ORiordan,17831,49,Clavinet _ 1
137.286569875,0.1796875,59,87,ZOMBIE                          Words and music by Dolores ORiordan,17879,23,Clavinet _ 1
137.099069875,0.3671875,52,76,ZOMBIE                          Words and music by Dolores ORiordan,17855,47,Electric Guitar (muted) _ 1
137.099069875,0.3671875,48,122,ZOMBIE                          Words and music by Dolores ORiordan,17855,47,Electric Guitar (muted) _ 1
137.286569875,0.1875,64,87,ZOMBIE                          Words and music by Dolores ORiordan,17879,24,Clavinet _ 1
137.474069875,0.0078125,54,66,ZOMBIE                          Words and music by Dolores ORiordan,17903,1,Drum Kit _ 1
137.474069875,0.0078125,36,108,ZOMBIE                          Words and music by Dolores ORiordan,17903,1,Drum Kit _ 1
137.474069875,0.3125,59,87,ZOMBIE                          Words and music by Dolores ORiordan,17903,40,Clavinet _ 1
137.481882375,0.3203125,64,87,ZOMBIE                          Words and music by Dolores ORiordan,17904,41,Clavinet _ 1
137.302194875,0.5,55,87,ZOMBIE                          Words and music by Dolores ORiordan,17881,64,Clavinet _ 1
137.474069875,0.328125,52,72,ZOMBIE                          Words and music by Dolores ORiordan,17903,42,Electric Guitar (muted) _ 1
137.849069875,0.0078125,42,97,ZOMBIE                          Words and music by Dolores ORiordan,17951,1,Drum Kit _ 1
137.849069875,0.0078125,43,117,ZOMBIE                          Words and music by Dolores ORiordan,17951,1,Drum Kit _ 1
137.849069875,0.1796875,64,104,ZOMBIE                          Words and music by Dolores ORiordan,17951,23,Electric Guitar (clean) _ 1
138.036569875,0.0078125,42,64,ZOMBIE                          Words and music by Dolores ORiordan,17975,1,Drum Kit _ 1
137.849069875,0.1953125,59,87,ZOMBIE                          Words and music by Dolores ORiordan,17951,25,Clavinet _ 1
137.849069875,0.2890625,36,96,ZOMBIE                          Words and music by Dolores ORiordan,17951,37,Electric Bass (finger) _ 1
138.224069875,0.0078125,46,63,ZOMBIE                          Words and music by Dolores ORiordan,17999,1,Drum Kit _ 1
138.052194875,0.1796875,59,86,ZOMBIE                          Words and music by Dolores ORiordan,17977,23,Clavinet _ 1
138.036569875,0.1953125,64,85,ZOMBIE                          Words and music by Dolores ORiordan,17975,25,Clavinet _ 1
137.841257375,0.390625,55,112,ZOMBIE                          Words and music by Dolores ORiordan,17950,50,Electric Guitar (clean) _ 1
137.474069875,1.0234375,48,117,ZOMBIE                          Words and music by Dolores ORiordan,17903,131,Electric Guitar (muted) _ 1
137.841257375,0.6875,52,126,ZOMBIE                          Words and music by Dolores ORiordan,17950,88,Electric Guitar (muted) _ 1
138.224069875,0.3671875,36,90,ZOMBIE                          Words and music by Dolores ORiordan,17999,47,Electric Bass (finger) _ 1
138.239694875,0.359375,55,88,ZOMBIE                          Words and music by Dolores ORiordan,18001,46,Clavinet _ 1
138.239694875,0.359375,64,86,ZOMBIE                          Words and music by Dolores ORiordan,18001,46,Clavinet _ 1
138.599069875,0.0078125,36,109,ZOMBIE                          Words and music by Dolores ORiordan,18047,1,Drum Kit _ 1
138.599069875,0.0078125,42,91,ZOMBIE                          Words and music by Dolores ORiordan,18047,1,Drum Kit _ 1
138.239694875,0.3671875,59,88,ZOMBIE                          Words and music by Dolores ORiordan,18001,47,Clavinet _ 1
138.786569875,0.0078125,42,67,ZOMBIE                          Words and music by Dolores ORiordan,18071,1,Drum Kit _ 1
138.599069875,0.2421875,31,103,ZOMBIE                          Words and music by Dolores ORiordan,18047,31,Electric Bass (finger) _ 1
138.599069875,0.3515625,43,89,ZOMBIE                          Words and music by Dolores ORiordan,18047,45,Electric Guitar (muted) _ 1
138.974069875,0.0078125,36,109,ZOMBIE                          Words and music by Dolores ORiordan,18095,1,Drum Kit _ 1
138.974069875,0.0078125,42,72,ZOMBIE                          Words and music by Dolores ORiordan,18095,1,Drum Kit _ 1
138.606882375,0.375,55,87,ZOMBIE                          Words and music by Dolores ORiordan,18048,48,Clavinet _ 1
138.614694875,0.375,59,88,ZOMBIE                          Words and music by Dolores ORiordan,18049,48,Clavinet _ 1
138.606882375,0.3828125,64,84,ZOMBIE                          Words and music by Dolores ORiordan,18048,49,Clavinet _ 1
139.161569875,0.0078125,42,61,ZOMBIE                          Words and music by Dolores ORiordan,18119,1,Drum Kit _ 1
138.974069875,0.234375,31,96,ZOMBIE                          Words and music by Dolores ORiordan,18095,30,Electric Bass (finger) _ 1
138.974069875,0.34375,43,93,ZOMBIE                          Words and music by Dolores ORiordan,18095,44,Electric Guitar (muted) _ 1
138.606882375,0.7265625,47,105,ZOMBIE                          Words and music by Dolores ORiordan,18048,93,Electric Guitar (muted) _ 1
138.997507375,0.34375,59,87,ZOMBIE                          Words and music by Dolores ORiordan,18098,44,Clavinet _ 1
138.997507375,0.3515625,64,85,ZOMBIE                          Words and music by Dolores ORiordan,18098,45,Clavinet _ 1
138.989694875,0.359375,55,87,ZOMBIE                          Words and music by Dolores ORiordan,18097,46,Clavinet _ 1
139.349069875,0.0078125,42,94,ZOMBIE                          Words and music by Dolores ORiordan,18143,1,Drum Kit _ 1
139.349069875,0.0078125,43,114,ZOMBIE                          Words and music by Dolores ORiordan,18143,1,Drum Kit _ 1
139.536569875,0.0078125,42,64,ZOMBIE                          Words and music by Dolores ORiordan,18167,1,Drum Kit _ 1
139.356882375,0.234375,55,87,ZOMBIE                          Words and music by Dolores ORiordan,18144,30,Clavinet _ 1
139.349069875,0.2578125,31,103,ZOMBIE                          Words and music by Dolores ORiordan,18143,33,Electric Bass (finger) _ 1
138.622507375,1.046875,71,127,ZOMBIE                          Words and music by Dolores ORiordan,18050,134,Distortion Guitar _ 1
139.356882375,0.3671875,64,84,ZOMBIE                          Words and music by Dolores ORiordan,18144,47,Clavinet _ 1
139.349069875,0.375,59,87,ZOMBIE                          Words and music by Dolores ORiordan,18143,48,Clavinet _ 1
139.724069875,0.0078125,54,72,ZOMBIE                          Words and music by Dolores ORiordan,18191,1,Drum Kit _ 1
139.724069875,0.0078125,36,106,ZOMBIE                          Words and music by Dolores ORiordan,18191,1,Drum Kit _ 1
139.349069875,0.3828125,47,105,ZOMBIE                          Words and music by Dolores ORiordan,18143,49,Electric Guitar (muted) _ 1
138.981882375,0.75,50,61,ZOMBIE                          Words and music by Dolores ORiordan,18096,96,Electric Guitar (muted) _ 1
139.731882375,0.1640625,64,84,ZOMBIE                          Words and music by Dolores ORiordan,18192,21,Clavinet _ 1
139.731882375,0.171875,59,85,ZOMBIE                          Words and music by Dolores ORiordan,18192,22,Clavinet _ 1
139.731882375,0.1796875,55,85,ZOMBIE                          Words and music by Dolores ORiordan,18192,23,Clavinet _ 1
139.724069875,0.2578125,31,93,ZOMBIE                          Words and music by Dolores ORiordan,18191,33,Electric Bass (finger) _ 1
139.739694875,0.34375,50,65,ZOMBIE                          Words and music by Dolores ORiordan,18193,44,Electric Guitar (muted) _ 1
139.731882375,0.3515625,43,89,ZOMBIE                          Words and music by Dolores ORiordan,18192,45,Electric Guitar (muted) _ 1
139.739694875,0.359375,47,105,ZOMBIE                          Words and music by Dolores ORiordan,18193,46,Electric Guitar (muted) _ 1
140.099069875,0.0078125,54,92,ZOMBIE                          Words and music by Dolores ORiordan,18239,1,Drum Kit _ 1
140.099069875,0.0078125,36,110,ZOMBIE                          Words and music by Dolores ORiordan,18239,1,Drum Kit _ 1
139.911569875,0.3515625,59,87,ZOMBIE                          Words and music by Dolores ORiordan,18215,45,Clavinet _ 1
139.903757375,0.3671875,64,87,ZOMBIE                          Words and music by Dolores ORiordan,18214,47,Clavinet _ 1
139.919382375,0.375,55,87,ZOMBIE                          Words and music by Dolores ORiordan,18216,48,Clavinet _ 1
140.099069875,0.2734375,31,99,ZOMBIE                          Words and music by Dolores ORiordan,18239,35,Electric Bass (finger) _ 1
140.106882375,0.34375,47,105,ZOMBIE                          Words and music by Dolores ORiordan,18240,44,Electric Guitar (muted) _ 1
140.106882375,0.34375,43,91,ZOMBIE                          Words and music by Dolores ORiordan,18240,44,Electric Guitar (muted) _ 1
140.099069875,0.359375,50,61,ZOMBIE                          Words and music by Dolores ORiordan,18239,46,Electric Guitar (muted) _ 1
140.302194875,0.1640625,55,85,ZOMBIE                          Words and music by Dolores ORiordan,18265,21,Clavinet _ 1
140.286569875,0.1875,59,86,ZOMBIE                          Words and music by Dolores ORiordan,18263,24,Clavinet _ 1
140.474069875,0.0078125,54,75,ZOMBIE                          Words and music by Dolores ORiordan,18287,1,Drum Kit _ 1
140.474069875,0.0078125,36,108,ZOMBIE                          Words and music by Dolores ORiordan,18287,1,Drum Kit _ 1
140.278757375,0.203125,64,86,ZOMBIE                          Words and music by Dolores ORiordan,18262,26,Clavinet _ 1
140.661569875,0.0078125,42,70,ZOMBIE                          Words and music by Dolores ORiordan,18311,1,Drum Kit _ 1
139.739694875,0.9296875,69,114,ZOMBIE                          Words and music by Dolores ORiordan,18193,119,Distortion Guitar _ 1
140.481882375,0.2265625,31,91,ZOMBIE                          Words and music by Dolores ORiordan,18288,29,Electric Bass (finger) _ 1
140.489694875,0.328125,64,87,ZOMBIE                          Words and music by Dolores ORiordan,18289,42,Clavinet _ 1
140.474069875,0.3671875,55,87,ZOMBIE                          Words and music by Dolores ORiordan,18287,47,Clavinet _ 1
140.474069875,0.3671875,47,105,ZOMBIE                          Words and music by Dolores ORiordan,18287,47,Electric Guitar (muted) _ 1
140.474069875,0.3671875,43,84,ZOMBIE                          Words and music by Dolores ORiordan,18287,47,Electric Guitar (muted) _ 1
140.849069875,0.0078125,42,95,ZOMBIE                          Words and music by Dolores ORiordan,18335,1,Drum Kit _ 1
140.849069875,0.0078125,43,110,ZOMBIE                          Words and music by Dolores ORiordan,18335,1,Drum Kit _ 1
140.481882375,0.546875,59,87,ZOMBIE                          Words and music by Dolores ORiordan,18288,70,Clavinet _ 1
141.036569875,0.0078125,42,69,ZOMBIE                          Words and music by Dolores ORiordan,18359,1,Drum Kit _ 1
140.849069875,0.2421875,31,98,ZOMBIE                          Words and music by Dolores ORiordan,18335,31,Electric Bass (finger) _ 1
140.849069875,0.359375,47,105,ZOMBIE                          Words and music by Dolores ORiordan,18335,46,Electric Guitar (muted) _ 1
140.849069875,0.3671875,55,85,ZOMBIE                          Words and music by Dolores ORiordan,18335,47,Clavinet _ 1
141.028757375,0.1953125,64,86,ZOMBIE                          Words and music by Dolores ORiordan,18358,25,Clavinet _ 1
141.224069875,0.0078125,36,107,ZOMBIE                          Words and music by Dolores ORiordan,18383,1,Drum Kit _ 1
141.224069875,0.0078125,42,64,ZOMBIE                          Words and music by Dolores ORiordan,18383,1,Drum Kit _ 1
141.411569875,0.0078125,42,66,ZOMBIE                          Words and music by Dolores ORiordan,18407,1,Drum Kit _ 1
141.231882375,0.2265625,31,98,ZOMBIE                          Words and music by Dolores ORiordan,18384,29,Electric Bass (finger) _ 1
141.224069875,0.28125,43,90,ZOMBIE                          Words and music by Dolores ORiordan,18383,36,Electric Guitar (muted) _ 1
140.474069875,1.0546875,50,80,ZOMBIE                          Words and music by Dolores ORiordan,18287,135,Electric Guitar (muted) _ 1
141.224069875,0.3203125,47,113,ZOMBIE                          Words and music by Dolores ORiordan,18383,41,Electric Guitar (muted) _ 1
141.224069875,0.359375,55,88,ZOMBIE                          Words and music by Dolores ORiordan,18383,46,Clavinet _ 1
141.036569875,0.5546875,59,86,ZOMBIE                          Words and music by Dolores ORiordan,18359,71,Clavinet _ 1
141.231882375,0.3671875,64,86,ZOMBIE                          Words and music by Dolores ORiordan,18384,47,Clavinet _ 1
141.599069875,0.0078125,36,111,ZOMBIE                          Words and music by Dolores ORiordan,18431,1,Drum Kit _ 1
141.599069875,0.0078125,42,103,ZOMBIE                          Words and music by Dolores ORiordan,18431,1,Drum Kit _ 1
140.849069875,0.8828125,67,118,ZOMBIE                          Words and music by Dolores ORiordan,18335,113,Distortion Guitar _ 1
141.606882375,0.1875,42,106,ZOMBIE                          Words and music by Dolores ORiordan,18432,24,Electric Guitar (muted) _ 1
141.599069875,0.2578125,30,100,ZOMBIE                          Words and music by Dolores ORiordan,18431,33,Electric Bass (finger) _ 1
141.599069875,0.3515625,45,106,ZOMBIE                          Words and music by Dolores ORiordan,18431,45,Electric Guitar (muted) _ 1
141.599069875,0.359375,59,87,ZOMBIE                          Words and music by Dolores ORiordan,18431,46,Clavinet _ 1
141.599069875,0.3671875,64,122,ZOMBIE                          Words and music by Dolores ORiordan,18431,47,Electric Guitar (clean) _ 1
141.974069875,0.0078125,42,68,ZOMBIE                          Words and music by Dolores ORiordan,18479,1,Drum Kit _ 1
142.161569875,0.0078125,42,68,ZOMBIE                          Words and music by Dolores ORiordan,18503,1,Drum Kit _ 1
141.974069875,0.234375,30,84,ZOMBIE                          Words and music by Dolores ORiordan,18479,30,Electric Bass (finger) _ 1
141.974069875,0.3671875,64,87,ZOMBIE                          Words and music by Dolores ORiordan,18479,47,Clavinet _ 1
141.966257375,0.375,59,86,ZOMBIE                          Words and music by Dolores ORiordan,18478,48,Clavinet _ 1
141.591257375,0.75,55,88,ZOMBIE                          Words and music by Dolores ORiordan,18430,96,Clavinet _ 1
141.989694875,0.3515625,45,81,ZOMBIE                          Words and music by Dolores ORiordan,18481,45,Electric Guitar (muted) _ 1
142.349069875,0.0078125,42,99,ZOMBIE                          Words and music by Dolores ORiordan,18527,1,Drum Kit _ 1
142.349069875,0.0078125,43,111,ZOMBIE                          Words and music by Dolores ORiordan,18527,1,Drum Kit _ 1
142.380319875,0.1640625,42,109,ZOMBIE                          Words and music by Dolores ORiordan,18531,21,Electric Guitar (muted) _ 1
142.349069875,0.265625,30,102,ZOMBIE                          Words and music by Dolores ORiordan,18527,34,Electric Bass (finger) _ 1
141.927194875,0.765625,50,85,ZOMBIE                          Words and music by Dolores ORiordan,18473,98,Electric Guitar (muted) _ 1
142.341257375,0.375,55,119,ZOMBIE                          Words and music by Dolores ORiordan,18526,48,Electric Guitar (clean) _ 1
142.349069875,0.3671875,64,85,ZOMBIE                          Words and music by Dolores ORiordan,18527,47,Clavinet _ 1
142.364694875,0.3515625,45,109,ZOMBIE                          Words and music by Dolores ORiordan,18529,45,Electric Guitar (muted) _ 1
142.349069875,0.375,59,87,ZOMBIE                          Words and music by Dolores ORiordan,18527,48,Clavinet _ 1
142.724069875,0.0078125,54,71,ZOMBIE                          Words and music by Dolores ORiordan,18575,1,Drum Kit _ 1
142.724069875,0.0078125,36,108,ZOMBIE                          Words and music by Dolores ORiordan,18575,1,Drum Kit _ 1
142.724069875,0.1796875,64,84,ZOMBIE                          Words and music by Dolores ORiordan,18575,23,Clavinet _ 1
142.731882375,0.1796875,59,86,ZOMBIE                          Words and music by Dolores ORiordan,18576,23,Clavinet _ 1
142.724069875,0.21875,30,85,ZOMBIE                          Words and music by Dolores ORiordan,18575,28,Electric Bass (finger) _ 1
141.966257375,1.046875,66,122,ZOMBIE                          Words and music by Dolores ORiordan,18478,134,Distortion Guitar _ 1
142.739694875,0.3515625,45,83,ZOMBIE                          Words and music by Dolores ORiordan,18577,45,Electric Guitar (muted) _ 1
143.099069875,0.0078125,54,101,ZOMBIE                          Words and music by Dolores ORiordan,18623,1,Drum Kit _ 1
143.099069875,0.0078125,36,109,ZOMBIE                          Words and music by Dolores ORiordan,18623,1,Drum Kit _ 1
142.755319875,0.3515625,42,82,ZOMBIE                          Words and music by Dolores ORiordan,18579,45,Electric Guitar (muted) _ 1
142.919382375,0.359375,59,87,ZOMBIE                          Words and music by Dolores ORiordan,18600,46,Clavinet _ 1
142.911569875,0.3671875,64,86,ZOMBIE                          Words and music by Dolores ORiordan,18599,47,Clavinet _ 1
143.114694875,0.3125,42,102,ZOMBIE                          Words and music by Dolores ORiordan,18625,40,Electric Guitar (muted) _ 1
143.099069875,0.3671875,30,101,ZOMBIE                          Words and music by Dolores ORiordan,18623,47,Electric Bass (finger) _ 1
143.114694875,0.3515625,45,102,ZOMBIE                          Words and music by Dolores ORiordan,18625,45,Electric Guitar (muted) _ 1
143.474069875,0.0078125,54,64,ZOMBIE                          Words and music by Dolores ORiordan,18671,1,Drum Kit _ 1
143.474069875,0.0078125,36,108,ZOMBIE                          Words and music by Dolores ORiordan,18671,1,Drum Kit _ 1
143.286569875,0.1953125,64,87,ZOMBIE                          Words and music by Dolores ORiordan,18647,25,Clavinet _ 1
142.716257375,0.765625,50,85,ZOMBIE                          Words and music by Dolores ORiordan,18574,98,Electric Guitar (muted) _ 1
143.661569875,0.0078125,42,66,ZOMBIE                          Words and music by Dolores ORiordan,18695,1,Drum Kit _ 1
143.489694875,0.3125,43,110,ZOMBIE                          Words and music by Dolores ORiordan,18673,40,Electric Guitar (muted) _ 1
141.966257375,1.8515625,62,112,ZOMBIE                          Words and music by Dolores ORiordan,18478,237,Electric Guitar (clean) _ 1
143.474069875,0.3671875,31,108,ZOMBIE                          Words and music by Dolores ORiordan,18671,47,Electric Bass (finger) _ 1
142.724069875,1.1171875,55,87,ZOMBIE                          Words and music by Dolores ORiordan,18575,143,Clavinet _ 1
143.849069875,0.0078125,42,103,ZOMBIE                          Words and music by Dolores ORiordan,18719,1,Drum Kit _ 1
143.849069875,0.0078125,43,111,ZOMBIE                          Words and music by Dolores ORiordan,18719,1,Drum Kit _ 1
143.489694875,0.3671875,64,87,ZOMBIE                          Words and music by Dolores ORiordan,18673,47,Clavinet _ 1
143.489694875,0.3671875,50,110,ZOMBIE                          Words and music by Dolores ORiordan,18673,47,Electric Guitar (muted) _ 1
143.864694875,0.1640625,64,86,ZOMBIE                          Words and music by Dolores ORiordan,18721,21,Clavinet _ 1
143.286569875,0.75,59,87,ZOMBIE                          Words and music by Dolores ORiordan,18647,96,Clavinet _ 1
143.856882375,0.1875,42,112,ZOMBIE                          Words and music by Dolores ORiordan,18720,24,Electric Guitar (muted) _ 1
143.864694875,0.203125,50,112,ZOMBIE                          Words and music by Dolores ORiordan,18721,26,Electric Guitar (muted) _ 1
143.849069875,0.3671875,30,98,ZOMBIE                          Words and music by Dolores ORiordan,18719,47,Electric Bass (finger) _ 1
144.224069875,0.0078125,47,115,ZOMBIE                          Words and music by Dolores ORiordan,18767,1,Drum Kit _ 1
144.044382375,0.1875,59,86,ZOMBIE                          Words and music by Dolores ORiordan,18744,24,Clavinet _ 1
144.036569875,0.1953125,64,85,ZOMBIE                          Words and music by Dolores ORiordan,18743,25,Clavinet _ 1
143.849069875,0.3828125,55,87,ZOMBIE                          Words and music by Dolores ORiordan,18719,49,Clavinet _ 1
143.849069875,0.53125,62,111,ZOMBIE                          Words and music by Dolores ORiordan,18719,68,Distortion Guitar _ 1
144.411569875,0.0078125,52,99,ZOMBIE                          Words and music by Dolores ORiordan,18791,1,Drum Kit _ 1
144.239694875,0.2578125,64,86,ZOMBIE                          Words and music by Dolores ORiordan,18769,33,Clavinet _ 1
144.224069875,0.3203125,31,106,ZOMBIE                          Words and music by Dolores ORiordan,18767,41,Electric Bass (finger) _ 1
144.239694875,0.3046875,55,84,ZOMBIE                          Words and music by Dolores ORiordan,18769,39,Clavinet _ 1
144.231882375,0.3203125,43,97,ZOMBIE                          Words and music by Dolores ORiordan,18768,41,Electric Guitar (muted) _ 1
144.239694875,0.3359375,59,83,ZOMBIE                          Words and music by Dolores ORiordan,18769,43,Clavinet _ 1
144.599069875,0.0078125,36,111,ZOMBIE                          Words and music by Dolores ORiordan,18815,1,Drum Kit _ 1
144.599069875,0.0078125,42,89,ZOMBIE                          Words and music by Dolores ORiordan,18815,1,Drum Kit _ 1
144.239694875,0.390625,50,75,ZOMBIE                          Words and music by Dolores ORiordan,18769,50,Electric Guitar (muted) _ 1
143.864694875,0.78125,45,112,ZOMBIE                          Words and music by Dolores ORiordan,18721,100,Electric Guitar (muted) _ 1
144.786569875,0.0078125,42,83,ZOMBIE                          Words and music by Dolores ORiordan,18839,1,Drum Kit _ 1
144.606882375,0.2109375,28,113,ZOMBIE                          Words and music by Dolores ORiordan,18816,27,Electric Bass (finger) _ 1
144.606882375,0.359375,64,88,ZOMBIE                          Words and music by Dolores ORiordan,18816,46,Clavinet _ 1
144.567819875,0.3984375,52,87,ZOMBIE                          Words and music by Dolores ORiordan,18811,51,Clavinet _ 1
144.583444875,0.3828125,55,88,ZOMBIE                          Words and music by Dolores ORiordan,18813,49,Clavinet _ 1
144.591257375,0.375,59,88,ZOMBIE                          Words and music by Dolores ORiordan,18814,48,Clavinet _ 1
144.974069875,0.0078125,36,111,ZOMBIE                          Words and music by Dolores ORiordan,18863,1,Drum Kit _ 1
144.974069875,0.0078125,42,57,ZOMBIE                          Words and music by Dolores ORiordan,18863,1,Drum Kit _ 1
145.161569875,0.0078125,42,73,ZOMBIE                          Words and music by Dolores ORiordan,18887,1,Drum Kit _ 1
144.974069875,0.2421875,28,93,ZOMBIE                          Words and music by Dolores ORiordan,18863,31,Electric Bass (finger) _ 1
144.974069875,0.2890625,52,85,ZOMBIE                          Words and music by Dolores ORiordan,18863,37,Clavinet _ 1
144.989694875,0.3359375,40,78,ZOMBIE                          Words and music by Dolores ORiordan,18865,43,Electric Guitar (muted) _ 1
144.974069875,0.3671875,55,87,ZOMBIE                          Words and music by Dolores ORiordan,18863,47,Clavinet _ 1
144.981882375,0.359375,47,78,ZOMBIE                          Words and music by Dolores ORiordan,18864,46,Electric Guitar (muted) _ 1
144.974069875,0.375,64,84,ZOMBIE                          Words and music by Dolores ORiordan,18863,48,Clavinet _ 1
144.974069875,0.375,59,86,ZOMBIE                          Words and music by Dolores ORiordan,18863,48,Clavinet _ 1
145.349069875,0.0078125,42,107,ZOMBIE                          Words and music by Dolores ORiordan,18911,1,Drum Kit _ 1
145.349069875,0.0078125,43,114,ZOMBIE                          Words and music by Dolores ORiordan,18911,1,Drum Kit _ 1
145.536569875,0.0078125,42,69,ZOMBIE                          Words and music by Dolores ORiordan,18935,1,Drum Kit _ 1
145.349069875,0.2421875,28,106,ZOMBIE                          Words and music by Dolores ORiordan,18911,31,Electric Bass (finger) _ 1
145.341257375,0.375,76,107,ZOMBIE                          Words and music by Dolores ORiordan,18910,48,Shakuhachi _ 1
145.349069875,0.3671875,52,121,ZOMBIE                          Words and music by Dolores ORiordan,18911,47,Electric Guitar (muted) _ 1
145.349069875,0.3671875,55,87,ZOMBIE                          Words and music by Dolores ORiordan,18911,47,Clavinet _ 1
145.356882375,0.3671875,59,87,ZOMBIE                          Words and music by Dolores ORiordan,18912,47,Clavinet _ 1
145.724069875,0.0078125,36,107,ZOMBIE                          Words and music by Dolores ORiordan,18959,1,Drum Kit _ 1
145.724069875,0.0078125,42,57,ZOMBIE                          Words and music by Dolores ORiordan,18959,1,Drum Kit _ 1
145.356882375,0.375,64,87,ZOMBIE                          Words and music by Dolores ORiordan,18912,48,Clavinet _ 1
145.739694875,0.1640625,64,87,ZOMBIE                          Words and music by Dolores ORiordan,18961,21,Clavinet _ 1
145.731882375,0.171875,59,87,ZOMBIE                          Words and music by Dolores ORiordan,18960,22,Clavinet _ 1
145.911569875,0.0078125,42,65,ZOMBIE                          Words and music by Dolores ORiordan,18983,1,Drum Kit _ 1
145.724069875,0.2734375,28,91,ZOMBIE                          Words and music by Dolores ORiordan,18959,35,Electric Bass (finger) _ 1
145.349069875,0.6875,47,121,ZOMBIE                          Words and music by Dolores ORiordan,18911,88,Electric Guitar (muted) _ 1
145.349069875,0.6953125,40,121,ZOMBIE                          Words and music by Dolores ORiordan,18911,89,Electric Guitar (muted) _ 1
145.724069875,0.3359375,52,86,ZOMBIE                          Words and music by Dolores ORiordan,18959,43,Clavinet _ 1
146.099069875,0.0078125,36,112,ZOMBIE                          Words and music by Dolores ORiordan,19007,1,Drum Kit _ 1
146.099069875,0.0078125,42,87,ZOMBIE                          Words and music by Dolores ORiordan,19007,1,Drum Kit _ 1
145.911569875,0.3671875,59,87,ZOMBIE                          Words and music by Dolores ORiordan,18983,47,Clavinet _ 1
145.911569875,0.3671875,64,87,ZOMBIE                          Words and music by Dolores ORiordan,18983,47,Clavinet _ 1
145.724069875,0.5625,55,87,ZOMBIE                          Words and music by Dolores ORiordan,18959,72,Clavinet _ 1
146.286569875,0.0078125,42,69,ZOMBIE                          Words and music by Dolores ORiordan,19031,1,Drum Kit _ 1
146.099069875,0.2578125,28,105,ZOMBIE                          Words and music by Dolores ORiordan,19007,33,Electric Bass (finger) _ 1
145.716257375,0.734375,74,108,ZOMBIE                          Words and music by Dolores ORiordan,18958,94,Shakuhachi _ 1
146.294382375,0.1640625,55,86,ZOMBIE                          Words and music by Dolores ORiordan,19032,21,Clavinet _ 1
146.091257375,0.3671875,47,102,ZOMBIE                          Words and music by Dolores ORiordan,19006,47,Electric Guitar (muted) _ 1
146.286569875,0.1796875,64,87,ZOMBIE                          Words and music by Dolores ORiordan,19031,23,Clavinet _ 1
146.091257375,0.375,40,112,ZOMBIE                          Words and music by Dolores ORiordan,19006,48,Electric Guitar (muted) _ 1
146.091257375,0.375,52,81,ZOMBIE                          Words and music by Dolores ORiordan,19006,48,Electric Guitar (muted) _ 1
146.474069875,0.0078125,36,110,ZOMBIE                          Words and music by Dolores ORiordan,19055,1,Drum Kit _ 1
146.474069875,0.0078125,42,67,ZOMBIE                          Words and music by Dolores ORiordan,19055,1,Drum Kit _ 1
146.661569875,0.0078125,42,82,ZOMBIE                          Words and music by Dolores ORiordan,19079,1,Drum Kit _ 1
146.474069875,0.2890625,28,89,ZOMBIE                          Words and music by Dolores ORiordan,19055,37,Electric Bass (finger) _ 1
146.474069875,0.3125,55,87,ZOMBIE                          Words and music by Dolores ORiordan,19055,40,Clavinet _ 1
146.474069875,0.3203125,64,84,ZOMBIE                          Words and music by Dolores ORiordan,19055,41,Clavinet _ 1
146.286569875,0.5078125,59,86,ZOMBIE                          Words and music by Dolores ORiordan,19031,65,Clavinet _ 1
146.474069875,0.3203125,52,57,ZOMBIE                          Words and music by Dolores ORiordan,19055,41,Electric Guitar (muted) _ 1
146.833444875,0.0078125,55,112,ZOMBIE                          Words and music by Dolores ORiordan,19101,1,Electric Guitar (clean) _ 1
146.849069875,0.0078125,42,111,ZOMBIE                          Words and music by Dolores ORiordan,19103,1,Drum Kit _ 1
146.849069875,0.0078125,43,110,ZOMBIE                          Words and music by Dolores ORiordan,19103,1,Drum Kit _ 1
146.841257375,0.015625,59,115,ZOMBIE                          Words and music by Dolores ORiordan,19102,2,Electric Guitar (clean) _ 1
146.849069875,0.1796875,55,84,ZOMBIE                          Words and music by Dolores ORiordan,19103,23,Clavinet _ 1
146.841257375,0.1875,64,106,ZOMBIE                          Words and music by Dolores ORiordan,19102,24,Electric Guitar (clean) _ 1
146.841257375,0.1953125,52,114,ZOMBIE                          Words and music by Dolores ORiordan,19102,25,Electric Guitar (muted) _ 1
146.466257375,0.578125,71,103,ZOMBIE                          Words and music by Dolores ORiordan,19054,74,Shakuhachi _ 1
147.036569875,0.0078125,42,77,ZOMBIE                          Words and music by Dolores ORiordan,19127,1,Drum Kit _ 1
146.849069875,0.25,28,101,ZOMBIE                          Words and music by Dolores ORiordan,19103,32,Electric Bass (finger) _ 1
147.044382375,0.1640625,52,86,ZOMBIE                          Words and music by Dolores ORiordan,19128,21,Clavinet _ 1
147.036569875,0.1796875,55,87,ZOMBIE                          Words and music by Dolores ORiordan,19127,23,Clavinet _ 1
147.036569875,0.1796875,64,87,ZOMBIE                          Words and music by Dolores ORiordan,19127,23,Clavinet _ 1
147.224069875,0.0078125,36,107,ZOMBIE                          Words and music by Dolores ORiordan,19151,1,Drum Kit _ 1
147.224069875,0.0078125,42,50,ZOMBIE                          Words and music by Dolores ORiordan,19151,1,Drum Kit _ 1
146.474069875,0.7578125,47,103,ZOMBIE                          Words and music by Dolores ORiordan,19055,97,Electric Guitar (muted) _ 1
147.411569875,0.0078125,42,76,ZOMBIE                          Words and music by Dolores ORiordan,19175,1,Drum Kit _ 1
147.239694875,0.2265625,52,80,ZOMBIE                          Words and music by Dolores ORiordan,19153,29,Electric Guitar (muted) _ 1
147.239694875,0.25,47,76,ZOMBIE                          Words and music by Dolores ORiordan,19153,32,Electric Guitar (muted) _ 1
147.231882375,0.296875,28,96,ZOMBIE                          Words and music by Dolores ORiordan,19152,38,Electric Bass (finger) _ 1
147.224069875,0.359375,55,88,ZOMBIE                          Words and music by Dolores ORiordan,19151,46,Clavinet _ 1
147.036569875,0.546875,59,88,ZOMBIE                          Words and music by Dolores ORiordan,19127,70,Clavinet _ 1
147.216257375,0.375,71,102,ZOMBIE                          Words and music by Dolores ORiordan,19150,48,Shakuhachi _ 1
147.224069875,0.3671875,64,87,ZOMBIE                          Words and music by Dolores ORiordan,19151,47,Clavinet _ 1
147.599069875,0.0078125,36,113,ZOMBIE                          Words and music by Dolores ORiordan,19199,1,Drum Kit _ 1
147.599069875,0.0078125,42,85,ZOMBIE                          Words and music by Dolores ORiordan,19199,1,Drum Kit _ 1
146.474069875,1.1484375,40,118,ZOMBIE                          Words and music by Dolores ORiordan,19055,147,Electric Guitar (muted) _ 1
147.786569875,0.0078125,42,68,ZOMBIE                          Words and music by Dolores ORiordan,19223,1,Drum Kit _ 1
147.614694875,0.34375,48,112,ZOMBIE                          Words and music by Dolores ORiordan,19201,44,Electric Guitar (muted) _ 1
147.599069875,0.3671875,64,87,ZOMBIE                          Words and music by Dolores ORiordan,19199,47,Clavinet _ 1
147.591257375,0.375,59,87,ZOMBIE                          Words and music by Dolores ORiordan,19198,48,Clavinet _ 1
147.591257375,0.375,55,87,ZOMBIE                          Words and music by Dolores ORiordan,19198,48,Clavinet _ 1
147.614694875,0.3515625,52,84,ZOMBIE                          Words and music by Dolores ORiordan,19201,45,Electric Guitar (muted) _ 1
147.591257375,0.3828125,74,108,ZOMBIE                          Words and music by Dolores ORiordan,19198,49,Shakuhachi _ 1
147.974069875,0.0078125,42,51,ZOMBIE                          Words and music by Dolores ORiordan,19247,1,Drum Kit _ 1
148.161569875,0.0078125,42,69,ZOMBIE                          Words and music by Dolores ORiordan,19271,1,Drum Kit _ 1
147.981882375,0.21875,36,89,ZOMBIE                          Words and music by Dolores ORiordan,19248,28,Electric Bass (finger) _ 1
147.974069875,0.3515625,52,62,ZOMBIE                          Words and music by Dolores ORiordan,19247,45,Electric Guitar (muted) _ 1
147.974069875,0.3671875,64,87,ZOMBIE                          Words and music by Dolores ORiordan,19247,47,Clavinet _ 1
147.974069875,0.3671875,59,88,ZOMBIE                          Words and music by Dolores ORiordan,19247,47,Clavinet _ 1
147.974069875,0.3671875,55,87,ZOMBIE                          Words and music by Dolores ORiordan,19247,47,Clavinet _ 1
148.349069875,0.0078125,42,105,ZOMBIE                          Words and music by Dolores ORiordan,19295,1,Drum Kit _ 1
148.349069875,0.0078125,43,118,ZOMBIE                          Words and music by Dolores ORiordan,19295,1,Drum Kit _ 1
147.974069875,0.515625,72,93,ZOMBIE                          Words and music by Dolores ORiordan,19247,66,Shakuhachi _ 1
148.536569875,0.0078125,42,73,ZOMBIE                          Words and music by Dolores ORiordan,19319,1,Drum Kit _ 1
148.349069875,0.2734375,36,101,ZOMBIE                          Words and music by Dolores ORiordan,19295,35,Electric Bass (finger) _ 1
148.349069875,0.3671875,64,87,ZOMBIE                          Words and music by Dolores ORiordan,19295,47,Clavinet _ 1
148.349069875,0.3671875,59,88,ZOMBIE                          Words and music by Dolores ORiordan,19295,47,Clavinet _ 1
148.349069875,0.3671875,55,88,ZOMBIE                          Words and music by Dolores ORiordan,19295,47,Clavinet _ 1
147.974069875,0.7421875,48,90,ZOMBIE                          Words and music by Dolores ORiordan,19247,95,Electric Guitar (muted) _ 1
148.349069875,0.375,52,81,ZOMBIE                          Words and music by Dolores ORiordan,19295,48,Electric Guitar (muted) _ 1
148.724069875,0.0078125,36,107,ZOMBIE                          Words and music by Dolores ORiordan,19343,1,Drum Kit _ 1
148.724069875,0.0078125,42,62,ZOMBIE                          Words and music by Dolores ORiordan,19343,1,Drum Kit _ 1
148.724069875,0.15625,64,86,ZOMBIE                          Words and music by Dolores ORiordan,19343,20,Clavinet _ 1
148.724069875,0.1796875,59,87,ZOMBIE                          Words and music by Dolores ORiordan,19343,23,Clavinet _ 1
148.724069875,0.1796875,55,87,ZOMBIE                          Words and music by Dolores ORiordan,19343,23,Clavinet _ 1
148.911569875,0.0078125,42,69,ZOMBIE                          Words and music by Dolores ORiordan,19367,1,Drum Kit _ 1
148.731882375,0.3515625,52,64,ZOMBIE                          Words and music by Dolores ORiordan,19344,45,Electric Guitar (muted) _ 1
148.724069875,0.359375,48,107,ZOMBIE                          Words and music by Dolores ORiordan,19343,46,Electric Guitar (muted) _ 1
148.716257375,0.375,71,99,ZOMBIE                          Words and music by Dolores ORiordan,19342,48,Shakuhachi _ 1
149.099069875,0.0078125,36,109,ZOMBIE                          Words and music by Dolores ORiordan,19391,1,Drum Kit _ 1
149.099069875,0.0078125,42,72,ZOMBIE                          Words and music by Dolores ORiordan,19391,1,Drum Kit _ 1
148.911569875,0.3671875,59,87,ZOMBIE                          Words and music by Dolores ORiordan,19367,47,Clavinet _ 1
148.911569875,0.3671875,64,87,ZOMBIE                          Words and music by Dolores ORiordan,19367,47,Clavinet _ 1
149.286569875,0.0078125,42,64,ZOMBIE                          Words and music by Dolores ORiordan,19415,1,Drum Kit _ 1
148.911569875,0.3828125,55,87,ZOMBIE                          Words and music by Dolores ORiordan,19367,49,Clavinet _ 1
149.091257375,0.328125,69,99,ZOMBIE                          Words and music by Dolores ORiordan,19390,42,Shakuhachi _ 1
149.286569875,0.1796875,59,87,ZOMBIE                          Words and music by Dolores ORiordan,19415,23,Clavinet _ 1
149.099069875,0.3671875,52,76,ZOMBIE                          Words and music by Dolores ORiordan,19391,47,Electric Guitar (muted) _ 1
149.099069875,0.3671875,48,122,ZOMBIE                          Words and music by Dolores ORiordan,19391,47,Electric Guitar (muted) _ 1
149.286569875,0.1875,64,87,ZOMBIE                          Words and music by Dolores ORiordan,19415,24,Clavinet _ 1
149.474069875,0.0078125,36,108,ZOMBIE                          Words and music by Dolores ORiordan,19439,1,Drum Kit _ 1
149.474069875,0.0078125,42,61,ZOMBIE                          Words and music by Dolores ORiordan,19439,1,Drum Kit _ 1
149.661569875,0.0078125,42,64,ZOMBIE                          Words and music by Dolores ORiordan,19463,1,Drum Kit _ 1
149.474069875,0.28125,59,87,ZOMBIE                          Words and music by Dolores ORiordan,19439,36,Clavinet _ 1
149.302194875,0.46875,55,87,ZOMBIE                          Words and music by Dolores ORiordan,19417,60,Clavinet _ 1
149.481882375,0.3125,64,87,ZOMBIE                          Words and music by Dolores ORiordan,19440,40,Clavinet _ 1
149.474069875,0.328125,52,72,ZOMBIE                          Words and music by Dolores ORiordan,19439,42,Electric Guitar (muted) _ 1
149.849069875,0.0078125,42,105,ZOMBIE                          Words and music by Dolores ORiordan,19487,1,Drum Kit _ 1
149.849069875,0.0078125,43,117,ZOMBIE                          Words and music by Dolores ORiordan,19487,1,Drum Kit _ 1
149.849069875,0.1796875,64,104,ZOMBIE                          Words and music by Dolores ORiordan,19487,23,Electric Guitar (clean) _ 1
150.036569875,0.0078125,42,66,ZOMBIE                          Words and music by Dolores ORiordan,19511,1,Drum Kit _ 1
149.849069875,0.1953125,59,87,ZOMBIE                          Words and music by Dolores ORiordan,19487,25,Clavinet _ 1
149.466257375,0.59375,69,101,ZOMBIE                          Words and music by Dolores ORiordan,19438,76,Shakuhachi _ 1
149.849069875,0.2890625,36,96,ZOMBIE                          Words and music by Dolores ORiordan,19487,37,Electric Bass (finger) _ 1
150.224069875,0.0078125,46,60,ZOMBIE                          Words and music by Dolores ORiordan,19535,1,Drum Kit _ 1
150.052194875,0.1796875,59,86,ZOMBIE                          Words and music by Dolores ORiordan,19513,23,Clavinet _ 1
150.036569875,0.1953125,64,85,ZOMBIE                          Words and music by Dolores ORiordan,19511,25,Clavinet _ 1
149.841257375,0.390625,55,112,ZOMBIE                          Words and music by Dolores ORiordan,19486,50,Electric Guitar (clean) _ 1
149.474069875,1.0234375,48,117,ZOMBIE                          Words and music by Dolores ORiordan,19439,131,Electric Guitar (muted) _ 1
149.841257375,0.6875,52,126,ZOMBIE                          Words and music by Dolores ORiordan,19486,88,Electric Guitar (muted) _ 1
150.224069875,0.3671875,36,90,ZOMBIE                          Words and music by Dolores ORiordan,19535,47,Electric Bass (finger) _ 1
150.216257375,0.3828125,69,90,ZOMBIE                          Words and music by Dolores ORiordan,19534,49,Shakuhachi _ 1
150.239694875,0.359375,55,88,ZOMBIE                          Words and music by Dolores ORiordan,19537,46,Clavinet _ 1
150.239694875,0.359375,64,86,ZOMBIE                          Words and music by Dolores ORiordan,19537,46,Clavinet _ 1
150.599069875,0.0078125,36,109,ZOMBIE                          Words and music by Dolores ORiordan,19583,1,Drum Kit _ 1
150.599069875,0.0078125,42,77,ZOMBIE                          Words and music by Dolores ORiordan,19583,1,Drum Kit _ 1
150.239694875,0.3671875,59,88,ZOMBIE                          Words and music by Dolores ORiordan,19537,47,Clavinet _ 1
150.786569875,0.0078125,42,66,ZOMBIE                          Words and music by Dolores ORiordan,19607,1,Drum Kit _ 1
150.599069875,0.2421875,31,103,ZOMBIE                          Words and music by Dolores ORiordan,19583,31,Electric Bass (finger) _ 1
150.599069875,0.3515625,43,89,ZOMBIE                          Words and music by Dolores ORiordan,19583,45,Electric Guitar (muted) _ 1
150.599069875,0.3671875,72,101,ZOMBIE                          Words and music by Dolores ORiordan,19583,47,Shakuhachi _ 1
150.974069875,0.0078125,36,109,ZOMBIE                          Words and music by Dolores ORiordan,19631,1,Drum Kit _ 1
150.974069875,0.0078125,42,56,ZOMBIE                          Words and music by Dolores ORiordan,19631,1,Drum Kit _ 1
150.606882375,0.375,55,87,ZOMBIE                          Words and music by Dolores ORiordan,19584,48,Clavinet _ 1
150.614694875,0.375,59,88,ZOMBIE                          Words and music by Dolores ORiordan,19585,48,Clavinet _ 1
150.606882375,0.3828125,64,84,ZOMBIE                          Words and music by Dolores ORiordan,19584,49,Clavinet _ 1
151.161569875,0.0078125,42,62,ZOMBIE                          Words and music by Dolores ORiordan,19655,1,Drum Kit _ 1
150.974069875,0.234375,31,96,ZOMBIE                          Words and music by Dolores ORiordan,19631,30,Electric Bass (finger) _ 1
150.974069875,0.34375,43,93,ZOMBIE                          Words and music by Dolores ORiordan,19631,44,Electric Guitar (muted) _ 1
150.606882375,0.7265625,47,105,ZOMBIE                          Words and music by Dolores ORiordan,19584,93,Electric Guitar (muted) _ 1
150.997507375,0.34375,59,87,ZOMBIE                          Words and music by Dolores ORiordan,19634,44,Clavinet _ 1
150.997507375,0.3515625,64,85,ZOMBIE                          Words and music by Dolores ORiordan,19634,45,Clavinet _ 1
150.989694875,0.359375,55,87,ZOMBIE                          Words and music by Dolores ORiordan,19633,46,Clavinet _ 1
151.349069875,0.0078125,42,103,ZOMBIE                          Words and music by Dolores ORiordan,19679,1,Drum Kit _ 1
151.349069875,0.0078125,43,114,ZOMBIE                          Words and music by Dolores ORiordan,19679,1,Drum Kit _ 1
150.966257375,0.578125,71,96,ZOMBIE                          Words and music by Dolores ORiordan,19630,74,Shakuhachi _ 1
151.536569875,0.0078125,42,61,ZOMBIE                          Words and music by Dolores ORiordan,19703,1,Drum Kit _ 1
151.349069875,0.2578125,31,103,ZOMBIE                          Words and music by Dolores ORiordan,19679,33,Electric Bass (finger) _ 1
151.356882375,0.3671875,55,87,ZOMBIE                          Words and music by Dolores ORiordan,19680,47,Clavinet _ 1
151.356882375,0.3671875,64,84,ZOMBIE                          Words and music by Dolores ORiordan,19680,47,Clavinet _ 1
151.349069875,0.375,59,87,ZOMBIE                          Words and music by Dolores ORiordan,19679,48,Clavinet _ 1
151.724069875,0.0078125,36,106,ZOMBIE                          Words and music by Dolores ORiordan,19727,1,Drum Kit _ 1
151.724069875,0.0078125,42,62,ZOMBIE                          Words and music by Dolores ORiordan,19727,1,Drum Kit _ 1
151.349069875,0.3828125,47,105,ZOMBIE                          Words and music by Dolores ORiordan,19679,49,Electric Guitar (muted) _ 1
150.981882375,0.75,50,61,ZOMBIE                          Words and music by Dolores ORiordan,19632,96,Electric Guitar (muted) _ 1
151.731882375,0.1015625,55,85,ZOMBIE                          Words and music by Dolores ORiordan,19728,13,Clavinet _ 1
151.731882375,0.1640625,64,84,ZOMBIE                          Words and music by Dolores ORiordan,19728,21,Clavinet _ 1
151.731882375,0.171875,59,85,ZOMBIE                          Words and music by Dolores ORiordan,19728,22,Clavinet _ 1
151.911569875,0.0078125,42,66,ZOMBIE                          Words and music by Dolores ORiordan,19751,1,Drum Kit _ 1
151.724069875,0.2578125,31,93,ZOMBIE                          Words and music by Dolores ORiordan,19727,33,Electric Bass (finger) _ 1
151.739694875,0.34375,50,65,ZOMBIE                          Words and music by Dolores ORiordan,19729,44,Electric Guitar (muted) _ 1
151.731882375,0.3515625,43,89,ZOMBIE                          Words and music by Dolores ORiordan,19728,45,Electric Guitar (muted) _ 1
151.739694875,0.359375,47,105,ZOMBIE                          Words and music by Dolores ORiordan,19729,46,Electric Guitar (muted) _ 1
152.099069875,0.0078125,36,110,ZOMBIE                          Words and music by Dolores ORiordan,19775,1,Drum Kit _ 1
152.099069875,0.0078125,42,77,ZOMBIE                          Words and music by Dolores ORiordan,19775,1,Drum Kit _ 1
151.911569875,0.2578125,59,87,ZOMBIE                          Words and music by Dolores ORiordan,19751,33,Clavinet _ 1
151.903757375,0.3671875,64,87,ZOMBIE                          Words and music by Dolores ORiordan,19750,47,Clavinet _ 1
152.286569875,0.0078125,42,65,ZOMBIE                          Words and music by Dolores ORiordan,19799,1,Drum Kit _ 1
151.919382375,0.375,55,87,ZOMBIE                          Words and music by Dolores ORiordan,19752,48,Clavinet _ 1
152.099069875,0.2734375,31,99,ZOMBIE                          Words and music by Dolores ORiordan,19775,35,Electric Bass (finger) _ 1
151.724069875,0.71875,69,112,ZOMBIE                          Words and music by Dolores ORiordan,19727,92,Shakuhachi _ 1
152.106882375,0.34375,47,105,ZOMBIE                          Words and music by Dolores ORiordan,19776,44,Electric Guitar (muted) _ 1
152.106882375,0.34375,43,91,ZOMBIE                          Words and music by Dolores ORiordan,19776,44,Electric Guitar (muted) _ 1
152.099069875,0.359375,50,61,ZOMBIE                          Words and music by Dolores ORiordan,19775,46,Electric Guitar (muted) _ 1
152.302194875,0.1640625,55,85,ZOMBIE                          Words and music by Dolores ORiordan,19801,21,Clavinet _ 1
152.286569875,0.1875,59,86,ZOMBIE                          Words and music by Dolores ORiordan,19799,24,Clavinet _ 1
152.474069875,0.0078125,36,108,ZOMBIE                          Words and music by Dolores ORiordan,19823,1,Drum Kit _ 1
152.474069875,0.0078125,42,63,ZOMBIE                          Words and music by Dolores ORiordan,19823,1,Drum Kit _ 1
152.278757375,0.203125,64,86,ZOMBIE                          Words and music by Dolores ORiordan,19798,26,Clavinet _ 1
152.661569875,0.0078125,42,64,ZOMBIE                          Words and music by Dolores ORiordan,19847,1,Drum Kit _ 1
152.481882375,0.2265625,31,91,ZOMBIE                          Words and music by Dolores ORiordan,19824,29,Electric Bass (finger) _ 1
152.489694875,0.2578125,64,87,ZOMBIE                          Words and music by Dolores ORiordan,19825,33,Clavinet _ 1
152.474069875,0.3671875,55,87,ZOMBIE                          Words and music by Dolores ORiordan,19823,47,Clavinet _ 1
152.474069875,0.3671875,47,105,ZOMBIE                          Words and music by Dolores ORiordan,19823,47,Electric Guitar (muted) _ 1
152.474069875,0.3671875,43,84,ZOMBIE                          Words and music by Dolores ORiordan,19823,47,Electric Guitar (muted) _ 1
152.849069875,0.0078125,42,103,ZOMBIE                          Words and music by Dolores ORiordan,19871,1,Drum Kit _ 1
152.849069875,0.0078125,43,110,ZOMBIE                          Words and music by Dolores ORiordan,19871,1,Drum Kit _ 1
152.466257375,0.5234375,67,92,ZOMBIE                          Words and music by Dolores ORiordan,19822,67,Shakuhachi _ 1
152.481882375,0.546875,59,87,ZOMBIE                          Words and music by Dolores ORiordan,19824,70,Clavinet _ 1
153.036569875,0.0078125,42,58,ZOMBIE                          Words and music by Dolores ORiordan,19895,1,Drum Kit _ 1
152.849069875,0.2421875,31,98,ZOMBIE                          Words and music by Dolores ORiordan,19871,31,Electric Bass (finger) _ 1
152.849069875,0.359375,47,105,ZOMBIE                          Words and music by Dolores ORiordan,19871,46,Electric Guitar (muted) _ 1
152.849069875,0.3671875,55,85,ZOMBIE                          Words and music by Dolores ORiordan,19871,47,Clavinet _ 1
153.028757375,0.1953125,64,86,ZOMBIE                          Words and music by Dolores ORiordan,19894,25,Clavinet _ 1
153.224069875,0.0078125,36,107,ZOMBIE                          Words and music by Dolores ORiordan,19919,1,Drum Kit _ 1
153.224069875,0.0078125,42,59,ZOMBIE                          Words and music by Dolores ORiordan,19919,1,Drum Kit _ 1
153.411569875,0.0078125,42,68,ZOMBIE                          Words and music by Dolores ORiordan,19943,1,Drum Kit _ 1
153.231882375,0.2265625,31,98,ZOMBIE                          Words and music by Dolores ORiordan,19920,29,Electric Bass (finger) _ 1
153.224069875,0.296875,43,90,ZOMBIE                          Words and music by Dolores ORiordan,19919,38,Electric Guitar (muted) _ 1
153.224069875,0.3515625,47,113,ZOMBIE                          Words and music by Dolores ORiordan,19919,45,Electric Guitar (muted) _ 1
153.224069875,0.359375,55,88,ZOMBIE                          Words and music by Dolores ORiordan,19919,46,Clavinet _ 1
152.474069875,1.109375,50,80,ZOMBIE                          Words and music by Dolores ORiordan,19823,142,Electric Guitar (muted) _ 1
153.216257375,0.375,69,99,ZOMBIE                          Words and music by Dolores ORiordan,19918,48,Shakuhachi _ 1
153.036569875,0.5546875,59,86,ZOMBIE                          Words and music by Dolores ORiordan,19895,71,Clavinet _ 1
153.231882375,0.3671875,64,86,ZOMBIE                          Words and music by Dolores ORiordan,19920,47,Clavinet _ 1
153.599069875,0.0078125,36,111,ZOMBIE                          Words and music by Dolores ORiordan,19967,1,Drum Kit _ 1
153.599069875,0.0078125,42,75,ZOMBIE                          Words and music by Dolores ORiordan,19967,1,Drum Kit _ 1
153.786569875,0.0078125,42,65,ZOMBIE                          Words and music by Dolores ORiordan,19991,1,Drum Kit _ 1
153.599069875,0.2578125,30,100,ZOMBIE                          Words and music by Dolores ORiordan,19967,33,Electric Bass (finger) _ 1
153.599069875,0.359375,59,87,ZOMBIE                          Words and music by Dolores ORiordan,19967,46,Clavinet _ 1
153.599069875,0.3671875,64,122,ZOMBIE                          Words and music by Dolores ORiordan,19967,47,Electric Guitar (clean) _ 1
153.606882375,0.3671875,45,111,ZOMBIE                          Words and music by Dolores ORiordan,19968,47,Electric Guitar (muted) _ 1
153.974069875,0.0078125,42,69,ZOMBIE                          Words and music by Dolores ORiordan,20015,1,Drum Kit _ 1
153.981882375,0.1875,42,90,ZOMBIE                          Words and music by Dolores ORiordan,20016,24,Electric Guitar (muted) _ 1
153.974069875,0.234375,30,84,ZOMBIE                          Words and music by Dolores ORiordan,20015,30,Electric Bass (finger) _ 1
153.974069875,0.3671875,64,87,ZOMBIE                          Words and music by Dolores ORiordan,20015,47,Clavinet _ 1
153.966257375,0.375,59,86,ZOMBIE                          Words and music by Dolores ORiordan,20014,48,Clavinet _ 1
153.591257375,0.75,55,88,ZOMBIE                          Words and music by Dolores ORiordan,19966,96,Clavinet _ 1
153.989694875,0.3515625,45,90,ZOMBIE                          Words and music by Dolores ORiordan,20017,45,Electric Guitar (muted) _ 1
154.349069875,0.0078125,42,95,ZOMBIE                          Words and music by Dolores ORiordan,20063,1,Drum Kit _ 1
154.349069875,0.0078125,43,111,ZOMBIE                          Words and music by Dolores ORiordan,20063,1,Drum Kit _ 1
154.356882375,0.1875,42,102,ZOMBIE                          Words and music by Dolores ORiordan,20064,24,Electric Guitar (muted) _ 1
154.349069875,0.265625,30,102,ZOMBIE                          Words and music by Dolores ORiordan,20063,34,Electric Bass (finger) _ 1
154.005319875,0.703125,50,82,ZOMBIE                          Words and music by Dolores ORiordan,20019,90,Electric Guitar (muted) _ 1
154.341257375,0.375,55,119,ZOMBIE                          Words and music by Dolores ORiordan,20062,48,Electric Guitar (clean) _ 1
154.349069875,0.3671875,64,85,ZOMBIE                          Words and music by Dolores ORiordan,20063,47,Clavinet _ 1
154.349069875,0.375,59,87,ZOMBIE                          Words and music by Dolores ORiordan,20063,48,Clavinet _ 1
154.372507375,0.3515625,45,102,ZOMBIE                          Words and music by Dolores ORiordan,20066,45,Electric Guitar (muted) _ 1
154.724069875,0.0078125,36,108,ZOMBIE                          Words and music by Dolores ORiordan,20111,1,Drum Kit _ 1
154.724069875,0.0078125,42,69,ZOMBIE                          Words and music by Dolores ORiordan,20111,1,Drum Kit _ 1
154.724069875,0.1796875,64,84,ZOMBIE                          Words and music by Dolores ORiordan,20111,23,Clavinet _ 1
154.731882375,0.1796875,59,86,ZOMBIE                          Words and music by Dolores ORiordan,20112,23,Clavinet _ 1
154.747507375,0.171875,42,81,ZOMBIE                          Words and music by Dolores ORiordan,20114,22,Electric Guitar (muted) _ 1
154.724069875,0.21875,30,85,ZOMBIE                          Words and music by Dolores ORiordan,20111,28,Electric Bass (finger) _ 1
155.099069875,0.0078125,36,109,ZOMBIE                          Words and music by Dolores ORiordan,20159,1,Drum Kit _ 1
154.755319875,0.3515625,45,81,ZOMBIE                          Words and music by Dolores ORiordan,20115,45,Electric Guitar (muted) _ 1
154.919382375,0.359375,59,87,ZOMBIE                          Words and music by Dolores ORiordan,20136,46,Clavinet _ 1
154.911569875,0.3671875,64,86,ZOMBIE                          Words and music by Dolores ORiordan,20135,47,Clavinet _ 1
155.114694875,0.1796875,42,102,ZOMBIE                          Words and music by Dolores ORiordan,20161,23,Electric Guitar (muted) _ 1
155.099069875,0.3671875,30,101,ZOMBIE                          Words and music by Dolores ORiordan,20159,47,Electric Bass (finger) _ 1
155.114694875,0.3515625,45,102,ZOMBIE                          Words and music by Dolores ORiordan,20161,45,Electric Guitar (muted) _ 1
155.474069875,0.0078125,36,108,ZOMBIE                          Words and music by Dolores ORiordan,20207,1,Drum Kit _ 1
155.474069875,0.0078125,42,66,ZOMBIE                          Words and music by Dolores ORiordan,20207,1,Drum Kit _ 1
155.286569875,0.1953125,64,87,ZOMBIE                          Words and music by Dolores ORiordan,20183,25,Clavinet _ 1
154.716257375,0.765625,50,82,ZOMBIE                          Words and music by Dolores ORiordan,20110,98,Electric Guitar (muted) _ 1
153.591257375,2.0,66,95,ZOMBIE                          Words and music by Dolores ORiordan,19966,256,Shakuhachi _ 1
155.661569875,0.0078125,42,72,ZOMBIE                          Words and music by Dolores ORiordan,20231,1,Drum Kit _ 1
155.489694875,0.3125,43,110,ZOMBIE                          Words and music by Dolores ORiordan,20209,40,Electric Guitar (muted) _ 1
155.474069875,0.3671875,31,108,ZOMBIE                          Words and music by Dolores ORiordan,20207,47,Electric Bass (finger) _ 1
154.724069875,1.1171875,55,87,ZOMBIE                          Words and music by Dolores ORiordan,20111,143,Clavinet _ 1
155.849069875,0.0078125,42,94,ZOMBIE                          Words and music by Dolores ORiordan,20255,1,Drum Kit _ 1
155.849069875,0.0078125,43,111,ZOMBIE                          Words and music by Dolores ORiordan,20255,1,Drum Kit _ 1
155.489694875,0.3671875,64,87,ZOMBIE                          Words and music by Dolores ORiordan,20209,47,Clavinet _ 1
155.489694875,0.3671875,50,110,ZOMBIE                          Words and music by Dolores ORiordan,20209,47,Electric Guitar (muted) _ 1
155.864694875,0.1171875,50,112,ZOMBIE                          Words and music by Dolores ORiordan,20257,15,Electric Guitar (muted) _ 1
155.864694875,0.1640625,64,86,ZOMBIE                          Words and music by Dolores ORiordan,20257,21,Clavinet _ 1
155.286569875,0.75,59,87,ZOMBIE                          Words and music by Dolores ORiordan,20183,96,Clavinet _ 1
155.856882375,0.1875,42,112,ZOMBIE                          Words and music by Dolores ORiordan,20256,24,Electric Guitar (muted) _ 1
155.849069875,0.3671875,30,98,ZOMBIE                          Words and music by Dolores ORiordan,20255,47,Electric Bass (finger) _ 1
156.224069875,0.0078125,47,115,ZOMBIE                          Words and music by Dolores ORiordan,20303,1,Drum Kit _ 1
156.044382375,0.1875,59,86,ZOMBIE                          Words and music by Dolores ORiordan,20280,24,Clavinet _ 1
156.036569875,0.1953125,64,85,ZOMBIE                          Words and music by Dolores ORiordan,20279,25,Clavinet _ 1
155.849069875,0.3828125,55,87,ZOMBIE                          Words and music by Dolores ORiordan,20255,49,Clavinet _ 1
156.411569875,0.0078125,46,95,ZOMBIE                          Words and music by Dolores ORiordan,20327,1,Drum Kit _ 1
156.239694875,0.2578125,64,86,ZOMBIE                          Words and music by Dolores ORiordan,20305,33,Clavinet _ 1
156.239694875,0.2734375,55,84,ZOMBIE                          Words and music by Dolores ORiordan,20305,35,Clavinet _ 1
156.224069875,0.3203125,31,106,ZOMBIE                          Words and music by Dolores ORiordan,20303,41,Electric Bass (finger) _ 1
153.966257375,2.578125,62,112,ZOMBIE                          Words and music by Dolores ORiordan,20014,330,Electric Guitar (clean) _ 1
156.231882375,0.3203125,43,97,ZOMBIE                          Words and music by Dolores ORiordan,20304,41,Electric Guitar (muted) _ 1
156.239694875,0.3359375,59,83,ZOMBIE                          Words and music by Dolores ORiordan,20305,43,Clavinet _ 1
156.599069875,0.0078125,36,111,ZOMBIE                          Words and music by Dolores ORiordan,20351,1,Drum Kit _ 1
156.599069875,0.0078125,42,89,ZOMBIE                          Words and music by Dolores ORiordan,20351,1,Drum Kit _ 1
156.239694875,0.390625,50,75,ZOMBIE                          Words and music by Dolores ORiordan,20305,50,Electric Guitar (muted) _ 1
155.864694875,0.78125,45,112,ZOMBIE                          Words and music by Dolores ORiordan,20257,100,Electric Guitar (muted) _ 1
156.786569875,0.0078125,42,83,ZOMBIE                          Words and music by Dolores ORiordan,20375,1,Drum Kit _ 1
156.606882375,0.2109375,28,113,ZOMBIE                          Words and music by Dolores ORiordan,20352,27,Electric Bass (finger) _ 1
156.606882375,0.359375,64,88,ZOMBIE                          Words and music by Dolores ORiordan,20352,46,Clavinet _ 1
156.591257375,0.375,59,88,ZOMBIE                          Words and music by Dolores ORiordan,20350,48,Clavinet _ 1
156.583444875,0.3828125,55,88,ZOMBIE                          Words and music by Dolores ORiordan,20349,49,Clavinet _ 1
156.974069875,0.0078125,36,111,ZOMBIE                          Words and music by Dolores ORiordan,20399,1,Drum Kit _ 1
156.974069875,0.0078125,42,57,ZOMBIE                          Words and music by Dolores ORiordan,20399,1,Drum Kit _ 1
157.161569875,0.0078125,42,73,ZOMBIE                          Words and music by Dolores ORiordan,20423,1,Drum Kit _ 1
156.974069875,0.2421875,28,93,ZOMBIE                          Words and music by Dolores ORiordan,20399,31,Electric Bass (finger) _ 1
156.989694875,0.3359375,40,78,ZOMBIE                          Words and music by Dolores ORiordan,20401,43,Electric Guitar (muted) _ 1
156.974069875,0.3671875,64,84,ZOMBIE                          Words and music by Dolores ORiordan,20399,47,Clavinet _ 1
156.974069875,0.3671875,55,87,ZOMBIE                          Words and music by Dolores ORiordan,20399,47,Clavinet _ 1
156.981882375,0.359375,47,78,ZOMBIE                          Words and music by Dolores ORiordan,20400,46,Electric Guitar (muted) _ 1
156.583444875,0.7578125,52,121,ZOMBIE                          Words and music by Dolores ORiordan,20349,97,Electric Guitar (muted) _ 1
156.974069875,0.375,59,86,ZOMBIE                          Words and music by Dolores ORiordan,20399,48,Clavinet _ 1
157.349069875,0.0078125,42,107,ZOMBIE                          Words and music by Dolores ORiordan,20447,1,Drum Kit _ 1
157.349069875,0.0078125,43,114,ZOMBIE                          Words and music by Dolores ORiordan,20447,1,Drum Kit _ 1
157.536569875,0.0078125,42,69,ZOMBIE                          Words and music by Dolores ORiordan,20471,1,Drum Kit _ 1
157.349069875,0.2421875,28,106,ZOMBIE                          Words and music by Dolores ORiordan,20447,31,Electric Bass (finger) _ 1
157.341257375,0.375,76,111,ZOMBIE                          Words and music by Dolores ORiordan,20446,48,Shakuhachi _ 1
157.349069875,0.3671875,55,87,ZOMBIE                          Words and music by Dolores ORiordan,20447,47,Clavinet _ 1
157.349069875,0.3671875,52,121,ZOMBIE                          Words and music by Dolores ORiordan,20447,47,Electric Guitar (muted) _ 1
157.356882375,0.3671875,59,87,ZOMBIE                          Words and music by Dolores ORiordan,20448,47,Clavinet _ 1
157.724069875,0.0078125,36,107,ZOMBIE                          Words and music by Dolores ORiordan,20495,1,Drum Kit _ 1
157.724069875,0.0078125,42,57,ZOMBIE                          Words and music by Dolores ORiordan,20495,1,Drum Kit _ 1
157.356882375,0.375,64,87,ZOMBIE                          Words and music by Dolores ORiordan,20448,48,Clavinet _ 1
157.739694875,0.1640625,64,87,ZOMBIE                          Words and music by Dolores ORiordan,20497,21,Clavinet _ 1
157.731882375,0.171875,59,87,ZOMBIE                          Words and music by Dolores ORiordan,20496,22,Clavinet _ 1
157.911569875,0.0078125,42,65,ZOMBIE                          Words and music by Dolores ORiordan,20519,1,Drum Kit _ 1
157.724069875,0.2734375,28,91,ZOMBIE                          Words and music by Dolores ORiordan,20495,35,Electric Bass (finger) _ 1
157.349069875,0.6875,47,121,ZOMBIE                          Words and music by Dolores ORiordan,20447,88,Electric Guitar (muted) _ 1
157.349069875,0.6953125,40,121,ZOMBIE                          Words and music by Dolores ORiordan,20447,89,Electric Guitar (muted) _ 1
157.724069875,0.3359375,52,88,ZOMBIE                          Words and music by Dolores ORiordan,20495,43,Electric Guitar (muted) _ 1
158.099069875,0.0078125,36,112,ZOMBIE                          Words and music by Dolores ORiordan,20543,1,Drum Kit _ 1
158.099069875,0.0078125,42,87,ZOMBIE                          Words and music by Dolores ORiordan,20543,1,Drum Kit _ 1
157.911569875,0.3671875,59,87,ZOMBIE                          Words and music by Dolores ORiordan,20519,47,Clavinet _ 1
157.911569875,0.3671875,64,87,ZOMBIE                          Words and music by Dolores ORiordan,20519,47,Clavinet _ 1
157.724069875,0.5625,55,87,ZOMBIE                          Words and music by Dolores ORiordan,20495,72,Clavinet _ 1
158.286569875,0.0078125,42,69,ZOMBIE                          Words and music by Dolores ORiordan,20567,1,Drum Kit _ 1
158.099069875,0.2578125,28,105,ZOMBIE                          Words and music by Dolores ORiordan,20543,33,Electric Bass (finger) _ 1
157.716257375,0.6953125,74,100,ZOMBIE                          Words and music by Dolores ORiordan,20494,89,Shakuhachi _ 1
158.294382375,0.1640625,55,86,ZOMBIE                          Words and music by Dolores ORiordan,20568,21,Clavinet _ 1
158.091257375,0.3671875,47,102,ZOMBIE                          Words and music by Dolores ORiordan,20542,47,Electric Guitar (muted) _ 1
158.286569875,0.1796875,64,87,ZOMBIE                          Words and music by Dolores ORiordan,20567,23,Clavinet _ 1
158.091257375,0.375,40,112,ZOMBIE                          Words and music by Dolores ORiordan,20542,48,Electric Guitar (muted) _ 1
158.091257375,0.375,52,81,ZOMBIE                          Words and music by Dolores ORiordan,20542,48,Electric Guitar (muted) _ 1
158.474069875,0.0078125,36,110,ZOMBIE                          Words and music by Dolores ORiordan,20591,1,Drum Kit _ 1
158.474069875,0.0078125,42,67,ZOMBIE                          Words and music by Dolores ORiordan,20591,1,Drum Kit _ 1
158.661569875,0.0078125,42,82,ZOMBIE                          Words and music by Dolores ORiordan,20615,1,Drum Kit _ 1
158.474069875,0.2890625,28,89,ZOMBIE                          Words and music by Dolores ORiordan,20591,37,Electric Bass (finger) _ 1
158.474069875,0.3125,55,87,ZOMBIE                          Words and music by Dolores ORiordan,20591,40,Clavinet _ 1
158.474069875,0.3203125,64,84,ZOMBIE                          Words and music by Dolores ORiordan,20591,41,Clavinet _ 1
158.286569875,0.5078125,59,86,ZOMBIE                          Words and music by Dolores ORiordan,20567,65,Clavinet _ 1
158.474069875,0.3203125,52,57,ZOMBIE                          Words and music by Dolores ORiordan,20591,41,Electric Guitar (muted) _ 1
158.833444875,0.0078125,55,112,ZOMBIE                          Words and music by Dolores ORiordan,20637,1,Electric Guitar (clean) _ 1
158.849069875,0.0078125,42,111,ZOMBIE                          Words and music by Dolores ORiordan,20639,1,Drum Kit _ 1
158.849069875,0.0078125,43,110,ZOMBIE                          Words and music by Dolores ORiordan,20639,1,Drum Kit _ 1
158.458444875,0.5546875,71,101,ZOMBIE                          Words and music by Dolores ORiordan,20589,71,Shakuhachi _ 1
158.849069875,0.1796875,55,84,ZOMBIE                          Words and music by Dolores ORiordan,20639,23,Clavinet _ 1
158.841257375,0.1875,64,106,ZOMBIE                          Words and music by Dolores ORiordan,20638,24,Electric Guitar (clean) _ 1
158.841257375,0.1875,59,115,ZOMBIE                          Words and music by Dolores ORiordan,20638,24,Electric Guitar (clean) _ 1
159.036569875,0.0078125,42,77,ZOMBIE                          Words and music by Dolores ORiordan,20663,1,Drum Kit _ 1
158.849069875,0.25,28,101,ZOMBIE                          Words and music by Dolores ORiordan,20639,32,Electric Bass (finger) _ 1
159.036569875,0.1796875,55,87,ZOMBIE                          Words and music by Dolores ORiordan,20663,23,Clavinet _ 1
159.036569875,0.1796875,64,87,ZOMBIE                          Words and music by Dolores ORiordan,20663,23,Clavinet _ 1
159.224069875,0.0078125,36,107,ZOMBIE                          Words and music by Dolores ORiordan,20687,1,Drum Kit _ 1
159.224069875,0.0078125,42,50,ZOMBIE                          Words and music by Dolores ORiordan,20687,1,Drum Kit _ 1
158.841257375,0.390625,52,114,ZOMBIE                          Words and music by Dolores ORiordan,20638,50,Electric Guitar (muted) _ 1
158.474069875,0.7578125,47,103,ZOMBIE                          Words and music by Dolores ORiordan,20591,97,Electric Guitar (muted) _ 1
159.411569875,0.0078125,42,76,ZOMBIE                          Words and music by Dolores ORiordan,20711,1,Drum Kit _ 1
159.239694875,0.2265625,52,80,ZOMBIE                          Words and music by Dolores ORiordan,20689,29,Electric Guitar (muted) _ 1
159.239694875,0.25,47,76,ZOMBIE                          Words and music by Dolores ORiordan,20689,32,Electric Guitar (muted) _ 1
159.231882375,0.296875,28,96,ZOMBIE                          Words and music by Dolores ORiordan,20688,38,Electric Bass (finger) _ 1
159.224069875,0.359375,55,88,ZOMBIE                          Words and music by Dolores ORiordan,20687,46,Clavinet _ 1
159.036569875,0.546875,59,88,ZOMBIE                          Words and music by Dolores ORiordan,20663,70,Clavinet _ 1
159.216257375,0.375,71,93,ZOMBIE                          Words and music by Dolores ORiordan,20686,48,Shakuhachi _ 1
159.224069875,0.3671875,64,87,ZOMBIE                          Words and music by Dolores ORiordan,20687,47,Clavinet _ 1
159.599069875,0.0078125,36,113,ZOMBIE                          Words and music by Dolores ORiordan,20735,1,Drum Kit _ 1
159.599069875,0.0078125,42,85,ZOMBIE                          Words and music by Dolores ORiordan,20735,1,Drum Kit _ 1
158.474069875,1.1484375,40,118,ZOMBIE                          Words and music by Dolores ORiordan,20591,147,Electric Guitar (muted) _ 1
159.786569875,0.0078125,42,68,ZOMBIE                          Words and music by Dolores ORiordan,20759,1,Drum Kit _ 1
159.614694875,0.34375,48,112,ZOMBIE                          Words and music by Dolores ORiordan,20737,44,Electric Guitar (muted) _ 1
159.599069875,0.3671875,64,87,ZOMBIE                          Words and music by Dolores ORiordan,20735,47,Clavinet _ 1
159.591257375,0.375,59,87,ZOMBIE                          Words and music by Dolores ORiordan,20734,48,Clavinet _ 1
159.591257375,0.375,55,87,ZOMBIE                          Words and music by Dolores ORiordan,20734,48,Clavinet _ 1
159.614694875,0.3515625,52,84,ZOMBIE                          Words and music by Dolores ORiordan,20737,45,Electric Guitar (muted) _ 1
159.591257375,0.3828125,74,97,ZOMBIE                          Words and music by Dolores ORiordan,20734,49,Shakuhachi _ 1
159.974069875,0.0078125,42,51,ZOMBIE                          Words and music by Dolores ORiordan,20783,1,Drum Kit _ 1
160.161569875,0.0078125,42,69,ZOMBIE                          Words and music by Dolores ORiordan,20807,1,Drum Kit _ 1
159.981882375,0.21875,36,89,ZOMBIE                          Words and music by Dolores ORiordan,20784,28,Electric Bass (finger) _ 1
159.974069875,0.3515625,52,62,ZOMBIE                          Words and music by Dolores ORiordan,20783,45,Electric Guitar (muted) _ 1
159.974069875,0.3671875,64,87,ZOMBIE                          Words and music by Dolores ORiordan,20783,47,Clavinet _ 1
159.974069875,0.3671875,59,88,ZOMBIE                          Words and music by Dolores ORiordan,20783,47,Clavinet _ 1
159.974069875,0.3671875,55,87,ZOMBIE                          Words and music by Dolores ORiordan,20783,47,Clavinet _ 1
160.349069875,0.0078125,42,105,ZOMBIE                          Words and music by Dolores ORiordan,20831,1,Drum Kit _ 1
160.349069875,0.0078125,43,118,ZOMBIE                          Words and music by Dolores ORiordan,20831,1,Drum Kit _ 1
159.974069875,0.5625,72,101,ZOMBIE                          Words and music by Dolores ORiordan,20783,72,Shakuhachi _ 1
160.536569875,0.0078125,42,73,ZOMBIE                          Words and music by Dolores ORiordan,20855,1,Drum Kit _ 1
160.349069875,0.2734375,36,101,ZOMBIE                          Words and music by Dolores ORiordan,20831,35,Electric Bass (finger) _ 1
160.349069875,0.3671875,64,87,ZOMBIE                          Words and music by Dolores ORiordan,20831,47,Clavinet _ 1
160.349069875,0.3671875,59,88,ZOMBIE                          Words and music by Dolores ORiordan,20831,47,Clavinet _ 1
160.349069875,0.3671875,55,88,ZOMBIE                          Words and music by Dolores ORiordan,20831,47,Clavinet _ 1
159.974069875,0.7421875,48,90,ZOMBIE                          Words and music by Dolores ORiordan,20783,95,Electric Guitar (muted) _ 1
160.349069875,0.375,52,81,ZOMBIE                          Words and music by Dolores ORiordan,20831,48,Electric Guitar (muted) _ 1
160.724069875,0.0078125,36,107,ZOMBIE                          Words and music by Dolores ORiordan,20879,1,Drum Kit _ 1
160.724069875,0.0078125,42,62,ZOMBIE                          Words and music by Dolores ORiordan,20879,1,Drum Kit _ 1
160.724069875,0.15625,64,86,ZOMBIE                          Words and music by Dolores ORiordan,20879,20,Clavinet _ 1
160.724069875,0.1796875,59,87,ZOMBIE                          Words and music by Dolores ORiordan,20879,23,Clavinet _ 1
160.724069875,0.1796875,55,87,ZOMBIE                          Words and music by Dolores ORiordan,20879,23,Clavinet _ 1
160.911569875,0.0078125,42,69,ZOMBIE                          Words and music by Dolores ORiordan,20903,1,Drum Kit _ 1
160.731882375,0.3515625,52,64,ZOMBIE                          Words and music by Dolores ORiordan,20880,45,Electric Guitar (muted) _ 1
160.724069875,0.359375,48,107,ZOMBIE                          Words and music by Dolores ORiordan,20879,46,Electric Guitar (muted) _ 1
161.099069875,0.0078125,36,109,ZOMBIE                          Words and music by Dolores ORiordan,20927,1,Drum Kit _ 1
161.099069875,0.0078125,42,72,ZOMBIE                          Words and music by Dolores ORiordan,20927,1,Drum Kit _ 1
160.911569875,0.3671875,59,87,ZOMBIE                          Words and music by Dolores ORiordan,20903,47,Clavinet _ 1
160.911569875,0.3671875,64,87,ZOMBIE                          Words and music by Dolores ORiordan,20903,47,Clavinet _ 1
161.286569875,0.0078125,42,64,ZOMBIE                          Words and music by Dolores ORiordan,20951,1,Drum Kit _ 1
160.911569875,0.3828125,55,87,ZOMBIE                          Words and music by Dolores ORiordan,20903,49,Clavinet _ 1
160.716257375,0.7421875,71,99,ZOMBIE                          Words and music by Dolores ORiordan,20878,95,Shakuhachi _ 1
161.286569875,0.1796875,59,87,ZOMBIE                          Words and music by Dolores ORiordan,20951,23,Clavinet _ 1
161.099069875,0.3671875,52,76,ZOMBIE                          Words and music by Dolores ORiordan,20927,47,Electric Guitar (muted) _ 1
161.099069875,0.3671875,48,122,ZOMBIE                          Words and music by Dolores ORiordan,20927,47,Electric Guitar (muted) _ 1
161.286569875,0.1875,64,87,ZOMBIE                          Words and music by Dolores ORiordan,20951,24,Clavinet _ 1
161.474069875,0.0078125,36,108,ZOMBIE                          Words and music by Dolores ORiordan,20975,1,Drum Kit _ 1
161.474069875,0.0078125,42,61,ZOMBIE                          Words and music by Dolores ORiordan,20975,1,Drum Kit _ 1
161.661569875,0.0078125,42,64,ZOMBIE                          Words and music by Dolores ORiordan,20999,1,Drum Kit _ 1
161.302194875,0.421875,55,87,ZOMBIE                          Words and music by Dolores ORiordan,20953,54,Clavinet _ 1
161.481882375,0.296875,64,87,ZOMBIE                          Words and music by Dolores ORiordan,20976,38,Clavinet _ 1
161.474069875,0.3046875,59,87,ZOMBIE                          Words and music by Dolores ORiordan,20975,39,Clavinet _ 1
161.474069875,0.328125,52,72,ZOMBIE                          Words and music by Dolores ORiordan,20975,42,Electric Guitar (muted) _ 1
161.849069875,0.0078125,42,105,ZOMBIE                          Words and music by Dolores ORiordan,21023,1,Drum Kit _ 1
161.849069875,0.0078125,43,117,ZOMBIE                          Words and music by Dolores ORiordan,21023,1,Drum Kit _ 1
161.849069875,0.1796875,64,104,ZOMBIE                          Words and music by Dolores ORiordan,21023,23,Electric Guitar (clean) _ 1
162.036569875,0.0078125,42,66,ZOMBIE                          Words and music by Dolores ORiordan,21047,1,Drum Kit _ 1
161.849069875,0.1953125,59,87,ZOMBIE                          Words and music by Dolores ORiordan,21023,25,Clavinet _ 1
161.458444875,0.609375,69,93,ZOMBIE                          Words and music by Dolores ORiordan,20973,78,Shakuhachi _ 1
161.849069875,0.2890625,36,96,ZOMBIE                          Words and music by Dolores ORiordan,21023,37,Electric Bass (finger) _ 1
162.224069875,0.0078125,46,60,ZOMBIE                          Words and music by Dolores ORiordan,21071,1,Drum Kit _ 1
162.052194875,0.1796875,59,86,ZOMBIE                          Words and music by Dolores ORiordan,21049,23,Clavinet _ 1
162.036569875,0.1953125,64,85,ZOMBIE                          Words and music by Dolores ORiordan,21047,25,Clavinet _ 1
161.841257375,0.390625,55,112,ZOMBIE                          Words and music by Dolores ORiordan,21022,50,Electric Guitar (clean) _ 1
161.474069875,1.0234375,48,117,ZOMBIE                          Words and music by Dolores ORiordan,20975,131,Electric Guitar (muted) _ 1
161.841257375,0.6875,52,126,ZOMBIE                          Words and music by Dolores ORiordan,21022,88,Electric Guitar (muted) _ 1
162.224069875,0.3671875,36,90,ZOMBIE                          Words and music by Dolores ORiordan,21071,47,Electric Bass (finger) _ 1
162.239694875,0.359375,55,88,ZOMBIE                          Words and music by Dolores ORiordan,21073,46,Clavinet _ 1
162.239694875,0.359375,64,86,ZOMBIE                          Words and music by Dolores ORiordan,21073,46,Clavinet _ 1
162.599069875,0.0078125,36,109,ZOMBIE                          Words and music by Dolores ORiordan,21119,1,Drum Kit _ 1
162.599069875,0.0078125,42,77,ZOMBIE                          Words and music by Dolores ORiordan,21119,1,Drum Kit _ 1
162.239694875,0.3671875,59,88,ZOMBIE                          Words and music by Dolores ORiordan,21073,47,Clavinet _ 1
162.786569875,0.0078125,42,66,ZOMBIE                          Words and music by Dolores ORiordan,21143,1,Drum Kit _ 1
162.599069875,0.2421875,31,103,ZOMBIE                          Words and music by Dolores ORiordan,21119,31,Electric Bass (finger) _ 1
162.599069875,0.3515625,43,89,ZOMBIE                          Words and music by Dolores ORiordan,21119,45,Electric Guitar (muted) _ 1
162.208444875,0.75,72,102,ZOMBIE                          Words and music by Dolores ORiordan,21069,96,Shakuhachi _ 1
162.974069875,0.0078125,36,109,ZOMBIE                          Words and music by Dolores ORiordan,21167,1,Drum Kit _ 1
162.974069875,0.0078125,42,56,ZOMBIE                          Words and music by Dolores ORiordan,21167,1,Drum Kit _ 1
162.606882375,0.375,55,87,ZOMBIE                          Words and music by Dolores ORiordan,21120,48,Clavinet _ 1
162.614694875,0.375,59,88,ZOMBIE                          Words and music by Dolores ORiordan,21121,48,Clavinet _ 1
162.606882375,0.3828125,64,84,ZOMBIE                          Words and music by Dolores ORiordan,21120,49,Clavinet _ 1
163.161569875,0.0078125,42,62,ZOMBIE                          Words and music by Dolores ORiordan,21191,1,Drum Kit _ 1
162.974069875,0.234375,31,96,ZOMBIE                          Words and music by Dolores ORiordan,21167,30,Electric Bass (finger) _ 1
162.974069875,0.34375,43,93,ZOMBIE                          Words and music by Dolores ORiordan,21167,44,Electric Guitar (muted) _ 1
162.606882375,0.7265625,47,105,ZOMBIE                          Words and music by Dolores ORiordan,21120,93,Electric Guitar (muted) _ 1
162.997507375,0.34375,59,87,ZOMBIE                          Words and music by Dolores ORiordan,21170,44,Clavinet _ 1
162.997507375,0.3515625,64,85,ZOMBIE                          Words and music by Dolores ORiordan,21170,45,Clavinet _ 1
162.989694875,0.359375,55,87,ZOMBIE                          Words and music by Dolores ORiordan,21169,46,Clavinet _ 1
163.349069875,0.0078125,42,103,ZOMBIE                          Words and music by Dolores ORiordan,21215,1,Drum Kit _ 1
163.349069875,0.0078125,43,114,ZOMBIE                          Words and music by Dolores ORiordan,21215,1,Drum Kit _ 1
163.536569875,0.0078125,42,61,ZOMBIE                          Words and music by Dolores ORiordan,21239,1,Drum Kit _ 1
163.349069875,0.2578125,31,103,ZOMBIE                          Words and music by Dolores ORiordan,21215,33,Electric Bass (finger) _ 1
162.966257375,0.6484375,71,97,ZOMBIE                          Words and music by Dolores ORiordan,21166,83,Shakuhachi _ 1
163.356882375,0.3671875,55,87,ZOMBIE                          Words and music by Dolores ORiordan,21216,47,Clavinet _ 1
163.356882375,0.3671875,64,84,ZOMBIE                          Words and music by Dolores ORiordan,21216,47,Clavinet _ 1
163.349069875,0.375,59,87,ZOMBIE                          Words and music by Dolores ORiordan,21215,48,Clavinet _ 1
163.724069875,0.0078125,36,106,ZOMBIE                          Words and music by Dolores ORiordan,21263,1,Drum Kit _ 1
163.724069875,0.0078125,42,62,ZOMBIE                          Words and music by Dolores ORiordan,21263,1,Drum Kit _ 1
163.349069875,0.3828125,47,105,ZOMBIE                          Words and music by Dolores ORiordan,21215,49,Electric Guitar (muted) _ 1
162.981882375,0.75,50,61,ZOMBIE                          Words and music by Dolores ORiordan,21168,96,Electric Guitar (muted) _ 1
163.731882375,0.1640625,64,84,ZOMBIE                          Words and music by Dolores ORiordan,21264,21,Clavinet _ 1
163.731882375,0.171875,59,85,ZOMBIE                          Words and music by Dolores ORiordan,21264,22,Clavinet _ 1
163.731882375,0.1796875,55,85,ZOMBIE                          Words and music by Dolores ORiordan,21264,23,Clavinet _ 1
163.911569875,0.0078125,42,66,ZOMBIE                          Words and music by Dolores ORiordan,21287,1,Drum Kit _ 1
163.724069875,0.2578125,31,93,ZOMBIE                          Words and music by Dolores ORiordan,21263,33,Electric Bass (finger) _ 1
163.739694875,0.34375,50,65,ZOMBIE                          Words and music by Dolores ORiordan,21265,44,Electric Guitar (muted) _ 1
163.731882375,0.3515625,43,89,ZOMBIE                          Words and music by Dolores ORiordan,21264,45,Electric Guitar (muted) _ 1
163.739694875,0.359375,47,105,ZOMBIE                          Words and music by Dolores ORiordan,21265,46,Electric Guitar (muted) _ 1
164.099069875,0.0078125,36,110,ZOMBIE                          Words and music by Dolores ORiordan,21311,1,Drum Kit _ 1
164.099069875,0.0078125,42,77,ZOMBIE                          Words and music by Dolores ORiordan,21311,1,Drum Kit _ 1
163.903757375,0.3671875,64,87,ZOMBIE                          Words and music by Dolores ORiordan,21286,47,Clavinet _ 1
163.911569875,0.3671875,59,87,ZOMBIE                          Words and music by Dolores ORiordan,21287,47,Clavinet _ 1
164.286569875,0.0078125,42,65,ZOMBIE                          Words and music by Dolores ORiordan,21335,1,Drum Kit _ 1
163.919382375,0.375,55,87,ZOMBIE                          Words and music by Dolores ORiordan,21288,48,Clavinet _ 1
164.099069875,0.2734375,31,99,ZOMBIE                          Words and music by Dolores ORiordan,21311,35,Electric Bass (finger) _ 1
163.724069875,0.71875,69,90,ZOMBIE                          Words and music by Dolores ORiordan,21263,92,Shakuhachi _ 1
164.106882375,0.34375,47,105,ZOMBIE                          Words and music by Dolores ORiordan,21312,44,Electric Guitar (muted) _ 1
164.106882375,0.34375,43,91,ZOMBIE                          Words and music by Dolores ORiordan,21312,44,Electric Guitar (muted) _ 1
164.099069875,0.359375,50,61,ZOMBIE                          Words and music by Dolores ORiordan,21311,46,Electric Guitar (muted) _ 1
164.474069875,0.0078125,36,108,ZOMBIE                          Words and music by Dolores ORiordan,21359,1,Drum Kit _ 1
164.474069875,0.0078125,42,63,ZOMBIE                          Words and music by Dolores ORiordan,21359,1,Drum Kit _ 1
164.278757375,0.203125,64,86,ZOMBIE                          Words and music by Dolores ORiordan,21334,26,Clavinet _ 1
164.661569875,0.0078125,42,64,ZOMBIE                          Words and music by Dolores ORiordan,21383,1,Drum Kit _ 1
164.481882375,0.2265625,31,91,ZOMBIE                          Words and music by Dolores ORiordan,21360,29,Electric Bass (finger) _ 1
164.489694875,0.234375,64,87,ZOMBIE                          Words and music by Dolores ORiordan,21361,30,Clavinet _ 1
164.474069875,0.3671875,55,87,ZOMBIE                          Words and music by Dolores ORiordan,21359,47,Clavinet _ 1
164.474069875,0.3671875,47,105,ZOMBIE                          Words and music by Dolores ORiordan,21359,47,Electric Guitar (muted) _ 1
164.474069875,0.3671875,43,84,ZOMBIE                          Words and music by Dolores ORiordan,21359,47,Electric Guitar (muted) _ 1
164.849069875,0.0078125,42,103,ZOMBIE                          Words and music by Dolores ORiordan,21407,1,Drum Kit _ 1
164.849069875,0.0078125,43,110,ZOMBIE                          Words and music by Dolores ORiordan,21407,1,Drum Kit _ 1
164.481882375,0.546875,59,87,ZOMBIE                          Words and music by Dolores ORiordan,21360,70,Clavinet _ 1
165.036569875,0.0078125,42,58,ZOMBIE                          Words and music by Dolores ORiordan,21431,1,Drum Kit _ 1
164.849069875,0.2421875,31,98,ZOMBIE                          Words and music by Dolores ORiordan,21407,31,Electric Bass (finger) _ 1
164.489694875,0.6875,67,98,ZOMBIE                          Words and music by Dolores ORiordan,21361,88,Shakuhachi _ 1
164.849069875,0.359375,47,105,ZOMBIE                          Words and music by Dolores ORiordan,21407,46,Electric Guitar (muted) _ 1
164.849069875,0.3671875,55,85,ZOMBIE                          Words and music by Dolores ORiordan,21407,47,Clavinet _ 1
165.028757375,0.1953125,64,86,ZOMBIE                          Words and music by Dolores ORiordan,21430,25,Clavinet _ 1
165.224069875,0.0078125,36,107,ZOMBIE                          Words and music by Dolores ORiordan,21455,1,Drum Kit _ 1
165.224069875,0.0078125,42,59,ZOMBIE                          Words and music by Dolores ORiordan,21455,1,Drum Kit _ 1
165.411569875,0.0078125,42,68,ZOMBIE                          Words and music by Dolores ORiordan,21479,1,Drum Kit _ 1
165.231882375,0.2265625,31,98,ZOMBIE                          Words and music by Dolores ORiordan,21456,29,Electric Bass (finger) _ 1
165.224069875,0.34375,43,90,ZOMBIE                          Words and music by Dolores ORiordan,21455,44,Electric Guitar (muted) _ 1
165.208444875,0.3671875,69,99,ZOMBIE                          Words and music by Dolores ORiordan,21453,47,Shakuhachi _ 1
165.224069875,0.359375,55,88,ZOMBIE                          Words and music by Dolores ORiordan,21455,46,Clavinet _ 1
165.224069875,0.359375,47,113,ZOMBIE                          Words and music by Dolores ORiordan,21455,46,Electric Guitar (muted) _ 1
164.474069875,1.109375,50,80,ZOMBIE                          Words and music by Dolores ORiordan,21359,142,Electric Guitar (muted) _ 1
165.036569875,0.5546875,59,86,ZOMBIE                          Words and music by Dolores ORiordan,21431,71,Clavinet _ 1
165.231882375,0.3671875,64,86,ZOMBIE                          Words and music by Dolores ORiordan,21456,47,Clavinet _ 1
165.599069875,0.0078125,36,111,ZOMBIE                          Words and music by Dolores ORiordan,21503,1,Drum Kit _ 1
165.599069875,0.0078125,42,75,ZOMBIE                          Words and music by Dolores ORiordan,21503,1,Drum Kit _ 1
165.606882375,0.1875,42,106,ZOMBIE                          Words and music by Dolores ORiordan,21504,24,Electric Guitar (muted) _ 1
165.599069875,0.2578125,30,100,ZOMBIE                          Words and music by Dolores ORiordan,21503,33,Electric Bass (finger) _ 1
165.599069875,0.359375,59,87,ZOMBIE                          Words and music by Dolores ORiordan,21503,46,Clavinet _ 1
165.606882375,0.3515625,45,106,ZOMBIE                          Words and music by Dolores ORiordan,21504,45,Electric Guitar (muted) _ 1
165.599069875,0.3671875,64,122,ZOMBIE                          Words and music by Dolores ORiordan,21503,47,Electric Guitar (clean) _ 1
165.974069875,0.0078125,42,69,ZOMBIE                          Words and music by Dolores ORiordan,21551,1,Drum Kit _ 1
165.981882375,0.1875,42,90,ZOMBIE                          Words and music by Dolores ORiordan,21552,24,Electric Guitar (muted) _ 1
165.974069875,0.234375,30,84,ZOMBIE                          Words and music by Dolores ORiordan,21551,30,Electric Bass (finger) _ 1
165.974069875,0.3671875,64,87,ZOMBIE                          Words and music by Dolores ORiordan,21551,47,Clavinet _ 1
165.966257375,0.375,59,86,ZOMBIE                          Words and music by Dolores ORiordan,21550,48,Clavinet _ 1
165.591257375,0.75,55,88,ZOMBIE                          Words and music by Dolores ORiordan,21502,96,Clavinet _ 1
165.989694875,0.3515625,45,90,ZOMBIE                          Words and music by Dolores ORiordan,21553,45,Electric Guitar (muted) _ 1
166.341257375,0.015625,42,111,ZOMBIE                          Words and music by Dolores ORiordan,21598,2,Electric Guitar (muted) _ 1
166.349069875,0.0078125,43,111,ZOMBIE                          Words and music by Dolores ORiordan,21599,1,Drum Kit _ 1
166.536569875,0.0078125,42,73,ZOMBIE                          Words and music by Dolores ORiordan,21623,1,Drum Kit _ 1
166.349069875,0.265625,30,102,ZOMBIE                          Words and music by Dolores ORiordan,21599,34,Electric Bass (finger) _ 1
165.583444875,1.09375,66,87,ZOMBIE                          Words and music by Dolores ORiordan,21501,140,Shakuhachi _ 1
166.356882375,0.3515625,45,111,ZOMBIE                          Words and music by Dolores ORiordan,21600,45,Electric Guitar (muted) _ 1
166.341257375,0.375,55,119,ZOMBIE                          Words and music by Dolores ORiordan,21598,48,Electric Guitar (clean) _ 1
166.349069875,0.3671875,64,85,ZOMBIE                          Words and music by Dolores ORiordan,21599,47,Clavinet _ 1
166.349069875,0.375,59,87,ZOMBIE                          Words and music by Dolores ORiordan,21599,48,Clavinet _ 1
166.724069875,0.0078125,36,108,ZOMBIE                          Words and music by Dolores ORiordan,21647,1,Drum Kit _ 1
166.724069875,0.0078125,42,69,ZOMBIE                          Words and music by Dolores ORiordan,21647,1,Drum Kit _ 1
166.724069875,0.1796875,64,84,ZOMBIE                          Words and music by Dolores ORiordan,21647,23,Clavinet _ 1
166.731882375,0.1796875,59,86,ZOMBIE                          Words and music by Dolores ORiordan,21648,23,Clavinet _ 1
166.731882375,0.1875,42,92,ZOMBIE                          Words and music by Dolores ORiordan,21648,24,Electric Guitar (muted) _ 1
166.724069875,0.21875,30,85,ZOMBIE                          Words and music by Dolores ORiordan,21647,28,Electric Bass (finger) _ 1
166.747507375,0.3515625,45,90,ZOMBIE                          Words and music by Dolores ORiordan,21650,45,Electric Guitar (muted) _ 1
167.099069875,0.0078125,36,109,ZOMBIE                          Words and music by Dolores ORiordan,21695,1,Drum Kit _ 1
167.099069875,0.0078125,42,95,ZOMBIE                          Words and music by Dolores ORiordan,21695,1,Drum Kit _ 1
166.919382375,0.359375,59,87,ZOMBIE                          Words and music by Dolores ORiordan,21672,46,Clavinet _ 1
166.911569875,0.3671875,64,86,ZOMBIE                          Words and music by Dolores ORiordan,21671,47,Clavinet _ 1
167.114694875,0.1796875,42,102,ZOMBIE                          Words and music by Dolores ORiordan,21697,23,Electric Guitar (muted) _ 1
167.099069875,0.3671875,30,101,ZOMBIE                          Words and music by Dolores ORiordan,21695,47,Electric Bass (finger) _ 1
167.114694875,0.3515625,45,102,ZOMBIE                          Words and music by Dolores ORiordan,21697,45,Electric Guitar (muted) _ 1
167.474069875,0.0078125,36,108,ZOMBIE                          Words and music by Dolores ORiordan,21743,1,Drum Kit _ 1
167.474069875,0.0078125,42,66,ZOMBIE                          Words and music by Dolores ORiordan,21743,1,Drum Kit _ 1
167.286569875,0.1953125,64,87,ZOMBIE                          Words and music by Dolores ORiordan,21719,25,Clavinet _ 1
166.716257375,0.765625,50,92,ZOMBIE                          Words and music by Dolores ORiordan,21646,98,Electric Guitar (muted) _ 1
167.661569875,0.0078125,42,72,ZOMBIE                          Words and music by Dolores ORiordan,21767,1,Drum Kit _ 1
167.466257375,0.25,78,104,ZOMBIE                          Words and music by Dolores ORiordan,21742,32,Shakuhachi _ 1
167.489694875,0.3125,43,110,ZOMBIE                          Words and music by Dolores ORiordan,21745,40,Electric Guitar (muted) _ 1
167.474069875,0.3671875,31,108,ZOMBIE                          Words and music by Dolores ORiordan,21743,47,Electric Bass (finger) _ 1
166.724069875,1.1171875,55,87,ZOMBIE                          Words and music by Dolores ORiordan,21647,143,Clavinet _ 1
167.849069875,0.0078125,42,94,ZOMBIE                          Words and music by Dolores ORiordan,21791,1,Drum Kit _ 1
167.849069875,0.0078125,43,111,ZOMBIE                          Words and music by Dolores ORiordan,21791,1,Drum Kit _ 1
167.489694875,0.3671875,64,87,ZOMBIE                          Words and music by Dolores ORiordan,21745,47,Clavinet _ 1
167.489694875,0.3671875,50,110,ZOMBIE                          Words and music by Dolores ORiordan,21745,47,Electric Guitar (muted) _ 1
167.864694875,0.1640625,64,86,ZOMBIE                          Words and music by Dolores ORiordan,21793,21,Clavinet _ 1
167.286569875,0.75,59,87,ZOMBIE                          Words and music by Dolores ORiordan,21719,96,Clavinet _ 1
167.856882375,0.1875,42,112,ZOMBIE                          Words and music by Dolores ORiordan,21792,24,Electric Guitar (muted) _ 1
167.841257375,0.375,78,98,ZOMBIE                          Words and music by Dolores ORiordan,21790,48,Shakuhachi _ 1
167.849069875,0.3671875,30,98,ZOMBIE                          Words and music by Dolores ORiordan,21791,47,Electric Bass (finger) _ 1
168.224069875,0.0078125,47,115,ZOMBIE                          Words and music by Dolores ORiordan,21839,1,Drum Kit _ 1
168.044382375,0.1875,59,86,ZOMBIE                          Words and music by Dolores ORiordan,21816,24,Clavinet _ 1
168.036569875,0.1953125,64,85,ZOMBIE                          Words and music by Dolores ORiordan,21815,25,Clavinet _ 1
167.849069875,0.3828125,55,87,ZOMBIE                          Words and music by Dolores ORiordan,21791,49,Clavinet _ 1
167.864694875,0.3671875,50,112,ZOMBIE                          Words and music by Dolores ORiordan,21793,47,Electric Guitar (muted) _ 1
168.411569875,0.0078125,46,95,ZOMBIE                          Words and music by Dolores ORiordan,21863,1,Drum Kit _ 1
168.411569875,0.0078125,47,109,ZOMBIE                          Words and music by Dolores ORiordan,21863,1,Drum Kit _ 1
168.239694875,0.2578125,64,86,ZOMBIE                          Words and music by Dolores ORiordan,21841,33,Clavinet _ 1
165.966257375,2.5703125,62,112,ZOMBIE                          Words and music by Dolores ORiordan,21550,329,Electric Guitar (clean) _ 1
168.224069875,0.3203125,31,106,ZOMBIE                          Words and music by Dolores ORiordan,21839,41,Electric Bass (finger) _ 1
168.231882375,0.3203125,43,97,ZOMBIE                          Words and music by Dolores ORiordan,21840,41,Electric Guitar (muted) _ 1
168.239694875,0.3359375,59,83,ZOMBIE                          Words and music by Dolores ORiordan,21841,43,Clavinet _ 1
168.239694875,0.3359375,55,84,ZOMBIE                          Words and music by Dolores ORiordan,21841,43,Clavinet _ 1
168.599069875,0.0078125,36,111,ZOMBIE                          Words and music by Dolores ORiordan,21887,1,Drum Kit _ 1
168.599069875,0.0078125,42,89,ZOMBIE                          Words and music by Dolores ORiordan,21887,1,Drum Kit _ 1
168.239694875,0.390625,50,75,ZOMBIE                          Words and music by Dolores ORiordan,21841,50,Electric Guitar (muted) _ 1
167.864694875,0.78125,45,112,ZOMBIE                          Words and music by Dolores ORiordan,21793,100,Electric Guitar (muted) _ 1
168.786569875,0.0078125,42,83,ZOMBIE                          Words and music by Dolores ORiordan,21911,1,Drum Kit _ 1
168.216257375,0.6015625,76,101,ZOMBIE                          Words and music by Dolores ORiordan,21838,77,Shakuhachi _ 1
168.606882375,0.2109375,28,113,ZOMBIE                          Words and music by Dolores ORiordan,21888,27,Electric Bass (finger) _ 1
168.606882375,0.359375,64,88,ZOMBIE                          Words and music by Dolores ORiordan,21888,46,Clavinet _ 1
168.591257375,0.375,59,88,ZOMBIE                          Words and music by Dolores ORiordan,21886,48,Clavinet _ 1
168.591257375,0.375,55,127,ZOMBIE                          Words and music by Dolores ORiordan,21886,48,Electric Guitar (clean) _ 1
168.974069875,0.0078125,36,111,ZOMBIE                          Words and music by Dolores ORiordan,21935,1,Drum Kit _ 1
168.974069875,0.0078125,42,57,ZOMBIE                          Words and music by Dolores ORiordan,21935,1,Drum Kit _ 1
169.161569875,0.0078125,42,73,ZOMBIE                          Words and music by Dolores ORiordan,21959,1,Drum Kit _ 1
168.974069875,0.2421875,28,93,ZOMBIE                          Words and music by Dolores ORiordan,21935,31,Electric Bass (finger) _ 1
168.989694875,0.3359375,40,78,ZOMBIE                          Words and music by Dolores ORiordan,21937,43,Electric Guitar (muted) _ 1
168.966257375,0.3671875,76,97,ZOMBIE                          Words and music by Dolores ORiordan,21934,47,Shakuhachi _ 1
168.974069875,0.3671875,55,87,ZOMBIE                          Words and music by Dolores ORiordan,21935,47,Clavinet _ 1
168.981882375,0.359375,47,78,ZOMBIE                          Words and music by Dolores ORiordan,21936,46,Electric Guitar (muted) _ 1
168.583444875,0.7578125,52,121,ZOMBIE                          Words and music by Dolores ORiordan,21885,97,Electric Guitar (muted) _ 1
168.974069875,0.375,59,86,ZOMBIE                          Words and music by Dolores ORiordan,21935,48,Clavinet _ 1
168.974069875,0.375,64,84,ZOMBIE                          Words and music by Dolores ORiordan,21935,48,Clavinet _ 1
169.349069875,0.0078125,42,107,ZOMBIE                          Words and music by Dolores ORiordan,21983,1,Drum Kit _ 1
169.349069875,0.0078125,43,114,ZOMBIE                          Words and music by Dolores ORiordan,21983,1,Drum Kit _ 1
169.536569875,0.0078125,42,69,ZOMBIE                          Words and music by Dolores ORiordan,22007,1,Drum Kit _ 1
169.349069875,0.2421875,28,106,ZOMBIE                          Words and music by Dolores ORiordan,21983,31,Electric Bass (finger) _ 1
169.341257375,0.359375,78,97,ZOMBIE                          Words and music by Dolores ORiordan,21982,46,Shakuhachi _ 1
169.349069875,0.3671875,55,87,ZOMBIE                          Words and music by Dolores ORiordan,21983,47,Clavinet _ 1
169.349069875,0.3671875,52,121,ZOMBIE                          Words and music by Dolores ORiordan,21983,47,Electric Guitar (muted) _ 1
169.356882375,0.3671875,59,87,ZOMBIE                          Words and music by Dolores ORiordan,21984,47,Clavinet _ 1
169.356882375,0.375,57,97,ZOMBIE                          Words and music by Dolores ORiordan,21984,48,Flute _ 1
169.356882375,0.375,66,97,ZOMBIE                          Words and music by Dolores ORiordan,21984,48,Flute _ 1
169.724069875,0.0078125,36,107,ZOMBIE                          Words and music by Dolores ORiordan,22031,1,Drum Kit _ 1
169.724069875,0.0078125,42,57,ZOMBIE                          Words and music by Dolores ORiordan,22031,1,Drum Kit _ 1
169.356882375,0.375,64,87,ZOMBIE                          Words and music by Dolores ORiordan,21984,48,Clavinet _ 1
169.739694875,0.1640625,64,87,ZOMBIE                          Words and music by Dolores ORiordan,22033,21,Clavinet _ 1
169.731882375,0.171875,59,95,ZOMBIE                          Words and music by Dolores ORiordan,22032,22,Flute _ 1
169.911569875,0.0078125,42,65,ZOMBIE                          Words and music by Dolores ORiordan,22055,1,Drum Kit _ 1
169.724069875,0.2734375,28,91,ZOMBIE                          Words and music by Dolores ORiordan,22031,35,Electric Bass (finger) _ 1
169.349069875,0.6875,47,121,ZOMBIE                          Words and music by Dolores ORiordan,21983,88,Electric Guitar (muted) _ 1
169.349069875,0.6953125,40,121,ZOMBIE                          Words and music by Dolores ORiordan,21983,89,Electric Guitar (muted) _ 1
169.724069875,0.3359375,52,88,ZOMBIE                          Words and music by Dolores ORiordan,22031,43,Electric Guitar (muted) _ 1
170.099069875,0.0078125,36,112,ZOMBIE                          Words and music by Dolores ORiordan,22079,1,Drum Kit _ 1
170.099069875,0.0078125,42,87,ZOMBIE                          Words and music by Dolores ORiordan,22079,1,Drum Kit _ 1
169.716257375,0.5,76,95,ZOMBIE                          Words and music by Dolores ORiordan,22030,64,Shakuhachi _ 1
169.911569875,0.3671875,59,87,ZOMBIE                          Words and music by Dolores ORiordan,22055,47,Clavinet _ 1
169.911569875,0.3671875,64,87,ZOMBIE                          Words and music by Dolores ORiordan,22055,47,Clavinet _ 1
169.724069875,0.5625,55,87,ZOMBIE                          Words and music by Dolores ORiordan,22031,72,Clavinet _ 1
170.286569875,0.0078125,42,69,ZOMBIE                          Words and music by Dolores ORiordan,22103,1,Drum Kit _ 1
170.099069875,0.2578125,28,105,ZOMBIE                          Words and music by Dolores ORiordan,22079,33,Electric Bass (finger) _ 1
170.294382375,0.1640625,55,86,ZOMBIE                          Words and music by Dolores ORiordan,22104,21,Clavinet _ 1
170.091257375,0.3671875,47,102,ZOMBIE                          Words and music by Dolores ORiordan,22078,47,Electric Guitar (muted) _ 1
170.286569875,0.1796875,64,87,ZOMBIE                          Words and music by Dolores ORiordan,22103,23,Clavinet _ 1
170.091257375,0.375,40,112,ZOMBIE                          Words and music by Dolores ORiordan,22078,48,Electric Guitar (muted) _ 1
170.091257375,0.375,52,81,ZOMBIE                          Words and music by Dolores ORiordan,22078,48,Electric Guitar (muted) _ 1
170.286569875,0.1875,59,86,ZOMBIE                          Words and music by Dolores ORiordan,22103,24,Clavinet _ 1
170.474069875,0.0078125,36,110,ZOMBIE                          Words and music by Dolores ORiordan,22127,1,Drum Kit _ 1
170.474069875,0.0078125,42,67,ZOMBIE                          Words and music by Dolores ORiordan,22127,1,Drum Kit _ 1
170.661569875,0.0078125,42,82,ZOMBIE                          Words and music by Dolores ORiordan,22151,1,Drum Kit _ 1
170.474069875,0.2890625,28,89,ZOMBIE                          Words and music by Dolores ORiordan,22127,37,Electric Bass (finger) _ 1
170.474069875,0.3125,55,87,ZOMBIE                          Words and music by Dolores ORiordan,22127,40,Clavinet _ 1
170.474069875,0.3203125,64,84,ZOMBIE                          Words and music by Dolores ORiordan,22127,41,Clavinet _ 1
170.481882375,0.3125,59,97,ZOMBIE                          Words and music by Dolores ORiordan,22128,40,Flute _ 1
170.474069875,0.3203125,52,57,ZOMBIE                          Words and music by Dolores ORiordan,22127,41,Electric Guitar (muted) _ 1
170.466257375,0.3671875,76,97,ZOMBIE                          Words and music by Dolores ORiordan,22126,47,Shakuhachi _ 1
170.833444875,0.0078125,55,112,ZOMBIE                          Words and music by Dolores ORiordan,22173,1,Electric Guitar (clean) _ 1
170.841257375,0.015625,59,116,ZOMBIE                          Words and music by Dolores ORiordan,22174,2,Electric Guitar (clean) _ 1
170.841257375,0.015625,64,106,ZOMBIE                          Words and music by Dolores ORiordan,22174,2,Electric Guitar (clean) _ 1
170.849069875,0.0078125,42,111,ZOMBIE                          Words and music by Dolores ORiordan,22175,1,Drum Kit _ 1
170.849069875,0.0078125,43,110,ZOMBIE                          Words and music by Dolores ORiordan,22175,1,Drum Kit _ 1
170.849069875,0.1796875,55,84,ZOMBIE                          Words and music by Dolores ORiordan,22175,23,Clavinet _ 1
171.036569875,0.0078125,42,77,ZOMBIE                          Words and music by Dolores ORiordan,22199,1,Drum Kit _ 1
170.849069875,0.25,28,101,ZOMBIE                          Words and music by Dolores ORiordan,22175,32,Electric Bass (finger) _ 1
170.833444875,0.3828125,78,91,ZOMBIE                          Words and music by Dolores ORiordan,22173,49,Shakuhachi _ 1
171.036569875,0.1796875,55,87,ZOMBIE                          Words and music by Dolores ORiordan,22199,23,Clavinet _ 1
171.036569875,0.1796875,64,87,ZOMBIE                          Words and music by Dolores ORiordan,22199,23,Clavinet _ 1
170.856882375,0.375,57,91,ZOMBIE                          Words and music by Dolores ORiordan,22176,48,Flute _ 1
170.856882375,0.375,66,91,ZOMBIE                          Words and music by Dolores ORiordan,22176,48,Flute _ 1
171.224069875,0.0078125,36,107,ZOMBIE                          Words and music by Dolores ORiordan,22223,1,Drum Kit _ 1
171.224069875,0.0078125,42,50,ZOMBIE                          Words and music by Dolores ORiordan,22223,1,Drum Kit _ 1
170.841257375,0.390625,52,114,ZOMBIE                          Words and music by Dolores ORiordan,22174,50,Electric Guitar (muted) _ 1
170.474069875,0.7578125,47,103,ZOMBIE                          Words and music by Dolores ORiordan,22127,97,Electric Guitar (muted) _ 1
171.411569875,0.0078125,42,76,ZOMBIE                          Words and music by Dolores ORiordan,22247,1,Drum Kit _ 1
171.239694875,0.2265625,52,80,ZOMBIE                          Words and music by Dolores ORiordan,22225,29,Electric Guitar (muted) _ 1
171.239694875,0.25,47,76,ZOMBIE                          Words and music by Dolores ORiordan,22225,32,Electric Guitar (muted) _ 1
171.231882375,0.296875,28,96,ZOMBIE                          Words and music by Dolores ORiordan,22224,38,Electric Bass (finger) _ 1
171.224069875,0.359375,55,88,ZOMBIE                          Words and music by Dolores ORiordan,22223,46,Clavinet _ 1
171.036569875,0.546875,59,88,ZOMBIE                          Words and music by Dolores ORiordan,22199,70,Clavinet _ 1
171.224069875,0.3671875,64,87,ZOMBIE                          Words and music by Dolores ORiordan,22223,47,Clavinet _ 1
171.599069875,0.0078125,36,113,ZOMBIE                          Words and music by Dolores ORiordan,22271,1,Drum Kit _ 1
171.599069875,0.0078125,42,85,ZOMBIE                          Words and music by Dolores ORiordan,22271,1,Drum Kit _ 1
170.474069875,1.1484375,40,118,ZOMBIE                          Words and music by Dolores ORiordan,22127,147,Electric Guitar (muted) _ 1
171.216257375,0.5234375,79,91,ZOMBIE                          Words and music by Dolores ORiordan,22222,67,Shakuhachi _ 1
171.786569875,0.0078125,42,68,ZOMBIE                          Words and music by Dolores ORiordan,22295,1,Drum Kit _ 1
171.614694875,0.34375,48,112,ZOMBIE                          Words and music by Dolores ORiordan,22273,44,Electric Guitar (muted) _ 1
171.599069875,0.3671875,64,87,ZOMBIE                          Words and music by Dolores ORiordan,22271,47,Clavinet _ 1
171.591257375,0.375,59,87,ZOMBIE                          Words and music by Dolores ORiordan,22270,48,Clavinet _ 1
171.591257375,0.375,55,87,ZOMBIE                          Words and music by Dolores ORiordan,22270,48,Clavinet _ 1
171.614694875,0.3515625,52,84,ZOMBIE                          Words and music by Dolores ORiordan,22273,45,Electric Guitar (muted) _ 1
171.231882375,0.7421875,60,91,ZOMBIE                          Words and music by Dolores ORiordan,22224,95,Flute _ 1
171.231882375,0.7421875,67,91,ZOMBIE                          Words and music by Dolores ORiordan,22224,95,Flute _ 1
171.974069875,0.0078125,42,51,ZOMBIE                          Words and music by Dolores ORiordan,22319,1,Drum Kit _ 1
172.161569875,0.0078125,42,69,ZOMBIE                          Words and music by Dolores ORiordan,22343,1,Drum Kit _ 1
171.981882375,0.21875,36,89,ZOMBIE                          Words and music by Dolores ORiordan,22320,28,Electric Bass (finger) _ 1
171.974069875,0.3515625,52,62,ZOMBIE                          Words and music by Dolores ORiordan,22319,45,Electric Guitar (muted) _ 1
171.966257375,0.375,76,89,ZOMBIE                          Words and music by Dolores ORiordan,22318,48,Shakuhachi _ 1
171.974069875,0.3671875,64,87,ZOMBIE                          Words and music by Dolores ORiordan,22319,47,Clavinet _ 1
171.974069875,0.3671875,59,88,ZOMBIE                          Words and music by Dolores ORiordan,22319,47,Clavinet _ 1
171.974069875,0.3671875,55,87,ZOMBIE                          Words and music by Dolores ORiordan,22319,47,Clavinet _ 1
171.981882375,0.375,60,89,ZOMBIE                          Words and music by Dolores ORiordan,22320,48,Flute _ 1
172.349069875,0.0078125,64,87,ZOMBIE                          Words and music by Dolores ORiordan,22367,1,Clavinet _ 1
172.349069875,0.0078125,42,105,ZOMBIE                          Words and music by Dolores ORiordan,22367,1,Drum Kit _ 1
172.349069875,0.0078125,43,118,ZOMBIE                          Words and music by Dolores ORiordan,22367,1,Drum Kit _ 1
172.536569875,0.0078125,42,73,ZOMBIE                          Words and music by Dolores ORiordan,22391,1,Drum Kit _ 1
172.349069875,0.2734375,36,101,ZOMBIE                          Words and music by Dolores ORiordan,22367,35,Electric Bass (finger) _ 1
172.341257375,0.375,78,98,ZOMBIE                          Words and music by Dolores ORiordan,22366,48,Shakuhachi _ 1
172.349069875,0.3671875,59,88,ZOMBIE                          Words and music by Dolores ORiordan,22367,47,Clavinet _ 1
172.349069875,0.3671875,55,88,ZOMBIE                          Words and music by Dolores ORiordan,22367,47,Clavinet _ 1
171.974069875,0.7421875,48,90,ZOMBIE                          Words and music by Dolores ORiordan,22319,95,Electric Guitar (muted) _ 1
172.349069875,0.375,52,81,ZOMBIE                          Words and music by Dolores ORiordan,22367,48,Electric Guitar (muted) _ 1
172.356882375,0.375,57,98,ZOMBIE                          Words and music by Dolores ORiordan,22368,48,Flute _ 1
172.356882375,0.375,66,98,ZOMBIE                          Words and music by Dolores ORiordan,22368,48,Flute _ 1
172.724069875,0.0078125,36,107,ZOMBIE                          Words and music by Dolores ORiordan,22415,1,Drum Kit _ 1
172.724069875,0.0078125,42,62,ZOMBIE                          Words and music by Dolores ORiordan,22415,1,Drum Kit _ 1
172.724069875,0.15625,64,86,ZOMBIE                          Words and music by Dolores ORiordan,22415,20,Clavinet _ 1
172.724069875,0.1796875,59,87,ZOMBIE                          Words and music by Dolores ORiordan,22415,23,Clavinet _ 1
172.724069875,0.1796875,55,87,ZOMBIE                          Words and music by Dolores ORiordan,22415,23,Clavinet _ 1
172.911569875,0.0078125,42,69,ZOMBIE                          Words and music by Dolores ORiordan,22439,1,Drum Kit _ 1
172.731882375,0.3515625,52,64,ZOMBIE                          Words and music by Dolores ORiordan,22416,45,Electric Guitar (muted) _ 1
172.724069875,0.359375,48,107,ZOMBIE                          Words and music by Dolores ORiordan,22415,46,Electric Guitar (muted) _ 1
173.099069875,0.0078125,36,109,ZOMBIE                          Words and music by Dolores ORiordan,22463,1,Drum Kit _ 1
173.099069875,0.0078125,42,72,ZOMBIE                          Words and music by Dolores ORiordan,22463,1,Drum Kit _ 1
172.716257375,0.4609375,79,99,ZOMBIE                          Words and music by Dolores ORiordan,22414,59,Shakuhachi _ 1
172.911569875,0.3671875,59,87,ZOMBIE                          Words and music by Dolores ORiordan,22439,47,Clavinet _ 1
172.911569875,0.3671875,64,87,ZOMBIE                          Words and music by Dolores ORiordan,22439,47,Clavinet _ 1
172.731882375,0.5546875,60,99,ZOMBIE                          Words and music by Dolores ORiordan,22416,71,Flute _ 1
172.731882375,0.5546875,67,99,ZOMBIE                          Words and music by Dolores ORiordan,22416,71,Flute _ 1
173.286569875,0.0078125,42,64,ZOMBIE                          Words and music by Dolores ORiordan,22487,1,Drum Kit _ 1
172.911569875,0.3828125,55,87,ZOMBIE                          Words and music by Dolores ORiordan,22439,49,Clavinet _ 1
173.286569875,0.1796875,59,87,ZOMBIE                          Words and music by Dolores ORiordan,22487,23,Clavinet _ 1
173.099069875,0.3671875,52,76,ZOMBIE                          Words and music by Dolores ORiordan,22463,47,Electric Guitar (muted) _ 1
173.099069875,0.3671875,48,122,ZOMBIE                          Words and music by Dolores ORiordan,22463,47,Electric Guitar (muted) _ 1
173.286569875,0.1875,64,87,ZOMBIE                          Words and music by Dolores ORiordan,22487,24,Clavinet _ 1
173.474069875,0.0078125,36,108,ZOMBIE                          Words and music by Dolores ORiordan,22511,1,Drum Kit _ 1
173.474069875,0.0078125,42,61,ZOMBIE                          Words and music by Dolores ORiordan,22511,1,Drum Kit _ 1
173.661569875,0.0078125,42,64,ZOMBIE                          Words and music by Dolores ORiordan,22535,1,Drum Kit _ 1
173.481882375,0.296875,64,87,ZOMBIE                          Words and music by Dolores ORiordan,22512,38,Clavinet _ 1
173.474069875,0.3125,59,87,ZOMBIE                          Words and music by Dolores ORiordan,22511,40,Clavinet _ 1
173.474069875,0.328125,52,72,ZOMBIE                          Words and music by Dolores ORiordan,22511,42,Electric Guitar (muted) _ 1
173.302194875,0.5234375,55,87,ZOMBIE                          Words and music by Dolores ORiordan,22489,67,Clavinet _ 1
173.466257375,0.375,79,99,ZOMBIE                          Words and music by Dolores ORiordan,22510,48,Shakuhachi _ 1
173.849069875,0.0078125,42,105,ZOMBIE                          Words and music by Dolores ORiordan,22559,1,Drum Kit _ 1
173.849069875,0.0078125,43,117,ZOMBIE                          Words and music by Dolores ORiordan,22559,1,Drum Kit _ 1
173.849069875,0.1796875,64,104,ZOMBIE                          Words and music by Dolores ORiordan,22559,23,Electric Guitar (clean) _ 1
174.036569875,0.0078125,42,66,ZOMBIE                          Words and music by Dolores ORiordan,22583,1,Drum Kit _ 1
173.849069875,0.1953125,59,87,ZOMBIE                          Words and music by Dolores ORiordan,22559,25,Clavinet _ 1
173.849069875,0.2890625,36,96,ZOMBIE                          Words and music by Dolores ORiordan,22559,37,Electric Bass (finger) _ 1
173.841257375,0.375,78,102,ZOMBIE                          Words and music by Dolores ORiordan,22558,48,Shakuhachi _ 1
174.224069875,0.0078125,46,60,ZOMBIE                          Words and music by Dolores ORiordan,22607,1,Drum Kit _ 1
174.052194875,0.1796875,59,86,ZOMBIE                          Words and music by Dolores ORiordan,22585,23,Clavinet _ 1
174.036569875,0.1953125,64,85,ZOMBIE                          Words and music by Dolores ORiordan,22583,25,Clavinet _ 1
173.841257375,0.390625,55,112,ZOMBIE                          Words and music by Dolores ORiordan,22558,50,Electric Guitar (clean) _ 1
173.474069875,1.0234375,48,117,ZOMBIE                          Words and music by Dolores ORiordan,22511,131,Electric Guitar (muted) _ 1
173.841257375,0.6875,52,126,ZOMBIE                          Words and music by Dolores ORiordan,22558,88,Electric Guitar (muted) _ 1
174.216257375,0.3515625,74,98,ZOMBIE                          Words and music by Dolores ORiordan,22606,45,Shakuhachi _ 1
174.224069875,0.3671875,36,90,ZOMBIE                          Words and music by Dolores ORiordan,22607,47,Electric Bass (finger) _ 1
174.239694875,0.359375,55,88,ZOMBIE                          Words and music by Dolores ORiordan,22609,46,Clavinet _ 1
174.239694875,0.359375,64,86,ZOMBIE                          Words and music by Dolores ORiordan,22609,46,Clavinet _ 1
174.599069875,0.0078125,36,109,ZOMBIE                          Words and music by Dolores ORiordan,22655,1,Drum Kit _ 1
174.599069875,0.0078125,42,77,ZOMBIE                          Words and music by Dolores ORiordan,22655,1,Drum Kit _ 1
174.239694875,0.3671875,59,88,ZOMBIE                          Words and music by Dolores ORiordan,22609,47,Clavinet _ 1
174.786569875,0.0078125,42,66,ZOMBIE                          Words and music by Dolores ORiordan,22679,1,Drum Kit _ 1
174.599069875,0.2421875,31,103,ZOMBIE                          Words and music by Dolores ORiordan,22655,31,Electric Bass (finger) _ 1
174.599069875,0.3515625,43,89,ZOMBIE                          Words and music by Dolores ORiordan,22655,45,Electric Guitar (muted) _ 1
174.591257375,0.3671875,71,87,ZOMBIE                          Words and music by Dolores ORiordan,22654,47,Shakuhachi _ 1
174.974069875,0.0078125,36,109,ZOMBIE                          Words and music by Dolores ORiordan,22703,1,Drum Kit _ 1
174.974069875,0.0078125,42,56,ZOMBIE                          Words and music by Dolores ORiordan,22703,1,Drum Kit _ 1
174.606882375,0.375,55,87,ZOMBIE                          Words and music by Dolores ORiordan,22656,48,Clavinet _ 1
174.614694875,0.375,59,88,ZOMBIE                          Words and music by Dolores ORiordan,22657,48,Clavinet _ 1
174.606882375,0.3828125,64,84,ZOMBIE                          Words and music by Dolores ORiordan,22656,49,Clavinet _ 1
175.161569875,0.0078125,42,62,ZOMBIE                          Words and music by Dolores ORiordan,22727,1,Drum Kit _ 1
174.974069875,0.234375,31,96,ZOMBIE                          Words and music by Dolores ORiordan,22703,30,Electric Bass (finger) _ 1
174.958444875,0.359375,79,101,ZOMBIE                          Words and music by Dolores ORiordan,22701,46,Shakuhachi _ 1
174.974069875,0.34375,43,93,ZOMBIE                          Words and music by Dolores ORiordan,22703,44,Electric Guitar (muted) _ 1
174.606882375,0.7265625,47,105,ZOMBIE                          Words and music by Dolores ORiordan,22656,93,Electric Guitar (muted) _ 1
174.997507375,0.34375,59,87,ZOMBIE                          Words and music by Dolores ORiordan,22706,44,Clavinet _ 1
174.997507375,0.3515625,64,85,ZOMBIE                          Words and music by Dolores ORiordan,22706,45,Clavinet _ 1
174.989694875,0.359375,55,87,ZOMBIE                          Words and music by Dolores ORiordan,22705,46,Clavinet _ 1
175.349069875,0.0078125,42,103,ZOMBIE                          Words and music by Dolores ORiordan,22751,1,Drum Kit _ 1
175.349069875,0.0078125,43,114,ZOMBIE                          Words and music by Dolores ORiordan,22751,1,Drum Kit _ 1
175.536569875,0.0078125,42,61,ZOMBIE                          Words and music by Dolores ORiordan,22775,1,Drum Kit _ 1
175.349069875,0.2578125,31,103,ZOMBIE                          Words and music by Dolores ORiordan,22751,33,Electric Bass (finger) _ 1
175.349069875,0.3671875,78,97,ZOMBIE                          Words and music by Dolores ORiordan,22751,47,Shakuhachi _ 1
175.356882375,0.3671875,55,87,ZOMBIE                          Words and music by Dolores ORiordan,22752,47,Clavinet _ 1
175.356882375,0.3671875,64,84,ZOMBIE                          Words and music by Dolores ORiordan,22752,47,Clavinet _ 1
175.349069875,0.375,59,87,ZOMBIE                          Words and music by Dolores ORiordan,22751,48,Clavinet _ 1
175.724069875,0.0078125,36,106,ZOMBIE                          Words and music by Dolores ORiordan,22799,1,Drum Kit _ 1
175.724069875,0.0078125,42,62,ZOMBIE                          Words and music by Dolores ORiordan,22799,1,Drum Kit _ 1
175.349069875,0.3828125,47,105,ZOMBIE                          Words and music by Dolores ORiordan,22751,49,Electric Guitar (muted) _ 1
174.981882375,0.75,50,61,ZOMBIE                          Words and music by Dolores ORiordan,22704,96,Electric Guitar (muted) _ 1
175.731882375,0.1640625,64,84,ZOMBIE                          Words and music by Dolores ORiordan,22800,21,Clavinet _ 1
175.731882375,0.171875,59,85,ZOMBIE                          Words and music by Dolores ORiordan,22800,22,Clavinet _ 1
175.731882375,0.1796875,55,85,ZOMBIE                          Words and music by Dolores ORiordan,22800,23,Clavinet _ 1
175.911569875,0.0078125,42,66,ZOMBIE                          Words and music by Dolores ORiordan,22823,1,Drum Kit _ 1
175.724069875,0.2578125,31,93,ZOMBIE                          Words and music by Dolores ORiordan,22799,33,Electric Bass (finger) _ 1
175.739694875,0.34375,50,65,ZOMBIE                          Words and music by Dolores ORiordan,22801,44,Electric Guitar (muted) _ 1
175.731882375,0.3515625,43,89,ZOMBIE                          Words and music by Dolores ORiordan,22800,45,Electric Guitar (muted) _ 1
175.919382375,0.171875,55,87,ZOMBIE                          Words and music by Dolores ORiordan,22824,22,Clavinet _ 1
175.739694875,0.359375,47,105,ZOMBIE                          Words and music by Dolores ORiordan,22801,46,Electric Guitar (muted) _ 1
176.099069875,0.0078125,36,110,ZOMBIE                          Words and music by Dolores ORiordan,22847,1,Drum Kit _ 1
176.099069875,0.0078125,42,77,ZOMBIE                          Words and music by Dolores ORiordan,22847,1,Drum Kit _ 1
175.716257375,0.4140625,74,92,ZOMBIE                          Words and music by Dolores ORiordan,22798,53,Shakuhachi _ 1
175.903757375,0.3671875,64,87,ZOMBIE                          Words and music by Dolores ORiordan,22822,47,Clavinet _ 1
175.911569875,0.3671875,59,87,ZOMBIE                          Words and music by Dolores ORiordan,22823,47,Clavinet _ 1
176.286569875,0.0078125,42,65,ZOMBIE                          Words and music by Dolores ORiordan,22871,1,Drum Kit _ 1
176.099069875,0.2734375,31,99,ZOMBIE                          Words and music by Dolores ORiordan,22847,35,Electric Bass (finger) _ 1
176.286569875,0.140625,59,86,ZOMBIE                          Words and music by Dolores ORiordan,22871,18,Clavinet _ 1
176.106882375,0.34375,47,105,ZOMBIE                          Words and music by Dolores ORiordan,22848,44,Electric Guitar (muted) _ 1
176.106882375,0.34375,43,91,ZOMBIE                          Words and music by Dolores ORiordan,22848,44,Electric Guitar (muted) _ 1
176.099069875,0.359375,50,61,ZOMBIE                          Words and music by Dolores ORiordan,22847,46,Electric Guitar (muted) _ 1
176.302194875,0.1640625,55,85,ZOMBIE                          Words and music by Dolores ORiordan,22873,21,Clavinet _ 1
176.474069875,0.0078125,36,108,ZOMBIE                          Words and music by Dolores ORiordan,22895,1,Drum Kit _ 1
176.474069875,0.0078125,42,63,ZOMBIE                          Words and music by Dolores ORiordan,22895,1,Drum Kit _ 1
176.278757375,0.203125,64,86,ZOMBIE                          Words and music by Dolores ORiordan,22870,26,Clavinet _ 1
176.661569875,0.0078125,42,64,ZOMBIE                          Words and music by Dolores ORiordan,22919,1,Drum Kit _ 1
176.481882375,0.2265625,31,91,ZOMBIE                          Words and music by Dolores ORiordan,22896,29,Electric Bass (finger) _ 1
176.474069875,0.265625,79,100,ZOMBIE                          Words and music by Dolores ORiordan,22895,34,Shakuhachi _ 1
176.474069875,0.3671875,55,87,ZOMBIE                          Words and music by Dolores ORiordan,22895,47,Clavinet _ 1
176.474069875,0.3671875,47,105,ZOMBIE                          Words and music by Dolores ORiordan,22895,47,Electric Guitar (muted) _ 1
176.474069875,0.3671875,43,84,ZOMBIE                          Words and music by Dolores ORiordan,22895,47,Electric Guitar (muted) _ 1
176.849069875,0.0078125,42,103,ZOMBIE                          Words and music by Dolores ORiordan,22943,1,Drum Kit _ 1
176.849069875,0.0078125,43,110,ZOMBIE                          Words and music by Dolores ORiordan,22943,1,Drum Kit _ 1
176.489694875,0.4375,64,87,ZOMBIE                          Words and music by Dolores ORiordan,22897,56,Clavinet _ 1
176.481882375,0.546875,59,87,ZOMBIE                          Words and music by Dolores ORiordan,22896,70,Clavinet _ 1
177.036569875,0.0078125,42,58,ZOMBIE                          Words and music by Dolores ORiordan,22967,1,Drum Kit _ 1
176.849069875,0.2421875,31,98,ZOMBIE                          Words and music by Dolores ORiordan,22943,31,Electric Bass (finger) _ 1
176.849069875,0.359375,47,105,ZOMBIE                          Words and music by Dolores ORiordan,22943,46,Electric Guitar (muted) _ 1
176.864694875,0.3515625,79,99,ZOMBIE                          Words and music by Dolores ORiordan,22945,45,Shakuhachi _ 1
176.849069875,0.3671875,55,85,ZOMBIE                          Words and music by Dolores ORiordan,22943,47,Clavinet _ 1
177.028757375,0.1953125,64,86,ZOMBIE                          Words and music by Dolores ORiordan,22966,25,Clavinet _ 1
177.224069875,0.0078125,36,107,ZOMBIE                          Words and music by Dolores ORiordan,22991,1,Drum Kit _ 1
177.224069875,0.0078125,42,59,ZOMBIE                          Words and music by Dolores ORiordan,22991,1,Drum Kit _ 1
177.411569875,0.0078125,42,68,ZOMBIE                          Words and music by Dolores ORiordan,23015,1,Drum Kit _ 1
177.231882375,0.2265625,31,98,ZOMBIE                          Words and music by Dolores ORiordan,22992,29,Electric Bass (finger) _ 1
176.474069875,1.078125,50,80,ZOMBIE                          Words and music by Dolores ORiordan,22895,138,Electric Guitar (muted) _ 1
177.224069875,0.3359375,43,90,ZOMBIE                          Words and music by Dolores ORiordan,22991,43,Electric Guitar (muted) _ 1
177.224069875,0.3515625,47,113,ZOMBIE                          Words and music by Dolores ORiordan,22991,45,Electric Guitar (muted) _ 1
177.224069875,0.359375,55,88,ZOMBIE                          Words and music by Dolores ORiordan,22991,46,Clavinet _ 1
177.036569875,0.5546875,59,86,ZOMBIE                          Words and music by Dolores ORiordan,22967,71,Clavinet _ 1
177.231882375,0.3671875,64,86,ZOMBIE                          Words and music by Dolores ORiordan,22992,47,Clavinet _ 1
177.224069875,0.3828125,81,99,ZOMBIE                          Words and music by Dolores ORiordan,22991,49,Shakuhachi _ 1
177.599069875,0.0078125,36,111,ZOMBIE                          Words and music by Dolores ORiordan,23039,1,Drum Kit _ 1
177.591257375,0.015625,42,109,ZOMBIE                          Words and music by Dolores ORiordan,23038,2,Electric Guitar (muted) _ 1
177.786569875,0.0078125,42,65,ZOMBIE                          Words and music by Dolores ORiordan,23063,1,Drum Kit _ 1
177.599069875,0.2578125,30,100,ZOMBIE                          Words and music by Dolores ORiordan,23039,33,Electric Bass (finger) _ 1
177.224069875,0.6640625,52,90,ZOMBIE                          Words and music by Dolores ORiordan,22991,85,Electric Guitar (clean) _ 1
177.599069875,0.359375,59,87,ZOMBIE                          Words and music by Dolores ORiordan,23039,46,Clavinet _ 1
177.606882375,0.3515625,45,109,ZOMBIE                          Words and music by Dolores ORiordan,23040,45,Electric Guitar (muted) _ 1
177.599069875,0.3671875,64,122,ZOMBIE                          Words and music by Dolores ORiordan,23039,47,Electric Guitar (clean) _ 1
177.974069875,0.0078125,42,69,ZOMBIE                          Words and music by Dolores ORiordan,23087,1,Drum Kit _ 1
178.161569875,0.0078125,42,66,ZOMBIE                          Words and music by Dolores ORiordan,23111,1,Drum Kit _ 1
177.974069875,0.234375,30,84,ZOMBIE                          Words and music by Dolores ORiordan,23087,30,Electric Bass (finger) _ 1
177.974069875,0.3671875,64,87,ZOMBIE                          Words and music by Dolores ORiordan,23087,47,Clavinet _ 1
177.966257375,0.375,59,86,ZOMBIE                          Words and music by Dolores ORiordan,23086,48,Clavinet _ 1
177.591257375,0.75,55,88,ZOMBIE                          Words and music by Dolores ORiordan,23038,96,Clavinet _ 1
177.997507375,0.3515625,45,92,ZOMBIE                          Words and music by Dolores ORiordan,23090,45,Electric Guitar (muted) _ 1
178.349069875,0.0078125,42,95,ZOMBIE                          Words and music by Dolores ORiordan,23135,1,Drum Kit _ 1
178.349069875,0.0078125,43,111,ZOMBIE                          Words and music by Dolores ORiordan,23135,1,Drum Kit _ 1
178.364694875,0.1796875,42,107,ZOMBIE                          Words and music by Dolores ORiordan,23137,23,Electric Guitar (muted) _ 1
178.349069875,0.265625,30,102,ZOMBIE                          Words and music by Dolores ORiordan,23135,34,Electric Bass (finger) _ 1
177.606882375,1.09375,78,103,ZOMBIE                          Words and music by Dolores ORiordan,23040,140,Shakuhachi _ 1
178.341257375,0.375,55,119,ZOMBIE                          Words and music by Dolores ORiordan,23134,48,Electric Guitar (clean) _ 1
178.349069875,0.3671875,64,85,ZOMBIE                          Words and music by Dolores ORiordan,23135,47,Clavinet _ 1
178.349069875,0.375,59,87,ZOMBIE                          Words and music by Dolores ORiordan,23135,48,Clavinet _ 1
178.372507375,0.3515625,45,107,ZOMBIE                          Words and music by Dolores ORiordan,23138,45,Electric Guitar (muted) _ 1
178.724069875,0.0078125,36,108,ZOMBIE                          Words and music by Dolores ORiordan,23183,1,Drum Kit _ 1
178.724069875,0.0078125,42,69,ZOMBIE                          Words and music by Dolores ORiordan,23183,1,Drum Kit _ 1
178.724069875,0.1796875,64,84,ZOMBIE                          Words and music by Dolores ORiordan,23183,23,Clavinet _ 1
178.731882375,0.1796875,59,86,ZOMBIE                          Words and music by Dolores ORiordan,23184,23,Clavinet _ 1
178.747507375,0.171875,42,91,ZOMBIE                          Words and music by Dolores ORiordan,23186,22,Electric Guitar (muted) _ 1
178.724069875,0.21875,30,85,ZOMBIE                          Words and music by Dolores ORiordan,23183,28,Electric Bass (finger) _ 1
179.099069875,0.0078125,36,109,ZOMBIE                          Words and music by Dolores ORiordan,23231,1,Drum Kit _ 1
178.763132375,0.34375,45,91,ZOMBIE                          Words and music by Dolores ORiordan,23188,44,Electric Guitar (muted) _ 1
178.716257375,0.484375,81,96,ZOMBIE                          Words and music by Dolores ORiordan,23182,62,Shakuhachi _ 1
178.919382375,0.359375,59,87,ZOMBIE                          Words and music by Dolores ORiordan,23208,46,Clavinet _ 1
178.911569875,0.3671875,64,86,ZOMBIE                          Words and music by Dolores ORiordan,23207,47,Clavinet _ 1
179.114694875,0.1796875,42,102,ZOMBIE                          Words and music by Dolores ORiordan,23233,23,Electric Guitar (muted) _ 1
179.099069875,0.3671875,30,101,ZOMBIE                          Words and music by Dolores ORiordan,23231,47,Electric Bass (finger) _ 1
179.114694875,0.3515625,45,102,ZOMBIE                          Words and music by Dolores ORiordan,23233,45,Electric Guitar (muted) _ 1
179.474069875,0.0078125,36,108,ZOMBIE                          Words and music by Dolores ORiordan,23279,1,Drum Kit _ 1
179.474069875,0.0078125,42,66,ZOMBIE                          Words and music by Dolores ORiordan,23279,1,Drum Kit _ 1
179.286569875,0.1953125,64,87,ZOMBIE                          Words and music by Dolores ORiordan,23255,25,Clavinet _ 1
178.716257375,0.765625,50,92,ZOMBIE                          Words and music by Dolores ORiordan,23182,98,Electric Guitar (muted) _ 1
179.661569875,0.0078125,42,72,ZOMBIE                          Words and music by Dolores ORiordan,23303,1,Drum Kit _ 1
179.489694875,0.3125,43,110,ZOMBIE                          Words and music by Dolores ORiordan,23281,40,Electric Guitar (muted) _ 1
179.474069875,0.3671875,79,99,ZOMBIE                          Words and music by Dolores ORiordan,23279,47,Shakuhachi _ 1
179.474069875,0.3671875,31,108,ZOMBIE                          Words and music by Dolores ORiordan,23279,47,Electric Bass (finger) _ 1
178.724069875,1.1171875,55,87,ZOMBIE                          Words and music by Dolores ORiordan,23183,143,Clavinet _ 1
179.849069875,0.0078125,42,94,ZOMBIE                          Words and music by Dolores ORiordan,23327,1,Drum Kit _ 1
179.849069875,0.0078125,43,111,ZOMBIE                          Words and music by Dolores ORiordan,23327,1,Drum Kit _ 1
179.489694875,0.3671875,64,87,ZOMBIE                          Words and music by Dolores ORiordan,23281,47,Clavinet _ 1
179.489694875,0.3671875,50,110,ZOMBIE                          Words and music by Dolores ORiordan,23281,47,Electric Guitar (muted) _ 1
179.864694875,0.1640625,64,86,ZOMBIE                          Words and music by Dolores ORiordan,23329,21,Clavinet _ 1
179.864694875,0.1640625,50,112,ZOMBIE                          Words and music by Dolores ORiordan,23329,21,Electric Guitar (muted) _ 1
179.286569875,0.75,59,87,ZOMBIE                          Words and music by Dolores ORiordan,23255,96,Clavinet _ 1
179.856882375,0.1875,42,112,ZOMBIE                          Words and music by Dolores ORiordan,23328,24,Electric Guitar (muted) _ 1
179.841257375,0.375,78,97,ZOMBIE                          Words and music by Dolores ORiordan,23326,48,Shakuhachi _ 1
179.849069875,0.3671875,30,98,ZOMBIE                          Words and music by Dolores ORiordan,23327,47,Electric Bass (finger) _ 1
180.224069875,0.0078125,47,115,ZOMBIE                          Words and music by Dolores ORiordan,23375,1,Drum Kit _ 1
180.044382375,0.1875,59,86,ZOMBIE                          Words and music by Dolores ORiordan,23352,24,Clavinet _ 1
180.036569875,0.1953125,64,85,ZOMBIE                          Words and music by Dolores ORiordan,23351,25,Clavinet _ 1
179.849069875,0.3828125,55,87,ZOMBIE                          Words and music by Dolores ORiordan,23327,49,Clavinet _ 1
180.411569875,0.0078125,46,95,ZOMBIE                          Words and music by Dolores ORiordan,23399,1,Drum Kit _ 1
180.239694875,0.2578125,64,86,ZOMBIE                          Words and music by Dolores ORiordan,23377,33,Clavinet _ 1
180.224069875,0.3203125,31,106,ZOMBIE                          Words and music by Dolores ORiordan,23375,41,Electric Bass (finger) _ 1
180.231882375,0.3203125,43,97,ZOMBIE                          Words and music by Dolores ORiordan,23376,41,Electric Guitar (muted) _ 1
180.239694875,0.3203125,55,84,ZOMBIE                          Words and music by Dolores ORiordan,23377,41,Clavinet _ 1
177.966257375,2.6015625,62,112,ZOMBIE                          Words and music by Dolores ORiordan,23086,333,Electric Guitar (clean) _ 1
180.239694875,0.3359375,59,83,ZOMBIE                          Words and music by Dolores ORiordan,23377,43,Clavinet _ 1
180.599069875,0.0078125,36,111,ZOMBIE                          Words and music by Dolores ORiordan,23423,1,Drum Kit _ 1
180.599069875,0.0078125,42,89,ZOMBIE                          Words and music by Dolores ORiordan,23423,1,Drum Kit _ 1
180.239694875,0.390625,50,75,ZOMBIE                          Words and music by Dolores ORiordan,23377,50,Electric Guitar (muted) _ 1
179.864694875,0.78125,45,112,ZOMBIE                          Words and music by Dolores ORiordan,23329,100,Electric Guitar (muted) _ 1
180.216257375,0.4453125,76,94,ZOMBIE                          Words and music by Dolores ORiordan,23374,57,Shakuhachi _ 1
180.786569875,0.0078125,42,83,ZOMBIE                          Words and music by Dolores ORiordan,23447,1,Drum Kit _ 1
180.606882375,0.2109375,28,113,ZOMBIE                          Words and music by Dolores ORiordan,23424,27,Electric Bass (finger) _ 1
180.606882375,0.359375,64,88,ZOMBIE                          Words and music by Dolores ORiordan,23424,46,Clavinet _ 1
180.591257375,0.375,59,88,ZOMBIE                          Words and music by Dolores ORiordan,23422,48,Clavinet _ 1
180.583444875,0.3828125,55,88,ZOMBIE                          Words and music by Dolores ORiordan,23421,49,Clavinet _ 1
180.974069875,0.0078125,36,111,ZOMBIE                          Words and music by Dolores ORiordan,23471,1,Drum Kit _ 1
180.974069875,0.0078125,42,57,ZOMBIE                          Words and music by Dolores ORiordan,23471,1,Drum Kit _ 1
181.161569875,0.0078125,42,73,ZOMBIE                          Words and music by Dolores ORiordan,23495,1,Drum Kit _ 1
180.974069875,0.2421875,28,93,ZOMBIE                          Words and music by Dolores ORiordan,23471,31,Electric Bass (finger) _ 1
180.989694875,0.3359375,40,78,ZOMBIE                          Words and music by Dolores ORiordan,23473,43,Electric Guitar (muted) _ 1
180.966257375,0.3671875,76,93,ZOMBIE                          Words and music by Dolores ORiordan,23470,47,Shakuhachi _ 1
180.974069875,0.3671875,55,87,ZOMBIE                          Words and music by Dolores ORiordan,23471,47,Clavinet _ 1
180.981882375,0.359375,47,78,ZOMBIE                          Words and music by Dolores ORiordan,23472,46,Electric Guitar (muted) _ 1
180.583444875,0.7578125,52,121,ZOMBIE                          Words and music by Dolores ORiordan,23421,97,Electric Guitar (muted) _ 1
180.974069875,0.375,59,86,ZOMBIE                          Words and music by Dolores ORiordan,23471,48,Clavinet _ 1
180.974069875,0.375,64,84,ZOMBIE                          Words and music by Dolores ORiordan,23471,48,Clavinet _ 1
181.349069875,0.0078125,42,107,ZOMBIE                          Words and music by Dolores ORiordan,23519,1,Drum Kit _ 1
181.349069875,0.0078125,43,114,ZOMBIE                          Words and music by Dolores ORiordan,23519,1,Drum Kit _ 1
181.536569875,0.0078125,42,69,ZOMBIE                          Words and music by Dolores ORiordan,23543,1,Drum Kit _ 1
181.349069875,0.2421875,28,106,ZOMBIE                          Words and music by Dolores ORiordan,23519,31,Electric Bass (finger) _ 1
181.333444875,0.3828125,78,92,ZOMBIE                          Words and music by Dolores ORiordan,23517,49,Shakuhachi _ 1
181.349069875,0.3671875,55,87,ZOMBIE                          Words and music by Dolores ORiordan,23519,47,Clavinet _ 1
181.349069875,0.3671875,52,121,ZOMBIE                          Words and music by Dolores ORiordan,23519,47,Electric Guitar (muted) _ 1
181.356882375,0.3671875,59,87,ZOMBIE                          Words and music by Dolores ORiordan,23520,47,Clavinet _ 1
181.724069875,0.0078125,36,107,ZOMBIE                          Words and music by Dolores ORiordan,23567,1,Drum Kit _ 1
181.724069875,0.0078125,42,57,ZOMBIE                          Words and music by Dolores ORiordan,23567,1,Drum Kit _ 1
181.356882375,0.375,64,87,ZOMBIE                          Words and music by Dolores ORiordan,23520,48,Clavinet _ 1
181.739694875,0.1640625,64,87,ZOMBIE                          Words and music by Dolores ORiordan,23569,21,Clavinet _ 1
181.731882375,0.171875,59,87,ZOMBIE                          Words and music by Dolores ORiordan,23568,22,Clavinet _ 1
181.911569875,0.0078125,42,65,ZOMBIE                          Words and music by Dolores ORiordan,23591,1,Drum Kit _ 1
181.724069875,0.2734375,28,91,ZOMBIE                          Words and music by Dolores ORiordan,23567,35,Electric Bass (finger) _ 1
181.349069875,0.6875,47,121,ZOMBIE                          Words and music by Dolores ORiordan,23519,88,Electric Guitar (muted) _ 1
181.349069875,0.6953125,40,121,ZOMBIE                          Words and music by Dolores ORiordan,23519,89,Electric Guitar (muted) _ 1
181.724069875,0.3359375,52,88,ZOMBIE                          Words and music by Dolores ORiordan,23567,43,Electric Guitar (muted) _ 1
182.099069875,0.0078125,36,112,ZOMBIE                          Words and music by Dolores ORiordan,23615,1,Drum Kit _ 1
182.099069875,0.0078125,42,87,ZOMBIE                          Words and music by Dolores ORiordan,23615,1,Drum Kit _ 1
181.716257375,0.4296875,76,90,ZOMBIE                          Words and music by Dolores ORiordan,23566,55,Shakuhachi _ 1
181.911569875,0.3671875,59,87,ZOMBIE                          Words and music by Dolores ORiordan,23591,47,Clavinet _ 1
181.911569875,0.3671875,64,87,ZOMBIE                          Words and music by Dolores ORiordan,23591,47,Clavinet _ 1
181.724069875,0.5625,55,87,ZOMBIE                          Words and music by Dolores ORiordan,23567,72,Clavinet _ 1
182.286569875,0.0078125,42,69,ZOMBIE                          Words and music by Dolores ORiordan,23639,1,Drum Kit _ 1
182.099069875,0.2578125,28,105,ZOMBIE                          Words and music by Dolores ORiordan,23615,33,Electric Bass (finger) _ 1
182.294382375,0.1640625,55,86,ZOMBIE                          Words and music by Dolores ORiordan,23640,21,Clavinet _ 1
182.091257375,0.3671875,47,102,ZOMBIE                          Words and music by Dolores ORiordan,23614,47,Electric Guitar (muted) _ 1
182.286569875,0.1796875,64,87,ZOMBIE                          Words and music by Dolores ORiordan,23639,23,Clavinet _ 1
182.091257375,0.375,40,112,ZOMBIE                          Words and music by Dolores ORiordan,23614,48,Electric Guitar (muted) _ 1
182.091257375,0.375,52,81,ZOMBIE                          Words and music by Dolores ORiordan,23614,48,Electric Guitar (muted) _ 1
182.474069875,0.0078125,36,110,ZOMBIE                          Words and music by Dolores ORiordan,23663,1,Drum Kit _ 1
182.474069875,0.0078125,42,67,ZOMBIE                          Words and music by Dolores ORiordan,23663,1,Drum Kit _ 1
182.661569875,0.0078125,42,82,ZOMBIE                          Words and music by Dolores ORiordan,23687,1,Drum Kit _ 1
182.474069875,0.2890625,28,89,ZOMBIE                          Words and music by Dolores ORiordan,23663,37,Electric Bass (finger) _ 1
182.474069875,0.3125,55,87,ZOMBIE                          Words and music by Dolores ORiordan,23663,40,Clavinet _ 1
182.474069875,0.3203125,64,84,ZOMBIE                          Words and music by Dolores ORiordan,23663,41,Clavinet _ 1
182.286569875,0.5078125,59,86,ZOMBIE                          Words and music by Dolores ORiordan,23639,65,Clavinet _ 1
182.474069875,0.3203125,52,57,ZOMBIE                          Words and music by Dolores ORiordan,23663,41,Electric Guitar (muted) _ 1
182.458444875,0.375,76,96,ZOMBIE                          Words and music by Dolores ORiordan,23661,48,Shakuhachi _ 1
182.833444875,0.0078125,55,112,ZOMBIE                          Words and music by Dolores ORiordan,23709,1,Electric Guitar (clean) _ 1
182.841257375,0.015625,59,115,ZOMBIE                          Words and music by Dolores ORiordan,23710,2,Electric Guitar (clean) _ 1
182.841257375,0.015625,64,106,ZOMBIE                          Words and music by Dolores ORiordan,23710,2,Electric Guitar (clean) _ 1
182.849069875,0.0078125,42,111,ZOMBIE                          Words and music by Dolores ORiordan,23711,1,Drum Kit _ 1
182.849069875,0.0078125,43,110,ZOMBIE                          Words and music by Dolores ORiordan,23711,1,Drum Kit _ 1
182.849069875,0.1796875,55,84,ZOMBIE                          Words and music by Dolores ORiordan,23711,23,Clavinet _ 1
183.036569875,0.0078125,42,77,ZOMBIE                          Words and music by Dolores ORiordan,23735,1,Drum Kit _ 1
182.849069875,0.25,28,101,ZOMBIE                          Words and music by Dolores ORiordan,23711,32,Electric Bass (finger) _ 1
182.833444875,0.3828125,78,93,ZOMBIE                          Words and music by Dolores ORiordan,23709,49,Shakuhachi _ 1
183.036569875,0.1796875,55,87,ZOMBIE                          Words and music by Dolores ORiordan,23735,23,Clavinet _ 1
183.036569875,0.1796875,64,87,ZOMBIE                          Words and music by Dolores ORiordan,23735,23,Clavinet _ 1
182.856882375,0.375,57,93,ZOMBIE                          Words and music by Dolores ORiordan,23712,48,Flute _ 1
182.856882375,0.375,66,93,ZOMBIE                          Words and music by Dolores ORiordan,23712,48,Flute _ 1
183.224069875,0.0078125,36,107,ZOMBIE                          Words and music by Dolores ORiordan,23759,1,Drum Kit _ 1
183.224069875,0.0078125,42,50,ZOMBIE                          Words and music by Dolores ORiordan,23759,1,Drum Kit _ 1
182.841257375,0.390625,52,114,ZOMBIE                          Words and music by Dolores ORiordan,23710,50,Electric Guitar (muted) _ 1
182.474069875,0.7578125,47,103,ZOMBIE                          Words and music by Dolores ORiordan,23663,97,Electric Guitar (muted) _ 1
183.411569875,0.0078125,42,76,ZOMBIE                          Words and music by Dolores ORiordan,23783,1,Drum Kit _ 1
183.239694875,0.2265625,52,80,ZOMBIE                          Words and music by Dolores ORiordan,23761,29,Electric Guitar (muted) _ 1
183.239694875,0.25,47,76,ZOMBIE                          Words and music by Dolores ORiordan,23761,32,Electric Guitar (muted) _ 1
183.231882375,0.296875,28,96,ZOMBIE                          Words and music by Dolores ORiordan,23760,38,Electric Bass (finger) _ 1
183.224069875,0.359375,55,88,ZOMBIE                          Words and music by Dolores ORiordan,23759,46,Clavinet _ 1
183.036569875,0.546875,59,88,ZOMBIE                          Words and music by Dolores ORiordan,23735,70,Clavinet _ 1
183.224069875,0.3671875,64,87,ZOMBIE                          Words and music by Dolores ORiordan,23759,47,Clavinet _ 1
183.599069875,0.0078125,36,113,ZOMBIE                          Words and music by Dolores ORiordan,23807,1,Drum Kit _ 1
183.599069875,0.0078125,42,85,ZOMBIE                          Words and music by Dolores ORiordan,23807,1,Drum Kit _ 1
182.474069875,1.1484375,40,118,ZOMBIE                          Words and music by Dolores ORiordan,23663,147,Electric Guitar (muted) _ 1
183.216257375,0.4921875,76,93,ZOMBIE                          Words and music by Dolores ORiordan,23758,63,Shakuhachi _ 1
183.786569875,0.0078125,42,68,ZOMBIE                          Words and music by Dolores ORiordan,23831,1,Drum Kit _ 1
183.614694875,0.34375,48,112,ZOMBIE                          Words and music by Dolores ORiordan,23809,44,Electric Guitar (muted) _ 1
183.599069875,0.3671875,64,87,ZOMBIE                          Words and music by Dolores ORiordan,23807,47,Clavinet _ 1
183.591257375,0.375,59,87,ZOMBIE                          Words and music by Dolores ORiordan,23806,48,Clavinet _ 1
183.591257375,0.375,55,87,ZOMBIE                          Words and music by Dolores ORiordan,23806,48,Clavinet _ 1
183.614694875,0.3515625,52,84,ZOMBIE                          Words and music by Dolores ORiordan,23809,45,Electric Guitar (muted) _ 1
183.231882375,0.7421875,60,93,ZOMBIE                          Words and music by Dolores ORiordan,23760,95,Flute _ 1
183.974069875,0.0078125,42,51,ZOMBIE                          Words and music by Dolores ORiordan,23855,1,Drum Kit _ 1
184.161569875,0.0078125,42,69,ZOMBIE                          Words and music by Dolores ORiordan,23879,1,Drum Kit _ 1
183.981882375,0.21875,36,89,ZOMBIE                          Words and music by Dolores ORiordan,23856,28,Electric Bass (finger) _ 1
183.974069875,0.3515625,52,62,ZOMBIE                          Words and music by Dolores ORiordan,23855,45,Electric Guitar (muted) _ 1
183.966257375,0.375,76,96,ZOMBIE                          Words and music by Dolores ORiordan,23854,48,Shakuhachi _ 1
183.974069875,0.3671875,64,87,ZOMBIE                          Words and music by Dolores ORiordan,23855,47,Clavinet _ 1
183.974069875,0.3671875,59,88,ZOMBIE                          Words and music by Dolores ORiordan,23855,47,Clavinet _ 1
183.974069875,0.3671875,55,87,ZOMBIE                          Words and music by Dolores ORiordan,23855,47,Clavinet _ 1
183.981882375,0.375,60,96,ZOMBIE                          Words and music by Dolores ORiordan,23856,48,Flute _ 1
184.349069875,0.0078125,64,87,ZOMBIE                          Words and music by Dolores ORiordan,23903,1,Clavinet _ 1
184.349069875,0.0078125,42,105,ZOMBIE                          Words and music by Dolores ORiordan,23903,1,Drum Kit _ 1
184.349069875,0.0078125,43,118,ZOMBIE                          Words and music by Dolores ORiordan,23903,1,Drum Kit _ 1
184.536569875,0.0078125,42,73,ZOMBIE                          Words and music by Dolores ORiordan,23927,1,Drum Kit _ 1
184.349069875,0.2734375,36,101,ZOMBIE                          Words and music by Dolores ORiordan,23903,35,Electric Bass (finger) _ 1
184.341257375,0.375,78,92,ZOMBIE                          Words and music by Dolores ORiordan,23902,48,Shakuhachi _ 1
184.349069875,0.3671875,59,88,ZOMBIE                          Words and music by Dolores ORiordan,23903,47,Clavinet _ 1
184.349069875,0.3671875,55,88,ZOMBIE                          Words and music by Dolores ORiordan,23903,47,Clavinet _ 1
183.974069875,0.7421875,48,90,ZOMBIE                          Words and music by Dolores ORiordan,23855,95,Electric Guitar (muted) _ 1
184.349069875,0.375,52,81,ZOMBIE                          Words and music by Dolores ORiordan,23903,48,Electric Guitar (muted) _ 1
184.356882375,0.375,57,92,ZOMBIE                          Words and music by Dolores ORiordan,23904,48,Flute _ 1
184.356882375,0.375,66,92,ZOMBIE                          Words and music by Dolores ORiordan,23904,48,Flute _ 1
184.724069875,0.0078125,36,107,ZOMBIE                          Words and music by Dolores ORiordan,23951,1,Drum Kit _ 1
184.724069875,0.0078125,42,62,ZOMBIE                          Words and music by Dolores ORiordan,23951,1,Drum Kit _ 1
184.724069875,0.15625,64,86,ZOMBIE                          Words and music by Dolores ORiordan,23951,20,Clavinet _ 1
184.724069875,0.1796875,59,87,ZOMBIE                          Words and music by Dolores ORiordan,23951,23,Clavinet _ 1
184.724069875,0.1796875,55,87,ZOMBIE                          Words and music by Dolores ORiordan,23951,23,Clavinet _ 1
184.911569875,0.0078125,42,69,ZOMBIE                          Words and music by Dolores ORiordan,23975,1,Drum Kit _ 1
184.731882375,0.3515625,52,64,ZOMBIE                          Words and music by Dolores ORiordan,23952,45,Electric Guitar (muted) _ 1
184.724069875,0.359375,48,107,ZOMBIE                          Words and music by Dolores ORiordan,23951,46,Electric Guitar (muted) _ 1
184.716257375,0.375,76,99,ZOMBIE                          Words and music by Dolores ORiordan,23950,48,Shakuhachi _ 1
185.099069875,0.0078125,36,109,ZOMBIE                          Words and music by Dolores ORiordan,23999,1,Drum Kit _ 1
185.099069875,0.0078125,42,72,ZOMBIE                          Words and music by Dolores ORiordan,23999,1,Drum Kit _ 1
184.911569875,0.3671875,59,87,ZOMBIE                          Words and music by Dolores ORiordan,23975,47,Clavinet _ 1
184.911569875,0.3671875,64,87,ZOMBIE                          Words and music by Dolores ORiordan,23975,47,Clavinet _ 1
184.731882375,0.5546875,60,99,ZOMBIE                          Words and music by Dolores ORiordan,23952,71,Flute _ 1
185.286569875,0.0078125,42,64,ZOMBIE                          Words and music by Dolores ORiordan,24023,1,Drum Kit _ 1
184.911569875,0.3828125,55,87,ZOMBIE                          Words and music by Dolores ORiordan,23975,49,Clavinet _ 1
185.286569875,0.1796875,59,87,ZOMBIE                          Words and music by Dolores ORiordan,24023,23,Clavinet _ 1
185.099069875,0.3671875,52,76,ZOMBIE                          Words and music by Dolores ORiordan,23999,47,Electric Guitar (muted) _ 1
185.099069875,0.3671875,48,122,ZOMBIE                          Words and music by Dolores ORiordan,23999,47,Electric Guitar (muted) _ 1
185.286569875,0.1875,64,87,ZOMBIE                          Words and music by Dolores ORiordan,24023,24,Clavinet _ 1
185.474069875,0.0078125,36,108,ZOMBIE                          Words and music by Dolores ORiordan,24047,1,Drum Kit _ 1
185.474069875,0.0078125,42,61,ZOMBIE                          Words and music by Dolores ORiordan,24047,1,Drum Kit _ 1
185.661569875,0.0078125,42,64,ZOMBIE                          Words and music by Dolores ORiordan,24071,1,Drum Kit _ 1
185.474069875,0.265625,59,87,ZOMBIE                          Words and music by Dolores ORiordan,24047,34,Clavinet _ 1
185.481882375,0.296875,64,87,ZOMBIE                          Words and music by Dolores ORiordan,24048,38,Clavinet _ 1
185.302194875,0.5,55,87,ZOMBIE                          Words and music by Dolores ORiordan,24025,64,Clavinet _ 1
185.474069875,0.328125,52,72,ZOMBIE                          Words and music by Dolores ORiordan,24047,42,Electric Guitar (muted) _ 1
185.466257375,0.359375,79,98,ZOMBIE                          Words and music by Dolores ORiordan,24046,46,Shakuhachi _ 1
185.849069875,0.0078125,42,105,ZOMBIE                          Words and music by Dolores ORiordan,24095,1,Drum Kit _ 1
185.849069875,0.0078125,43,117,ZOMBIE                          Words and music by Dolores ORiordan,24095,1,Drum Kit _ 1
185.849069875,0.1796875,64,104,ZOMBIE                          Words and music by Dolores ORiordan,24095,23,Electric Guitar (clean) _ 1
186.036569875,0.0078125,42,66,ZOMBIE                          Words and music by Dolores ORiordan,24119,1,Drum Kit _ 1
185.849069875,0.1953125,59,87,ZOMBIE                          Words and music by Dolores ORiordan,24095,25,Clavinet _ 1
185.849069875,0.2890625,36,96,ZOMBIE                          Words and music by Dolores ORiordan,24095,37,Electric Bass (finger) _ 1
185.833444875,0.3828125,78,103,ZOMBIE                          Words and music by Dolores ORiordan,24093,49,Shakuhachi _ 1
186.224069875,0.0078125,46,60,ZOMBIE                          Words and music by Dolores ORiordan,24143,1,Drum Kit _ 1
186.052194875,0.1796875,59,86,ZOMBIE                          Words and music by Dolores ORiordan,24121,23,Clavinet _ 1
186.036569875,0.1953125,64,85,ZOMBIE                          Words and music by Dolores ORiordan,24119,25,Clavinet _ 1
185.841257375,0.390625,55,112,ZOMBIE                          Words and music by Dolores ORiordan,24094,50,Electric Guitar (clean) _ 1
185.474069875,1.0234375,48,117,ZOMBIE                          Words and music by Dolores ORiordan,24047,131,Electric Guitar (muted) _ 1
185.841257375,0.6875,52,126,ZOMBIE                          Words and music by Dolores ORiordan,24094,88,Electric Guitar (muted) _ 1
186.216257375,0.375,74,100,ZOMBIE                          Words and music by Dolores ORiordan,24142,48,Shakuhachi _ 1
186.224069875,0.3671875,36,90,ZOMBIE                          Words and music by Dolores ORiordan,24143,47,Electric Bass (finger) _ 1
186.239694875,0.359375,55,88,ZOMBIE                          Words and music by Dolores ORiordan,24145,46,Clavinet _ 1
186.239694875,0.359375,64,86,ZOMBIE                          Words and music by Dolores ORiordan,24145,46,Clavinet _ 1
186.599069875,0.0078125,36,109,ZOMBIE                          Words and music by Dolores ORiordan,24191,1,Drum Kit _ 1
186.599069875,0.0078125,42,77,ZOMBIE                          Words and music by Dolores ORiordan,24191,1,Drum Kit _ 1
186.239694875,0.3671875,59,88,ZOMBIE                          Words and music by Dolores ORiordan,24145,47,Clavinet _ 1
186.786569875,0.0078125,42,66,ZOMBIE                          Words and music by Dolores ORiordan,24215,1,Drum Kit _ 1
186.599069875,0.2421875,31,103,ZOMBIE                          Words and music by Dolores ORiordan,24191,31,Electric Bass (finger) _ 1
186.599069875,0.3515625,43,89,ZOMBIE                          Words and music by Dolores ORiordan,24191,45,Electric Guitar (muted) _ 1
186.591257375,0.3828125,71,93,ZOMBIE                          Words and music by Dolores ORiordan,24190,49,Shakuhachi _ 1
186.974069875,0.0078125,36,109,ZOMBIE                          Words and music by Dolores ORiordan,24239,1,Drum Kit _ 1
186.974069875,0.0078125,42,56,ZOMBIE                          Words and music by Dolores ORiordan,24239,1,Drum Kit _ 1
186.606882375,0.375,55,87,ZOMBIE                          Words and music by Dolores ORiordan,24192,48,Clavinet _ 1
186.614694875,0.375,59,88,ZOMBIE                          Words and music by Dolores ORiordan,24193,48,Clavinet _ 1
186.606882375,0.3828125,64,84,ZOMBIE                          Words and music by Dolores ORiordan,24192,49,Clavinet _ 1
187.161569875,0.0078125,42,62,ZOMBIE                          Words and music by Dolores ORiordan,24263,1,Drum Kit _ 1
186.974069875,0.234375,31,96,ZOMBIE                          Words and music by Dolores ORiordan,24239,30,Electric Bass (finger) _ 1
186.974069875,0.34375,43,93,ZOMBIE                          Words and music by Dolores ORiordan,24239,44,Electric Guitar (muted) _ 1
186.606882375,0.7265625,47,105,ZOMBIE                          Words and music by Dolores ORiordan,24192,93,Electric Guitar (muted) _ 1
186.997507375,0.34375,59,87,ZOMBIE                          Words and music by Dolores ORiordan,24242,44,Clavinet _ 1
186.974069875,0.375,79,99,ZOMBIE                          Words and music by Dolores ORiordan,24239,48,Shakuhachi _ 1
186.997507375,0.3515625,64,85,ZOMBIE                          Words and music by Dolores ORiordan,24242,45,Clavinet _ 1
186.989694875,0.359375,55,87,ZOMBIE                          Words and music by Dolores ORiordan,24241,46,Clavinet _ 1
187.349069875,0.0078125,42,103,ZOMBIE                          Words and music by Dolores ORiordan,24287,1,Drum Kit _ 1
187.349069875,0.0078125,43,114,ZOMBIE                          Words and music by Dolores ORiordan,24287,1,Drum Kit _ 1
187.536569875,0.0078125,42,61,ZOMBIE                          Words and music by Dolores ORiordan,24311,1,Drum Kit _ 1
187.349069875,0.2578125,31,103,ZOMBIE                          Words and music by Dolores ORiordan,24287,33,Electric Bass (finger) _ 1
187.356882375,0.328125,55,87,ZOMBIE                          Words and music by Dolores ORiordan,24288,42,Clavinet _ 1
187.349069875,0.375,78,95,ZOMBIE                          Words and music by Dolores ORiordan,24287,48,Shakuhachi _ 1
187.356882375,0.3671875,64,84,ZOMBIE                          Words and music by Dolores ORiordan,24288,47,Clavinet _ 1
187.349069875,0.375,59,87,ZOMBIE                          Words and music by Dolores ORiordan,24287,48,Clavinet _ 1
187.724069875,0.0078125,36,106,ZOMBIE                          Words and music by Dolores ORiordan,24335,1,Drum Kit _ 1
187.724069875,0.0078125,42,62,ZOMBIE                          Words and music by Dolores ORiordan,24335,1,Drum Kit _ 1
187.349069875,0.3828125,47,105,ZOMBIE                          Words and music by Dolores ORiordan,24287,49,Electric Guitar (muted) _ 1
186.981882375,0.75,50,61,ZOMBIE                          Words and music by Dolores ORiordan,24240,96,Electric Guitar (muted) _ 1
187.731882375,0.1640625,64,84,ZOMBIE                          Words and music by Dolores ORiordan,24336,21,Clavinet _ 1
187.731882375,0.171875,59,85,ZOMBIE                          Words and music by Dolores ORiordan,24336,22,Clavinet _ 1
187.731882375,0.1796875,55,85,ZOMBIE                          Words and music by Dolores ORiordan,24336,23,Clavinet _ 1
187.911569875,0.0078125,42,66,ZOMBIE                          Words and music by Dolores ORiordan,24359,1,Drum Kit _ 1
187.724069875,0.2578125,31,93,ZOMBIE                          Words and music by Dolores ORiordan,24335,33,Electric Bass (finger) _ 1
187.739694875,0.34375,50,65,ZOMBIE                          Words and music by Dolores ORiordan,24337,44,Electric Guitar (muted) _ 1
187.731882375,0.3515625,43,89,ZOMBIE                          Words and music by Dolores ORiordan,24336,45,Electric Guitar (muted) _ 1
187.739694875,0.359375,47,105,ZOMBIE                          Words and music by Dolores ORiordan,24337,46,Electric Guitar (muted) _ 1
188.099069875,0.0078125,36,110,ZOMBIE                          Words and music by Dolores ORiordan,24383,1,Drum Kit _ 1
188.099069875,0.0078125,42,77,ZOMBIE                          Words and music by Dolores ORiordan,24383,1,Drum Kit _ 1
187.724069875,0.484375,74,89,ZOMBIE                          Words and music by Dolores ORiordan,24335,62,Shakuhachi _ 1
187.903757375,0.3671875,64,87,ZOMBIE                          Words and music by Dolores ORiordan,24358,47,Clavinet _ 1
187.911569875,0.3671875,59,87,ZOMBIE                          Words and music by Dolores ORiordan,24359,47,Clavinet _ 1
188.286569875,0.0078125,42,65,ZOMBIE                          Words and music by Dolores ORiordan,24407,1,Drum Kit _ 1
187.919382375,0.375,55,87,ZOMBIE                          Words and music by Dolores ORiordan,24360,48,Clavinet _ 1
188.286569875,0.03125,59,86,ZOMBIE                          Words and music by Dolores ORiordan,24407,4,Clavinet _ 1
188.099069875,0.2734375,31,99,ZOMBIE                          Words and music by Dolores ORiordan,24383,35,Electric Bass (finger) _ 1
188.106882375,0.34375,47,105,ZOMBIE                          Words and music by Dolores ORiordan,24384,44,Electric Guitar (muted) _ 1
188.106882375,0.34375,43,91,ZOMBIE                          Words and music by Dolores ORiordan,24384,44,Electric Guitar (muted) _ 1
188.099069875,0.359375,50,61,ZOMBIE                          Words and music by Dolores ORiordan,24383,46,Electric Guitar (muted) _ 1
188.302194875,0.1640625,55,85,ZOMBIE                          Words and music by Dolores ORiordan,24409,21,Clavinet _ 1
188.474069875,0.0078125,36,108,ZOMBIE                          Words and music by Dolores ORiordan,24431,1,Drum Kit _ 1
188.474069875,0.0078125,42,63,ZOMBIE                          Words and music by Dolores ORiordan,24431,1,Drum Kit _ 1
188.278757375,0.203125,64,86,ZOMBIE                          Words and music by Dolores ORiordan,24406,26,Clavinet _ 1
188.661569875,0.0078125,42,64,ZOMBIE                          Words and music by Dolores ORiordan,24455,1,Drum Kit _ 1
188.474069875,0.2109375,79,92,ZOMBIE                          Words and music by Dolores ORiordan,24431,27,Shakuhachi _ 1
188.481882375,0.2265625,31,91,ZOMBIE                          Words and music by Dolores ORiordan,24432,29,Electric Bass (finger) _ 1
188.489694875,0.265625,64,87,ZOMBIE                          Words and music by Dolores ORiordan,24433,34,Clavinet _ 1
188.474069875,0.3671875,55,87,ZOMBIE                          Words and music by Dolores ORiordan,24431,47,Clavinet _ 1
188.474069875,0.3671875,47,105,ZOMBIE                          Words and music by Dolores ORiordan,24431,47,Electric Guitar (muted) _ 1
188.474069875,0.3671875,43,84,ZOMBIE                          Words and music by Dolores ORiordan,24431,47,Electric Guitar (muted) _ 1
188.849069875,0.0078125,42,103,ZOMBIE                          Words and music by Dolores ORiordan,24479,1,Drum Kit _ 1
188.849069875,0.0078125,43,110,ZOMBIE                          Words and music by Dolores ORiordan,24479,1,Drum Kit _ 1
188.481882375,0.546875,59,87,ZOMBIE                          Words and music by Dolores ORiordan,24432,70,Clavinet _ 1
189.036569875,0.0078125,42,58,ZOMBIE                          Words and music by Dolores ORiordan,24503,1,Drum Kit _ 1
188.849069875,0.2421875,31,98,ZOMBIE                          Words and music by Dolores ORiordan,24479,31,Electric Bass (finger) _ 1
188.849069875,0.359375,47,105,ZOMBIE                          Words and music by Dolores ORiordan,24479,46,Electric Guitar (muted) _ 1
188.849069875,0.3671875,55,85,ZOMBIE                          Words and music by Dolores ORiordan,24479,47,Clavinet _ 1
188.849069875,0.375,79,102,ZOMBIE                          Words and music by Dolores ORiordan,24479,48,Shakuhachi _ 1
189.028757375,0.1953125,64,86,ZOMBIE                          Words and music by Dolores ORiordan,24502,25,Clavinet _ 1
189.224069875,0.0078125,36,107,ZOMBIE                          Words and music by Dolores ORiordan,24527,1,Drum Kit _ 1
189.224069875,0.0078125,42,59,ZOMBIE                          Words and music by Dolores ORiordan,24527,1,Drum Kit _ 1
189.411569875,0.0078125,42,68,ZOMBIE                          Words and music by Dolores ORiordan,24551,1,Drum Kit _ 1
189.231882375,0.2265625,31,98,ZOMBIE                          Words and music by Dolores ORiordan,24528,29,Electric Bass (finger) _ 1
188.474069875,1.0703125,50,80,ZOMBIE                          Words and music by Dolores ORiordan,24431,137,Electric Guitar (muted) _ 1
189.224069875,0.3359375,43,90,ZOMBIE                          Words and music by Dolores ORiordan,24527,43,Electric Guitar (muted) _ 1
189.224069875,0.3359375,47,113,ZOMBIE                          Words and music by Dolores ORiordan,24527,43,Electric Guitar (muted) _ 1
189.224069875,0.359375,55,88,ZOMBIE                          Words and music by Dolores ORiordan,24527,46,Clavinet _ 1
189.036569875,0.5546875,59,86,ZOMBIE                          Words and music by Dolores ORiordan,24503,71,Clavinet _ 1
189.224069875,0.375,81,96,ZOMBIE                          Words and music by Dolores ORiordan,24527,48,Shakuhachi _ 1
189.231882375,0.3671875,64,86,ZOMBIE                          Words and music by Dolores ORiordan,24528,47,Clavinet _ 1
189.599069875,0.0078125,36,111,ZOMBIE                          Words and music by Dolores ORiordan,24575,1,Drum Kit _ 1
189.591257375,0.015625,42,111,ZOMBIE                          Words and music by Dolores ORiordan,24574,2,Electric Guitar (muted) _ 1
189.599069875,0.2578125,30,100,ZOMBIE                          Words and music by Dolores ORiordan,24575,33,Electric Bass (finger) _ 1
189.599069875,0.359375,59,87,ZOMBIE                          Words and music by Dolores ORiordan,24575,46,Clavinet _ 1
189.599069875,0.3671875,64,122,ZOMBIE                          Words and music by Dolores ORiordan,24575,47,Electric Guitar (clean) _ 1
189.614694875,0.3515625,45,110,ZOMBIE                          Words and music by Dolores ORiordan,24577,45,Electric Guitar (muted) _ 1
189.974069875,0.0078125,46,59,ZOMBIE                          Words and music by Dolores ORiordan,24623,1,Drum Kit _ 1
189.974069875,0.234375,30,84,ZOMBIE                          Words and music by Dolores ORiordan,24623,30,Electric Bass (finger) _ 1
189.981882375,0.3515625,45,86,ZOMBIE                          Words and music by Dolores ORiordan,24624,45,Electric Guitar (muted) _ 1
189.981882375,0.3515625,42,86,ZOMBIE                          Words and music by Dolores ORiordan,24624,45,Electric Guitar (muted) _ 1
189.974069875,0.3671875,64,87,ZOMBIE                          Words and music by Dolores ORiordan,24623,47,Clavinet _ 1
189.966257375,0.375,59,86,ZOMBIE                          Words and music by Dolores ORiordan,24622,48,Clavinet _ 1
189.591257375,0.75,55,88,ZOMBIE                          Words and music by Dolores ORiordan,24574,96,Clavinet _ 1
190.349069875,0.0078125,46,80,ZOMBIE                          Words and music by Dolores ORiordan,24671,1,Drum Kit _ 1
190.349069875,0.0078125,43,111,ZOMBIE                          Words and music by Dolores ORiordan,24671,1,Drum Kit _ 1
190.349069875,0.265625,30,102,ZOMBIE                          Words and music by Dolores ORiordan,24671,34,Electric Bass (finger) _ 1
190.349069875,0.3515625,42,108,ZOMBIE                          Words and music by Dolores ORiordan,24671,45,Electric Guitar (muted) _ 1
190.356882375,0.3515625,45,108,ZOMBIE                          Words and music by Dolores ORiordan,24672,45,Electric Guitar (muted) _ 1
190.341257375,0.375,55,119,ZOMBIE                          Words and music by Dolores ORiordan,24670,48,Electric Guitar (clean) _ 1
190.349069875,0.3671875,64,85,ZOMBIE                          Words and music by Dolores ORiordan,24671,47,Clavinet _ 1
189.599069875,1.125,78,87,ZOMBIE                          Words and music by Dolores ORiordan,24575,144,Shakuhachi _ 1
190.349069875,0.375,59,87,ZOMBIE                          Words and music by Dolores ORiordan,24671,48,Clavinet _ 1
190.724069875,0.0078125,36,108,ZOMBIE                          Words and music by Dolores ORiordan,24719,1,Drum Kit _ 1
190.724069875,0.0078125,46,64,ZOMBIE                          Words and music by Dolores ORiordan,24719,1,Drum Kit _ 1
190.724069875,0.1796875,64,84,ZOMBIE                          Words and music by Dolores ORiordan,24719,23,Clavinet _ 1
190.731882375,0.1796875,59,86,ZOMBIE                          Words and music by Dolores ORiordan,24720,23,Clavinet _ 1
190.724069875,0.21875,30,85,ZOMBIE                          Words and music by Dolores ORiordan,24719,28,Electric Bass (finger) _ 1
190.731882375,0.3515625,45,88,ZOMBIE                          Words and music by Dolores ORiordan,24720,45,Electric Guitar (muted) _ 1
190.747507375,0.3515625,42,89,ZOMBIE                          Words and music by Dolores ORiordan,24722,45,Electric Guitar (muted) _ 1
191.099069875,0.0078125,36,109,ZOMBIE                          Words and music by Dolores ORiordan,24767,1,Drum Kit _ 1
191.099069875,0.0078125,46,86,ZOMBIE                          Words and music by Dolores ORiordan,24767,1,Drum Kit _ 1
190.724069875,0.4296875,81,86,ZOMBIE                          Words and music by Dolores ORiordan,24719,55,Shakuhachi _ 1
190.919382375,0.359375,59,87,ZOMBIE                          Words and music by Dolores ORiordan,24744,46,Clavinet _ 1
190.911569875,0.3671875,64,86,ZOMBIE                          Words and music by Dolores ORiordan,24743,47,Clavinet _ 1
191.114694875,0.3125,42,102,ZOMBIE                          Words and music by Dolores ORiordan,24769,40,Electric Guitar (muted) _ 1
191.099069875,0.3671875,30,101,ZOMBIE                          Words and music by Dolores ORiordan,24767,47,Electric Bass (finger) _ 1
191.114694875,0.3515625,45,102,ZOMBIE                          Words and music by Dolores ORiordan,24769,45,Electric Guitar (muted) _ 1
191.474069875,0.0078125,40,121,ZOMBIE                          Words and music by Dolores ORiordan,24815,1,Drum Kit _ 1
191.474069875,0.0078125,36,108,ZOMBIE                          Words and music by Dolores ORiordan,24815,1,Drum Kit _ 1
191.474069875,0.0078125,46,66,ZOMBIE                          Words and music by Dolores ORiordan,24815,1,Drum Kit _ 1
191.286569875,0.1953125,64,87,ZOMBIE                          Words and music by Dolores ORiordan,24791,25,Clavinet _ 1
190.716257375,0.765625,50,87,ZOMBIE                          Words and music by Dolores ORiordan,24718,98,Electric Guitar (muted) _ 1
191.489694875,0.3125,43,110,ZOMBIE                          Words and music by Dolores ORiordan,24817,40,Electric Guitar (muted) _ 1
191.474069875,0.3671875,31,108,ZOMBIE                          Words and music by Dolores ORiordan,24815,47,Electric Bass (finger) _ 1
190.724069875,1.1171875,55,87,ZOMBIE                          Words and music by Dolores ORiordan,24719,143,Clavinet _ 1
191.849069875,0.0078125,40,127,ZOMBIE                          Words and music by Dolores ORiordan,24863,1,Drum Kit _ 1
191.849069875,0.0078125,44,94,ZOMBIE                          Words and music by Dolores ORiordan,24863,1,Drum Kit _ 1
191.489694875,0.3671875,64,87,ZOMBIE                          Words and music by Dolores ORiordan,24817,47,Clavinet _ 1
191.489694875,0.3671875,50,110,ZOMBIE                          Words and music by Dolores ORiordan,24817,47,Electric Guitar (muted) _ 1
191.841257375,0.1796875,78,90,ZOMBIE                          Words and music by Dolores ORiordan,24862,23,Shakuhachi _ 1
191.864694875,0.1640625,64,86,ZOMBIE                          Words and music by Dolores ORiordan,24865,21,Clavinet _ 1
191.286569875,0.75,59,87,ZOMBIE                          Words and music by Dolores ORiordan,24791,96,Clavinet _ 1
192.044382375,0.0078125,40,107,ZOMBIE                          Words and music by Dolores ORiordan,24888,1,Drum Kit _ 1
191.864694875,0.1875,50,112,ZOMBIE                          Words and music by Dolores ORiordan,24865,24,Electric Guitar (muted) _ 1
191.849069875,0.3671875,30,98,ZOMBIE                          Words and music by Dolores ORiordan,24863,47,Electric Bass (finger) _ 1
191.856882375,0.3671875,66,90,ZOMBIE                          Words and music by Dolores ORiordan,24864,47,Flute _ 1
191.856882375,0.3671875,42,112,ZOMBIE                          Words and music by Dolores ORiordan,24864,47,Electric Guitar (muted) _ 1
192.224069875,0.0078125,40,124,ZOMBIE                          Words and music by Dolores ORiordan,24911,1,Drum Kit _ 1
192.224069875,0.0078125,44,75,ZOMBIE                          Words and music by Dolores ORiordan,24911,1,Drum Kit _ 1
192.044382375,0.1875,59,86,ZOMBIE                          Words and music by Dolores ORiordan,24888,24,Clavinet _ 1
192.036569875,0.1953125,64,85,ZOMBIE                          Words and music by Dolores ORiordan,24887,25,Clavinet _ 1
191.849069875,0.3828125,55,87,ZOMBIE                          Words and music by Dolores ORiordan,24863,49,Clavinet _ 1
192.411569875,0.0078125,40,127,ZOMBIE                          Words and music by Dolores ORiordan,24935,1,Drum Kit _ 1
192.239694875,0.2578125,64,86,ZOMBIE                          Words and music by Dolores ORiordan,24913,33,Clavinet _ 1
192.239694875,0.296875,55,84,ZOMBIE                          Words and music by Dolores ORiordan,24913,38,Clavinet _ 1
192.224069875,0.3203125,31,106,ZOMBIE                          Words and music by Dolores ORiordan,24911,41,Electric Bass (finger) _ 1
189.966257375,2.578125,62,112,ZOMBIE                          Words and music by Dolores ORiordan,24622,330,Electric Guitar (clean) _ 1
192.231882375,0.3203125,43,97,ZOMBIE                          Words and music by Dolores ORiordan,24912,41,Electric Guitar (muted) _ 1
192.239694875,0.3359375,59,83,ZOMBIE                          Words and music by Dolores ORiordan,24913,43,Clavinet _ 1
192.216257375,0.3828125,78,101,ZOMBIE                          Words and music by Dolores ORiordan,24910,49,Shakuhachi _ 1
192.231882375,0.3671875,66,101,ZOMBIE                          Words and music by Dolores ORiordan,24912,47,Flute _ 1
192.599069875,0.0078125,36,116,ZOMBIE                          Words and music by Dolores ORiordan,24959,1,Drum Kit _ 1
192.599069875,0.0078125,49,103,ZOMBIE                          Words and music by Dolores ORiordan,24959,1,Drum Kit _ 1
192.239694875,0.390625,50,75,ZOMBIE                          Words and music by Dolores ORiordan,24913,50,Electric Guitar (muted) _ 1
191.864694875,0.78125,45,112,ZOMBIE                          Words and music by Dolores ORiordan,24865,100,Electric Guitar (muted) _ 1
192.606882375,0.2578125,28,109,ZOMBIE                          Words and music by Dolores ORiordan,24960,33,Electric Bass (finger) _ 1
192.606882375,0.359375,64,66,ZOMBIE                          Words and music by Dolores ORiordan,24960,46,Electric Guitar (clean) _ 1
192.591257375,0.375,59,66,ZOMBIE                          Words and music by Dolores ORiordan,24958,48,Electric Guitar (clean) _ 1
192.606882375,0.359375,47,127,ZOMBIE                          Words and music by Dolores ORiordan,24960,46,Distortion Guitar _ 1
192.606882375,0.3671875,52,127,ZOMBIE                          Words and music by Dolores ORiordan,24960,47,Distortion Guitar _ 1
192.974069875,0.0078125,36,115,ZOMBIE                          Words and music by Dolores ORiordan,25007,1,Drum Kit _ 1
192.974069875,0.0078125,46,73,ZOMBIE                          Words and music by Dolores ORiordan,25007,1,Drum Kit _ 1
192.974069875,0.015625,47,127,ZOMBIE                          Words and music by Dolores ORiordan,25007,2,Distortion Guitar _ 1
192.981882375,0.0078125,52,119,ZOMBIE                          Words and music by Dolores ORiordan,25008,1,Distortion Guitar _ 1
192.974069875,0.2265625,28,99,ZOMBIE                          Words and music by Dolores ORiordan,25007,29,Electric Bass (finger) _ 1
192.997507375,0.34375,52,112,ZOMBIE                          Words and music by Dolores ORiordan,25010,44,Distortion Guitar _ 1
192.997507375,0.34375,47,127,ZOMBIE                          Words and music by Dolores ORiordan,25010,44,Distortion Guitar _ 1
192.974069875,0.375,59,64,ZOMBIE                          Words and music by Dolores ORiordan,25007,48,Electric Guitar (clean) _ 1
192.974069875,0.375,64,62,ZOMBIE                          Words and music by Dolores ORiordan,25007,48,Electric Guitar (clean) _ 1
193.349069875,0.0078125,46,96,ZOMBIE                          Words and music by Dolores ORiordan,25055,1,Drum Kit _ 1
193.349069875,0.0078125,52,117,ZOMBIE                          Words and music by Dolores ORiordan,25055,1,Distortion Guitar _ 1
192.606882375,0.75,40,127,ZOMBIE                          Words and music by Dolores ORiordan,24960,96,Distortion Guitar _ 1
193.364694875,0.0078125,40,127,ZOMBIE                          Words and music by Dolores ORiordan,25057,1,Drum Kit _ 1
193.364694875,0.21875,28,110,ZOMBIE                          Words and music by Dolores ORiordan,25057,28,Electric Bass (finger) _ 1
192.599069875,1.109375,79,98,ZOMBIE                          Words and music by Dolores ORiordan,24959,142,Shakuhachi _ 1
192.606882375,1.1171875,67,98,ZOMBIE                          Words and music by Dolores ORiordan,24960,143,Flute _ 1
193.356882375,0.3671875,59,65,ZOMBIE                          Words and music by Dolores ORiordan,25056,47,Electric Guitar (clean) _ 1
193.724069875,0.0078125,36,109,ZOMBIE                          Words and music by Dolores ORiordan,25103,1,Drum Kit _ 1
193.724069875,0.0078125,46,68,ZOMBIE                          Words and music by Dolores ORiordan,25103,1,Drum Kit _ 1
193.356882375,0.375,64,65,ZOMBIE                          Words and music by Dolores ORiordan,25056,48,Electric Guitar (clean) _ 1
193.364694875,0.3671875,52,127,ZOMBIE                          Words and music by Dolores ORiordan,25057,47,Distortion Guitar _ 1
193.739694875,0.1640625,64,65,ZOMBIE                          Words and music by Dolores ORiordan,25105,21,Electric Guitar (clean) _ 1
193.731882375,0.171875,59,65,ZOMBIE                          Words and music by Dolores ORiordan,25104,22,Electric Guitar (clean) _ 1
193.724069875,0.203125,28,91,ZOMBIE                          Words and music by Dolores ORiordan,25103,26,Electric Bass (finger) _ 1
193.739694875,0.359375,52,119,ZOMBIE                          Words and music by Dolores ORiordan,25105,46,Distortion Guitar _ 1
193.356882375,0.7421875,47,127,ZOMBIE                          Words and music by Dolores ORiordan,25056,95,Distortion Guitar _ 1
194.099069875,0.0078125,36,114,ZOMBIE                          Words and music by Dolores ORiordan,25151,1,Drum Kit _ 1
194.099069875,0.0078125,46,90,ZOMBIE                          Words and music by Dolores ORiordan,25151,1,Drum Kit _ 1
193.911569875,0.3671875,59,65,ZOMBIE                          Words and music by Dolores ORiordan,25127,47,Electric Guitar (clean) _ 1
193.911569875,0.3671875,64,65,ZOMBIE                          Words and music by Dolores ORiordan,25127,47,Electric Guitar (clean) _ 1
194.099069875,0.234375,28,112,ZOMBIE                          Words and music by Dolores ORiordan,25151,30,Electric Bass (finger) _ 1
194.286569875,0.1796875,64,65,ZOMBIE                          Words and music by Dolores ORiordan,25175,23,Electric Guitar (clean) _ 1
194.106882375,0.359375,47,127,ZOMBIE                          Words and music by Dolores ORiordan,25152,46,Distortion Guitar _ 1
194.106882375,0.3671875,52,125,ZOMBIE                          Words and music by Dolores ORiordan,25152,47,Distortion Guitar _ 1
194.474069875,0.0078125,36,111,ZOMBIE                          Words and music by Dolores ORiordan,25199,1,Drum Kit _ 1
194.474069875,0.0078125,46,69,ZOMBIE                          Words and music by Dolores ORiordan,25199,1,Drum Kit _ 1
193.716257375,1.109375,76,97,ZOMBIE                          Words and music by Dolores ORiordan,25102,142,Shakuhachi _ 1
194.474069875,0.3671875,28,107,ZOMBIE                          Words and music by Dolores ORiordan,25199,47,Electric Bass (finger) _ 1
194.474069875,0.375,64,62,ZOMBIE                          Words and music by Dolores ORiordan,25199,48,Electric Guitar (clean) _ 1
194.474069875,0.375,47,127,ZOMBIE                          Words and music by Dolores ORiordan,25199,48,Distortion Guitar _ 1
194.849069875,0.0078125,40,127,ZOMBIE                          Words and music by Dolores ORiordan,25247,1,Drum Kit _ 1
194.849069875,0.0078125,46,96,ZOMBIE                          Words and music by Dolores ORiordan,25247,1,Drum Kit _ 1
194.481882375,0.375,52,118,ZOMBIE                          Words and music by Dolores ORiordan,25200,48,Distortion Guitar _ 1
194.286569875,0.7421875,59,64,ZOMBIE                          Words and music by Dolores ORiordan,25175,95,Electric Guitar (clean) _ 1
194.841257375,0.34375,78,91,ZOMBIE                          Words and music by Dolores ORiordan,25246,44,Shakuhachi _ 1
194.864694875,0.34375,43,127,ZOMBIE                          Words and music by Dolores ORiordan,25249,44,Distortion Guitar _ 1
194.849069875,0.3671875,31,103,ZOMBIE                          Words and music by Dolores ORiordan,25247,47,Electric Bass (finger) _ 1
195.036569875,0.1796875,64,65,ZOMBIE                          Words and music by Dolores ORiordan,25271,23,Electric Guitar (clean) _ 1
194.856882375,0.359375,47,127,ZOMBIE                          Words and music by Dolores ORiordan,25248,46,Distortion Guitar _ 1
194.856882375,0.3671875,66,91,ZOMBIE                          Words and music by Dolores ORiordan,25248,47,Flute _ 1
194.864694875,0.359375,52,74,ZOMBIE                          Words and music by Dolores ORiordan,25249,46,Distortion Guitar _ 1
195.224069875,0.0078125,36,110,ZOMBIE                          Words and music by Dolores ORiordan,25295,1,Drum Kit _ 1
195.224069875,0.0078125,46,70,ZOMBIE                          Words and music by Dolores ORiordan,25295,1,Drum Kit _ 1
195.224069875,0.0078125,47,127,ZOMBIE                          Words and music by Dolores ORiordan,25295,1,Distortion Guitar _ 1
195.239694875,0.265625,47,127,ZOMBIE                          Words and music by Dolores ORiordan,25297,34,Distortion Guitar _ 1
195.231882375,0.28125,52,127,ZOMBIE                          Words and music by Dolores ORiordan,25296,36,Distortion Guitar _ 1
195.036569875,0.546875,59,66,ZOMBIE                          Words and music by Dolores ORiordan,25271,70,Electric Guitar (clean) _ 1
195.224069875,0.3671875,28,96,ZOMBIE                          Words and music by Dolores ORiordan,25295,47,Electric Bass (finger) _ 1
195.224069875,0.3671875,64,65,ZOMBIE                          Words and music by Dolores ORiordan,25295,47,Electric Guitar (clean) _ 1
195.231882375,0.359375,40,127,ZOMBIE                          Words and music by Dolores ORiordan,25296,46,Distortion Guitar _ 1
195.208444875,0.390625,81,97,ZOMBIE                          Words and music by Dolores ORiordan,25293,50,Shakuhachi _ 1
195.231882375,0.3671875,69,97,ZOMBIE                          Words and music by Dolores ORiordan,25296,47,Flute _ 1
195.599069875,0.0078125,36,115,ZOMBIE                          Words and music by Dolores ORiordan,25343,1,Drum Kit _ 1
195.599069875,0.0078125,46,78,ZOMBIE                          Words and music by Dolores ORiordan,25343,1,Drum Kit _ 1
195.599069875,0.3671875,64,65,ZOMBIE                          Words and music by Dolores ORiordan,25343,47,Electric Guitar (clean) _ 1
195.591257375,0.375,59,65,ZOMBIE                          Words and music by Dolores ORiordan,25342,48,Electric Guitar (clean) _ 1
195.974069875,0.0078125,46,72,ZOMBIE                          Words and music by Dolores ORiordan,25391,1,Drum Kit _ 1
195.614694875,0.3671875,48,127,ZOMBIE                          Words and music by Dolores ORiordan,25345,47,Distortion Guitar _ 1
195.614694875,0.3671875,52,127,ZOMBIE                          Words and music by Dolores ORiordan,25345,47,Distortion Guitar _ 1
195.606882375,0.5546875,67,96,ZOMBIE                          Words and music by Dolores ORiordan,25344,71,Flute _ 1
195.599069875,0.578125,79,96,ZOMBIE                          Words and music by Dolores ORiordan,25343,74,Shakuhachi _ 1
195.974069875,0.25,36,95,ZOMBIE                          Words and music by Dolores ORiordan,25391,32,Electric Bass (finger) _ 1
195.974069875,0.3671875,64,65,ZOMBIE                          Words and music by Dolores ORiordan,25391,47,Electric Guitar (clean) _ 1
195.974069875,0.3671875,59,66,ZOMBIE                          Words and music by Dolores ORiordan,25391,47,Electric Guitar (clean) _ 1
195.989694875,0.3515625,48,127,ZOMBIE                          Words and music by Dolores ORiordan,25393,45,Distortion Guitar _ 1
196.169382375,0.1796875,69,96,ZOMBIE                          Words and music by Dolores ORiordan,25416,23,Flute _ 1
195.989694875,0.359375,52,127,ZOMBIE                          Words and music by Dolores ORiordan,25393,46,Distortion Guitar _ 1
196.177194875,0.1796875,81,96,ZOMBIE                          Words and music by Dolores ORiordan,25417,23,Shakuhachi _ 1
196.349069875,0.0078125,40,127,ZOMBIE                          Words and music by Dolores ORiordan,25439,1,Drum Kit _ 1
196.349069875,0.0078125,46,97,ZOMBIE                          Words and music by Dolores ORiordan,25439,1,Drum Kit _ 1
192.614694875,3.7421875,55,112,ZOMBIE                          Words and music by Dolores ORiordan,24961,479,Distortion Guitar _ 1
196.349069875,0.2578125,36,107,ZOMBIE                          Words and music by Dolores ORiordan,25439,33,Electric Bass (finger) _ 1
196.356882375,0.3515625,79,103,ZOMBIE                          Words and music by Dolores ORiordan,25440,45,Shakuhachi _ 1
196.349069875,0.3671875,64,65,ZOMBIE                          Words and music by Dolores ORiordan,25439,47,Electric Guitar (clean) _ 1
196.349069875,0.3671875,59,66,ZOMBIE                          Words and music by Dolores ORiordan,25439,47,Electric Guitar (clean) _ 1
196.356882375,0.359375,52,127,ZOMBIE                          Words and music by Dolores ORiordan,25440,46,Distortion Guitar _ 1
196.349069875,0.3671875,48,127,ZOMBIE                          Words and music by Dolores ORiordan,25439,47,Distortion Guitar _ 1
196.356882375,0.3671875,67,103,ZOMBIE                          Words and music by Dolores ORiordan,25440,47,Flute _ 1
196.364694875,0.359375,55,118,ZOMBIE                          Words and music by Dolores ORiordan,25441,46,Distortion Guitar _ 1
196.724069875,0.0078125,36,106,ZOMBIE                          Words and music by Dolores ORiordan,25487,1,Drum Kit _ 1
196.724069875,0.0078125,46,76,ZOMBIE                          Words and music by Dolores ORiordan,25487,1,Drum Kit _ 1
196.724069875,0.015625,52,127,ZOMBIE                          Words and music by Dolores ORiordan,25487,2,Distortion Guitar _ 1
196.731882375,0.015625,55,127,ZOMBIE                          Words and music by Dolores ORiordan,25488,2,Distortion Guitar _ 1
196.724069875,0.15625,64,64,ZOMBIE                          Words and music by Dolores ORiordan,25487,20,Electric Guitar (clean) _ 1
196.724069875,0.1796875,59,65,ZOMBIE                          Words and music by Dolores ORiordan,25487,23,Electric Guitar (clean) _ 1
196.911569875,0.0078125,40,109,ZOMBIE                          Words and music by Dolores ORiordan,25511,1,Drum Kit _ 1
196.724069875,0.3671875,48,127,ZOMBIE                          Words and music by Dolores ORiordan,25487,47,Distortion Guitar _ 1
196.747507375,0.34375,52,127,ZOMBIE                          Words and music by Dolores ORiordan,25490,44,Distortion Guitar _ 1
196.755319875,0.34375,55,124,ZOMBIE                          Words and music by Dolores ORiordan,25491,44,Distortion Guitar _ 1
197.099069875,0.0078125,36,108,ZOMBIE                          Words and music by Dolores ORiordan,25535,1,Drum Kit _ 1
197.099069875,0.0078125,46,66,ZOMBIE                          Words and music by Dolores ORiordan,25535,1,Drum Kit _ 1
196.911569875,0.3671875,59,65,ZOMBIE                          Words and music by Dolores ORiordan,25511,47,Electric Guitar (clean) _ 1
196.911569875,0.3671875,64,65,ZOMBIE                          Words and music by Dolores ORiordan,25511,47,Electric Guitar (clean) _ 1
197.286569875,0.0078125,40,111,ZOMBIE                          Words and music by Dolores ORiordan,25559,1,Drum Kit _ 1
196.724069875,0.703125,76,97,ZOMBIE                          Words and music by Dolores ORiordan,25487,90,Shakuhachi _ 1
197.286569875,0.1796875,59,65,ZOMBIE                          Words and music by Dolores ORiordan,25559,23,Electric Guitar (clean) _ 1
197.099069875,0.3671875,52,127,ZOMBIE                          Words and music by Dolores ORiordan,25535,47,Distortion Guitar _ 1
197.099069875,0.3671875,48,127,ZOMBIE                          Words and music by Dolores ORiordan,25535,47,Distortion Guitar _ 1
197.286569875,0.1875,64,65,ZOMBIE                          Words and music by Dolores ORiordan,25559,24,Electric Guitar (clean) _ 1
197.474069875,0.0078125,36,113,ZOMBIE                          Words and music by Dolores ORiordan,25583,1,Drum Kit _ 1
197.474069875,0.0078125,46,70,ZOMBIE                          Words and music by Dolores ORiordan,25583,1,Drum Kit _ 1
197.106882375,0.375,55,127,ZOMBIE                          Words and music by Dolores ORiordan,25536,48,Distortion Guitar _ 1
197.474069875,0.359375,48,127,ZOMBIE                          Words and music by Dolores ORiordan,25583,46,Distortion Guitar _ 1
197.466257375,0.375,76,104,ZOMBIE                          Words and music by Dolores ORiordan,25582,48,Shakuhachi _ 1
197.474069875,0.3671875,59,65,ZOMBIE                          Words and music by Dolores ORiordan,25583,47,Electric Guitar (clean) _ 1
197.481882375,0.3671875,57,104,ZOMBIE                          Words and music by Dolores ORiordan,25584,47,Flute _ 1
197.481882375,0.3671875,64,104,ZOMBIE                          Words and music by Dolores ORiordan,25584,47,Flute _ 1
197.849069875,0.0078125,40,127,ZOMBIE                          Words and music by Dolores ORiordan,25631,1,Drum Kit _ 1
197.849069875,0.0078125,46,90,ZOMBIE                          Words and music by Dolores ORiordan,25631,1,Drum Kit _ 1
197.489694875,0.3671875,55,127,ZOMBIE                          Words and music by Dolores ORiordan,25585,47,Distortion Guitar _ 1
197.481882375,0.3828125,52,127,ZOMBIE                          Words and music by Dolores ORiordan,25584,49,Distortion Guitar _ 1
197.864694875,0.0078125,55,113,ZOMBIE                          Words and music by Dolores ORiordan,25633,1,Distortion Guitar _ 1
197.856882375,0.171875,64,65,ZOMBIE                          Words and music by Dolores ORiordan,25632,22,Electric Guitar (clean) _ 1
197.849069875,0.1953125,59,65,ZOMBIE                          Words and music by Dolores ORiordan,25631,25,Electric Guitar (clean) _ 1
197.841257375,0.359375,78,92,ZOMBIE                          Words and music by Dolores ORiordan,25630,46,Shakuhachi _ 1
197.849069875,0.359375,38,107,ZOMBIE                          Words and music by Dolores ORiordan,25631,46,Electric Bass (finger) _ 1
197.880319875,0.3359375,55,108,ZOMBIE                          Words and music by Dolores ORiordan,25635,43,Distortion Guitar _ 1
197.856882375,0.3671875,57,92,ZOMBIE                          Words and music by Dolores ORiordan,25632,47,Flute _ 1
197.856882375,0.3671875,66,92,ZOMBIE                          Words and music by Dolores ORiordan,25632,47,Flute _ 1
197.849069875,0.375,50,127,ZOMBIE                          Words and music by Dolores ORiordan,25631,48,Distortion Guitar _ 1
197.872507375,0.3515625,52,127,ZOMBIE                          Words and music by Dolores ORiordan,25634,45,Distortion Guitar _ 1
198.224069875,0.0078125,40,127,ZOMBIE                          Words and music by Dolores ORiordan,25679,1,Drum Kit _ 1
198.052194875,0.1796875,59,64,ZOMBIE                          Words and music by Dolores ORiordan,25657,23,Electric Guitar (clean) _ 1
198.036569875,0.1953125,64,63,ZOMBIE                          Words and music by Dolores ORiordan,25655,25,Electric Guitar (clean) _ 1
198.224069875,0.015625,55,66,ZOMBIE                          Words and music by Dolores ORiordan,25679,2,Distortion Guitar _ 1
198.231882375,0.2421875,52,127,ZOMBIE                          Words and music by Dolores ORiordan,25680,31,Distortion Guitar _ 1
198.231882375,0.25,48,127,ZOMBIE                          Words and music by Dolores ORiordan,25680,32,Distortion Guitar _ 1
198.216257375,0.375,36,103,ZOMBIE                          Words and music by Dolores ORiordan,25678,48,Electric Bass (finger) _ 1
198.247507375,0.34375,55,65,ZOMBIE                          Words and music by Dolores ORiordan,25682,44,Distortion Guitar _ 1
198.239694875,0.359375,64,64,ZOMBIE                          Words and music by Dolores ORiordan,25681,46,Electric Guitar (clean) _ 1
198.599069875,0.0078125,36,115,ZOMBIE                          Words and music by Dolores ORiordan,25727,1,Drum Kit _ 1
198.599069875,0.0078125,46,71,ZOMBIE                          Words and music by Dolores ORiordan,25727,1,Drum Kit _ 1
198.239694875,0.3671875,59,66,ZOMBIE                          Words and music by Dolores ORiordan,25681,47,Electric Guitar (clean) _ 1
198.216257375,0.53125,74,97,ZOMBIE                          Words and music by Dolores ORiordan,25678,68,Shakuhachi _ 1
198.599069875,0.2265625,31,109,ZOMBIE                          Words and music by Dolores ORiordan,25727,29,Electric Bass (finger) _ 1
198.599069875,0.3515625,50,127,ZOMBIE                          Words and music by Dolores ORiordan,25727,45,Distortion Guitar _ 1
198.614694875,0.359375,59,66,ZOMBIE                          Words and music by Dolores ORiordan,25729,46,Electric Guitar (clean) _ 1
198.231882375,0.7421875,62,97,ZOMBIE                          Words and music by Dolores ORiordan,25680,95,Flute _ 1
198.974069875,0.0078125,36,112,ZOMBIE                          Words and music by Dolores ORiordan,25775,1,Drum Kit _ 1
198.974069875,0.0078125,46,67,ZOMBIE                          Words and music by Dolores ORiordan,25775,1,Drum Kit _ 1
198.599069875,0.3828125,47,127,ZOMBIE                          Words and music by Dolores ORiordan,25727,49,Distortion Guitar _ 1
198.599069875,0.3828125,43,127,ZOMBIE                          Words and music by Dolores ORiordan,25727,49,Distortion Guitar _ 1
198.606882375,0.3828125,64,62,ZOMBIE                          Words and music by Dolores ORiordan,25728,49,Electric Guitar (clean) _ 1
198.974069875,0.21875,31,101,ZOMBIE                          Words and music by Dolores ORiordan,25775,28,Electric Bass (finger) _ 1
198.966257375,0.375,76,98,ZOMBIE                          Words and music by Dolores ORiordan,25774,48,Shakuhachi _ 1
198.997507375,0.34375,59,65,ZOMBIE                          Words and music by Dolores ORiordan,25778,44,Electric Guitar (clean) _ 1
198.989694875,0.3515625,47,127,ZOMBIE                          Words and music by Dolores ORiordan,25777,45,Distortion Guitar _ 1
198.981882375,0.3671875,57,98,ZOMBIE                          Words and music by Dolores ORiordan,25776,47,Flute _ 1
198.997507375,0.3515625,64,63,ZOMBIE                          Words and music by Dolores ORiordan,25778,45,Electric Guitar (clean) _ 1
198.989694875,0.359375,43,127,ZOMBIE                          Words and music by Dolores ORiordan,25777,46,Distortion Guitar _ 1
198.989694875,0.359375,50,74,ZOMBIE                          Words and music by Dolores ORiordan,25777,46,Distortion Guitar _ 1
199.349069875,0.0078125,46,92,ZOMBIE                          Words and music by Dolores ORiordan,25823,1,Drum Kit _ 1
199.349069875,0.0078125,47,127,ZOMBIE                          Words and music by Dolores ORiordan,25823,1,Distortion Guitar _ 1
199.356882375,0.0078125,50,127,ZOMBIE                          Words and music by Dolores ORiordan,25824,1,Distortion Guitar _ 1
199.364694875,0.0078125,40,123,ZOMBIE                          Words and music by Dolores ORiordan,25825,1,Drum Kit _ 1
199.349069875,0.2890625,31,111,ZOMBIE                          Words and music by Dolores ORiordan,25823,37,Electric Bass (finger) _ 1
199.372507375,0.328125,50,84,ZOMBIE                          Words and music by Dolores ORiordan,25826,42,Distortion Guitar _ 1
199.341257375,0.375,78,92,ZOMBIE                          Words and music by Dolores ORiordan,25822,48,Shakuhachi _ 1
199.364694875,0.3515625,47,127,ZOMBIE                          Words and music by Dolores ORiordan,25825,45,Distortion Guitar _ 1
199.356882375,0.359375,43,127,ZOMBIE                          Words and music by Dolores ORiordan,25824,46,Distortion Guitar _ 1
199.356882375,0.3671875,57,92,ZOMBIE                          Words and music by Dolores ORiordan,25824,47,Flute _ 1
199.356882375,0.3671875,66,92,ZOMBIE                          Words and music by Dolores ORiordan,25824,47,Flute _ 1
199.356882375,0.3671875,64,62,ZOMBIE                          Words and music by Dolores ORiordan,25824,47,Electric Guitar (clean) _ 1
199.349069875,0.375,59,65,ZOMBIE                          Words and music by Dolores ORiordan,25823,48,Electric Guitar (clean) _ 1
199.724069875,0.0078125,36,108,ZOMBIE                          Words and music by Dolores ORiordan,25871,1,Drum Kit _ 1
199.724069875,0.0078125,46,74,ZOMBIE                          Words and music by Dolores ORiordan,25871,1,Drum Kit _ 1
199.724069875,0.0078125,50,114,ZOMBIE                          Words and music by Dolores ORiordan,25871,1,Distortion Guitar _ 1
199.731882375,0.1640625,64,62,ZOMBIE                          Words and music by Dolores ORiordan,25872,21,Electric Guitar (clean) _ 1
199.731882375,0.171875,59,95,ZOMBIE                          Words and music by Dolores ORiordan,25872,22,Flute _ 1
199.731882375,0.2421875,31,93,ZOMBIE                          Words and music by Dolores ORiordan,25872,31,Electric Bass (finger) _ 1
199.716257375,0.375,74,95,ZOMBIE                          Words and music by Dolores ORiordan,25870,48,Shakuhachi _ 1
199.724069875,0.3671875,47,127,ZOMBIE                          Words and music by Dolores ORiordan,25871,47,Distortion Guitar _ 1
199.731882375,0.359375,43,127,ZOMBIE                          Words and music by Dolores ORiordan,25872,46,Distortion Guitar _ 1
199.739694875,0.359375,50,127,ZOMBIE                          Words and music by Dolores ORiordan,25873,46,Distortion Guitar _ 1
200.099069875,0.0078125,36,112,ZOMBIE                          Words and music by Dolores ORiordan,25919,1,Drum Kit _ 1
200.099069875,0.0078125,46,66,ZOMBIE                          Words and music by Dolores ORiordan,25919,1,Drum Kit _ 1
199.903757375,0.3671875,64,65,ZOMBIE                          Words and music by Dolores ORiordan,25894,47,Electric Guitar (clean) _ 1
199.911569875,0.3671875,59,65,ZOMBIE                          Words and music by Dolores ORiordan,25895,47,Electric Guitar (clean) _ 1
200.099069875,0.2734375,31,106,ZOMBIE                          Words and music by Dolores ORiordan,25919,35,Electric Bass (finger) _ 1
200.106882375,0.359375,47,127,ZOMBIE                          Words and music by Dolores ORiordan,25920,46,Distortion Guitar _ 1
200.106882375,0.359375,43,127,ZOMBIE                          Words and music by Dolores ORiordan,25920,46,Distortion Guitar _ 1
200.286569875,0.1875,59,64,ZOMBIE                          Words and music by Dolores ORiordan,25943,24,Electric Guitar (clean) _ 1
199.731882375,0.7421875,62,95,ZOMBIE                          Words and music by Dolores ORiordan,25872,95,Flute _ 1
200.114694875,0.359375,50,127,ZOMBIE                          Words and music by Dolores ORiordan,25921,46,Distortion Guitar _ 1
200.474069875,0.0078125,36,110,ZOMBIE                          Words and music by Dolores ORiordan,25967,1,Drum Kit _ 1
200.474069875,0.0078125,46,68,ZOMBIE                          Words and music by Dolores ORiordan,25967,1,Drum Kit _ 1
200.278757375,0.203125,64,64,ZOMBIE                          Words and music by Dolores ORiordan,25942,26,Electric Guitar (clean) _ 1
200.481882375,0.2265625,31,93,ZOMBIE                          Words and music by Dolores ORiordan,25968,29,Electric Bass (finger) _ 1
200.466257375,0.375,76,97,ZOMBIE                          Words and music by Dolores ORiordan,25966,48,Shakuhachi _ 1
200.489694875,0.359375,64,65,ZOMBIE                          Words and music by Dolores ORiordan,25969,46,Electric Guitar (clean) _ 1
200.849069875,0.0078125,40,127,ZOMBIE                          Words and music by Dolores ORiordan,26015,1,Drum Kit _ 1
200.849069875,0.0078125,46,99,ZOMBIE                          Words and music by Dolores ORiordan,26015,1,Drum Kit _ 1
200.474069875,0.3828125,47,127,ZOMBIE                          Words and music by Dolores ORiordan,25967,49,Distortion Guitar _ 1
200.481882375,0.375,50,116,ZOMBIE                          Words and music by Dolores ORiordan,25968,48,Distortion Guitar _ 1
200.474069875,0.3984375,43,127,ZOMBIE                          Words and music by Dolores ORiordan,25967,51,Distortion Guitar _ 1
200.481882375,0.546875,59,65,ZOMBIE                          Words and music by Dolores ORiordan,25968,70,Electric Guitar (clean) _ 1
200.841257375,0.28125,78,101,ZOMBIE                          Words and music by Dolores ORiordan,26014,36,Shakuhachi _ 1
200.856882375,0.359375,33,110,ZOMBIE                          Words and music by Dolores ORiordan,26016,46,Electric Bass (finger) _ 1
200.864694875,0.3515625,47,127,ZOMBIE                          Words and music by Dolores ORiordan,26017,45,Distortion Guitar _ 1
200.864694875,0.3515625,45,127,ZOMBIE                          Words and music by Dolores ORiordan,26017,45,Distortion Guitar _ 1
200.856882375,0.3671875,66,101,ZOMBIE                          Words and music by Dolores ORiordan,26016,47,Flute _ 1
201.028757375,0.1953125,64,64,ZOMBIE                          Words and music by Dolores ORiordan,26038,25,Electric Guitar (clean) _ 1
200.864694875,0.359375,50,127,ZOMBIE                          Words and music by Dolores ORiordan,26017,46,Distortion Guitar _ 1
201.224069875,0.0078125,36,106,ZOMBIE                          Words and music by Dolores ORiordan,26063,1,Drum Kit _ 1
201.224069875,0.0078125,46,63,ZOMBIE                          Words and music by Dolores ORiordan,26063,1,Drum Kit _ 1
201.224069875,0.2109375,47,127,ZOMBIE                          Words and music by Dolores ORiordan,26063,27,Distortion Guitar _ 1
201.224069875,0.2734375,31,103,ZOMBIE                          Words and music by Dolores ORiordan,26063,35,Electric Bass (finger) _ 1
201.224069875,0.2890625,43,127,ZOMBIE                          Words and music by Dolores ORiordan,26063,37,Distortion Guitar _ 1
201.036569875,0.5546875,59,64,ZOMBIE                          Words and music by Dolores ORiordan,26039,71,Electric Guitar (clean) _ 1
201.216257375,0.3828125,78,89,ZOMBIE                          Words and music by Dolores ORiordan,26062,49,Shakuhachi _ 1
201.231882375,0.3671875,66,89,ZOMBIE                          Words and music by Dolores ORiordan,26064,47,Flute _ 1
201.231882375,0.3671875,64,64,ZOMBIE                          Words and music by Dolores ORiordan,26064,47,Electric Guitar (clean) _ 1
201.231882375,0.3671875,50,127,ZOMBIE                          Words and music by Dolores ORiordan,26064,47,Distortion Guitar _ 1
201.599069875,0.0078125,36,116,ZOMBIE                          Words and music by Dolores ORiordan,26111,1,Drum Kit _ 1
201.599069875,0.0078125,46,82,ZOMBIE                          Words and music by Dolores ORiordan,26111,1,Drum Kit _ 1
201.599069875,0.1953125,81,97,ZOMBIE                          Words and music by Dolores ORiordan,26111,25,Shakuhachi _ 1
201.599069875,0.2578125,30,110,ZOMBIE                          Words and music by Dolores ORiordan,26111,33,Electric Bass (finger) _ 1
201.599069875,0.359375,59,65,ZOMBIE                          Words and music by Dolores ORiordan,26111,46,Electric Guitar (clean) _ 1
201.606882375,0.359375,64,65,ZOMBIE                          Words and music by Dolores ORiordan,26112,46,Electric Guitar (clean) _ 1
201.575632375,0.390625,42,125,ZOMBIE                          Words and music by Dolores ORiordan,26108,50,Distortion Guitar _ 1
201.606882375,0.3671875,69,97,ZOMBIE                          Words and music by Dolores ORiordan,26112,47,Flute _ 1
201.614694875,0.359375,45,127,ZOMBIE                          Words and music by Dolores ORiordan,26113,46,Distortion Guitar _ 1
201.974069875,0.0078125,46,60,ZOMBIE                          Words and music by Dolores ORiordan,26159,1,Drum Kit _ 1
201.606882375,0.375,50,123,ZOMBIE                          Words and music by Dolores ORiordan,26112,48,Distortion Guitar _ 1
201.974069875,0.2578125,30,95,ZOMBIE                          Words and music by Dolores ORiordan,26159,33,Electric Bass (finger) _ 1
201.966257375,0.3515625,78,93,ZOMBIE                          Words and music by Dolores ORiordan,26158,45,Shakuhachi _ 1
201.974069875,0.3671875,64,65,ZOMBIE                          Words and music by Dolores ORiordan,26159,47,Electric Guitar (clean) _ 1
201.966257375,0.375,59,64,ZOMBIE                          Words and music by Dolores ORiordan,26158,48,Electric Guitar (clean) _ 1
201.981882375,0.3671875,66,93,ZOMBIE                          Words and music by Dolores ORiordan,26160,47,Flute _ 1
201.981882375,0.3671875,42,127,ZOMBIE                          Words and music by Dolores ORiordan,26160,47,Distortion Guitar _ 1
201.989694875,0.359375,50,113,ZOMBIE                          Words and music by Dolores ORiordan,26161,46,Distortion Guitar _ 1
202.349069875,0.0078125,46,92,ZOMBIE                          Words and music by Dolores ORiordan,26207,1,Drum Kit _ 1
201.989694875,0.3671875,55,127,ZOMBIE                          Words and music by Dolores ORiordan,26161,47,Distortion Guitar _ 1
202.364694875,0.0078125,40,127,ZOMBIE                          Words and music by Dolores ORiordan,26209,1,Drum Kit _ 1
202.349069875,0.1953125,81,99,ZOMBIE                          Words and music by Dolores ORiordan,26207,25,Shakuhachi _ 1
202.364694875,0.234375,30,101,ZOMBIE                          Words and music by Dolores ORiordan,26209,30,Electric Bass (finger) _ 1
202.349069875,0.3671875,64,63,ZOMBIE                          Words and music by Dolores ORiordan,26207,47,Electric Guitar (clean) _ 1
202.356882375,0.359375,42,127,ZOMBIE                          Words and music by Dolores ORiordan,26208,46,Distortion Guitar _ 1
202.356882375,0.3671875,69,99,ZOMBIE                          Words and music by Dolores ORiordan,26208,47,Flute _ 1
202.349069875,0.375,59,65,ZOMBIE                          Words and music by Dolores ORiordan,26207,48,Electric Guitar (clean) _ 1
202.724069875,0.0078125,36,108,ZOMBIE                          Words and music by Dolores ORiordan,26255,1,Drum Kit _ 1
202.724069875,0.0078125,46,69,ZOMBIE                          Words and music by Dolores ORiordan,26255,1,Drum Kit _ 1
202.356882375,0.375,50,127,ZOMBIE                          Words and music by Dolores ORiordan,26208,48,Distortion Guitar _ 1
202.724069875,0.0078125,42,120,ZOMBIE                          Words and music by Dolores ORiordan,26255,1,Distortion Guitar _ 1
201.989694875,0.7421875,45,127,ZOMBIE                          Words and music by Dolores ORiordan,26161,95,Distortion Guitar _ 1
202.364694875,0.3671875,55,127,ZOMBIE                          Words and music by Dolores ORiordan,26209,47,Distortion Guitar _ 1
202.724069875,0.1796875,64,62,ZOMBIE                          Words and music by Dolores ORiordan,26255,23,Electric Guitar (clean) _ 1
202.731882375,0.1796875,59,64,ZOMBIE                          Words and music by Dolores ORiordan,26256,23,Electric Guitar (clean) _ 1
202.739694875,0.2265625,30,93,ZOMBIE                          Words and music by Dolores ORiordan,26257,29,Electric Bass (finger) _ 1
202.716257375,0.3515625,78,89,ZOMBIE                          Words and music by Dolores ORiordan,26254,45,Shakuhachi _ 1
202.731882375,0.3671875,66,89,ZOMBIE                          Words and music by Dolores ORiordan,26256,47,Flute _ 1
202.739694875,0.359375,50,127,ZOMBIE                          Words and music by Dolores ORiordan,26257,46,Distortion Guitar _ 1
203.099069875,0.0078125,36,111,ZOMBIE                          Words and music by Dolores ORiordan,26303,1,Drum Kit _ 1
203.099069875,0.0078125,46,78,ZOMBIE                          Words and music by Dolores ORiordan,26303,1,Drum Kit _ 1
202.739694875,0.3671875,45,127,ZOMBIE                          Words and music by Dolores ORiordan,26257,47,Distortion Guitar _ 1
202.739694875,0.3671875,42,127,ZOMBIE                          Words and music by Dolores ORiordan,26257,47,Distortion Guitar _ 1
203.106882375,0.0078125,50,79,ZOMBIE                          Words and music by Dolores ORiordan,26304,1,Distortion Guitar _ 1
202.739694875,0.375,55,127,ZOMBIE                          Words and music by Dolores ORiordan,26257,48,Distortion Guitar _ 1
203.091257375,0.171875,81,109,ZOMBIE                          Words and music by Dolores ORiordan,26302,22,Shakuhachi _ 1
202.919382375,0.359375,59,65,ZOMBIE                          Words and music by Dolores ORiordan,26280,46,Electric Guitar (clean) _ 1
202.911569875,0.3671875,64,64,ZOMBIE                          Words and music by Dolores ORiordan,26279,47,Electric Guitar (clean) _ 1
203.106882375,0.359375,30,107,ZOMBIE                          Words and music by Dolores ORiordan,26304,46,Electric Bass (finger) _ 1
203.114694875,0.3515625,42,127,ZOMBIE                          Words and music by Dolores ORiordan,26305,45,Distortion Guitar _ 1
203.106882375,0.3671875,69,109,ZOMBIE                          Words and music by Dolores ORiordan,26304,47,Flute _ 1
203.122507375,0.3515625,50,118,ZOMBIE                          Words and music by Dolores ORiordan,26306,45,Distortion Guitar _ 1
203.474069875,0.0078125,40,127,ZOMBIE                          Words and music by Dolores ORiordan,26351,1,Drum Kit _ 1
203.474069875,0.0078125,49,73,ZOMBIE                          Words and music by Dolores ORiordan,26351,1,Drum Kit _ 1
203.286569875,0.1953125,64,65,ZOMBIE                          Words and music by Dolores ORiordan,26327,25,Electric Guitar (clean) _ 1
203.122507375,0.359375,55,126,ZOMBIE                          Words and music by Dolores ORiordan,26306,46,Distortion Guitar _ 1
203.466257375,0.265625,78,89,ZOMBIE                          Words and music by Dolores ORiordan,26350,34,Shakuhachi _ 1
203.474069875,0.3671875,31,98,ZOMBIE                          Words and music by Dolores ORiordan,26351,47,Electric Bass (finger) _ 1
203.474069875,0.3671875,43,127,ZOMBIE                          Words and music by Dolores ORiordan,26351,47,Distortion Guitar _ 1
203.481882375,0.3671875,66,89,ZOMBIE                          Words and music by Dolores ORiordan,26352,47,Flute _ 1
203.849069875,0.0078125,40,99,ZOMBIE                          Words and music by Dolores ORiordan,26399,1,Drum Kit _ 1
203.849069875,0.0078125,44,92,ZOMBIE                          Words and music by Dolores ORiordan,26399,1,Drum Kit _ 1
203.489694875,0.3671875,64,65,ZOMBIE                          Words and music by Dolores ORiordan,26353,47,Electric Guitar (clean) _ 1
203.481882375,0.375,50,127,ZOMBIE                          Words and music by Dolores ORiordan,26352,48,Distortion Guitar _ 1
203.114694875,0.75,45,127,ZOMBIE                          Words and music by Dolores ORiordan,26305,96,Distortion Guitar _ 1
203.864694875,0.1640625,64,64,ZOMBIE                          Words and music by Dolores ORiordan,26401,21,Electric Guitar (clean) _ 1
203.286569875,0.75,59,65,ZOMBIE                          Words and music by Dolores ORiordan,26327,96,Electric Guitar (clean) _ 1
204.036569875,0.0078125,40,110,ZOMBIE                          Words and music by Dolores ORiordan,26423,1,Drum Kit _ 1
203.841257375,0.2734375,78,88,ZOMBIE                          Words and music by Dolores ORiordan,26398,35,Shakuhachi _ 1
203.849069875,0.3671875,30,114,ZOMBIE                          Words and music by Dolores ORiordan,26399,47,Electric Bass (finger) _ 1
203.856882375,0.3671875,66,88,ZOMBIE                          Words and music by Dolores ORiordan,26400,47,Flute _ 1
204.224069875,0.0078125,40,127,ZOMBIE                          Words and music by Dolores ORiordan,26447,1,Drum Kit _ 1
204.224069875,0.0078125,44,71,ZOMBIE                          Words and music by Dolores ORiordan,26447,1,Drum Kit _ 1
204.044382375,0.1875,59,64,ZOMBIE                          Words and music by Dolores ORiordan,26424,24,Electric Guitar (clean) _ 1
204.036569875,0.1953125,64,63,ZOMBIE                          Words and music by Dolores ORiordan,26423,25,Electric Guitar (clean) _ 1
203.872507375,0.359375,45,127,ZOMBIE                          Words and music by Dolores ORiordan,26402,46,Distortion Guitar _ 1
203.864694875,0.3671875,50,127,ZOMBIE                          Words and music by Dolores ORiordan,26401,47,Distortion Guitar _ 1
203.849069875,0.40625,42,127,ZOMBIE                          Words and music by Dolores ORiordan,26399,52,Distortion Guitar _ 1
204.411569875,0.0078125,40,127,ZOMBIE                          Words and music by Dolores ORiordan,26471,1,Drum Kit _ 1
204.239694875,0.3359375,50,109,ZOMBIE                          Words and music by Dolores ORiordan,26449,43,Distortion Guitar _ 1
204.239694875,0.34375,59,65,ZOMBIE                          Words and music by Dolores ORiordan,26449,44,Electric Guitar (clean) _ 1
204.239694875,0.34375,43,127,ZOMBIE                          Words and music by Dolores ORiordan,26449,44,Distortion Guitar _ 1
204.216257375,0.375,78,91,ZOMBIE                          Words and music by Dolores ORiordan,26446,48,Shakuhachi _ 1
204.224069875,0.3671875,31,111,ZOMBIE                          Words and music by Dolores ORiordan,26447,47,Electric Bass (finger) _ 1
204.231882375,0.3671875,66,91,ZOMBIE                          Words and music by Dolores ORiordan,26448,47,Flute _ 1
204.239694875,0.359375,64,64,ZOMBIE                          Words and music by Dolores ORiordan,26449,46,Electric Guitar (clean) _ 1
204.239694875,0.359375,45,127,ZOMBIE                          Words and music by Dolores ORiordan,26449,46,Distortion Guitar _ 1
204.599069875,0.0078125,36,115,ZOMBIE                          Words and music by Dolores ORiordan,26495,1,Drum Kit _ 1
204.599069875,0.0078125,57,68,ZOMBIE                          Words and music by Dolores ORiordan,26495,1,Drum Kit _ 1
203.489694875,1.1484375,55,118,ZOMBIE                          Words and music by Dolores ORiordan,26353,147,Distortion Guitar _ 1
204.606882375,0.2578125,28,109,ZOMBIE                          Words and music by Dolores ORiordan,26496,33,Electric Bass (finger) _ 1
204.606882375,0.359375,64,66,ZOMBIE                          Words and music by Dolores ORiordan,26496,46,Electric Guitar (clean) _ 1
204.591257375,0.375,59,66,ZOMBIE                          Words and music by Dolores ORiordan,26494,48,Electric Guitar (clean) _ 1
204.606882375,0.359375,47,127,ZOMBIE                          Words and music by Dolores ORiordan,26496,46,Distortion Guitar _ 1
204.606882375,0.3671875,52,127,ZOMBIE                          Words and music by Dolores ORiordan,26496,47,Distortion Guitar _ 1
204.974069875,0.0078125,36,112,ZOMBIE                          Words and music by Dolores ORiordan,26543,1,Drum Kit _ 1
204.974069875,0.0078125,46,89,ZOMBIE                          Words and music by Dolores ORiordan,26543,1,Drum Kit _ 1
204.974069875,0.015625,47,127,ZOMBIE                          Words and music by Dolores ORiordan,26543,2,Distortion Guitar _ 1
204.981882375,0.0078125,52,119,ZOMBIE                          Words and music by Dolores ORiordan,26544,1,Distortion Guitar _ 1
204.974069875,0.2265625,28,99,ZOMBIE                          Words and music by Dolores ORiordan,26543,29,Electric Bass (finger) _ 1
204.997507375,0.34375,52,112,ZOMBIE                          Words and music by Dolores ORiordan,26546,44,Distortion Guitar _ 1
204.997507375,0.34375,47,127,ZOMBIE                          Words and music by Dolores ORiordan,26546,44,Distortion Guitar _ 1
204.974069875,0.375,59,64,ZOMBIE                          Words and music by Dolores ORiordan,26543,48,Electric Guitar (clean) _ 1
204.974069875,0.375,64,62,ZOMBIE                          Words and music by Dolores ORiordan,26543,48,Electric Guitar (clean) _ 1
205.349069875,0.0078125,46,90,ZOMBIE                          Words and music by Dolores ORiordan,26591,1,Drum Kit _ 1
205.349069875,0.0078125,52,117,ZOMBIE                          Words and music by Dolores ORiordan,26591,1,Distortion Guitar _ 1
204.606882375,0.75,40,127,ZOMBIE                          Words and music by Dolores ORiordan,26496,96,Distortion Guitar _ 1
205.364694875,0.0078125,40,127,ZOMBIE                          Words and music by Dolores ORiordan,26593,1,Drum Kit _ 1
205.364694875,0.21875,28,110,ZOMBIE                          Words and music by Dolores ORiordan,26593,28,Electric Bass (finger) _ 1
204.591257375,1.09375,79,107,ZOMBIE                          Words and music by Dolores ORiordan,26494,140,Shakuhachi _ 1
204.606882375,1.1171875,67,107,ZOMBIE                          Words and music by Dolores ORiordan,26496,143,Flute _ 1
205.356882375,0.3671875,59,65,ZOMBIE                          Words and music by Dolores ORiordan,26592,47,Electric Guitar (clean) _ 1
205.724069875,0.0078125,36,111,ZOMBIE                          Words and music by Dolores ORiordan,26639,1,Drum Kit _ 1
205.356882375,0.375,64,65,ZOMBIE                          Words and music by Dolores ORiordan,26592,48,Electric Guitar (clean) _ 1
205.364694875,0.3671875,52,127,ZOMBIE                          Words and music by Dolores ORiordan,26593,47,Distortion Guitar _ 1
205.731882375,0.0078125,46,88,ZOMBIE                          Words and music by Dolores ORiordan,26640,1,Drum Kit _ 1
205.739694875,0.1640625,64,65,ZOMBIE                          Words and music by Dolores ORiordan,26641,21,Electric Guitar (clean) _ 1
205.731882375,0.171875,59,65,ZOMBIE                          Words and music by Dolores ORiordan,26640,22,Electric Guitar (clean) _ 1
205.911569875,0.0078125,55,69,ZOMBIE                          Words and music by Dolores ORiordan,26663,1,Drum Kit _ 1
205.724069875,0.203125,28,91,ZOMBIE                          Words and music by Dolores ORiordan,26639,26,Electric Bass (finger) _ 1
205.739694875,0.359375,52,119,ZOMBIE                          Words and music by Dolores ORiordan,26641,46,Distortion Guitar _ 1
205.356882375,0.7421875,47,127,ZOMBIE                          Words and music by Dolores ORiordan,26592,95,Distortion Guitar _ 1
206.099069875,0.0078125,36,112,ZOMBIE                          Words and music by Dolores ORiordan,26687,1,Drum Kit _ 1
206.114694875,0.0078125,46,73,ZOMBIE                          Words and music by Dolores ORiordan,26689,1,Drum Kit _ 1
205.911569875,0.3671875,59,65,ZOMBIE                          Words and music by Dolores ORiordan,26663,47,Electric Guitar (clean) _ 1
205.911569875,0.3671875,64,65,ZOMBIE                          Words and music by Dolores ORiordan,26663,47,Electric Guitar (clean) _ 1
206.099069875,0.234375,28,112,ZOMBIE                          Words and music by Dolores ORiordan,26687,30,Electric Bass (finger) _ 1
206.286569875,0.1796875,64,65,ZOMBIE                          Words and music by Dolores ORiordan,26711,23,Electric Guitar (clean) _ 1
206.106882375,0.359375,47,127,ZOMBIE                          Words and music by Dolores ORiordan,26688,46,Distortion Guitar _ 1
206.106882375,0.3671875,52,125,ZOMBIE                          Words and music by Dolores ORiordan,26688,47,Distortion Guitar _ 1
206.474069875,0.0078125,36,110,ZOMBIE                          Words and music by Dolores ORiordan,26735,1,Drum Kit _ 1
206.481882375,0.0078125,46,89,ZOMBIE                          Words and music by Dolores ORiordan,26736,1,Drum Kit _ 1
205.716257375,1.125,76,97,ZOMBIE                          Words and music by Dolores ORiordan,26638,144,Shakuhachi _ 1
206.474069875,0.3671875,28,107,ZOMBIE                          Words and music by Dolores ORiordan,26735,47,Electric Bass (finger) _ 1
206.474069875,0.375,64,62,ZOMBIE                          Words and music by Dolores ORiordan,26735,48,Electric Guitar (clean) _ 1
206.474069875,0.375,47,127,ZOMBIE                          Words and music by Dolores ORiordan,26735,48,Distortion Guitar _ 1
206.849069875,0.0078125,40,127,ZOMBIE                          Words and music by Dolores ORiordan,26783,1,Drum Kit _ 1
206.849069875,0.0078125,46,89,ZOMBIE                          Words and music by Dolores ORiordan,26783,1,Drum Kit _ 1
206.481882375,0.375,52,118,ZOMBIE                          Words and music by Dolores ORiordan,26736,48,Distortion Guitar _ 1
206.286569875,0.7421875,59,64,ZOMBIE                          Words and music by Dolores ORiordan,26711,95,Electric Guitar (clean) _ 1
206.841257375,0.3671875,78,98,ZOMBIE                          Words and music by Dolores ORiordan,26782,47,Shakuhachi _ 1
206.864694875,0.34375,43,127,ZOMBIE                          Words and music by Dolores ORiordan,26785,44,Distortion Guitar _ 1
206.849069875,0.3671875,31,103,ZOMBIE                          Words and music by Dolores ORiordan,26783,47,Electric Bass (finger) _ 1
207.036569875,0.1796875,64,65,ZOMBIE                          Words and music by Dolores ORiordan,26807,23,Electric Guitar (clean) _ 1
206.856882375,0.359375,47,127,ZOMBIE                          Words and music by Dolores ORiordan,26784,46,Distortion Guitar _ 1
206.856882375,0.3671875,66,98,ZOMBIE                          Words and music by Dolores ORiordan,26784,47,Flute _ 1
206.864694875,0.359375,52,74,ZOMBIE                          Words and music by Dolores ORiordan,26785,46,Distortion Guitar _ 1
207.224069875,0.0078125,36,110,ZOMBIE                          Words and music by Dolores ORiordan,26831,1,Drum Kit _ 1
207.224069875,0.0078125,46,82,ZOMBIE                          Words and music by Dolores ORiordan,26831,1,Drum Kit _ 1
207.224069875,0.0078125,47,127,ZOMBIE                          Words and music by Dolores ORiordan,26831,1,Distortion Guitar _ 1
207.411569875,0.0078125,55,70,ZOMBIE                          Words and music by Dolores ORiordan,26855,1,Drum Kit _ 1
207.239694875,0.265625,47,127,ZOMBIE                          Words and music by Dolores ORiordan,26833,34,Distortion Guitar _ 1
207.231882375,0.28125,52,127,ZOMBIE                          Words and music by Dolores ORiordan,26832,36,Distortion Guitar _ 1
207.036569875,0.546875,59,66,ZOMBIE                          Words and music by Dolores ORiordan,26807,70,Electric Guitar (clean) _ 1
207.224069875,0.3671875,28,96,ZOMBIE                          Words and music by Dolores ORiordan,26831,47,Electric Bass (finger) _ 1
207.224069875,0.3671875,64,65,ZOMBIE                          Words and music by Dolores ORiordan,26831,47,Electric Guitar (clean) _ 1
207.231882375,0.359375,40,127,ZOMBIE                          Words and music by Dolores ORiordan,26832,46,Distortion Guitar _ 1
207.216257375,0.3828125,81,102,ZOMBIE                          Words and music by Dolores ORiordan,26830,49,Shakuhachi _ 1
207.231882375,0.3671875,69,102,ZOMBIE                          Words and music by Dolores ORiordan,26832,47,Flute _ 1
207.599069875,0.0078125,36,115,ZOMBIE                          Words and music by Dolores ORiordan,26879,1,Drum Kit _ 1
207.599069875,0.0078125,46,94,ZOMBIE                          Words and music by Dolores ORiordan,26879,1,Drum Kit _ 1
207.599069875,0.3671875,64,65,ZOMBIE                          Words and music by Dolores ORiordan,26879,47,Electric Guitar (clean) _ 1
207.591257375,0.375,59,65,ZOMBIE                          Words and music by Dolores ORiordan,26878,48,Electric Guitar (clean) _ 1
207.974069875,0.0078125,46,82,ZOMBIE                          Words and music by Dolores ORiordan,26927,1,Drum Kit _ 1
207.614694875,0.3671875,48,127,ZOMBIE                          Words and music by Dolores ORiordan,26881,47,Distortion Guitar _ 1
207.614694875,0.3671875,52,127,ZOMBIE                          Words and music by Dolores ORiordan,26881,47,Distortion Guitar _ 1
207.599069875,0.546875,79,110,ZOMBIE                          Words and music by Dolores ORiordan,26879,70,Shakuhachi _ 1
207.606882375,0.5546875,67,110,ZOMBIE                          Words and music by Dolores ORiordan,26880,71,Flute _ 1
207.974069875,0.25,36,95,ZOMBIE                          Words and music by Dolores ORiordan,26927,32,Electric Bass (finger) _ 1
208.153757375,0.1875,81,101,ZOMBIE                          Words and music by Dolores ORiordan,26950,24,Shakuhachi _ 1
207.974069875,0.3671875,64,65,ZOMBIE                          Words and music by Dolores ORiordan,26927,47,Electric Guitar (clean) _ 1
207.974069875,0.3671875,59,66,ZOMBIE                          Words and music by Dolores ORiordan,26927,47,Electric Guitar (clean) _ 1
207.989694875,0.3515625,48,127,ZOMBIE                          Words and music by Dolores ORiordan,26929,45,Distortion Guitar _ 1
208.169382375,0.1796875,69,101,ZOMBIE                          Words and music by Dolores ORiordan,26952,23,Flute _ 1
207.989694875,0.359375,52,127,ZOMBIE                          Words and music by Dolores ORiordan,26929,46,Distortion Guitar _ 1
208.349069875,0.0078125,46,93,ZOMBIE                          Words and music by Dolores ORiordan,26975,1,Drum Kit _ 1
207.622507375,0.734375,55,112,ZOMBIE                          Words and music by Dolores ORiordan,26882,94,Distortion Guitar _ 1
208.356882375,0.0078125,40,127,ZOMBIE                          Words and music by Dolores ORiordan,26976,1,Drum Kit _ 1
208.349069875,0.2578125,36,107,ZOMBIE                          Words and music by Dolores ORiordan,26975,33,Electric Bass (finger) _ 1
208.341257375,0.3359375,79,112,ZOMBIE                          Words and music by Dolores ORiordan,26974,43,Shakuhachi _ 1
208.349069875,0.3671875,64,65,ZOMBIE                          Words and music by Dolores ORiordan,26975,47,Electric Guitar (clean) _ 1
208.349069875,0.3671875,59,66,ZOMBIE                          Words and music by Dolores ORiordan,26975,47,Electric Guitar (clean) _ 1
208.356882375,0.359375,52,127,ZOMBIE                          Words and music by Dolores ORiordan,26976,46,Distortion Guitar _ 1
208.349069875,0.3671875,48,127,ZOMBIE                          Words and music by Dolores ORiordan,26975,47,Distortion Guitar _ 1
208.356882375,0.3671875,67,112,ZOMBIE                          Words and music by Dolores ORiordan,26976,47,Flute _ 1
208.364694875,0.359375,55,118,ZOMBIE                          Words and music by Dolores ORiordan,26977,46,Distortion Guitar _ 1
208.724069875,0.0078125,36,105,ZOMBIE                          Words and music by Dolores ORiordan,27023,1,Drum Kit _ 1
208.724069875,0.0078125,46,78,ZOMBIE                          Words and music by Dolores ORiordan,27023,1,Drum Kit _ 1
208.724069875,0.015625,52,127,ZOMBIE                          Words and music by Dolores ORiordan,27023,2,Distortion Guitar _ 1
208.731882375,0.015625,55,127,ZOMBIE                          Words and music by Dolores ORiordan,27024,2,Distortion Guitar _ 1
208.724069875,0.15625,64,64,ZOMBIE                          Words and music by Dolores ORiordan,27023,20,Electric Guitar (clean) _ 1
208.724069875,0.1796875,59,65,ZOMBIE                          Words and music by Dolores ORiordan,27023,23,Electric Guitar (clean) _ 1
208.755319875,0.1640625,55,124,ZOMBIE                          Words and music by Dolores ORiordan,27027,21,Distortion Guitar _ 1
208.919382375,0.0078125,40,96,ZOMBIE                          Words and music by Dolores ORiordan,27048,1,Drum Kit _ 1
208.724069875,0.3671875,48,127,ZOMBIE                          Words and music by Dolores ORiordan,27023,47,Distortion Guitar _ 1
208.747507375,0.34375,52,127,ZOMBIE                          Words and music by Dolores ORiordan,27026,44,Distortion Guitar _ 1
209.099069875,0.0078125,36,110,ZOMBIE                          Words and music by Dolores ORiordan,27071,1,Drum Kit _ 1
209.099069875,0.0078125,46,80,ZOMBIE                          Words and music by Dolores ORiordan,27071,1,Drum Kit _ 1
208.911569875,0.3671875,59,65,ZOMBIE                          Words and music by Dolores ORiordan,27047,47,Electric Guitar (clean) _ 1
208.911569875,0.3671875,64,65,ZOMBIE                          Words and music by Dolores ORiordan,27047,47,Electric Guitar (clean) _ 1
209.302194875,0.0078125,40,120,ZOMBIE                          Words and music by Dolores ORiordan,27097,1,Drum Kit _ 1
208.724069875,0.640625,76,101,ZOMBIE                          Words and music by Dolores ORiordan,27023,82,Shakuhachi _ 1
209.286569875,0.1796875,59,65,ZOMBIE                          Words and music by Dolores ORiordan,27095,23,Electric Guitar (clean) _ 1
209.099069875,0.3671875,52,127,ZOMBIE                          Words and music by Dolores ORiordan,27071,47,Distortion Guitar _ 1
209.099069875,0.3671875,48,127,ZOMBIE                          Words and music by Dolores ORiordan,27071,47,Distortion Guitar _ 1
209.286569875,0.1875,64,65,ZOMBIE                          Words and music by Dolores ORiordan,27095,24,Electric Guitar (clean) _ 1
209.474069875,0.0078125,36,106,ZOMBIE                          Words and music by Dolores ORiordan,27119,1,Drum Kit _ 1
209.106882375,0.375,55,127,ZOMBIE                          Words and music by Dolores ORiordan,27072,48,Distortion Guitar _ 1
209.481882375,0.0078125,46,94,ZOMBIE                          Words and music by Dolores ORiordan,27120,1,Drum Kit _ 1
209.474069875,0.359375,48,127,ZOMBIE                          Words and music by Dolores ORiordan,27119,46,Distortion Guitar _ 1
209.458444875,0.3828125,76,91,ZOMBIE                          Words and music by Dolores ORiordan,27117,49,Shakuhachi _ 1
209.474069875,0.3671875,59,65,ZOMBIE                          Words and music by Dolores ORiordan,27119,47,Electric Guitar (clean) _ 1
209.481882375,0.3671875,57,104,ZOMBIE                          Words and music by Dolores ORiordan,27120,47,Flute _ 1
209.481882375,0.3671875,64,91,ZOMBIE                          Words and music by Dolores ORiordan,27120,47,Flute _ 1
209.489694875,0.3671875,55,127,ZOMBIE                          Words and music by Dolores ORiordan,27121,47,Distortion Guitar _ 1
209.856882375,0.0078125,46,92,ZOMBIE                          Words and music by Dolores ORiordan,27168,1,Drum Kit _ 1
209.481882375,0.3828125,52,127,ZOMBIE                          Words and music by Dolores ORiordan,27120,49,Distortion Guitar _ 1
209.864694875,0.0078125,40,127,ZOMBIE                          Words and music by Dolores ORiordan,27169,1,Drum Kit _ 1
209.864694875,0.0078125,55,113,ZOMBIE                          Words and music by Dolores ORiordan,27169,1,Distortion Guitar _ 1
209.856882375,0.171875,64,65,ZOMBIE                          Words and music by Dolores ORiordan,27168,22,Electric Guitar (clean) _ 1
209.849069875,0.1953125,59,65,ZOMBIE                          Words and music by Dolores ORiordan,27167,25,Electric Guitar (clean) _ 1
209.849069875,0.359375,38,107,ZOMBIE                          Words and music by Dolores ORiordan,27167,46,Electric Bass (finger) _ 1
209.841257375,0.375,78,94,ZOMBIE                          Words and music by Dolores ORiordan,27166,48,Shakuhachi _ 1
209.880319875,0.3359375,55,108,ZOMBIE                          Words and music by Dolores ORiordan,27171,43,Distortion Guitar _ 1
209.856882375,0.3671875,57,92,ZOMBIE                          Words and music by Dolores ORiordan,27168,47,Flute _ 1
209.856882375,0.3671875,66,94,ZOMBIE                          Words and music by Dolores ORiordan,27168,47,Flute _ 1
209.849069875,0.375,50,127,ZOMBIE                          Words and music by Dolores ORiordan,27167,48,Distortion Guitar _ 1
209.872507375,0.3515625,52,127,ZOMBIE                          Words and music by Dolores ORiordan,27170,45,Distortion Guitar _ 1
210.052194875,0.1796875,59,64,ZOMBIE                          Words and music by Dolores ORiordan,27193,23,Electric Guitar (clean) _ 1
210.036569875,0.1953125,64,63,ZOMBIE                          Words and music by Dolores ORiordan,27191,25,Electric Guitar (clean) _ 1
210.224069875,0.015625,55,66,ZOMBIE                          Words and music by Dolores ORiordan,27215,2,Distortion Guitar _ 1
210.239694875,0.0078125,40,127,ZOMBIE                          Words and music by Dolores ORiordan,27217,1,Drum Kit _ 1
210.247507375,0.171875,55,65,ZOMBIE                          Words and music by Dolores ORiordan,27218,22,Distortion Guitar _ 1
210.231882375,0.2421875,52,127,ZOMBIE                          Words and music by Dolores ORiordan,27216,31,Distortion Guitar _ 1
210.231882375,0.25,48,127,ZOMBIE                          Words and music by Dolores ORiordan,27216,32,Distortion Guitar _ 1
210.216257375,0.375,36,103,ZOMBIE                          Words and music by Dolores ORiordan,27214,48,Electric Bass (finger) _ 1
210.239694875,0.359375,64,64,ZOMBIE                          Words and music by Dolores ORiordan,27217,46,Electric Guitar (clean) _ 1
210.599069875,0.0078125,36,116,ZOMBIE                          Words and music by Dolores ORiordan,27263,1,Drum Kit _ 1
210.599069875,0.0078125,46,94,ZOMBIE                          Words and music by Dolores ORiordan,27263,1,Drum Kit _ 1
210.239694875,0.3671875,59,66,ZOMBIE                          Words and music by Dolores ORiordan,27217,47,Electric Guitar (clean) _ 1
210.216257375,0.546875,74,95,ZOMBIE                          Words and music by Dolores ORiordan,27214,70,Shakuhachi _ 1
210.599069875,0.2265625,31,109,ZOMBIE                          Words and music by Dolores ORiordan,27263,29,Electric Bass (finger) _ 1
210.599069875,0.3515625,50,127,ZOMBIE                          Words and music by Dolores ORiordan,27263,45,Distortion Guitar _ 1
210.614694875,0.359375,59,66,ZOMBIE                          Words and music by Dolores ORiordan,27265,46,Electric Guitar (clean) _ 1
210.231882375,0.7421875,62,95,ZOMBIE                          Words and music by Dolores ORiordan,27216,95,Flute _ 1
210.974069875,0.0078125,36,112,ZOMBIE                          Words and music by Dolores ORiordan,27311,1,Drum Kit _ 1
210.599069875,0.3828125,47,127,ZOMBIE                          Words and music by Dolores ORiordan,27263,49,Distortion Guitar _ 1
210.599069875,0.3828125,43,127,ZOMBIE                          Words and music by Dolores ORiordan,27263,49,Distortion Guitar _ 1
210.981882375,0.0078125,46,88,ZOMBIE                          Words and music by Dolores ORiordan,27312,1,Drum Kit _ 1
210.606882375,0.3828125,64,62,ZOMBIE                          Words and music by Dolores ORiordan,27264,49,Electric Guitar (clean) _ 1
210.974069875,0.21875,31,101,ZOMBIE                          Words and music by Dolores ORiordan,27311,28,Electric Bass (finger) _ 1
210.966257375,0.375,76,105,ZOMBIE                          Words and music by Dolores ORiordan,27310,48,Shakuhachi _ 1
210.997507375,0.34375,59,65,ZOMBIE                          Words and music by Dolores ORiordan,27314,44,Electric Guitar (clean) _ 1
210.989694875,0.3515625,47,127,ZOMBIE                          Words and music by Dolores ORiordan,27313,45,Distortion Guitar _ 1
210.981882375,0.3671875,57,98,ZOMBIE                          Words and music by Dolores ORiordan,27312,47,Flute _ 1
210.997507375,0.3515625,64,63,ZOMBIE                          Words and music by Dolores ORiordan,27314,45,Electric Guitar (clean) _ 1
210.989694875,0.359375,43,127,ZOMBIE                          Words and music by Dolores ORiordan,27313,46,Distortion Guitar _ 1
210.989694875,0.359375,50,74,ZOMBIE                          Words and music by Dolores ORiordan,27313,46,Distortion Guitar _ 1
211.349069875,0.0078125,40,121,ZOMBIE                          Words and music by Dolores ORiordan,27359,1,Drum Kit _ 1
211.349069875,0.0078125,46,86,ZOMBIE                          Words and music by Dolores ORiordan,27359,1,Drum Kit _ 1
211.349069875,0.0078125,47,127,ZOMBIE                          Words and music by Dolores ORiordan,27359,1,Distortion Guitar _ 1
211.356882375,0.0078125,50,127,ZOMBIE                          Words and music by Dolores ORiordan,27360,1,Distortion Guitar _ 1
211.349069875,0.2890625,31,111,ZOMBIE                          Words and music by Dolores ORiordan,27359,37,Electric Bass (finger) _ 1
211.372507375,0.328125,50,84,ZOMBIE                          Words and music by Dolores ORiordan,27362,42,Distortion Guitar _ 1
211.341257375,0.375,78,92,ZOMBIE                          Words and music by Dolores ORiordan,27358,48,Shakuhachi _ 1
211.364694875,0.3515625,47,127,ZOMBIE                          Words and music by Dolores ORiordan,27361,45,Distortion Guitar _ 1
211.356882375,0.359375,43,127,ZOMBIE                          Words and music by Dolores ORiordan,27360,46,Distortion Guitar _ 1
211.356882375,0.3671875,57,92,ZOMBIE                          Words and music by Dolores ORiordan,27360,47,Flute _ 1
211.356882375,0.3671875,66,92,ZOMBIE                          Words and music by Dolores ORiordan,27360,47,Flute _ 1
211.356882375,0.3671875,64,62,ZOMBIE                          Words and music by Dolores ORiordan,27360,47,Electric Guitar (clean) _ 1
211.349069875,0.375,59,65,ZOMBIE                          Words and music by Dolores ORiordan,27359,48,Electric Guitar (clean) _ 1
211.724069875,0.0078125,40,127,ZOMBIE                          Words and music by Dolores ORiordan,27407,1,Drum Kit _ 1
211.724069875,0.0078125,52,83,ZOMBIE                          Words and music by Dolores ORiordan,27407,1,Drum Kit _ 1
211.724069875,0.0078125,50,114,ZOMBIE                          Words and music by Dolores ORiordan,27407,1,Distortion Guitar _ 1
211.731882375,0.1640625,64,62,ZOMBIE                          Words and music by Dolores ORiordan,27408,21,Electric Guitar (clean) _ 1
211.731882375,0.171875,59,95,ZOMBIE                          Words and music by Dolores ORiordan,27408,22,Flute _ 1
211.911569875,0.0078125,55,76,ZOMBIE                          Words and music by Dolores ORiordan,27431,1,Drum Kit _ 1
211.731882375,0.2421875,31,93,ZOMBIE                          Words and music by Dolores ORiordan,27408,31,Electric Bass (finger) _ 1
211.724069875,0.3671875,47,127,ZOMBIE                          Words and music by Dolores ORiordan,27407,47,Distortion Guitar _ 1
211.731882375,0.359375,43,127,ZOMBIE                          Words and music by Dolores ORiordan,27408,46,Distortion Guitar _ 1
211.739694875,0.359375,50,127,ZOMBIE                          Words and music by Dolores ORiordan,27409,46,Distortion Guitar _ 1
212.099069875,0.0078125,36,111,ZOMBIE                          Words and music by Dolores ORiordan,27455,1,Drum Kit _ 1
212.099069875,0.0078125,46,92,ZOMBIE                          Words and music by Dolores ORiordan,27455,1,Drum Kit _ 1
211.903757375,0.3671875,64,65,ZOMBIE                          Words and music by Dolores ORiordan,27430,47,Electric Guitar (clean) _ 1
211.911569875,0.3671875,59,65,ZOMBIE                          Words and music by Dolores ORiordan,27431,47,Electric Guitar (clean) _ 1
212.099069875,0.2734375,31,106,ZOMBIE                          Words and music by Dolores ORiordan,27455,35,Electric Bass (finger) _ 1
211.716257375,0.7265625,74,97,ZOMBIE                          Words and music by Dolores ORiordan,27406,93,Shakuhachi _ 1
212.106882375,0.359375,47,127,ZOMBIE                          Words and music by Dolores ORiordan,27456,46,Distortion Guitar _ 1
212.106882375,0.359375,43,127,ZOMBIE                          Words and music by Dolores ORiordan,27456,46,Distortion Guitar _ 1
212.286569875,0.1875,59,64,ZOMBIE                          Words and music by Dolores ORiordan,27479,24,Electric Guitar (clean) _ 1
211.731882375,0.7421875,62,97,ZOMBIE                          Words and music by Dolores ORiordan,27408,95,Flute _ 1
212.114694875,0.359375,50,127,ZOMBIE                          Words and music by Dolores ORiordan,27457,46,Distortion Guitar _ 1
212.474069875,0.0078125,36,107,ZOMBIE                          Words and music by Dolores ORiordan,27503,1,Drum Kit _ 1
212.474069875,0.0078125,46,82,ZOMBIE                          Words and music by Dolores ORiordan,27503,1,Drum Kit _ 1
212.278757375,0.203125,64,64,ZOMBIE                          Words and music by Dolores ORiordan,27478,26,Electric Guitar (clean) _ 1
212.481882375,0.2265625,31,93,ZOMBIE                          Words and music by Dolores ORiordan,27504,29,Electric Bass (finger) _ 1
212.466257375,0.3671875,76,101,ZOMBIE                          Words and music by Dolores ORiordan,27502,47,Shakuhachi _ 1
212.489694875,0.359375,64,65,ZOMBIE                          Words and music by Dolores ORiordan,27505,46,Electric Guitar (clean) _ 1
212.849069875,0.0078125,40,121,ZOMBIE                          Words and music by Dolores ORiordan,27551,1,Drum Kit _ 1
212.849069875,0.0078125,49,77,ZOMBIE                          Words and music by Dolores ORiordan,27551,1,Drum Kit _ 1
212.474069875,0.3828125,47,127,ZOMBIE                          Words and music by Dolores ORiordan,27503,49,Distortion Guitar _ 1
212.481882375,0.375,50,116,ZOMBIE                          Words and music by Dolores ORiordan,27504,48,Distortion Guitar _ 1
212.474069875,0.3984375,43,127,ZOMBIE                          Words and music by Dolores ORiordan,27503,51,Distortion Guitar _ 1
212.833444875,0.1796875,78,93,ZOMBIE                          Words and music by Dolores ORiordan,27549,23,Shakuhachi _ 1
212.481882375,0.546875,59,65,ZOMBIE                          Words and music by Dolores ORiordan,27504,70,Electric Guitar (clean) _ 1
212.856882375,0.359375,33,110,ZOMBIE                          Words and music by Dolores ORiordan,27552,46,Electric Bass (finger) _ 1
212.864694875,0.3515625,47,127,ZOMBIE                          Words and music by Dolores ORiordan,27553,45,Distortion Guitar _ 1
212.864694875,0.3515625,45,127,ZOMBIE                          Words and music by Dolores ORiordan,27553,45,Distortion Guitar _ 1
212.856882375,0.3671875,66,93,ZOMBIE                          Words and music by Dolores ORiordan,27552,47,Flute _ 1
213.028757375,0.1953125,64,64,ZOMBIE                          Words and music by Dolores ORiordan,27574,25,Electric Guitar (clean) _ 1
212.864694875,0.359375,50,127,ZOMBIE                          Words and music by Dolores ORiordan,27553,46,Distortion Guitar _ 1
213.224069875,0.0078125,40,127,ZOMBIE                          Words and music by Dolores ORiordan,27599,1,Drum Kit _ 1
213.224069875,0.0078125,52,81,ZOMBIE                          Words and music by Dolores ORiordan,27599,1,Drum Kit _ 1
213.411569875,0.0078125,55,87,ZOMBIE                          Words and music by Dolores ORiordan,27623,1,Drum Kit _ 1
213.224069875,0.2109375,47,127,ZOMBIE                          Words and music by Dolores ORiordan,27599,27,Distortion Guitar _ 1
213.224069875,0.2734375,31,103,ZOMBIE                          Words and music by Dolores ORiordan,27599,35,Electric Bass (finger) _ 1
213.224069875,0.2890625,43,127,ZOMBIE                          Words and music by Dolores ORiordan,27599,37,Distortion Guitar _ 1
213.208444875,0.3828125,78,101,ZOMBIE                          Words and music by Dolores ORiordan,27597,49,Shakuhachi _ 1
213.036569875,0.5546875,59,64,ZOMBIE                          Words and music by Dolores ORiordan,27575,71,Electric Guitar (clean) _ 1
213.231882375,0.3671875,66,101,ZOMBIE                          Words and music by Dolores ORiordan,27600,47,Flute _ 1
213.231882375,0.3671875,64,64,ZOMBIE                          Words and music by Dolores ORiordan,27600,47,Electric Guitar (clean) _ 1
213.231882375,0.3671875,50,127,ZOMBIE                          Words and music by Dolores ORiordan,27600,47,Distortion Guitar _ 1
213.599069875,0.0078125,36,115,ZOMBIE                          Words and music by Dolores ORiordan,27647,1,Drum Kit _ 1
213.599069875,0.0078125,46,86,ZOMBIE                          Words and music by Dolores ORiordan,27647,1,Drum Kit _ 1
213.591257375,0.203125,81,97,ZOMBIE                          Words and music by Dolores ORiordan,27646,26,Shakuhachi _ 1
213.599069875,0.2578125,30,110,ZOMBIE                          Words and music by Dolores ORiordan,27647,33,Electric Bass (finger) _ 1
213.599069875,0.359375,59,65,ZOMBIE                          Words and music by Dolores ORiordan,27647,46,Electric Guitar (clean) _ 1
213.606882375,0.359375,64,65,ZOMBIE                          Words and music by Dolores ORiordan,27648,46,Electric Guitar (clean) _ 1
213.575632375,0.390625,42,125,ZOMBIE                          Words and music by Dolores ORiordan,27644,50,Distortion Guitar _ 1
213.606882375,0.3671875,69,97,ZOMBIE                          Words and music by Dolores ORiordan,27648,47,Flute _ 1
213.614694875,0.359375,45,127,ZOMBIE                          Words and music by Dolores ORiordan,27649,46,Distortion Guitar _ 1
213.974069875,0.0078125,36,110,ZOMBIE                          Words and music by Dolores ORiordan,27695,1,Drum Kit _ 1
213.974069875,0.0078125,46,93,ZOMBIE                          Words and music by Dolores ORiordan,27695,1,Drum Kit _ 1
213.606882375,0.375,50,123,ZOMBIE                          Words and music by Dolores ORiordan,27648,48,Distortion Guitar _ 1
213.974069875,0.2578125,30,95,ZOMBIE                          Words and music by Dolores ORiordan,27695,33,Electric Bass (finger) _ 1
213.958444875,0.359375,78,87,ZOMBIE                          Words and music by Dolores ORiordan,27693,46,Shakuhachi _ 1
213.974069875,0.3671875,64,65,ZOMBIE                          Words and music by Dolores ORiordan,27695,47,Electric Guitar (clean) _ 1
213.966257375,0.375,59,64,ZOMBIE                          Words and music by Dolores ORiordan,27694,48,Electric Guitar (clean) _ 1
213.981882375,0.3671875,66,82,ZOMBIE                          Words and music by Dolores ORiordan,27696,47,Flute _ 1
213.981882375,0.3671875,42,127,ZOMBIE                          Words and music by Dolores ORiordan,27696,47,Distortion Guitar _ 1
213.989694875,0.359375,50,113,ZOMBIE                          Words and music by Dolores ORiordan,27697,46,Distortion Guitar _ 1
214.349069875,0.0078125,49,71,ZOMBIE                          Words and music by Dolores ORiordan,27743,1,Drum Kit _ 1
213.989694875,0.3671875,55,127,ZOMBIE                          Words and music by Dolores ORiordan,27697,47,Distortion Guitar _ 1
214.356882375,0.0078125,40,123,ZOMBIE                          Words and music by Dolores ORiordan,27744,1,Drum Kit _ 1
214.333444875,0.1953125,81,98,ZOMBIE                          Words and music by Dolores ORiordan,27741,25,Shakuhachi _ 1
214.544382375,0.0078125,40,95,ZOMBIE                          Words and music by Dolores ORiordan,27768,1,Drum Kit _ 1
214.364694875,0.234375,30,101,ZOMBIE                          Words and music by Dolores ORiordan,27745,30,Electric Bass (finger) _ 1
214.349069875,0.3671875,64,63,ZOMBIE                          Words and music by Dolores ORiordan,27743,47,Electric Guitar (clean) _ 1
214.356882375,0.359375,42,127,ZOMBIE                          Words and music by Dolores ORiordan,27744,46,Distortion Guitar _ 1
214.356882375,0.3671875,69,98,ZOMBIE                          Words and music by Dolores ORiordan,27744,47,Flute _ 1
214.349069875,0.375,59,65,ZOMBIE                          Words and music by Dolores ORiordan,27743,48,Electric Guitar (clean) _ 1
214.724069875,0.0078125,40,111,ZOMBIE                          Words and music by Dolores ORiordan,27791,1,Drum Kit _ 1
214.724069875,0.0078125,52,77,ZOMBIE                          Words and music by Dolores ORiordan,27791,1,Drum Kit _ 1
214.356882375,0.375,50,127,ZOMBIE                          Words and music by Dolores ORiordan,27744,48,Distortion Guitar _ 1
214.724069875,0.0078125,42,120,ZOMBIE                          Words and music by Dolores ORiordan,27791,1,Distortion Guitar _ 1
213.989694875,0.7421875,45,127,ZOMBIE                          Words and music by Dolores ORiordan,27697,95,Distortion Guitar _ 1
214.364694875,0.3671875,55,127,ZOMBIE                          Words and music by Dolores ORiordan,27745,47,Distortion Guitar _ 1
214.724069875,0.1796875,64,62,ZOMBIE                          Words and music by Dolores ORiordan,27791,23,Electric Guitar (clean) _ 1
214.731882375,0.1796875,59,64,ZOMBIE                          Words and music by Dolores ORiordan,27792,23,Electric Guitar (clean) _ 1
214.739694875,0.1796875,55,127,ZOMBIE                          Words and music by Dolores ORiordan,27793,23,Distortion Guitar _ 1
214.919382375,0.0078125,40,110,ZOMBIE                          Words and music by Dolores ORiordan,27816,1,Drum Kit _ 1
214.739694875,0.2265625,30,93,ZOMBIE                          Words and music by Dolores ORiordan,27793,29,Electric Bass (finger) _ 1
214.716257375,0.375,78,92,ZOMBIE                          Words and music by Dolores ORiordan,27790,48,Shakuhachi _ 1
214.731882375,0.3671875,66,88,ZOMBIE                          Words and music by Dolores ORiordan,27792,47,Flute _ 1
214.739694875,0.359375,50,127,ZOMBIE                          Words and music by Dolores ORiordan,27793,46,Distortion Guitar _ 1
215.099069875,0.0078125,36,116,ZOMBIE                          Words and music by Dolores ORiordan,27839,1,Drum Kit _ 1
215.099069875,0.0078125,46,90,ZOMBIE                          Words and music by Dolores ORiordan,27839,1,Drum Kit _ 1
214.739694875,0.3671875,45,127,ZOMBIE                          Words and music by Dolores ORiordan,27793,47,Distortion Guitar _ 1
214.739694875,0.3671875,42,127,ZOMBIE                          Words and music by Dolores ORiordan,27793,47,Distortion Guitar _ 1
215.106882375,0.0078125,50,79,ZOMBIE                          Words and music by Dolores ORiordan,27840,1,Distortion Guitar _ 1
214.919382375,0.359375,59,65,ZOMBIE                          Words and music by Dolores ORiordan,27816,46,Electric Guitar (clean) _ 1
214.911569875,0.3671875,64,64,ZOMBIE                          Words and music by Dolores ORiordan,27815,47,Electric Guitar (clean) _ 1
215.091257375,0.203125,81,104,ZOMBIE                          Words and music by Dolores ORiordan,27838,26,Shakuhachi _ 1
215.106882375,0.359375,30,107,ZOMBIE                          Words and music by Dolores ORiordan,27840,46,Electric Bass (finger) _ 1
215.114694875,0.3515625,42,127,ZOMBIE                          Words and music by Dolores ORiordan,27841,45,Distortion Guitar _ 1
215.106882375,0.3671875,69,104,ZOMBIE                          Words and music by Dolores ORiordan,27840,47,Flute _ 1
215.122507375,0.3515625,50,118,ZOMBIE                          Words and music by Dolores ORiordan,27842,45,Distortion Guitar _ 1
215.474069875,0.0078125,40,127,ZOMBIE                          Words and music by Dolores ORiordan,27887,1,Drum Kit _ 1
215.286569875,0.1953125,64,65,ZOMBIE                          Words and music by Dolores ORiordan,27863,25,Electric Guitar (clean) _ 1
215.122507375,0.359375,55,126,ZOMBIE                          Words and music by Dolores ORiordan,27842,46,Distortion Guitar _ 1
215.489694875,0.0078125,46,90,ZOMBIE                          Words and music by Dolores ORiordan,27889,1,Drum Kit _ 1
215.669382375,0.0078125,40,100,ZOMBIE                          Words and music by Dolores ORiordan,27912,1,Drum Kit _ 1
215.466257375,0.375,78,92,ZOMBIE                          Words and music by Dolores ORiordan,27886,48,Shakuhachi _ 1
215.474069875,0.3671875,31,98,ZOMBIE                          Words and music by Dolores ORiordan,27887,47,Electric Bass (finger) _ 1
215.474069875,0.3671875,43,127,ZOMBIE                          Words and music by Dolores ORiordan,27887,47,Distortion Guitar _ 1
215.481882375,0.3671875,66,92,ZOMBIE                          Words and music by Dolores ORiordan,27888,47,Flute _ 1
215.849069875,0.0078125,40,104,ZOMBIE                          Words and music by Dolores ORiordan,27935,1,Drum Kit _ 1
215.849069875,0.0078125,46,97,ZOMBIE                          Words and music by Dolores ORiordan,27935,1,Drum Kit _ 1
215.489694875,0.3671875,64,65,ZOMBIE                          Words and music by Dolores ORiordan,27889,47,Electric Guitar (clean) _ 1
215.481882375,0.375,50,127,ZOMBIE                          Words and music by Dolores ORiordan,27888,48,Distortion Guitar _ 1
215.114694875,0.75,45,127,ZOMBIE                          Words and music by Dolores ORiordan,27841,96,Distortion Guitar _ 1
215.841257375,0.171875,81,104,ZOMBIE                          Words and music by Dolores ORiordan,27934,22,Shakuhachi _ 1
215.864694875,0.1640625,64,64,ZOMBIE                          Words and music by Dolores ORiordan,27937,21,Electric Guitar (clean) _ 1
215.286569875,0.75,59,65,ZOMBIE                          Words and music by Dolores ORiordan,27863,96,Electric Guitar (clean) _ 1
216.036569875,0.0078125,40,111,ZOMBIE                          Words and music by Dolores ORiordan,27959,1,Drum Kit _ 1
215.849069875,0.3671875,30,114,ZOMBIE                          Words and music by Dolores ORiordan,27935,47,Electric Bass (finger) _ 1
215.856882375,0.3671875,69,104,ZOMBIE                          Words and music by Dolores ORiordan,27936,47,Flute _ 1
216.224069875,0.0078125,40,121,ZOMBIE                          Words and music by Dolores ORiordan,27983,1,Drum Kit _ 1
216.224069875,0.0078125,44,89,ZOMBIE                          Words and music by Dolores ORiordan,27983,1,Drum Kit _ 1
216.044382375,0.1875,59,64,ZOMBIE                          Words and music by Dolores ORiordan,27960,24,Electric Guitar (clean) _ 1
216.036569875,0.1953125,64,63,ZOMBIE                          Words and music by Dolores ORiordan,27959,25,Electric Guitar (clean) _ 1
215.872507375,0.359375,45,127,ZOMBIE                          Words and music by Dolores ORiordan,27938,46,Distortion Guitar _ 1
215.864694875,0.3671875,50,127,ZOMBIE                          Words and music by Dolores ORiordan,27937,47,Distortion Guitar _ 1
215.849069875,0.40625,42,127,ZOMBIE                          Words and music by Dolores ORiordan,27935,52,Distortion Guitar _ 1
216.411569875,0.0078125,40,127,ZOMBIE                          Words and music by Dolores ORiordan,28007,1,Drum Kit _ 1
216.411569875,0.0078125,44,76,ZOMBIE                          Words and music by Dolores ORiordan,28007,1,Drum Kit _ 1
216.224069875,0.3359375,76,100,ZOMBIE                          Words and music by Dolores ORiordan,27983,43,Shakuhachi _ 1
216.239694875,0.3359375,50,109,ZOMBIE                          Words and music by Dolores ORiordan,27985,43,Distortion Guitar _ 1
216.239694875,0.34375,59,65,ZOMBIE                          Words and music by Dolores ORiordan,27985,44,Electric Guitar (clean) _ 1
216.239694875,0.34375,43,127,ZOMBIE                          Words and music by Dolores ORiordan,27985,44,Distortion Guitar _ 1
216.224069875,0.3671875,31,111,ZOMBIE                          Words and music by Dolores ORiordan,27983,47,Electric Bass (finger) _ 1
216.239694875,0.359375,64,64,ZOMBIE                          Words and music by Dolores ORiordan,27985,46,Electric Guitar (clean) _ 1
216.239694875,0.359375,45,127,ZOMBIE                          Words and music by Dolores ORiordan,27985,46,Distortion Guitar _ 1
216.599069875,0.0078125,36,114,ZOMBIE                          Words and music by Dolores ORiordan,28031,1,Drum Kit _ 1
216.599069875,0.0078125,49,111,ZOMBIE                          Words and music by Dolores ORiordan,28031,1,Drum Kit _ 1
215.489694875,1.1484375,55,118,ZOMBIE                          Words and music by Dolores ORiordan,27889,147,Distortion Guitar _ 1
216.599069875,0.234375,79,101,ZOMBIE                          Words and music by Dolores ORiordan,28031,30,Shakuhachi _ 1
216.606882375,0.2578125,28,109,ZOMBIE                          Words and music by Dolores ORiordan,28032,33,Electric Bass (finger) _ 1
216.606882375,0.359375,64,66,ZOMBIE                          Words and music by Dolores ORiordan,28032,46,Electric Guitar (clean) _ 1
216.591257375,0.375,59,66,ZOMBIE                          Words and music by Dolores ORiordan,28030,48,Electric Guitar (clean) _ 1
216.606882375,0.359375,47,127,ZOMBIE                          Words and music by Dolores ORiordan,28032,46,Distortion Guitar _ 1
216.606882375,0.3671875,67,101,ZOMBIE                          Words and music by Dolores ORiordan,28032,47,Flute _ 1
216.606882375,0.3671875,52,127,ZOMBIE                          Words and music by Dolores ORiordan,28032,47,Distortion Guitar _ 1
216.974069875,0.0078125,36,114,ZOMBIE                          Words and music by Dolores ORiordan,28079,1,Drum Kit _ 1
216.974069875,0.0078125,46,68,ZOMBIE                          Words and music by Dolores ORiordan,28079,1,Drum Kit _ 1
216.974069875,0.015625,47,127,ZOMBIE                          Words and music by Dolores ORiordan,28079,2,Distortion Guitar _ 1
216.981882375,0.0078125,52,119,ZOMBIE                          Words and music by Dolores ORiordan,28080,1,Distortion Guitar _ 1
216.974069875,0.2265625,28,99,ZOMBIE                          Words and music by Dolores ORiordan,28079,29,Electric Bass (finger) _ 1
216.997507375,0.34375,52,112,ZOMBIE                          Words and music by Dolores ORiordan,28082,44,Distortion Guitar _ 1
216.997507375,0.34375,47,127,ZOMBIE                          Words and music by Dolores ORiordan,28082,44,Distortion Guitar _ 1
216.997507375,0.3515625,76,95,ZOMBIE                          Words and music by Dolores ORiordan,28082,45,Shakuhachi _ 1
216.974069875,0.375,64,62,ZOMBIE                          Words and music by Dolores ORiordan,28079,48,Electric Guitar (clean) _ 1
216.974069875,0.375,59,64,ZOMBIE                          Words and music by Dolores ORiordan,28079,48,Electric Guitar (clean) _ 1
216.606882375,0.75,40,127,ZOMBIE                          Words and music by Dolores ORiordan,28032,96,Distortion Guitar _ 1
217.349069875,0.0078125,52,105,ZOMBIE                          Words and music by Dolores ORiordan,28127,1,Drum Kit _ 1
217.349069875,0.203125,79,100,ZOMBIE                          Words and music by Dolores ORiordan,28127,26,Shakuhachi _ 1
217.364694875,0.21875,28,110,ZOMBIE                          Words and music by Dolores ORiordan,28129,28,Electric Bass (finger) _ 1
217.356882375,0.3671875,67,100,ZOMBIE                          Words and music by Dolores ORiordan,28128,47,Flute _ 1
217.356882375,0.3671875,59,65,ZOMBIE                          Words and music by Dolores ORiordan,28128,47,Electric Guitar (clean) _ 1
217.724069875,0.0078125,36,111,ZOMBIE                          Words and music by Dolores ORiordan,28175,1,Drum Kit _ 1
217.724069875,0.0078125,46,71,ZOMBIE                          Words and music by Dolores ORiordan,28175,1,Drum Kit _ 1
217.356882375,0.375,64,65,ZOMBIE                          Words and music by Dolores ORiordan,28128,48,Electric Guitar (clean) _ 1
217.364694875,0.3671875,52,127,ZOMBIE                          Words and music by Dolores ORiordan,28129,47,Distortion Guitar _ 1
217.739694875,0.1640625,64,65,ZOMBIE                          Words and music by Dolores ORiordan,28177,21,Electric Guitar (clean) _ 1
217.731882375,0.171875,59,65,ZOMBIE                          Words and music by Dolores ORiordan,28176,22,Electric Guitar (clean) _ 1
217.364694875,0.5546875,40,127,ZOMBIE                          Words and music by Dolores ORiordan,28129,71,Distortion Guitar _ 1
217.724069875,0.203125,28,91,ZOMBIE                          Words and music by Dolores ORiordan,28175,26,Electric Bass (finger) _ 1
217.739694875,0.359375,76,95,ZOMBIE                          Words and music by Dolores ORiordan,28177,46,Shakuhachi _ 1
217.911569875,0.1875,64,65,ZOMBIE                          Words and music by Dolores ORiordan,28199,24,Electric Guitar (clean) _ 1
217.739694875,0.359375,52,119,ZOMBIE                          Words and music by Dolores ORiordan,28177,46,Distortion Guitar _ 1
217.356882375,0.7421875,47,127,ZOMBIE                          Words and music by Dolores ORiordan,28128,95,Distortion Guitar _ 1
218.099069875,0.0078125,36,111,ZOMBIE                          Words and music by Dolores ORiordan,28223,1,Drum Kit _ 1
218.099069875,0.0078125,46,82,ZOMBIE                          Words and music by Dolores ORiordan,28223,1,Drum Kit _ 1
217.911569875,0.3671875,59,65,ZOMBIE                          Words and music by Dolores ORiordan,28199,47,Electric Guitar (clean) _ 1
218.099069875,0.1953125,79,104,ZOMBIE                          Words and music by Dolores ORiordan,28223,25,Shakuhachi _ 1
218.286569875,0.0078125,40,111,ZOMBIE                          Words and music by Dolores ORiordan,28247,1,Drum Kit _ 1
218.099069875,0.234375,28,112,ZOMBIE                          Words and music by Dolores ORiordan,28223,30,Electric Bass (finger) _ 1
218.286569875,0.1796875,64,65,ZOMBIE                          Words and music by Dolores ORiordan,28247,23,Electric Guitar (clean) _ 1
218.106882375,0.359375,47,127,ZOMBIE                          Words and music by Dolores ORiordan,28224,46,Distortion Guitar _ 1
218.106882375,0.3671875,67,104,ZOMBIE                          Words and music by Dolores ORiordan,28224,47,Flute _ 1
218.106882375,0.3671875,52,125,ZOMBIE                          Words and music by Dolores ORiordan,28224,47,Distortion Guitar _ 1
218.474069875,0.0078125,36,110,ZOMBIE                          Words and music by Dolores ORiordan,28271,1,Drum Kit _ 1
218.474069875,0.0078125,46,68,ZOMBIE                          Words and music by Dolores ORiordan,28271,1,Drum Kit _ 1
218.474069875,0.3671875,28,107,ZOMBIE                          Words and music by Dolores ORiordan,28271,47,Electric Bass (finger) _ 1
218.474069875,0.375,76,95,ZOMBIE                          Words and music by Dolores ORiordan,28271,48,Shakuhachi _ 1
218.474069875,0.375,64,62,ZOMBIE                          Words and music by Dolores ORiordan,28271,48,Electric Guitar (clean) _ 1
218.474069875,0.375,47,127,ZOMBIE                          Words and music by Dolores ORiordan,28271,48,Distortion Guitar _ 1
218.849069875,0.0078125,40,123,ZOMBIE                          Words and music by Dolores ORiordan,28319,1,Drum Kit _ 1
218.849069875,0.0078125,57,88,ZOMBIE                          Words and music by Dolores ORiordan,28319,1,Drum Kit _ 1
218.481882375,0.375,52,118,ZOMBIE                          Words and music by Dolores ORiordan,28272,48,Distortion Guitar _ 1
218.849069875,0.15625,79,102,ZOMBIE                          Words and music by Dolores ORiordan,28319,20,Shakuhachi _ 1
218.286569875,0.7421875,59,64,ZOMBIE                          Words and music by Dolores ORiordan,28247,95,Electric Guitar (clean) _ 1
218.864694875,0.34375,43,127,ZOMBIE                          Words and music by Dolores ORiordan,28321,44,Distortion Guitar _ 1
218.849069875,0.3671875,31,103,ZOMBIE                          Words and music by Dolores ORiordan,28319,47,Electric Bass (finger) _ 1
219.036569875,0.1796875,64,65,ZOMBIE                          Words and music by Dolores ORiordan,28343,23,Electric Guitar (clean) _ 1
218.856882375,0.359375,47,127,ZOMBIE                          Words and music by Dolores ORiordan,28320,46,Distortion Guitar _ 1
218.856882375,0.3671875,67,102,ZOMBIE                          Words and music by Dolores ORiordan,28320,47,Flute _ 1
218.864694875,0.359375,52,74,ZOMBIE                          Words and music by Dolores ORiordan,28321,46,Distortion Guitar _ 1
219.224069875,0.0078125,36,110,ZOMBIE                          Words and music by Dolores ORiordan,28367,1,Drum Kit _ 1
219.224069875,0.0078125,46,70,ZOMBIE                          Words and music by Dolores ORiordan,28367,1,Drum Kit _ 1
219.224069875,0.0078125,47,127,ZOMBIE                          Words and music by Dolores ORiordan,28367,1,Distortion Guitar _ 1
219.239694875,0.265625,47,127,ZOMBIE                          Words and music by Dolores ORiordan,28369,34,Distortion Guitar _ 1
219.231882375,0.28125,52,127,ZOMBIE                          Words and music by Dolores ORiordan,28368,36,Distortion Guitar _ 1
219.036569875,0.546875,59,66,ZOMBIE                          Words and music by Dolores ORiordan,28343,70,Electric Guitar (clean) _ 1
219.224069875,0.3671875,28,96,ZOMBIE                          Words and music by Dolores ORiordan,28367,47,Electric Bass (finger) _ 1
219.224069875,0.3671875,64,65,ZOMBIE                          Words and music by Dolores ORiordan,28367,47,Electric Guitar (clean) _ 1
219.231882375,0.359375,40,127,ZOMBIE                          Words and music by Dolores ORiordan,28368,46,Distortion Guitar _ 1
219.224069875,0.3828125,76,95,ZOMBIE                          Words and music by Dolores ORiordan,28367,49,Shakuhachi _ 1
219.599069875,0.0078125,36,113,ZOMBIE                          Words and music by Dolores ORiordan,28415,1,Drum Kit _ 1
219.599069875,0.0078125,55,95,ZOMBIE                          Words and music by Dolores ORiordan,28415,1,Drum Kit _ 1
219.606882375,0.171875,79,102,ZOMBIE                          Words and music by Dolores ORiordan,28416,22,Shakuhachi _ 1
219.599069875,0.3671875,64,65,ZOMBIE                          Words and music by Dolores ORiordan,28415,47,Electric Guitar (clean) _ 1
219.591257375,0.375,59,65,ZOMBIE                          Words and music by Dolores ORiordan,28414,48,Electric Guitar (clean) _ 1
219.606882375,0.3671875,67,102,ZOMBIE                          Words and music by Dolores ORiordan,28416,47,Flute _ 1
219.974069875,0.0078125,36,112,ZOMBIE                          Words and music by Dolores ORiordan,28463,1,Drum Kit _ 1
219.974069875,0.0078125,46,71,ZOMBIE                          Words and music by Dolores ORiordan,28463,1,Drum Kit _ 1
219.614694875,0.3671875,48,127,ZOMBIE                          Words and music by Dolores ORiordan,28417,47,Distortion Guitar _ 1
219.614694875,0.3671875,52,127,ZOMBIE                          Words and music by Dolores ORiordan,28417,47,Distortion Guitar _ 1
219.974069875,0.3671875,64,65,ZOMBIE                          Words and music by Dolores ORiordan,28463,47,Electric Guitar (clean) _ 1
219.974069875,0.3671875,59,66,ZOMBIE                          Words and music by Dolores ORiordan,28463,47,Electric Guitar (clean) _ 1
219.989694875,0.3515625,48,127,ZOMBIE                          Words and music by Dolores ORiordan,28465,45,Distortion Guitar _ 1
219.989694875,0.359375,52,127,ZOMBIE                          Words and music by Dolores ORiordan,28465,46,Distortion Guitar _ 1
220.349069875,0.0078125,40,125,ZOMBIE                          Words and music by Dolores ORiordan,28511,1,Drum Kit _ 1
219.622507375,0.734375,55,112,ZOMBIE                          Words and music by Dolores ORiordan,28418,94,Distortion Guitar _ 1
219.989694875,0.3828125,76,97,ZOMBIE                          Words and music by Dolores ORiordan,28465,49,Shakuhachi _ 1
220.372507375,0.1796875,79,100,ZOMBIE                          Words and music by Dolores ORiordan,28514,23,Shakuhachi _ 1
220.349069875,0.2578125,36,107,ZOMBIE                          Words and music by Dolores ORiordan,28511,33,Electric Bass (finger) _ 1
220.349069875,0.3671875,64,65,ZOMBIE                          Words and music by Dolores ORiordan,28511,47,Electric Guitar (clean) _ 1
220.349069875,0.3671875,59,66,ZOMBIE                          Words and music by Dolores ORiordan,28511,47,Electric Guitar (clean) _ 1
220.356882375,0.359375,52,127,ZOMBIE                          Words and music by Dolores ORiordan,28512,46,Distortion Guitar _ 1
220.349069875,0.3671875,48,127,ZOMBIE                          Words and music by Dolores ORiordan,28511,47,Distortion Guitar _ 1
220.356882375,0.3671875,67,100,ZOMBIE                          Words and music by Dolores ORiordan,28512,47,Flute _ 1
220.364694875,0.359375,55,118,ZOMBIE                          Words and music by Dolores ORiordan,28513,46,Distortion Guitar _ 1
220.724069875,0.0078125,36,104,ZOMBIE                          Words and music by Dolores ORiordan,28559,1,Drum Kit _ 1
220.724069875,0.0078125,46,69,ZOMBIE                          Words and music by Dolores ORiordan,28559,1,Drum Kit _ 1
220.724069875,0.015625,52,127,ZOMBIE                          Words and music by Dolores ORiordan,28559,2,Distortion Guitar _ 1
220.731882375,0.015625,55,127,ZOMBIE                          Words and music by Dolores ORiordan,28560,2,Distortion Guitar _ 1
220.724069875,0.15625,64,64,ZOMBIE                          Words and music by Dolores ORiordan,28559,20,Electric Guitar (clean) _ 1
220.724069875,0.1796875,59,65,ZOMBIE                          Words and music by Dolores ORiordan,28559,23,Electric Guitar (clean) _ 1
220.911569875,0.0078125,40,103,ZOMBIE                          Words and music by Dolores ORiordan,28583,1,Drum Kit _ 1
220.724069875,0.3671875,48,127,ZOMBIE                          Words and music by Dolores ORiordan,28559,47,Distortion Guitar _ 1
220.747507375,0.34375,52,127,ZOMBIE                          Words and music by Dolores ORiordan,28562,44,Distortion Guitar _ 1
220.911569875,0.1875,64,65,ZOMBIE                          Words and music by Dolores ORiordan,28583,24,Electric Guitar (clean) _ 1
220.755319875,0.34375,55,124,ZOMBIE                          Words and music by Dolores ORiordan,28563,44,Distortion Guitar _ 1
221.099069875,0.0078125,36,109,ZOMBIE                          Words and music by Dolores ORiordan,28607,1,Drum Kit _ 1
221.099069875,0.0078125,46,87,ZOMBIE                          Words and music by Dolores ORiordan,28607,1,Drum Kit _ 1
220.747507375,0.375,76,97,ZOMBIE                          Words and music by Dolores ORiordan,28562,48,Shakuhachi _ 1
220.911569875,0.3671875,59,65,ZOMBIE                          Words and music by Dolores ORiordan,28583,47,Electric Guitar (clean) _ 1
221.278757375,0.0078125,40,100,ZOMBIE                          Words and music by Dolores ORiordan,28630,1,Drum Kit _ 1
221.122507375,0.203125,79,102,ZOMBIE                          Words and music by Dolores ORiordan,28610,26,Shakuhachi _ 1
221.286569875,0.1796875,59,65,ZOMBIE                          Words and music by Dolores ORiordan,28631,23,Electric Guitar (clean) _ 1
221.099069875,0.3671875,52,127,ZOMBIE                          Words and music by Dolores ORiordan,28607,47,Distortion Guitar _ 1
221.099069875,0.3671875,48,127,ZOMBIE                          Words and music by Dolores ORiordan,28607,47,Distortion Guitar _ 1
221.106882375,0.3671875,67,102,ZOMBIE                          Words and music by Dolores ORiordan,28608,47,Flute _ 1
221.286569875,0.1875,64,65,ZOMBIE                          Words and music by Dolores ORiordan,28631,24,Electric Guitar (clean) _ 1
221.474069875,0.0078125,36,113,ZOMBIE                          Words and music by Dolores ORiordan,28655,1,Drum Kit _ 1
221.474069875,0.0078125,46,68,ZOMBIE                          Words and music by Dolores ORiordan,28655,1,Drum Kit _ 1
221.106882375,0.375,55,127,ZOMBIE                          Words and music by Dolores ORiordan,28608,48,Distortion Guitar _ 1
221.474069875,0.359375,48,127,ZOMBIE                          Words and music by Dolores ORiordan,28655,46,Distortion Guitar _ 1
221.474069875,0.3671875,59,65,ZOMBIE                          Words and music by Dolores ORiordan,28655,47,Electric Guitar (clean) _ 1
221.481882375,0.3671875,64,96,ZOMBIE                          Words and music by Dolores ORiordan,28656,47,Flute _ 1
221.849069875,0.0078125,40,125,ZOMBIE                          Words and music by Dolores ORiordan,28703,1,Drum Kit _ 1
221.849069875,0.0078125,57,85,ZOMBIE                          Words and music by Dolores ORiordan,28703,1,Drum Kit _ 1
221.489694875,0.3671875,55,127,ZOMBIE                          Words and music by Dolores ORiordan,28657,47,Distortion Guitar _ 1
221.489694875,0.375,76,96,ZOMBIE                          Words and music by Dolores ORiordan,28657,48,Shakuhachi _ 1
221.481882375,0.3828125,52,127,ZOMBIE                          Words and music by Dolores ORiordan,28656,49,Distortion Guitar _ 1
221.864694875,0.0078125,55,113,ZOMBIE                          Words and music by Dolores ORiordan,28705,1,Distortion Guitar _ 1
221.856882375,0.171875,64,65,ZOMBIE                          Words and music by Dolores ORiordan,28704,22,Electric Guitar (clean) _ 1
221.849069875,0.1953125,59,65,ZOMBIE                          Words and music by Dolores ORiordan,28703,25,Electric Guitar (clean) _ 1
221.849069875,0.3046875,78,98,ZOMBIE                          Words and music by Dolores ORiordan,28703,39,Shakuhachi _ 1
221.849069875,0.359375,38,107,ZOMBIE                          Words and music by Dolores ORiordan,28703,46,Electric Bass (finger) _ 1
221.880319875,0.3359375,55,108,ZOMBIE                          Words and music by Dolores ORiordan,28707,43,Distortion Guitar _ 1
221.856882375,0.3671875,66,98,ZOMBIE                          Words and music by Dolores ORiordan,28704,47,Flute _ 1
221.849069875,0.375,50,127,ZOMBIE                          Words and music by Dolores ORiordan,28703,48,Distortion Guitar _ 1
221.872507375,0.3515625,52,127,ZOMBIE                          Words and music by Dolores ORiordan,28706,45,Distortion Guitar _ 1
222.216257375,0.015625,36,103,ZOMBIE                          Words and music by Dolores ORiordan,28750,2,Electric Bass (finger) _ 1
222.224069875,0.0078125,46,82,ZOMBIE                          Words and music by Dolores ORiordan,28751,1,Drum Kit _ 1
222.052194875,0.1796875,59,64,ZOMBIE                          Words and music by Dolores ORiordan,28729,23,Electric Guitar (clean) _ 1
222.036569875,0.1953125,64,63,ZOMBIE                          Words and music by Dolores ORiordan,28727,25,Electric Guitar (clean) _ 1
222.224069875,0.015625,55,66,ZOMBIE                          Words and music by Dolores ORiordan,28751,2,Distortion Guitar _ 1
222.231882375,0.2421875,52,127,ZOMBIE                          Words and music by Dolores ORiordan,28752,31,Distortion Guitar _ 1
222.231882375,0.25,48,127,ZOMBIE                          Words and music by Dolores ORiordan,28752,32,Distortion Guitar _ 1
222.247507375,0.34375,55,65,ZOMBIE                          Words and music by Dolores ORiordan,28754,44,Distortion Guitar _ 1
222.239694875,0.359375,64,64,ZOMBIE                          Words and music by Dolores ORiordan,28753,46,Electric Guitar (clean) _ 1
222.599069875,0.0078125,36,113,ZOMBIE                          Words and music by Dolores ORiordan,28799,1,Drum Kit _ 1
222.239694875,0.3671875,59,66,ZOMBIE                          Words and music by Dolores ORiordan,28753,47,Electric Guitar (clean) _ 1
222.599069875,0.2265625,31,109,ZOMBIE                          Words and music by Dolores ORiordan,28799,29,Electric Bass (finger) _ 1
222.599069875,0.3515625,50,127,ZOMBIE                          Words and music by Dolores ORiordan,28799,45,Distortion Guitar _ 1
222.974069875,0.0078125,36,111,ZOMBIE                          Words and music by Dolores ORiordan,28847,1,Drum Kit _ 1
222.974069875,0.0078125,46,68,ZOMBIE                          Words and music by Dolores ORiordan,28847,1,Drum Kit _ 1
222.599069875,0.3828125,47,127,ZOMBIE                          Words and music by Dolores ORiordan,28799,49,Distortion Guitar _ 1
222.599069875,0.3828125,43,127,ZOMBIE                          Words and music by Dolores ORiordan,28799,49,Distortion Guitar _ 1
222.614694875,0.375,59,66,ZOMBIE                          Words and music by Dolores ORiordan,28801,48,Electric Guitar (clean) _ 1
222.606882375,0.3828125,64,62,ZOMBIE                          Words and music by Dolores ORiordan,28800,49,Electric Guitar (clean) _ 1
222.974069875,0.21875,31,101,ZOMBIE                          Words and music by Dolores ORiordan,28847,28,Electric Bass (finger) _ 1
222.997507375,0.34375,59,65,ZOMBIE                          Words and music by Dolores ORiordan,28850,44,Electric Guitar (clean) _ 1
222.989694875,0.3515625,47,127,ZOMBIE                          Words and music by Dolores ORiordan,28849,45,Distortion Guitar _ 1
222.997507375,0.3515625,64,63,ZOMBIE                          Words and music by Dolores ORiordan,28850,45,Electric Guitar (clean) _ 1
222.989694875,0.359375,43,127,ZOMBIE                          Words and music by Dolores ORiordan,28849,46,Distortion Guitar _ 1
222.989694875,0.359375,50,74,ZOMBIE                          Words and music by Dolores ORiordan,28849,46,Distortion Guitar _ 1
223.349069875,0.0078125,40,125,ZOMBIE                          Words and music by Dolores ORiordan,28895,1,Drum Kit _ 1
223.349069875,0.0078125,52,91,ZOMBIE                          Words and music by Dolores ORiordan,28895,1,Drum Kit _ 1
223.349069875,0.0078125,47,127,ZOMBIE                          Words and music by Dolores ORiordan,28895,1,Distortion Guitar _ 1
223.356882375,0.0078125,50,127,ZOMBIE                          Words and music by Dolores ORiordan,28896,1,Distortion Guitar _ 1
223.349069875,0.2890625,31,111,ZOMBIE                          Words and music by Dolores ORiordan,28895,37,Electric Bass (finger) _ 1
223.372507375,0.328125,50,84,ZOMBIE                          Words and music by Dolores ORiordan,28898,42,Distortion Guitar _ 1
223.364694875,0.3515625,47,127,ZOMBIE                          Words and music by Dolores ORiordan,28897,45,Distortion Guitar _ 1
223.356882375,0.359375,43,127,ZOMBIE                          Words and music by Dolores ORiordan,28896,46,Distortion Guitar _ 1
223.356882375,0.3671875,64,62,ZOMBIE                          Words and music by Dolores ORiordan,28896,47,Electric Guitar (clean) _ 1
223.349069875,0.375,59,65,ZOMBIE                          Words and music by Dolores ORiordan,28895,48,Electric Guitar (clean) _ 1
223.724069875,0.0078125,36,107,ZOMBIE                          Words and music by Dolores ORiordan,28943,1,Drum Kit _ 1
223.724069875,0.0078125,46,71,ZOMBIE                          Words and music by Dolores ORiordan,28943,1,Drum Kit _ 1
223.724069875,0.0078125,50,114,ZOMBIE                          Words and music by Dolores ORiordan,28943,1,Distortion Guitar _ 1
223.731882375,0.1640625,64,62,ZOMBIE                          Words and music by Dolores ORiordan,28944,21,Electric Guitar (clean) _ 1
223.731882375,0.171875,59,63,ZOMBIE                          Words and music by Dolores ORiordan,28944,22,Electric Guitar (clean) _ 1
223.911569875,0.0078125,40,103,ZOMBIE                          Words and music by Dolores ORiordan,28967,1,Drum Kit _ 1
223.731882375,0.2421875,31,93,ZOMBIE                          Words and music by Dolores ORiordan,28944,31,Electric Bass (finger) _ 1
223.724069875,0.3671875,47,127,ZOMBIE                          Words and music by Dolores ORiordan,28943,47,Distortion Guitar _ 1
223.731882375,0.359375,43,127,ZOMBIE                          Words and music by Dolores ORiordan,28944,46,Distortion Guitar _ 1
223.739694875,0.359375,50,127,ZOMBIE                          Words and music by Dolores ORiordan,28945,46,Distortion Guitar _ 1
224.099069875,0.0078125,36,111,ZOMBIE                          Words and music by Dolores ORiordan,28991,1,Drum Kit _ 1
224.099069875,0.0078125,46,82,ZOMBIE                          Words and music by Dolores ORiordan,28991,1,Drum Kit _ 1
223.903757375,0.3671875,64,65,ZOMBIE                          Words and music by Dolores ORiordan,28966,47,Electric Guitar (clean) _ 1
223.911569875,0.3671875,59,65,ZOMBIE                          Words and music by Dolores ORiordan,28967,47,Electric Guitar (clean) _ 1
224.286569875,0.0078125,40,113,ZOMBIE                          Words and music by Dolores ORiordan,29015,1,Drum Kit _ 1
224.099069875,0.2734375,31,106,ZOMBIE                          Words and music by Dolores ORiordan,28991,35,Electric Bass (finger) _ 1
224.106882375,0.359375,47,127,ZOMBIE                          Words and music by Dolores ORiordan,28992,46,Distortion Guitar _ 1
224.106882375,0.359375,43,127,ZOMBIE                          Words and music by Dolores ORiordan,28992,46,Distortion Guitar _ 1
224.286569875,0.1875,59,64,ZOMBIE                          Words and music by Dolores ORiordan,29015,24,Electric Guitar (clean) _ 1
224.114694875,0.359375,50,127,ZOMBIE                          Words and music by Dolores ORiordan,28993,46,Distortion Guitar _ 1
224.474069875,0.0078125,36,112,ZOMBIE                          Words and music by Dolores ORiordan,29039,1,Drum Kit _ 1
224.474069875,0.0078125,46,68,ZOMBIE                          Words and music by Dolores ORiordan,29039,1,Drum Kit _ 1
224.278757375,0.203125,64,64,ZOMBIE                          Words and music by Dolores ORiordan,29014,26,Electric Guitar (clean) _ 1
224.481882375,0.2265625,31,93,ZOMBIE                          Words and music by Dolores ORiordan,29040,29,Electric Bass (finger) _ 1
222.231882375,2.5,74,95,ZOMBIE                          Words and music by Dolores ORiordan,28752,320,Shakuhachi _ 1
222.231882375,2.625,62,95,ZOMBIE                          Words and music by Dolores ORiordan,28752,336,Flute _ 1
224.849069875,0.0078125,40,125,ZOMBIE                          Words and music by Dolores ORiordan,29087,1,Drum Kit _ 1
224.849069875,0.0078125,57,86,ZOMBIE                          Words and music by Dolores ORiordan,29087,1,Drum Kit _ 1
224.474069875,0.3828125,47,127,ZOMBIE                          Words and music by Dolores ORiordan,29039,49,Distortion Guitar _ 1
224.481882375,0.375,50,116,ZOMBIE                          Words and music by Dolores ORiordan,29040,48,Distortion Guitar _ 1
224.474069875,0.3984375,43,127,ZOMBIE                          Words and music by Dolores ORiordan,29039,51,Distortion Guitar _ 1
224.489694875,0.53125,64,65,ZOMBIE                          Words and music by Dolores ORiordan,29041,68,Electric Guitar (clean) _ 1
224.481882375,0.546875,59,65,ZOMBIE                          Words and music by Dolores ORiordan,29040,70,Electric Guitar (clean) _ 1
224.856882375,0.359375,33,110,ZOMBIE                          Words and music by Dolores ORiordan,29088,46,Electric Bass (finger) _ 1
224.864694875,0.3515625,47,127,ZOMBIE                          Words and music by Dolores ORiordan,29089,45,Distortion Guitar _ 1
224.864694875,0.3515625,45,127,ZOMBIE                          Words and music by Dolores ORiordan,29089,45,Distortion Guitar _ 1
225.028757375,0.1953125,64,64,ZOMBIE                          Words and music by Dolores ORiordan,29110,25,Electric Guitar (clean) _ 1
224.864694875,0.359375,50,127,ZOMBIE                          Words and music by Dolores ORiordan,29089,46,Distortion Guitar _ 1
225.224069875,0.0078125,36,105,ZOMBIE                          Words and music by Dolores ORiordan,29135,1,Drum Kit _ 1
225.224069875,0.0078125,46,70,ZOMBIE                          Words and music by Dolores ORiordan,29135,1,Drum Kit _ 1
225.411569875,0.0078125,40,103,ZOMBIE                          Words and music by Dolores ORiordan,29159,1,Drum Kit _ 1
225.224069875,0.2109375,47,127,ZOMBIE                          Words and music by Dolores ORiordan,29135,27,Distortion Guitar _ 1
225.224069875,0.2734375,31,103,ZOMBIE                          Words and music by Dolores ORiordan,29135,35,Electric Bass (finger) _ 1
225.224069875,0.2890625,43,127,ZOMBIE                          Words and music by Dolores ORiordan,29135,37,Distortion Guitar _ 1
224.849069875,0.7421875,71,97,ZOMBIE                          Words and music by Dolores ORiordan,29087,95,Shakuhachi _ 1
225.036569875,0.5546875,59,64,ZOMBIE                          Words and music by Dolores ORiordan,29111,71,Electric Guitar (clean) _ 1
225.231882375,0.3671875,64,64,ZOMBIE                          Words and music by Dolores ORiordan,29136,47,Electric Guitar (clean) _ 1
225.231882375,0.3671875,50,127,ZOMBIE                          Words and music by Dolores ORiordan,29136,47,Distortion Guitar _ 1
225.599069875,0.0078125,59,65,ZOMBIE                          Words and music by Dolores ORiordan,29183,1,Electric Guitar (clean) _ 1
225.599069875,0.0078125,36,111,ZOMBIE                          Words and music by Dolores ORiordan,29183,1,Drum Kit _ 1
225.599069875,0.0078125,46,95,ZOMBIE                          Words and music by Dolores ORiordan,29183,1,Drum Kit _ 1
225.786569875,0.0078125,40,114,ZOMBIE                          Words and music by Dolores ORiordan,29207,1,Drum Kit _ 1
225.599069875,0.2578125,30,110,ZOMBIE                          Words and music by Dolores ORiordan,29183,33,Electric Bass (finger) _ 1
225.606882375,0.359375,64,65,ZOMBIE                          Words and music by Dolores ORiordan,29184,46,Electric Guitar (clean) _ 1
225.575632375,0.390625,42,125,ZOMBIE                          Words and music by Dolores ORiordan,29180,50,Distortion Guitar _ 1
225.614694875,0.359375,45,127,ZOMBIE                          Words and music by Dolores ORiordan,29185,46,Distortion Guitar _ 1
225.974069875,0.0078125,36,108,ZOMBIE                          Words and music by Dolores ORiordan,29231,1,Drum Kit _ 1
225.974069875,0.0078125,46,71,ZOMBIE                          Words and music by Dolores ORiordan,29231,1,Drum Kit _ 1
225.606882375,0.375,50,123,ZOMBIE                          Words and music by Dolores ORiordan,29184,48,Distortion Guitar _ 1
225.974069875,0.2578125,30,95,ZOMBIE                          Words and music by Dolores ORiordan,29231,33,Electric Bass (finger) _ 1
225.974069875,0.3671875,64,65,ZOMBIE                          Words and music by Dolores ORiordan,29231,47,Electric Guitar (clean) _ 1
225.966257375,0.375,59,64,ZOMBIE                          Words and music by Dolores ORiordan,29230,48,Electric Guitar (clean) _ 1
225.981882375,0.3671875,42,127,ZOMBIE                          Words and music by Dolores ORiordan,29232,47,Distortion Guitar _ 1
225.989694875,0.359375,50,113,ZOMBIE                          Words and music by Dolores ORiordan,29233,46,Distortion Guitar _ 1
226.349069875,0.0078125,40,127,ZOMBIE                          Words and music by Dolores ORiordan,29279,1,Drum Kit _ 1
225.606882375,0.75,57,104,ZOMBIE                          Words and music by Dolores ORiordan,29184,96,Flute _ 1
225.989694875,0.3671875,55,127,ZOMBIE                          Words and music by Dolores ORiordan,29233,47,Distortion Guitar _ 1
226.364694875,0.234375,30,101,ZOMBIE                          Words and music by Dolores ORiordan,29281,30,Electric Bass (finger) _ 1
226.349069875,0.3671875,64,63,ZOMBIE                          Words and music by Dolores ORiordan,29279,47,Electric Guitar (clean) _ 1
226.356882375,0.359375,42,127,ZOMBIE                          Words and music by Dolores ORiordan,29280,46,Distortion Guitar _ 1
226.349069875,0.375,59,65,ZOMBIE                          Words and music by Dolores ORiordan,29279,48,Electric Guitar (clean) _ 1
226.724069875,0.0078125,36,113,ZOMBIE                          Words and music by Dolores ORiordan,29327,1,Drum Kit _ 1
226.724069875,0.0078125,46,69,ZOMBIE                          Words and music by Dolores ORiordan,29327,1,Drum Kit _ 1
226.356882375,0.375,50,127,ZOMBIE                          Words and music by Dolores ORiordan,29280,48,Distortion Guitar _ 1
226.724069875,0.0078125,42,120,ZOMBIE                          Words and music by Dolores ORiordan,29327,1,Distortion Guitar _ 1
225.989694875,0.7421875,45,127,ZOMBIE                          Words and music by Dolores ORiordan,29233,95,Distortion Guitar _ 1
226.364694875,0.3671875,55,127,ZOMBIE                          Words and music by Dolores ORiordan,29281,47,Distortion Guitar _ 1
226.724069875,0.1796875,64,62,ZOMBIE                          Words and music by Dolores ORiordan,29327,23,Electric Guitar (clean) _ 1
226.731882375,0.1796875,59,64,ZOMBIE                          Words and music by Dolores ORiordan,29328,23,Electric Guitar (clean) _ 1
226.739694875,0.2265625,30,93,ZOMBIE                          Words and music by Dolores ORiordan,29329,29,Electric Bass (finger) _ 1
226.739694875,0.359375,50,127,ZOMBIE                          Words and music by Dolores ORiordan,29329,46,Distortion Guitar _ 1
227.099069875,0.0078125,40,85,ZOMBIE                          Words and music by Dolores ORiordan,29375,1,Drum Kit _ 1
227.099069875,0.0078125,46,87,ZOMBIE                          Words and music by Dolores ORiordan,29375,1,Drum Kit _ 1
226.739694875,0.3671875,45,127,ZOMBIE                          Words and music by Dolores ORiordan,29329,47,Distortion Guitar _ 1
226.739694875,0.3671875,42,127,ZOMBIE                          Words and music by Dolores ORiordan,29329,47,Distortion Guitar _ 1
227.106882375,0.0078125,50,79,ZOMBIE                          Words and music by Dolores ORiordan,29376,1,Distortion Guitar _ 1
226.739694875,0.375,55,127,ZOMBIE                          Words and music by Dolores ORiordan,29329,48,Distortion Guitar _ 1
226.919382375,0.359375,59,65,ZOMBIE                          Words and music by Dolores ORiordan,29352,46,Electric Guitar (clean) _ 1
226.911569875,0.3671875,64,64,ZOMBIE                          Words and music by Dolores ORiordan,29351,47,Electric Guitar (clean) _ 1
227.286569875,0.0078125,40,125,ZOMBIE                          Words and music by Dolores ORiordan,29399,1,Drum Kit _ 1
227.106882375,0.359375,30,107,ZOMBIE                          Words and music by Dolores ORiordan,29376,46,Electric Bass (finger) _ 1
227.114694875,0.3515625,42,127,ZOMBIE                          Words and music by Dolores ORiordan,29377,45,Distortion Guitar _ 1
227.122507375,0.3515625,50,118,ZOMBIE                          Words and music by Dolores ORiordan,29378,45,Distortion Guitar _ 1
227.474069875,0.0078125,40,123,ZOMBIE                          Words and music by Dolores ORiordan,29423,1,Drum Kit _ 1
227.286569875,0.1953125,64,65,ZOMBIE                          Words and music by Dolores ORiordan,29399,25,Electric Guitar (clean) _ 1
227.122507375,0.359375,55,126,ZOMBIE                          Words and music by Dolores ORiordan,29378,46,Distortion Guitar _ 1
227.661569875,0.0078125,40,127,ZOMBIE                          Words and music by Dolores ORiordan,29447,1,Drum Kit _ 1
227.474069875,0.3671875,31,98,ZOMBIE                          Words and music by Dolores ORiordan,29423,47,Electric Bass (finger) _ 1
227.474069875,0.3671875,43,127,ZOMBIE                          Words and music by Dolores ORiordan,29423,47,Distortion Guitar _ 1
227.849069875,0.0078125,40,127,ZOMBIE                          Words and music by Dolores ORiordan,29471,1,Drum Kit _ 1
227.489694875,0.3671875,64,65,ZOMBIE                          Words and music by Dolores ORiordan,29425,47,Electric Guitar (clean) _ 1
227.481882375,0.375,50,127,ZOMBIE                          Words and music by Dolores ORiordan,29424,48,Distortion Guitar _ 1
227.114694875,0.75,45,127,ZOMBIE                          Words and music by Dolores ORiordan,29377,96,Distortion Guitar _ 1
227.864694875,0.1640625,64,64,ZOMBIE                          Words and music by Dolores ORiordan,29473,21,Electric Guitar (clean) _ 1
228.028757375,0.0078125,40,127,ZOMBIE                          Words and music by Dolores ORiordan,29494,1,Drum Kit _ 1
227.286569875,0.75,59,65,ZOMBIE                          Words and music by Dolores ORiordan,29399,96,Electric Guitar (clean) _ 1
225.591257375,2.578125,69,104,ZOMBIE                          Words and music by Dolores ORiordan,29182,330,Shakuhachi _ 1
227.849069875,0.3671875,30,114,ZOMBIE                          Words and music by Dolores ORiordan,29471,47,Electric Bass (finger) _ 1
228.216257375,0.0078125,40,127,ZOMBIE                          Words and music by Dolores ORiordan,29518,1,Drum Kit _ 1
228.044382375,0.1875,59,64,ZOMBIE                          Words and music by Dolores ORiordan,29496,24,Electric Guitar (clean) _ 1
228.036569875,0.1953125,64,63,ZOMBIE                          Words and music by Dolores ORiordan,29495,25,Electric Guitar (clean) _ 1
227.872507375,0.359375,45,127,ZOMBIE                          Words and music by Dolores ORiordan,29474,46,Distortion Guitar _ 1
227.864694875,0.3671875,50,127,ZOMBIE                          Words and music by Dolores ORiordan,29473,47,Distortion Guitar _ 1
227.849069875,0.40625,42,127,ZOMBIE                          Words and music by Dolores ORiordan,29471,52,Distortion Guitar _ 1
228.403757375,0.0078125,40,127,ZOMBIE                          Words and music by Dolores ORiordan,29542,1,Drum Kit _ 1
228.239694875,0.3359375,50,109,ZOMBIE                          Words and music by Dolores ORiordan,29521,43,Distortion Guitar _ 1
228.239694875,0.34375,59,65,ZOMBIE                          Words and music by Dolores ORiordan,29521,44,Electric Guitar (clean) _ 1
228.239694875,0.34375,43,127,ZOMBIE                          Words and music by Dolores ORiordan,29521,44,Distortion Guitar _ 1
228.224069875,0.3671875,31,111,ZOMBIE                          Words and music by Dolores ORiordan,29519,47,Electric Bass (finger) _ 1
228.239694875,0.359375,64,64,ZOMBIE                          Words and music by Dolores ORiordan,29521,46,Electric Guitar (clean) _ 1
228.239694875,0.359375,45,127,ZOMBIE                          Words and music by Dolores ORiordan,29521,46,Distortion Guitar _ 1
228.599069875,0.0078125,36,114,ZOMBIE                          Words and music by Dolores ORiordan,29567,1,Drum Kit _ 1
228.599069875,0.0078125,46,111,ZOMBIE                          Words and music by Dolores ORiordan,29567,1,Drum Kit _ 1
227.489694875,1.1484375,55,118,ZOMBIE                          Words and music by Dolores ORiordan,29425,147,Distortion Guitar _ 1
228.606882375,0.2578125,28,109,ZOMBIE                          Words and music by Dolores ORiordan,29568,33,Electric Bass (finger) _ 1
228.599069875,0.328125,52,127,ZOMBIE                          Words and music by Dolores ORiordan,29567,42,Distortion Guitar _ 1
228.606882375,0.359375,64,88,ZOMBIE                          Words and music by Dolores ORiordan,29568,46,Clavinet _ 1
228.591257375,0.375,59,88,ZOMBIE                          Words and music by Dolores ORiordan,29566,48,Clavinet _ 1
228.606882375,0.359375,47,127,ZOMBIE                          Words and music by Dolores ORiordan,29568,46,Distortion Guitar _ 1
228.599069875,0.3671875,40,127,ZOMBIE                          Words and music by Dolores ORiordan,29567,47,Distortion Guitar _ 1
228.974069875,0.0078125,36,114,ZOMBIE                          Words and music by Dolores ORiordan,29615,1,Drum Kit _ 1
228.974069875,0.0078125,46,68,ZOMBIE                          Words and music by Dolores ORiordan,29615,1,Drum Kit _ 1
228.974069875,0.2265625,28,99,ZOMBIE                          Words and music by Dolores ORiordan,29615,29,Electric Bass (finger) _ 1
228.989694875,0.34375,47,125,ZOMBIE                          Words and music by Dolores ORiordan,29617,44,Distortion Guitar _ 1
228.974069875,0.3671875,55,87,ZOMBIE                          Words and music by Dolores ORiordan,29615,47,Clavinet _ 1
228.974069875,0.375,59,86,ZOMBIE                          Words and music by Dolores ORiordan,29615,48,Clavinet _ 1
228.974069875,0.375,64,84,ZOMBIE                          Words and music by Dolores ORiordan,29615,48,Clavinet _ 1
228.974069875,0.3828125,40,127,ZOMBIE                          Words and music by Dolores ORiordan,29615,49,Distortion Guitar _ 1
228.974069875,0.3828125,52,107,ZOMBIE                          Words and music by Dolores ORiordan,29615,49,Distortion Guitar _ 1
229.364694875,0.21875,28,110,ZOMBIE                          Words and music by Dolores ORiordan,29665,28,Electric Bass (finger) _ 1
229.349069875,0.3671875,55,87,ZOMBIE                          Words and music by Dolores ORiordan,29663,47,Clavinet _ 1
229.341257375,0.375,47,127,ZOMBIE                          Words and music by Dolores ORiordan,29662,48,Distortion Guitar _ 1
229.356882375,0.3671875,59,87,ZOMBIE                          Words and music by Dolores ORiordan,29664,47,Clavinet _ 1
229.724069875,0.0078125,36,111,ZOMBIE                          Words and music by Dolores ORiordan,29711,1,Drum Kit _ 1
229.724069875,0.0078125,46,71,ZOMBIE                          Words and music by Dolores ORiordan,29711,1,Drum Kit _ 1
229.356882375,0.375,64,87,ZOMBIE                          Words and music by Dolores ORiordan,29664,48,Clavinet _ 1
229.739694875,0.1640625,64,87,ZOMBIE                          Words and music by Dolores ORiordan,29713,21,Clavinet _ 1
229.731882375,0.171875,59,87,ZOMBIE                          Words and music by Dolores ORiordan,29712,22,Clavinet _ 1
229.716257375,0.203125,40,127,ZOMBIE                          Words and music by Dolores ORiordan,29710,26,Distortion Guitar _ 1
229.724069875,0.203125,28,91,ZOMBIE                          Words and music by Dolores ORiordan,29711,26,Electric Bass (finger) _ 1
229.716257375,0.3671875,52,85,ZOMBIE                          Words and music by Dolores ORiordan,29710,47,Distortion Guitar _ 1
230.099069875,0.0078125,36,111,ZOMBIE                          Words and music by Dolores ORiordan,29759,1,Drum Kit _ 1
230.099069875,0.0078125,46,82,ZOMBIE                          Words and music by Dolores ORiordan,29759,1,Drum Kit _ 1
229.911569875,0.3671875,59,87,ZOMBIE                          Words and music by Dolores ORiordan,29735,47,Clavinet _ 1
229.911569875,0.3671875,64,87,ZOMBIE                          Words and music by Dolores ORiordan,29735,47,Clavinet _ 1
229.724069875,0.5625,55,87,ZOMBIE                          Words and music by Dolores ORiordan,29711,72,Clavinet _ 1
230.091257375,0.203125,40,127,ZOMBIE                          Words and music by Dolores ORiordan,29758,26,Distortion Guitar _ 1
230.099069875,0.234375,28,112,ZOMBIE                          Words and music by Dolores ORiordan,29759,30,Electric Bass (finger) _ 1
230.294382375,0.1640625,55,86,ZOMBIE                          Words and music by Dolores ORiordan,29784,21,Clavinet _ 1
230.286569875,0.1796875,64,87,ZOMBIE                          Words and music by Dolores ORiordan,29783,23,Clavinet _ 1
230.091257375,0.375,52,127,ZOMBIE                          Words and music by Dolores ORiordan,29758,48,Distortion Guitar _ 1
230.474069875,0.0078125,36,110,ZOMBIE                          Words and music by Dolores ORiordan,29807,1,Drum Kit _ 1
230.474069875,0.0078125,46,68,ZOMBIE                          Words and music by Dolores ORiordan,29807,1,Drum Kit _ 1
229.724069875,0.7578125,47,127,ZOMBIE                          Words and music by Dolores ORiordan,29711,97,Distortion Guitar _ 1
230.474069875,0.3671875,28,107,ZOMBIE                          Words and music by Dolores ORiordan,29807,47,Electric Bass (finger) _ 1
230.474069875,0.3671875,55,87,ZOMBIE                          Words and music by Dolores ORiordan,29807,47,Clavinet _ 1
230.474069875,0.3671875,40,127,ZOMBIE                          Words and music by Dolores ORiordan,29807,47,Distortion Guitar _ 1
230.849069875,0.0078125,40,123,ZOMBIE                          Words and music by Dolores ORiordan,29855,1,Drum Kit _ 1
230.849069875,0.0078125,57,85,ZOMBIE                          Words and music by Dolores ORiordan,29855,1,Drum Kit _ 1
230.489694875,0.3671875,47,127,ZOMBIE                          Words and music by Dolores ORiordan,29809,47,Distortion Guitar _ 1
230.849069875,0.1796875,55,84,ZOMBIE                          Words and music by Dolores ORiordan,29855,23,Clavinet _ 1
230.474069875,0.5546875,64,84,ZOMBIE                          Words and music by Dolores ORiordan,29807,71,Clavinet _ 1
230.286569875,0.7421875,59,86,ZOMBIE                          Words and music by Dolores ORiordan,29783,95,Clavinet _ 1
230.849069875,0.3671875,31,103,ZOMBIE                          Words and music by Dolores ORiordan,29855,47,Electric Bass (finger) _ 1
231.036569875,0.1796875,55,87,ZOMBIE                          Words and music by Dolores ORiordan,29879,23,Clavinet _ 1
231.036569875,0.1796875,64,87,ZOMBIE                          Words and music by Dolores ORiordan,29879,23,Clavinet _ 1
230.864694875,0.3515625,43,127,ZOMBIE                          Words and music by Dolores ORiordan,29857,45,Distortion Guitar _ 1
230.864694875,0.3515625,47,127,ZOMBIE                          Words and music by Dolores ORiordan,29857,45,Distortion Guitar _ 1
230.474069875,0.7421875,52,127,ZOMBIE                          Words and music by Dolores ORiordan,29807,95,Distortion Guitar _ 1
231.224069875,0.0078125,36,110,ZOMBIE                          Words and music by Dolores ORiordan,29903,1,Drum Kit _ 1
231.224069875,0.0078125,46,70,ZOMBIE                          Words and music by Dolores ORiordan,29903,1,Drum Kit _ 1
231.224069875,0.1875,52,127,ZOMBIE                          Words and music by Dolores ORiordan,29903,24,Distortion Guitar _ 1
231.224069875,0.203125,47,127,ZOMBIE                          Words and music by Dolores ORiordan,29903,26,Distortion Guitar _ 1
231.224069875,0.3515625,40,127,ZOMBIE                          Words and music by Dolores ORiordan,29903,45,Distortion Guitar _ 1
231.224069875,0.359375,55,88,ZOMBIE                          Words and music by Dolores ORiordan,29903,46,Clavinet _ 1
231.036569875,0.546875,59,88,ZOMBIE                          Words and music by Dolores ORiordan,29879,70,Clavinet _ 1
231.224069875,0.3671875,28,96,ZOMBIE                          Words and music by Dolores ORiordan,29903,47,Electric Bass (finger) _ 1
231.224069875,0.3671875,64,87,ZOMBIE                          Words and music by Dolores ORiordan,29903,47,Clavinet _ 1
231.599069875,0.0078125,36,113,ZOMBIE                          Words and music by Dolores ORiordan,29951,1,Drum Kit _ 1
231.591257375,0.015625,55,87,ZOMBIE                          Words and music by Dolores ORiordan,29950,2,Clavinet _ 1
231.599069875,0.359375,48,127,ZOMBIE                          Words and music by Dolores ORiordan,29951,46,Distortion Guitar _ 1
231.599069875,0.3671875,64,87,ZOMBIE                          Words and music by Dolores ORiordan,29951,47,Clavinet _ 1
231.591257375,0.375,59,87,ZOMBIE                          Words and music by Dolores ORiordan,29950,48,Clavinet _ 1
231.606882375,0.359375,55,127,ZOMBIE                          Words and music by Dolores ORiordan,29952,46,Distortion Guitar _ 1
231.599069875,0.3671875,52,127,ZOMBIE                          Words and music by Dolores ORiordan,29951,47,Distortion Guitar _ 1
231.974069875,0.0078125,36,112,ZOMBIE                          Words and music by Dolores ORiordan,29999,1,Drum Kit _ 1
231.974069875,0.0078125,46,71,ZOMBIE                          Words and music by Dolores ORiordan,29999,1,Drum Kit _ 1
231.974069875,0.3515625,52,127,ZOMBIE                          Words and music by Dolores ORiordan,29999,45,Distortion Guitar _ 1
231.974069875,0.359375,48,127,ZOMBIE                          Words and music by Dolores ORiordan,29999,46,Distortion Guitar _ 1
231.974069875,0.3671875,64,87,ZOMBIE                          Words and music by Dolores ORiordan,29999,47,Clavinet _ 1
231.974069875,0.3671875,59,88,ZOMBIE                          Words and music by Dolores ORiordan,29999,47,Clavinet _ 1
231.974069875,0.3671875,55,87,ZOMBIE                          Words and music by Dolores ORiordan,29999,47,Clavinet _ 1
232.349069875,0.0078125,40,125,ZOMBIE                          Words and music by Dolores ORiordan,30047,1,Drum Kit _ 1
232.341257375,0.015625,52,127,ZOMBIE                          Words and music by Dolores ORiordan,30046,2,Distortion Guitar _ 1
232.349069875,0.2578125,36,107,ZOMBIE                          Words and music by Dolores ORiordan,30047,33,Electric Bass (finger) _ 1
232.341257375,0.359375,48,127,ZOMBIE                          Words and music by Dolores ORiordan,30046,46,Distortion Guitar _ 1
232.349069875,0.3671875,64,87,ZOMBIE                          Words and music by Dolores ORiordan,30047,47,Clavinet _ 1
232.349069875,0.3671875,59,88,ZOMBIE                          Words and music by Dolores ORiordan,30047,47,Clavinet _ 1
232.349069875,0.3671875,55,88,ZOMBIE                          Words and music by Dolores ORiordan,30047,47,Clavinet _ 1
232.724069875,0.0078125,36,104,ZOMBIE                          Words and music by Dolores ORiordan,30095,1,Drum Kit _ 1
232.724069875,0.0078125,46,69,ZOMBIE                          Words and music by Dolores ORiordan,30095,1,Drum Kit _ 1
232.724069875,0.15625,64,86,ZOMBIE                          Words and music by Dolores ORiordan,30095,20,Clavinet _ 1
232.724069875,0.1796875,59,87,ZOMBIE                          Words and music by Dolores ORiordan,30095,23,Clavinet _ 1
232.724069875,0.1796875,55,87,ZOMBIE                          Words and music by Dolores ORiordan,30095,23,Clavinet _ 1
232.911569875,0.0078125,40,103,ZOMBIE                          Words and music by Dolores ORiordan,30119,1,Drum Kit _ 1
232.708444875,0.3671875,48,127,ZOMBIE                          Words and music by Dolores ORiordan,30093,47,Distortion Guitar _ 1
232.708444875,0.375,52,108,ZOMBIE                          Words and music by Dolores ORiordan,30093,48,Distortion Guitar _ 1
232.911569875,0.171875,55,87,ZOMBIE                          Words and music by Dolores ORiordan,30119,22,Clavinet _ 1
233.099069875,0.0078125,36,109,ZOMBIE                          Words and music by Dolores ORiordan,30143,1,Drum Kit _ 1
233.099069875,0.0078125,46,87,ZOMBIE                          Words and music by Dolores ORiordan,30143,1,Drum Kit _ 1
232.911569875,0.3671875,59,87,ZOMBIE                          Words and music by Dolores ORiordan,30119,47,Clavinet _ 1
232.911569875,0.3671875,64,87,ZOMBIE                          Words and music by Dolores ORiordan,30119,47,Clavinet _ 1
233.278757375,0.0078125,40,100,ZOMBIE                          Words and music by Dolores ORiordan,30166,1,Drum Kit _ 1
233.099069875,0.1953125,55,127,ZOMBIE                          Words and music by Dolores ORiordan,30143,25,Distortion Guitar _ 1
233.091257375,0.3671875,52,124,ZOMBIE                          Words and music by Dolores ORiordan,30142,47,Distortion Guitar _ 1
233.286569875,0.1796875,59,87,ZOMBIE                          Words and music by Dolores ORiordan,30167,23,Clavinet _ 1
233.302194875,0.1640625,55,87,ZOMBIE                          Words and music by Dolores ORiordan,30169,21,Clavinet _ 1
233.286569875,0.1875,64,87,ZOMBIE                          Words and music by Dolores ORiordan,30167,24,Clavinet _ 1
233.474069875,0.0078125,36,113,ZOMBIE                          Words and music by Dolores ORiordan,30191,1,Drum Kit _ 1
233.474069875,0.0078125,46,68,ZOMBIE                          Words and music by Dolores ORiordan,30191,1,Drum Kit _ 1
233.466257375,0.3671875,52,127,ZOMBIE                          Words and music by Dolores ORiordan,30190,47,Distortion Guitar _ 1
233.474069875,0.3671875,59,87,ZOMBIE                          Words and music by Dolores ORiordan,30191,47,Clavinet _ 1
233.481882375,0.3671875,64,87,ZOMBIE                          Words and music by Dolores ORiordan,30192,47,Clavinet _ 1
233.849069875,0.0078125,40,125,ZOMBIE                          Words and music by Dolores ORiordan,30239,1,Drum Kit _ 1
233.849069875,0.0078125,57,93,ZOMBIE                          Words and music by Dolores ORiordan,30239,1,Drum Kit _ 1
233.474069875,0.3828125,55,127,ZOMBIE                          Words and music by Dolores ORiordan,30191,49,Distortion Guitar _ 1
233.083444875,0.796875,48,127,ZOMBIE                          Words and music by Dolores ORiordan,30141,102,Distortion Guitar _ 1
233.856882375,0.171875,64,87,ZOMBIE                          Words and music by Dolores ORiordan,30240,22,Clavinet _ 1
233.849069875,0.1953125,59,87,ZOMBIE                          Words and music by Dolores ORiordan,30239,25,Clavinet _ 1
233.849069875,0.359375,38,107,ZOMBIE                          Words and music by Dolores ORiordan,30239,46,Electric Bass (finger) _ 1
233.849069875,0.3671875,52,127,ZOMBIE                          Words and music by Dolores ORiordan,30239,47,Distortion Guitar _ 1
233.833444875,0.390625,50,123,ZOMBIE                          Words and music by Dolores ORiordan,30237,50,Distortion Guitar _ 1
234.216257375,0.015625,36,103,ZOMBIE                          Words and music by Dolores ORiordan,30286,2,Electric Bass (finger) _ 1
234.224069875,0.0078125,46,82,ZOMBIE                          Words and music by Dolores ORiordan,30287,1,Drum Kit _ 1
234.052194875,0.1796875,59,86,ZOMBIE                          Words and music by Dolores ORiordan,30265,23,Clavinet _ 1
234.036569875,0.1953125,64,85,ZOMBIE                          Words and music by Dolores ORiordan,30263,25,Clavinet _ 1
233.864694875,0.3671875,55,127,ZOMBIE                          Words and music by Dolores ORiordan,30241,47,Distortion Guitar _ 1
234.224069875,0.21875,52,127,ZOMBIE                          Words and music by Dolores ORiordan,30287,28,Distortion Guitar _ 1
234.224069875,0.2265625,48,127,ZOMBIE                          Words and music by Dolores ORiordan,30287,29,Distortion Guitar _ 1
234.239694875,0.328125,55,88,ZOMBIE                          Words and music by Dolores ORiordan,30289,42,Clavinet _ 1
234.239694875,0.359375,64,86,ZOMBIE                          Words and music by Dolores ORiordan,30289,46,Clavinet _ 1
234.599069875,0.0078125,36,113,ZOMBIE                          Words and music by Dolores ORiordan,30335,1,Drum Kit _ 1
234.599069875,0.0078125,46,111,ZOMBIE                          Words and music by Dolores ORiordan,30335,1,Drum Kit _ 1
234.239694875,0.3671875,59,88,ZOMBIE                          Words and music by Dolores ORiordan,30289,47,Clavinet _ 1
234.599069875,0.2265625,31,109,ZOMBIE                          Words and music by Dolores ORiordan,30335,29,Electric Bass (finger) _ 1
234.614694875,0.3515625,50,117,ZOMBIE                          Words and music by Dolores ORiordan,30337,45,Distortion Guitar _ 1
234.599069875,0.3671875,43,127,ZOMBIE                          Words and music by Dolores ORiordan,30335,47,Distortion Guitar _ 1
234.974069875,0.0078125,36,111,ZOMBIE                          Words and music by Dolores ORiordan,30383,1,Drum Kit _ 1
234.974069875,0.0078125,46,68,ZOMBIE                          Words and music by Dolores ORiordan,30383,1,Drum Kit _ 1
234.606882375,0.375,55,87,ZOMBIE                          Words and music by Dolores ORiordan,30336,48,Clavinet _ 1
234.614694875,0.375,59,88,ZOMBIE                          Words and music by Dolores ORiordan,30337,48,Clavinet _ 1
234.606882375,0.3828125,64,84,ZOMBIE                          Words and music by Dolores ORiordan,30336,49,Clavinet _ 1
234.614694875,0.375,47,127,ZOMBIE                          Words and music by Dolores ORiordan,30337,48,Distortion Guitar _ 1
234.974069875,0.21875,31,101,ZOMBIE                          Words and music by Dolores ORiordan,30383,28,Electric Bass (finger) _ 1
234.997507375,0.34375,59,87,ZOMBIE                          Words and music by Dolores ORiordan,30386,44,Clavinet _ 1
234.997507375,0.3515625,64,85,ZOMBIE                          Words and music by Dolores ORiordan,30386,45,Clavinet _ 1
234.989694875,0.359375,55,87,ZOMBIE                          Words and music by Dolores ORiordan,30385,46,Clavinet _ 1
235.349069875,0.0078125,40,125,ZOMBIE                          Words and music by Dolores ORiordan,30431,1,Drum Kit _ 1
235.349069875,0.0078125,52,105,ZOMBIE                          Words and music by Dolores ORiordan,30431,1,Drum Kit _ 1
234.997507375,0.359375,47,127,ZOMBIE                          Words and music by Dolores ORiordan,30386,46,Distortion Guitar _ 1
234.974069875,0.390625,43,127,ZOMBIE                          Words and music by Dolores ORiordan,30383,50,Distortion Guitar _ 1
235.349069875,0.2890625,31,111,ZOMBIE                          Words and music by Dolores ORiordan,30431,37,Electric Bass (finger) _ 1
235.356882375,0.3671875,55,87,ZOMBIE                          Words and music by Dolores ORiordan,30432,47,Clavinet _ 1
235.356882375,0.3671875,64,84,ZOMBIE                          Words and music by Dolores ORiordan,30432,47,Clavinet _ 1
235.349069875,0.375,59,87,ZOMBIE                          Words and music by Dolores ORiordan,30431,48,Clavinet _ 1
235.724069875,0.0078125,36,107,ZOMBIE                          Words and music by Dolores ORiordan,30479,1,Drum Kit _ 1
235.724069875,0.0078125,46,71,ZOMBIE                          Words and music by Dolores ORiordan,30479,1,Drum Kit _ 1
235.372507375,0.359375,43,127,ZOMBIE                          Words and music by Dolores ORiordan,30434,46,Distortion Guitar _ 1
235.364694875,0.375,47,127,ZOMBIE                          Words and music by Dolores ORiordan,30433,48,Distortion Guitar _ 1
235.731882375,0.1640625,64,84,ZOMBIE                          Words and music by Dolores ORiordan,30480,21,Clavinet _ 1
235.731882375,0.171875,59,85,ZOMBIE                          Words and music by Dolores ORiordan,30480,22,Clavinet _ 1
235.731882375,0.1796875,55,85,ZOMBIE                          Words and music by Dolores ORiordan,30480,23,Clavinet _ 1
235.911569875,0.0078125,40,103,ZOMBIE                          Words and music by Dolores ORiordan,30503,1,Drum Kit _ 1
235.731882375,0.2421875,31,93,ZOMBIE                          Words and music by Dolores ORiordan,30480,31,Electric Bass (finger) _ 1
235.747507375,0.34375,47,127,ZOMBIE                          Words and music by Dolores ORiordan,30482,44,Distortion Guitar _ 1
234.974069875,1.125,50,127,ZOMBIE                          Words and music by Dolores ORiordan,30383,144,Distortion Guitar _ 1
236.099069875,0.0078125,36,111,ZOMBIE                          Words and music by Dolores ORiordan,30527,1,Drum Kit _ 1
236.099069875,0.0078125,46,82,ZOMBIE                          Words and music by Dolores ORiordan,30527,1,Drum Kit _ 1
235.903757375,0.3671875,64,87,ZOMBIE                          Words and music by Dolores ORiordan,30502,47,Clavinet _ 1
235.911569875,0.3671875,59,87,ZOMBIE                          Words and music by Dolores ORiordan,30503,47,Clavinet _ 1
236.286569875,0.0078125,40,113,ZOMBIE                          Words and music by Dolores ORiordan,30551,1,Drum Kit _ 1
235.919382375,0.375,55,87,ZOMBIE                          Words and music by Dolores ORiordan,30504,48,Clavinet _ 1
236.099069875,0.2734375,31,106,ZOMBIE                          Words and music by Dolores ORiordan,30527,35,Electric Bass (finger) _ 1
236.302194875,0.1640625,55,85,ZOMBIE                          Words and music by Dolores ORiordan,30553,21,Clavinet _ 1
236.106882375,0.359375,47,127,ZOMBIE                          Words and music by Dolores ORiordan,30528,46,Distortion Guitar _ 1
236.106882375,0.359375,50,127,ZOMBIE                          Words and music by Dolores ORiordan,30528,46,Distortion Guitar _ 1
235.739694875,0.7265625,43,127,ZOMBIE                          Words and music by Dolores ORiordan,30481,93,Distortion Guitar _ 1
236.286569875,0.1875,59,86,ZOMBIE                          Words and music by Dolores ORiordan,30551,24,Clavinet _ 1
236.474069875,0.0078125,36,112,ZOMBIE                          Words and music by Dolores ORiordan,30575,1,Drum Kit _ 1
236.474069875,0.0078125,46,68,ZOMBIE                          Words and music by Dolores ORiordan,30575,1,Drum Kit _ 1
236.278757375,0.203125,64,86,ZOMBIE                          Words and music by Dolores ORiordan,30550,26,Clavinet _ 1
236.481882375,0.2265625,31,93,ZOMBIE                          Words and music by Dolores ORiordan,30576,29,Electric Bass (finger) _ 1
236.474069875,0.3671875,55,87,ZOMBIE                          Words and music by Dolores ORiordan,30575,47,Clavinet _ 1
236.849069875,0.0078125,40,125,ZOMBIE                          Words and music by Dolores ORiordan,30623,1,Drum Kit _ 1
236.849069875,0.0078125,57,91,ZOMBIE                          Words and music by Dolores ORiordan,30623,1,Drum Kit _ 1
236.474069875,0.3828125,47,127,ZOMBIE                          Words and music by Dolores ORiordan,30575,49,Distortion Guitar _ 1
236.474069875,0.3828125,50,127,ZOMBIE                          Words and music by Dolores ORiordan,30575,49,Distortion Guitar _ 1
236.474069875,0.40625,43,127,ZOMBIE                          Words and music by Dolores ORiordan,30575,52,Distortion Guitar _ 1
236.489694875,0.53125,64,87,ZOMBIE                          Words and music by Dolores ORiordan,30577,68,Clavinet _ 1
236.481882375,0.546875,59,87,ZOMBIE                          Words and music by Dolores ORiordan,30576,70,Clavinet _ 1
236.856882375,0.359375,33,110,ZOMBIE                          Words and music by Dolores ORiordan,30624,46,Electric Bass (finger) _ 1
236.849069875,0.3671875,55,85,ZOMBIE                          Words and music by Dolores ORiordan,30623,47,Clavinet _ 1
236.864694875,0.3515625,45,127,ZOMBIE                          Words and music by Dolores ORiordan,30625,45,Distortion Guitar _ 1
237.028757375,0.1953125,64,86,ZOMBIE                          Words and music by Dolores ORiordan,30646,25,Clavinet _ 1
237.224069875,0.0078125,36,105,ZOMBIE                          Words and music by Dolores ORiordan,30671,1,Drum Kit _ 1
237.224069875,0.0078125,46,70,ZOMBIE                          Words and music by Dolores ORiordan,30671,1,Drum Kit _ 1
236.864694875,0.3671875,47,127,ZOMBIE                          Words and music by Dolores ORiordan,30625,47,Distortion Guitar _ 1
236.864694875,0.375,50,127,ZOMBIE                          Words and music by Dolores ORiordan,30625,48,Distortion Guitar _ 1
237.411569875,0.0078125,40,103,ZOMBIE                          Words and music by Dolores ORiordan,30695,1,Drum Kit _ 1
237.239694875,0.21875,47,127,ZOMBIE                          Words and music by Dolores ORiordan,30673,28,Distortion Guitar _ 1
237.224069875,0.2734375,31,103,ZOMBIE                          Words and music by Dolores ORiordan,30671,35,Electric Bass (finger) _ 1
237.239694875,0.2890625,43,123,ZOMBIE                          Words and music by Dolores ORiordan,30673,37,Distortion Guitar _ 1
237.224069875,0.359375,55,88,ZOMBIE                          Words and music by Dolores ORiordan,30671,46,Clavinet _ 1
237.036569875,0.5546875,59,86,ZOMBIE                          Words and music by Dolores ORiordan,30647,71,Clavinet _ 1
237.247507375,0.34375,50,127,ZOMBIE                          Words and music by Dolores ORiordan,30674,44,Distortion Guitar _ 1
237.231882375,0.3671875,64,86,ZOMBIE                          Words and music by Dolores ORiordan,30672,47,Clavinet _ 1
237.599069875,0.0078125,36,111,ZOMBIE                          Words and music by Dolores ORiordan,30719,1,Drum Kit _ 1
237.591257375,0.015625,55,88,ZOMBIE                          Words and music by Dolores ORiordan,30718,2,Clavinet _ 1
237.786569875,0.0078125,40,114,ZOMBIE                          Words and music by Dolores ORiordan,30743,1,Drum Kit _ 1
237.599069875,0.2578125,30,110,ZOMBIE                          Words and music by Dolores ORiordan,30719,33,Electric Bass (finger) _ 1
237.599069875,0.359375,59,87,ZOMBIE                          Words and music by Dolores ORiordan,30719,46,Clavinet _ 1
237.606882375,0.359375,64,87,ZOMBIE                          Words and music by Dolores ORiordan,30720,46,Clavinet _ 1
237.591257375,0.375,42,127,ZOMBIE                          Words and music by Dolores ORiordan,30718,48,Distortion Guitar _ 1
237.599069875,0.375,45,127,ZOMBIE                          Words and music by Dolores ORiordan,30719,48,Distortion Guitar _ 1
237.599069875,0.375,50,127,ZOMBIE                          Words and music by Dolores ORiordan,30719,48,Distortion Guitar _ 1
237.974069875,0.0078125,36,108,ZOMBIE                          Words and music by Dolores ORiordan,30767,1,Drum Kit _ 1
237.974069875,0.0078125,46,71,ZOMBIE                          Words and music by Dolores ORiordan,30767,1,Drum Kit _ 1
237.974069875,0.2578125,30,95,ZOMBIE                          Words and music by Dolores ORiordan,30767,33,Electric Bass (finger) _ 1
237.974069875,0.3671875,64,87,ZOMBIE                          Words and music by Dolores ORiordan,30767,47,Clavinet _ 1
237.966257375,0.375,59,86,ZOMBIE                          Words and music by Dolores ORiordan,30766,48,Clavinet _ 1
237.981882375,0.359375,50,127,ZOMBIE                          Words and music by Dolores ORiordan,30768,46,Distortion Guitar _ 1
238.349069875,0.0078125,40,127,ZOMBIE                          Words and music by Dolores ORiordan,30815,1,Drum Kit _ 1
238.349069875,0.0078125,52,99,ZOMBIE                          Words and music by Dolores ORiordan,30815,1,Drum Kit _ 1
238.364694875,0.234375,30,101,ZOMBIE                          Words and music by Dolores ORiordan,30817,30,Electric Bass (finger) _ 1
238.349069875,0.3671875,55,87,ZOMBIE                          Words and music by Dolores ORiordan,30815,47,Clavinet _ 1
238.349069875,0.3671875,64,85,ZOMBIE                          Words and music by Dolores ORiordan,30815,47,Clavinet _ 1
237.974069875,0.7421875,42,127,ZOMBIE                          Words and music by Dolores ORiordan,30767,95,Distortion Guitar _ 1
238.349069875,0.3671875,50,127,ZOMBIE                          Words and music by Dolores ORiordan,30815,47,Distortion Guitar _ 1
238.349069875,0.375,59,87,ZOMBIE                          Words and music by Dolores ORiordan,30815,48,Clavinet _ 1
238.724069875,0.0078125,36,117,ZOMBIE                          Words and music by Dolores ORiordan,30863,1,Drum Kit _ 1
238.724069875,0.0078125,46,69,ZOMBIE                          Words and music by Dolores ORiordan,30863,1,Drum Kit _ 1
238.731882375,0.0078125,40,116,ZOMBIE                          Words and music by Dolores ORiordan,30864,1,Drum Kit _ 1
238.724069875,0.1796875,64,84,ZOMBIE                          Words and music by Dolores ORiordan,30863,23,Clavinet _ 1
238.731882375,0.1796875,59,86,ZOMBIE                          Words and music by Dolores ORiordan,30864,23,Clavinet _ 1
238.919382375,0.0078125,40,97,ZOMBIE                          Words and music by Dolores ORiordan,30888,1,Drum Kit _ 1
238.739694875,0.2265625,30,93,ZOMBIE                          Words and music by Dolores ORiordan,30865,29,Electric Bass (finger) _ 1
238.724069875,0.3671875,42,127,ZOMBIE                          Words and music by Dolores ORiordan,30863,47,Distortion Guitar _ 1
238.724069875,0.375,50,127,ZOMBIE                          Words and music by Dolores ORiordan,30863,48,Distortion Guitar _ 1
239.099069875,0.0078125,40,121,ZOMBIE                          Words and music by Dolores ORiordan,30911,1,Drum Kit _ 1
239.099069875,0.0078125,46,87,ZOMBIE                          Words and music by Dolores ORiordan,30911,1,Drum Kit _ 1
239.106882375,0.015625,50,127,ZOMBIE                          Words and music by Dolores ORiordan,30912,2,Distortion Guitar _ 1
238.919382375,0.359375,59,87,ZOMBIE                          Words and music by Dolores ORiordan,30888,46,Clavinet _ 1
238.911569875,0.3671875,64,86,ZOMBIE                          Words and music by Dolores ORiordan,30887,47,Clavinet _ 1
239.286569875,0.0078125,40,103,ZOMBIE                          Words and music by Dolores ORiordan,30935,1,Drum Kit _ 1
239.106882375,0.359375,30,107,ZOMBIE                          Words and music by Dolores ORiordan,30912,46,Electric Bass (finger) _ 1
239.099069875,0.3671875,45,127,ZOMBIE                          Words and music by Dolores ORiordan,30911,47,Distortion Guitar _ 1
239.099069875,0.3671875,42,126,ZOMBIE                          Words and music by Dolores ORiordan,30911,47,Distortion Guitar _ 1
239.474069875,0.0078125,41,124,ZOMBIE                          Words and music by Dolores ORiordan,30959,1,Drum Kit _ 1
239.286569875,0.1953125,64,87,ZOMBIE                          Words and music by Dolores ORiordan,30935,25,Clavinet _ 1
239.661569875,0.0078125,41,112,ZOMBIE                          Words and music by Dolores ORiordan,30983,1,Drum Kit _ 1
239.474069875,0.35677085416665477,45,127,ZOMBIE                          Words and music by Dolores ORiordan,30959,46,Distortion Guitar _ 1
239.474069875,0.3642113333333441,31,98,ZOMBIE                          Words and music by Dolores ORiordan,30959,47,Electric Bass (finger) _ 1
238.724069875,1.114211333333344,55,87,ZOMBIE                          Words and music by Dolores ORiordan,30863,143,Clavinet _ 1
239.474069875,0.3642113333333441,50,127,ZOMBIE                          Words and music by Dolores ORiordan,30959,47,Distortion Guitar _ 1
239.8457216875,0.007440479166660907,40,127,ZOMBIE                          Words and music by Dolores ORiordan,31007,1,Drum Kit _ 1
239.489694875,0.3634672916666659,64,87,ZOMBIE                          Words and music by Dolores ORiordan,30961,47,Clavinet _ 1
239.474069875,0.3790922916666659,43,127,ZOMBIE                          Words and music by Dolores ORiordan,30959,49,Distortion Guitar _ 1
239.86060264583332,0.15625006249999274,64,86,ZOMBIE                          Words and music by Dolores ORiordan,31009,21,Clavinet _ 1
240.01685270833332,0.007440479166689329,40,116,ZOMBIE                          Words and music by Dolores ORiordan,31030,1,Drum Kit _ 1
239.286569875,0.7377233125000089,59,87,ZOMBIE                          Words and music by Dolores ORiordan,30935,96,Clavinet _ 1
239.8457216875,0.34970252083331843,30,114,ZOMBIE                          Words and music by Dolores ORiordan,31007,47,Electric Bass (finger) _ 1
239.83828120833334,0.35714299999997934,45,127,ZOMBIE                          Words and music by Dolores ORiordan,31006,48,Distortion Guitar _ 1
239.8457216875,0.34970252083331843,50,127,ZOMBIE                          Words and music by Dolores ORiordan,31007,47,Distortion Guitar _ 1
239.8457216875,0.34970252083331843,42,127,ZOMBIE                          Words and music by Dolores ORiordan,31007,47,Distortion Guitar _ 1
240.2028646875,0.007440479166660907,43,127,ZOMBIE                          Words and music by Dolores ORiordan,31055,1,Drum Kit _ 1
240.03173366666667,0.17857150000000388,59,86,ZOMBIE                          Words and music by Dolores ORiordan,31032,24,Clavinet _ 1
240.0242931875,0.1860119791666648,64,85,ZOMBIE                          Words and music by Dolores ORiordan,31031,25,Clavinet _ 1
239.8457216875,0.36458347916666867,55,87,ZOMBIE                          Words and music by Dolores ORiordan,31007,49,Clavinet _ 1
240.3814361875,0.007440479166689329,43,127,ZOMBIE                          Words and music by Dolores ORiordan,31079,1,Drum Kit _ 1
240.2028646875,0.3273810833333073,50,127,ZOMBIE                          Words and music by Dolores ORiordan,31055,44,Distortion Guitar _ 1
240.21774564583333,0.3199406041666748,64,86,ZOMBIE                          Words and music by Dolores ORiordan,31057,43,Clavinet _ 1
240.21774564583333,0.3199406041666748,59,83,ZOMBIE                          Words and music by Dolores ORiordan,31057,43,Clavinet _ 1
240.2028646875,0.3348215624999966,45,127,ZOMBIE                          Words and music by Dolores ORiordan,31055,45,Distortion Guitar _ 1
240.21774564583333,0.3273810833333357,55,84,ZOMBIE                          Words and music by Dolores ORiordan,31057,44,Clavinet _ 1
240.2028646875,0.34970252083331843,31,111,ZOMBIE                          Words and music by Dolores ORiordan,31055,47,Electric Bass (finger) _ 1
240.5600076875,0.007440479166660907,36,114,ZOMBIE                          Words and music by Dolores ORiordan,31103,1,Drum Kit _ 1
240.5600076875,0.007440479166660907,49,100,ZOMBIE                          Words and music by Dolores ORiordan,31103,1,Drum Kit _ 1
240.7385791875,0.007440479166660907,42,91,ZOMBIE                          Words and music by Dolores ORiordan,31127,1,Drum Kit _ 1
240.56744816666665,0.27529772916668094,28,117,ZOMBIE                          Words and music by Dolores ORiordan,31104,37,Electric Bass (finger) _ 1
240.9171506875,0.007440479166660907,36,114,ZOMBIE                          Words and music by Dolores ORiordan,31151,1,Drum Kit _ 1
240.9171506875,0.007440479166660907,42,65,ZOMBIE                          Words and music by Dolores ORiordan,31151,1,Drum Kit _ 1
241.0957221875,0.007440479166660907,42,82,ZOMBIE                          Words and music by Dolores ORiordan,31175,1,Drum Kit _ 1
240.93203164583332,0.1860119791666648,28,109,ZOMBIE                          Words and music by Dolores ORiordan,31153,25,Electric Bass (finger) _ 1
241.2742936875,0.007440479166660907,42,114,ZOMBIE                          Words and music by Dolores ORiordan,31199,1,Drum Kit _ 1
241.4528651875,0.007440479166660907,42,71,ZOMBIE                          Words and music by Dolores ORiordan,31223,1,Drum Kit _ 1
241.28917464583333,0.20089293750001502,28,112,ZOMBIE                          Words and music by Dolores ORiordan,31201,27,Electric Bass (finger) _ 1
241.62399620833332,0.007440479166660907,54,64,ZOMBIE                          Words and music by Dolores ORiordan,31246,1,Drum Kit _ 1
241.63143668749998,0.007440479166689329,36,103,ZOMBIE                          Words and music by Dolores ORiordan,31247,1,Drum Kit _ 1
241.63143668749998,0.007440479166689329,42,56,ZOMBIE                          Words and music by Dolores ORiordan,31247,1,Drum Kit _ 1
241.8100081875,0.007440479166689329,42,72,ZOMBIE                          Words and music by Dolores ORiordan,31271,1,Drum Kit _ 1
241.63143668749998,0.21577389583333684,28,98,ZOMBIE                          Words and music by Dolores ORiordan,31247,29,Electric Bass (finger) _ 1
241.98035133333332,0.007352937500002099,54,92,ZOMBIE                          Words and music by Dolores ORiordan,31294,1,Drum Kit _ 1
241.98770427083332,0.007352937500002099,36,114,ZOMBIE                          Words and music by Dolores ORiordan,31295,1,Drum Kit _ 1
241.98770427083332,0.007352937500002099,42,101,ZOMBIE                          Words and music by Dolores ORiordan,31295,1,Drum Kit _ 1
242.1641747708333,0.007352937500002099,42,68,ZOMBIE                          Words and music by Dolores ORiordan,31319,1,Drum Kit _ 1
241.98770427083332,0.23529400000001033,28,110,ZOMBIE                          Words and music by Dolores ORiordan,31295,32,Electric Bass (finger) _ 1
242.33329233333333,0.007352937500002099,54,107,ZOMBIE                          Words and music by Dolores ORiordan,31342,1,Drum Kit _ 1
242.34064527083333,0.007352937500002099,36,113,ZOMBIE                          Words and music by Dolores ORiordan,31343,1,Drum Kit _ 1
242.34064527083333,0.007352937500002099,42,53,ZOMBIE                          Words and music by Dolores ORiordan,31343,1,Drum Kit _ 1
242.51711577083333,0.007352937500002099,42,71,ZOMBIE                          Words and music by Dolores ORiordan,31367,1,Drum Kit _ 1
242.34064527083333,0.34558806249998497,28,106,ZOMBIE                          Words and music by Dolores ORiordan,31343,47,Electric Bass (finger) _ 1
242.69358627083332,0.007352937500002099,42,109,ZOMBIE                          Words and music by Dolores ORiordan,31391,1,Drum Kit _ 1
242.87005677083332,0.007352937500002099,42,62,ZOMBIE                          Words and music by Dolores ORiordan,31415,1,Drum Kit _ 1
242.69358627083332,0.3455880625000134,31,110,ZOMBIE                          Words and music by Dolores ORiordan,31391,47,Electric Bass (finger) _ 1
243.04652727083334,0.007352937500002099,36,104,ZOMBIE                          Words and music by Dolores ORiordan,31439,1,Drum Kit _ 1
243.04652727083334,0.007352937500002099,42,59,ZOMBIE                          Words and music by Dolores ORiordan,31439,1,Drum Kit _ 1
243.22299777083333,0.007352937500002099,42,66,ZOMBIE                          Words and music by Dolores ORiordan,31463,1,Drum Kit _ 1
243.04652727083334,0.3382351249999829,28,101,ZOMBIE                          Words and music by Dolores ORiordan,31439,46,Electric Bass (finger) _ 1
243.39211533333332,0.014705875000004198,36,109,ZOMBIE                          Words and music by Dolores ORiordan,31486,2,Electric Bass (finger) _ 1
243.39946827083332,0.007352937500002099,42,107,ZOMBIE                          Words and music by Dolores ORiordan,31487,1,Drum Kit _ 1
243.57593877083332,0.007352937500002099,42,73,ZOMBIE                          Words and music by Dolores ORiordan,31511,1,Drum Kit _ 1
243.75240927083334,0.007352937499973677,36,110,ZOMBIE                          Words and music by Dolores ORiordan,31535,1,Drum Kit _ 1
243.75240927083334,0.007352937499973677,42,65,ZOMBIE                          Words and music by Dolores ORiordan,31535,1,Drum Kit _ 1
243.92887977083333,0.007352937500002099,42,70,ZOMBIE                          Words and music by Dolores ORiordan,31559,1,Drum Kit _ 1
243.7597622083333,0.24999987500001453,36,103,ZOMBIE                          Words and music by Dolores ORiordan,31536,34,Electric Bass (finger) _ 1
244.10535027083333,0.007352937500002099,42,105,ZOMBIE                          Words and music by Dolores ORiordan,31583,1,Drum Kit _ 1
244.28182077083332,0.007352937500002099,42,71,ZOMBIE                          Words and music by Dolores ORiordan,31607,1,Drum Kit _ 1
244.10535027083333,0.3014704375000008,36,107,ZOMBIE                          Words and music by Dolores ORiordan,31583,41,Electric Bass (finger) _ 1
244.4582912708333,0.007352937500002099,36,105,ZOMBIE                          Words and music by Dolores ORiordan,31631,1,Drum Kit _ 1
244.4582912708333,0.007352937500002099,42,60,ZOMBIE                          Words and music by Dolores ORiordan,31631,1,Drum Kit _ 1
244.47299714583332,0.11764700000000516,36,85,ZOMBIE                          Words and music by Dolores ORiordan,31633,16,Electric Bass (finger) _ 1
244.63476177083334,0.007352937500002099,42,68,ZOMBIE                          Words and music by Dolores ORiordan,31655,1,Drum Kit _ 1
244.64211470833334,0.17647049999999354,36,106,ZOMBIE                          Words and music by Dolores ORiordan,31656,24,Electric Bass (finger) _ 1
244.81123227083333,0.007352937500002099,42,103,ZOMBIE                          Words and music by Dolores ORiordan,31679,1,Drum Kit _ 1
244.98770277083332,0.007352937500002099,42,74,ZOMBIE                          Words and music by Dolores ORiordan,31703,1,Drum Kit _ 1
244.82593814583333,0.3014704375000008,38,101,ZOMBIE                          Words and music by Dolores ORiordan,31681,41,Electric Bass (finger) _ 1
245.16417327083332,0.007352937500002099,36,111,ZOMBIE                          Words and music by Dolores ORiordan,31727,1,Drum Kit _ 1
245.16417327083332,0.007352937500002099,42,62,ZOMBIE                          Words and music by Dolores ORiordan,31727,1,Drum Kit _ 1
245.34064377083334,0.007352937500002099,42,61,ZOMBIE                          Words and music by Dolores ORiordan,31751,1,Drum Kit _ 1
245.51711427083333,0.007352937500002099,46,83,ZOMBIE                          Words and music by Dolores ORiordan,31775,1,Drum Kit _ 1
245.51711427083333,0.34558806249998497,33,106,ZOMBIE                          Words and music by Dolores ORiordan,31775,47,Electric Bass (finger) _ 1
245.87005527083332,0.007352937500002099,36,101,ZOMBIE                          Words and music by Dolores ORiordan,31823,1,Drum Kit _ 1
245.87005527083332,0.007352937500002099,46,71,ZOMBIE                          Words and music by Dolores ORiordan,31823,1,Drum Kit _ 1
245.87005527083332,0.24999987500001453,31,111,ZOMBIE                          Words and music by Dolores ORiordan,31823,34,Electric Bass (finger) _ 1
246.22299627083333,0.007352937500002099,36,111,ZOMBIE                          Words and music by Dolores ORiordan,31871,1,Drum Kit _ 1
246.22299627083333,0.007352937500002099,42,97,ZOMBIE                          Words and music by Dolores ORiordan,31871,1,Drum Kit _ 1
246.39946677083333,0.007352937500002099,42,72,ZOMBIE                          Words and music by Dolores ORiordan,31895,1,Drum Kit _ 1
246.23034920833334,0.2573528124999882,28,114,ZOMBIE                          Words and music by Dolores ORiordan,31872,35,Electric Bass (finger) _ 1
246.57593727083332,0.007352937500002099,36,112,ZOMBIE                          Words and music by Dolores ORiordan,31919,1,Drum Kit _ 1
246.57593727083332,0.007352937500002099,42,49,ZOMBIE                          Words and music by Dolores ORiordan,31919,1,Drum Kit _ 1
246.75240777083332,0.007352937500002099,42,61,ZOMBIE                          Words and music by Dolores ORiordan,31943,1,Drum Kit _ 1
246.57593727083332,0.2573528125000166,28,96,ZOMBIE                          Words and music by Dolores ORiordan,31919,35,Electric Bass (finger) _ 1
246.92887827083334,0.007352937500002099,42,105,ZOMBIE                          Words and music by Dolores ORiordan,31967,1,Drum Kit _ 1
247.10534877083333,0.007352937500002099,42,73,ZOMBIE                          Words and music by Dolores ORiordan,31991,1,Drum Kit _ 1
246.92887827083334,0.2720586874999924,28,106,ZOMBIE                          Words and music by Dolores ORiordan,31967,37,Electric Bass (finger) _ 1
247.27446633333332,0.007352937500002099,54,64,ZOMBIE                          Words and music by Dolores ORiordan,32014,1,Drum Kit _ 1
247.28181927083332,0.007352937500002099,36,102,ZOMBIE                          Words and music by Dolores ORiordan,32015,1,Drum Kit _ 1
247.28181927083332,0.007352937500002099,42,61,ZOMBIE                          Words and music by Dolores ORiordan,32015,1,Drum Kit _ 1
247.45828977083332,0.007352937500002099,42,68,ZOMBIE                          Words and music by Dolores ORiordan,32039,1,Drum Kit _ 1
247.28181927083332,0.22794106250000823,28,98,ZOMBIE                          Words and music by Dolores ORiordan,32015,31,Electric Bass (finger) _ 1
247.62740733333334,0.007352937500002099,54,92,ZOMBIE                          Words and music by Dolores ORiordan,32062,1,Drum Kit _ 1
247.63476027083334,0.007352937499973677,36,113,ZOMBIE                          Words and music by Dolores ORiordan,32063,1,Drum Kit _ 1
247.63476027083334,0.007352937499973677,42,101,ZOMBIE                          Words and music by Dolores ORiordan,32063,1,Drum Kit _ 1
247.81123077083333,0.007352937500002099,42,68,ZOMBIE                          Words and music by Dolores ORiordan,32087,1,Drum Kit _ 1
247.63476027083334,0.242646937499984,28,107,ZOMBIE                          Words and music by Dolores ORiordan,32063,33,Electric Bass (finger) _ 1
247.98034833333332,0.007352937500002099,54,107,ZOMBIE                          Words and music by Dolores ORiordan,32110,1,Drum Kit _ 1
247.98770127083333,0.007352937500002099,36,110,ZOMBIE                          Words and music by Dolores ORiordan,32111,1,Drum Kit _ 1
247.98770127083333,0.007352937500002099,42,68,ZOMBIE                          Words and music by Dolores ORiordan,32111,1,Drum Kit _ 1
248.16417177083332,0.007352937500002099,42,68,ZOMBIE                          Words and music by Dolores ORiordan,32135,1,Drum Kit _ 1
247.98770127083333,0.3455880625000134,28,100,ZOMBIE                          Words and music by Dolores ORiordan,32111,47,Electric Bass (finger) _ 1
248.3406422708333,0.007352937500002099,42,101,ZOMBIE                          Words and music by Dolores ORiordan,32159,1,Drum Kit _ 1
248.51711277083334,0.007352937500002099,42,76,ZOMBIE                          Words and music by Dolores ORiordan,32183,1,Drum Kit _ 1
248.3406422708333,0.3455880625000134,31,110,ZOMBIE                          Words and music by Dolores ORiordan,32159,47,Electric Bass (finger) _ 1
248.69358327083333,0.007352937500002099,36,104,ZOMBIE                          Words and music by Dolores ORiordan,32207,1,Drum Kit _ 1
248.69358327083333,0.007352937500002099,42,61,ZOMBIE                          Words and music by Dolores ORiordan,32207,1,Drum Kit _ 1
248.87005377083332,0.007352937500002099,42,66,ZOMBIE                          Words and music by Dolores ORiordan,32231,1,Drum Kit _ 1
248.69358327083333,0.34558806249998497,28,104,ZOMBIE                          Words and music by Dolores ORiordan,32207,47,Electric Bass (finger) _ 1
249.04652427083332,0.007352937500002099,36,112,ZOMBIE                          Words and music by Dolores ORiordan,32255,1,Drum Kit _ 1
249.04652427083332,0.007352937500002099,42,105,ZOMBIE                          Words and music by Dolores ORiordan,32255,1,Drum Kit _ 1
249.22299477083334,0.007352937500002099,42,75,ZOMBIE                          Words and music by Dolores ORiordan,32279,1,Drum Kit _ 1
249.39946527083333,0.007352937500002099,36,110,ZOMBIE                          Words and music by Dolores ORiordan,32303,1,Drum Kit _ 1
249.39946527083333,0.007352937500002099,42,61,ZOMBIE                          Words and music by Dolores ORiordan,32303,1,Drum Kit _ 1
249.57593577083333,0.007352937500002099,42,69,ZOMBIE                          Words and music by Dolores ORiordan,32327,1,Drum Kit _ 1
249.75240627083332,0.007352937500002099,42,105,ZOMBIE                          Words and music by Dolores ORiordan,32351,1,Drum Kit _ 1
249.9288767708333,0.007352937500002099,42,74,ZOMBIE                          Words and music by Dolores ORiordan,32375,1,Drum Kit _ 1
249.75240627083332,0.2941174999999987,36,96,ZOMBIE                          Words and music by Dolores ORiordan,32351,40,Electric Bass (finger) _ 1
250.10534727083333,0.007352937500002099,36,104,ZOMBIE                          Words and music by Dolores ORiordan,32399,1,Drum Kit _ 1
250.10534727083333,0.007352937500002099,42,68,ZOMBIE                          Words and music by Dolores ORiordan,32399,1,Drum Kit _ 1
250.28181777083333,0.007352937500002099,42,68,ZOMBIE                          Words and music by Dolores ORiordan,32423,1,Drum Kit _ 1
250.28181777083333,0.16911756249999144,36,102,ZOMBIE                          Words and music by Dolores ORiordan,32423,23,Electric Bass (finger) _ 1
250.45828827083332,0.007352937500002099,36,111,ZOMBIE                          Words and music by Dolores ORiordan,32447,1,Drum Kit _ 1
250.45828827083332,0.007352937500002099,42,103,ZOMBIE                          Words and music by Dolores ORiordan,32447,1,Drum Kit _ 1
250.63475877083332,0.007352937500002099,42,68,ZOMBIE                          Words and music by Dolores ORiordan,32471,1,Drum Kit _ 1
250.45828827083332,0.3455880625000134,38,96,ZOMBIE                          Words and music by Dolores ORiordan,32447,47,Electric Bass (finger) _ 1
250.81122927083334,0.007352937500002099,36,113,ZOMBIE                          Words and music by Dolores ORiordan,32495,1,Drum Kit _ 1
250.81122927083334,0.007352937500002099,42,64,ZOMBIE                          Words and music by Dolores ORiordan,32495,1,Drum Kit _ 1
250.98769977083333,0.007352937500002099,42,62,ZOMBIE                          Words and music by Dolores ORiordan,32519,1,Drum Kit _ 1
250.79652339583333,0.3014704375000008,64,103,ZOMBIE                          Words and music by Dolores ORiordan,32493,41,Electric Guitar (muted) _ 1
250.80387633333333,0.3235292499999787,55,96,ZOMBIE                          Words and music by Dolores ORiordan,32494,44,Clavinet _ 1
250.80387633333333,0.3235292499999787,67,104,ZOMBIE                          Words and music by Dolores ORiordan,32494,44,Electric Guitar (muted) _ 1
240.56744816666665,10.567310354166665,59,120,ZOMBIE                          Words and music by Dolores ORiordan,31104,1435,Distortion Guitar _ 1
250.81858220833334,0.3161763124999766,71,60,ZOMBIE                          Words and music by Dolores ORiordan,32496,43,Electric Guitar (clean) _ 1
250.82593514583334,0.3161763124999766,76,60,ZOMBIE                          Words and music by Dolores ORiordan,32497,43,Electric Guitar (clean) _ 1
251.16417027083332,0.007352937500002099,42,99,ZOMBIE                          Words and music by Dolores ORiordan,32543,1,Drum Kit _ 1
251.34064077083332,0.007352937500002099,42,80,ZOMBIE                          Words and music by Dolores ORiordan,32567,1,Drum Kit _ 1
240.5600076875,10.86151539583335,52,127,ZOMBIE                          Words and music by Dolores ORiordan,31103,1475,Distortion Guitar _ 1
251.13475852083332,0.3014704375000008,64,110,ZOMBIE                          Words and music by Dolores ORiordan,32539,41,Electric Guitar (muted) _ 1
240.5600076875,10.89092714583333,47,127,ZOMBIE                          Words and music by Dolores ORiordan,31103,1479,Distortion Guitar _ 1
251.14211145833332,0.316176312500005,55,113,ZOMBIE                          Words and music by Dolores ORiordan,32540,43,Clavinet _ 1
251.14211145833332,0.316176312500005,67,123,ZOMBIE                          Words and music by Dolores ORiordan,32540,43,Electric Guitar (muted) _ 1
251.14946439583332,0.3235292500000071,59,108,ZOMBIE                          Words and music by Dolores ORiordan,32541,44,Clavinet _ 1
251.14946439583332,0.3235292500000071,71,80,ZOMBIE                          Words and music by Dolores ORiordan,32541,44,Electric Guitar (clean) _ 1
251.15681733333332,0.3235292500000071,76,80,ZOMBIE                          Words and music by Dolores ORiordan,32542,44,Electric Guitar (clean) _ 1
251.15681733333332,0.3529410000000155,33,108,ZOMBIE                          Words and music by Dolores ORiordan,32542,48,Electric Bass (finger) _ 1
240.56744816666665,10.942310166666687,40,127,ZOMBIE                          Words and music by Dolores ORiordan,31104,1486,Distortion Guitar _ 1
251.51711127083334,0.007352937499973677,36,104,ZOMBIE                          Words and music by Dolores ORiordan,32591,1,Drum Kit _ 1
251.51711127083334,0.007352937499973677,46,88,ZOMBIE                          Words and music by Dolores ORiordan,32591,1,Drum Kit _ 1
251.69358177083333,0.007352937500002099,52,98,ZOMBIE                          Words and music by Dolores ORiordan,32615,1,Drum Kit _ 1
251.50240539583334,0.3014704375000008,67,120,ZOMBIE                          Words and music by Dolores ORiordan,32589,41,Electric Guitar (muted) _ 1
251.53181714583332,0.3308821875000092,76,121,ZOMBIE                          Words and music by Dolores ORiordan,32593,45,Electric Guitar (clean) _ 1
251.50975833333334,0.36029393749998917,71,100,ZOMBIE                          Words and music by Dolores ORiordan,32590,49,Electric Guitar (clean) _ 1
251.87005227083333,0.007352937500002099,36,114,ZOMBIE                          Words and music by Dolores ORiordan,32639,1,Drum Kit _ 1
251.87005227083333,0.007352937500002099,42,120,ZOMBIE                          Words and music by Dolores ORiordan,32639,1,Drum Kit _ 1
251.85534639583332,0.022058812500006297,64,102,ZOMBIE                          Words and music by Dolores ORiordan,32637,3,Electric Guitar (muted) _ 1
251.51711127083334,0.36764687499999127,31,107,ZOMBIE                          Words and music by Dolores ORiordan,32591,50,Electric Bass (finger) _ 1
252.04652277083332,0.007352937500002099,42,91,ZOMBIE                          Words and music by Dolores ORiordan,32663,1,Drum Kit _ 1
251.87740520833333,0.2720586874999924,28,117,ZOMBIE                          Words and music by Dolores ORiordan,32640,37,Electric Bass (finger) _ 1
252.2229932708333,0.007352937500002099,36,114,ZOMBIE                          Words and music by Dolores ORiordan,32687,1,Drum Kit _ 1
252.2229932708333,0.007352937500002099,42,65,ZOMBIE                          Words and music by Dolores ORiordan,32687,1,Drum Kit _ 1
252.39946377083334,0.007352937500002099,42,82,ZOMBIE                          Words and music by Dolores ORiordan,32711,1,Drum Kit _ 1
252.23769914583332,0.18382343749999563,28,109,ZOMBIE                          Words and music by Dolores ORiordan,32689,25,Electric Bass (finger) _ 1
252.57593427083333,0.007352937500002099,42,114,ZOMBIE                          Words and music by Dolores ORiordan,32735,1,Drum Kit _ 1
251.87740520833333,0.8382348749999835,71,121,ZOMBIE                          Words and music by Dolores ORiordan,32640,114,Electric Guitar (clean) _ 1
252.75240477083332,0.007352937500002099,42,71,ZOMBIE                          Words and music by Dolores ORiordan,32759,1,Drum Kit _ 1
252.59064014583333,0.19852931249999983,28,112,ZOMBIE                          Words and music by Dolores ORiordan,32737,27,Electric Bass (finger) _ 1
252.92152233333331,0.007352937500002099,54,64,ZOMBIE                          Words and music by Dolores ORiordan,32782,1,Drum Kit _ 1
252.92887527083332,0.007352937500002099,36,103,ZOMBIE                          Words and music by Dolores ORiordan,32783,1,Drum Kit _ 1
252.92887527083332,0.007352937500002099,42,56,ZOMBIE                          Words and music by Dolores ORiordan,32783,1,Drum Kit _ 1
253.1053457708333,0.007352937500002099,42,72,ZOMBIE                          Words and music by Dolores ORiordan,32807,1,Drum Kit _ 1
252.92887527083332,0.21323518750000403,28,98,ZOMBIE                          Words and music by Dolores ORiordan,32783,29,Electric Bass (finger) _ 1
251.88475814583333,1.3308816875000105,64,100,ZOMBIE                          Words and music by Dolores ORiordan,32641,181,Clavinet _ 1
253.2744633333333,0.007352937500002099,54,92,ZOMBIE                          Words and music by Dolores ORiordan,32830,1,Drum Kit _ 1
253.2818162708333,0.007352937500002099,36,114,ZOMBIE                          Words and music by Dolores ORiordan,32831,1,Drum Kit _ 1
253.2818162708333,0.007352937500002099,42,101,ZOMBIE                          Words and music by Dolores ORiordan,32831,1,Drum Kit _ 1
253.45828677083335,0.007352937499945256,42,68,ZOMBIE                          Words and music by Dolores ORiordan,32855,1,Drum Kit _ 1
253.2818162708333,0.23529400000001033,28,110,ZOMBIE                          Words and music by Dolores ORiordan,32831,32,Electric Bass (finger) _ 1
251.86269933333332,1.7647050000000206,55,100,ZOMBIE                          Words and music by Dolores ORiordan,32638,240,Clavinet _ 1
251.86269933333332,1.7647050000000206,67,108,ZOMBIE                          Words and music by Dolores ORiordan,32638,240,Electric Guitar (muted) _ 1
253.62740433333335,0.007352937500002099,54,107,ZOMBIE                          Words and music by Dolores ORiordan,32878,1,Drum Kit _ 1
253.63475727083335,0.007352937500002099,36,113,ZOMBIE                          Words and music by Dolores ORiordan,32879,1,Drum Kit _ 1
253.63475727083335,0.007352937500002099,42,53,ZOMBIE                          Words and music by Dolores ORiordan,32879,1,Drum Kit _ 1
251.87740520833333,1.7647050000000206,59,103,ZOMBIE                          Words and music by Dolores ORiordan,32640,240,Clavinet _ 1
251.88475814583333,1.7647050000000206,76,127,ZOMBIE                          Words and music by Dolores ORiordan,32641,240,Electric Guitar (clean) _ 1
253.81122777083334,0.007352937500002099,42,71,ZOMBIE                          Words and music by Dolores ORiordan,32903,1,Drum Kit _ 1
253.62005139583334,0.3161763124999766,64,93,ZOMBIE                          Words and music by Dolores ORiordan,32877,43,Electric Guitar (muted) _ 1
253.63475727083335,0.34558806249998497,28,106,ZOMBIE                          Words and music by Dolores ORiordan,32879,47,Electric Bass (finger) _ 1
253.63475727083335,0.34558806249998497,55,96,ZOMBIE                          Words and music by Dolores ORiordan,32879,47,Clavinet _ 1
253.63475727083335,0.34558806249998497,67,104,ZOMBIE                          Words and music by Dolores ORiordan,32879,47,Electric Guitar (muted) _ 1
253.64946314583335,0.3382351249999829,59,89,ZOMBIE                          Words and music by Dolores ORiordan,32881,46,Clavinet _ 1
253.64946314583335,0.3382351249999829,71,67,ZOMBIE                          Words and music by Dolores ORiordan,32881,46,Electric Guitar (clean) _ 1
253.98769827083333,0.007352937500002099,42,109,ZOMBIE                          Words and music by Dolores ORiordan,32927,1,Drum Kit _ 1
253.65681608333335,0.3382351249999829,76,67,ZOMBIE                          Words and music by Dolores ORiordan,32882,46,Electric Guitar (clean) _ 1
254.16416877083333,0.007352937500002099,42,62,ZOMBIE                          Words and music by Dolores ORiordan,32951,1,Drum Kit _ 1
253.98034533333333,0.3382351249999829,64,104,ZOMBIE                          Words and music by Dolores ORiordan,32926,46,Electric Guitar (muted) _ 1
253.98769827083333,0.34558806249998497,31,110,ZOMBIE                          Words and music by Dolores ORiordan,32927,47,Electric Bass (finger) _ 1
253.99505120833334,0.3382351249999829,71,85,ZOMBIE                          Words and music by Dolores ORiordan,32928,46,Electric Guitar (clean) _ 1
254.00240414583334,0.3382351249999829,76,85,ZOMBIE                          Words and music by Dolores ORiordan,32929,46,Electric Guitar (clean) _ 1
254.34063927083332,0.007352937500002099,36,104,ZOMBIE                          Words and music by Dolores ORiordan,32975,1,Drum Kit _ 1
254.34063927083332,0.007352937500002099,42,59,ZOMBIE                          Words and music by Dolores ORiordan,32975,1,Drum Kit _ 1
252.9068164583333,1.470587500000022,69,123,ZOMBIE                          Words and music by Dolores ORiordan,32780,200,Distortion Guitar _ 1
254.51710977083331,0.007352937500002099,42,66,ZOMBIE                          Words and music by Dolores ORiordan,32999,1,Drum Kit _ 1
254.34063927083332,0.3235292499999787,64,109,ZOMBIE                          Words and music by Dolores ORiordan,32975,44,Electric Guitar (muted) _ 1
254.34063927083332,0.3382351249999829,28,101,ZOMBIE                          Words and music by Dolores ORiordan,32975,46,Electric Bass (finger) _ 1
254.34799220833332,0.3382351249999829,71,102,ZOMBIE                          Words and music by Dolores ORiordan,32976,46,Electric Guitar (clean) _ 1
254.35534514583333,0.3382351249999829,76,102,ZOMBIE                          Words and music by Dolores ORiordan,32977,46,Electric Guitar (clean) _ 1
254.6862273333333,0.014705875000004198,36,109,ZOMBIE                          Words and music by Dolores ORiordan,33022,2,Electric Bass (finger) _ 1
254.6935802708333,0.007352937500002099,42,107,ZOMBIE                          Words and music by Dolores ORiordan,33023,1,Drum Kit _ 1
253.99505120833334,0.7132349374999762,59,93,ZOMBIE                          Words and music by Dolores ORiordan,32928,97,Clavinet _ 1
253.98769827083333,0.7205878749999783,55,109,ZOMBIE                          Words and music by Dolores ORiordan,32927,98,Clavinet _ 1
253.98769827083333,0.7205878749999783,67,117,ZOMBIE                          Words and music by Dolores ORiordan,32927,98,Electric Guitar (muted) _ 1
254.7009332083333,0.014705875000004198,64,113,ZOMBIE                          Words and music by Dolores ORiordan,33024,2,Electric Guitar (muted) _ 1
254.8700507708333,0.007352937500002099,42,73,ZOMBIE                          Words and music by Dolores ORiordan,33047,1,Drum Kit _ 1
255.04652127083335,0.007352937499945256,36,110,ZOMBIE                          Words and music by Dolores ORiordan,33071,1,Drum Kit _ 1
255.04652127083335,0.007352937499945256,42,65,ZOMBIE                          Words and music by Dolores ORiordan,33071,1,Drum Kit _ 1
255.22299177083335,0.007352937500002099,42,70,ZOMBIE                          Words and music by Dolores ORiordan,33095,1,Drum Kit _ 1
255.0538742083333,0.24999987500001453,36,103,ZOMBIE                          Words and music by Dolores ORiordan,33072,34,Electric Bass (finger) _ 1
255.39946227083334,0.007352937500002099,42,105,ZOMBIE                          Words and music by Dolores ORiordan,33119,1,Drum Kit _ 1
254.71563908333331,0.772058437499993,71,124,ZOMBIE                          Words and music by Dolores ORiordan,33026,105,Electric Guitar (clean) _ 1
255.57593277083333,0.007352937500002099,42,71,ZOMBIE                          Words and music by Dolores ORiordan,33143,1,Drum Kit _ 1
255.39946227083334,0.3088233749999745,36,107,ZOMBIE                          Words and music by Dolores ORiordan,33119,42,Electric Bass (finger) _ 1
255.75240327083333,0.007352937500002099,36,105,ZOMBIE                          Words and music by Dolores ORiordan,33167,1,Drum Kit _ 1
255.75240327083333,0.007352937500002099,42,60,ZOMBIE                          Words and music by Dolores ORiordan,33167,1,Drum Kit _ 1
255.76710914583333,0.13235287499998094,36,85,ZOMBIE                          Words and music by Dolores ORiordan,33169,18,Electric Bass (finger) _ 1
255.92887377083332,0.007352937500002099,42,68,ZOMBIE                          Words and music by Dolores ORiordan,33191,1,Drum Kit _ 1
255.93622670833332,0.17647049999999354,36,106,ZOMBIE                          Words and music by Dolores ORiordan,33192,24,Electric Bass (finger) _ 1
256.1053442708333,0.007352937500002099,42,103,ZOMBIE                          Words and music by Dolores ORiordan,33215,1,Drum Kit _ 1
256.2818147708333,0.007352937500002099,42,74,ZOMBIE                          Words and music by Dolores ORiordan,33239,1,Drum Kit _ 1
254.72299202083332,1.6691168125000218,64,96,ZOMBIE                          Words and music by Dolores ORiordan,33027,227,Clavinet _ 1
256.1200501458333,0.3014704375000292,38,101,ZOMBIE                          Words and music by Dolores ORiordan,33217,41,Electric Bass (finger) _ 1
255.73769739583332,0.6911761250000268,69,127,ZOMBIE                          Words and music by Dolores ORiordan,33165,94,Distortion Guitar _ 1
254.72299202083332,1.7352932499999838,76,127,ZOMBIE                          Words and music by Dolores ORiordan,33027,236,Electric Guitar (clean) _ 1
256.4582852708333,0.007352937500002099,36,111,ZOMBIE                          Words and music by Dolores ORiordan,33263,1,Drum Kit _ 1
256.4582852708333,0.007352937500002099,42,62,ZOMBIE                          Words and music by Dolores ORiordan,33263,1,Drum Kit _ 1
254.71563908333331,1.749999124999988,55,113,ZOMBIE                          Words and music by Dolores ORiordan,33026,238,Clavinet _ 1
254.71563908333331,1.749999124999988,67,123,ZOMBIE                          Words and music by Dolores ORiordan,33026,238,Electric Guitar (muted) _ 1
256.63475577083335,0.007352937500002099,42,61,ZOMBIE                          Words and music by Dolores ORiordan,33287,1,Drum Kit _ 1
256.45093233333336,0.3235292499999787,64,97,ZOMBIE                          Words and music by Dolores ORiordan,33262,44,Electric Guitar (muted) _ 1
256.45093233333336,0.3308821874999808,71,121,ZOMBIE                          Words and music by Dolores ORiordan,33262,45,Distortion Guitar _ 1
256.4729911458333,0.3308821875000376,55,91,ZOMBIE                          Words and music by Dolores ORiordan,33265,45,Clavinet _ 1
256.4729911458333,0.3308821875000376,67,99,ZOMBIE                          Words and music by Dolores ORiordan,33265,45,Electric Guitar (muted) _ 1
254.71563908333331,2.09558718750003,59,105,ZOMBIE                          Words and music by Dolores ORiordan,33026,285,Clavinet _ 1
256.81122627083334,0.007352937500002099,46,91,ZOMBIE                          Words and music by Dolores ORiordan,33311,1,Drum Kit _ 1
256.81122627083334,0.007352937500002099,71,122,ZOMBIE                          Words and music by Dolores ORiordan,33311,1,Distortion Guitar _ 1
256.4803440833333,0.3455880625000418,76,80,ZOMBIE                          Words and music by Dolores ORiordan,33266,47,Electric Guitar (clean) _ 1
256.80387333333334,0.3088233749999745,64,104,ZOMBIE                          Words and music by Dolores ORiordan,33310,42,Electric Guitar (muted) _ 1
256.82593214583335,0.3014704374999724,71,83,ZOMBIE                          Words and music by Dolores ORiordan,33313,41,Electric Guitar (clean) _ 1
256.81122627083334,0.3235292499999787,55,103,ZOMBIE                          Words and music by Dolores ORiordan,33311,44,Clavinet _ 1
256.82593214583335,0.3235292499999787,59,91,ZOMBIE                          Words and music by Dolores ORiordan,33313,44,Clavinet _ 1
256.81122627083334,0.34558806249998497,33,106,ZOMBIE                          Words and music by Dolores ORiordan,33311,47,Electric Bass (finger) _ 1
256.81122627083334,0.34558806249998497,67,111,ZOMBIE                          Words and music by Dolores ORiordan,33311,47,Electric Guitar (muted) _ 1
257.16416727083333,0.007352937500002099,36,101,ZOMBIE                          Words and music by Dolores ORiordan,33359,1,Drum Kit _ 1
257.16416727083333,0.007352937500002099,46,86,ZOMBIE                          Words and music by Dolores ORiordan,33359,1,Drum Kit _ 1
257.15681433333333,0.014705875000004198,71,117,ZOMBIE                          Words and music by Dolores ORiordan,33358,2,Distortion Guitar _ 1
256.83328508333335,0.34558806249998497,76,83,ZOMBIE                          Words and music by Dolores ORiordan,33314,47,Electric Guitar (clean) _ 1
257.16416727083333,0.24999987500001453,31,111,ZOMBIE                          Words and music by Dolores ORiordan,33359,34,Electric Bass (finger) _ 1
257.17887314583334,0.2573528125000166,71,88,ZOMBIE                          Words and music by Dolores ORiordan,33361,35,Electric Guitar (clean) _ 1
257.15681433333333,0.34550256249997346,64,109,ZOMBIE                          Words and music by Dolores ORiordan,33358,47,Electric Guitar (muted) _ 1
257.5168517708333,0.007267437500047436,36,111,ZOMBIE                          Words and music by Dolores ORiordan,33407,1,Drum Kit _ 1
257.5168517708333,0.007267437500047436,42,97,ZOMBIE                          Words and music by Dolores ORiordan,33407,1,Drum Kit _ 1
257.5168517708333,0.007267437500047436,71,126,ZOMBIE                          Words and music by Dolores ORiordan,33407,1,Distortion Guitar _ 1
257.16416727083333,0.3672193749999906,67,117,ZOMBIE                          Words and music by Dolores ORiordan,33359,50,Electric Guitar (muted) _ 1
257.18622608333334,0.3451605624999843,76,88,ZOMBIE                          Words and music by Dolores ORiordan,33362,47,Electric Guitar (clean) _ 1
257.5313866458333,0.007267437499990592,64,116,ZOMBIE                          Words and music by Dolores ORiordan,33409,1,Electric Guitar (muted) _ 1
257.6912702708333,0.007267437500047436,42,72,ZOMBIE                          Words and music by Dolores ORiordan,33431,1,Drum Kit _ 1
257.52411920833333,0.26889518749999297,28,117,ZOMBIE                          Words and music by Dolores ORiordan,33408,37,Electric Bass (finger) _ 1
257.8656887708333,0.007267437500047436,36,112,ZOMBIE                          Words and music by Dolores ORiordan,33455,1,Drum Kit _ 1
257.8656887708333,0.007267437500047436,42,49,ZOMBIE                          Words and music by Dolores ORiordan,33455,1,Drum Kit _ 1
258.0401072708333,0.007267437500047436,42,61,ZOMBIE                          Words and music by Dolores ORiordan,33479,1,Drum Kit _ 1
257.8802236458333,0.18168593749999218,28,109,ZOMBIE                          Words and music by Dolores ORiordan,33457,25,Electric Bass (finger) _ 1
258.2145257708333,0.007267437500047436,42,105,ZOMBIE                          Words and music by Dolores ORiordan,33503,1,Drum Kit _ 1
257.5313866458333,0.7412786250000067,71,120,ZOMBIE                          Words and music by Dolores ORiordan,33409,102,Electric Guitar (clean) _ 1
258.3889442708333,0.007267437500047436,42,73,ZOMBIE                          Words and music by Dolores ORiordan,33527,1,Drum Kit _ 1
258.22906064583333,0.19622081249997336,28,112,ZOMBIE                          Words and music by Dolores ORiordan,33505,27,Electric Bass (finger) _ 1
258.5560953333333,0.007267437499990592,54,64,ZOMBIE                          Words and music by Dolores ORiordan,33550,1,Drum Kit _ 1
258.5633627708333,0.007267437499990592,36,102,ZOMBIE                          Words and music by Dolores ORiordan,33551,1,Drum Kit _ 1
258.5633627708333,0.007267437499990592,42,61,ZOMBIE                          Words and music by Dolores ORiordan,33551,1,Drum Kit _ 1
258.7377812708333,0.007267437499990592,42,68,ZOMBIE                          Words and music by Dolores ORiordan,33575,1,Drum Kit _ 1
258.5633627708333,0.2107556875000114,28,98,ZOMBIE                          Words and music by Dolores ORiordan,33551,29,Electric Bass (finger) _ 1
258.9049323333333,0.007267437499990592,54,92,ZOMBIE                          Words and music by Dolores ORiordan,33598,1,Drum Kit _ 1
258.9121997708333,0.007267437499990592,36,113,ZOMBIE                          Words and music by Dolores ORiordan,33599,1,Drum Kit _ 1
258.9121997708333,0.007267437499990592,42,101,ZOMBIE                          Words and music by Dolores ORiordan,33599,1,Drum Kit _ 1
259.0866182708333,0.007267437499990592,42,68,ZOMBIE                          Words and music by Dolores ORiordan,33623,1,Drum Kit _ 1
258.9121997708333,0.23255800000004,28,110,ZOMBIE                          Words and music by Dolores ORiordan,33599,32,Electric Bass (finger) _ 1
257.5459215208333,1.6351734374999864,64,91,ZOMBIE                          Words and music by Dolores ORiordan,33411,225,Clavinet _ 1
258.5488278958333,0.654069375000006,69,123,ZOMBIE                          Words and music by Dolores ORiordan,33549,90,Distortion Guitar _ 1
257.5386540833333,1.6787780624999868,55,113,ZOMBIE                          Words and music by Dolores ORiordan,33410,231,Clavinet _ 1
257.5386540833333,1.6787780624999868,67,122,ZOMBIE                          Words and music by Dolores ORiordan,33410,231,Electric Guitar (muted) _ 1
257.5386540833333,1.6787780624999868,76,127,ZOMBIE                          Words and music by Dolores ORiordan,33410,231,Electric Guitar (clean) _ 1
259.2537693333333,0.007267437499990592,54,107,ZOMBIE                          Words and music by Dolores ORiordan,33646,1,Drum Kit _ 1
259.2610367708333,0.007267437499990592,36,110,ZOMBIE                          Words and music by Dolores ORiordan,33647,1,Drum Kit _ 1
259.2610367708333,0.007267437499990592,42,68,ZOMBIE                          Words and music by Dolores ORiordan,33647,1,Drum Kit _ 1
259.4354552708333,0.007267437499990592,42,68,ZOMBIE                          Words and music by Dolores ORiordan,33671,1,Drum Kit _ 1
259.2392344583333,0.32703468749997455,64,104,ZOMBIE                          Words and music by Dolores ORiordan,33644,45,Electric Guitar (muted) _ 1
259.2392344583333,0.32703468749997455,71,66,ZOMBIE                          Words and music by Dolores ORiordan,33644,45,Electric Guitar (clean) _ 1
259.2465018958333,0.3488370000000032,55,98,ZOMBIE                          Words and music by Dolores ORiordan,33645,48,Clavinet _ 1
257.17887314583334,2.416465749999986,59,102,ZOMBIE                          Words and music by Dolores ORiordan,33361,332,Clavinet _ 1
259.2465018958333,0.3488370000000032,67,106,ZOMBIE                          Words and music by Dolores ORiordan,33645,48,Electric Guitar (muted) _ 1
259.2465018958333,0.3488370000000032,76,66,ZOMBIE                          Words and music by Dolores ORiordan,33645,48,Electric Guitar (clean) _ 1
259.2610367708333,0.3415695625000126,28,106,ZOMBIE                          Words and music by Dolores ORiordan,33647,47,Electric Bass (finger) _ 1
259.6098737708333,0.007267437499990592,42,101,ZOMBIE                          Words and music by Dolores ORiordan,33695,1,Drum Kit _ 1
259.7842922708333,0.007267437499990592,42,76,ZOMBIE                          Words and music by Dolores ORiordan,33719,1,Drum Kit _ 1
259.6026063333333,0.2906975000000216,55,110,ZOMBIE                          Words and music by Dolores ORiordan,33694,40,Clavinet _ 1
259.58807145833333,0.31976724999998396,71,121,ZOMBIE                          Words and music by Dolores ORiordan,33692,44,Distortion Guitar _ 1
259.6098737708333,0.31249981249999337,59,94,ZOMBIE                          Words and music by Dolores ORiordan,33695,43,Clavinet _ 1
259.5953388958333,0.32703468749997455,64,111,ZOMBIE                          Words and music by Dolores ORiordan,33693,45,Electric Guitar (muted) _ 1
259.6026063333333,0.3415695625000126,67,118,ZOMBIE                          Words and music by Dolores ORiordan,33694,47,Electric Guitar (muted) _ 1
259.6098737708333,0.3415695625000126,31,110,ZOMBIE                          Words and music by Dolores ORiordan,33695,47,Electric Bass (finger) _ 1
259.93690845833333,0.014534874999981184,71,114,ZOMBIE                          Words and music by Dolores ORiordan,33740,2,Distortion Guitar _ 1
259.6171412083333,0.3415695625000126,76,77,ZOMBIE                          Words and music by Dolores ORiordan,33696,47,Electric Guitar (clean) _ 1
259.9587107708333,0.007267437499990592,36,104,ZOMBIE                          Words and music by Dolores ORiordan,33743,1,Drum Kit _ 1
259.9587107708333,0.007267437499990592,42,61,ZOMBIE                          Words and music by Dolores ORiordan,33743,1,Drum Kit _ 1
260.1331292708333,0.007267437499990592,42,66,ZOMBIE                          Words and music by Dolores ORiordan,33767,1,Drum Kit _ 1
259.9587107708333,0.2543603125000118,71,91,ZOMBIE                          Words and music by Dolores ORiordan,33743,35,Electric Guitar (clean) _ 1
259.9441758958333,0.3415695625000126,64,107,ZOMBIE                          Words and music by Dolores ORiordan,33741,47,Electric Guitar (muted) _ 1
259.9587107708333,0.334302125000022,28,101,ZOMBIE                          Words and music by Dolores ORiordan,33743,46,Electric Bass (finger) _ 1
259.9587107708333,0.3415695625000126,59,95,ZOMBIE                          Words and music by Dolores ORiordan,33743,47,Clavinet _ 1
259.9514433333333,0.3488370000000032,67,120,ZOMBIE                          Words and music by Dolores ORiordan,33742,48,Electric Guitar (muted) _ 1
260.29301289583333,0.007267437499990592,71,127,ZOMBIE                          Words and music by Dolores ORiordan,33789,1,Distortion Guitar _ 1
259.9659782083333,0.3415695625000126,76,91,ZOMBIE                          Words and music by Dolores ORiordan,33744,47,Electric Guitar (clean) _ 1
260.3002803333333,0.014534874999981184,36,109,ZOMBIE                          Words and music by Dolores ORiordan,33790,2,Electric Bass (finger) _ 1
260.3075477708333,0.007267437499990592,42,105,ZOMBIE                          Words and music by Dolores ORiordan,33791,1,Drum Kit _ 1
260.4819662708333,0.007267437499990592,42,75,ZOMBIE                          Words and music by Dolores ORiordan,33815,1,Drum Kit _ 1
260.6563847708333,0.007267437499990592,36,110,ZOMBIE                          Words and music by Dolores ORiordan,33839,1,Drum Kit _ 1
260.6563847708333,0.007267437499990592,42,61,ZOMBIE                          Words and music by Dolores ORiordan,33839,1,Drum Kit _ 1
260.8308032708333,0.007267437499990592,42,69,ZOMBIE                          Words and music by Dolores ORiordan,33863,1,Drum Kit _ 1
260.6636522083333,0.2470928750000212,36,103,ZOMBIE                          Words and music by Dolores ORiordan,33840,34,Electric Bass (finger) _ 1
261.0052217708333,0.007267437499990592,42,105,ZOMBIE                          Words and music by Dolores ORiordan,33887,1,Drum Kit _ 1
260.3075477708333,0.7267437500000256,71,127,ZOMBIE                          Words and music by Dolores ORiordan,33791,100,Electric Guitar (clean) _ 1
261.1796402708333,0.007267437499990592,42,74,ZOMBIE                          Words and music by Dolores ORiordan,33911,1,Drum Kit _ 1
260.3002803333333,0.9956389375000185,64,111,ZOMBIE                          Words and music by Dolores ORiordan,33790,137,Electric Guitar (muted) _ 1
261.0052217708333,0.31249981249999337,36,107,ZOMBIE                          Words and music by Dolores ORiordan,33887,43,Electric Bass (finger) _ 1
260.3075477708333,1.0101738124999997,55,113,ZOMBIE                          Words and music by Dolores ORiordan,33791,139,Clavinet _ 1
260.3075477708333,1.0101738124999997,67,123,ZOMBIE                          Words and music by Dolores ORiordan,33791,139,Electric Guitar (muted) _ 1
261.3540587708333,0.007267437499990592,36,104,ZOMBIE                          Words and music by Dolores ORiordan,33935,1,Drum Kit _ 1
261.3540587708333,0.007267437499990592,42,68,ZOMBIE                          Words and music by Dolores ORiordan,33935,1,Drum Kit _ 1
261.3685936458333,0.10901156250002941,36,85,ZOMBIE                          Words and music by Dolores ORiordan,33937,15,Electric Bass (finger) _ 1
261.5284772708333,0.007267437499990592,42,68,ZOMBIE                          Words and music by Dolores ORiordan,33959,1,Drum Kit _ 1
261.3249890208333,0.3488370000000032,64,89,ZOMBIE                          Words and music by Dolores ORiordan,33931,48,Electric Guitar (muted) _ 1
261.3540587708333,0.32703468749997455,55,81,ZOMBIE                          Words and music by Dolores ORiordan,33935,45,Clavinet _ 1
261.3540587708333,0.32703468749997455,67,89,ZOMBIE                          Words and music by Dolores ORiordan,33935,45,Electric Guitar (muted) _ 1
260.3075477708333,1.388080562500022,59,110,ZOMBIE                          Words and music by Dolores ORiordan,33791,191,Clavinet _ 1
260.3148152083333,1.388080562500022,76,127,ZOMBIE                          Words and music by Dolores ORiordan,33792,191,Electric Guitar (clean) _ 1
261.7028957708333,0.007267437499990592,42,103,ZOMBIE                          Words and music by Dolores ORiordan,33983,1,Drum Kit _ 1
261.5357447083333,0.1744185000000016,36,106,ZOMBIE                          Words and music by Dolores ORiordan,33960,24,Electric Bass (finger) _ 1
261.8773142708333,0.007267437499990592,42,68,ZOMBIE                          Words and music by Dolores ORiordan,34007,1,Drum Kit _ 1
261.7028957708333,0.23982543749997376,40,127,ZOMBIE                          Words and music by Dolores ORiordan,33983,33,Drum Kit _ 1
261.33952389583334,0.6686042499999871,69,120,ZOMBIE                          Words and music by Dolores ORiordan,33933,92,Distortion Guitar _ 1
261.7174306458333,0.2979649375000122,38,101,ZOMBIE                          Words and music by Dolores ORiordan,33985,41,Electric Bass (finger) _ 1
261.68836089583334,0.32703468749997455,64,110,ZOMBIE                          Words and music by Dolores ORiordan,33981,45,Electric Guitar (muted) _ 1
261.7028957708333,0.31976724999998396,59,80,ZOMBIE                          Words and music by Dolores ORiordan,33983,44,Clavinet _ 1
261.69562833333333,0.32703468749997455,55,100,ZOMBIE                          Words and music by Dolores ORiordan,33982,45,Clavinet _ 1
261.69562833333333,0.32703468749997455,67,108,ZOMBIE                          Words and music by Dolores ORiordan,33982,45,Electric Guitar (muted) _ 1
261.7028957708333,0.31976724999998396,71,87,ZOMBIE                          Words and music by Dolores ORiordan,33983,44,Electric Guitar (clean) _ 1
261.7101632083333,0.31976724999998396,76,87,ZOMBIE                          Words and music by Dolores ORiordan,33984,44,Electric Guitar (clean) _ 1
262.0517327708333,0.007267437499990592,42,64,ZOMBIE                          Words and music by Dolores ORiordan,34031,1,Drum Kit _ 1
262.2261512708333,0.007267437499990592,42,62,ZOMBIE                          Words and music by Dolores ORiordan,34055,1,Drum Kit _ 1
262.0517327708333,0.2107556875000114,40,127,ZOMBIE                          Words and music by Dolores ORiordan,34031,29,Drum Kit _ 1
262.0299304583333,0.3052323750000028,66,127,ZOMBIE                          Words and music by Dolores ORiordan,34028,42,Distortion Guitar _ 1
262.04446533333333,0.3052323750000028,71,115,ZOMBIE                          Words and music by Dolores ORiordan,34030,42,Electric Guitar (clean) _ 1
262.0299304583333,0.3488370000000032,64,123,ZOMBIE                          Words and music by Dolores ORiordan,34028,48,Electric Guitar (muted) _ 1
262.04446533333333,0.34156956249995574,59,99,ZOMBIE                          Words and music by Dolores ORiordan,34030,47,Clavinet _ 1
262.0371978958333,0.3488370000000032,55,112,ZOMBIE                          Words and music by Dolores ORiordan,34029,48,Clavinet _ 1
262.0371978958333,0.3488370000000032,67,120,ZOMBIE                          Words and music by Dolores ORiordan,34029,48,Electric Guitar (muted) _ 1
262.3787674583333,0.007267437499990592,71,125,ZOMBIE                          Words and music by Dolores ORiordan,34076,1,Distortion Guitar _ 1
262.0517327708333,0.3415695625000126,36,104,ZOMBIE                          Words and music by Dolores ORiordan,34031,47,Electric Bass (finger) _ 1
262.0517327708333,0.3415695625000126,76,115,ZOMBIE                          Words and music by Dolores ORiordan,34031,47,Electric Guitar (clean) _ 1
262.40056977083333,0.007267437499990592,36,113,ZOMBIE                          Words and music by Dolores ORiordan,34079,1,Drum Kit _ 1
262.40056977083333,0.007267437499990592,46,99,ZOMBIE                          Words and music by Dolores ORiordan,34079,1,Drum Kit _ 1
262.40056977083333,0.0799418125000102,40,111,ZOMBIE                          Words and music by Dolores ORiordan,34079,11,Drum Kit _ 1
262.57498827083333,0.08928574999998773,40,127,ZOMBIE                          Words and music by Dolores ORiordan,34103,12,Drum Kit _ 1
262.3642325833333,0.3000414374999991,66,127,ZOMBIE                          Words and music by Dolores ORiordan,34074,41,Distortion Guitar _ 1
262.39330233333334,0.2858526458333017,71,127,ZOMBIE                          Words and music by Dolores ORiordan,34078,39,Electric Guitar (clean) _ 1
262.39330233333334,0.30817408333331286,64,119,ZOMBIE                          Words and music by Dolores ORiordan,34078,42,Electric Guitar (muted) _ 1
262.39330233333334,0.33793600000001334,55,113,ZOMBIE                          Words and music by Dolores ORiordan,34078,46,Clavinet _ 1
262.39330233333334,0.33793600000001334,67,125,ZOMBIE                          Words and music by Dolores ORiordan,34078,46,Electric Guitar (muted) _ 1
262.39330233333334,0.3453764791666458,59,111,ZOMBIE                          Words and music by Dolores ORiordan,34078,47,Clavinet _ 1
262.72379785416666,0.014880958333321814,71,112,ZOMBIE                          Words and music by Dolores ORiordan,34123,2,Distortion Guitar _ 1
262.40056977083333,0.34554952083334456,33,106,ZOMBIE                          Words and music by Dolores ORiordan,34079,47,Electric Bass (finger) _ 1
262.40056977083333,0.34554952083334456,76,127,ZOMBIE                          Words and music by Dolores ORiordan,34079,47,Electric Guitar (clean) _ 1
262.7535597708333,0.08184527083335524,40,127,ZOMBIE                          Words and music by Dolores ORiordan,34127,11,Drum Kit _ 1
262.70891689583334,0.2008929374999866,66,121,ZOMBIE                          Words and music by Dolores ORiordan,34121,27,Distortion Guitar _ 1
262.7461192916667,0.17857149999997546,71,127,ZOMBIE                          Words and music by Dolores ORiordan,34126,24,Electric Guitar (clean) _ 1
262.7535597708333,0.2529762916666982,31,111,ZOMBIE                          Words and music by Dolores ORiordan,34127,34,Electric Bass (finger) _ 1
262.93213127083334,0.10416670833330954,40,127,ZOMBIE                          Words and music by Dolores ORiordan,34151,14,Drum Kit _ 1
262.7461192916667,0.3348215624999966,64,119,ZOMBIE                          Words and music by Dolores ORiordan,34126,45,Electric Guitar (muted) _ 1
262.7386788125,0.34970252083331843,55,113,ZOMBIE                          Words and music by Dolores ORiordan,34125,47,Clavinet _ 1
262.7461192916667,0.34970252083331843,59,112,ZOMBIE                          Words and music by Dolores ORiordan,34126,47,Clavinet _ 1
262.7386788125,0.35714300000000776,67,125,ZOMBIE                          Words and music by Dolores ORiordan,34125,48,Electric Guitar (muted) _ 1
262.7535597708333,0.3497025208333753,76,127,ZOMBIE                          Words and music by Dolores ORiordan,34127,47,Electric Guitar (clean) _ 1
263.1107027708333,0.007440479166689329,36,114,ZOMBIE                          Words and music by Dolores ORiordan,34175,1,Drum Kit _ 1
263.11814325,0.007440479166632485,49,76,ZOMBIE                          Words and music by Dolores ORiordan,34176,1,Drum Kit _ 1
263.11814325,0.2455358125000089,28,109,ZOMBIE                          Words and music by Dolores ORiordan,34176,33,Electric Bass (finger) _ 1
263.11814325,0.34226204166668595,47,127,ZOMBIE                          Words and music by Dolores ORiordan,34176,46,Distortion Guitar _ 1
263.11814325,0.34970252083331843,52,127,ZOMBIE                          Words and music by Dolores ORiordan,34176,47,Distortion Guitar _ 1
263.4678457708333,0.007440479166689329,36,107,ZOMBIE                          Words and music by Dolores ORiordan,34223,1,Drum Kit _ 1
263.4678457708333,0.007440479166689329,46,69,ZOMBIE                          Words and music by Dolores ORiordan,34223,1,Drum Kit _ 1
263.4678457708333,0.014880958333321814,47,127,ZOMBIE                          Words and music by Dolores ORiordan,34223,2,Distortion Guitar _ 1
263.47528625,0.007440479166632485,52,119,ZOMBIE                          Words and music by Dolores ORiordan,34224,1,Distortion Guitar _ 1
263.4678457708333,0.21577389583336526,28,99,ZOMBIE                          Words and music by Dolores ORiordan,34223,29,Electric Bass (finger) _ 1
263.49016720833333,0.3273810833333073,52,112,ZOMBIE                          Words and music by Dolores ORiordan,34226,44,Distortion Guitar _ 1
263.49016720833333,0.3273810833333073,47,127,ZOMBIE                          Words and music by Dolores ORiordan,34226,44,Distortion Guitar _ 1
263.82498877083333,0.007440479166689329,36,114,ZOMBIE                          Words and music by Dolores ORiordan,34271,1,Drum Kit _ 1
263.11814325,0.7142860000000155,40,127,ZOMBIE                          Words and music by Dolores ORiordan,34176,96,Distortion Guitar _ 1
263.82498877083333,0.007440479166689329,46,107,ZOMBIE                          Words and music by Dolores ORiordan,34271,1,Drum Kit _ 1
263.82498877083333,0.007440479166689329,52,117,ZOMBIE                          Words and music by Dolores ORiordan,34271,1,Distortion Guitar _ 1
263.08094085416667,0.8110122291666357,66,127,ZOMBIE                          Words and music by Dolores ORiordan,34171,109,Distortion Guitar _ 1
263.0958218125,0.8110122291666926,71,127,ZOMBIE                          Words and music by Dolores ORiordan,34173,109,Distortion Guitar _ 1
263.83986972916665,0.20833341666667593,28,110,ZOMBIE                          Words and music by Dolores ORiordan,34273,28,Electric Bass (finger) _ 1
264.18213177083334,0.007440479166632485,36,106,ZOMBIE                          Words and music by Dolores ORiordan,34319,1,Drum Kit _ 1
264.18213177083334,0.007440479166632485,46,67,ZOMBIE                          Words and music by Dolores ORiordan,34319,1,Drum Kit _ 1
263.83986972916665,0.34970252083331843,52,127,ZOMBIE                          Words and music by Dolores ORiordan,34273,47,Distortion Guitar _ 1
264.18213177083334,0.19345245833335412,28,91,ZOMBIE                          Words and music by Dolores ORiordan,34319,26,Electric Bass (finger) _ 1
264.19701272916666,0.34226204166668595,52,119,ZOMBIE                          Words and music by Dolores ORiordan,34321,46,Distortion Guitar _ 1
263.83242925,0.7068455208333262,47,127,ZOMBIE                          Words and music by Dolores ORiordan,34272,95,Distortion Guitar _ 1
264.53927477083334,0.007440479166632485,36,114,ZOMBIE                          Words and music by Dolores ORiordan,34367,1,Drum Kit _ 1
264.53927477083334,0.007440479166632485,46,71,ZOMBIE                          Words and music by Dolores ORiordan,34367,1,Drum Kit _ 1
264.53927477083334,0.22321437499999774,28,112,ZOMBIE                          Words and music by Dolores ORiordan,34367,30,Electric Bass (finger) _ 1
264.144929375,0.721726479166648,64,127,ZOMBIE                          Words and music by Dolores ORiordan,34314,97,Distortion Guitar _ 1
264.1598103333333,0.721726479166648,69,127,ZOMBIE                          Words and music by Dolores ORiordan,34316,97,Distortion Guitar _ 1
264.54671525,0.34226204166668595,47,127,ZOMBIE                          Words and music by Dolores ORiordan,34368,46,Distortion Guitar _ 1
264.54671525,0.3497025208333753,52,125,ZOMBIE                          Words and music by Dolores ORiordan,34368,47,Distortion Guitar _ 1
264.89641777083335,0.007440479166632485,36,106,ZOMBIE                          Words and music by Dolores ORiordan,34415,1,Drum Kit _ 1
264.89641777083335,0.007440479166632485,46,66,ZOMBIE                          Words and music by Dolores ORiordan,34415,1,Drum Kit _ 1
264.89641777083335,0.34970252083331843,28,107,ZOMBIE                          Words and music by Dolores ORiordan,34415,47,Electric Bass (finger) _ 1
264.89641777083335,0.3571429999999509,47,127,ZOMBIE                          Words and music by Dolores ORiordan,34415,48,Distortion Guitar _ 1
263.83986972916665,1.4211315208333417,40,127,ZOMBIE                          Words and music by Dolores ORiordan,34273,191,Distortion Guitar _ 1
265.2535607708333,0.007440479166689329,36,115,ZOMBIE                          Words and music by Dolores ORiordan,34463,1,Drum Kit _ 1
265.2535607708333,0.007440479166689329,46,114,ZOMBIE                          Words and music by Dolores ORiordan,34463,1,Drum Kit _ 1
264.90385825,0.35714300000000776,52,118,ZOMBIE                          Words and music by Dolores ORiordan,34416,48,Distortion Guitar _ 1
264.86665585416665,0.5654764166666837,66,127,ZOMBIE                          Words and music by Dolores ORiordan,34411,76,Distortion Guitar _ 1
264.8815368125,0.5654764166666837,71,122,ZOMBIE                          Words and music by Dolores ORiordan,34413,76,Distortion Guitar _ 1
265.2684417291667,0.3273810833333073,43,127,ZOMBIE                          Words and music by Dolores ORiordan,34465,44,Distortion Guitar _ 1
265.2535607708333,0.3497025208333753,31,103,ZOMBIE                          Words and music by Dolores ORiordan,34463,47,Electric Bass (finger) _ 1
265.26100125,0.34226204166668595,47,127,ZOMBIE                          Words and music by Dolores ORiordan,34464,46,Distortion Guitar _ 1
265.2684417291667,0.3422620416666291,52,74,ZOMBIE                          Words and music by Dolores ORiordan,34465,46,Distortion Guitar _ 1
265.6107037708333,0.007440479166689329,36,106,ZOMBIE                          Words and music by Dolores ORiordan,34511,1,Drum Kit _ 1
265.6107037708333,0.007440479166689329,46,69,ZOMBIE                          Words and music by Dolores ORiordan,34511,1,Drum Kit _ 1
265.6107037708333,0.007440479166689329,47,127,ZOMBIE                          Words and music by Dolores ORiordan,34511,1,Distortion Guitar _ 1
265.6255847291667,0.2529762916666414,47,127,ZOMBIE                          Words and music by Dolores ORiordan,34513,34,Distortion Guitar _ 1
265.61814425,0.26785725000002003,52,127,ZOMBIE                          Words and music by Dolores ORiordan,34512,36,Distortion Guitar _ 1
265.43957275,0.48363114583332845,66,127,ZOMBIE                          Words and music by Dolores ORiordan,34488,65,Distortion Guitar _ 1
265.45445370833335,0.48363114583332845,71,123,ZOMBIE                          Words and music by Dolores ORiordan,34490,65,Distortion Guitar _ 1
265.6107037708333,0.3497025208333753,28,96,ZOMBIE                          Words and music by Dolores ORiordan,34511,47,Electric Bass (finger) _ 1
265.61814425,0.34226204166668595,40,127,ZOMBIE                          Words and music by Dolores ORiordan,34512,46,Distortion Guitar _ 1
265.9678467708333,0.007440479166689329,36,114,ZOMBIE                          Words and music by Dolores ORiordan,34559,1,Drum Kit _ 1
265.9678467708333,0.007440479166689329,46,68,ZOMBIE                          Words and music by Dolores ORiordan,34559,1,Drum Kit _ 1
266.3249897708333,0.007440479166689329,36,105,ZOMBIE                          Words and music by Dolores ORiordan,34607,1,Drum Kit _ 1
266.3249897708333,0.007440479166689329,46,68,ZOMBIE                          Words and music by Dolores ORiordan,34607,1,Drum Kit _ 1
265.98272772916664,0.3497025208333753,48,127,ZOMBIE                          Words and music by Dolores ORiordan,34561,47,Distortion Guitar _ 1
265.98272772916664,0.3497025208333753,52,127,ZOMBIE                          Words and music by Dolores ORiordan,34561,47,Distortion Guitar _ 1
265.9455253333333,0.706845520833383,66,127,ZOMBIE                          Words and music by Dolores ORiordan,34556,95,Distortion Guitar _ 1
265.9604062916667,0.7068455208333262,71,127,ZOMBIE                          Words and music by Dolores ORiordan,34558,95,Distortion Guitar _ 1
266.33987072916665,0.3348215624999966,48,127,ZOMBIE                          Words and music by Dolores ORiordan,34609,45,Distortion Guitar _ 1
266.33987072916665,0.34226204166668595,52,127,ZOMBIE                          Words and music by Dolores ORiordan,34609,46,Distortion Guitar _ 1
266.68213277083333,0.007440479166689329,40,123,ZOMBIE                          Words and music by Dolores ORiordan,34655,1,Drum Kit _ 1
266.68213277083333,0.007440479166689329,36,113,ZOMBIE                          Words and music by Dolores ORiordan,34655,1,Drum Kit _ 1
266.68213277083333,0.007440479166689329,46,116,ZOMBIE                          Words and music by Dolores ORiordan,34655,1,Drum Kit _ 1
263.12558372916664,3.5639895208333883,55,112,ZOMBIE                          Words and music by Dolores ORiordan,34177,479,Distortion Guitar _ 1
266.68957325,0.3422620416666291,52,127,ZOMBIE                          Words and music by Dolores ORiordan,34656,46,Distortion Guitar _ 1
266.68213277083333,0.34970252083331843,48,127,ZOMBIE                          Words and music by Dolores ORiordan,34655,47,Distortion Guitar _ 1
266.69701372916666,0.34226204166668595,55,118,ZOMBIE                          Words and music by Dolores ORiordan,34657,46,Distortion Guitar _ 1
267.03927577083334,0.007440479166632485,36,106,ZOMBIE                          Words and music by Dolores ORiordan,34703,1,Drum Kit _ 1
267.03927577083334,0.007440479166632485,46,76,ZOMBIE                          Words and music by Dolores ORiordan,34703,1,Drum Kit _ 1
267.03927577083334,0.014880958333321814,52,127,ZOMBIE                          Words and music by Dolores ORiordan,34703,2,Distortion Guitar _ 1
267.04671625,0.014880958333378658,55,127,ZOMBIE                          Words and music by Dolores ORiordan,34704,2,Distortion Guitar _ 1
267.03927577083334,0.34970252083331843,48,127,ZOMBIE                          Words and music by Dolores ORiordan,34703,47,Distortion Guitar _ 1
267.06159720833335,0.3273810833333073,52,127,ZOMBIE                          Words and music by Dolores ORiordan,34706,44,Distortion Guitar _ 1
267.0690376875,0.32738108333336413,55,124,ZOMBIE                          Words and music by Dolores ORiordan,34707,44,Distortion Guitar _ 1
267.39641877083335,0.007440479166632485,36,113,ZOMBIE                          Words and music by Dolores ORiordan,34751,1,Drum Kit _ 1
267.39641877083335,0.007440479166632485,46,69,ZOMBIE                          Words and music by Dolores ORiordan,34751,1,Drum Kit _ 1
267.39641877083335,0.34970252083331843,52,127,ZOMBIE                          Words and music by Dolores ORiordan,34751,47,Distortion Guitar _ 1
267.39641877083335,0.34970252083331843,48,127,ZOMBIE                          Words and music by Dolores ORiordan,34751,47,Distortion Guitar _ 1
267.75356177083336,0.007440479166632485,36,105,ZOMBIE                          Words and music by Dolores ORiordan,34799,1,Drum Kit _ 1
267.75356177083336,0.007440479166632485,46,73,ZOMBIE                          Words and music by Dolores ORiordan,34799,1,Drum Kit _ 1
267.40385925,0.35714300000000776,55,127,ZOMBIE                          Words and music by Dolores ORiordan,34752,48,Distortion Guitar _ 1
266.9946328958333,0.7738098333333596,64,127,ZOMBIE                          Words and music by Dolores ORiordan,34697,104,Distortion Guitar _ 1
267.00951385416664,0.7738098333333596,69,127,ZOMBIE                          Words and music by Dolores ORiordan,34699,104,Distortion Guitar _ 1
267.75356177083336,0.3422620416666291,48,127,ZOMBIE                          Words and music by Dolores ORiordan,34799,46,Distortion Guitar _ 1
268.1107047708333,0.007440479166689329,40,107,ZOMBIE                          Words and music by Dolores ORiordan,34847,1,Drum Kit _ 1
268.1107047708333,0.007440479166689329,36,112,ZOMBIE                          Words and music by Dolores ORiordan,34847,1,Drum Kit _ 1
268.1107047708333,0.007440479166689329,46,82,ZOMBIE                          Words and music by Dolores ORiordan,34847,1,Drum Kit _ 1
267.7684427291667,0.34970252083331843,55,127,ZOMBIE                          Words and music by Dolores ORiordan,34801,47,Distortion Guitar _ 1
267.76100225,0.3645834791666971,52,127,ZOMBIE                          Words and music by Dolores ORiordan,34800,49,Distortion Guitar _ 1
268.1255857291667,0.007440479166632485,55,113,ZOMBIE                          Words and music by Dolores ORiordan,34849,1,Distortion Guitar _ 1
267.74612129166667,0.5208335416666614,66,127,ZOMBIE                          Words and music by Dolores ORiordan,34798,70,Distortion Guitar _ 1
267.76100225,0.5208335416666614,71,122,ZOMBIE                          Words and music by Dolores ORiordan,34800,70,Distortion Guitar _ 1
268.1107047708333,0.34226204166668595,38,107,ZOMBIE                          Words and music by Dolores ORiordan,34847,46,Electric Bass (finger) _ 1
268.1404666875,0.3199406041666748,55,108,ZOMBIE                          Words and music by Dolores ORiordan,34851,43,Distortion Guitar _ 1
268.1107047708333,0.35714300000000776,50,127,ZOMBIE                          Words and music by Dolores ORiordan,34847,48,Distortion Guitar _ 1
268.1330262083333,0.3348215624999966,52,127,ZOMBIE                          Words and music by Dolores ORiordan,34850,45,Distortion Guitar _ 1
268.4678477708333,0.007440479166689329,40,127,ZOMBIE                          Words and music by Dolores ORiordan,34895,1,Drum Kit _ 1
268.4604072916667,0.014880958333321814,36,103,ZOMBIE                          Words and music by Dolores ORiordan,34894,2,Electric Bass (finger) _ 1
268.4678477708333,0.007440479166689329,46,110,ZOMBIE                          Words and music by Dolores ORiordan,34895,1,Drum Kit _ 1
268.4678477708333,0.014880958333321814,55,66,ZOMBIE                          Words and music by Dolores ORiordan,34895,2,Distortion Guitar _ 1
268.47528825,0.23065485416663023,52,127,ZOMBIE                          Words and music by Dolores ORiordan,34896,31,Distortion Guitar _ 1
268.47528825,0.23809533333331956,48,127,ZOMBIE                          Words and music by Dolores ORiordan,34896,32,Distortion Guitar _ 1
268.4901692083333,0.32738108333336413,55,65,ZOMBIE                          Words and music by Dolores ORiordan,34898,44,Distortion Guitar _ 1
268.28183579166665,0.5357145000000401,66,127,ZOMBIE                          Words and music by Dolores ORiordan,34870,72,Distortion Guitar _ 1
268.8249907708333,0.007440479166689329,36,114,ZOMBIE                          Words and music by Dolores ORiordan,34943,1,Drum Kit _ 1
268.8249907708333,0.007440479166689329,46,71,ZOMBIE                          Words and music by Dolores ORiordan,34943,1,Drum Kit _ 1
268.29671675,0.5357145000000401,71,125,ZOMBIE                          Words and music by Dolores ORiordan,34872,72,Distortion Guitar _ 1
268.8249907708333,0.21577389583336526,31,109,ZOMBIE                          Words and music by Dolores ORiordan,34943,29,Electric Bass (finger) _ 1
268.8249907708333,0.3348215624999966,50,127,ZOMBIE                          Words and music by Dolores ORiordan,34943,45,Distortion Guitar _ 1
269.18213377083333,0.007440479166689329,36,107,ZOMBIE                          Words and music by Dolores ORiordan,34991,1,Drum Kit _ 1
269.18213377083333,0.007440479166689329,46,72,ZOMBIE                          Words and music by Dolores ORiordan,34991,1,Drum Kit _ 1
268.8249907708333,0.3645834791666971,47,127,ZOMBIE                          Words and music by Dolores ORiordan,34943,49,Distortion Guitar _ 1
268.8249907708333,0.3645834791666971,43,127,ZOMBIE                          Words and music by Dolores ORiordan,34943,49,Distortion Guitar _ 1
269.18213377083333,0.20833341666667593,31,101,ZOMBIE                          Words and music by Dolores ORiordan,34991,28,Electric Bass (finger) _ 1
269.19701472916665,0.3348215624999966,47,127,ZOMBIE                          Words and music by Dolores ORiordan,34993,45,Distortion Guitar _ 1
269.19701472916665,0.34226204166668595,43,127,ZOMBIE                          Words and music by Dolores ORiordan,34993,46,Distortion Guitar _ 1
269.19701472916665,0.34226204166668595,50,74,ZOMBIE                          Words and music by Dolores ORiordan,34993,46,Distortion Guitar _ 1
268.83243125,0.7068455208333262,66,127,ZOMBIE                          Words and music by Dolores ORiordan,34944,95,Distortion Guitar _ 1
269.53927677083334,0.007440479166632485,40,127,ZOMBIE                          Words and music by Dolores ORiordan,35039,1,Drum Kit _ 1
269.53927677083334,0.007440479166632485,36,114,ZOMBIE                          Words and music by Dolores ORiordan,35039,1,Drum Kit _ 1
269.53927677083334,0.007440479166632485,46,108,ZOMBIE                          Words and music by Dolores ORiordan,35039,1,Drum Kit _ 1
269.53927677083334,0.007440479166632485,47,127,ZOMBIE                          Words and music by Dolores ORiordan,35039,1,Distortion Guitar _ 1
269.54671725,0.007440479166689329,50,127,ZOMBIE                          Words and music by Dolores ORiordan,35040,1,Distortion Guitar _ 1
268.84731220833334,0.7068455208333262,71,127,ZOMBIE                          Words and music by Dolores ORiordan,34946,95,Distortion Guitar _ 1
269.53927677083334,0.2752977291666525,31,111,ZOMBIE                          Words and music by Dolores ORiordan,35039,37,Electric Bass (finger) _ 1
269.56159820833335,0.3125001249999855,50,84,ZOMBIE                          Words and music by Dolores ORiordan,35042,42,Distortion Guitar _ 1
269.55415772916666,0.3348215624999966,47,127,ZOMBIE                          Words and music by Dolores ORiordan,35041,45,Distortion Guitar _ 1
269.54671725,0.34226204166668595,43,127,ZOMBIE                          Words and music by Dolores ORiordan,35040,46,Distortion Guitar _ 1
269.89641977083335,0.007440479166632485,36,106,ZOMBIE                          Words and music by Dolores ORiordan,35087,1,Drum Kit _ 1
269.89641977083335,0.007440479166632485,46,63,ZOMBIE                          Words and music by Dolores ORiordan,35087,1,Drum Kit _ 1
269.89641977083335,0.007440479166632485,50,114,ZOMBIE                          Words and music by Dolores ORiordan,35087,1,Distortion Guitar _ 1
269.90386025,0.23065485416668707,31,93,ZOMBIE                          Words and music by Dolores ORiordan,35088,31,Electric Bass (finger) _ 1
269.89641977083335,0.34970252083331843,47,127,ZOMBIE                          Words and music by Dolores ORiordan,35087,47,Distortion Guitar _ 1
269.90386025,0.34226204166668595,43,127,ZOMBIE                          Words and music by Dolores ORiordan,35088,46,Distortion Guitar _ 1
269.91130072916667,0.34226204166668595,50,127,ZOMBIE                          Words and music by Dolores ORiordan,35089,46,Distortion Guitar _ 1
270.25356277083335,0.007440479166632485,36,114,ZOMBIE                          Words and music by Dolores ORiordan,35135,1,Drum Kit _ 1
270.25356277083335,0.007440479166632485,46,69,ZOMBIE                          Words and music by Dolores ORiordan,35135,1,Drum Kit _ 1
270.25356277083335,0.2604167708333307,31,106,ZOMBIE                          Words and music by Dolores ORiordan,35135,35,Electric Bass (finger) _ 1
270.26100325,0.34226204166668595,47,127,ZOMBIE                          Words and music by Dolores ORiordan,35136,46,Distortion Guitar _ 1
270.26100325,0.34226204166668595,43,127,ZOMBIE                          Words and music by Dolores ORiordan,35136,46,Distortion Guitar _ 1
270.2684437291667,0.3422620416666291,50,127,ZOMBIE                          Words and music by Dolores ORiordan,35137,46,Distortion Guitar _ 1
270.6107057708333,0.007440479166689329,36,106,ZOMBIE                          Words and music by Dolores ORiordan,35183,1,Drum Kit _ 1
270.6107057708333,0.007440479166689329,46,64,ZOMBIE                          Words and music by Dolores ORiordan,35183,1,Drum Kit _ 1
270.61814625,0.21577389583330842,31,93,ZOMBIE                          Words and music by Dolores ORiordan,35184,29,Electric Bass (finger) _ 1
270.9678487708333,0.007440479166689329,40,114,ZOMBIE                          Words and music by Dolores ORiordan,35231,1,Drum Kit _ 1
270.9678487708333,0.007440479166689329,36,115,ZOMBIE                          Words and music by Dolores ORiordan,35231,1,Drum Kit _ 1
270.9678487708333,0.007440479166689329,46,119,ZOMBIE                          Words and music by Dolores ORiordan,35231,1,Drum Kit _ 1
270.6107057708333,0.3645834791666971,47,127,ZOMBIE                          Words and music by Dolores ORiordan,35183,49,Distortion Guitar _ 1
270.61814625,0.35714300000000776,50,116,ZOMBIE                          Words and music by Dolores ORiordan,35184,48,Distortion Guitar _ 1
270.6107057708333,0.3794644375000189,43,127,ZOMBIE                          Words and music by Dolores ORiordan,35183,51,Distortion Guitar _ 1
270.97528925,0.34226204166668595,33,110,ZOMBIE                          Words and music by Dolores ORiordan,35232,46,Electric Bass (finger) _ 1
270.9827297291667,0.3348215624999966,47,127,ZOMBIE                          Words and music by Dolores ORiordan,35233,45,Distortion Guitar _ 1
270.9827297291667,0.3348215624999966,45,127,ZOMBIE                          Words and music by Dolores ORiordan,35233,45,Distortion Guitar _ 1
270.9827297291667,0.3422620416666291,50,127,ZOMBIE                          Words and music by Dolores ORiordan,35233,46,Distortion Guitar _ 1
271.3249917708333,0.007440479166689329,36,106,ZOMBIE                          Words and music by Dolores ORiordan,35279,1,Drum Kit _ 1
271.3249917708333,0.007440479166689329,46,71,ZOMBIE                          Words and music by Dolores ORiordan,35279,1,Drum Kit _ 1
271.3249917708333,0.2008929374999866,47,127,ZOMBIE                          Words and music by Dolores ORiordan,35279,27,Distortion Guitar _ 1
271.3249917708333,0.2604167708333307,31,103,ZOMBIE                          Words and music by Dolores ORiordan,35279,35,Electric Bass (finger) _ 1
269.8517768958333,1.7336316458333272,64,127,ZOMBIE                          Words and music by Dolores ORiordan,35081,233,Distortion Guitar _ 1
271.3249917708333,0.2752977291666525,43,127,ZOMBIE                          Words and music by Dolores ORiordan,35279,37,Distortion Guitar _ 1
269.86665785416665,1.7336316458333272,69,125,ZOMBIE                          Words and music by Dolores ORiordan,35083,233,Distortion Guitar _ 1
271.33243225,0.34970252083331843,50,127,ZOMBIE                          Words and music by Dolores ORiordan,35280,47,Distortion Guitar _ 1
271.68213477083333,0.007440479166689329,36,114,ZOMBIE                          Words and music by Dolores ORiordan,35327,1,Drum Kit _ 1
271.68213477083333,0.007440479166689329,46,76,ZOMBIE                          Words and music by Dolores ORiordan,35327,1,Drum Kit _ 1
271.68213477083333,0.2455358125000089,30,110,ZOMBIE                          Words and music by Dolores ORiordan,35327,33,Electric Bass (finger) _ 1
271.6598133333333,0.3348215624999966,66,127,ZOMBIE                          Words and music by Dolores ORiordan,35324,45,Distortion Guitar _ 1
271.67469429166664,0.3348215624999966,71,127,ZOMBIE                          Words and music by Dolores ORiordan,35326,45,Distortion Guitar _ 1
271.6598133333333,0.3720239583333296,42,125,ZOMBIE                          Words and music by Dolores ORiordan,35324,50,Distortion Guitar _ 1
271.69701572916665,0.34226204166668595,45,127,ZOMBIE                          Words and music by Dolores ORiordan,35329,46,Distortion Guitar _ 1
272.03927777083334,0.007440479166632485,36,105,ZOMBIE                          Words and music by Dolores ORiordan,35375,1,Drum Kit _ 1
272.03927777083334,0.007440479166632485,46,68,ZOMBIE                          Words and music by Dolores ORiordan,35375,1,Drum Kit _ 1
271.68957525,0.3571429999999509,50,123,ZOMBIE                          Words and music by Dolores ORiordan,35328,48,Distortion Guitar _ 1
272.03927777083334,0.2455358125000089,30,95,ZOMBIE                          Words and music by Dolores ORiordan,35375,33,Electric Bass (finger) _ 1
272.04671824999997,0.3497025208333753,42,127,ZOMBIE                          Words and music by Dolores ORiordan,35376,47,Distortion Guitar _ 1
272.05415872916666,0.34226204166668595,50,113,ZOMBIE                          Words and music by Dolores ORiordan,35377,46,Distortion Guitar _ 1
272.39642077083334,0.007440479166632485,40,120,ZOMBIE                          Words and music by Dolores ORiordan,35423,1,Drum Kit _ 1
272.39642077083334,0.007440479166632485,36,113,ZOMBIE                          Words and music by Dolores ORiordan,35423,1,Drum Kit _ 1
272.39642077083334,0.007440479166632485,46,110,ZOMBIE                          Words and music by Dolores ORiordan,35423,1,Drum Kit _ 1
272.05415872916666,0.34970252083331843,55,127,ZOMBIE                          Words and music by Dolores ORiordan,35377,47,Distortion Guitar _ 1
272.41130172916667,0.22321437499999774,30,101,ZOMBIE                          Words and music by Dolores ORiordan,35425,30,Electric Bass (finger) _ 1
272.00951585416664,0.6770836041666826,63,121,ZOMBIE                          Words and music by Dolores ORiordan,35371,91,Distortion Guitar _ 1
272.0243968125,0.6770836041666257,68,112,ZOMBIE                          Words and music by Dolores ORiordan,35373,91,Distortion Guitar _ 1
272.40386125,0.34226204166668595,42,127,ZOMBIE                          Words and music by Dolores ORiordan,35424,46,Distortion Guitar _ 1
272.75356377083335,0.007440479166632485,36,106,ZOMBIE                          Words and music by Dolores ORiordan,35471,1,Drum Kit _ 1
272.75356377083335,0.007440479166632485,46,74,ZOMBIE                          Words and music by Dolores ORiordan,35471,1,Drum Kit _ 1
272.40386125,0.35714300000000776,50,127,ZOMBIE                          Words and music by Dolores ORiordan,35424,48,Distortion Guitar _ 1
272.75356377083335,0.007440479166632485,42,120,ZOMBIE                          Words and music by Dolores ORiordan,35471,1,Distortion Guitar _ 1
272.05415872916666,0.7068455208333262,45,127,ZOMBIE                          Words and music by Dolores ORiordan,35377,95,Distortion Guitar _ 1
272.41130172916667,0.34970252083331843,55,127,ZOMBIE                          Words and music by Dolores ORiordan,35425,47,Distortion Guitar _ 1
272.7684447291667,0.21577389583330842,30,93,ZOMBIE                          Words and music by Dolores ORiordan,35473,29,Electric Bass (finger) _ 1
272.7684447291667,0.3422620416666291,50,127,ZOMBIE                          Words and music by Dolores ORiordan,35473,46,Distortion Guitar _ 1
273.1107067708333,0.007440479166689329,36,113,ZOMBIE                          Words and music by Dolores ORiordan,35519,1,Drum Kit _ 1
273.1107067708333,0.007440479166689329,46,66,ZOMBIE                          Words and music by Dolores ORiordan,35519,1,Drum Kit _ 1
272.7684447291667,0.34970252083331843,45,127,ZOMBIE                          Words and music by Dolores ORiordan,35473,47,Distortion Guitar _ 1
272.7684447291667,0.34970252083331843,42,127,ZOMBIE                          Words and music by Dolores ORiordan,35473,47,Distortion Guitar _ 1
273.11814725,0.007440479166689329,50,79,ZOMBIE                          Words and music by Dolores ORiordan,35520,1,Distortion Guitar _ 1
272.7684447291667,0.35714300000000776,55,127,ZOMBIE                          Words and music by Dolores ORiordan,35473,48,Distortion Guitar _ 1
272.716361375,0.6026788124999598,64,127,ZOMBIE                          Words and music by Dolores ORiordan,35466,81,Distortion Guitar _ 1
272.73124233333334,0.6026788125000166,69,125,ZOMBIE                          Words and music by Dolores ORiordan,35468,81,Distortion Guitar _ 1
273.11814725,0.34226204166668595,30,107,ZOMBIE                          Words and music by Dolores ORiordan,35520,46,Electric Bass (finger) _ 1
273.1255877291667,0.3348215624999966,42,127,ZOMBIE                          Words and music by Dolores ORiordan,35521,45,Distortion Guitar _ 1
273.1330282083333,0.3348215624999966,50,118,ZOMBIE                          Words and music by Dolores ORiordan,35522,45,Distortion Guitar _ 1
273.4678497708333,0.007440479166689329,36,105,ZOMBIE                          Words and music by Dolores ORiordan,35567,1,Drum Kit _ 1
273.4678497708333,0.007440479166689329,46,69,ZOMBIE                          Words and music by Dolores ORiordan,35567,1,Drum Kit _ 1
273.1330282083333,0.34226204166668595,55,126,ZOMBIE                          Words and music by Dolores ORiordan,35522,46,Distortion Guitar _ 1
273.4678497708333,0.3497025208333753,31,98,ZOMBIE                          Words and music by Dolores ORiordan,35567,47,Electric Bass (finger) _ 1
273.4678497708333,0.3497025208333753,43,127,ZOMBIE                          Words and music by Dolores ORiordan,35567,47,Distortion Guitar _ 1
273.8249927708333,0.007440479166689329,40,114,ZOMBIE                          Words and music by Dolores ORiordan,35615,1,Drum Kit _ 1
273.8249927708333,0.007440479166689329,36,112,ZOMBIE                          Words and music by Dolores ORiordan,35615,1,Drum Kit _ 1
273.8249927708333,0.007440479166689329,46,100,ZOMBIE                          Words and music by Dolores ORiordan,35615,1,Drum Kit _ 1
273.47529025,0.35714300000000776,50,127,ZOMBIE                          Words and music by Dolores ORiordan,35568,48,Distortion Guitar _ 1
273.1255877291667,0.7142859999999587,45,127,ZOMBIE                          Words and music by Dolores ORiordan,35521,96,Distortion Guitar _ 1
273.430647375,0.47619066666669596,66,127,ZOMBIE                          Words and music by Dolores ORiordan,35562,64,Distortion Guitar _ 1
273.44552833333336,0.4761906666666391,71,127,ZOMBIE                          Words and music by Dolores ORiordan,35564,64,Distortion Guitar _ 1
273.88451660416666,0.0595238333333441,68,95,ZOMBIE                          Words and music by Dolores ORiordan,35623,8,Distortion Guitar _ 1
273.8993975625,0.0595238333333441,73,86,ZOMBIE                          Words and music by Dolores ORiordan,35625,8,Distortion Guitar _ 1
273.8249927708333,0.34970252083331843,30,114,ZOMBIE                          Words and music by Dolores ORiordan,35615,47,Electric Bass (finger) _ 1
274.1821357708333,0.007440479166689329,40,127,ZOMBIE                          Words and music by Dolores ORiordan,35663,1,Drum Kit _ 1
274.1821357708333,0.007440479166689329,36,111,ZOMBIE                          Words and music by Dolores ORiordan,35663,1,Drum Kit _ 1
274.1821357708333,0.007440479166689329,46,105,ZOMBIE                          Words and music by Dolores ORiordan,35663,1,Drum Kit _ 1
273.84731420833333,0.34226204166668595,45,127,ZOMBIE                          Words and music by Dolores ORiordan,35618,46,Distortion Guitar _ 1
273.83987372916664,0.3497025208333753,50,127,ZOMBIE                          Words and music by Dolores ORiordan,35617,47,Distortion Guitar _ 1
273.8249927708333,0.3869049166666514,42,127,ZOMBIE                          Words and music by Dolores ORiordan,35615,52,Distortion Guitar _ 1
273.97380235416665,0.40178587500003005,69,127,ZOMBIE                          Words and music by Dolores ORiordan,35635,54,Distortion Guitar _ 1
273.9886833125,0.40178587500003005,74,127,ZOMBIE                          Words and music by Dolores ORiordan,35637,54,Distortion Guitar _ 1
274.19701672916665,0.3199406041666748,50,109,ZOMBIE                          Words and music by Dolores ORiordan,35665,43,Distortion Guitar _ 1
274.19701672916665,0.32738108333336413,43,127,ZOMBIE                          Words and music by Dolores ORiordan,35665,44,Distortion Guitar _ 1
274.1821357708333,0.34970252083331843,31,111,ZOMBIE                          Words and music by Dolores ORiordan,35663,47,Electric Bass (finger) _ 1
274.19701672916665,0.34226204166668595,45,127,ZOMBIE                          Words and music by Dolores ORiordan,35665,46,Distortion Guitar _ 1
274.53927877083333,0.007440479166689329,36,114,ZOMBIE                          Words and music by Dolores ORiordan,35711,1,Drum Kit _ 1
274.54671925,0.007440479166632485,46,76,ZOMBIE                          Words and music by Dolores ORiordan,35712,1,Drum Kit _ 1
273.4827307291667,1.0937504374999776,55,118,ZOMBIE                          Words and music by Dolores ORiordan,35569,147,Distortion Guitar _ 1
274.54671925,0.24553581249995204,28,109,ZOMBIE                          Words and music by Dolores ORiordan,35712,33,Electric Bass (finger) _ 1
274.54671925,0.3422620416666291,47,127,ZOMBIE                          Words and music by Dolores ORiordan,35712,46,Distortion Guitar _ 1
274.54671925,0.34970252083331843,52,127,ZOMBIE                          Words and music by Dolores ORiordan,35712,47,Distortion Guitar _ 1
274.89642177083334,0.007440479166632485,36,107,ZOMBIE                          Words and music by Dolores ORiordan,35759,1,Drum Kit _ 1
274.89642177083334,0.007440479166632485,46,69,ZOMBIE                          Words and music by Dolores ORiordan,35759,1,Drum Kit _ 1
274.89642177083334,0.014880958333321814,47,127,ZOMBIE                          Words and music by Dolores ORiordan,35759,2,Distortion Guitar _ 1
274.90386225,0.007440479166689329,52,119,ZOMBIE                          Words and music by Dolores ORiordan,35760,1,Distortion Guitar _ 1
274.89642177083334,0.21577389583330842,28,99,ZOMBIE                          Words and music by Dolores ORiordan,35759,29,Electric Bass (finger) _ 1
274.91874320833335,0.3273810833333073,52,112,ZOMBIE                          Words and music by Dolores ORiordan,35762,44,Distortion Guitar _ 1
274.91874320833335,0.3273810833333073,47,127,ZOMBIE                          Words and music by Dolores ORiordan,35762,44,Distortion Guitar _ 1
274.54671925,0.7142859999999587,40,127,ZOMBIE                          Words and music by Dolores ORiordan,35712,96,Distortion Guitar _ 1
275.25356477083335,0.007440479166632485,36,114,ZOMBIE                          Words and music by Dolores ORiordan,35807,1,Drum Kit _ 1
275.25356477083335,0.007440479166632485,52,117,ZOMBIE                          Words and music by Dolores ORiordan,35807,1,Distortion Guitar _ 1
275.2684457291667,0.007440479166632485,46,113,ZOMBIE                          Words and music by Dolores ORiordan,35809,1,Drum Kit _ 1
275.2684457291667,0.20833341666667593,28,110,ZOMBIE                          Words and music by Dolores ORiordan,35809,28,Electric Bass (finger) _ 1
274.53183829166665,1.0119051666666792,69,127,ZOMBIE                          Words and music by Dolores ORiordan,35710,136,Distortion Guitar _ 1
274.54671925,1.0119051666666223,74,127,ZOMBIE                          Words and music by Dolores ORiordan,35712,136,Distortion Guitar _ 1
275.61070777083336,0.007440479166632485,36,106,ZOMBIE                          Words and music by Dolores ORiordan,35855,1,Drum Kit _ 1
275.61070777083336,0.007440479166632485,46,67,ZOMBIE                          Words and music by Dolores ORiordan,35855,1,Drum Kit _ 1
275.2684457291667,0.34970252083331843,52,127,ZOMBIE                          Words and music by Dolores ORiordan,35809,47,Distortion Guitar _ 1
275.61070777083336,0.19345245833329727,28,91,ZOMBIE                          Words and music by Dolores ORiordan,35855,26,Electric Bass (finger) _ 1
275.2684457291667,0.5431549791666725,40,127,ZOMBIE                          Words and music by Dolores ORiordan,35809,73,Distortion Guitar _ 1
275.6255887291667,0.3422620416666291,52,119,ZOMBIE                          Words and music by Dolores ORiordan,35857,46,Distortion Guitar _ 1
275.26100525,0.7068455208333262,47,127,ZOMBIE                          Words and music by Dolores ORiordan,35808,95,Distortion Guitar _ 1
275.9678507708333,0.007440479166689329,36,114,ZOMBIE                          Words and music by Dolores ORiordan,35903,1,Drum Kit _ 1
275.9678507708333,0.007440479166689329,46,71,ZOMBIE                          Words and music by Dolores ORiordan,35903,1,Drum Kit _ 1
275.58094585416666,0.49851210416665026,71,127,ZOMBIE                          Words and music by Dolores ORiordan,35851,67,Distortion Guitar _ 1
275.5958268125,0.4985121041667071,76,126,ZOMBIE                          Words and music by Dolores ORiordan,35853,67,Distortion Guitar _ 1
276.16130322916666,0.007440479166689329,40,125,ZOMBIE                          Words and music by Dolores ORiordan,35929,1,Drum Kit _ 1
275.9678507708333,0.22321437499999774,28,112,ZOMBIE                          Words and music by Dolores ORiordan,35903,30,Electric Bass (finger) _ 1
275.97529125,0.34226204166668595,47,127,ZOMBIE                          Words and music by Dolores ORiordan,35904,46,Distortion Guitar _ 1
275.97529125,0.34970252083331843,52,125,ZOMBIE                          Words and music by Dolores ORiordan,35904,47,Distortion Guitar _ 1
276.3249937708333,0.007440479166689329,36,106,ZOMBIE                          Words and music by Dolores ORiordan,35951,1,Drum Kit _ 1
276.3249937708333,0.007440479166689329,46,66,ZOMBIE                          Words and music by Dolores ORiordan,35951,1,Drum Kit _ 1
276.3249937708333,0.34970252083331843,28,107,ZOMBIE                          Words and music by Dolores ORiordan,35951,47,Electric Bass (finger) _ 1
276.3249937708333,0.35714300000000776,47,127,ZOMBIE                          Words and music by Dolores ORiordan,35951,48,Distortion Guitar _ 1
276.6821367708333,0.007440479166689329,40,125,ZOMBIE                          Words and music by Dolores ORiordan,35999,1,Drum Kit _ 1
276.6821367708333,0.007440479166689329,36,115,ZOMBIE                          Words and music by Dolores ORiordan,35999,1,Drum Kit _ 1
276.6821367708333,0.007440479166689329,46,114,ZOMBIE                          Words and music by Dolores ORiordan,35999,1,Drum Kit _ 1
276.33243425,0.35714300000000776,52,118,ZOMBIE                          Words and music by Dolores ORiordan,35952,48,Distortion Guitar _ 1
276.2952318541667,0.5357144999999832,69,127,ZOMBIE                          Words and music by Dolores ORiordan,35947,72,Distortion Guitar _ 1
276.3101128125,0.5357144999999832,74,127,ZOMBIE                          Words and music by Dolores ORiordan,35949,72,Distortion Guitar _ 1
276.69701772916665,0.32738108333336413,43,127,ZOMBIE                          Words and music by Dolores ORiordan,36001,44,Distortion Guitar _ 1
276.6821367708333,0.34970252083331843,31,103,ZOMBIE                          Words and music by Dolores ORiordan,35999,47,Electric Bass (finger) _ 1
276.68957725,0.3422620416666291,47,127,ZOMBIE                          Words and music by Dolores ORiordan,36000,46,Distortion Guitar _ 1
276.69701772916665,0.34226204166668595,52,74,ZOMBIE                          Words and music by Dolores ORiordan,36001,46,Distortion Guitar _ 1
277.03927977083333,0.007440479166689329,36,106,ZOMBIE                          Words and music by Dolores ORiordan,36047,1,Drum Kit _ 1
277.03927977083333,0.007440479166689329,46,69,ZOMBIE                          Words and music by Dolores ORiordan,36047,1,Drum Kit _ 1
277.03927977083333,0.007440479166689329,47,127,ZOMBIE                          Words and music by Dolores ORiordan,36047,1,Distortion Guitar _ 1
277.05416072916665,0.2529762916666982,47,127,ZOMBIE                          Words and music by Dolores ORiordan,36049,34,Distortion Guitar _ 1
277.04672025,0.2678572499999632,52,127,ZOMBIE                          Words and music by Dolores ORiordan,36048,36,Distortion Guitar _ 1
276.83838683333335,0.5208335416666614,69,127,ZOMBIE                          Words and music by Dolores ORiordan,36020,70,Distortion Guitar _ 1
276.85326779166667,0.5208335416666614,74,127,ZOMBIE                          Words and music by Dolores ORiordan,36022,70,Distortion Guitar _ 1
277.03927977083333,0.34970252083331843,28,96,ZOMBIE                          Words and music by Dolores ORiordan,36047,47,Electric Bass (finger) _ 1
277.04672025,0.3422620416666291,40,127,ZOMBIE                          Words and music by Dolores ORiordan,36048,46,Distortion Guitar _ 1
277.39642277083334,0.007440479166632485,36,114,ZOMBIE                          Words and music by Dolores ORiordan,36095,1,Drum Kit _ 1
277.39642277083334,0.007440479166632485,46,68,ZOMBIE                          Words and music by Dolores ORiordan,36095,1,Drum Kit _ 1
277.75356577083335,0.007440479166632485,36,105,ZOMBIE                          Words and music by Dolores ORiordan,36143,1,Drum Kit _ 1
277.75356577083335,0.007440479166632485,46,68,ZOMBIE                          Words and music by Dolores ORiordan,36143,1,Drum Kit _ 1
277.41130372916666,0.34970252083331843,48,127,ZOMBIE                          Words and music by Dolores ORiordan,36097,47,Distortion Guitar _ 1
277.41130372916666,0.34970252083331843,52,127,ZOMBIE                          Words and music by Dolores ORiordan,36097,47,Distortion Guitar _ 1
277.76844672916667,0.3348215624999966,48,127,ZOMBIE                          Words and music by Dolores ORiordan,36145,45,Distortion Guitar _ 1
277.76844672916667,0.34226204166668595,52,127,ZOMBIE                          Words and music by Dolores ORiordan,36145,46,Distortion Guitar _ 1
278.11070877083336,0.007440479166632485,40,123,ZOMBIE                          Words and music by Dolores ORiordan,36191,1,Drum Kit _ 1
278.11070877083336,0.007440479166632485,36,113,ZOMBIE                          Words and music by Dolores ORiordan,36191,1,Drum Kit _ 1
278.11070877083336,0.007440479166632485,46,116,ZOMBIE                          Words and music by Dolores ORiordan,36191,1,Drum Kit _ 1
277.41874420833335,0.6994050416666369,55,112,ZOMBIE                          Words and music by Dolores ORiordan,36098,94,Distortion Guitar _ 1
277.37410133333333,0.9970242083333574,69,127,ZOMBIE                          Words and music by Dolores ORiordan,36092,134,Distortion Guitar _ 1
277.38898229166665,0.9970242083333574,74,127,ZOMBIE                          Words and music by Dolores ORiordan,36094,134,Distortion Guitar _ 1
278.11814925,0.34226204166668595,52,127,ZOMBIE                          Words and music by Dolores ORiordan,36192,46,Distortion Guitar _ 1
278.11070877083336,0.34970252083331843,48,127,ZOMBIE                          Words and music by Dolores ORiordan,36191,47,Distortion Guitar _ 1
278.1255897291667,0.3422620416666291,55,118,ZOMBIE                          Words and music by Dolores ORiordan,36193,46,Distortion Guitar _ 1
278.4678517708333,0.007440479166689329,36,106,ZOMBIE                          Words and music by Dolores ORiordan,36239,1,Drum Kit _ 1
278.4678517708333,0.007440479166689329,46,76,ZOMBIE                          Words and music by Dolores ORiordan,36239,1,Drum Kit _ 1
278.4678517708333,0.014880958333378658,52,127,ZOMBIE                          Words and music by Dolores ORiordan,36239,2,Distortion Guitar _ 1
278.47529225,0.014880958333321814,55,127,ZOMBIE                          Words and music by Dolores ORiordan,36240,2,Distortion Guitar _ 1
278.66130422916666,0.007440479166689329,40,114,ZOMBIE                          Words and music by Dolores ORiordan,36265,1,Drum Kit _ 1
278.4678517708333,0.3497025208333753,48,127,ZOMBIE                          Words and music by Dolores ORiordan,36239,47,Distortion Guitar _ 1
278.4901732083333,0.32738108333336413,52,127,ZOMBIE                          Words and music by Dolores ORiordan,36242,44,Distortion Guitar _ 1
278.4976136875,0.3273810833333073,55,124,ZOMBIE                          Words and music by Dolores ORiordan,36243,44,Distortion Guitar _ 1
278.8249947708333,0.007440479166689329,36,113,ZOMBIE                          Words and music by Dolores ORiordan,36287,1,Drum Kit _ 1
278.8249947708333,0.007440479166689329,46,69,ZOMBIE                          Words and music by Dolores ORiordan,36287,1,Drum Kit _ 1
278.42320889583334,0.48363114583332845,71,127,ZOMBIE                          Words and music by Dolores ORiordan,36233,65,Distortion Guitar _ 1
278.43808985416666,0.48363114583332845,76,127,ZOMBIE                          Words and music by Dolores ORiordan,36235,65,Distortion Guitar _ 1
279.00356627083335,0.007440479166632485,40,117,ZOMBIE                          Words and music by Dolores ORiordan,36311,1,Drum Kit _ 1
278.8249947708333,0.3497025208333753,52,127,ZOMBIE                          Words and music by Dolores ORiordan,36287,47,Distortion Guitar _ 1
278.8249947708333,0.3497025208333753,48,127,ZOMBIE                          Words and music by Dolores ORiordan,36287,47,Distortion Guitar _ 1
279.1821377708333,0.007440479166689329,36,105,ZOMBIE                          Words and music by Dolores ORiordan,36335,1,Drum Kit _ 1
279.1821377708333,0.007440479166689329,46,73,ZOMBIE                          Words and music by Dolores ORiordan,36335,1,Drum Kit _ 1
278.83243525,0.35714300000000776,55,127,ZOMBIE                          Words and music by Dolores ORiordan,36288,48,Distortion Guitar _ 1
279.1821377708333,0.34226204166668595,48,127,ZOMBIE                          Words and music by Dolores ORiordan,36335,46,Distortion Guitar _ 1
279.53928077083333,0.007440479166689329,40,120,ZOMBIE                          Words and music by Dolores ORiordan,36383,1,Drum Kit _ 1
279.53928077083333,0.007440479166689329,36,112,ZOMBIE                          Words and music by Dolores ORiordan,36383,1,Drum Kit _ 1
279.53928077083333,0.007440479166689329,46,82,ZOMBIE                          Words and music by Dolores ORiordan,36383,1,Drum Kit _ 1
279.19701872916664,0.3497025208333753,55,127,ZOMBIE                          Words and music by Dolores ORiordan,36337,47,Distortion Guitar _ 1
279.18957825,0.36458347916664025,52,127,ZOMBIE                          Words and music by Dolores ORiordan,36336,49,Distortion Guitar _ 1
279.55416172916665,0.007440479166689329,55,113,ZOMBIE                          Words and music by Dolores ORiordan,36385,1,Distortion Guitar _ 1
279.1672568125,0.550595458333305,69,127,ZOMBIE                          Words and music by Dolores ORiordan,36333,74,Distortion Guitar _ 1
279.1821377708333,0.5505954583333619,74,127,ZOMBIE                          Words and music by Dolores ORiordan,36335,74,Distortion Guitar _ 1
279.53928077083333,0.34226204166668595,38,107,ZOMBIE                          Words and music by Dolores ORiordan,36383,46,Electric Bass (finger) _ 1
279.5690426875,0.3199406041666748,55,108,ZOMBIE                          Words and music by Dolores ORiordan,36387,43,Distortion Guitar _ 1
279.53928077083333,0.35714300000000776,50,127,ZOMBIE                          Words and music by Dolores ORiordan,36383,48,Distortion Guitar _ 1
279.56160220833334,0.3348215624999966,52,127,ZOMBIE                          Words and music by Dolores ORiordan,36386,45,Distortion Guitar _ 1
279.89642377083334,0.007440479166689329,40,127,ZOMBIE                          Words and music by Dolores ORiordan,36431,1,Drum Kit _ 1
279.88898329166665,0.014880958333378658,36,103,ZOMBIE                          Words and music by Dolores ORiordan,36430,2,Electric Bass (finger) _ 1
279.89642377083334,0.007440479166689329,46,106,ZOMBIE                          Words and music by Dolores ORiordan,36431,1,Drum Kit _ 1
279.89642377083334,0.014880958333321814,55,66,ZOMBIE                          Words and music by Dolores ORiordan,36431,2,Distortion Guitar _ 1
279.90386425,0.23065485416663023,52,127,ZOMBIE                          Words and music by Dolores ORiordan,36432,31,Distortion Guitar _ 1
279.90386425,0.23809533333331956,48,127,ZOMBIE                          Words and music by Dolores ORiordan,36432,32,Distortion Guitar _ 1
279.91874520833335,0.3273810833333073,55,65,ZOMBIE                          Words and music by Dolores ORiordan,36434,44,Distortion Guitar _ 1
279.72529275,0.5208335416666614,69,127,ZOMBIE                          Words and music by Dolores ORiordan,36408,70,Distortion Guitar _ 1
280.25356677083334,0.007440479166632485,36,114,ZOMBIE                          Words and music by Dolores ORiordan,36479,1,Drum Kit _ 1
280.25356677083334,0.007440479166632485,46,71,ZOMBIE                          Words and music by Dolores ORiordan,36479,1,Drum Kit _ 1
279.7401737083333,0.5208335416666614,74,127,ZOMBIE                          Words and music by Dolores ORiordan,36410,70,Distortion Guitar _ 1
280.25356677083334,0.21577389583330842,31,109,ZOMBIE                          Words and music by Dolores ORiordan,36479,29,Electric Bass (finger) _ 1
280.26844772916667,0.3125001249999855,69,127,ZOMBIE                          Words and music by Dolores ORiordan,36481,42,Distortion Guitar _ 1
280.25356677083334,0.3348215624999966,50,127,ZOMBIE                          Words and music by Dolores ORiordan,36479,45,Distortion Guitar _ 1
280.2833286875,0.3125001249999855,74,127,ZOMBIE                          Words and music by Dolores ORiordan,36483,42,Distortion Guitar _ 1
280.61070977083335,0.007440479166632485,36,107,ZOMBIE                          Words and music by Dolores ORiordan,36527,1,Drum Kit _ 1
280.61070977083335,0.007440479166632485,46,72,ZOMBIE                          Words and music by Dolores ORiordan,36527,1,Drum Kit _ 1
280.25356677083334,0.36458347916664025,47,127,ZOMBIE                          Words and music by Dolores ORiordan,36479,49,Distortion Guitar _ 1
280.25356677083334,0.36458347916664025,43,127,ZOMBIE                          Words and music by Dolores ORiordan,36479,49,Distortion Guitar _ 1
280.61070977083335,0.2083334166666191,31,101,ZOMBIE                          Words and music by Dolores ORiordan,36527,28,Electric Bass (finger) _ 1
280.6255907291667,0.3348215624999966,47,127,ZOMBIE                          Words and music by Dolores ORiordan,36529,45,Distortion Guitar _ 1
280.6255907291667,0.3422620416666291,43,127,ZOMBIE                          Words and music by Dolores ORiordan,36529,46,Distortion Guitar _ 1
280.6255907291667,0.3422620416666291,50,74,ZOMBIE                          Words and music by Dolores ORiordan,36529,46,Distortion Guitar _ 1
280.9678527708333,0.007440479166689329,36,114,ZOMBIE                          Words and music by Dolores ORiordan,36575,1,Drum Kit _ 1
280.9678527708333,0.007440479166689329,46,117,ZOMBIE                          Words and music by Dolores ORiordan,36575,1,Drum Kit _ 1
280.9678527708333,0.007440479166689329,47,127,ZOMBIE                          Words and music by Dolores ORiordan,36575,1,Distortion Guitar _ 1
280.97529325,0.007440479166689329,40,127,ZOMBIE                          Words and music by Dolores ORiordan,36576,1,Drum Kit _ 1
280.97529325,0.007440479166689329,50,127,ZOMBIE                          Words and music by Dolores ORiordan,36576,1,Distortion Guitar _ 1
280.9678527708333,0.27529772916670936,31,111,ZOMBIE                          Words and music by Dolores ORiordan,36575,37,Electric Bass (finger) _ 1
280.58838833333334,0.6994050416666369,66,114,ZOMBIE                          Words and music by Dolores ORiordan,36524,94,Distortion Guitar _ 1
280.9901742083333,0.3125001249999855,50,84,ZOMBIE                          Words and music by Dolores ORiordan,36578,42,Distortion Guitar _ 1
280.60326929166666,0.6994050416666369,71,105,ZOMBIE                          Words and music by Dolores ORiordan,36526,94,Distortion Guitar _ 1
280.9827337291667,0.3348215624999966,47,127,ZOMBIE                          Words and music by Dolores ORiordan,36577,45,Distortion Guitar _ 1
280.97529325,0.34226204166668595,43,127,ZOMBIE                          Words and music by Dolores ORiordan,36576,46,Distortion Guitar _ 1
281.3249957708333,0.007440479166689329,36,106,ZOMBIE                          Words and music by Dolores ORiordan,36623,1,Drum Kit _ 1
281.3249957708333,0.007440479166689329,46,63,ZOMBIE                          Words and music by Dolores ORiordan,36623,1,Drum Kit _ 1
281.3249957708333,0.007440479166689329,50,114,ZOMBIE                          Words and music by Dolores ORiordan,36623,1,Distortion Guitar _ 1
281.51844822916667,0.007440479166689329,40,109,ZOMBIE                          Words and music by Dolores ORiordan,36649,1,Drum Kit _ 1
281.33243625,0.23065485416668707,31,93,ZOMBIE                          Words and music by Dolores ORiordan,36624,31,Electric Bass (finger) _ 1
281.3249957708333,0.3497025208333753,47,127,ZOMBIE                          Words and music by Dolores ORiordan,36623,47,Distortion Guitar _ 1
281.33243625,0.34226204166668595,43,127,ZOMBIE                          Words and music by Dolores ORiordan,36624,46,Distortion Guitar _ 1
281.33987672916663,0.34226204166668595,50,127,ZOMBIE                          Words and music by Dolores ORiordan,36625,46,Distortion Guitar _ 1
281.6821387708333,0.007440479166689329,36,114,ZOMBIE                          Words and music by Dolores ORiordan,36671,1,Drum Kit _ 1
281.6821387708333,0.007440479166689329,46,69,ZOMBIE                          Words and music by Dolores ORiordan,36671,1,Drum Kit _ 1
281.8755912291667,0.007440479166632485,40,117,ZOMBIE                          Words and music by Dolores ORiordan,36697,1,Drum Kit _ 1
281.6821387708333,0.2604167708333307,31,106,ZOMBIE                          Words and music by Dolores ORiordan,36671,35,Electric Bass (finger) _ 1
281.68957925,0.3422620416666291,47,127,ZOMBIE                          Words and music by Dolores ORiordan,36672,46,Distortion Guitar _ 1
281.68957925,0.3422620416666291,43,127,ZOMBIE                          Words and music by Dolores ORiordan,36672,46,Distortion Guitar _ 1
281.69701972916664,0.34226204166668595,50,127,ZOMBIE                          Words and music by Dolores ORiordan,36673,46,Distortion Guitar _ 1
282.0392817708333,0.007440479166689329,36,106,ZOMBIE                          Words and music by Dolores ORiordan,36719,1,Drum Kit _ 1
282.0392817708333,0.007440479166689329,46,64,ZOMBIE                          Words and music by Dolores ORiordan,36719,1,Drum Kit _ 1
282.04672225,0.21577389583330842,31,93,ZOMBIE                          Words and music by Dolores ORiordan,36720,29,Electric Bass (finger) _ 1
282.39642477083333,0.007440479166689329,40,127,ZOMBIE                          Words and music by Dolores ORiordan,36767,1,Drum Kit _ 1
282.39642477083333,0.007440479166689329,36,115,ZOMBIE                          Words and music by Dolores ORiordan,36767,1,Drum Kit _ 1
282.39642477083333,0.007440479166689329,46,110,ZOMBIE                          Words and music by Dolores ORiordan,36767,1,Drum Kit _ 1
282.0392817708333,0.3645834791666971,47,127,ZOMBIE                          Words and music by Dolores ORiordan,36719,49,Distortion Guitar _ 1
282.04672225,0.35714300000000776,50,116,ZOMBIE                          Words and music by Dolores ORiordan,36720,48,Distortion Guitar _ 1
282.0392817708333,0.3794644375000189,43,127,ZOMBIE                          Words and music by Dolores ORiordan,36719,51,Distortion Guitar _ 1
281.29523385416667,1.3095243333333428,66,127,ZOMBIE                          Words and music by Dolores ORiordan,36619,176,Distortion Guitar _ 1
281.3101148125,1.3095243333333428,71,123,ZOMBIE                          Words and music by Dolores ORiordan,36621,176,Distortion Guitar _ 1
282.40386525,0.3422620416666291,33,110,ZOMBIE                          Words and music by Dolores ORiordan,36768,46,Electric Bass (finger) _ 1
282.41130572916666,0.3348215624999966,47,127,ZOMBIE                          Words and music by Dolores ORiordan,36769,45,Distortion Guitar _ 1
282.41130572916666,0.3348215624999966,45,127,ZOMBIE                          Words and music by Dolores ORiordan,36769,45,Distortion Guitar _ 1
282.41130572916666,0.34226204166668595,50,127,ZOMBIE                          Words and music by Dolores ORiordan,36769,46,Distortion Guitar _ 1
282.75356777083334,0.007440479166632485,36,106,ZOMBIE                          Words and music by Dolores ORiordan,36815,1,Drum Kit _ 1
282.75356777083334,0.007440479166632485,46,71,ZOMBIE                          Words and music by Dolores ORiordan,36815,1,Drum Kit _ 1
282.75356777083334,0.2008929374999866,47,127,ZOMBIE                          Words and music by Dolores ORiordan,36815,27,Distortion Guitar _ 1
282.75356777083334,0.2604167708333307,31,103,ZOMBIE                          Words and music by Dolores ORiordan,36815,35,Electric Bass (finger) _ 1
282.75356777083334,0.2752977291666525,43,127,ZOMBIE                          Words and music by Dolores ORiordan,36815,37,Distortion Guitar _ 1
282.76100825,0.3497025208333753,50,127,ZOMBIE                          Words and music by Dolores ORiordan,36816,47,Distortion Guitar _ 1
283.11071077083335,0.007440479166632485,36,114,ZOMBIE                          Words and music by Dolores ORiordan,36863,1,Drum Kit _ 1
283.11071077083335,0.007440479166632485,46,76,ZOMBIE                          Words and music by Dolores ORiordan,36863,1,Drum Kit _ 1
283.11071077083335,0.24553581249995204,30,110,ZOMBIE                          Words and music by Dolores ORiordan,36863,33,Electric Bass (finger) _ 1
283.073508375,0.37946443749996206,66,127,ZOMBIE                          Words and music by Dolores ORiordan,36858,51,Distortion Guitar _ 1
283.08838933333334,0.3720239583333296,42,125,ZOMBIE                          Words and music by Dolores ORiordan,36860,50,Distortion Guitar _ 1
283.1255917291667,0.3422620416666291,45,127,ZOMBIE                          Words and music by Dolores ORiordan,36865,46,Distortion Guitar _ 1
283.08838933333334,0.37946443749996206,71,127,ZOMBIE                          Words and music by Dolores ORiordan,36860,51,Distortion Guitar _ 1
283.4678537708333,0.007440479166689329,36,105,ZOMBIE                          Words and music by Dolores ORiordan,36911,1,Drum Kit _ 1
283.4678537708333,0.007440479166689329,46,68,ZOMBIE                          Words and music by Dolores ORiordan,36911,1,Drum Kit _ 1
283.11815125,0.35714300000000776,50,123,ZOMBIE                          Words and music by Dolores ORiordan,36864,48,Distortion Guitar _ 1
283.4678537708333,0.2455358125000089,30,95,ZOMBIE                          Words and music by Dolores ORiordan,36911,33,Electric Bass (finger) _ 1
283.47529425,0.34970252083331843,42,127,ZOMBIE                          Words and music by Dolores ORiordan,36912,47,Distortion Guitar _ 1
283.4827347291667,0.3422620416666291,50,113,ZOMBIE                          Words and music by Dolores ORiordan,36913,46,Distortion Guitar _ 1
283.8249967708333,0.007440479166689329,40,121,ZOMBIE                          Words and music by Dolores ORiordan,36959,1,Drum Kit _ 1
283.8249967708333,0.007440479166689329,36,113,ZOMBIE                          Words and music by Dolores ORiordan,36959,1,Drum Kit _ 1
283.8249967708333,0.007440479166689329,46,116,ZOMBIE                          Words and music by Dolores ORiordan,36959,1,Drum Kit _ 1
283.4827347291667,0.34970252083331843,55,127,ZOMBIE                          Words and music by Dolores ORiordan,36913,47,Distortion Guitar _ 1
283.8398777291667,0.22321437499999774,30,101,ZOMBIE                          Words and music by Dolores ORiordan,36961,30,Electric Bass (finger) _ 1
283.44553233333335,0.6622026458333039,63,108,ZOMBIE                          Words and music by Dolores ORiordan,36908,89,Distortion Guitar _ 1
283.46041329166667,0.6622026458333039,68,99,ZOMBIE                          Words and music by Dolores ORiordan,36910,89,Distortion Guitar _ 1
283.83243725,0.34226204166668595,42,127,ZOMBIE                          Words and music by Dolores ORiordan,36960,46,Distortion Guitar _ 1
284.1821397708333,0.007440479166689329,36,106,ZOMBIE                          Words and music by Dolores ORiordan,37007,1,Drum Kit _ 1
284.1821397708333,0.007440479166689329,46,74,ZOMBIE                          Words and music by Dolores ORiordan,37007,1,Drum Kit _ 1
283.83243725,0.35714300000000776,50,127,ZOMBIE                          Words and music by Dolores ORiordan,36960,48,Distortion Guitar _ 1
284.1821397708333,0.007440479166689329,42,120,ZOMBIE                          Words and music by Dolores ORiordan,37007,1,Distortion Guitar _ 1
283.4827347291667,0.7068455208333262,45,127,ZOMBIE                          Words and music by Dolores ORiordan,36913,95,Distortion Guitar _ 1
283.8398777291667,0.34970252083331843,55,127,ZOMBIE                          Words and music by Dolores ORiordan,36961,47,Distortion Guitar _ 1
284.36071127083335,0.007440479166632485,40,111,ZOMBIE                          Words and music by Dolores ORiordan,37031,1,Drum Kit _ 1
284.19702072916664,0.21577389583336526,30,93,ZOMBIE                          Words and music by Dolores ORiordan,37009,29,Electric Bass (finger) _ 1
284.19702072916664,0.34226204166668595,50,127,ZOMBIE                          Words and music by Dolores ORiordan,37009,46,Distortion Guitar _ 1
284.5392827708333,0.007440479166689329,36,113,ZOMBIE                          Words and music by Dolores ORiordan,37055,1,Drum Kit _ 1
284.5392827708333,0.007440479166689329,46,66,ZOMBIE                          Words and music by Dolores ORiordan,37055,1,Drum Kit _ 1
284.19702072916664,0.3497025208333753,45,127,ZOMBIE                          Words and music by Dolores ORiordan,37009,47,Distortion Guitar _ 1
284.19702072916664,0.3497025208333753,42,127,ZOMBIE                          Words and music by Dolores ORiordan,37009,47,Distortion Guitar _ 1
284.54672325,0.007440479166632485,50,79,ZOMBIE                          Words and music by Dolores ORiordan,37056,1,Distortion Guitar _ 1
284.19702072916664,0.35714300000000776,55,127,ZOMBIE                          Words and music by Dolores ORiordan,37009,48,Distortion Guitar _ 1
284.7327352291667,0.007440479166632485,40,120,ZOMBIE                          Words and music by Dolores ORiordan,37081,1,Drum Kit _ 1
284.13749689583335,0.7366074374999698,64,127,ZOMBIE                          Words and music by Dolores ORiordan,37001,99,Distortion Guitar _ 1
284.54672325,0.3422620416666291,30,107,ZOMBIE                          Words and music by Dolores ORiordan,37056,46,Electric Bass (finger) _ 1
284.55416372916665,0.3348215624999966,42,127,ZOMBIE                          Words and music by Dolores ORiordan,37057,45,Distortion Guitar _ 1
284.1523778541667,0.7366074374999698,69,127,ZOMBIE                          Words and music by Dolores ORiordan,37003,99,Distortion Guitar _ 1
284.56160420833334,0.3348215624999966,50,118,ZOMBIE                          Words and music by Dolores ORiordan,37058,45,Distortion Guitar _ 1
284.89642577083333,0.007440479166689329,36,105,ZOMBIE                          Words and music by Dolores ORiordan,37103,1,Drum Kit _ 1
284.89642577083333,0.007440479166689329,46,69,ZOMBIE                          Words and music by Dolores ORiordan,37103,1,Drum Kit _ 1
284.56160420833334,0.34226204166668595,55,126,ZOMBIE                          Words and music by Dolores ORiordan,37058,46,Distortion Guitar _ 1
284.89642577083333,0.34970252083331843,31,98,ZOMBIE                          Words and music by Dolores ORiordan,37103,47,Electric Bass (finger) _ 1
284.89642577083333,0.34970252083331843,43,127,ZOMBIE                          Words and music by Dolores ORiordan,37103,47,Distortion Guitar _ 1
285.25356877083334,0.007440479166632485,40,127,ZOMBIE                          Words and music by Dolores ORiordan,37151,1,Drum Kit _ 1
285.25356877083334,0.007440479166632485,36,112,ZOMBIE                          Words and music by Dolores ORiordan,37151,1,Drum Kit _ 1
285.25356877083334,0.007440479166632485,46,98,ZOMBIE                          Words and music by Dolores ORiordan,37151,1,Drum Kit _ 1
284.90386625,0.3571429999999509,50,127,ZOMBIE                          Words and music by Dolores ORiordan,37104,48,Distortion Guitar _ 1
284.55416372916665,0.7142860000000155,45,127,ZOMBIE                          Words and music by Dolores ORiordan,37057,96,Distortion Guitar _ 1
284.8741043333333,0.5431549791666725,66,127,ZOMBIE                          Words and music by Dolores ORiordan,37100,73,Distortion Guitar _ 1
284.88898529166664,0.5431549791666725,71,127,ZOMBIE                          Words and music by Dolores ORiordan,37102,73,Distortion Guitar _ 1
285.25356877083334,0.34970252083331843,30,114,ZOMBIE                          Words and music by Dolores ORiordan,37151,47,Electric Bass (finger) _ 1
285.61071177083335,0.007440479166632485,36,111,ZOMBIE                          Words and music by Dolores ORiordan,37199,1,Drum Kit _ 1
285.61071177083335,0.007440479166632485,46,108,ZOMBIE                          Words and music by Dolores ORiordan,37199,1,Drum Kit _ 1
285.27589020833335,0.3422620416666291,45,127,ZOMBIE                          Words and music by Dolores ORiordan,37154,46,Distortion Guitar _ 1
285.26844972916666,0.34970252083331843,50,127,ZOMBIE                          Words and music by Dolores ORiordan,37153,47,Distortion Guitar _ 1
285.25356877083334,0.3869049166666514,42,127,ZOMBIE                          Words and music by Dolores ORiordan,37151,52,Distortion Guitar _ 1
285.4321402708333,0.48363114583332845,66,127,ZOMBIE                          Words and music by Dolores ORiordan,37175,65,Distortion Guitar _ 1
285.44702122916664,0.4836311458333853,71,127,ZOMBIE                          Words and music by Dolores ORiordan,37177,65,Distortion Guitar _ 1
285.62559272916667,0.3199406041666748,50,109,ZOMBIE                          Words and music by Dolores ORiordan,37201,43,Distortion Guitar _ 1
285.62559272916667,0.3273810833333073,43,127,ZOMBIE                          Words and music by Dolores ORiordan,37201,44,Distortion Guitar _ 1
285.61071177083335,0.34970252083331843,31,111,ZOMBIE                          Words and music by Dolores ORiordan,37199,47,Electric Bass (finger) _ 1
285.62559272916667,0.34226204166668595,45,127,ZOMBIE                          Words and music by Dolores ORiordan,37201,46,Distortion Guitar _ 1
285.96785477083336,0.007440479166632485,36,114,ZOMBIE                          Words and music by Dolores ORiordan,37247,1,Drum Kit _ 1
285.96785477083336,0.007440479166632485,40,108,ZOMBIE                          Words and music by Dolores ORiordan,37247,1,Drum Kit _ 1
284.91130672916665,1.0714290000000233,55,118,ZOMBIE                          Words and music by Dolores ORiordan,37105,144,Distortion Guitar _ 1
285.97529525,0.2455358125000089,28,109,ZOMBIE                          Words and music by Dolores ORiordan,37248,33,Electric Bass (finger) _ 1
285.96785477083336,0.3125001249999855,52,127,ZOMBIE                          Words and music by Dolores ORiordan,37247,42,Distortion Guitar _ 1
285.97529525,0.34226204166668595,47,127,ZOMBIE                          Words and music by Dolores ORiordan,37248,46,Distortion Guitar _ 1
285.97529525,0.34226204166668595,40,125,ZOMBIE                          Words and music by Dolores ORiordan,37248,46,Distortion Guitar _ 1
286.3249977708333,0.007440479166689329,36,107,ZOMBIE                          Words and music by Dolores ORiordan,37295,1,Drum Kit _ 1
286.3249977708333,0.007440479166689329,46,69,ZOMBIE                          Words and music by Dolores ORiordan,37295,1,Drum Kit _ 1
286.3249977708333,0.21577389583336526,28,99,ZOMBIE                          Words and music by Dolores ORiordan,37295,29,Electric Bass (finger) _ 1
286.3398787291667,0.3273810833333073,47,125,ZOMBIE                          Words and music by Dolores ORiordan,37297,44,Distortion Guitar _ 1
286.6821407708333,0.007440479166689329,36,114,ZOMBIE                          Words and music by Dolores ORiordan,37343,1,Drum Kit _ 1
286.3249977708333,0.3645834791666971,40,127,ZOMBIE                          Words and music by Dolores ORiordan,37295,49,Distortion Guitar _ 1
286.6970217291667,0.007440479166632485,46,109,ZOMBIE                          Words and music by Dolores ORiordan,37345,1,Drum Kit _ 1
285.93809285416665,0.8110122291666926,66,127,ZOMBIE                          Words and music by Dolores ORiordan,37243,109,Distortion Guitar _ 1
285.9529738125,0.8110122291666926,71,127,ZOMBIE                          Words and music by Dolores ORiordan,37245,109,Distortion Guitar _ 1
286.6970217291667,0.2083334166666191,28,110,ZOMBIE                          Words and music by Dolores ORiordan,37345,28,Electric Bass (finger) _ 1
286.3249977708333,0.6994050416666937,52,107,ZOMBIE                          Words and music by Dolores ORiordan,37295,94,Distortion Guitar _ 1
286.6747002916667,0.35714300000000776,47,127,ZOMBIE                          Words and music by Dolores ORiordan,37342,48,Distortion Guitar _ 1
287.0392837708333,0.007440479166689329,36,106,ZOMBIE                          Words and music by Dolores ORiordan,37391,1,Drum Kit _ 1
287.0392837708333,0.007440479166689329,46,67,ZOMBIE                          Words and music by Dolores ORiordan,37391,1,Drum Kit _ 1
287.0392837708333,0.19345245833335412,28,91,ZOMBIE                          Words and music by Dolores ORiordan,37391,26,Electric Bass (finger) _ 1
287.0318432916667,0.34970252083331843,40,127,ZOMBIE                          Words and music by Dolores ORiordan,37390,47,Distortion Guitar _ 1
287.0318432916667,0.34970252083331843,52,85,ZOMBIE                          Words and music by Dolores ORiordan,37390,47,Distortion Guitar _ 1
287.39642677083333,0.007440479166689329,36,114,ZOMBIE                          Words and music by Dolores ORiordan,37439,1,Drum Kit _ 1
287.39642677083333,0.007440479166689329,46,71,ZOMBIE                          Words and music by Dolores ORiordan,37439,1,Drum Kit _ 1
287.38898629166664,0.014880958333378658,40,127,ZOMBIE                          Words and music by Dolores ORiordan,37438,2,Distortion Guitar _ 1
287.39642677083333,0.22321437499999774,28,112,ZOMBIE                          Words and music by Dolores ORiordan,37439,30,Electric Bass (finger) _ 1
287.002081375,0.721726479166648,64,127,ZOMBIE                          Words and music by Dolores ORiordan,37386,97,Distortion Guitar _ 1
287.0169623333333,0.7217264791667048,69,127,ZOMBIE                          Words and music by Dolores ORiordan,37388,97,Distortion Guitar _ 1
287.38898629166664,0.35714300000000776,52,127,ZOMBIE                          Words and music by Dolores ORiordan,37438,48,Distortion Guitar _ 1
287.75356977083334,0.007440479166632485,36,106,ZOMBIE                          Words and music by Dolores ORiordan,37487,1,Drum Kit _ 1
287.75356977083334,0.007440479166632485,46,66,ZOMBIE                          Words and music by Dolores ORiordan,37487,1,Drum Kit _ 1
287.0392837708333,0.721726479166648,47,127,ZOMBIE                          Words and music by Dolores ORiordan,37391,97,Distortion Guitar _ 1
287.75356977083334,0.34970252083331843,28,107,ZOMBIE                          Words and music by Dolores ORiordan,37487,47,Electric Bass (finger) _ 1
287.75356977083334,0.34970252083331843,40,127,ZOMBIE                          Words and music by Dolores ORiordan,37487,47,Distortion Guitar _ 1
288.11071277083335,0.007440479166632485,36,115,ZOMBIE                          Words and music by Dolores ORiordan,37535,1,Drum Kit _ 1
288.11071277083335,0.007440479166632485,46,106,ZOMBIE                          Words and music by Dolores ORiordan,37535,1,Drum Kit _ 1
288.11071277083335,0.007440479166632485,40,105,ZOMBIE                          Words and music by Dolores ORiordan,37535,1,Drum Kit _ 1
287.76845072916666,0.34970252083331843,47,127,ZOMBIE                          Words and music by Dolores ORiordan,37489,47,Distortion Guitar _ 1
287.72380785416664,0.5654764166666837,66,127,ZOMBIE                          Words and music by Dolores ORiordan,37483,76,Distortion Guitar _ 1
287.7386888125,0.5654764166666268,71,122,ZOMBIE                          Words and music by Dolores ORiordan,37485,76,Distortion Guitar _ 1
288.11071277083335,0.34970252083331843,31,103,ZOMBIE                          Words and music by Dolores ORiordan,37535,47,Electric Bass (finger) _ 1
288.12559372916667,0.3348215624999966,43,127,ZOMBIE                          Words and music by Dolores ORiordan,37537,45,Distortion Guitar _ 1
288.12559372916667,0.3348215624999966,47,127,ZOMBIE                          Words and music by Dolores ORiordan,37537,45,Distortion Guitar _ 1
287.75356977083334,0.7068455208333262,52,127,ZOMBIE                          Words and music by Dolores ORiordan,37487,95,Distortion Guitar _ 1
288.46785577083335,0.007440479166632485,36,106,ZOMBIE                          Words and music by Dolores ORiordan,37583,1,Drum Kit _ 1
288.46785577083335,0.007440479166632485,46,69,ZOMBIE                          Words and music by Dolores ORiordan,37583,1,Drum Kit _ 1
288.46785577083335,0.17857149999997546,52,127,ZOMBIE                          Words and music by Dolores ORiordan,37583,24,Distortion Guitar _ 1
288.46785577083335,0.19345245833329727,47,127,ZOMBIE                          Words and music by Dolores ORiordan,37583,26,Distortion Guitar _ 1
288.29672475,0.48363114583332845,66,127,ZOMBIE                          Words and music by Dolores ORiordan,37560,65,Distortion Guitar _ 1
288.31160570833333,0.48363114583332845,71,123,ZOMBIE                          Words and music by Dolores ORiordan,37562,65,Distortion Guitar _ 1
288.46785577083335,0.3348215624999966,40,127,ZOMBIE                          Words and music by Dolores ORiordan,37583,45,Distortion Guitar _ 1
288.46785577083335,0.34970252083331843,28,96,ZOMBIE                          Words and music by Dolores ORiordan,37583,47,Electric Bass (finger) _ 1
288.8249987708333,0.007440479166689329,36,114,ZOMBIE                          Words and music by Dolores ORiordan,37631,1,Drum Kit _ 1
288.8249987708333,0.007440479166689329,46,68,ZOMBIE                          Words and music by Dolores ORiordan,37631,1,Drum Kit _ 1
288.8249987708333,0.007440479166689329,40,98,ZOMBIE                          Words and music by Dolores ORiordan,37631,1,Drum Kit _ 1
288.8249987708333,0.34226204166668595,48,127,ZOMBIE                          Words and music by Dolores ORiordan,37631,46,Distortion Guitar _ 1
288.83243925,0.34226204166668595,55,127,ZOMBIE                          Words and music by Dolores ORiordan,37632,46,Distortion Guitar _ 1
288.8249987708333,0.3497025208333753,52,127,ZOMBIE                          Words and music by Dolores ORiordan,37631,47,Distortion Guitar _ 1
289.1821417708333,0.007440479166689329,36,105,ZOMBIE                          Words and music by Dolores ORiordan,37679,1,Drum Kit _ 1
289.1821417708333,0.007440479166689329,46,68,ZOMBIE                          Words and music by Dolores ORiordan,37679,1,Drum Kit _ 1
288.80267733333335,0.7068455208333262,66,127,ZOMBIE                          Words and music by Dolores ORiordan,37628,95,Distortion Guitar _ 1
289.1821417708333,0.3348215624999966,52,127,ZOMBIE                          Words and music by Dolores ORiordan,37679,45,Distortion Guitar _ 1
289.1821417708333,0.34226204166668595,48,127,ZOMBIE                          Words and music by Dolores ORiordan,37679,46,Distortion Guitar _ 1
288.81755829166667,0.7068455208333262,71,127,ZOMBIE                          Words and music by Dolores ORiordan,37630,95,Distortion Guitar _ 1
289.18958225,0.34226204166668595,55,127,ZOMBIE                          Words and music by Dolores ORiordan,37680,46,Distortion Guitar _ 1
289.5392847708333,0.007440479166689329,36,113,ZOMBIE                          Words and music by Dolores ORiordan,37727,1,Drum Kit _ 1
289.5392847708333,0.007440479166689329,46,111,ZOMBIE                          Words and music by Dolores ORiordan,37727,1,Drum Kit _ 1
289.5392847708333,0.007440479166689329,40,104,ZOMBIE                          Words and music by Dolores ORiordan,37727,1,Drum Kit _ 1
289.5318442916667,0.3422620416666291,52,127,ZOMBIE                          Words and music by Dolores ORiordan,37726,46,Distortion Guitar _ 1
289.5318442916667,0.3422620416666291,48,127,ZOMBIE                          Words and music by Dolores ORiordan,37726,46,Distortion Guitar _ 1
289.5392847708333,0.34970252083331843,55,127,ZOMBIE                          Words and music by Dolores ORiordan,37727,47,Distortion Guitar _ 1
289.8964277708333,0.007440479166689329,36,106,ZOMBIE                          Words and music by Dolores ORiordan,37775,1,Drum Kit _ 1
289.8964277708333,0.007440479166689329,46,76,ZOMBIE                          Words and music by Dolores ORiordan,37775,1,Drum Kit _ 1
289.8815468125,0.34970252083331843,48,127,ZOMBIE                          Words and music by Dolores ORiordan,37773,47,Distortion Guitar _ 1
289.8815468125,0.35714300000000776,52,108,ZOMBIE                          Words and music by Dolores ORiordan,37773,48,Distortion Guitar _ 1
289.8964277708333,0.34226204166668595,55,127,ZOMBIE                          Words and music by Dolores ORiordan,37775,46,Distortion Guitar _ 1
290.25357077083333,0.007440479166632485,36,113,ZOMBIE                          Words and music by Dolores ORiordan,37823,1,Drum Kit _ 1
290.25357077083333,0.007440479166632485,46,69,ZOMBIE                          Words and music by Dolores ORiordan,37823,1,Drum Kit _ 1
290.25357077083333,0.007440479166632485,40,102,ZOMBIE                          Words and music by Dolores ORiordan,37823,1,Drum Kit _ 1
290.24613029166665,0.3497025208333753,52,124,ZOMBIE                          Words and music by Dolores ORiordan,37822,47,Distortion Guitar _ 1
290.25357077083333,0.34970252083331843,55,127,ZOMBIE                          Words and music by Dolores ORiordan,37823,47,Distortion Guitar _ 1
290.61071377083334,0.007440479166632485,36,105,ZOMBIE                          Words and music by Dolores ORiordan,37871,1,Drum Kit _ 1
290.61071377083334,0.007440479166632485,46,73,ZOMBIE                          Words and music by Dolores ORiordan,37871,1,Drum Kit _ 1
289.8517848958333,0.7738098333333596,64,127,ZOMBIE                          Words and music by Dolores ORiordan,37769,104,Distortion Guitar _ 1
289.8666658541667,0.7738098333333028,69,127,ZOMBIE                          Words and music by Dolores ORiordan,37771,104,Distortion Guitar _ 1
290.60327329166665,0.34970252083331843,52,127,ZOMBIE                          Words and music by Dolores ORiordan,37870,47,Distortion Guitar _ 1
290.96785677083335,0.007440479166632485,36,112,ZOMBIE                          Words and music by Dolores ORiordan,37919,1,Drum Kit _ 1
290.96785677083335,0.007440479166632485,46,112,ZOMBIE                          Words and music by Dolores ORiordan,37919,1,Drum Kit _ 1
290.96785677083335,0.007440479166632485,40,102,ZOMBIE                          Words and music by Dolores ORiordan,37919,1,Drum Kit _ 1
290.61071377083334,0.36458347916664025,55,127,ZOMBIE                          Words and music by Dolores ORiordan,37871,49,Distortion Guitar _ 1
290.2386898125,0.758928874999981,48,127,ZOMBIE                          Words and music by Dolores ORiordan,37821,102,Distortion Guitar _ 1
290.60327329166665,0.5208335416666614,66,127,ZOMBIE                          Words and music by Dolores ORiordan,37870,70,Distortion Guitar _ 1
290.61815425,0.5208335416666614,71,122,ZOMBIE                          Words and music by Dolores ORiordan,37872,70,Distortion Guitar _ 1
290.96785677083335,0.3422620416666291,38,107,ZOMBIE                          Words and music by Dolores ORiordan,37919,46,Electric Bass (finger) _ 1
290.96785677083335,0.34970252083331843,52,127,ZOMBIE                          Words and music by Dolores ORiordan,37919,47,Distortion Guitar _ 1
290.9529758125,0.3720239583333864,50,123,ZOMBIE                          Words and music by Dolores ORiordan,37917,50,Distortion Guitar _ 1
291.31755929166667,0.014880958333321814,36,103,ZOMBIE                          Words and music by Dolores ORiordan,37966,2,Electric Bass (finger) _ 1
291.32499977083336,0.007440479166632485,46,91,ZOMBIE                          Words and music by Dolores ORiordan,37967,1,Drum Kit _ 1
291.32499977083336,0.2083334166666191,52,127,ZOMBIE                          Words and music by Dolores ORiordan,37967,28,Distortion Guitar _ 1
291.32499977083336,0.21577389583330842,48,127,ZOMBIE                          Words and music by Dolores ORiordan,37967,29,Distortion Guitar _ 1
290.9827377291667,0.6696431249999932,55,127,ZOMBIE                          Words and music by Dolores ORiordan,37921,90,Distortion Guitar _ 1
291.13898779166664,0.5357145000000401,66,127,ZOMBIE                          Words and music by Dolores ORiordan,37942,72,Distortion Guitar _ 1
291.6821427708333,0.007440479166689329,36,114,ZOMBIE                          Words and music by Dolores ORiordan,38015,1,Drum Kit _ 1
291.6821427708333,0.007440479166689329,46,71,ZOMBIE                          Words and music by Dolores ORiordan,38015,1,Drum Kit _ 1
291.6821427708333,0.007440479166689329,40,97,ZOMBIE                          Words and music by Dolores ORiordan,38015,1,Drum Kit _ 1
291.15386875,0.5357144999999832,71,125,ZOMBIE                          Words and music by Dolores ORiordan,37944,72,Distortion Guitar _ 1
291.6821427708333,0.21577389583336526,31,109,ZOMBIE                          Words and music by Dolores ORiordan,38015,29,Electric Bass (finger) _ 1
291.6970237291667,0.3348215624999966,50,117,ZOMBIE                          Words and music by Dolores ORiordan,38017,45,Distortion Guitar _ 1
291.6821427708333,0.3497025208333753,43,127,ZOMBIE                          Words and music by Dolores ORiordan,38015,47,Distortion Guitar _ 1
292.0392857708333,0.007440479166689329,36,107,ZOMBIE                          Words and music by Dolores ORiordan,38063,1,Drum Kit _ 1
292.0392857708333,0.007440479166689329,46,72,ZOMBIE                          Words and music by Dolores ORiordan,38063,1,Drum Kit _ 1
291.6970237291667,0.3571429999999509,47,127,ZOMBIE                          Words and music by Dolores ORiordan,38017,48,Distortion Guitar _ 1
292.0392857708333,0.20833341666667593,31,101,ZOMBIE                          Words and music by Dolores ORiordan,38063,28,Electric Bass (finger) _ 1
291.68958325,0.7068455208333262,66,127,ZOMBIE                          Words and music by Dolores ORiordan,38016,95,Distortion Guitar _ 1
292.3964287708333,0.007440479166689329,36,114,ZOMBIE                          Words and music by Dolores ORiordan,38111,1,Drum Kit _ 1
292.3964287708333,0.007440479166689329,46,112,ZOMBIE                          Words and music by Dolores ORiordan,38111,1,Drum Kit _ 1
292.3964287708333,0.007440479166689329,40,100,ZOMBIE                          Words and music by Dolores ORiordan,38111,1,Drum Kit _ 1
292.0616072083333,0.34226204166668595,47,127,ZOMBIE                          Words and music by Dolores ORiordan,38066,46,Distortion Guitar _ 1
292.0392857708333,0.3720239583333296,43,127,ZOMBIE                          Words and music by Dolores ORiordan,38063,50,Distortion Guitar _ 1
291.7044642083333,0.7068455208333262,71,127,ZOMBIE                          Words and music by Dolores ORiordan,38018,95,Distortion Guitar _ 1
292.3964287708333,0.2752977291666525,31,111,ZOMBIE                          Words and music by Dolores ORiordan,38111,37,Electric Bass (finger) _ 1
292.75357177083333,0.007440479166689329,36,106,ZOMBIE                          Words and music by Dolores ORiordan,38159,1,Drum Kit _ 1
292.75357177083333,0.007440479166689329,46,63,ZOMBIE                          Words and music by Dolores ORiordan,38159,1,Drum Kit _ 1
292.41875020833334,0.34226204166668595,43,127,ZOMBIE                          Words and music by Dolores ORiordan,38114,46,Distortion Guitar _ 1
292.41130972916665,0.35714300000000776,47,127,ZOMBIE                          Words and music by Dolores ORiordan,38113,48,Distortion Guitar _ 1
292.76101225,0.23065485416663023,31,93,ZOMBIE                          Words and music by Dolores ORiordan,38160,31,Electric Bass (finger) _ 1
292.77589320833334,0.3273810833333073,47,127,ZOMBIE                          Words and music by Dolores ORiordan,38162,44,Distortion Guitar _ 1
292.0392857708333,1.0714290000000233,50,127,ZOMBIE                          Words and music by Dolores ORiordan,38063,144,Distortion Guitar _ 1
293.11071477083334,0.007440479166632485,36,114,ZOMBIE                          Words and music by Dolores ORiordan,38207,1,Drum Kit _ 1
293.11071477083334,0.007440479166632485,46,69,ZOMBIE                          Words and music by Dolores ORiordan,38207,1,Drum Kit _ 1
293.11071477083334,0.007440479166632485,40,105,ZOMBIE                          Words and music by Dolores ORiordan,38207,1,Drum Kit _ 1
293.11071477083334,0.2604167708333307,31,106,ZOMBIE                          Words and music by Dolores ORiordan,38207,35,Electric Bass (finger) _ 1
293.11815525,0.34226204166668595,47,127,ZOMBIE                          Words and music by Dolores ORiordan,38208,46,Distortion Guitar _ 1
293.11815525,0.34226204166668595,50,127,ZOMBIE                          Words and music by Dolores ORiordan,38208,46,Distortion Guitar _ 1
292.76845272916665,0.6919645625000044,43,127,ZOMBIE                          Words and music by Dolores ORiordan,38161,93,Distortion Guitar _ 1
293.46785777083335,0.007440479166632485,36,106,ZOMBIE                          Words and music by Dolores ORiordan,38255,1,Drum Kit _ 1
293.46785777083335,0.007440479166632485,46,64,ZOMBIE                          Words and music by Dolores ORiordan,38255,1,Drum Kit _ 1
293.47529825,0.21577389583336526,31,93,ZOMBIE                          Words and music by Dolores ORiordan,38256,29,Electric Bass (finger) _ 1
293.82500077083336,0.007440479166632485,36,115,ZOMBIE                          Words and music by Dolores ORiordan,38303,1,Drum Kit _ 1
293.82500077083336,0.007440479166632485,46,112,ZOMBIE                          Words and music by Dolores ORiordan,38303,1,Drum Kit _ 1
293.82500077083336,0.007440479166632485,40,93,ZOMBIE                          Words and music by Dolores ORiordan,38303,1,Drum Kit _ 1
293.46785777083335,0.36458347916664025,47,127,ZOMBIE                          Words and music by Dolores ORiordan,38255,49,Distortion Guitar _ 1
293.46785777083335,0.36458347916664025,50,127,ZOMBIE                          Words and music by Dolores ORiordan,38255,49,Distortion Guitar _ 1
293.46785777083335,0.3869049166666514,43,127,ZOMBIE                          Words and music by Dolores ORiordan,38255,52,Distortion Guitar _ 1
293.83244125,0.34226204166668595,33,110,ZOMBIE                          Words and music by Dolores ORiordan,38304,46,Electric Bass (finger) _ 1
293.8398817291667,0.3348215624999966,45,127,ZOMBIE                          Words and music by Dolores ORiordan,38305,45,Distortion Guitar _ 1
294.1821437708333,0.007440479166689329,36,106,ZOMBIE                          Words and music by Dolores ORiordan,38351,1,Drum Kit _ 1
294.1821437708333,0.007440479166689329,46,71,ZOMBIE                          Words and music by Dolores ORiordan,38351,1,Drum Kit _ 1
293.8398817291667,0.34970252083331843,47,127,ZOMBIE                          Words and music by Dolores ORiordan,38305,47,Distortion Guitar _ 1
293.8398817291667,0.35714300000000776,50,127,ZOMBIE                          Words and music by Dolores ORiordan,38305,48,Distortion Guitar _ 1
294.1970247291667,0.2083334166666191,47,127,ZOMBIE                          Words and music by Dolores ORiordan,38353,28,Distortion Guitar _ 1
294.1821437708333,0.2604167708333307,31,103,ZOMBIE                          Words and music by Dolores ORiordan,38351,35,Electric Bass (finger) _ 1
292.7089288958333,1.7336316458333272,64,127,ZOMBIE                          Words and music by Dolores ORiordan,38153,233,Distortion Guitar _ 1
292.7238098541667,1.7336316458333272,69,125,ZOMBIE                          Words and music by Dolores ORiordan,38155,233,Distortion Guitar _ 1
294.1970247291667,0.2752977291666525,43,123,ZOMBIE                          Words and music by Dolores ORiordan,38353,37,Distortion Guitar _ 1
294.2044652083333,0.32738108333336413,50,127,ZOMBIE                          Words and music by Dolores ORiordan,38354,44,Distortion Guitar _ 1
294.5392867708333,0.007440479166689329,36,114,ZOMBIE                          Words and music by Dolores ORiordan,38399,1,Drum Kit _ 1
294.5392867708333,0.007440479166689329,45,70,ZOMBIE                          Words and music by Dolores ORiordan,38399,1,Drum Kit _ 1
294.5392867708333,0.007440479166689329,41,76,ZOMBIE                          Words and music by Dolores ORiordan,38399,1,Drum Kit _ 1
294.5392867708333,0.007440479166689329,46,76,ZOMBIE                          Words and music by Dolores ORiordan,38399,1,Drum Kit _ 1
294.5392867708333,0.2455358125000089,30,110,ZOMBIE                          Words and music by Dolores ORiordan,38399,33,Electric Bass (finger) _ 1
294.5169653333333,0.3348215624999966,66,127,ZOMBIE                          Words and music by Dolores ORiordan,38396,45,Distortion Guitar _ 1
294.5318462916667,0.3348215624999966,71,127,ZOMBIE                          Words and music by Dolores ORiordan,38398,45,Distortion Guitar _ 1
294.5318462916667,0.3571429999999509,42,127,ZOMBIE                          Words and music by Dolores ORiordan,38398,48,Distortion Guitar _ 1
294.5392867708333,0.35714300000000776,50,127,ZOMBIE                          Words and music by Dolores ORiordan,38399,48,Distortion Guitar _ 1
294.8964297708333,0.007440479166689329,36,105,ZOMBIE                          Words and music by Dolores ORiordan,38447,1,Drum Kit _ 1
294.8964297708333,0.007440479166689329,41,83,ZOMBIE                          Words and music by Dolores ORiordan,38447,1,Drum Kit _ 1
294.8964297708333,0.007440479166689329,46,68,ZOMBIE                          Words and music by Dolores ORiordan,38447,1,Drum Kit _ 1
294.8964297708333,0.2455358125000089,30,95,ZOMBIE                          Words and music by Dolores ORiordan,38447,33,Electric Bass (finger) _ 1
294.90387025,0.3422620416666291,50,127,ZOMBIE                          Words and music by Dolores ORiordan,38448,46,Distortion Guitar _ 1
295.25357277083333,0.007440479166689329,36,113,ZOMBIE                          Words and music by Dolores ORiordan,38495,1,Drum Kit _ 1
295.25357277083333,0.007440479166689329,45,88,ZOMBIE                          Words and music by Dolores ORiordan,38495,1,Drum Kit _ 1
295.25357277083333,0.007440479166689329,41,93,ZOMBIE                          Words and music by Dolores ORiordan,38495,1,Drum Kit _ 1
295.25357277083333,0.007440479166689329,46,116,ZOMBIE                          Words and music by Dolores ORiordan,38495,1,Drum Kit _ 1
295.26845372916665,0.22321437499999774,30,101,ZOMBIE                          Words and music by Dolores ORiordan,38497,30,Electric Bass (finger) _ 1
294.8666678541667,0.6770836041666826,63,121,ZOMBIE                          Words and music by Dolores ORiordan,38443,91,Distortion Guitar _ 1
294.8815488125,0.6770836041666826,68,112,ZOMBIE                          Words and music by Dolores ORiordan,38445,91,Distortion Guitar _ 1
294.8964297708333,0.7068455208333262,42,127,ZOMBIE                          Words and music by Dolores ORiordan,38447,95,Distortion Guitar _ 1
295.25357277083333,0.34970252083331843,50,127,ZOMBIE                          Words and music by Dolores ORiordan,38495,47,Distortion Guitar _ 1
295.61071577083334,0.007440479166689329,36,106,ZOMBIE                          Words and music by Dolores ORiordan,38543,1,Drum Kit _ 1
295.61071577083334,0.007440479166689329,45,81,ZOMBIE                          Words and music by Dolores ORiordan,38543,1,Drum Kit _ 1
295.61071577083334,0.007440479166689329,41,86,ZOMBIE                          Words and music by Dolores ORiordan,38543,1,Drum Kit _ 1
295.61071577083334,0.007440479166689329,46,74,ZOMBIE                          Words and music by Dolores ORiordan,38543,1,Drum Kit _ 1
295.62559672916666,0.21577389583336526,30,93,ZOMBIE                          Words and music by Dolores ORiordan,38545,29,Electric Bass (finger) _ 1
295.61071577083334,0.34970252083331843,42,127,ZOMBIE                          Words and music by Dolores ORiordan,38543,47,Distortion Guitar _ 1
295.61071577083334,0.35714300000000776,50,127,ZOMBIE                          Words and music by Dolores ORiordan,38543,48,Distortion Guitar _ 1
295.96785877083335,0.007440479166632485,36,113,ZOMBIE                          Words and music by Dolores ORiordan,38591,1,Drum Kit _ 1
295.96785877083335,0.007440479166632485,41,97,ZOMBIE                          Words and music by Dolores ORiordan,38591,1,Drum Kit _ 1
295.96785877083335,0.007440479166632485,45,77,ZOMBIE                          Words and music by Dolores ORiordan,38591,1,Drum Kit _ 1
295.96785877083335,0.007440479166632485,46,66,ZOMBIE                          Words and music by Dolores ORiordan,38591,1,Drum Kit _ 1
295.97529925,0.014880958333378658,50,127,ZOMBIE                          Words and music by Dolores ORiordan,38592,2,Distortion Guitar _ 1
295.97529925,0.34226204166668595,30,107,ZOMBIE                          Words and music by Dolores ORiordan,38592,46,Electric Bass (finger) _ 1
295.96785877083335,0.34970252083331843,42,126,ZOMBIE                          Words and music by Dolores ORiordan,38591,47,Distortion Guitar _ 1
296.32500177083335,0.007440479166632485,36,105,ZOMBIE                          Words and music by Dolores ORiordan,38639,1,Drum Kit _ 1
296.32500177083335,0.007440479166632485,46,69,ZOMBIE                          Words and music by Dolores ORiordan,38639,1,Drum Kit _ 1
296.32500177083335,0.007440479166632485,40,108,ZOMBIE                          Words and music by Dolores ORiordan,38639,1,Drum Kit _ 1
296.32500177083335,0.3422620416666291,45,127,ZOMBIE                          Words and music by Dolores ORiordan,38639,46,Distortion Guitar _ 1
296.32500177083335,0.34970252083331843,31,98,ZOMBIE                          Words and music by Dolores ORiordan,38639,47,Electric Bass (finger) _ 1
296.32500177083335,0.34970252083331843,50,127,ZOMBIE                          Words and music by Dolores ORiordan,38639,47,Distortion Guitar _ 1
296.6821447708333,0.007440479166689329,36,112,ZOMBIE                          Words and music by Dolores ORiordan,38687,1,Drum Kit _ 1
296.6821447708333,0.007440479166689329,46,110,ZOMBIE                          Words and music by Dolores ORiordan,38687,1,Drum Kit _ 1
296.6821447708333,0.007440479166689329,40,93,ZOMBIE                          Words and music by Dolores ORiordan,38687,1,Drum Kit _ 1
296.32500177083335,0.36458347916664025,43,127,ZOMBIE                          Words and music by Dolores ORiordan,38639,49,Distortion Guitar _ 1
296.86071627083334,0.007440479166632485,40,108,ZOMBIE                          Words and music by Dolores ORiordan,38711,1,Drum Kit _ 1
296.6821447708333,0.3497025208333753,30,114,ZOMBIE                          Words and music by Dolores ORiordan,38687,47,Electric Bass (finger) _ 1
296.67470429166667,0.35714300000000776,45,127,ZOMBIE                          Words and music by Dolores ORiordan,38686,48,Distortion Guitar _ 1
296.6821447708333,0.3497025208333753,50,127,ZOMBIE                          Words and music by Dolores ORiordan,38687,47,Distortion Guitar _ 1
296.6821447708333,0.3497025208333753,42,127,ZOMBIE                          Words and music by Dolores ORiordan,38687,47,Distortion Guitar _ 1
297.0392877708333,0.007440479166689329,36,111,ZOMBIE                          Words and music by Dolores ORiordan,38735,1,Drum Kit _ 1
297.0392877708333,0.007440479166689329,46,99,ZOMBIE                          Words and music by Dolores ORiordan,38735,1,Drum Kit _ 1
297.0392877708333,0.007440479166689329,43,93,ZOMBIE                          Words and music by Dolores ORiordan,38735,1,Drum Kit _ 1
297.21785927083334,0.007440479166632485,43,124,ZOMBIE                          Words and music by Dolores ORiordan,38759,1,Drum Kit _ 1
297.0392877708333,0.32738108333336413,50,127,ZOMBIE                          Words and music by Dolores ORiordan,38735,44,Distortion Guitar _ 1
297.0392877708333,0.3348215624999966,45,127,ZOMBIE                          Words and music by Dolores ORiordan,38735,45,Distortion Guitar _ 1
297.0392877708333,0.3497025208333753,31,111,ZOMBIE                          Words and music by Dolores ORiordan,38735,47,Electric Bass (finger) _ 1
297.3964307708333,0.007440479166689329,36,114,ZOMBIE                          Words and music by Dolores ORiordan,38783,1,Drum Kit _ 1
297.3964307708333,0.007440479166689329,49,100,ZOMBIE                          Words and music by Dolores ORiordan,38783,1,Drum Kit _ 1
297.57500227083335,0.007440479166632485,42,91,ZOMBIE                          Words and music by Dolores ORiordan,38807,1,Drum Kit _ 1
297.40387125,0.2752977291666525,28,117,ZOMBIE                          Words and music by Dolores ORiordan,38784,37,Electric Bass (finger) _ 1
297.7535737708333,0.007440479166689329,36,114,ZOMBIE                          Words and music by Dolores ORiordan,38831,1,Drum Kit _ 1
297.7535737708333,0.007440479166689329,42,65,ZOMBIE                          Words and music by Dolores ORiordan,38831,1,Drum Kit _ 1
297.93214527083336,0.007440479166632485,42,82,ZOMBIE                          Words and music by Dolores ORiordan,38855,1,Drum Kit _ 1
297.76845472916665,0.1860119791666648,28,109,ZOMBIE                          Words and music by Dolores ORiordan,38833,25,Electric Bass (finger) _ 1
298.11071677083333,0.007440479166689329,42,114,ZOMBIE                          Words and music by Dolores ORiordan,38879,1,Drum Kit _ 1
298.2892882708333,0.007440479166689329,42,71,ZOMBIE                          Words and music by Dolores ORiordan,38903,1,Drum Kit _ 1
298.12559772916666,0.2008929374999866,28,112,ZOMBIE                          Words and music by Dolores ORiordan,38881,27,Electric Bass (finger) _ 1
298.46041929166665,0.007440479166689329,54,64,ZOMBIE                          Words and music by Dolores ORiordan,38926,1,Drum Kit _ 1
298.46785977083334,0.007440479166632485,36,103,ZOMBIE                          Words and music by Dolores ORiordan,38927,1,Drum Kit _ 1
298.46785977083334,0.007440479166632485,42,56,ZOMBIE                          Words and music by Dolores ORiordan,38927,1,Drum Kit _ 1
298.6464312708333,0.007440479166689329,42,72,ZOMBIE                          Words and music by Dolores ORiordan,38951,1,Drum Kit _ 1
298.46785977083334,0.21577389583330842,28,98,ZOMBIE                          Words and music by Dolores ORiordan,38927,29,Electric Bass (finger) _ 1
298.81756229166666,0.007440479166689329,54,92,ZOMBIE                          Words and music by Dolores ORiordan,38974,1,Drum Kit _ 1
298.82500277083335,0.007440479166632485,36,114,ZOMBIE                          Words and music by Dolores ORiordan,38975,1,Drum Kit _ 1
298.82500277083335,0.007440479166632485,42,101,ZOMBIE                          Words and music by Dolores ORiordan,38975,1,Drum Kit _ 1
299.0035742708333,0.007440479166689329,42,68,ZOMBIE                          Words and music by Dolores ORiordan,38999,1,Drum Kit _ 1
298.82500277083335,0.23809533333331956,28,110,ZOMBIE                          Words and music by Dolores ORiordan,38975,32,Electric Bass (finger) _ 1
299.17470529166667,0.007440479166632485,54,107,ZOMBIE                          Words and music by Dolores ORiordan,39022,1,Drum Kit _ 1
299.1821457708333,0.007440479166689329,36,113,ZOMBIE                          Words and music by Dolores ORiordan,39023,1,Drum Kit _ 1
299.1821457708333,0.007440479166689329,42,53,ZOMBIE                          Words and music by Dolores ORiordan,39023,1,Drum Kit _ 1
299.3590539791666,0.007352937500002099,42,71,ZOMBIE                          Words and music by Dolores ORiordan,39047,1,Drum Kit _ 1
299.1821457708333,0.34602577083330743,28,106,ZOMBIE                          Words and music by Dolores ORiordan,39023,47,Electric Bass (finger) _ 1
299.5355244791666,0.007352937500002099,42,109,ZOMBIE                          Words and music by Dolores ORiordan,39071,1,Drum Kit _ 1
299.71199497916666,0.007352937499945256,42,62,ZOMBIE                          Words and music by Dolores ORiordan,39095,1,Drum Kit _ 1
299.5355244791666,0.3455880625000418,31,110,ZOMBIE                          Words and music by Dolores ORiordan,39071,47,Electric Bass (finger) _ 1
299.88846547916665,0.007352937500002099,36,104,ZOMBIE                          Words and music by Dolores ORiordan,39119,1,Drum Kit _ 1
299.88846547916665,0.007352937500002099,42,59,ZOMBIE                          Words and music by Dolores ORiordan,39119,1,Drum Kit _ 1
300.06493597916665,0.007352937500002099,42,66,ZOMBIE                          Words and music by Dolores ORiordan,39143,1,Drum Kit _ 1
299.88846547916665,0.3382351249999829,28,101,ZOMBIE                          Words and music by Dolores ORiordan,39119,46,Electric Bass (finger) _ 1
300.23405354166664,0.014705875000004198,36,109,ZOMBIE                          Words and music by Dolores ORiordan,39166,2,Electric Bass (finger) _ 1
300.24140647916664,0.007352937500002099,42,107,ZOMBIE                          Words and music by Dolores ORiordan,39167,1,Drum Kit _ 1
300.41787697916664,0.007352937500002099,42,73,ZOMBIE                          Words and music by Dolores ORiordan,39191,1,Drum Kit _ 1
300.59434747916663,0.007352937500002099,36,110,ZOMBIE                          Words and music by Dolores ORiordan,39215,1,Drum Kit _ 1
300.59434747916663,0.007352937500002099,42,65,ZOMBIE                          Words and music by Dolores ORiordan,39215,1,Drum Kit _ 1
300.7708179791666,0.007352937500002099,42,70,ZOMBIE                          Words and music by Dolores ORiordan,39239,1,Drum Kit _ 1
300.60170041666663,0.24999987500001453,36,103,ZOMBIE                          Words and music by Dolores ORiordan,39216,34,Electric Bass (finger) _ 1
300.9472884791666,0.007352937500002099,42,105,ZOMBIE                          Words and music by Dolores ORiordan,39263,1,Drum Kit _ 1
301.1237589791666,0.007352937500002099,42,71,ZOMBIE                          Words and music by Dolores ORiordan,39287,1,Drum Kit _ 1
300.9472884791666,0.3455880625000418,36,107,ZOMBIE                          Words and music by Dolores ORiordan,39263,47,Electric Bass (finger) _ 1
301.30022947916666,0.007352937500002099,36,105,ZOMBIE                          Words and music by Dolores ORiordan,39311,1,Drum Kit _ 1
301.30022947916666,0.007352937500002099,42,60,ZOMBIE                          Words and music by Dolores ORiordan,39311,1,Drum Kit _ 1
301.3149353541666,0.12499993750003568,36,85,ZOMBIE                          Words and music by Dolores ORiordan,39313,17,Electric Bass (finger) _ 1
301.47669997916665,0.007352937500002099,42,68,ZOMBIE                          Words and music by Dolores ORiordan,39335,1,Drum Kit _ 1
301.48405291666666,0.17647049999999354,36,106,ZOMBIE                          Words and music by Dolores ORiordan,39336,24,Electric Bass (finger) _ 1
301.65317047916665,0.007352937500002099,42,103,ZOMBIE                          Words and music by Dolores ORiordan,39359,1,Drum Kit _ 1
301.82964097916664,0.007352937500002099,42,74,ZOMBIE                          Words and music by Dolores ORiordan,39383,1,Drum Kit _ 1
301.66787635416665,0.3014704374999724,38,101,ZOMBIE                          Words and music by Dolores ORiordan,39361,41,Electric Bass (finger) _ 1
302.00611147916663,0.007352937500002099,36,111,ZOMBIE                          Words and music by Dolores ORiordan,39407,1,Drum Kit _ 1
302.00611147916663,0.007352937500002099,42,62,ZOMBIE                          Words and music by Dolores ORiordan,39407,1,Drum Kit _ 1
302.1825819791666,0.007352937500002099,42,61,ZOMBIE                          Words and music by Dolores ORiordan,39431,1,Drum Kit _ 1
302.3584539791666,0.007267437499990592,46,83,ZOMBIE                          Words and music by Dolores ORiordan,39455,1,Drum Kit _ 1
302.3584539791666,0.3415695625000126,33,106,ZOMBIE                          Words and music by Dolores ORiordan,39455,47,Electric Bass (finger) _ 1
302.7072909791666,0.007267437499990592,36,101,ZOMBIE                          Words and music by Dolores ORiordan,39503,1,Drum Kit _ 1
302.7072909791666,0.007267437499990592,46,71,ZOMBIE                          Words and music by Dolores ORiordan,39503,1,Drum Kit _ 1
302.7072909791666,0.2470928750000212,31,111,ZOMBIE                          Words and music by Dolores ORiordan,39503,34,Electric Bass (finger) _ 1
295.5883943333333,7.424129020833277,69,125,ZOMBIE                          Words and music by Dolores ORiordan,38540,1005,Distortion Guitar _ 1
295.573513375,7.4608122916666275,64,127,ZOMBIE                          Words and music by Dolores ORiordan,38538,1010,Distortion Guitar _ 1
303.0561279791666,0.007267437499990592,36,111,ZOMBIE                          Words and music by Dolores ORiordan,39551,1,Drum Kit _ 1
303.0561279791666,0.007267437499990592,42,97,ZOMBIE                          Words and music by Dolores ORiordan,39551,1,Drum Kit _ 1
300.24875941666664,2.8437057499999696,71,90,ZOMBIE                          Words and music by Dolores ORiordan,39168,388,Distortion Guitar _ 1
303.2305464791666,0.007267437499990592,42,72,ZOMBIE                          Words and music by Dolores ORiordan,39575,1,Drum Kit _ 1
297.40387125,5.863012416666606,59,120,ZOMBIE                          Words and music by Dolores ORiordan,38784,796,Distortion Guitar _ 1
297.3964307708333,5.8922552083332675,52,127,ZOMBIE                          Words and music by Dolores ORiordan,38783,800,Distortion Guitar _ 1
297.40387125,5.892082166666626,40,127,ZOMBIE                          Words and music by Dolores ORiordan,38784,800,Distortion Guitar _ 1
297.3964307708333,5.899522645833315,47,127,ZOMBIE                          Words and music by Dolores ORiordan,38783,801,Distortion Guitar _ 1
303.0633954166666,0.26889518749999297,28,117,ZOMBIE                          Words and music by Dolores ORiordan,39552,37,Electric Bass (finger) _ 1
303.4049649791666,0.007267437499990592,36,112,ZOMBIE                          Words and music by Dolores ORiordan,39599,1,Drum Kit _ 1
303.4049649791666,0.007267437499990592,42,49,ZOMBIE                          Words and music by Dolores ORiordan,39599,1,Drum Kit _ 1
303.5793834791666,0.007267437499990592,42,61,ZOMBIE                          Words and music by Dolores ORiordan,39623,1,Drum Kit _ 1
303.4194998541666,0.18168593749999218,28,109,ZOMBIE                          Words and music by Dolores ORiordan,39601,25,Electric Bass (finger) _ 1
303.7538019791666,0.007267437499990592,42,105,ZOMBIE                          Words and music by Dolores ORiordan,39647,1,Drum Kit _ 1
303.9282204791666,0.007267437499990592,42,73,ZOMBIE                          Words and music by Dolores ORiordan,39671,1,Drum Kit _ 1
303.7683368541666,0.1962208125000302,28,112,ZOMBIE                          Words and music by Dolores ORiordan,39649,27,Electric Bass (finger) _ 1
304.0953715416666,0.007267437499990592,54,64,ZOMBIE                          Words and music by Dolores ORiordan,39694,1,Drum Kit _ 1
304.1026389791666,0.007267437499990592,36,102,ZOMBIE                          Words and music by Dolores ORiordan,39695,1,Drum Kit _ 1
304.1026389791666,0.007267437499990592,42,61,ZOMBIE                          Words and music by Dolores ORiordan,39695,1,Drum Kit _ 1
304.2770574791666,0.007267437499990592,42,68,ZOMBIE                          Words and music by Dolores ORiordan,39719,1,Drum Kit _ 1
304.1026389791666,0.2107556875000114,28,98,ZOMBIE                          Words and music by Dolores ORiordan,39695,29,Electric Bass (finger) _ 1
304.4442085416666,0.007267437499990592,54,92,ZOMBIE                          Words and music by Dolores ORiordan,39742,1,Drum Kit _ 1
304.4514759791666,0.007267437499990592,36,113,ZOMBIE                          Words and music by Dolores ORiordan,39743,1,Drum Kit _ 1
304.4514759791666,0.007267437499990592,42,101,ZOMBIE                          Words and music by Dolores ORiordan,39743,1,Drum Kit _ 1
304.6258944791666,0.007267437499990592,42,68,ZOMBIE                          Words and music by Dolores ORiordan,39767,1,Drum Kit _ 1
304.4514759791666,0.23255799999998317,28,110,ZOMBIE                          Words and music by Dolores ORiordan,39743,32,Electric Bass (finger) _ 1
304.79304554166663,0.007267437499990592,54,107,ZOMBIE                          Words and music by Dolores ORiordan,39790,1,Drum Kit _ 1
304.8003129791666,0.007267437499990592,36,110,ZOMBIE                          Words and music by Dolores ORiordan,39791,1,Drum Kit _ 1
304.8003129791666,0.007267437499990592,42,68,ZOMBIE                          Words and music by Dolores ORiordan,39791,1,Drum Kit _ 1
304.9747314791666,0.007267437499990592,42,68,ZOMBIE                          Words and music by Dolores ORiordan,39815,1,Drum Kit _ 1
304.8003129791666,0.3415695625000126,28,106,ZOMBIE                          Words and music by Dolores ORiordan,39791,47,Electric Bass (finger) _ 1
305.1491499791666,0.007267437499990592,42,101,ZOMBIE                          Words and music by Dolores ORiordan,39839,1,Drum Kit _ 1
305.3235684791666,0.007267437499990592,42,76,ZOMBIE                          Words and music by Dolores ORiordan,39863,1,Drum Kit _ 1
305.1491499791666,0.34156956249995574,31,110,ZOMBIE                          Words and music by Dolores ORiordan,39839,47,Electric Bass (finger) _ 1
305.4979869791666,0.007267437499990592,36,104,ZOMBIE                          Words and music by Dolores ORiordan,39887,1,Drum Kit _ 1
305.4979869791666,0.007267437499990592,42,61,ZOMBIE                          Words and music by Dolores ORiordan,39887,1,Drum Kit _ 1
305.6724054791666,0.007267437499990592,42,66,ZOMBIE                          Words and music by Dolores ORiordan,39911,1,Drum Kit _ 1
305.4979869791666,0.33430212499996514,28,101,ZOMBIE                          Words and music by Dolores ORiordan,39887,46,Electric Bass (finger) _ 1
305.8395565416666,0.014534875000038028,36,109,ZOMBIE                          Words and music by Dolores ORiordan,39934,2,Electric Bass (finger) _ 1
305.84682397916663,0.007267437499990592,42,105,ZOMBIE                          Words and music by Dolores ORiordan,39935,1,Drum Kit _ 1
306.02124247916663,0.007267437499990592,42,75,ZOMBIE                          Words and music by Dolores ORiordan,39959,1,Drum Kit _ 1
306.19566097916663,0.007267437499990592,36,110,ZOMBIE                          Words and music by Dolores ORiordan,39983,1,Drum Kit _ 1
306.19566097916663,0.007267437499990592,42,61,ZOMBIE                          Words and music by Dolores ORiordan,39983,1,Drum Kit _ 1
306.37007947916663,0.007267437499990592,42,69,ZOMBIE                          Words and music by Dolores ORiordan,40007,1,Drum Kit _ 1
306.2029284166666,0.24709287499996435,36,103,ZOMBIE                          Words and music by Dolores ORiordan,39984,34,Electric Bass (finger) _ 1
306.5444979791666,0.007267437500047436,42,105,ZOMBIE                          Words and music by Dolores ORiordan,40031,1,Drum Kit _ 1
306.7189164791666,0.007267437500047436,42,74,ZOMBIE                          Words and music by Dolores ORiordan,40055,1,Drum Kit _ 1
306.5444979791666,0.3052323750000028,36,107,ZOMBIE                          Words and music by Dolores ORiordan,40031,42,Electric Bass (finger) _ 1
306.8933349791666,0.007267437500047436,36,104,ZOMBIE                          Words and music by Dolores ORiordan,40079,1,Drum Kit _ 1
306.8933349791666,0.007267437500047436,42,68,ZOMBIE                          Words and music by Dolores ORiordan,40079,1,Drum Kit _ 1
306.9078698541666,0.13808131249999178,36,85,ZOMBIE                          Words and music by Dolores ORiordan,40081,19,Electric Bass (finger) _ 1
307.0677534791666,0.007267437500047436,42,68,ZOMBIE                          Words and music by Dolores ORiordan,40103,1,Drum Kit _ 1
307.07502091666663,0.1744185000000016,36,106,ZOMBIE                          Words and music by Dolores ORiordan,40104,24,Electric Bass (finger) _ 1
307.2421719791666,0.007267437500047436,42,103,ZOMBIE                          Words and music by Dolores ORiordan,40127,1,Drum Kit _ 1
307.4165904791666,0.007267437500047436,42,68,ZOMBIE                          Words and music by Dolores ORiordan,40151,1,Drum Kit _ 1
307.2567068541666,0.2979649375000122,38,101,ZOMBIE                          Words and music by Dolores ORiordan,40129,41,Electric Bass (finger) _ 1
307.5910089791666,0.007267437499990592,36,113,ZOMBIE                          Words and music by Dolores ORiordan,40175,1,Drum Kit _ 1
307.5910089791666,0.007267437499990592,42,64,ZOMBIE                          Words and music by Dolores ORiordan,40175,1,Drum Kit _ 1
307.7654274791666,0.007267437499990592,42,62,ZOMBIE                          Words and music by Dolores ORiordan,40199,1,Drum Kit _ 1
307.9398459791666,0.007267437499990592,42,99,ZOMBIE                          Words and music by Dolores ORiordan,40223,1,Drum Kit _ 1
308.1142644791666,0.007267437499990592,42,80,ZOMBIE                          Words and music by Dolores ORiordan,40247,1,Drum Kit _ 1
307.9398459791666,0.3415695625000126,33,106,ZOMBIE                          Words and music by Dolores ORiordan,40223,47,Electric Bass (finger) _ 1
308.2886829791666,0.007267437499990592,36,104,ZOMBIE                          Words and music by Dolores ORiordan,40271,1,Drum Kit _ 1
308.2886829791666,0.007267437499990592,46,88,ZOMBIE                          Words and music by Dolores ORiordan,40271,1,Drum Kit _ 1
308.4631014791666,0.007267437499990592,52,98,ZOMBIE                          Words and music by Dolores ORiordan,40295,1,Drum Kit _ 1
308.2886829791666,0.2470928750000212,31,111,ZOMBIE                          Words and music by Dolores ORiordan,40271,34,Electric Bass (finger) _ 1
308.6375199791666,0.007267437499990592,36,114,ZOMBIE                          Words and music by Dolores ORiordan,40319,1,Drum Kit _ 1
308.6375199791666,0.007267437499990592,42,120,ZOMBIE                          Words and music by Dolores ORiordan,40319,1,Drum Kit _ 1
308.8119384791666,0.007267437499990592,42,91,ZOMBIE                          Words and music by Dolores ORiordan,40343,1,Drum Kit _ 1
308.6447874166666,0.26889518749999297,28,117,ZOMBIE                          Words and music by Dolores ORiordan,40320,37,Electric Bass (finger) _ 1
308.9863569791666,0.007267437499990592,36,114,ZOMBIE                          Words and music by Dolores ORiordan,40367,1,Drum Kit _ 1
308.9863569791666,0.007267437499990592,42,65,ZOMBIE                          Words and music by Dolores ORiordan,40367,1,Drum Kit _ 1
309.1607754791666,0.007267437499990592,42,82,ZOMBIE                          Words and music by Dolores ORiordan,40391,1,Drum Kit _ 1
309.0008918541666,0.18168593750004902,28,109,ZOMBIE                          Words and music by Dolores ORiordan,40369,25,Electric Bass (finger) _ 1
309.3351939791666,0.007267437499990592,42,114,ZOMBIE                          Words and music by Dolores ORiordan,40415,1,Drum Kit _ 1
309.5096124791666,0.007267437499990592,42,71,ZOMBIE                          Words and music by Dolores ORiordan,40439,1,Drum Kit _ 1
309.3497288541666,0.1962208125000302,28,112,ZOMBIE                          Words and music by Dolores ORiordan,40417,27,Electric Bass (finger) _ 1
309.6767635416666,0.007267437499990592,54,64,ZOMBIE                          Words and music by Dolores ORiordan,40462,1,Drum Kit _ 1
309.6840309791666,0.007267437499990592,36,103,ZOMBIE                          Words and music by Dolores ORiordan,40463,1,Drum Kit _ 1
309.6840309791666,0.007267437499990592,42,56,ZOMBIE                          Words and music by Dolores ORiordan,40463,1,Drum Kit _ 1
309.8584494791666,0.007267437499990592,42,72,ZOMBIE                          Words and music by Dolores ORiordan,40487,1,Drum Kit _ 1
309.6840309791666,0.2107556875000114,28,98,ZOMBIE                          Words and music by Dolores ORiordan,40463,29,Electric Bass (finger) _ 1
310.0256005416666,0.007267437499990592,54,92,ZOMBIE                          Words and music by Dolores ORiordan,40510,1,Drum Kit _ 1
310.0328679791666,0.007267437499990592,36,114,ZOMBIE                          Words and music by Dolores ORiordan,40511,1,Drum Kit _ 1
310.0328679791666,0.007267437499990592,42,101,ZOMBIE                          Words and music by Dolores ORiordan,40511,1,Drum Kit _ 1
310.2072864791666,0.007267437499990592,42,68,ZOMBIE                          Words and music by Dolores ORiordan,40535,1,Drum Kit _ 1
310.0328679791666,0.23255799999998317,28,110,ZOMBIE                          Words and music by Dolores ORiordan,40511,32,Electric Bass (finger) _ 1
310.3744375416666,0.007267437499990592,54,107,ZOMBIE                          Words and music by Dolores ORiordan,40558,1,Drum Kit _ 1
310.3817049791666,0.007267437499990592,36,113,ZOMBIE                          Words and music by Dolores ORiordan,40559,1,Drum Kit _ 1
310.3817049791666,0.007267437499990592,42,53,ZOMBIE                          Words and music by Dolores ORiordan,40559,1,Drum Kit _ 1
310.5561234791666,0.007267437499990592,42,71,ZOMBIE                          Words and music by Dolores ORiordan,40583,1,Drum Kit _ 1
310.3817049791666,0.3415695625000126,28,106,ZOMBIE                          Words and music by Dolores ORiordan,40559,47,Electric Bass (finger) _ 1
310.7305419791666,0.007267437499990592,42,109,ZOMBIE                          Words and music by Dolores ORiordan,40607,1,Drum Kit _ 1
310.9049604791666,0.007267437499990592,42,62,ZOMBIE                          Words and music by Dolores ORiordan,40631,1,Drum Kit _ 1
310.7305419791666,0.3415695625000126,31,110,ZOMBIE                          Words and music by Dolores ORiordan,40607,47,Electric Bass (finger) _ 1
311.0793789791666,0.007267437499990592,36,104,ZOMBIE                          Words and music by Dolores ORiordan,40655,1,Drum Kit _ 1
311.0793789791666,0.007267437499990592,42,59,ZOMBIE                          Words and music by Dolores ORiordan,40655,1,Drum Kit _ 1
311.2537974791666,0.007267437499990592,42,66,ZOMBIE                          Words and music by Dolores ORiordan,40679,1,Drum Kit _ 1
311.0793789791666,0.33430212499996514,28,101,ZOMBIE                          Words and music by Dolores ORiordan,40655,46,Electric Bass (finger) _ 1
311.42094854166663,0.014534874999981184,36,109,ZOMBIE                          Words and music by Dolores ORiordan,40702,2,Electric Bass (finger) _ 1
311.4282159791666,0.007267437499990592,42,107,ZOMBIE                          Words and music by Dolores ORiordan,40703,1,Drum Kit _ 1
311.6026344791666,0.007267437499990592,42,73,ZOMBIE                          Words and music by Dolores ORiordan,40727,1,Drum Kit _ 1
311.7770529791666,0.007267437499990592,36,110,ZOMBIE                          Words and music by Dolores ORiordan,40751,1,Drum Kit _ 1
311.7770529791666,0.007267437499990592,42,65,ZOMBIE                          Words and music by Dolores ORiordan,40751,1,Drum Kit _ 1
311.9514714791666,0.007267437499990592,42,70,ZOMBIE                          Words and music by Dolores ORiordan,40775,1,Drum Kit _ 1
311.7843204166666,0.24709287499996435,36,103,ZOMBIE                          Words and music by Dolores ORiordan,40752,34,Electric Bass (finger) _ 1
312.12588997916663,0.007267437499990592,42,105,ZOMBIE                          Words and music by Dolores ORiordan,40799,1,Drum Kit _ 1
312.30030847916663,0.007267437499990592,42,71,ZOMBIE                          Words and music by Dolores ORiordan,40823,1,Drum Kit _ 1
312.12588997916663,0.31976724999998396,36,107,ZOMBIE                          Words and music by Dolores ORiordan,40799,44,Electric Bass (finger) _ 1
312.47472697916663,0.007267437499990592,36,107,ZOMBIE                          Words and music by Dolores ORiordan,40847,1,Drum Kit _ 1
312.47472697916663,0.007267437499990592,42,60,ZOMBIE                          Words and music by Dolores ORiordan,40847,1,Drum Kit _ 1
312.4892618541666,0.1235464375000106,36,85,ZOMBIE                          Words and music by Dolores ORiordan,40849,17,Electric Bass (finger) _ 1
312.64914547916663,0.007267437499990592,42,68,ZOMBIE                          Words and music by Dolores ORiordan,40871,1,Drum Kit _ 1
312.6564129166666,0.1744185000000016,36,106,ZOMBIE                          Words and music by Dolores ORiordan,40872,24,Electric Bass (finger) _ 1
312.82356397916664,0.007267437499990592,42,103,ZOMBIE                          Words and music by Dolores ORiordan,40895,1,Drum Kit _ 1
312.9979824791666,0.007267437500047436,42,74,ZOMBIE                          Words and music by Dolores ORiordan,40919,1,Drum Kit _ 1
312.8380988541666,0.2979649375000122,38,101,ZOMBIE                          Words and music by Dolores ORiordan,40897,41,Electric Bass (finger) _ 1
313.1724009791666,0.007267437500047436,40,127,ZOMBIE                          Words and music by Dolores ORiordan,40943,1,Drum Kit _ 1
313.1724009791666,0.007267437500047436,36,111,ZOMBIE                          Words and music by Dolores ORiordan,40943,1,Drum Kit _ 1
313.1724009791666,0.007267437500047436,42,62,ZOMBIE                          Words and music by Dolores ORiordan,40943,1,Drum Kit _ 1
313.3468194791666,0.007267437500047436,42,61,ZOMBIE                          Words and music by Dolores ORiordan,40967,1,Drum Kit _ 1
313.5212379791666,0.007267437500047436,40,102,ZOMBIE                          Words and music by Dolores ORiordan,40991,1,Drum Kit _ 1
313.5212379791666,0.007267437500047436,46,91,ZOMBIE                          Words and music by Dolores ORiordan,40991,1,Drum Kit _ 1
313.70292391666663,0.007267437499990592,40,112,ZOMBIE                          Words and music by Dolores ORiordan,41016,1,Drum Kit _ 1
313.5212379791666,0.3415695625000126,33,106,ZOMBIE                          Words and music by Dolores ORiordan,40991,47,Electric Bass (finger) _ 1
313.8700749791666,0.007267437500047436,40,127,ZOMBIE                          Words and music by Dolores ORiordan,41039,1,Drum Kit _ 1
313.8700749791666,0.007267437500047436,36,101,ZOMBIE                          Words and music by Dolores ORiordan,41039,1,Drum Kit _ 1
313.8700749791666,0.007267437500047436,46,86,ZOMBIE                          Words and music by Dolores ORiordan,41039,1,Drum Kit _ 1
314.0444934791666,0.007267437499990592,40,127,ZOMBIE                          Words and music by Dolores ORiordan,41063,1,Drum Kit _ 1
313.8700749791666,0.2470928750000212,31,111,ZOMBIE                          Words and music by Dolores ORiordan,41039,34,Electric Bass (finger) _ 1
314.2189119791666,0.007267437499990592,36,117,ZOMBIE                          Words and music by Dolores ORiordan,41087,1,Drum Kit _ 1
310.0474028541666,4.273253250000039,69,114,ZOMBIE                          Words and music by Dolores ORiordan,40513,588,Distortion Guitar _ 1
314.2261794166666,0.603197312500015,28,101,ZOMBIE                          Words and music by Dolores ORiordan,41088,83,Electric Bass (finger) _ 1
